option_code,owner_code,symbol,fill_time,fill_timestamp,ticker_type,price,volume,turnover,option_type,strike_price,strike_time,strike_timestamp,dte,underlying_price,otm,bid_price,ask_price,iv,total_volume,total_open_interest,vo_ratio,delta,gamma,vega,theta,rho,sentiment,order_type_list,strategy_type,earnings_time,earnings_pub_type,corporate_action_list,industry_plate_list,concept_plate_list
HK.CAT261127P500000,HK.03750,CAT,2026-09-18 15:48:21,1789717701.0,BUY,30.67,242,742214.0,PUT,500.0,2026-11-27,1795708800.0,68,503.5,0.695,30.04,30.67,39.056,155,2285,0.06783,-0.431185127,0.004604827,0.866526392,-0.220390334,-0.399830563,BEARISH,['NORMAL'],SINGLE_LEG,N/A,N/A,N/A,['HK.LIST1354'],['HK.LIST1334']
HK.KAT260918P780000,HK.02513,KAT,2026-09-18 15:38:44,1789717124.0,BUY,3.1,371,115010.0,PUT,780.0,2026-09-18,1789660800.0,-2,780.5,0.064,2.95,3.1,217.941,1117,4,279.25,-0.425054482,0.035581121,0.019803916,-145.139139182,-0.000138809,BEARISH,['NORMAL'],SINGLE_LEG,N/A,N/A,N/A,N/A,"['HK.LIST23586', 'HK.LIST24037', 'HK.LIST24062', 'HK.LIST24126']"
HK.MNX261127P200000,HK.00100,MNX,2026-09-18 14:23:04,1789712584.0,BUY,10.0,846,169200.0,PUT,200.0,2026-11-27,1795708800.0,68,295.2,32.249,10.0,N/A,98.473,1708,112,15.25,-0.128371114,0.001647624,0.271247597,-0.186242008,-0.082038456,BEARISH,['NORMAL'],SINGLE_LEG,N/A,N/A,N/A,N/A,"['HK.LIST1288', 'HK.LIST23586', 'HK.LIST24037', 'HK.LIST24062', 'HK.LIST24126']"
HK.TCH260929P430000,HK.00700,TCH,2026-09-18 14:21:10,1789712470.0,BUY,11.12,495,550440.0,PUT,430.0,2026-09-29,1790611200.0,9,424.0,-1.415,10.92,11.12,26.777,2928,24294,0.12052,-0.601916944,0.019703093,0.28437502,-0.326923401,-0.069291672,BEARISH,['NORMAL'],SINGLE_LEG,N/A,N/A,N/A,['HK.LIST23363'],"['HK.LIST1161', 'HK.LIST1190', 'HK.LIST1191', 'HK.LIST1208', 'HK.LIST1289', 'HK.LIST1305', 'HK.LIST1328', 'HK.LIST1351', 'HK.LIST22886', 'HK.LIST22928', 'HK.LIST23586', 'HK.LIST23589', 'HK.LIST24037', 'HK.LIST24062']"
HK.ALB260925P110000,HK.09988,ALB,2026-09-18 14:17:32,1789712252.0,BUY,2.57,500,642500.0,PUT,110.0,2026-09-25,1790265600.0,5,110.6,0.542,2.49,2.57,47.564,827,1,827.0,-0.450004576,0.054126804,0.060915389,-0.20748541,-0.009372396,BEARISH,['NORMAL'],SINGLE_LEG,N/A,N/A,N/A,['HK.LIST23361'],"['HK.LIST1161', 'HK.LIST1191', 'HK.LIST1287', 'HK.LIST1289', 'HK.LIST1304', 'HK.LIST1328', 'HK.LIST22886', 'HK.LIST22928', 'HK.LIST23586', 'HK.LIST23589', 'HK.LIST23593', 'HK.LIST23674', 'HK.LIST24037', 'HK.LIST24062']"
HK.CSP261029P8250,HK.01093,CSP,2026-09-18 14:05:19,1789711519.0,BUY,0.27,400,216000.0,PUT,8.25,2026-10-29,1793203200.0,39,9.0,8.333,0.26,0.27,49.508,8,631,0.01267,-0.262938041,0.218573264,0.009850667,-0.005712712,-0.00265286,BEARISH,['NORMAL'],SINGLE_LEG,N/A,N/A,"[{'action_type': 7, 'action_time': '2026-10-20', 'action_timestamp': 1792425600.0}]",['HK.LIST1067'],['HK.LIST23675']
HK.ALB260925P110000,HK.09988,ALB,2026-09-18 13:14:08,1789708448.0,BUY,3.03,500,757500.0,PUT,110.0,2026-09-25,1790265600.0,5,109.7,-0.273,2.92,3.03,47.873,258,1,258.0,-0.493466109,0.054442096,0.06113137,-0.207840733,-0.010241451,BEARISH,['NORMAL'],SINGLE_LEG,N/A,N/A,N/A,['HK.LIST23361'],"['HK.LIST1161', 'HK.LIST1191', 'HK.LIST1287', 'HK.LIST1289', 'HK.LIST1304', 'HK.LIST1328', 'HK.LIST22886', 'HK.LIST22928', 'HK.LIST23586', 'HK.LIST23589', 'HK.LIST23593', 'HK.LIST23674', 'HK.LIST24037', 'HK.LIST24062']"
HK.MNX261127P200000,HK.00100,MNX,2026-09-18 13:00:13,1789707613.0,BUY,10.0,846,169200.0,PUT,200.0,2026-11-27,1795708800.0,68,288.0,30.555,N/A,N/A,95.327,862,112,7.69642,-0.134662876,0.001797066,0.274452232,-0.182016458,-0.083863303,BEARISH,['NORMAL'],SINGLE_LEG,N/A,N/A,N/A,N/A,"['HK.LIST1288', 'HK.LIST23586', 'HK.LIST24037', 'HK.LIST24062', 'HK.LIST24126']"
HK.KAT260925P730000,HK.02513,KAT,2026-09-18 11:48:00,1789703280.0,BUY,16.6,200,332000.0,PUT,730.0,2026-09-25,1790265600.0,5,789.5,7.536,15.11,16.6,90.193,400,94,4.25531,-0.247109862,0.003165775,0.349352511,-2.224444407,-0.039307817,BEARISH,['NORMAL'],SINGLE_LEG,N/A,N/A,N/A,N/A,"['HK.LIST23586', 'HK.LIST24037', 'HK.LIST24062', 'HK.LIST24126']"
HK.KAT260925P785000,HK.02513,KAT,2026-09-18 11:14:11,1789701251.0,BUY,40.97,534,2187798.0,PUT,785.0,2026-09-25,1790265600.0,5,784.5,-0.063,36.24,41.46,89.442,574,N/A,0.0,-0.476772045,0.004047149,0.438448694,-2.784987792,-0.0761941,BEARISH,['NORMAL'],SINGLE_LEG,N/A,N/A,N/A,N/A,"['HK.LIST23586', 'HK.LIST24037', 'HK.LIST24062', 'HK.LIST24126']"
HK.SAN270929P14500,HK.01928,SAN,2026-09-18 11:07:03,1789700823.0,BUY,3.3,200,264000.0,PUT,14.5,2027-09-29,1822147200.0,374,12.22,-18.657,3.01,3.31,39.826,200,4,50.0,-0.576113683,0.089843587,0.047633726,-0.001847618,-0.065455754,BEARISH,['NORMAL'],SINGLE_LEG,N/A,N/A,N/A,['HK.LIST1069'],"['HK.LIST1305', 'HK.LIST22913']"
HK.CNC261230P23000,HK.00883,CNC,2026-09-18 11:06:18,1789700778.0,BUY,1.1,200,220000.0,PUT,23.0,2026-12-30,1798560000.0,101,23.6,2.542,1.08,1.1,29.788,250,1412,0.17705,-0.383013614,0.10385222,0.047723131,-0.00602237,-0.023416976,BEARISH,['NORMAL'],SINGLE_LEG,N/A,N/A,N/A,['HK.LIST1042'],"['HK.LIST1205', 'HK.LIST1241', 'HK.LIST1305', 'HK.LIST1344', 'HK.LIST1348', 'HK.LIST1362', 'HK.LIST22928']"
HK.COS260929P16000,HK.01919,COS,2026-09-18 11:06:03,1789700763.0,BUY,0.21,300,157500.0,PUT,16.0,2026-09-29,1790611200.0,9,16.74,4.42,0.2,0.21,44.815,317,546,0.58058,-0.264558115,0.249163261,0.009595725,-0.019033699,-0.001323739,BEARISH,['NORMAL'],SINGLE_LEG,N/A,N/A,"[{'action_type': 7, 'action_time': '2026-09-23', 'action_timestamp': 1790092800.0}]",['HK.LIST1066'],"['HK.LIST1175', 'HK.LIST1213', 'HK.LIST1348']"
HK.CRL270929P28000,HK.01109,CRL,2026-09-18 11:00:55,1789700455.0,BUY,3.92,100,196000.0,PUT,28.0,2027-09-29,1822147200.0,374,28.36,1.269,3.86,3.92,40.473,200,4,50.0,-0.379460829,0.034072187,0.109117125,-0.004727878,-0.111001014,BEARISH,['NORMAL'],SINGLE_LEG,N/A,N/A,N/A,['HK.LIST1019'],"['HK.LIST1234', 'HK.LIST1305', 'HK.LIST1348']"
HK.SAN270929P15000,HK.01928,SAN,2026-09-18 10:57:25,1789700245.0,BUY,3.66,504,737856.0,PUT,15.0,2027-09-29,1822147200.0,374,12.23,-22.649,3.43,3.67,41.467,700,N/A,0.0,-0.600631539,0.0862147,0.04691633,-0.00188335,-0.068229684,BEARISH,['NORMAL'],SINGLE_LEG,N/A,N/A,N/A,['HK.LIST1069'],"['HK.LIST1305', 'HK.LIST22913']"
HK.SAN270929P15000,HK.01928,SAN,2026-09-18 10:57:08,1789700228.0,BUY,3.69,193,284868.0,PUT,15.0,2027-09-29,1822147200.0,374,12.23,-22.649,3.42,3.7,41.467,193,N/A,0.0,-0.600631539,0.0862147,0.04691633,-0.00188335,-0.068229684,BEARISH,['NORMAL'],SINGLE_LEG,N/A,N/A,N/A,['HK.LIST1069'],"['HK.LIST1305', 'HK.LIST22913']"
HK.SAN261230P15000,HK.01928,SAN,2026-09-18 10:55:31,1789700131.0,BUY,2.88,700,806400.0,PUT,15.0,2026-12-30,1798560000.0,101,12.23,-22.649,2.55,3.09,32.702,97,1204,0.08056,-0.884470514,0.138674331,0.011876396,-0.001291846,-0.015683152,BEARISH,['NORMAL'],SINGLE_LEG,N/A,N/A,N/A,['HK.LIST1069'],"['HK.LIST1305', 'HK.LIST22913']"
HK.CRL270929P28000,HK.01109,CRL,2026-09-18 10:52:22,1789699942.0,BUY,3.96,100,198000.0,PUT,28.0,2027-09-29,1822147200.0,374,28.3,1.06,3.88,3.97,40.444,100,4,25.0,-0.382910408,0.03433915,0.109016752,-0.004713124,-0.111495282,BEARISH,['NORMAL'],SINGLE_LEG,N/A,N/A,N/A,['HK.LIST1019'],"['HK.LIST1234', 'HK.LIST1305', 'HK.LIST1348']"
HK.SAN270929P15500,HK.01928,SAN,2026-09-18 10:35:51,1789698951.0,BUY,4.12,700,1153600.0,PUT,15.5,2027-09-29,1822147200.0,374,12.22,-26.841,3.79,4.13,42.581,518,N/A,0.0,-0.62827217,0.084035254,0.045724115,-0.001863641,-0.070331457,BEARISH,['NORMAL'],SINGLE_LEG,N/A,N/A,N/A,['HK.LIST1069'],"['HK.LIST1305', 'HK.LIST22913']"
HK.MNX261029P220000,HK.00100,MNX,2026-09-18 10:34:15,1789698855.0,BUY,10.19,525,106995.0,PUT,220.0,2026-10-29,1793203200.0,39,275.6,20.174,N/A,N/A,99.948,525,1054,0.4981,-0.198011947,0.003010282,0.257557561,-0.306891344,-0.068573479,BEARISH,['NORMAL'],SINGLE_LEG,N/A,N/A,N/A,N/A,"['HK.LIST1288', 'HK.LIST23586', 'HK.LIST24037', 'HK.LIST24062', 'HK.LIST24126']"
HK.SAN261230P15500,HK.01928,SAN,2026-09-18 10:34:06,1789698846.0,BUY,3.38,700,946400.0,PUT,15.5,2026-12-30,1798560000.0,101,12.21,-26.945,3.02,3.49,0.0,700,1251,0.55955,0.0,0.0,0.0,0.0,0.0,BEARISH,['NORMAL'],SINGLE_LEG,N/A,N/A,N/A,['HK.LIST1069'],"['HK.LIST1305', 'HK.LIST22913']"
HK.SAN270929P17000,HK.01928,SAN,2026-09-18 10:31:22,1789698682.0,BUY,5.41,120,259680.0,PUT,17.0,2027-09-29,1822147200.0,374,12.21,-39.23,5.07,5.42,45.945,120,N/A,0.0,-0.691359844,0.077081583,0.042194641,-0.001807435,-0.074713424,BEARISH,['NORMAL'],SINGLE_LEG,N/A,N/A,N/A,['HK.LIST1069'],"['HK.LIST1305', 'HK.LIST22913']"
HK.KAT260925P730000,HK.02513,KAT,2026-09-18 10:18:09,1789697889.0,BUY,21.0,200,420000.0,PUT,730.0,2026-09-25,1790265600.0,5,769.5,5.133,17.97,21.0,86.014,400,94,4.25531,-0.306058985,0.003762724,0.380353039,-2.301819599,-0.04787896,BEARISH,['NORMAL'],SINGLE_LEG,N/A,N/A,N/A,N/A,"['HK.LIST23586', 'HK.LIST24037', 'HK.LIST24062', 'HK.LIST24126']"
HK.SAN270929P12000,HK.01928,SAN,2026-09-18 10:14:53,1789697693.0,BUY,1.67,190,126920.0,PUT,12.0,2027-09-29,1822147200.0,374,12.18,1.477,1.61,1.67,39.92,190,642,0.29595,-0.37757952,0.080279938,0.046806106,-0.001997365,-0.047237353,BEARISH,['NORMAL'],SINGLE_LEG,N/A,N/A,N/A,['HK.LIST1069'],"['HK.LIST1305', 'HK.LIST22913']"
HK.SAN270929P16500,HK.01928,SAN,2026-09-18 10:13:52,1789697632.0,BUY,4.98,130,258960.0,PUT,16.5,2027-09-29,1822147200.0,374,12.21,-35.135,4.64,4.98,43.355,440,N/A,0.0,-0.682029551,0.08196433,0.042885551,-0.001725471,-0.072432623,BEARISH,['NORMAL'],SINGLE_LEG,N/A,N/A,N/A,['HK.LIST1069'],"['HK.LIST1305', 'HK.LIST22913']"
HK.MET260929P75000,HK.03690,MET,2026-09-18 10:09:25,1789697365.0,BUY,2.57,391,502435.0,PUT,75.0,2026-09-29,1790611200.0,9,73.6,-1.902,2.52,2.57,36.321,837,18387,0.04552,-0.594002834,0.083105389,0.050075519,-0.078263417,-0.012516271,BEARISH,['NORMAL'],SINGLE_LEG,N/A,N/A,N/A,['HK.LIST23361'],"['HK.LIST1305', 'HK.LIST1998', 'HK.LIST22886', 'HK.LIST22928', 'HK.LIST23586', 'HK.LIST24037', 'HK.LIST24062']"
HK.SAN270929P16000,HK.01928,SAN,2026-09-18 10:03:33,1789697013.0,BUY,4.48,348,623616.0,PUT,16.0,2027-09-29,1822147200.0,374,12.27,-30.399,4.22,4.49,45.612,171,N/A,0.0,-0.631197797,0.077566185,0.045931261,-0.002027,-0.073558272,BEARISH,['NORMAL'],SINGLE_LEG,N/A,N/A,N/A,['HK.LIST1069'],"['HK.LIST1305', 'HK.LIST22913']"
HK.SAN270929P16500,HK.01928,SAN,2026-09-18 09:59:07,1789696747.0,BUY,4.88,310,605120.0,PUT,16.5,2027-09-29,1822147200.0,374,12.26,-34.584,4.64,4.89,43.323,310,N/A,0.0,-0.680673473,0.081906659,0.043044061,-0.001731846,-0.072517303,BEARISH,['NORMAL'],SINGLE_LEG,N/A,N/A,N/A,['HK.LIST1069'],"['HK.LIST1305', 'HK.LIST22913']"
HK.TCH261230P510000,HK.00700,TCH,2026-09-18 09:58:32,1789696712.0,BUY,87.42,300,2622600.0,PUT,510.0,2026-12-30,1798560000.0,101,427.2,-19.382,86.01,87.43,34.203,303,7618,0.03977,-0.818770972,0.004190398,0.579801394,-0.071023886,-0.666561529,BEARISH,['NORMAL'],SINGLE_LEG,N/A,N/A,N/A,['HK.LIST23363'],"['HK.LIST1161', 'HK.LIST1190', 'HK.LIST1191', 'HK.LIST1208', 'HK.LIST1289', 'HK.LIST1305', 'HK.LIST1328', 'HK.LIST1351', 'HK.LIST22886', 'HK.LIST22928', 'HK.LIST23586', 'HK.LIST23589', 'HK.LIST24037', 'HK.LIST24062']"
HK.TCH261230P500000,HK.00700,TCH,2026-09-18 09:57:02,1789696622.0,BUY,78.63,470,3695610.0,PUT,500.0,2026-12-30,1798560000.0,101,428.0,-16.822,76.74,78.63,33.903,676,21000,0.03219,-0.783444367,0.004460889,0.651245517,-0.081153125,-0.687728688,BEARISH,['NORMAL'],SINGLE_LEG,N/A,N/A,N/A,['HK.LIST23363'],"['HK.LIST1161', 'HK.LIST1190', 'HK.LIST1191', 'HK.LIST1208', 'HK.LIST1289', 'HK.LIST1305', 'HK.LIST1328', 'HK.LIST1351', 'HK.LIST22886', 'HK.LIST22928', 'HK.LIST23586', 'HK.LIST23589', 'HK.LIST24037', 'HK.LIST24062']"
HK.TCH261230P500000,HK.00700,TCH,2026-09-18 09:56:27,1789696587.0,BUY,88.06,330,2905980.0,PUT,500.0,2026-12-30,1798560000.0,101,427.8,-16.877,66.87,88.06,33.084,331,21000,0.01576,-0.793475362,0.004528998,0.630997031,-0.075800141,-0.674870292,BEARISH,['NORMAL'],SINGLE_LEG,N/A,N/A,N/A,['HK.LIST23363'],"['HK.LIST1161', 'HK.LIST1190', 'HK.LIST1191', 'HK.LIST1208', 'HK.LIST1289', 'HK.LIST1305', 'HK.LIST1328', 'HK.LIST1351', 'HK.LIST22886', 'HK.LIST22928', 'HK.LIST23586', 'HK.LIST23589', 'HK.LIST24037', 'HK.LIST24062']"
HK.ZJM260918P35000,HK.02899,ZJM,2026-09-18 09:53:01,1789696381.0,BUY,0.89,235,418300.0,PUT,35.0,2026-09-18,1789660800.0,-2,34.18,-2.399,0.83,0.89,78.813,25,441,0.05668,-0.870159719,0.297292223,0.001908462,-0.289531302,-0.000195935,BEARISH,['NORMAL'],SINGLE_LEG,N/A,N/A,N/A,['HK.LIST1084'],"['HK.LIST1222', 'HK.LIST1305', 'HK.LIST1312', 'HK.LIST1314', 'HK.LIST1348', 'HK.LIST1362', 'HK.LIST24039']"
HK.PAI270629P52500,HK.02318,PAI,2026-09-18 09:48:40,1789696120.0,BUY,4.67,255,595425.0,PUT,52.5,2027-06-29,1814198400.0,282,53.15,1.222,4.54,4.67,30.198,155,5691,0.02723,-0.396845191,0.028514906,0.179424281,-0.00751282,-0.14835286,BEARISH,['NORMAL'],SINGLE_LEG,N/A,N/A,N/A,['HK.LIST1003'],"['HK.LIST1110', 'HK.LIST1178', 'HK.LIST1305']"
HK.XIC261230P7250,HK.01398,XIC,2026-09-17 15:27:44,1789630064.0,BUY,0.3,1000,300000.0,PUT,7.25,2026-12-30,1798560000.0,101,7.485,3.139,0.288,0.3,27.858,3030,941,3.21997,-0.363418057,0.342879674,0.014941296,-0.001742548,-0.007040694,BEARISH,['NORMAL'],SINGLE_LEG,N/A,N/A,"[{'action_type': 7, 'action_time': '2026-10-09', 'action_timestamp': 1791475200.0}]",['HK.LIST1079'],"['HK.LIST1239', 'HK.LIST1305', 'HK.LIST1344', 'HK.LIST1348']"
HK.XIC270629P7500,HK.01398,XIC,2026-09-17 15:14:58,1789629298.0,BUY,0.601,500,300500.0,PUT,7.5,2027-06-29,1814198400.0,282,7.49,-0.133,0.584,0.601,25.994,400,235,1.70212,-0.422473289,0.242514596,0.025581853,-0.000880119,-0.021103084,BEARISH,['NORMAL'],SINGLE_LEG,N/A,N/A,"[{'action_type': 7, 'action_time': '2026-10-09', 'action_timestamp': 1791475200.0}]",['HK.LIST1079'],"['HK.LIST1239', 'HK.LIST1305', 'HK.LIST1344', 'HK.LIST1348']"
HK.XIC261230P7250,HK.01398,XIC,2026-09-17 15:04:30,1789628670.0,BUY,0.295,1000,295000.0,PUT,7.25,2026-12-30,1798560000.0,101,7.485,3.139,0.284,0.295,27.374,2030,941,2.15727,-0.360347046,0.347703583,0.014908171,-0.001705804,-0.006968913,BEARISH,['NORMAL'],SINGLE_LEG,N/A,N/A,"[{'action_type': 7, 'action_time': '2026-10-09', 'action_timestamp': 1791475200.0}]",['HK.LIST1079'],"['HK.LIST1239', 'HK.LIST1305', 'HK.LIST1344', 'HK.LIST1348']"
HK.CNC261127P23000,HK.00883,CNC,2026-09-17 14:55:43,1789628143.0,BUY,0.84,250,210000.0,PUT,23.0,2026-11-27,1795708800.0,68,23.74,3.117,0.83,0.84,30.109,1053,2531,0.41604,-0.359767086,0.119766574,0.039112795,-0.007474982,-0.015390908,BEARISH,['NORMAL'],SINGLE_LEG,N/A,N/A,N/A,['HK.LIST1042'],"['HK.LIST1205', 'HK.LIST1241', 'HK.LIST1305', 'HK.LIST1344', 'HK.LIST1348', 'HK.LIST1362', 'HK.LIST22928']"
HK.XIC261230P7250,HK.01398,XIC,2026-09-17 14:52:46,1789627966.0,BUY,0.29,1000,290000.0,PUT,7.25,2026-12-30,1798560000.0,101,7.49,3.204,0.281,0.29,27.312,1000,941,1.06269,-0.356692701,0.346691358,0.014876412,-0.001699204,-0.006909947,BEARISH,['NORMAL'],SINGLE_LEG,N/A,N/A,"[{'action_type': 7, 'action_time': '2026-10-09', 'action_timestamp': 1791475200.0}]",['HK.LIST1079'],"['HK.LIST1239', 'HK.LIST1305', 'HK.LIST1344', 'HK.LIST1348']"
HK.LNK261127P36000,HK.00823,LNK,2026-09-17 14:51:23,1789627883.0,BUY,1.22,100,122000.0,PUT,36.0,2026-11-27,1795708800.0,68,36.7,1.907,1.2,1.23,25.93,156,446,0.34977,-0.389896198,0.092762899,0.061904849,-0.009967691,-0.025030349,BEARISH,['NORMAL'],SINGLE_LEG,N/A,N/A,N/A,N/A,N/A
HK.MET260918P76000,HK.03690,MET,2026-09-17 14:47:55,1789627675.0,BUY,3.15,200,315000.0,PUT,76.0,2026-09-18,1789660800.0,-2,72.85,-4.323,2.85,3.15,0.0,200,236,0.84745,0.0,0.0,0.0,0.0,0.0,BEARISH,['NORMAL'],SINGLE_LEG,N/A,N/A,N/A,['HK.LIST23361'],"['HK.LIST1305', 'HK.LIST1998', 'HK.LIST22886', 'HK.LIST22928', 'HK.LIST23586', 'HK.LIST24037', 'HK.LIST24062']"
HK.BLI261127P145000,HK.09626,BLI,2026-09-17 14:23:27,1789626207.0,BUY,32.86,243,479098.8,PUT,145.0,2026-11-27,1795708800.0,68,113.5,-27.753,29.97,32.86,37.604,400,61,6.55737,-0.946095559,0.011539692,0.049822651,-0.008919079,-0.076783073,BEARISH,['NORMAL'],SINGLE_LEG,N/A,N/A,N/A,['HK.LIST23360'],"['HK.LIST1208', 'HK.LIST1304', 'HK.LIST1306', 'HK.LIST1328', 'HK.LIST22886', 'HK.LIST23586', 'HK.LIST24037']"
HK.SNO261127P67500,HK.02382,SNO,2026-09-17 13:43:55,1789623835.0,BUY,5.45,100,545000.0,PUT,67.5,2026-11-27,1795708800.0,68,67.1,-0.596,5.38,5.45,46.224,100,80,1.25,-0.457718485,0.029270589,0.117362342,-0.035052336,-0.059169423,BEARISH,['NORMAL'],SINGLE_LEG,N/A,N/A,N/A,['HK.LIST1055'],"['HK.LIST1166', 'HK.LIST1328', 'HK.LIST1351', 'HK.LIST23589', 'HK.LIST23593', 'HK.LIST24024']"
HK.ZJI260925P1025000,HK.03308,ZJI,2026-09-17 11:53:19,1789617199.0,BUY,15.15,200,151500.0,PUT,1025.0,2026-09-25,1790265600.0,5,1127.0,9.05,14.13,15.15,80.471,201,N/A,0.0,-0.198327895,0.002054743,0.469291998,-2.314498708,-0.050709237,BEARISH,['NORMAL'],SINGLE_LEG,N/A,N/A,N/A,['HK.LIST23851'],"['HK.LIST1290', 'HK.LIST24024']"
HK.LAO261230P320000,HK.06181,LAO,2026-09-17 11:24:11,1789615451.0,BUY,39.47,120,473640.0,PUT,320.0,2026-12-30,1798560000.0,101,362.4,11.699,38.78,39.88,82.982,45,152,0.29605,-0.300684495,0.002176616,0.673431235,-0.255232343,-0.364104352,BEARISH,['NORMAL'],SINGLE_LEG,N/A,N/A,"[{'action_type': 7, 'action_time': '2026-11-27', 'action_timestamp': 1795708800.0}]",['HK.LIST1049'],['HK.LIST23676']
HK.KAT260918P760000,HK.02513,KAT,2026-09-17 10:52:38,1789613558.0,BUY,11.3,200,226000.0,PUT,760.0,2026-09-18,1789660800.0,-2,778.5,2.376,10.28,11.3,110.004,452,11,41.0909,-0.35107774,0.007523395,0.166151517,-9.754750943,-0.009175609,BEARISH,['NORMAL'],SINGLE_LEG,N/A,N/A,N/A,N/A,"['HK.LIST23586', 'HK.LIST24037', 'HK.LIST24062', 'HK.LIST24126']"
HK.CNC261127P23000,HK.00883,CNC,2026-09-17 10:33:03,1789612383.0,BUY,0.83,250,207500.0,PUT,23.0,2026-11-27,1795708800.0,68,23.78,3.28,0.81,0.83,30.29,792,2531,0.31291,-0.350882027,0.117391216,0.03895243,-0.007485157,-0.01513177,BEARISH,['NORMAL'],SINGLE_LEG,N/A,N/A,N/A,['HK.LIST1042'],"['HK.LIST1205', 'HK.LIST1241', 'HK.LIST1305', 'HK.LIST1344', 'HK.LIST1348', 'HK.LIST1362', 'HK.LIST22928']"
HK.HRB261230P4200,HK.09660,HRB,2026-09-17 10:31:40,1789612300.0,BUY,0.5,100,150000.0,PUT,4.2,2026-12-30,1798560000.0,101,4.03,-4.218,0.48,0.5,48.76,100,328,0.30487,-0.497055635,0.386454021,0.008578613,-0.001797015,-0.005749951,BEARISH,['NORMAL'],SINGLE_LEG,N/A,N/A,N/A,['HK.LIST23363'],"['HK.LIST22912', 'HK.LIST23586', 'HK.LIST23589', 'HK.LIST23593', 'HK.LIST24037', 'HK.LIST24339']"
HK.LAU261127P48000,HK.02015,LAU,2026-09-17 10:30:00,1789612200.0,BUY,5.16,200,206400.0,PUT,48.0,2026-11-27,1795708800.0,68,45.6,-5.263,5.07,5.16,48.882,492,660,0.74545,-0.539832823,0.040921538,0.079840718,-0.024894697,-0.047530366,BEARISH,['NORMAL'],SINGLE_LEG,N/A,N/A,N/A,N/A,"['HK.LIST1217', 'HK.LIST1304', 'HK.LIST1305', 'HK.LIST22910', 'HK.LIST23593', 'HK.LIST23676']"
HK.CNC261127P23000,HK.00883,CNC,2026-09-17 10:14:22,1789611262.0,BUY,0.83,250,207500.0,PUT,23.0,2026-11-27,1795708800.0,68,23.78,3.28,0.81,0.83,29.999,527,2531,0.20821,-0.357133298,0.119622749,0.039099465,-0.007424764,-0.015329354,BEARISH,['NORMAL'],SINGLE_LEG,N/A,N/A,N/A,['HK.LIST1042'],"['HK.LIST1205', 'HK.LIST1241', 'HK.LIST1305', 'HK.LIST1344', 'HK.LIST1348', 'HK.LIST1362', 'HK.LIST22928']"
HK.TCH261230P420000,HK.00700,TCH,2026-09-17 10:12:59,1789611179.0,BUY,22.4,400,896000.0,PUT,420.0,2026-12-30,1798560000.0,101,426.0,1.408,22.31,22.4,30.376,419,14442,0.02901,-0.408642413,0.005717639,0.882092606,-0.111859634,-0.455440604,BEARISH,['NORMAL'],SINGLE_LEG,N/A,N/A,N/A,['HK.LIST23363'],"['HK.LIST1161', 'HK.LIST1190', 'HK.LIST1191', 'HK.LIST1208', 'HK.LIST1289', 'HK.LIST1305', 'HK.LIST1328', 'HK.LIST1351', 'HK.LIST22886', 'HK.LIST22928', 'HK.LIST23586', 'HK.LIST23589', 'HK.LIST24037', 'HK.LIST24062']"
HK.CNC261127P23000,HK.00883,CNC,2026-09-17 10:09:02,1789610942.0,BUY,0.83,250,207500.0,PUT,23.0,2026-11-27,1795708800.0,68,23.78,3.28,0.81,0.83,29.999,262,2531,0.10351,-0.357132501,0.11962253,0.03910057,-0.007424293,-0.015330144,BEARISH,['NORMAL'],SINGLE_LEG,N/A,N/A,N/A,['HK.LIST1042'],"['HK.LIST1205', 'HK.LIST1241', 'HK.LIST1305', 'HK.LIST1344', 'HK.LIST1348', 'HK.LIST1362', 'HK.LIST22928']"
HK.ZAO260929P11500,HK.06060,ZAO,2026-09-17 10:05:40,1789610740.0,BUY,1.63,100,163000.0,PUT,11.5,2026-09-29,1790611200.0,9,9.92,-15.927,1.28,1.9,51.64,100,1171,0.08539,-0.940940668,0.145479762,0.002100812,-0.003606574,-0.002076986,BEARISH,['NORMAL'],SINGLE_LEG,N/A,N/A,N/A,['HK.LIST1003'],"['HK.LIST1190', 'HK.LIST1251', 'HK.LIST23674']"
HK.BOC261230P50000,HK.02388,BOC,2026-09-17 10:03:08,1789610588.0,BUY,2.01,500,502500.0,PUT,50.0,2026-12-30,1798560000.0,101,50.7,1.38,1.95,2.01,23.646,500,177,2.82485,-0.404707452,0.062065884,0.104393164,-0.009963324,-0.051122508,BEARISH,['NORMAL'],SINGLE_LEG,N/A,N/A,N/A,N/A,"['HK.LIST1178', 'HK.LIST1239', 'HK.LIST1252', 'HK.LIST1305', 'HK.LIST1344', 'HK.LIST1348', 'HK.LIST23674']"
HK.BIU261127P85000,HK.09888,BIU,2026-09-17 09:48:59,1789609739.0,BUY,5.72,600,514800.0,PUT,85.0,2026-11-27,1795708800.0,68,86.15,1.334,5.62,5.72,43.627,601,1209,0.4971,-0.418972238,0.023718813,0.148642391,-0.041891909,-0.069184393,BEARISH,['NORMAL'],SINGLE_LEG,N/A,N/A,N/A,['HK.LIST23360'],"['HK.LIST1304', 'HK.LIST22886', 'HK.LIST23586', 'HK.LIST23589', 'HK.LIST24037', 'HK.LIST24062']"
HK.POP260929P150000,HK.09992,POP,2026-09-17 09:45:43,1789609543.0,BUY,2.35,4689,2203830.0,PUT,150.0,2026-09-29,1790611200.0,9,150.7,0.464,2.28,2.35,25.845,5059,19693,0.25689,-0.453059562,0.055840569,0.10915628,-0.110823873,-0.021043968,BEARISH,['NORMAL'],SINGLE_LEG,N/A,N/A,N/A,['HK.LIST1047'],"['HK.LIST1328', 'HK.LIST23676']"
HK.CNC261127P24000,HK.00883,CNC,2026-09-17 09:45:29,1789609529.0,BUY,1.3,200,260000.0,PUT,24.0,2026-11-27,1795708800.0,68,23.88,-0.502,1.27,1.3,31.396,200,1598,0.12515,-0.469894535,0.122257262,0.041826627,-0.008156529,-0.019993504,BEARISH,['NORMAL'],SINGLE_LEG,N/A,N/A,N/A,['HK.LIST1042'],"['HK.LIST1205', 'HK.LIST1241', 'HK.LIST1305', 'HK.LIST1344', 'HK.LIST1348', 'HK.LIST1362', 'HK.LIST22928']"
HK.ALB270330P102500,HK.09988,ALB,2026-09-17 09:42:57,1789609377.0,BUY,10.72,500,2680000.0,PUT,102.5,2027-03-30,1806336000.0,191,104.3,1.725,10.58,10.72,41.721,500,3534,0.14148,-0.396169487,0.012413455,0.292437624,-0.027084135,-0.21805983,BEARISH,['NORMAL'],SINGLE_LEG,N/A,N/A,N/A,['HK.LIST23361'],"['HK.LIST1161', 'HK.LIST1191', 'HK.LIST1287', 'HK.LIST1289', 'HK.LIST1304', 'HK.LIST1328', 'HK.LIST22886', 'HK.LIST22928', 'HK.LIST23586', 'HK.LIST23589', 'HK.LIST23593', 'HK.LIST23674', 'HK.LIST24037', 'HK.LIST24062']"
HK.ALB261029P97500,HK.09988,ALB,2026-09-17 09:42:48,1789609368.0,BUY,2.65,396,524700.0,PUT,97.5,2026-10-29,1793203200.0,39,104.3,6.519,2.56,2.64,40.118,872,6941,0.12563,-0.274595315,0.023462843,0.118354838,-0.053485056,-0.032155644,BEARISH,['NORMAL'],SINGLE_LEG,N/A,N/A,N/A,['HK.LIST23361'],"['HK.LIST1161', 'HK.LIST1191', 'HK.LIST1287', 'HK.LIST1289', 'HK.LIST1304', 'HK.LIST1328', 'HK.LIST22886', 'HK.LIST22928', 'HK.LIST23586', 'HK.LIST23589', 'HK.LIST23593', 'HK.LIST23674', 'HK.LIST24037', 'HK.LIST24062']"
HK.ALB261029P100000,HK.09988,ALB,2026-09-17 09:42:48,1789609368.0,BUY,3.51,600,1053000.0,PUT,100.0,2026-10-29,1793203200.0,39,104.3,4.122,3.38,3.5,39.718,817,16504,0.0495,-0.33883142,0.026043172,0.129868052,-0.057725605,-0.039564862,BEARISH,['NORMAL'],SINGLE_LEG,N/A,N/A,N/A,['HK.LIST23361'],"['HK.LIST1161', 'HK.LIST1191', 'HK.LIST1287', 'HK.LIST1289', 'HK.LIST1304', 'HK.LIST1328', 'HK.LIST22886', 'HK.LIST22928', 'HK.LIST23586', 'HK.LIST23589', 'HK.LIST23593', 'HK.LIST23674', 'HK.LIST24037', 'HK.LIST24062']"
HK.PEC261230P9500,HK.00857,PEC,2026-09-17 09:42:48,1789609368.0,BUY,0.5,200,200000.0,PUT,9.5,2026-12-30,1798560000.0,101,9.615,1.196,0.47,0.5,28.946,200,2922,0.06844,-0.413765018,0.267159017,0.019954586,-0.002393075,-0.010295259,BEARISH,['NORMAL'],SINGLE_LEG,N/A,N/A,N/A,['HK.LIST1042'],"['HK.LIST1175', 'HK.LIST1205', 'HK.LIST1241', 'HK.LIST1305', 'HK.LIST1344', 'HK.LIST1348', 'HK.LIST1362', 'HK.LIST22928']"
HK.POP261127P140000,HK.09992,POP,2026-09-17 09:42:37,1789609357.0,BUY,5.0,354,354000.0,PUT,140.0,2026-11-27,1795708800.0,68,150.6,7.038,4.82,5.0,38.076,435,2086,0.20853,-0.283172062,0.013391734,0.225537726,-0.056042641,-0.080574846,BEARISH,['NORMAL'],SINGLE_LEG,N/A,N/A,N/A,['HK.LIST1047'],"['HK.LIST1328', 'HK.LIST23676']"
HK.TRF261127P25000,HK.02800,TRF,2026-09-17 09:38:05,1789609085.0,BUY,0.96,250,120000.0,PUT,25.0,2026-11-27,1795708800.0,68,25.1,0.398,0.92,0.97,24.169,250,306,0.81699,-0.444971059,0.150819914,0.043579658,-0.00637556,-0.019087311,BEARISH,['NORMAL'],SINGLE_LEG,N/A,N/A,N/A,N/A,N/A
HK.MET260929P75000,HK.03690,MET,2026-09-17 09:36:43,1789609003.0,BUY,3.3,329,542850.0,PUT,75.0,2026-09-29,1790611200.0,9,72.95,-2.81,3.13,3.37,39.802,332,18539,0.0179,-0.621913831,0.071813406,0.050850398,-0.079490051,-0.014234181,BEARISH,['NORMAL'],SINGLE_LEG,N/A,N/A,N/A,['HK.LIST23361'],"['HK.LIST1305', 'HK.LIST1998', 'HK.LIST22886', 'HK.LIST22928', 'HK.LIST23586', 'HK.LIST24037', 'HK.LIST24062']"
HK.GST261029P8750,HK.02208,GST,2026-09-17 09:34:21,1789608861.0,BUY,0.67,1000,268000.0,PUT,8.75,2026-10-29,1793203200.0,39,8.735,-0.171,0.62,0.67,54.721,1000,90,11.11111,-0.454830156,0.244589321,0.011792573,-0.007251312,-0.004658339,BEARISH,['NORMAL'],SINGLE_LEG,N/A,N/A,N/A,N/A,"['HK.LIST1224', 'HK.LIST1237', 'HK.LIST1314', 'HK.LIST1329', 'HK.LIST24031']"
HK.TRF260929P25000,HK.02800,TRF,2026-09-17 09:33:25,1789608805.0,BUY,0.22,1000,110000.0,PUT,25.0,2026-09-29,1790611200.0,9,25.14,0.556,0.19,0.23,16.387,1010,3013,0.33521,-0.395447899,0.513034038,0.017732051,-0.011143756,-0.002976111,BEARISH,['NORMAL'],SINGLE_LEG,N/A,N/A,N/A,N/A,N/A
HK.ALB270330P105000,HK.09988,ALB,2026-09-16 15:53:55,1789545235.0,BUY,11.28,500,2820000.0,PUT,105.0,2027-03-30,1806336000.0,191,106.4,1.315,11.2,11.28,42.194,850,7410,0.1147,-0.402448888,0.012078513,0.29983293,-0.027955217,-0.227166199,BEARISH,['NORMAL'],SINGLE_LEG,N/A,N/A,N/A,['HK.LIST23361'],"['HK.LIST1161', 'HK.LIST1191', 'HK.LIST1287', 'HK.LIST1289', 'HK.LIST1304', 'HK.LIST1328', 'HK.LIST22886', 'HK.LIST22928', 'HK.LIST23586', 'HK.LIST23589', 'HK.LIST23593', 'HK.LIST23674', 'HK.LIST24037', 'HK.LIST24062']"
HK.TCH260929P520000,HK.00700,TCH,2026-09-16 15:48:51,1789544931.0,BUY,86.2,300,2586000.0,PUT,520.0,2026-09-29,1790611200.0,9,433.8,-19.87,82.22,86.2,0.0,322,3223,0.0999,0.0,0.0,0.0,0.0,0.0,BEARISH,['NORMAL'],SINGLE_LEG,N/A,N/A,N/A,['HK.LIST23363'],"['HK.LIST1161', 'HK.LIST1190', 'HK.LIST1191', 'HK.LIST1208', 'HK.LIST1289', 'HK.LIST1305', 'HK.LIST1328', 'HK.LIST1351', 'HK.LIST22886', 'HK.LIST22928', 'HK.LIST23586', 'HK.LIST23589', 'HK.LIST24037', 'HK.LIST24062']"
HK.JXC261230P27000,HK.00358,JXC,2026-09-16 15:31:52,1789543912.0,BUY,0.84,145,121800.0,PUT,27.0,2026-12-30,1798560000.0,101,33.64,19.738,0.79,0.88,49.182,145,34,4.2647,-0.158289281,0.027304292,0.04354615,-0.009638049,-0.015382255,BEARISH,['NORMAL'],SINGLE_LEG,N/A,N/A,N/A,N/A,"['HK.LIST1312', 'HK.LIST1314', 'HK.LIST1348', 'HK.LIST24039']"
HK.LAO261127P390000,HK.06181,LAO,2026-09-16 15:00:49,1789542049.0,BUY,68.29,163,1113127.0,PUT,390.0,2026-11-27,1795708800.0,68,373.0,-4.557,66.45,68.33,90.512,202,107,1.88785,-0.456508423,0.00265627,0.657939237,-0.393207071,-0.400239866,BEARISH,['NORMAL'],SINGLE_LEG,N/A,N/A,"[{'action_type': 7, 'action_time': '2026-11-27', 'action_timestamp': 1795708800.0}]",['HK.LIST1049'],['HK.LIST23676']
HK.KAT260925P580000,HK.02513,KAT,2026-09-16 14:19:26,1789539566.0,BUY,6.3,200,126000.0,PUT,580.0,2026-09-25,1790265600.0,5,720.0,19.444,4.15,6.85,108.836,400,N/A,0.0,-0.089568269,0.001311767,0.183390328,-1.074358898,-0.016423519,BEARISH,['NORMAL'],SINGLE_LEG,N/A,N/A,N/A,N/A,"['HK.LIST23586', 'HK.LIST24037', 'HK.LIST24062', 'HK.LIST24126']"
HK.KAT260925P650000,HK.02513,KAT,2026-09-16 13:52:22,1789537942.0,BUY,12.34,200,246800.0,PUT,650.0,2026-09-25,1790265600.0,5,745.5,12.81,10.71,12.34,100.561,600,19,31.57894,-0.16915035,0.002129599,0.297118195,-1.640507471,-0.032531001,BEARISH,['NORMAL'],SINGLE_LEG,N/A,N/A,N/A,N/A,"['HK.LIST23586', 'HK.LIST24037', 'HK.LIST24062', 'HK.LIST24126']"
HK.KAT260925P650000,HK.02513,KAT,2026-09-16 13:49:05,1789537745.0,BUY,12.34,200,246800.0,PUT,650.0,2026-09-25,1790265600.0,5,746.5,12.926,11.42,12.34,101.166,200,19,10.52631,-0.172516289,0.002146363,0.300519915,-1.670032919,-0.033177416,BEARISH,['NORMAL'],SINGLE_LEG,N/A,N/A,N/A,N/A,"['HK.LIST23586', 'HK.LIST24037', 'HK.LIST24062', 'HK.LIST24126']"
HK.BYD261230P77500,HK.01211,BYD,2026-09-16 13:11:35,1789535495.0,BUY,4.96,515,1277200.0,PUT,77.5,2026-12-30,1798560000.0,101,79.1,2.022,4.92,4.96,36.394,43,1220,0.03524,-0.39949693,0.02534282,0.163690412,-0.025202977,-0.08662397,BEARISH,['NORMAL'],SINGLE_LEG,N/A,N/A,N/A,N/A,"['HK.LIST1180', 'HK.LIST1217', 'HK.LIST1305', 'HK.LIST1314', 'HK.LIST1334', 'HK.LIST22910', 'HK.LIST23589']"
HK.LEN260929P33000,HK.00992,LEN,2026-09-16 11:39:17,1789529957.0,BUY,1.46,235,686200.0,PUT,33.0,2026-09-29,1790611200.0,9,33.28,0.841,1.4,1.46,62.871,240,115,2.08695,-0.445897782,0.099619908,0.024976947,-0.059151636,-0.005386775,BEARISH,['NORMAL'],SINGLE_LEG,N/A,N/A,N/A,N/A,"['HK.LIST1166', 'HK.LIST1348', 'HK.LIST23586', 'HK.LIST23699', 'HK.LIST24242']"
HK.TCH261230P520000,HK.00700,TCH,2026-09-16 11:16:08,1789528568.0,BUY,99.0,499,4940100.0,PUT,520.0,2026-12-30,1798560000.0,101,433.4,-19.981,78.66,99.0,30.953,499,5059,0.09863,-0.863975782,0.004328876,0.479885662,-0.048867728,-0.589949521,BEARISH,['NORMAL'],SINGLE_LEG,N/A,N/A,N/A,['HK.LIST23363'],"['HK.LIST1161', 'HK.LIST1190', 'HK.LIST1191', 'HK.LIST1208', 'HK.LIST1289', 'HK.LIST1305', 'HK.LIST1328', 'HK.LIST1351', 'HK.LIST22886', 'HK.LIST22928', 'HK.LIST23586', 'HK.LIST23589', 'HK.LIST24037', 'HK.LIST24062']"
HK.TCH261230P560000,HK.00700,TCH,2026-09-16 11:15:54,1789528554.0,BUY,135.3,334,4519020.0,PUT,560.0,2026-12-30,1798560000.0,101,434.0,-29.032,116.16,135.3,0.0,834,4938,0.16889,0.0,0.0,0.0,0.0,0.0,BEARISH,['NORMAL'],SINGLE_LEG,N/A,N/A,N/A,['HK.LIST23363'],"['HK.LIST1161', 'HK.LIST1190', 'HK.LIST1191', 'HK.LIST1208', 'HK.LIST1289', 'HK.LIST1305', 'HK.LIST1328', 'HK.LIST1351', 'HK.LIST22886', 'HK.LIST22928', 'HK.LIST23586', 'HK.LIST23589', 'HK.LIST24037', 'HK.LIST24062']"
HK.TCH261230P560000,HK.00700,TCH,2026-09-16 11:15:43,1789528543.0,BUY,136.04,500,6802000.0,PUT,560.0,2026-12-30,1798560000.0,101,434.0,-29.032,116.16,138.14,0.0,500,4938,0.10125,0.0,0.0,0.0,0.0,0.0,BEARISH,['NORMAL'],SINGLE_LEG,N/A,N/A,N/A,['HK.LIST23363'],"['HK.LIST1161', 'HK.LIST1190', 'HK.LIST1191', 'HK.LIST1208', 'HK.LIST1289', 'HK.LIST1305', 'HK.LIST1328', 'HK.LIST1351', 'HK.LIST22886', 'HK.LIST22928', 'HK.LIST23586', 'HK.LIST23589', 'HK.LIST24037', 'HK.LIST24062']"
HK.TCH261230P550000,HK.00700,TCH,2026-09-16 11:15:19,1789528519.0,BUY,127.01,500,6350500.0,PUT,550.0,2026-12-30,1798560000.0,101,434.0,-26.728,68.81,142.18,0.0,1005,11510,0.08731,0.0,0.0,0.0,0.0,0.0,BEARISH,['NORMAL'],SINGLE_LEG,N/A,N/A,N/A,['HK.LIST23363'],"['HK.LIST1161', 'HK.LIST1190', 'HK.LIST1191', 'HK.LIST1208', 'HK.LIST1289', 'HK.LIST1305', 'HK.LIST1328', 'HK.LIST1351', 'HK.LIST22886', 'HK.LIST22928', 'HK.LIST23586', 'HK.LIST23589', 'HK.LIST24037', 'HK.LIST24062']"
HK.TCH261230P550000,HK.00700,TCH,2026-09-16 11:15:05,1789528505.0,BUY,126.99,500,6349500.0,PUT,550.0,2026-12-30,1798560000.0,101,434.0,-26.728,68.81,142.18,0.0,294,11510,0.02554,0.0,0.0,0.0,0.0,0.0,BEARISH,['NORMAL'],SINGLE_LEG,N/A,N/A,N/A,['HK.LIST23363'],"['HK.LIST1161', 'HK.LIST1190', 'HK.LIST1191', 'HK.LIST1208', 'HK.LIST1289', 'HK.LIST1305', 'HK.LIST1328', 'HK.LIST1351', 'HK.LIST22886', 'HK.LIST22928', 'HK.LIST23586', 'HK.LIST23589', 'HK.LIST24037', 'HK.LIST24062']"
HK.CTC261230P4200,HK.00728,CTC,2026-09-16 11:07:03,1789528023.0,BUY,0.08,1008,161280.0,PUT,4.2,2026-12-30,1798560000.0,101,4.47,6.04,0.07,0.08,20.77,1000,311,3.21543,-0.241872223,0.634194208,0.007461164,-0.000636554,-0.002752996,BEARISH,['NORMAL'],SINGLE_LEG,N/A,N/A,N/A,['HK.LIST1054'],"['HK.LIST1176', 'HK.LIST1214', 'HK.LIST1305', 'HK.LIST1344', 'HK.LIST1348', 'HK.LIST22928', 'HK.LIST23586', 'HK.LIST23589']"
HK.ZAO261029P11000,HK.06060,ZAO,2026-09-16 10:55:29,1789527329.0,BUY,1.45,150,217500.0,PUT,11.0,2026-10-29,1793203200.0,39,9.905,-11.055,0.92,1.56,37.578,383,531,0.72128,-0.771133846,0.251577801,0.010219543,-0.00378281,-0.007443209,BEARISH,['NORMAL'],SINGLE_LEG,N/A,N/A,N/A,['HK.LIST1003'],"['HK.LIST1190', 'HK.LIST1251', 'HK.LIST23674']"
HK.CAT261029P490000,HK.03750,CAT,2026-09-16 10:40:32,1789526432.0,BUY,26.7,235,627450.0,PUT,490.0,2026-10-29,1793203200.0,39,489.0,-0.204,26.44,26.7,40.727,324,208,1.55769,-0.464749731,0.00584095,0.668236352,-0.293447889,-0.258317259,BEARISH,['NORMAL'],SINGLE_LEG,N/A,N/A,N/A,['HK.LIST1354'],['HK.LIST1334']
HK.KAT260929P800000,HK.02513,KAT,2026-09-16 09:51:28,1789523488.0,BUY,120.0,200,2400000.0,PUT,800.0,2026-09-29,1790611200.0,9,701.5,-14.041,110.0,120.0,101.884,400,914,0.43763,-0.702144995,0.002533691,0.467057055,-1.758448467,-0.194780294,BEARISH,['NORMAL'],SINGLE_LEG,N/A,N/A,N/A,N/A,"['HK.LIST23586', 'HK.LIST24037', 'HK.LIST24062', 'HK.LIST24126']"
HK.MET260929P75000,HK.03690,MET,2026-09-16 09:50:46,1789523446.0,BUY,2.760053619,373,514750.0,PUT,75.0,2026-09-29,1790611200.0,9,73.85,-1.557,2.72,2.77,39.431,1287,18981,0.0678,-0.560579576,0.071422135,0.055447279,-0.079845579,-0.01417042,BEARISH,['NORMAL'],SINGLE_LEG,N/A,N/A,N/A,['HK.LIST23361'],"['HK.LIST1305', 'HK.LIST1998', 'HK.LIST22886', 'HK.LIST22928', 'HK.LIST23586', 'HK.LIST24037', 'HK.LIST24062']"
HK.MET260929P75000,HK.03690,MET,2026-09-16 09:46:42,1789523202.0,BUY,2.85,396,564300.0,PUT,75.0,2026-09-29,1790611200.0,9,73.8,-1.626,2.76,2.91,38.999,901,18981,0.04746,-0.575987291,0.0719558,0.054926282,-0.078010878,-0.014463819,BEARISH,['NORMAL'],SINGLE_LEG,N/A,N/A,N/A,['HK.LIST23361'],"['HK.LIST1305', 'HK.LIST1998', 'HK.LIST22886', 'HK.LIST22928', 'HK.LIST23586', 'HK.LIST24037', 'HK.LIST24062']"
HK.MNX261029P275000,HK.00100,MNX,2026-09-16 09:37:29,1789522649.0,BUY,52.0,799,830960.0,PUT,275.0,2026-10-29,1793203200.0,39,242.2,-13.542,48.07,52.0,97.162,3199,3500,0.914,-0.58701013,0.004868719,0.322649711,-0.346528559,-0.195753083,BEARISH,['NORMAL'],SINGLE_LEG,N/A,N/A,N/A,N/A,"['HK.LIST1288', 'HK.LIST23586', 'HK.LIST24037', 'HK.LIST24062', 'HK.LIST24126']"
HK.MNX261029P275000,HK.00100,MNX,2026-09-16 09:37:25,1789522645.0,BUY,52.0,800,832000.0,PUT,275.0,2026-10-29,1793203200.0,39,242.2,-13.542,48.07,52.0,97.162,1602,3500,0.45771,-0.58701013,0.004868719,0.322649711,-0.346528559,-0.195753083,BEARISH,['NORMAL'],SINGLE_LEG,N/A,N/A,N/A,N/A,"['HK.LIST1288', 'HK.LIST23586', 'HK.LIST24037', 'HK.LIST24062', 'HK.LIST24126']"
HK.MNX261029P275000,HK.00100,MNX,2026-09-16 09:37:17,1789522637.0,BUY,52.0,800,832000.0,PUT,275.0,2026-10-29,1793203200.0,39,241.6,-13.824,48.07,54.0,97.162,1075,3500,0.30714,-0.58701013,0.004868719,0.322649711,-0.346528559,-0.195753083,BEARISH,['NORMAL'],SINGLE_LEG,N/A,N/A,N/A,N/A,"['HK.LIST1288', 'HK.LIST23586', 'HK.LIST24037', 'HK.LIST24062', 'HK.LIST24126']"
HK.MET260929P75000,HK.03690,MET,2026-09-16 09:37:06,1789522626.0,BUY,2.51,447,560985.0,PUT,75.0,2026-09-29,1790611200.0,9,74.1,-1.214,2.39,2.51,36.601,409,18981,0.02154,-0.540539724,0.077046416,0.056087584,-0.074841189,-0.013667812,BEARISH,['NORMAL'],SINGLE_LEG,N/A,N/A,N/A,['HK.LIST23361'],"['HK.LIST1305', 'HK.LIST1998', 'HK.LIST22886', 'HK.LIST22928', 'HK.LIST23586', 'HK.LIST24037', 'HK.LIST24062']"
HK.JXC270330P28000,HK.00358,JXC,2026-09-15 14:58:12,1789455492.0,BUY,2.13,100,213000.0,PUT,28.0,2027-03-30,1806336000.0,191,32.64,14.215,2.1,2.13,48.229,101,61,1.65573,-0.254588516,0.028072464,0.076654988,-0.008522679,-0.046301318,BEARISH,['NORMAL'],SINGLE_LEG,N/A,N/A,N/A,N/A,"['HK.LIST1312', 'HK.LIST1314', 'HK.LIST1348', 'HK.LIST24039']"
HK.KAT261029P550000,HK.02513,KAT,2026-09-15 14:56:57,1789455417.0,BUY,38.0,200,760000.0,PUT,550.0,2026-10-29,1793203200.0,39,661.5,16.855,N/A,38.0,95.763,403,11,36.63636,-0.227964565,0.001369143,0.696861933,-0.742747738,-0.203767446,BEARISH,['NORMAL'],SINGLE_LEG,N/A,N/A,N/A,N/A,"['HK.LIST23586', 'HK.LIST24037', 'HK.LIST24062', 'HK.LIST24126']"
HK.SET260929P1300,HK.00020,SET,2026-09-15 14:05:57,1789452357.0,BUY,0.08,100,160000.0,PUT,1.3,2026-09-29,1790611200.0,9,1.25,-4.0,0.06,0.08,41.575,101,204,0.49509,-0.664805684,3.600785127,0.000893061,-0.001254698,-0.000296845,BEARISH,['NORMAL'],SINGLE_LEG,N/A,N/A,N/A,['HK.LIST23363'],"['HK.LIST1328', 'HK.LIST23586', 'HK.LIST23589', 'HK.LIST23593', 'HK.LIST24037', 'HK.LIST24339']"
HK.BOC261029P52500,HK.02388,BOC,2026-09-15 14:05:36,1789452336.0,BUY,2.05,105,107625.0,PUT,52.5,2026-10-29,1793203200.0,39,51.65,-1.645,1.92,2.07,23.316,830,766,1.08355,-0.542677317,0.097155667,0.070894985,-0.01629451,-0.029020377,BEARISH,['NORMAL'],SINGLE_LEG,N/A,N/A,N/A,N/A,"['HK.LIST1178', 'HK.LIST1239', 'HK.LIST1252', 'HK.LIST1305', 'HK.LIST1344', 'HK.LIST1348', 'HK.LIST23674']"
HK.PAI261127P48000,HK.02318,PAI,2026-09-15 13:56:08,1789451768.0,BUY,0.54,942,254340.0,PUT,48.0,2026-11-27,1795708800.0,68,53.0,9.433,0.53,0.54,25.282,1015,1016,0.99901,-0.162038098,0.041108014,0.058011087,-0.009216568,-0.015687066,BEARISH,['NORMAL'],SINGLE_LEG,N/A,N/A,N/A,['HK.LIST1003'],"['HK.LIST1110', 'HK.LIST1178', 'HK.LIST1305']"
HK.ZJG260918P152500,HK.02259,ZJG,2026-09-15 13:47:14,1789451234.0,BUY,3.2,196,125440.0,PUT,152.5,2026-09-18,1789660800.0,-2,155.6,1.992,3.05,3.2,80.552,197,317,0.62145,-0.373956392,0.032825988,0.05429271,-0.763497486,-0.004959262,BEARISH,['NORMAL'],SINGLE_LEG,N/A,N/A,N/A,['HK.LIST1084'],"['HK.LIST1222', 'HK.LIST1312']"
HK.KAT261029P550000,HK.02513,KAT,2026-09-15 13:19:05,1789449545.0,BUY,35.0,200,700000.0,PUT,550.0,2026-10-29,1793203200.0,39,674.0,18.397,N/A,35.0,93.071,203,11,18.45454,-0.206219295,0.001301797,0.671510953,-0.694559308,-0.186326946,BEARISH,['NORMAL'],SINGLE_LEG,N/A,N/A,N/A,N/A,"['HK.LIST23586', 'HK.LIST24037', 'HK.LIST24062', 'HK.LIST24126']"
HK.BIU261230P90000,HK.09888,BIU,2026-09-15 13:00:02,1789448402.0,BUY,7.9,359,425415.0,PUT,90.0,2026-12-30,1798560000.0,101,90.2,0.221,6.62,7.9,43.956,529,5799,0.09122,-0.430710131,0.018601983,0.191103249,-0.035566132,-0.111830306,BEARISH,['NORMAL'],SINGLE_LEG,N/A,N/A,N/A,['HK.LIST23360'],"['HK.LIST1304', 'HK.LIST22886', 'HK.LIST23586', 'HK.LIST23589', 'HK.LIST24037', 'HK.LIST24062']"
HK.NWD270929P4400,HK.00017,NWD,2026-09-15 11:24:58,1789442698.0,BUY,0.89,150,133500.0,PUT,4.4,2027-09-29,1822147200.0,374,5.615,21.638,0.82,0.89,73.525,127,N/A,0.0,-0.229723642,0.073250616,0.017361416,-0.001507767,-0.017239954,BEARISH,['NORMAL'],SINGLE_LEG,2026-09-30,2,N/A,['HK.LIST1019'],N/A
HK.BOC261029P52500,HK.02388,BOC,2026-09-15 11:21:26,1789442486.0,BUY,1.72,429,368940.0,PUT,52.5,2026-10-29,1793203200.0,39,52.2,-0.574,1.6,1.71,22.032,206,766,0.26892,-0.495867553,0.101871209,0.072122788,-0.015701295,-0.027043804,BEARISH,['NORMAL'],SINGLE_LEG,N/A,N/A,N/A,N/A,"['HK.LIST1178', 'HK.LIST1239', 'HK.LIST1252', 'HK.LIST1305', 'HK.LIST1344', 'HK.LIST1348', 'HK.LIST23674']"
HK.MNX261029P265000,HK.00100,MNX,2026-09-15 11:06:50,1789441610.0,BUY,44.78,200,179120.0,PUT,265.0,2026-10-29,1793203200.0,39,242.6,-9.233,42.43,44.78,90.981,590,129,4.57364,-0.540364562,0.005184174,0.335737259,-0.331373388,-0.182062428,BEARISH,['NORMAL'],SINGLE_LEG,N/A,N/A,N/A,N/A,"['HK.LIST1288', 'HK.LIST23586', 'HK.LIST24037', 'HK.LIST24062', 'HK.LIST24126']"
HK.HKB260929P157500,HK.00005,HKB,2026-09-15 10:47:49,1789440469.0,BUY,1.52,362,220096.0,PUT,157.5,2026-09-29,1790611200.0,9,161.1,2.234,1.47,1.52,24.313,105,2141,0.04904,-0.295726435,0.044768549,0.109785215,-0.090528772,-0.017217414,BEARISH,['NORMAL'],SINGLE_LEG,N/A,N/A,N/A,['HK.LIST1079'],"['HK.LIST1252', 'HK.LIST1305', 'HK.LIST23674']"
HK.CMB261230P52500,HK.03968,CMB,2026-09-15 10:46:41,1789440401.0,BUY,3.21,280,449400.0,PUT,52.5,2026-12-30,1798560000.0,101,51.4,-2.14,3.09,3.25,25.708,55,304,0.18092,-0.511250035,0.058289616,0.109680206,-0.010917319,-0.065245464,BEARISH,['NORMAL'],SINGLE_LEG,N/A,N/A,N/A,['HK.LIST1079'],"['HK.LIST1178', 'HK.LIST1239', 'HK.LIST1305']"
HK.MNX260929P230000,HK.00100,MNX,2026-09-15 10:43:31,1789440211.0,BUY,10.48,573,120100.8,PUT,230.0,2026-09-29,1790611200.0,9,246.4,6.655,9.98,10.48,93.694,579,589,0.98302,-0.310478718,0.00772003,0.172377415,-0.568091883,-0.031639199,BEARISH,['NORMAL'],SINGLE_LEG,N/A,N/A,N/A,N/A,"['HK.LIST1288', 'HK.LIST23586', 'HK.LIST24037', 'HK.LIST24062', 'HK.LIST24126']"
HK.JDH260929P35000,HK.06618,JDH,2026-09-15 10:37:42,1789439862.0,BUY,0.92,300,138000.0,PUT,35.0,2026-09-29,1790611200.0,9,35.3,0.849,0.88,0.93,39.029,480,561,0.85561,-0.430857321,0.144791163,0.027381036,-0.036692999,-0.00567233,BEARISH,['NORMAL'],SINGLE_LEG,N/A,N/A,N/A,['HK.LIST1357'],"['HK.LIST1251', 'HK.LIST22886', 'HK.LIST23598', 'HK.LIST24037']"
HK.PIN261029P5500,HK.01339,PIN,2026-09-15 10:16:09,1789438569.0,BUY,0.14,148,103600.0,PUT,5.5,2026-10-29,1793203200.0,39,5.835,5.741,0.13,0.14,35.884,250,143,1.74825,-0.279834754,0.462502233,0.006840834,-0.002620961,-0.001893792,BEARISH,['NORMAL'],SINGLE_LEG,N/A,N/A,"[{'action_type': 7, 'action_time': '2026-10-07', 'action_timestamp': 1791302400.0}]",['HK.LIST1003'],"['HK.LIST1344', 'HK.LIST1348']"
HK.POP261230P140000,HK.09992,POP,2026-09-15 10:02:39,1789437759.0,BUY,6.6,273,360360.0,PUT,140.0,2026-12-30,1798560000.0,101,152.3,8.076,6.52,6.6,39.068,540,5272,0.10242,-0.290798653,0.010759032,0.281184079,-0.047218172,-0.125487929,BEARISH,['NORMAL'],SINGLE_LEG,N/A,N/A,N/A,['HK.LIST1047'],"['HK.LIST1328', 'HK.LIST23676']"
HK.BOC270330P52500,HK.02388,BOC,2026-09-15 09:57:12,1789437432.0,BUY,3.1,400,620000.0,PUT,52.5,2027-03-30,1806336000.0,191,51.95,-1.058,2.97,3.1,21.707,400,236,1.69491,-0.450751539,0.050887209,0.14934528,-0.006229055,-0.103168977,BEARISH,['NORMAL'],SINGLE_LEG,N/A,N/A,N/A,N/A,"['HK.LIST1178', 'HK.LIST1239', 'HK.LIST1252', 'HK.LIST1305', 'HK.LIST1344', 'HK.LIST1348', 'HK.LIST23674']"
HK.MET270629P90000,HK.03690,MET,2026-09-15 09:56:05,1789437365.0,BUY,19.7,200,1970000.0,PUT,90.0,2027-06-29,1814198400.0,282,75.35,-19.442,18.55,19.96,44.425,200,8152,0.02453,-0.588049611,0.014366993,0.257069638,-0.01540915,-0.331805473,BEARISH,['NORMAL'],SINGLE_LEG,N/A,N/A,N/A,['HK.LIST23361'],"['HK.LIST1305', 'HK.LIST1998', 'HK.LIST22886', 'HK.LIST22928', 'HK.LIST23586', 'HK.LIST24037', 'HK.LIST24062']"
HK.XIC270330P7750,HK.01398,XIC,2026-09-15 09:54:58,1789437298.0,BUY,0.64,1000,640000.0,PUT,7.75,2027-03-30,1806336000.0,191,7.52,-3.058,0.635,0.64,26.583,1000,177,5.64971,-0.492129173,0.289073271,0.021773655,-0.001143378,-0.016835749,BEARISH,['NORMAL'],SINGLE_LEG,N/A,N/A,"[{'action_type': 7, 'action_time': '2026-10-09', 'action_timestamp': 1791475200.0}]",['HK.LIST1079'],"['HK.LIST1239', 'HK.LIST1305', 'HK.LIST1344', 'HK.LIST1348']"
HK.NTE260929P180000,HK.09999,NTE,2026-09-15 09:46:39,1789436799.0,BUY,2.52,120,151200.0,PUT,180.0,2026-09-29,1790611200.0,9,185.1,2.755,2.46,2.53,33.245,173,1094,0.15813,-0.310033698,0.02902694,0.129140856,-0.146979862,-0.021319611,BEARISH,['NORMAL'],SINGLE_LEG,N/A,N/A,N/A,['HK.LIST1359'],"['HK.LIST1208', 'HK.LIST1289', 'HK.LIST1304', 'HK.LIST1328', 'HK.LIST1351', 'HK.LIST22886', 'HK.LIST23586', 'HK.LIST24037', 'HK.LIST24062']"
HK.CHU261230P6000,HK.00762,CHU,2026-09-15 09:35:30,1789436130.0,BUY,0.25,250,125000.0,PUT,6.0,2026-12-30,1798560000.0,101,6.085,1.396,0.22,0.26,23.518,250,957,0.26123,-0.406513466,0.516422936,0.012651334,-0.001174334,-0.006263531,BEARISH,['NORMAL'],SINGLE_LEG,N/A,N/A,N/A,['HK.LIST1054'],"['HK.LIST1176', 'HK.LIST1180', 'HK.LIST1214', 'HK.LIST1305', 'HK.LIST1344', 'HK.LIST1348', 'HK.LIST22928', 'HK.LIST23586', 'HK.LIST23589']"
HK.ALB270330P100000,HK.09988,ALB,2026-09-14 15:59:31,1789372771.0,BUY,9.08,400,1816000.0,PUT,100.0,2027-03-30,1806336000.0,191,105.9,5.571,9.06,9.08,42.239,1242,12634,0.0983,-0.346056214,0.01141644,0.286453049,-0.026843783,-0.198053853,BEARISH,['NORMAL'],SINGLE_LEG,N/A,N/A,N/A,['HK.LIST23361'],"['HK.LIST1161', 'HK.LIST1191', 'HK.LIST1287', 'HK.LIST1289', 'HK.LIST1304', 'HK.LIST1328', 'HK.LIST22886', 'HK.LIST22928', 'HK.LIST23586', 'HK.LIST23589', 'HK.LIST23593', 'HK.LIST23674', 'HK.LIST24037', 'HK.LIST24062']"
HK.CHT260929P80000,HK.00941,CHT,2026-09-14 15:53:14,1789372394.0,BUY,1.3,536,348400.0,PUT,80.0,2026-09-29,1790611200.0,9,79.1,-1.137,1.2,1.3,12.297,1252,9564,0.1309,-0.657386744,0.196268179,0.058301237,-0.01998442,-0.016334286,BEARISH,['NORMAL'],SINGLE_LEG,N/A,N/A,N/A,['HK.LIST1054'],"['HK.LIST1176', 'HK.LIST1214', 'HK.LIST1305', 'HK.LIST1344', 'HK.LIST1348', 'HK.LIST22928', 'HK.LIST23586', 'HK.LIST23589', 'HK.LIST24231']"
HK.ZJM260929P35000,HK.02899,ZJM,2026-09-14 15:52:04,1789372324.0,BUY,1.63,317,1033420.0,PUT,35.0,2026-09-29,1790611200.0,9,34.42,-1.685,1.57,1.64,46.818,378,2756,0.13715,-0.54796918,0.121804204,0.027603796,-0.041842779,-0.00747113,BEARISH,['NORMAL'],SINGLE_LEG,N/A,N/A,N/A,['HK.LIST1084'],"['HK.LIST1222', 'HK.LIST1305', 'HK.LIST1312', 'HK.LIST1314', 'HK.LIST1348', 'HK.LIST1362', 'HK.LIST24039']"
HK.ZJM260929P34000,HK.02899,ZJM,2026-09-14 15:50:25,1789372225.0,BUY,1.06,269,570280.0,PUT,34.0,2026-09-29,1790611200.0,9,34.46,1.334,1.02,1.05,46.191,426,4721,0.09023,-0.416100326,0.121051519,0.027260378,-0.041176962,-0.00574645,BEARISH,['NORMAL'],SINGLE_LEG,N/A,N/A,N/A,['HK.LIST1084'],"['HK.LIST1222', 'HK.LIST1305', 'HK.LIST1312', 'HK.LIST1314', 'HK.LIST1348', 'HK.LIST1362', 'HK.LIST24039']"
HK.GLX260929P32000,HK.00027,GLX,2026-09-14 14:21:20,1789366880.0,BUY,0.61,194,118340.0,PUT,32.0,2026-09-29,1790611200.0,9,32.28,0.867,0.56,0.6,27.93,330,2310,0.14285,-0.418080426,0.214070909,0.025585864,-0.022780785,-0.005164493,BEARISH,['NORMAL'],SINGLE_LEG,N/A,N/A,N/A,['HK.LIST1069'],"['HK.LIST1305', 'HK.LIST22913']"
HK.SAN260929P12500,HK.01928,SAN,2026-09-14 14:20:55,1789366855.0,BUY,0.33,1330,175560.0,PUT,12.5,2026-09-29,1790611200.0,9,12.95,3.474,0.29,0.33,48.694,2251,4255,0.52902,-0.330869796,0.282861407,0.009550811,-0.015213194,-0.001740089,BEARISH,['NORMAL'],SINGLE_LEG,N/A,N/A,"[{'action_type': 7, 'action_time': '2026-09-16', 'action_timestamp': 1789488000.0}]",['HK.LIST1069'],"['HK.LIST1305', 'HK.LIST22913']"
HK.SAN260929P12500,HK.01928,SAN,2026-09-14 14:20:52,1789366852.0,BUY,0.32,950,121600.0,PUT,12.5,2026-09-29,1790611200.0,9,12.95,3.474,0.28,0.33,48.694,1808,4255,0.42491,-0.330869796,0.282861407,0.009550811,-0.015213194,-0.001740089,BEARISH,['NORMAL'],SINGLE_LEG,N/A,N/A,"[{'action_type': 7, 'action_time': '2026-09-16', 'action_timestamp': 1789488000.0}]",['HK.LIST1069'],"['HK.LIST1305', 'HK.LIST22913']"
HK.SBI270629P16500,HK.01530,SBI,2026-09-14 14:18:58,1789366738.0,BUY,3.06,580,887400.0,PUT,16.5,2027-06-29,1814198400.0,282,16.15,-2.167,3.01,3.1,54.549,920,603,1.5257,-0.405091925,0.051086545,0.055427947,-0.004482996,-0.057083036,BEARISH,['NORMAL'],MULTI_LEG,N/A,N/A,N/A,['HK.LIST1067'],"['HK.LIST1313', 'HK.LIST23675']"
HK.SBI270629P16500,HK.01530,SBI,2026-09-14 14:18:55,1789366735.0,BUY,3.06,120,183600.0,PUT,16.5,2027-06-29,1814198400.0,282,16.14,-2.23,3.01,3.1,54.549,340,603,0.56384,-0.405091925,0.051086545,0.055427947,-0.004482996,-0.057083036,BEARISH,['NORMAL'],MULTI_LEG,N/A,N/A,N/A,['HK.LIST1067'],"['HK.LIST1313', 'HK.LIST23675']"
HK.SAN270929P13000,HK.01928,SAN,2026-09-14 14:18:19,1789366699.0,BUY,2.1,185,155400.0,PUT,13.0,2027-09-29,1822147200.0,374,13.07,0.535,2.03,2.1,44.468,185,59,3.13559,-0.383099416,0.067178895,0.050624692,-0.002412206,-0.053964468,BEARISH,['NORMAL'],SINGLE_LEG,N/A,N/A,"[{'action_type': 7, 'action_time': '2026-09-16', 'action_timestamp': 1789488000.0}]",['HK.LIST1069'],"['HK.LIST1305', 'HK.LIST22913']"
HK.MNX260929P225000,HK.00100,MNX,2026-09-14 14:09:28,1789366168.0,BUY,9.0,663,119340.0,PUT,225.0,2026-09-29,1790611200.0,9,255.0,11.764,8.17,9.11,104.952,738,63,11.71428,-0.246409274,0.005817488,0.16290496,-0.566516454,-0.027689555,BEARISH,['NORMAL'],SINGLE_LEG,N/A,N/A,N/A,N/A,"['HK.LIST1288', 'HK.LIST23586', 'HK.LIST24037', 'HK.LIST24062', 'HK.LIST24126']"
HK.MNX260929P230000,HK.00100,MNX,2026-09-14 14:05:25,1789365925.0,BUY,11.0,573,126060.0,PUT,230.0,2026-09-29,1790611200.0,9,253.0,9.09,10.18,11.28,104.367,586,54,10.85185,-0.285626061,0.006329912,0.174897378,-0.605346037,-0.032101689,BEARISH,['NORMAL'],SINGLE_LEG,N/A,N/A,N/A,N/A,"['HK.LIST1288', 'HK.LIST23586', 'HK.LIST24037', 'HK.LIST24062', 'HK.LIST24126']"
HK.CPC260929P4800,HK.00386,CPC,2026-09-14 13:42:28,1789364548.0,BUY,0.2,500,200000.0,PUT,4.8,2026-09-29,1790611200.0,9,4.755,-0.946,0.17,0.22,44.632,708,3182,0.2225,-0.521870068,0.927509966,0.003845291,-0.005526397,-0.000985919,BEARISH,['NORMAL'],SINGLE_LEG,N/A,N/A,"[{'action_type': 7, 'action_time': '2026-09-21', 'action_timestamp': 1789920000.0}]",['HK.LIST1042'],"['HK.LIST1175', 'HK.LIST1205', 'HK.LIST1241', 'HK.LIST1305', 'HK.LIST1342', 'HK.LIST1344', 'HK.LIST1348', 'HK.LIST22928']"
HK.TCH260929P430000,HK.00700,TCH,2026-09-14 10:59:53,1789354793.0,BUY,9.95,344,342280.0,PUT,430.0,2026-09-29,1790611200.0,9,430.0,0.0,9.7,9.94,28.884,1075,23939,0.0449,-0.482033318,0.015816972,0.349226756,-0.31692229,-0.079542911,BEARISH,['NORMAL'],SINGLE_LEG,N/A,N/A,N/A,['HK.LIST23363'],"['HK.LIST1161', 'HK.LIST1190', 'HK.LIST1191', 'HK.LIST1208', 'HK.LIST1289', 'HK.LIST1305', 'HK.LIST1328', 'HK.LIST1351', 'HK.LIST22886', 'HK.LIST22928', 'HK.LIST23586', 'HK.LIST23589', 'HK.LIST24037', 'HK.LIST24062']"
HK.TCH260929P430000,HK.00700,TCH,2026-09-14 10:59:52,1789354792.0,BUY,9.94,344,341936.0,PUT,430.0,2026-09-29,1790611200.0,9,430.0,0.0,9.7,9.94,28.884,671,23939,0.02802,-0.482033318,0.015816972,0.349226756,-0.31692229,-0.079542911,BEARISH,['NORMAL'],SINGLE_LEG,N/A,N/A,N/A,['HK.LIST23363'],"['HK.LIST1161', 'HK.LIST1190', 'HK.LIST1191', 'HK.LIST1208', 'HK.LIST1289', 'HK.LIST1305', 'HK.LIST1328', 'HK.LIST1351', 'HK.LIST22886', 'HK.LIST22928', 'HK.LIST23586', 'HK.LIST23589', 'HK.LIST24037', 'HK.LIST24062']"
HK.CHU260929P6000,HK.00762,CHU,2026-09-14 10:58:57,1789354737.0,BUY,0.09,630,113400.0,PUT,6.0,2026-09-29,1790611200.0,9,6.065,1.071,0.07,0.1,24.922,105,1524,0.06889,-0.382913635,1.239826583,0.004727215,-0.003707743,-0.000892704,BEARISH,['NORMAL'],SINGLE_LEG,N/A,N/A,N/A,['HK.LIST1054'],"['HK.LIST1176', 'HK.LIST1180', 'HK.LIST1214', 'HK.LIST1305', 'HK.LIST1344', 'HK.LIST1348', 'HK.LIST22928', 'HK.LIST23586', 'HK.LIST23589']"
HK.CPI261127P27000,HK.02601,CPI,2026-09-14 10:46:27,1789353987.0,BUY,0.78,130,101400.0,PUT,27.0,2026-11-27,1795708800.0,68,28.96,6.767,0.74,0.78,32.445,130,856,0.15186,-0.271248315,0.078585292,0.043266053,-0.008694813,-0.015078868,BEARISH,['NORMAL'],SINGLE_LEG,N/A,N/A,N/A,N/A,"['HK.LIST1287', 'HK.LIST1305']"
HK.KAT260929P800000,HK.02513,KAT,2026-09-14 10:37:41,1789353461.0,BUY,87.0,300,2610000.0,PUT,800.0,2026-09-29,1790611200.0,9,746.5,-7.166,73.68,90.0,87.982,1041,1815,0.57355,-0.624781013,0.002852221,0.57489243,-1.632182341,-0.204778225,BEARISH,['NORMAL'],SINGLE_LEG,N/A,N/A,N/A,N/A,"['HK.LIST23586', 'HK.LIST24037', 'HK.LIST24062', 'HK.LIST24126']"
HK.JXC260929P31000,HK.00358,JXC,2026-09-14 10:23:06,1789352586.0,BUY,0.34,342,116280.0,PUT,31.0,2026-09-29,1790611200.0,9,34.6,10.404,0.3,0.34,54.634,45,145,0.31034,-0.151962035,0.061093866,0.016572142,-0.029215322,-0.002155322,BEARISH,['NORMAL'],SINGLE_LEG,N/A,N/A,N/A,N/A,"['HK.LIST1312', 'HK.LIST1314', 'HK.LIST1348', 'HK.LIST24039']"
HK.KAT260929P800000,HK.02513,KAT,2026-09-14 10:04:23,1789351463.0,BUY,90.0,200,1800000.0,PUT,800.0,2026-09-29,1790611200.0,9,740.5,-8.035,73.22,98.99,82.963,1056,1815,0.58181,-0.638914887,0.002990216,0.567293152,-1.51145964,-0.206798131,BEARISH,['NORMAL'],SINGLE_LEG,N/A,N/A,N/A,N/A,"['HK.LIST23586', 'HK.LIST24037', 'HK.LIST24062', 'HK.LIST24126']"
HK.BIU270629P85000,HK.09888,BIU,2026-09-14 09:48:21,1789350501.0,BUY,10.76,205,330870.0,PUT,85.0,2027-06-29,1814198400.0,282,88.75,4.225,10.58,10.76,44.345,413,536,0.77052,-0.358148274,0.010976429,0.293457386,-0.019119665,-0.257782427,BEARISH,['NORMAL'],SINGLE_LEG,N/A,N/A,N/A,['HK.LIST23360'],"['HK.LIST1304', 'HK.LIST22886', 'HK.LIST23586', 'HK.LIST23589', 'HK.LIST24037', 'HK.LIST24062']"
HK.BIU270629P85000,HK.09888,BIU,2026-09-14 09:46:02,1789350362.0,BUY,10.66,208,332592.0,PUT,85.0,2027-06-29,1814198400.0,282,89.0,4.494,10.46,10.66,44.342,208,536,0.38805,-0.355412658,0.010912445,0.293511094,-0.019138048,-0.256610491,BEARISH,['NORMAL'],SINGLE_LEG,N/A,N/A,N/A,['HK.LIST23360'],"['HK.LIST1304', 'HK.LIST22886', 'HK.LIST23586', 'HK.LIST23589', 'HK.LIST24037', 'HK.LIST24062']"
HK.KAT260929P800000,HK.02513,KAT,2026-09-14 09:34:41,1789349681.0,BUY,107.0,300,3210000.0,PUT,800.0,2026-09-29,1790611200.0,9,725.5,-10.268,N/A,107.0,89.959,930,1815,0.51239,-0.653649618,0.002756155,0.551011843,-1.589961047,-0.212017934,BEARISH,['NORMAL'],SINGLE_LEG,N/A,N/A,N/A,N/A,"['HK.LIST23586', 'HK.LIST24037', 'HK.LIST24062', 'HK.LIST24126']"
HK.KAT260929P800000,HK.02513,KAT,2026-09-14 09:32:18,1789349538.0,BUY,97.0,300,2910000.0,PUT,800.0,2026-09-29,1790611200.0,9,739.0,-8.254,83.06,97.0,89.49,330,1815,0.18181,-0.638088294,0.00279028,0.564352392,-1.622836936,-0.208670846,BEARISH,['NORMAL'],SINGLE_LEG,N/A,N/A,N/A,N/A,"['HK.LIST23586', 'HK.LIST24037', 'HK.LIST24062', 'HK.LIST24126']"
HK.ZJG261230P115000,HK.02259,ZJG,2026-09-11 15:53:30,1789113210.0,BUY,4.2,150,126000.0,PUT,115.0,2026-12-30,1798560000.0,101,160.2,28.214,4.15,N/A,63.368,156,156,1.0,-0.123519892,0.003668135,0.179514491,-0.049526324,-0.062410066,BEARISH,['NORMAL'],SINGLE_LEG,N/A,N/A,N/A,['HK.LIST1084'],"['HK.LIST1222', 'HK.LIST1312']"
HK.JXC260929P32000,HK.00358,JXC,2026-09-11 15:27:05,1789111625.0,BUY,0.47,476,223720.0,PUT,32.0,2026-09-29,1790611200.0,9,35.14,8.935,0.44,0.47,52.514,614,509,1.20628,-0.190504123,0.06632102,0.021218035,-0.030375405,-0.003261846,BEARISH,['NORMAL'],SINGLE_LEG,N/A,N/A,N/A,N/A,"['HK.LIST1312', 'HK.LIST1314', 'HK.LIST1348', 'HK.LIST24039']"
HK.JXC260929P32000,HK.00358,JXC,2026-09-11 15:08:16,1789110496.0,BUY,0.48,425,204000.0,PUT,32.0,2026-09-29,1790611200.0,9,35.16,8.987,0.44,0.48,53.738,493,509,0.96856,-0.191388673,0.064858696,0.021323224,-0.031229307,-0.003292459,BEARISH,['NORMAL'],SINGLE_LEG,N/A,N/A,N/A,N/A,"['HK.LIST1312', 'HK.LIST1314', 'HK.LIST1348', 'HK.LIST24039']"
HK.CSP261127P8750,HK.01093,CSP,2026-09-11 13:27:09,1789104429.0,BUY,0.92,200,368000.0,PUT,8.75,2026-11-27,1795708800.0,68,8.595,-1.803,0.89,0.92,54.178,285,558,0.51075,-0.469598713,0.187943992,0.015681232,-0.005086524,-0.008744322,BEARISH,['NORMAL'],SINGLE_LEG,N/A,N/A,"[{'action_type': 7, 'action_time': '2026-10-20', 'action_timestamp': 1792425600.0}]",['HK.LIST1067'],['HK.LIST23675']
HK.LAO270629P295000,HK.06181,LAO,2026-09-11 13:25:06,1789104306.0,BUY,61.0,255,1555500.0,PUT,295.0,2027-06-29,1814198400.0,282,369.6,20.183,57.9,59.18,82.516,37,300,0.12333,-0.240010394,0.001154551,1.026206123,-0.133169008,-0.92972316,BEARISH,['NORMAL'],SINGLE_LEG,N/A,N/A,"[{'action_type': 7, 'action_time': '2026-11-27', 'action_timestamp': 1795708800.0}]",['HK.LIST1049'],['HK.LIST23676']
HK.KST260929P33000,HK.01024,KST,2026-09-11 13:09:41,1789103381.0,BUY,2.08,280,291200.0,PUT,33.0,2026-09-29,1790611200.0,9,31.54,-4.629,2.02,2.08,43.917,584,2564,0.22776,-0.657576701,0.120378054,0.025758537,-0.029494907,-0.009607048,BEARISH,['NORMAL'],SINGLE_LEG,N/A,N/A,N/A,N/A,"['HK.LIST1305', 'HK.LIST1306', 'HK.LIST1328', 'HK.LIST22886', 'HK.LIST23586', 'HK.LIST24037']"
HK.BIU261127P87500,HK.09888,BIU,2026-09-11 13:09:16,1789103356.0,BUY,5.97,305,273127.5,PUT,87.5,2026-11-27,1795708800.0,68,89.25,1.96,5.86,5.97,43.581,168,3705,0.04534,-0.409053688,0.021952513,0.159035247,-0.041267418,-0.075747929,BEARISH,['NORMAL'],SINGLE_LEG,N/A,N/A,N/A,['HK.LIST23360'],"['HK.LIST1304', 'HK.LIST22886', 'HK.LIST23586', 'HK.LIST23589', 'HK.LIST24037', 'HK.LIST24062']"
HK.ALB260929P105000,HK.09988,ALB,2026-09-11 11:51:40,1789098700.0,BUY,3.13,395,618175.0,PUT,105.0,2026-09-29,1790611200.0,9,106.4,1.315,3.09,3.13,41.589,570,14190,0.04016,-0.417729906,0.039656561,0.092635736,-0.102919008,-0.021329193,BEARISH,['NORMAL'],SINGLE_LEG,N/A,N/A,N/A,['HK.LIST23361'],"['HK.LIST1161', 'HK.LIST1191', 'HK.LIST1287', 'HK.LIST1289', 'HK.LIST1304', 'HK.LIST1328', 'HK.LIST22886', 'HK.LIST22928', 'HK.LIST23586', 'HK.LIST23589', 'HK.LIST23593', 'HK.LIST23674', 'HK.LIST24037', 'HK.LIST24062']"
HK.BLI261127P150000,HK.09626,BLI,2026-09-11 11:50:07,1789098607.0,BUY,32.63,700,1370460.0,PUT,150.0,2026-11-27,1795708800.0,68,119.2,-25.838,29.46,32.64,39.095,175,120,1.45833,-0.898451519,0.011726484,0.092724454,-0.017041112,-0.127211207,BEARISH,['NORMAL'],SINGLE_LEG,N/A,N/A,N/A,['HK.LIST23360'],"['HK.LIST1208', 'HK.LIST1304', 'HK.LIST1306', 'HK.LIST1328', 'HK.LIST22886', 'HK.LIST23586', 'HK.LIST24037']"
HK.HRB261029P4200,HK.09660,HRB,2026-09-11 11:40:39,1789098039.0,BUY,0.31,165,153450.0,PUT,4.2,2026-10-29,1793203200.0,39,4.14,-1.449,0.29,0.31,47.167,150,150,1.0,-0.484011397,0.565221984,0.006001948,-0.00274299,-0.002606278,BEARISH,['NORMAL'],SINGLE_LEG,N/A,N/A,N/A,['HK.LIST23363'],"['HK.LIST22912', 'HK.LIST23586', 'HK.LIST23589', 'HK.LIST23593', 'HK.LIST24037', 'HK.LIST24339']"
HK.POP260929P150000,HK.09992,POP,2026-09-11 11:26:17,1789097177.0,BUY,2.71,1846,1000532.0,PUT,150.0,2026-09-29,1790611200.0,9,152.0,1.315,2.7,2.71,27.998,5222,14687,0.35555,-0.397435996,0.040803419,0.130640605,-0.095959793,-0.027892664,BEARISH,['NORMAL'],SINGLE_LEG,N/A,N/A,N/A,['HK.LIST1047'],"['HK.LIST1328', 'HK.LIST23676']"
HK.MNX261029P275000,HK.00100,MNX,2026-09-11 11:22:29,1789096949.0,BUY,43.5,885,769950.0,PUT,275.0,2026-10-29,1793203200.0,39,266.6,-3.15,42.16,43.44,100.337,3127,239,13.08368,-0.457492764,0.004099417,0.383890474,-0.386445704,-0.190128558,BEARISH,['NORMAL'],SINGLE_LEG,N/A,N/A,N/A,N/A,"['HK.LIST1288', 'HK.LIST23586', 'HK.LIST24037', 'HK.LIST24062', 'HK.LIST24126']"
HK.KAT260929P800000,HK.02513,KAT,2026-09-11 11:19:48,1789096788.0,BUY,71.03,200,1420600.0,PUT,800.0,2026-09-29,1790611200.0,9,791.5,-1.073,67.72,71.22,91.761,1315,77,17.07792,-0.477845093,0.002461978,0.70333595,-1.755451264,-0.202894398,BEARISH,['NORMAL'],SINGLE_LEG,N/A,N/A,N/A,N/A,"['HK.LIST23586', 'HK.LIST24037', 'HK.LIST24062', 'HK.LIST24126']"
HK.BLI261127P152500,HK.09626,BLI,2026-09-11 11:12:24,1789096344.0,BUY,35.66,1000,2139600.0,PUT,152.5,2026-11-27,1795708800.0,68,118.3,-28.909,32.72,35.67,51.355,1000,45,22.22222,-0.83635178,0.01015076,0.13188986,-0.035359707,-0.16865688,BEARISH,['NORMAL'],SINGLE_LEG,N/A,N/A,N/A,['HK.LIST23360'],"['HK.LIST1208', 'HK.LIST1304', 'HK.LIST1306', 'HK.LIST1328', 'HK.LIST22886', 'HK.LIST23586', 'HK.LIST24037']"
HK.KAT260929P800000,HK.02513,KAT,2026-09-11 11:10:11,1789096211.0,BUY,69.95,300,2098500.0,PUT,800.0,2026-09-29,1790611200.0,9,789.0,-1.394,67.04,70.53,91.348,799,77,10.37662,-0.481816247,0.00247875,0.702472801,-1.744244477,-0.20412225,BEARISH,['NORMAL'],SINGLE_LEG,N/A,N/A,N/A,N/A,"['HK.LIST23586', 'HK.LIST24037', 'HK.LIST24062', 'HK.LIST24126']"
HK.BYE261127P24000,HK.00285,BYE,2026-09-11 11:07:13,1789096033.0,BUY,2.14,182,389480.0,PUT,24.0,2026-11-27,1795708800.0,68,23.52,-2.04,2.11,2.14,45.163,625,150,4.16666,-0.48688208,0.082833641,0.042996733,-0.011422571,-0.023730197,BEARISH,['NORMAL'],SINGLE_LEG,N/A,N/A,N/A,['HK.LIST1055'],"['HK.LIST1166', 'HK.LIST1334', 'HK.LIST1351', 'HK.LIST23589', 'HK.LIST24242']"
HK.BYE261127P24000,HK.00285,BYE,2026-09-11 11:06:18,1789095978.0,BUY,2.14,200,428000.0,PUT,24.0,2026-11-27,1795708800.0,68,23.54,-1.954,2.11,2.15,45.953,241,150,1.60666,-0.480773092,0.081094548,0.043085414,-0.011676025,-0.023608511,BEARISH,['NORMAL'],SINGLE_LEG,N/A,N/A,N/A,['HK.LIST1055'],"['HK.LIST1166', 'HK.LIST1334', 'HK.LIST1351', 'HK.LIST23589', 'HK.LIST24242']"
HK.MNX261029P275000,HK.00100,MNX,2026-09-11 11:06:14,1789095974.0,BUY,42.0,2870,2410800.0,PUT,275.0,2026-10-29,1793203200.0,39,269.2,-2.154,40.85,41.8,99.908,3005,239,12.57322,-0.444849439,0.004050821,0.387034023,-0.388208194,-0.186593588,BEARISH,['NORMAL'],SINGLE_LEG,N/A,N/A,N/A,N/A,"['HK.LIST1288', 'HK.LIST23586', 'HK.LIST24037', 'HK.LIST24062', 'HK.LIST24126']"
HK.BYE261127P24000,HK.00285,BYE,2026-09-11 11:05:37,1789095937.0,BUY,2.14,177,378780.0,PUT,24.0,2026-11-27,1795708800.0,68,23.58,-1.781,2.12,2.14,46.397,200,150,1.33333,-0.476926995,0.080108883,0.043139778,-0.011820952,-0.023524556,BEARISH,['NORMAL'],SINGLE_LEG,N/A,N/A,N/A,['HK.LIST1055'],"['HK.LIST1166', 'HK.LIST1334', 'HK.LIST1351', 'HK.LIST23589', 'HK.LIST24242']"
HK.HEX261029P380000,HK.00388,HEX,2026-09-11 10:53:46,1789095226.0,BUY,5.92,500,296000.0,PUT,380.0,2026-10-29,1793203200.0,39,391.0,2.813,5.75,5.92,20.081,1777,1658,1.07177,-0.307790748,0.012432853,0.498762412,-0.092986691,-0.141285315,BEARISH,['NORMAL'],SINGLE_LEG,2026-11-06,0,N/A,N/A,['HK.LIST1305']
HK.ALC261127P8500,HK.02600,ALC,2026-09-11 10:42:19,1789094539.0,BUY,0.84,100,168000.0,PUT,8.5,2026-11-27,1795708800.0,68,8.215,-3.469,0.82,0.84,46.72,100,215,0.46511,-0.509027129,0.229377791,0.015034804,-0.004124274,-0.008711549,BEARISH,['NORMAL'],SINGLE_LEG,N/A,N/A,N/A,['HK.LIST1078'],"['HK.LIST1312', 'HK.LIST1348']"
HK.HEX261029P380000,HK.00388,HEX,2026-09-11 10:41:24,1789094484.0,BUY,5.93,413,244909.0,PUT,380.0,2026-10-29,1793203200.0,39,391.2,2.862,5.8,5.93,20.09,1034,1658,0.62364,-0.307864534,0.012427821,0.498855085,-0.093031268,-0.141346788,BEARISH,['NORMAL'],SINGLE_LEG,2026-11-06,0,N/A,N/A,['HK.LIST1305']
HK.HKB261029P145000,HK.00005,HKB,2026-09-11 10:37:46,1789094266.0,BUY,1.04,500,208000.0,PUT,145.0,2026-10-29,1793203200.0,39,161.8,10.383,1.01,1.04,27.955,72,794,0.09068,-0.120956593,0.01225952,0.118076655,-0.032308509,-0.023827164,BEARISH,['NORMAL'],SINGLE_LEG,N/A,N/A,N/A,['HK.LIST1079'],"['HK.LIST1252', 'HK.LIST1305', 'HK.LIST23674']"
HK.CSP261029P9000,HK.01093,CSP,2026-09-11 10:35:09,1789094109.0,BUY,0.93,250,465000.0,PUT,9.0,2026-10-29,1793203200.0,39,8.585,-4.834,0.89,0.93,56.157,151,657,0.22983,-0.54148171,0.228329569,0.012379257,-0.006741945,-0.006223204,BEARISH,['NORMAL'],SINGLE_LEG,N/A,N/A,"[{'action_type': 7, 'action_time': '2026-10-20', 'action_timestamp': 1792425600.0}]",['HK.LIST1067'],['HK.LIST23675']
HK.ZJM260929P34000,HK.02899,ZJM,2026-09-11 10:02:58,1789092178.0,BUY,1.03,408,840480.0,PUT,34.0,2026-09-29,1790611200.0,9,34.76,2.186,1.0,1.03,44.963,233,4324,0.05388,-0.386821489,0.109778951,0.029735726,-0.03573515,-0.006546939,BEARISH,['NORMAL'],SINGLE_LEG,N/A,N/A,N/A,['HK.LIST1084'],"['HK.LIST1222', 'HK.LIST1305', 'HK.LIST1312', 'HK.LIST1314', 'HK.LIST1348', 'HK.LIST1362', 'HK.LIST24039']"
HK.MNX270629P260000,HK.00100,MNX,2026-09-11 09:58:40,1789091920.0,BUY,78.5,200,314000.0,PUT,260.0,2027-06-29,1814198400.0,282,277.4,6.272,76.59,78.5,98.521,400,16,25.0,-0.291736959,0.001414791,0.859293036,-0.132497829,-0.973530759,BEARISH,['NORMAL'],SINGLE_LEG,N/A,N/A,N/A,N/A,"['HK.LIST1288', 'HK.LIST23586', 'HK.LIST24037', 'HK.LIST24062', 'HK.LIST24126']"
HK.MIU261029P26000,HK.01810,MIU,2026-09-11 09:50:32,1789091432.0,BUY,1.58,200,316000.0,PUT,26.0,2026-10-29,1793203200.0,39,25.88,-0.463,1.56,1.58,41.978,295,6738,0.04378,-0.468673343,0.101497738,0.037394669,-0.015103911,-0.015471984,BEARISH,['NORMAL'],SINGLE_LEG,N/A,N/A,N/A,['HK.LIST1055'],"['HK.LIST1161', 'HK.LIST1166', 'HK.LIST1217', 'HK.LIST1305', 'HK.LIST1328', 'HK.LIST1331', 'HK.LIST1351', 'HK.LIST22886', 'HK.LIST22910', 'HK.LIST22928', 'HK.LIST23586', 'HK.LIST23589', 'HK.LIST23593', 'HK.LIST23676', 'HK.LIST24037', 'HK.LIST24062']"
HK.CLP261127P80000,HK.00002,CLP,2026-09-11 09:43:25,1789091005.0,BUY,2.65,210,278250.0,PUT,80.0,2026-11-27,1795708800.0,68,78.4,-2.04,2.51,2.71,13.963,30,99,0.30303,-0.585927054,0.086007495,0.137400432,-0.00897131,-0.06932159,BEARISH,['NORMAL'],SINGLE_LEG,2026-10-12,0,N/A,N/A,"['HK.LIST1207', 'HK.LIST1344']"
HK.LNK261029P39000,HK.00823,LNK,2026-09-11 09:35:33,1789090533.0,BUY,1.41,210,296100.0,PUT,39.0,2026-10-29,1793203200.0,39,38.06,-2.469,1.23,1.47,16.041,30,288,0.10416,-0.638416757,0.182919369,0.050999998,-0.006596831,-0.023805183,BEARISH,['NORMAL'],SINGLE_LEG,N/A,N/A,N/A,N/A,N/A
HK.POP270929P165000,HK.09992,POP,2026-09-10 15:59:24,1789027164.0,BUY,33.5,500,3350000.0,PUT,165.0,2027-09-29,1822147200.0,374,152.6,-8.125,30.0,33.5,44.146,588,150,3.92,-0.459601827,0.006134076,0.615216903,-0.027853347,-0.745072191,BEARISH,['NORMAL'],SINGLE_LEG,N/A,N/A,N/A,['HK.LIST1047'],"['HK.LIST1328', 'HK.LIST23676']"
HK.KST260929P33000,HK.01024,KST,2026-09-10 15:54:26,1789026866.0,BUY,1.98,300,297000.0,PUT,33.0,2026-09-29,1790611200.0,9,31.7,-4.1,1.94,1.99,43.184,318,2267,0.14027,-0.634329458,0.121569691,0.027162053,-0.029197011,-0.009811701,BEARISH,['NORMAL'],SINGLE_LEG,N/A,N/A,N/A,N/A,"['HK.LIST1305', 'HK.LIST1306', 'HK.LIST1328', 'HK.LIST22886', 'HK.LIST23586', 'HK.LIST24037']"
HK.GLX260929P32000,HK.00027,GLX,2026-09-10 15:25:24,1789025124.0,BUY,0.8,210,168000.0,PUT,32.0,2026-09-29,1790611200.0,9,31.92,-0.25,0.74,0.85,25.255,478,2109,0.22664,-0.502965417,0.219045259,0.028978243,-0.017954848,-0.007523318,BEARISH,['NORMAL'],SINGLE_LEG,N/A,N/A,N/A,['HK.LIST1069'],"['HK.LIST1305', 'HK.LIST22913']"
HK.ZJG260918P165000,HK.02259,ZJG,2026-09-10 15:06:49,1789024009.0,BUY,7.05,194,273540.0,PUT,165.0,2026-09-18,1789660800.0,-2,164.8,-0.121,6.67,7.22,70.865,255,3,85.0,-0.480679313,0.023017245,0.097430427,-0.435310037,-0.01760256,BEARISH,['NORMAL'],SINGLE_LEG,N/A,N/A,N/A,['HK.LIST1084'],"['HK.LIST1222', 'HK.LIST1312']"
HK.KDS260929P8000,HK.00268,KDS,2026-09-10 14:14:33,1789020873.0,BUY,0.7,100,140000.0,PUT,8.0,2026-09-29,1790611200.0,9,7.52,-6.382,0.67,0.7,58.207,100,238,0.42016,-0.65069121,0.37267451,0.006356132,-0.009287011,-0.002510397,BEARISH,['NORMAL'],SINGLE_LEG,N/A,N/A,N/A,['HK.LIST1100'],"['HK.LIST1191', 'HK.LIST1192', 'HK.LIST1289', 'HK.LIST23586', 'HK.LIST24037']"
HK.CHT261127P80000,HK.00941,CHT,2026-09-10 14:08:14,1789020494.0,BUY,2.15,250,268750.0,PUT,80.0,2026-11-27,1795708800.0,68,78.9,-1.394,2.11,2.15,12.513,515,606,0.84983,-0.552313421,0.096178749,0.141024451,-0.008035601,-0.066378355,BEARISH,['NORMAL'],SINGLE_LEG,N/A,N/A,N/A,['HK.LIST1054'],"['HK.LIST1176', 'HK.LIST1214', 'HK.LIST1305', 'HK.LIST1344', 'HK.LIST1348', 'HK.LIST22928', 'HK.LIST23586', 'HK.LIST23589', 'HK.LIST24231']"
HK.BYD261127P80000,HK.01211,BYD,2026-09-10 13:59:14,1789019954.0,BUY,5.45,200,545000.0,PUT,80.0,2026-11-27,1795708800.0,68,79.1,-1.137,5.43,5.45,36.292,724,532,1.3609,-0.475222998,0.030459144,0.145409064,-0.030145901,-0.075459137,BEARISH,['NORMAL'],SINGLE_LEG,N/A,N/A,N/A,N/A,"['HK.LIST1180', 'HK.LIST1217', 'HK.LIST1305', 'HK.LIST1314', 'HK.LIST1334', 'HK.LIST22910', 'HK.LIST23589']"
HK.BLI260929P137500,HK.09626,BLI,2026-09-10 13:55:07,1789019707.0,BUY,17.03,445,454701.0,PUT,137.5,2026-09-29,1790611200.0,9,121.0,-13.636,15.5,17.04,0.0,600,1272,0.47169,0.0,0.0,0.0,0.0,0.0,BEARISH,['NORMAL'],SINGLE_LEG,N/A,N/A,N/A,['HK.LIST23360'],"['HK.LIST1208', 'HK.LIST1304', 'HK.LIST1306', 'HK.LIST1328', 'HK.LIST22886', 'HK.LIST23586', 'HK.LIST24037']"
HK.CHT261127P80000,HK.00941,CHT,2026-09-10 13:41:24,1789018884.0,BUY,2.16,250,270000.0,PUT,80.0,2026-11-27,1795708800.0,68,78.9,-1.394,2.15,2.16,12.882,260,606,0.42904,-0.544906069,0.0928176,0.141704828,-0.008418322,-0.06649972,BEARISH,['NORMAL'],SINGLE_LEG,N/A,N/A,N/A,['HK.LIST1054'],"['HK.LIST1176', 'HK.LIST1214', 'HK.LIST1305', 'HK.LIST1344', 'HK.LIST1348', 'HK.LIST22928', 'HK.LIST23586', 'HK.LIST23589', 'HK.LIST24231']"
HK.ALB261127P105000,HK.09988,ALB,2026-09-10 13:31:06,1789018266.0,BUY,7.3,500,1825000.0,PUT,105.0,2026-11-27,1795708800.0,68,106.1,1.036,7.18,7.29,41.998,1388,5494,0.25263,-0.426421699,0.019235211,0.192085696,-0.047123862,-0.094253375,BEARISH,['NORMAL'],SINGLE_LEG,N/A,N/A,N/A,['HK.LIST23361'],"['HK.LIST1161', 'HK.LIST1191', 'HK.LIST1287', 'HK.LIST1289', 'HK.LIST1304', 'HK.LIST1328', 'HK.LIST22886', 'HK.LIST22928', 'HK.LIST23586', 'HK.LIST23589', 'HK.LIST23593', 'HK.LIST23674', 'HK.LIST24037', 'HK.LIST24062']"
HK.CSP261127P9000,HK.01093,CSP,2026-09-10 11:36:02,1789011362.0,BUY,1.0,200,400000.0,PUT,9.0,2026-11-27,1795708800.0,68,8.74,-2.974,0.98,1.01,54.967,215,652,0.32975,-0.485227259,0.181357432,0.016100545,-0.005216292,-0.009353168,BEARISH,['NORMAL'],SINGLE_LEG,N/A,N/A,"[{'action_type': 7, 'action_time': '2026-10-20', 'action_timestamp': 1792425600.0}]",['HK.LIST1067'],['HK.LIST23675']
HK.CSP261127P9250,HK.01093,CSP,2026-09-10 11:23:43,1789010623.0,BUY,1.17,241,563940.0,PUT,9.25,2026-11-27,1795708800.0,68,8.745,-5.774,1.12,1.17,55.232,91,435,0.20919,-0.528079984,0.180687304,0.016066427,-0.005191305,-0.010142332,BEARISH,['NORMAL'],SINGLE_LEG,N/A,N/A,"[{'action_type': 7, 'action_time': '2026-10-20', 'action_timestamp': 1792425600.0}]",['HK.LIST1067'],['HK.LIST23675']
HK.HEX260929P400000,HK.00388,HEX,2026-09-10 11:23:17,1789010597.0,BUY,7.6,554,421040.0,PUT,400.0,2026-09-29,1790611200.0,9,397.4,-0.654,7.45,7.7,18.087,735,7638,0.09622,-0.539443461,0.024522987,0.360371473,-0.152623736,-0.096345554,BEARISH,['NORMAL'],SINGLE_LEG,2026-11-06,0,N/A,N/A,['HK.LIST1305']
HK.CSP261029P9250,HK.01093,CSP,2026-09-10 11:20:18,1789010418.0,BUY,1.2,245,588000.0,PUT,9.25,2026-10-29,1793203200.0,39,8.72,-6.077,0.85,1.2,58.192,245,633,0.38704,-0.557926904,0.213822219,0.012632951,-0.006982331,-0.006692503,BEARISH,['NORMAL'],SINGLE_LEG,N/A,N/A,"[{'action_type': 7, 'action_time': '2026-10-20', 'action_timestamp': 1792425600.0}]",['HK.LIST1067'],['HK.LIST23675']
HK.CSP260929P9250,HK.01093,CSP,2026-09-10 10:55:55,1789008955.0,BUY,0.74,300,444000.0,PUT,9.25,2026-09-29,1790611200.0,9,8.745,-5.774,0.65,0.74,49.26,300,732,0.40983,-0.665494962,0.372109644,0.007293812,-0.008858586,-0.002910362,BEARISH,['NORMAL'],SINGLE_LEG,N/A,N/A,N/A,['HK.LIST1067'],['HK.LIST23675']
HK.CHT260929P80000,HK.00941,CHT,2026-09-10 10:53:43,1789008823.0,BUY,1.47,1891,1389885.0,PUT,80.0,2026-09-29,1790611200.0,9,78.75,-1.587,1.44,1.47,11.688,408,7497,0.05442,-0.680078176,0.182606306,0.063697678,-0.015462678,-0.020461101,BEARISH,['NORMAL'],SINGLE_LEG,N/A,N/A,N/A,['HK.LIST1054'],"['HK.LIST1176', 'HK.LIST1214', 'HK.LIST1305', 'HK.LIST1344', 'HK.LIST1348', 'HK.LIST22928', 'HK.LIST23586', 'HK.LIST23589', 'HK.LIST24231']"
HK.WHL260929P19500,HK.00004,WHL,2026-09-10 10:39:51,1789007991.0,BUY,2.3,100,230000.0,PUT,19.5,2026-09-29,1790611200.0,9,18.69,-4.333,N/A,2.3,0.0,100,29,3.44827,0.0,0.0,0.0,0.0,0.0,BEARISH,['NORMAL'],SINGLE_LEG,N/A,N/A,N/A,['HK.LIST1019'],N/A
HK.PEC270929P9750,HK.00857,PEC,2026-09-10 10:32:37,1789007557.0,BUY,1.11,470,1043400.0,PUT,9.75,2027-09-29,1822147200.0,374,10.13,3.751,1.1,1.11,35.638,500,127,3.937,-0.358808287,0.105610528,0.038527016,-0.001419314,-0.036732574,BEARISH,['NORMAL'],SINGLE_LEG,N/A,N/A,N/A,['HK.LIST1042'],"['HK.LIST1175', 'HK.LIST1205', 'HK.LIST1241', 'HK.LIST1305', 'HK.LIST1344', 'HK.LIST1348', 'HK.LIST1362', 'HK.LIST22928']"
HK.ALB260918P115000,HK.09988,ALB,2026-09-10 10:25:18,1789007118.0,BUY,9.3,400,1860000.0,PUT,115.0,2026-09-18,1789660800.0,-2,106.0,-8.49,8.16,9.3,0.0,100,1,100.0,0.0,0.0,0.0,0.0,0.0,BEARISH,['NORMAL'],SINGLE_LEG,N/A,N/A,N/A,['HK.LIST23361'],"['HK.LIST1161', 'HK.LIST1191', 'HK.LIST1287', 'HK.LIST1289', 'HK.LIST1304', 'HK.LIST1328', 'HK.LIST22886', 'HK.LIST22928', 'HK.LIST23586', 'HK.LIST23589', 'HK.LIST23593', 'HK.LIST23674', 'HK.LIST24037', 'HK.LIST24062']"
HK.MNX261029P295000,HK.00100,MNX,2026-09-10 10:05:32,1789005932.0,BUY,40.13,1402,1125245.2,PUT,295.0,2026-10-29,1793203200.0,39,301.0,1.993,38.96,40.13,99.067,80,262,0.30534,-0.402893199,0.003548629,0.427306029,-0.417078626,-0.191395197,BEARISH,['NORMAL'],SINGLE_LEG,N/A,N/A,N/A,N/A,"['HK.LIST1288', 'HK.LIST23586', 'HK.LIST24037', 'HK.LIST24062', 'HK.LIST24126']"
HK.JXC260929P40000,HK.00358,JXC,2026-09-10 09:53:15,1789005195.0,BUY,2.15,108,232200.0,PUT,40.0,2026-09-29,1790611200.0,9,39.36,-1.626,2.07,2.16,49.8,108,1213,0.08903,-0.52920336,0.088809752,0.035923395,-0.044911777,-0.010722226,BEARISH,['NORMAL'],SINGLE_LEG,N/A,N/A,N/A,N/A,"['HK.LIST1312', 'HK.LIST1314', 'HK.LIST1348', 'HK.LIST24039']"
HK.PAI260929P57500,HK.02318,PAI,2026-09-10 09:34:26,1789004066.0,BUY,3.0,200,300000.0,PUT,57.5,2026-09-29,1790611200.0,9,54.75,-5.022,2.54,3.0,22.783,200,11015,0.01815,-0.818609214,0.100656393,0.03268825,-0.015963879,-0.016916942,BEARISH,['NORMAL'],SINGLE_LEG,N/A,N/A,N/A,['HK.LIST1003'],"['HK.LIST1110', 'HK.LIST1178', 'HK.LIST1305']"
HK.ZJM260929P35000,HK.02899,ZJM,2026-09-10 09:32:23,1789003943.0,BUY,0.51,407,415140.0,PUT,35.0,2026-09-29,1790611200.0,9,37.14,5.761,0.35,0.6,44.083,1213,1985,0.61108,-0.254424574,0.085308506,0.027373038,-0.030617657,-0.004863995,BEARISH,['NORMAL'],SINGLE_LEG,N/A,N/A,N/A,['HK.LIST1084'],"['HK.LIST1222', 'HK.LIST1305', 'HK.LIST1312', 'HK.LIST1314', 'HK.LIST1348', 'HK.LIST1362', 'HK.LIST24039']"
HK.HDO261127P11000,HK.06862,HDO,2026-09-10 09:32:16,1789003936.0,BUY,1.0,100,100000.0,PUT,11.0,2026-11-27,1795708800.0,68,10.37,-6.075,0.78,1.0,28.439,100,103,0.97087,-0.636511828,0.290452461,0.017847863,-0.002672438,-0.011736668,BEARISH,['NORMAL'],SINGLE_LEG,N/A,N/A,N/A,['HK.LIST1083'],['HK.LIST1998']
HK.HKB260929P165000,HK.00005,HKB,2026-09-10 09:30:01,1789003801.0,BUY,3.33,200,266400.0,PUT,165.0,2026-09-29,1790611200.0,9,163.9,-0.671,N/A,3.33,20.147,200,836,0.23923,-0.444893308,0.052008723,0.15006377,-0.072508335,-0.034593463,BEARISH,['NORMAL'],SINGLE_LEG,N/A,N/A,N/A,['HK.LIST1079'],"['HK.LIST1252', 'HK.LIST1305', 'HK.LIST23674']"
HK.MIU260929P36000,HK.01810,MIU,2026-09-09 15:57:23,1788940643.0,BUY,9.64,200,1928000.0,PUT,36.0,2026-09-29,1790611200.0,9,26.36,-36.57,8.97,9.64,0.0,200,13014,0.01536,0.0,0.0,0.0,0.0,0.0,BEARISH,['NORMAL'],SINGLE_LEG,N/A,N/A,N/A,['HK.LIST1055'],"['HK.LIST1161', 'HK.LIST1166', 'HK.LIST1217', 'HK.LIST1305', 'HK.LIST1328', 'HK.LIST1331', 'HK.LIST1351', 'HK.LIST22886', 'HK.LIST22910', 'HK.LIST22928', 'HK.LIST23586', 'HK.LIST23589', 'HK.LIST23593', 'HK.LIST23676', 'HK.LIST24037', 'HK.LIST24062']"
HK.CTS261029P26000,HK.06030,CTS,2026-09-09 14:52:33,1788936753.0,BUY,1.4,100,140000.0,PUT,26.0,2026-10-29,1793203200.0,39,25.74,-1.01,1.38,1.4,35.039,25,812,0.03078,-0.492152613,0.120962946,0.037925568,-0.012095857,-0.016168027,BEARISH,['NORMAL'],SINGLE_LEG,N/A,N/A,N/A,['HK.LIST1030'],"['HK.LIST1190', 'HK.LIST1243', 'HK.LIST1305', 'HK.LIST1348']"
HK.MTU260929P4400,HK.01357,MTU,2026-09-09 13:28:43,1788931723.0,BUY,0.24,975,234000.0,PUT,4.4,2026-09-29,1790611200.0,9,4.405,0.113,0.2,0.24,55.105,1815,1,1815.0,-0.464994532,0.699492385,0.004106816,-0.005483601,-0.001123863,BEARISH,['NORMAL'],SINGLE_LEG,N/A,N/A,N/A,N/A,"['HK.LIST23586', 'HK.LIST24037']"
HK.MTU260929P4400,HK.01357,MTU,2026-09-09 13:28:43,1788931723.0,BUY,0.24,525,126000.0,PUT,4.4,2026-09-29,1790611200.0,9,4.405,0.113,0.2,0.24,55.105,1890,1,1890.0,-0.464994532,0.699492385,0.004106816,-0.005483601,-0.001123863,BEARISH,['NORMAL'],SINGLE_LEG,N/A,N/A,N/A,N/A,"['HK.LIST23586', 'HK.LIST24037']"
HK.CSP260929P9000,HK.01093,CSP,2026-09-09 13:25:38,1788931538.0,BUY,0.42,420,352800.0,PUT,9.0,2026-09-29,1790611200.0,9,8.885,-1.294,0.38,0.42,44.814,439,1153,0.38074,-0.491112295,0.425221865,0.008376532,-0.009003635,-0.002342439,BEARISH,['NORMAL'],SINGLE_LEG,N/A,N/A,N/A,['HK.LIST1067'],['HK.LIST23675']
HK.TCH260918P435000,HK.00700,TCH,2026-09-09 13:08:00,1788930480.0,BUY,8.0,1843,1474400.0,PUT,435.0,2026-09-18,1789660800.0,-2,434.2,-0.184,7.9,8.0,28.428,2451,4269,0.57413,-0.495860168,0.020519749,0.273683635,-0.417826127,-0.049813041,BEARISH,['NORMAL'],SINGLE_LEG,N/A,N/A,N/A,['HK.LIST23363'],"['HK.LIST1161', 'HK.LIST1190', 'HK.LIST1191', 'HK.LIST1208', 'HK.LIST1289', 'HK.LIST1305', 'HK.LIST1328', 'HK.LIST1351', 'HK.LIST22886', 'HK.LIST22928', 'HK.LIST23586', 'HK.LIST23589', 'HK.LIST24037', 'HK.LIST24062']"
HK.TCH261127P450000,HK.00700,TCH,2026-09-09 13:03:27,1788930207.0,BUY,31.5,388,1222200.0,PUT,450.0,2026-11-27,1795708800.0,68,434.8,-3.495,31.36,31.5,30.708,494,7371,0.06701,-0.548782542,0.006561651,0.797786726,-0.132936083,-0.458104272,BEARISH,['NORMAL'],SINGLE_LEG,N/A,N/A,N/A,['HK.LIST23363'],"['HK.LIST1161', 'HK.LIST1190', 'HK.LIST1191', 'HK.LIST1208', 'HK.LIST1289', 'HK.LIST1305', 'HK.LIST1328', 'HK.LIST1351', 'HK.LIST22886', 'HK.LIST22928', 'HK.LIST23586', 'HK.LIST23589', 'HK.LIST24037', 'HK.LIST24062']"
HK.XIC261029P7750,HK.01398,XIC,2026-09-09 11:59:12,1788926352.0,BUY,0.369,1460,538740.0,PUT,7.75,2026-10-29,1793203200.0,39,7.58,-2.242,0.348,0.378,25.968,1630,1710,0.95321,-0.554234703,0.555636704,0.011057793,-0.00249065,-0.00500292,BEARISH,['NORMAL'],SINGLE_LEG,N/A,N/A,"[{'action_type': 7, 'action_time': '2026-10-09', 'action_timestamp': 1791475200.0}]",['HK.LIST1079'],"['HK.LIST1239', 'HK.LIST1305', 'HK.LIST1344', 'HK.LIST1348']"
HK.JDC261029P102500,HK.09618,JDC,2026-09-09 11:46:27,1788925587.0,BUY,2.84,200,284000.0,PUT,102.5,2026-10-29,1793203200.0,39,106.4,3.665,2.76,2.91,30.571,202,527,0.3833,-0.334727117,0.030397544,0.143434815,-0.040386124,-0.045677146,BEARISH,['NORMAL'],SINGLE_LEG,N/A,N/A,N/A,['HK.LIST23361'],"['HK.LIST1161', 'HK.LIST1304', 'HK.LIST22886', 'HK.LIST23586', 'HK.LIST23674', 'HK.LIST24037', 'HK.LIST24062']"
HK.TCH261230P400000,HK.00700,TCH,2026-09-09 11:04:54,1788923094.0,BUY,12.5,305,381250.0,PUT,400.0,2026-12-30,1798560000.0,101,434.8,8.003,12.44,12.5,30.301,10,31411,0.00031,-0.258835737,0.004465605,0.779048173,-0.094283952,-0.323186284,BEARISH,['NORMAL'],SINGLE_LEG,N/A,N/A,N/A,['HK.LIST23363'],"['HK.LIST1161', 'HK.LIST1190', 'HK.LIST1191', 'HK.LIST1208', 'HK.LIST1289', 'HK.LIST1305', 'HK.LIST1328', 'HK.LIST1351', 'HK.LIST22886', 'HK.LIST22928', 'HK.LIST23586', 'HK.LIST23589', 'HK.LIST24037', 'HK.LIST24062']"
HK.NWD261230P6750,HK.00017,NWD,2026-09-09 10:57:17,1788922637.0,BUY,1.12,106,118720.0,PUT,6.75,2026-12-30,1798560000.0,101,6.27,-7.655,1.08,1.12,61.693,734,223,3.29147,-0.508137485,0.189181737,0.01383833,-0.003448185,-0.010591718,BEARISH,['NORMAL'],SINGLE_LEG,2026-09-30,2,N/A,['HK.LIST1019'],N/A
HK.TCH260929P430000,HK.00700,TCH,2026-09-09 09:43:38,1788918218.0,BUY,7.83,502,393066.0,PUT,430.0,2026-09-29,1790611200.0,9,437.6,1.736,7.71,7.83,28.612,513,24331,0.02108,-0.366083217,0.012786726,0.388040856,-0.261444402,-0.08293414,BEARISH,['NORMAL'],SINGLE_LEG,N/A,N/A,N/A,['HK.LIST23363'],"['HK.LIST1161', 'HK.LIST1190', 'HK.LIST1191', 'HK.LIST1208', 'HK.LIST1289', 'HK.LIST1305', 'HK.LIST1328', 'HK.LIST1351', 'HK.LIST22886', 'HK.LIST22928', 'HK.LIST23586', 'HK.LIST23589', 'HK.LIST24037', 'HK.LIST24062']"
HK.BIU261029P87500,HK.09888,BIU,2026-09-09 09:36:31,1788917791.0,BUY,3.71,750,417375.0,PUT,87.5,2026-10-29,1793203200.0,39,90.5,3.314,3.47,3.73,38.8,750,19628,0.03821,-0.373479943,0.029302652,0.126745242,-0.045725153,-0.0446802,BEARISH,['NORMAL'],SINGLE_LEG,N/A,N/A,N/A,['HK.LIST23360'],"['HK.LIST1304', 'HK.LIST22886', 'HK.LIST23586', 'HK.LIST23589', 'HK.LIST24037', 'HK.LIST24062']"
HK.NWD261127P7000,HK.00017,NWD,2026-09-08 15:33:01,1788852781.0,BUY,1.01,185,186850.0,PUT,7.0,2026-11-27,1795708800.0,68,6.49,-7.858,0.97,1.01,61.102,18,78,0.23076,-0.539967469,0.216883303,0.012040051,-0.004219489,-0.008106984,BEARISH,['NORMAL'],SINGLE_LEG,2026-09-30,2,N/A,['HK.LIST1019'],N/A
HK.PEC260929P10000,HK.00857,PEC,2026-09-08 15:12:25,1788851545.0,BUY,0.25,621,310500.0,PUT,10.0,2026-09-29,1790611200.0,9,10.33,3.194,0.23,0.26,40.73,722,2549,0.28324,-0.343985513,0.365199864,0.009121138,-0.008565425,-0.001978714,BEARISH,['NORMAL'],SINGLE_LEG,N/A,N/A,"[{'action_type': 7, 'action_time': '2026-09-10', 'action_timestamp': 1788969600.0}]",['HK.LIST1042'],"['HK.LIST1175', 'HK.LIST1205', 'HK.LIST1241', 'HK.LIST1305', 'HK.LIST1344', 'HK.LIST1348', 'HK.LIST1362', 'HK.LIST22928']"
HK.PAI261230P55000,HK.02318,PAI,2026-09-08 14:19:44,1788848384.0,BUY,2.5,200,250000.0,PUT,55.0,2026-12-30,1798560000.0,101,55.5,0.9,2.44,2.5,24.529,500,17647,0.02833,-0.417708937,0.05294449,0.119984331,-0.010900607,-0.062804697,BEARISH,['NORMAL'],SINGLE_LEG,N/A,N/A,N/A,['HK.LIST1003'],"['HK.LIST1110', 'HK.LIST1178', 'HK.LIST1305']"
HK.MET260918P80000,HK.03690,MET,2026-09-08 13:57:44,1788847064.0,BUY,1.91,355,339025.0,PUT,80.0,2026-09-18,1789660800.0,-2,80.7,0.867,1.81,1.91,41.851,270,12,22.5,-0.430973909,0.070125016,0.052691316,-0.108604284,-0.009257891,BEARISH,['NORMAL'],SINGLE_LEG,N/A,N/A,N/A,['HK.LIST23361'],"['HK.LIST1305', 'HK.LIST1998', 'HK.LIST22886', 'HK.LIST22928', 'HK.LIST23586', 'HK.LIST24037', 'HK.LIST24062']"
HK.BUD270929P8000,HK.01876,BUD,2026-09-08 13:10:04,1788844204.0,BUY,2.08,600,1248000.0,PUT,8.0,2027-09-29,1822147200.0,374,6.135,-30.399,1.98,2.09,35.165,651,504,1.29166,-0.724807394,0.205741891,0.019944564,-0.000585205,-0.032462143,BEARISH,['NORMAL'],SINGLE_LEG,N/A,N/A,N/A,N/A,"['HK.LIST1181', 'HK.LIST1305', 'HK.LIST1998', 'HK.LIST24231']"
HK.CAT261029P530000,HK.03750,CAT,2026-09-08 13:06:25,1788843985.0,BUY,16.68,200,333600.0,PUT,530.0,2026-10-29,1793203200.0,39,560.0,5.357,16.08,16.68,37.014,575,82,7.01219,-0.305797421,0.004536837,0.73478037,-0.249782011,-0.230269742,BEARISH,['NORMAL'],SINGLE_LEG,N/A,N/A,N/A,['HK.LIST1354'],['HK.LIST1334']
HK.AAC260929P39000,HK.02018,AAC,2026-09-08 13:05:52,1788843952.0,BUY,0.89,175,155750.0,PUT,39.0,2026-09-29,1790611200.0,9,41.32,5.614,0.83,0.89,46.692,137,284,0.48239,-0.277910781,0.072361853,0.033324491,-0.035981151,-0.006518771,BEARISH,['NORMAL'],SINGLE_LEG,N/A,N/A,N/A,['HK.LIST1055'],"['HK.LIST1166', 'HK.LIST1328', 'HK.LIST1351', 'HK.LIST23593', 'HK.LIST24242']"
HK.CAT261029P530000,HK.03750,CAT,2026-09-08 11:24:26,1788837866.0,BUY,16.8,200,336000.0,PUT,530.0,2026-10-29,1793203200.0,39,559.0,5.187,16.34,16.79,36.682,505,82,6.15853,-0.311588767,0.004625955,0.739338105,-0.24841323,-0.233977556,BEARISH,['NORMAL'],SINGLE_LEG,N/A,N/A,N/A,['HK.LIST1354'],['HK.LIST1334']
HK.CPI270629P33000,HK.02601,CPI,2026-09-08 11:12:49,1788837169.0,BUY,5.6,100,560000.0,PUT,33.0,2027-06-29,1814198400.0,282,29.68,-11.185,5.09,6.02,39.021,300,N/A,0.0,-0.532957808,0.041294526,0.104721132,-0.0053965,-0.118551952,BEARISH,['NORMAL'],SINGLE_LEG,N/A,N/A,N/A,N/A,"['HK.LIST1287', 'HK.LIST1305']"
HK.CPI270629P33000,HK.02601,CPI,2026-09-08 11:11:55,1788837115.0,BUY,5.6,100,560000.0,PUT,33.0,2027-06-29,1814198400.0,282,29.72,-11.036,5.09,6.02,39.021,200,N/A,0.0,-0.532957808,0.041294526,0.104721132,-0.0053965,-0.118551952,BEARISH,['NORMAL'],SINGLE_LEG,N/A,N/A,N/A,N/A,"['HK.LIST1287', 'HK.LIST1305']"
HK.HEX260929P410000,HK.00388,HEX,2026-09-08 11:07:28,1788836848.0,BUY,11.4,200,228000.0,PUT,410.0,2026-09-29,1790611200.0,9,401.8,-2.04,10.98,11.4,18.302,34,5266,0.00645,-0.648848775,0.021671233,0.356956625,-0.13322616,-0.122572326,BEARISH,['NORMAL'],SINGLE_LEG,2026-11-06,0,N/A,N/A,['HK.LIST1305']
HK.PEC261127P10500,HK.00857,PEC,2026-09-08 11:02:48,1788836568.0,BUY,0.91,100,182000.0,PUT,10.5,2026-11-27,1795708800.0,68,10.15,-3.448,0.87,0.91,39.089,100,120,0.83333,-0.521697762,0.218335047,0.018907231,-0.004092897,-0.010980002,BEARISH,['NORMAL'],SINGLE_LEG,N/A,N/A,"[{'action_type': 7, 'action_time': '2026-09-10', 'action_timestamp': 1788969600.0}]",['HK.LIST1042'],"['HK.LIST1175', 'HK.LIST1205', 'HK.LIST1241', 'HK.LIST1305', 'HK.LIST1344', 'HK.LIST1348', 'HK.LIST1362', 'HK.LIST22928']"
HK.CPI270929P21000,HK.02601,CPI,2026-09-08 10:24:55,1788834295.0,BUY,0.81,130,105300.0,PUT,21.0,2027-09-29,1822147200.0,374,29.76,29.435,0.72,0.81,37.172,131,186,0.7043,-0.115479132,0.017221181,0.059627172,-0.002514851,-0.035649279,BEARISH,['NORMAL'],SINGLE_LEG,N/A,N/A,N/A,N/A,"['HK.LIST1287', 'HK.LIST1305']"
HK.BUD270929P8000,HK.01876,BUD,2026-09-08 10:20:19,1788834019.0,BUY,2.1,273,573300.0,PUT,8.0,2027-09-29,1822147200.0,374,6.115,-30.825,2.02,2.11,36.362,273,504,0.54166,-0.713956367,0.198234477,0.020377579,-0.000628259,-0.033262017,BEARISH,['NORMAL'],SINGLE_LEG,N/A,N/A,N/A,N/A,"['HK.LIST1181', 'HK.LIST1305', 'HK.LIST1998', 'HK.LIST24231']"
HK.TCH260918P435000,HK.00700,TCH,2026-09-08 10:11:39,1788833499.0,BUY,7.34,615,451410.0,PUT,435.0,2026-09-18,1789660800.0,-2,437.4,0.548,7.25,7.34,29.918,2002,2237,0.89494,-0.438774424,0.018040014,0.288649817,-0.413334962,-0.050368542,BEARISH,['NORMAL'],SINGLE_LEG,N/A,N/A,N/A,['HK.LIST23363'],"['HK.LIST1161', 'HK.LIST1190', 'HK.LIST1191', 'HK.LIST1208', 'HK.LIST1289', 'HK.LIST1305', 'HK.LIST1328', 'HK.LIST1351', 'HK.LIST22886', 'HK.LIST22928', 'HK.LIST23586', 'HK.LIST23589', 'HK.LIST24037', 'HK.LIST24062']"
HK.TCH260918P435000,HK.00700,TCH,2026-09-08 10:11:20,1788833480.0,BUY,7.34,1285,943190.0,PUT,435.0,2026-09-18,1789660800.0,-2,437.4,0.548,7.25,7.34,29.918,1387,2237,0.62002,-0.438774424,0.018040014,0.288649817,-0.413334962,-0.050368542,BEARISH,['NORMAL'],SINGLE_LEG,N/A,N/A,N/A,['HK.LIST23363'],"['HK.LIST1161', 'HK.LIST1190', 'HK.LIST1191', 'HK.LIST1208', 'HK.LIST1289', 'HK.LIST1305', 'HK.LIST1328', 'HK.LIST1351', 'HK.LIST22886', 'HK.LIST22928', 'HK.LIST23586', 'HK.LIST23589', 'HK.LIST24037', 'HK.LIST24062']"
HK.PEC261127P9500,HK.00857,PEC,2026-09-08 09:38:25,1788831505.0,BUY,0.38,142,107920.0,PUT,9.5,2026-11-27,1795708800.0,68,10.01,5.094,0.36,0.38,34.326,142,425,0.33411,-0.326173908,0.225553445,0.016887833,-0.003294502,-0.00680882,BEARISH,['NORMAL'],SINGLE_LEG,N/A,N/A,"[{'action_type': 7, 'action_time': '2026-09-10', 'action_timestamp': 1788969600.0}]",['HK.LIST1042'],"['HK.LIST1175', 'HK.LIST1205', 'HK.LIST1241', 'HK.LIST1305', 'HK.LIST1344', 'HK.LIST1348', 'HK.LIST1362', 'HK.LIST22928']"
HK.TCH260929P420000,HK.00700,TCH,2026-09-08 09:32:57,1788831177.0,BUY,5.25,848,445200.0,PUT,420.0,2026-09-29,1790611200.0,9,437.0,3.89,5.07,5.25,29.153,863,12393,0.06963,-0.267033794,0.010721111,0.346391699,-0.227903661,-0.063787549,BEARISH,['NORMAL'],SINGLE_LEG,N/A,N/A,N/A,['HK.LIST23363'],"['HK.LIST1161', 'HK.LIST1190', 'HK.LIST1191', 'HK.LIST1208', 'HK.LIST1289', 'HK.LIST1305', 'HK.LIST1328', 'HK.LIST1351', 'HK.LIST22886', 'HK.LIST22928', 'HK.LIST23586', 'HK.LIST23589', 'HK.LIST24037', 'HK.LIST24062']"
HK.CMB261230P55000,HK.03968,CMB,2026-09-07 15:56:10,1788767770.0,BUY,4.58,600,1374000.0,PUT,55.0,2026-12-30,1798560000.0,101,51.8,-6.177,4.46,4.64,25.866,750,496,1.51209,-0.615959238,0.054998682,0.109131596,-0.009703477,-0.079822405,BEARISH,['NORMAL'],SINGLE_LEG,N/A,N/A,N/A,['HK.LIST1079'],"['HK.LIST1178', 'HK.LIST1239', 'HK.LIST1305']"
HK.TCH261029P430000,HK.00700,TCH,2026-09-07 15:51:00,1788767460.0,BUY,14.06,500,703000.0,PUT,430.0,2026-10-29,1793203200.0,39,438.8,2.005,13.82,14.06,28.978,1102,4823,0.22848,-0.388865608,0.008065109,0.633553735,-0.160762729,-0.223577363,BEARISH,['NORMAL'],SINGLE_LEG,N/A,N/A,N/A,['HK.LIST23363'],"['HK.LIST1161', 'HK.LIST1190', 'HK.LIST1191', 'HK.LIST1208', 'HK.LIST1289', 'HK.LIST1305', 'HK.LIST1328', 'HK.LIST1351', 'HK.LIST22886', 'HK.LIST22928', 'HK.LIST23586', 'HK.LIST23589', 'HK.LIST24037', 'HK.LIST24062']"
HK.CSE260929P45000,HK.01088,CSE,2026-09-07 15:17:16,1788765436.0,BUY,1.25,185,115625.0,PUT,45.0,2026-09-29,1790611200.0,9,44.66,-0.761,1.21,1.25,25.126,234,374,0.62566,-0.524658975,0.14613227,0.04358233,-0.02292508,-0.012617358,BEARISH,['NORMAL'],SINGLE_LEG,N/A,N/A,N/A,N/A,"['HK.LIST1216', 'HK.LIST1305', 'HK.LIST1314', 'HK.LIST1344', 'HK.LIST1348', 'HK.LIST22928']"
HK.MET270629P90000,HK.03690,MET,2026-09-07 11:59:56,1788753596.0,BUY,17.25,200,1725000.0,PUT,90.0,2027-06-29,1814198400.0,282,80.1,-12.359,N/A,17.36,44.118,202,7947,0.02541,-0.521848429,0.013395089,0.284332795,-0.016921241,-0.332578705,BEARISH,['NORMAL'],SINGLE_LEG,N/A,N/A,N/A,['HK.LIST23361'],"['HK.LIST1305', 'HK.LIST1998', 'HK.LIST22886', 'HK.LIST22928', 'HK.LIST23586', 'HK.LIST24037', 'HK.LIST24062']"
HK.HRB261127P4400,HK.09660,HRB,2026-09-07 11:51:52,1788753112.0,BUY,0.39,100,117000.0,PUT,4.4,2026-11-27,1795708800.0,68,4.415,0.339,0.37,0.39,49.783,100,N/A,0.0,-0.430178774,0.381369862,0.008194142,-0.002316862,-0.004284974,BEARISH,['NORMAL'],SINGLE_LEG,N/A,N/A,N/A,['HK.LIST23363'],"['HK.LIST22912', 'HK.LIST23586', 'HK.LIST23589', 'HK.LIST23593', 'HK.LIST24037', 'HK.LIST24339']"
HK.BYD260929P82500,HK.01211,BYD,2026-09-07 11:48:34,1788752914.0,BUY,1.98,255,252450.0,PUT,82.5,2026-09-29,1790611200.0,9,84.3,2.135,1.91,1.98,34.495,264,3737,0.07064,-0.374111088,0.053046259,0.078664549,-0.058695522,-0.018160879,BEARISH,['NORMAL'],SINGLE_LEG,N/A,N/A,N/A,N/A,"['HK.LIST1180', 'HK.LIST1217', 'HK.LIST1305', 'HK.LIST1314', 'HK.LIST1334', 'HK.LIST22910', 'HK.LIST23589']"
HK.HEX260929P410000,HK.00388,HEX,2026-09-07 11:45:55,1788752755.0,BUY,10.4,200,208000.0,PUT,410.0,2026-09-29,1790611200.0,9,403.8,-1.535,10.05,10.4,18.39,237,5271,0.04496,-0.605402995,0.021629475,0.381127651,-0.138225935,-0.122945299,BEARISH,['NORMAL'],SINGLE_LEG,2026-11-06,0,N/A,N/A,['HK.LIST1305']
HK.MIU261029P27000,HK.01810,MIU,2026-09-07 11:34:15,1788752055.0,BUY,1.54,200,308000.0,PUT,27.0,2026-10-29,1793203200.0,39,27.28,1.026,1.51,1.54,42.479,1193,4696,0.25404,-0.429407744,0.090228834,0.040478258,-0.015350638,-0.016286351,BEARISH,['NORMAL'],SINGLE_LEG,N/A,N/A,N/A,['HK.LIST1055'],"['HK.LIST1161', 'HK.LIST1166', 'HK.LIST1217', 'HK.LIST1305', 'HK.LIST1328', 'HK.LIST1331', 'HK.LIST1351', 'HK.LIST22886', 'HK.LIST22910', 'HK.LIST22928', 'HK.LIST23586', 'HK.LIST23589', 'HK.LIST23593', 'HK.LIST23676', 'HK.LIST24037', 'HK.LIST24062']"
HK.POP260929P155000,HK.09992,POP,2026-09-07 10:54:27,1788749667.0,BUY,3.8,470,357200.0,PUT,155.0,2026-09-29,1790611200.0,9,156.9,1.21,3.5,3.78,30.584,5672,45097,0.12577,-0.410430941,0.033008999,0.150331167,-0.098318787,-0.0365384,BEARISH,['NORMAL'],SINGLE_LEG,N/A,N/A,N/A,['HK.LIST1047'],"['HK.LIST1328', 'HK.LIST23676']"
HK.ALC261127P8750,HK.02600,ALC,2026-09-07 10:36:27,1788748587.0,BUY,0.9,100,180000.0,PUT,8.75,2026-11-27,1795708800.0,68,8.685,-0.748,0.87,0.9,54.487,100,193,0.51813,-0.448926702,0.178891241,0.016197352,-0.005024184,-0.008957058,BEARISH,['NORMAL'],SINGLE_LEG,N/A,N/A,"[{'action_type': 7, 'action_time': '2026-09-09', 'action_timestamp': 1788883200.0}]",['HK.LIST1078'],"['HK.LIST1312', 'HK.LIST1348']"
HK.POP260929P150000,HK.09992,POP,2026-09-07 10:22:15,1788747735.0,BUY,2.35,4900,2303000.0,PUT,150.0,2026-09-29,1790611200.0,9,154.9,3.163,2.27,2.35,29.639,5007,9425,0.53124,-0.30672913,0.031080235,0.134124033,-0.085544304,-0.027144277,BEARISH,['NORMAL'],SINGLE_LEG,N/A,N/A,N/A,['HK.LIST1047'],"['HK.LIST1328', 'HK.LIST23676']"
HK.YZC260929P12500,HK.01171,YZC,2026-09-07 10:15:40,1788747340.0,BUY,0.43,270,232200.0,PUT,12.5,2026-09-29,1790611200.0,9,12.77,2.114,0.39,0.43,44.764,124,213,0.58215,-0.394472678,0.273528361,0.012125586,-0.011820888,-0.002991409,BEARISH,['NORMAL'],SINGLE_LEG,N/A,N/A,"[{'action_type': 7, 'action_time': '2026-09-10', 'action_timestamp': 1788969600.0}]",['HK.LIST1044'],"['HK.LIST1216', 'HK.LIST1314', 'HK.LIST1348']"
HK.POP260929P155000,HK.09992,POP,2026-09-07 10:10:00,1788747000.0,BUY,4.4,4455,3920400.0,PUT,155.0,2026-09-29,1790611200.0,9,155.0,0.0,4.27,4.4,29.965,5032,45097,0.11158,-0.467582219,0.034870711,0.152120687,-0.096563354,-0.040805458,BEARISH,['NORMAL'],SINGLE_LEG,N/A,N/A,N/A,['HK.LIST1047'],"['HK.LIST1328', 'HK.LIST23676']"
HK.CTC260929P5000,HK.00728,CTC,2026-09-04 15:28:31,1788506911.0,BUY,0.34,200,136000.0,PUT,5.0,2026-09-29,1790611200.0,9,4.68,-6.837,0.31,0.34,0.0,215,2518,0.08538,0.0,0.0,0.0,0.0,0.0,BEARISH,['NORMAL'],SINGLE_LEG,N/A,N/A,N/A,['HK.LIST1054'],"['HK.LIST1176', 'HK.LIST1214', 'HK.LIST1305', 'HK.LIST1344', 'HK.LIST1348', 'HK.LIST22928', 'HK.LIST23586', 'HK.LIST23589']"
HK.ZJI260929P1250000,HK.03308,ZJI,2026-09-04 14:45:01,1788504301.0,BUY,266.0,116,1542800.0,PUT,1250.0,2026-09-29,1790611200.0,9,1000.0,-25.0,239.59,266.0,81.845,117,1,117.0,-0.824486805,0.001238758,0.674525117,-1.012958231,-0.569024849,BEARISH,['NORMAL'],SINGLE_LEG,N/A,N/A,N/A,['HK.LIST23851'],"['HK.LIST1290', 'HK.LIST24024']"
HK.MNX260929P330000,HK.00100,MNX,2026-09-04 14:44:07,1788504247.0,BUY,22.5,955,429750.0,PUT,330.0,2026-09-29,1790611200.0,9,358.4,7.924,21.0,22.09,94.462,1540,1040,1.48076,-0.324235092,0.004069058,0.33664247,-0.627246137,-0.086673781,BEARISH,['NORMAL'],SINGLE_LEG,N/A,N/A,N/A,N/A,"['HK.LIST1288', 'HK.LIST23586', 'HK.LIST24037', 'HK.LIST24062', 'HK.LIST24126']"
HK.CSP261127P8500,HK.01093,CSP,2026-09-04 13:37:49,1788500269.0,BUY,0.4,300,240000.0,PUT,8.5,2026-11-27,1795708800.0,68,9.695,12.325,0.38,0.4,50.997,200,513,0.38986,-0.244407447,0.132746908,0.014600828,-0.004182493,-0.005550951,BEARISH,['NORMAL'],SINGLE_LEG,N/A,N/A,"[{'action_type': 7, 'action_time': '2026-10-20', 'action_timestamp': 1792425600.0}]",['HK.LIST1067'],['HK.LIST23675']
HK.CMB261230P55000,HK.03968,CMB,2026-09-04 13:34:34,1788500074.0,BUY,3.75,200,375000.0,PUT,55.0,2026-12-30,1798560000.0,101,53.15,-3.48,3.61,3.8,24.588,254,114,2.22807,-0.551382967,0.056695858,0.117655743,-0.009830024,-0.07732849,BEARISH,['NORMAL'],SINGLE_LEG,N/A,N/A,N/A,['HK.LIST1079'],"['HK.LIST1178', 'HK.LIST1239', 'HK.LIST1305']"
HK.HRB261127P4300,HK.09660,HRB,2026-09-04 13:28:07,1788499687.0,BUY,0.39,150,175500.0,PUT,4.3,2026-11-27,1795708800.0,68,4.315,0.347,0.36,0.39,48.932,167,N/A,0.0,-0.433433959,0.39171581,0.008144303,-0.00217683,-0.004348085,BEARISH,['NORMAL'],SINGLE_LEG,N/A,N/A,N/A,['HK.LIST23363'],"['HK.LIST22912', 'HK.LIST23586', 'HK.LIST23589', 'HK.LIST23593', 'HK.LIST24037', 'HK.LIST24339']"
HK.ALB261127P112500,HK.09988,ALB,2026-09-04 13:04:46,1788498286.0,BUY,9.48,500,2370000.0,PUT,112.5,2026-11-27,1795708800.0,68,110.7,-1.626,9.42,9.48,42.868,2541,3655,0.69521,-0.473446164,0.017699657,0.211408323,-0.048626966,-0.117725273,BEARISH,['NORMAL'],SINGLE_LEG,N/A,N/A,N/A,['HK.LIST23361'],"['HK.LIST1161', 'HK.LIST1191', 'HK.LIST1287', 'HK.LIST1289', 'HK.LIST1304', 'HK.LIST1328', 'HK.LIST22886', 'HK.LIST22928', 'HK.LIST23586', 'HK.LIST23589', 'HK.LIST23593', 'HK.LIST23674', 'HK.LIST24037', 'HK.LIST24062']"
HK.KSO261127P26000,HK.03888,KSO,2026-09-04 11:59:56,1788494396.0,BUY,2.01,100,201000.0,PUT,26.0,2026-11-27,1795708800.0,68,26.0,0.0,1.95,2.01,42.26,110,231,0.47619,-0.442796602,0.075672741,0.049264422,-0.01121728,-0.025905298,BEARISH,['NORMAL'],SINGLE_LEG,N/A,N/A,N/A,['HK.LIST1100'],"['HK.LIST1190', 'HK.LIST1191', 'HK.LIST1192', 'HK.LIST1208', 'HK.LIST1289', 'HK.LIST1331', 'HK.LIST23586', 'HK.LIST24037']"
HK.JDC261029P100000,HK.09618,JDC,2026-09-04 11:29:46,1788492586.0,BUY,1.28,400,256000.0,PUT,100.0,2026-10-29,1793203200.0,39,111.4,10.233,1.24,1.31,32.119,190,480,0.39583,-0.164324222,0.017816239,0.107215433,-0.029430924,-0.026055026,BEARISH,['NORMAL'],SINGLE_LEG,N/A,N/A,N/A,['HK.LIST23361'],"['HK.LIST1161', 'HK.LIST1304', 'HK.LIST22886', 'HK.LIST23586', 'HK.LIST23674', 'HK.LIST24037', 'HK.LIST24062']"
HK.COS261127P15500,HK.01919,COS,2026-09-04 11:00:51,1788490851.0,BUY,0.71,100,177500.0,PUT,15.5,2026-11-27,1795708800.0,68,16.03,3.306,0.68,0.71,32.966,300,130,2.30769,-0.366063815,0.149816935,0.028917197,-0.005094685,-0.012704933,BEARISH,['NORMAL'],SINGLE_LEG,N/A,N/A,"[{'action_type': 7, 'action_time': '2026-09-23', 'action_timestamp': 1790092800.0}]",['HK.LIST1066'],"['HK.LIST1175', 'HK.LIST1213', 'HK.LIST1348']"
HK.ALB261127P112500,HK.09988,ALB,2026-09-04 10:59:11,1788490751.0,BUY,9.03,500,2257500.0,PUT,112.5,2026-11-27,1795708800.0,68,111.7,-0.716,8.99,9.03,42.463,2041,3655,0.55841,-0.459730104,0.017664651,0.212451611,-0.048443662,-0.115266723,BEARISH,['NORMAL'],SINGLE_LEG,N/A,N/A,N/A,['HK.LIST23361'],"['HK.LIST1161', 'HK.LIST1191', 'HK.LIST1287', 'HK.LIST1289', 'HK.LIST1304', 'HK.LIST1328', 'HK.LIST22886', 'HK.LIST22928', 'HK.LIST23586', 'HK.LIST23589', 'HK.LIST23593', 'HK.LIST23674', 'HK.LIST24037', 'HK.LIST24062']"
HK.BUD270929P8000,HK.01876,BUD,2026-09-04 10:51:24,1788490284.0,BUY,2.35,500,1175000.0,PUT,8.0,2027-09-29,1822147200.0,374,5.835,-37.103,2.28,2.35,38.139,500,4,125.0,-0.7478089,0.196026029,0.018162797,-0.000571793,-0.032076383,BEARISH,['NORMAL'],SINGLE_LEG,N/A,N/A,N/A,N/A,"['HK.LIST1181', 'HK.LIST1305', 'HK.LIST1998', 'HK.LIST24231']"
HK.CPI270929P31000,HK.02601,CPI,2026-09-04 10:40:07,1788489607.0,BUY,4.13,120,495600.0,PUT,31.0,2027-09-29,1822147200.0,374,31.62,1.96,3.94,4.13,38.264,120,N/A,0.0,-0.373411032,0.031645065,0.123189635,-0.004817168,-0.124139885,BEARISH,['NORMAL'],SINGLE_LEG,N/A,N/A,"[{'action_type': 7, 'action_time': '2026-09-08', 'action_timestamp': 1788796800.0}]",N/A,"['HK.LIST1287', 'HK.LIST1305']"
HK.COS261127P15500,HK.01919,COS,2026-09-04 10:26:38,1788488798.0,BUY,0.68,100,170000.0,PUT,15.5,2026-11-27,1795708800.0,68,16.1,3.726,0.66,0.68,33.062,300,130,2.30769,-0.348568771,0.145580693,0.028646739,-0.005078369,-0.012223363,BEARISH,['NORMAL'],SINGLE_LEG,N/A,N/A,"[{'action_type': 7, 'action_time': '2026-09-23', 'action_timestamp': 1790092800.0}]",['HK.LIST1066'],"['HK.LIST1175', 'HK.LIST1213', 'HK.LIST1348']"
HK.ZJM260929P34000,HK.02899,ZJM,2026-09-04 10:20:23,1788488423.0,BUY,0.63,933,1175580.0,PUT,34.0,2026-09-29,1790611200.0,9,36.5,6.849,0.61,0.63,43.552,97,3567,0.02719,-0.237977236,0.074004609,0.029732736,-0.024923314,-0.005861647,BEARISH,['NORMAL'],SINGLE_LEG,N/A,N/A,N/A,['HK.LIST1084'],"['HK.LIST1222', 'HK.LIST1305', 'HK.LIST1312', 'HK.LIST1314', 'HK.LIST1348', 'HK.LIST1362', 'HK.LIST24039']"
HK.ALB261127P112500,HK.09988,ALB,2026-09-04 10:04:36,1788487476.0,BUY,9.34,500,2335000.0,PUT,112.5,2026-11-27,1795708800.0,68,111.0,-1.351,9.26,9.34,42.378,1500,3655,0.41039,-0.472249423,0.017873313,0.211705031,-0.048026112,-0.117427244,BEARISH,['NORMAL'],SINGLE_LEG,N/A,N/A,N/A,['HK.LIST23361'],"['HK.LIST1161', 'HK.LIST1191', 'HK.LIST1287', 'HK.LIST1289', 'HK.LIST1304', 'HK.LIST1328', 'HK.LIST22886', 'HK.LIST22928', 'HK.LIST23586', 'HK.LIST23589', 'HK.LIST23593', 'HK.LIST23674', 'HK.LIST24037', 'HK.LIST24062']"
HK.CPI261029P29000,HK.02601,CPI,2026-09-04 10:00:04,1788487204.0,BUY,0.5,220,110000.0,PUT,29.0,2026-10-29,1793203200.0,39,31.9,9.09,0.48,0.5,33.032,543,497,1.09255,-0.20116335,0.068807831,0.034783769,-0.009784164,-0.0091752,BEARISH,['NORMAL'],SINGLE_LEG,N/A,N/A,"[{'action_type': 7, 'action_time': '2026-09-08', 'action_timestamp': 1788796800.0}]",N/A,"['HK.LIST1287', 'HK.LIST1305']"
HK.COS261127P15500,HK.01919,COS,2026-09-04 09:58:09,1788487089.0,BUY,0.62,100,155000.0,PUT,15.5,2026-11-27,1795708800.0,68,16.26,4.674,0.6,0.62,32.672,100,130,0.76923,-0.328711387,0.142726809,0.028238273,-0.004958545,-0.011623206,BEARISH,['NORMAL'],SINGLE_LEG,N/A,N/A,"[{'action_type': 7, 'action_time': '2026-09-23', 'action_timestamp': 1790092800.0}]",['HK.LIST1066'],"['HK.LIST1175', 'HK.LIST1213', 'HK.LIST1348']"
HK.COS260929P16000,HK.01919,COS,2026-09-04 09:58:04,1788487084.0,BUY,0.54,164,221400.0,PUT,16.0,2026-09-29,1790611200.0,9,16.27,1.659,0.49,0.52,38.824,99,144,0.6875,-0.401276441,0.233328835,0.016553371,-0.012189044,-0.004333495,BEARISH,['NORMAL'],SINGLE_LEG,N/A,N/A,"[{'action_type': 7, 'action_time': '2026-09-23', 'action_timestamp': 1790092800.0}]",['HK.LIST1066'],"['HK.LIST1175', 'HK.LIST1213', 'HK.LIST1348']"
HK.ALB261127P112500,HK.09988,ALB,2026-09-04 09:52:00,1788486720.0,BUY,9.45,500,2362500.0,PUT,112.5,2026-11-27,1795708800.0,68,111.0,-1.351,9.38,9.45,42.754,1000,3655,0.27359,-0.471762015,0.017710616,0.211706972,-0.048488817,-0.117562991,BEARISH,['NORMAL'],SINGLE_LEG,N/A,N/A,N/A,['HK.LIST23361'],"['HK.LIST1161', 'HK.LIST1191', 'HK.LIST1287', 'HK.LIST1289', 'HK.LIST1304', 'HK.LIST1328', 'HK.LIST22886', 'HK.LIST22928', 'HK.LIST23586', 'HK.LIST23589', 'HK.LIST23593', 'HK.LIST23674', 'HK.LIST24037', 'HK.LIST24062']"
HK.CPI261029P29000,HK.02601,CPI,2026-09-04 09:47:13,1788486433.0,BUY,0.56,300,168000.0,PUT,29.0,2026-10-29,1793203200.0,39,31.54,8.053,0.55,0.56,33.084,146,497,0.29376,-0.224333671,0.073989881,0.036699617,-0.010311626,-0.010138885,BEARISH,['NORMAL'],SINGLE_LEG,N/A,N/A,"[{'action_type': 7, 'action_time': '2026-09-08', 'action_timestamp': 1788796800.0}]",N/A,"['HK.LIST1287', 'HK.LIST1305']"
HK.ALB261127P112500,HK.09988,ALB,2026-09-04 09:44:21,1788486261.0,BUY,9.59,500,2397500.0,PUT,112.5,2026-11-27,1795708800.0,68,110.5,-1.809,9.54,9.59,42.32,500,3655,0.13679,-0.483098741,0.018037514,0.210870672,-0.047651396,-0.119230683,BEARISH,['NORMAL'],SINGLE_LEG,N/A,N/A,N/A,['HK.LIST23361'],"['HK.LIST1161', 'HK.LIST1191', 'HK.LIST1287', 'HK.LIST1289', 'HK.LIST1304', 'HK.LIST1328', 'HK.LIST22886', 'HK.LIST22928', 'HK.LIST23586', 'HK.LIST23589', 'HK.LIST23593', 'HK.LIST23674', 'HK.LIST24037', 'HK.LIST24062']"
HK.TCH260929P430000,HK.00700,TCH,2026-09-04 09:30:16,1788485416.0,BUY,8.0,538,430400.0,PUT,430.0,2026-09-29,1790611200.0,9,441.8,2.67,7.33,8.0,29.145,539,20551,0.02622,-0.338490795,0.010843884,0.424546506,-0.232312076,-0.09656852,BEARISH,['NORMAL'],SINGLE_LEG,N/A,N/A,N/A,['HK.LIST23363'],"['HK.LIST1161', 'HK.LIST1190', 'HK.LIST1191', 'HK.LIST1208', 'HK.LIST1289', 'HK.LIST1305', 'HK.LIST1328', 'HK.LIST1351', 'HK.LIST22886', 'HK.LIST22928', 'HK.LIST23586', 'HK.LIST23589', 'HK.LIST24037', 'HK.LIST24062']"
HK.TRP261029P320000,HK.09961,TRP,2026-09-03 15:50:22,1788421822.0,BUY,14.66,250,549750.0,PUT,320.0,2026-10-29,1793203200.0,39,324.0,1.234,14.46,14.66,34.687,586,665,0.8812,-0.426093336,0.009006978,0.495985957,-0.140588903,-0.19879087,BEARISH,['NORMAL'],SINGLE_LEG,N/A,N/A,N/A,['HK.LIST1034'],"['HK.LIST1304', 'HK.LIST1998', 'HK.LIST22886']"
HK.TRP261029P320000,HK.09961,TRP,2026-09-03 15:49:45,1788421785.0,BUY,14.55,231,504157.5,PUT,320.0,2026-10-29,1793203200.0,39,323.8,1.173,14.38,14.55,34.433,321,665,0.4827,-0.420518967,0.009029941,0.495551849,-0.139480052,-0.196481022,BEARISH,['NORMAL'],SINGLE_LEG,N/A,N/A,N/A,['HK.LIST1034'],"['HK.LIST1304', 'HK.LIST1998', 'HK.LIST22886']"
HK.ALB261029P105000,HK.09988,ALB,2026-09-03 15:28:55,1788420535.0,BUY,5.3,500,1325000.0,PUT,105.0,2026-10-29,1793203200.0,39,107.0,1.869,5.26,5.33,39.342,663,6773,0.09788,-0.410702442,0.023792307,0.162622535,-0.052895371,-0.064785173,BEARISH,['NORMAL'],SINGLE_LEG,N/A,N/A,N/A,['HK.LIST23361'],"['HK.LIST1161', 'HK.LIST1191', 'HK.LIST1287', 'HK.LIST1289', 'HK.LIST1304', 'HK.LIST1328', 'HK.LIST22886', 'HK.LIST22928', 'HK.LIST23586', 'HK.LIST23589', 'HK.LIST23593', 'HK.LIST23674', 'HK.LIST24037', 'HK.LIST24062']"
HK.ALB261230P102500,HK.09988,ALB,2026-09-03 15:23:28,1788420208.0,BUY,7.22,500,1805000.0,PUT,102.5,2026-12-30,1798560000.0,101,106.9,4.115,7.16,7.22,41.303,1085,4987,0.21756,-0.36700975,0.015180648,0.228422973,-0.035977938,-0.124649364,BEARISH,['NORMAL'],SINGLE_LEG,N/A,N/A,N/A,['HK.LIST23361'],"['HK.LIST1161', 'HK.LIST1191', 'HK.LIST1287', 'HK.LIST1289', 'HK.LIST1304', 'HK.LIST1328', 'HK.LIST22886', 'HK.LIST22928', 'HK.LIST23586', 'HK.LIST23589', 'HK.LIST23593', 'HK.LIST23674', 'HK.LIST24037', 'HK.LIST24062']"
HK.ALB261230P102500,HK.09988,ALB,2026-09-03 15:01:38,1788418898.0,BUY,7.15,500,1787500.0,PUT,102.5,2026-12-30,1798560000.0,101,107.0,4.205,7.07,7.15,40.979,579,4987,0.1161,-0.365167352,0.015259405,0.228265575,-0.035654488,-0.123958626,BEARISH,['NORMAL'],SINGLE_LEG,N/A,N/A,N/A,['HK.LIST23361'],"['HK.LIST1161', 'HK.LIST1191', 'HK.LIST1287', 'HK.LIST1289', 'HK.LIST1304', 'HK.LIST1328', 'HK.LIST22886', 'HK.LIST22928', 'HK.LIST23586', 'HK.LIST23589', 'HK.LIST23593', 'HK.LIST23674', 'HK.LIST24037', 'HK.LIST24062']"
HK.ALB260929P100000,HK.09988,ALB,2026-09-03 14:52:19,1788418339.0,BUY,1.7,400,340000.0,PUT,100.0,2026-09-29,1790611200.0,9,107.1,6.629,1.64,1.7,40.006,703,12771,0.05504,-0.236026311,0.026951748,0.088081383,-0.065475518,-0.017428886,BEARISH,['NORMAL'],SINGLE_LEG,N/A,N/A,N/A,['HK.LIST23361'],"['HK.LIST1161', 'HK.LIST1191', 'HK.LIST1287', 'HK.LIST1289', 'HK.LIST1304', 'HK.LIST1328', 'HK.LIST22886', 'HK.LIST22928', 'HK.LIST23586', 'HK.LIST23589', 'HK.LIST23593', 'HK.LIST23674', 'HK.LIST24037', 'HK.LIST24062']"
HK.BLI260929P137500,HK.09626,BLI,2026-09-03 14:15:17,1788416117.0,BUY,18.05,508,550164.0,PUT,137.5,2026-09-29,1790611200.0,9,120.1,-14.487,15.37,18.06,0.0,544,598,0.90969,0.0,0.0,0.0,0.0,0.0,BEARISH,['NORMAL'],SINGLE_LEG,N/A,N/A,N/A,['HK.LIST23360'],"['HK.LIST1208', 'HK.LIST1304', 'HK.LIST1306', 'HK.LIST1328', 'HK.LIST22886', 'HK.LIST23586', 'HK.LIST24037']"
HK.POP260929P152500,HK.09992,POP,2026-09-03 14:07:29,1788415649.0,BUY,4.05,4900,3969000.0,PUT,152.5,2026-09-29,1790611200.0,9,153.8,0.845,3.95,4.12,29.887,6446,29420,0.2191,-0.4270016,0.032105959,0.161127006,-0.0867899,-0.043488747,BEARISH,['NORMAL'],SINGLE_LEG,N/A,N/A,N/A,['HK.LIST1047'],"['HK.LIST1328', 'HK.LIST23676']"
HK.ALC261230P8500,HK.02600,ALC,2026-09-03 13:15:12,1788412512.0,BUY,0.84,100,168000.0,PUT,8.5,2026-12-30,1798560000.0,101,8.825,3.682,0.82,0.84,52.497,100,172,0.58139,-0.377971833,0.145631367,0.019067254,-0.003879319,-0.011238439,BEARISH,['NORMAL'],SINGLE_LEG,N/A,N/A,"[{'action_type': 7, 'action_time': '2026-09-09', 'action_timestamp': 1788883200.0}]",['HK.LIST1078'],"['HK.LIST1312', 'HK.LIST1348']"
HK.BLI260929P140000,HK.09626,BLI,2026-09-03 11:50:16,1788407416.0,BUY,19.8,392,465696.0,PUT,140.0,2026-09-29,1790611200.0,9,120.8,-15.894,16.91,19.8,0.0,600,964,0.6224,0.0,0.0,0.0,0.0,0.0,BEARISH,['NORMAL'],SINGLE_LEG,N/A,N/A,N/A,['HK.LIST23360'],"['HK.LIST1208', 'HK.LIST1304', 'HK.LIST1306', 'HK.LIST1328', 'HK.LIST22886', 'HK.LIST23586', 'HK.LIST24037']"
HK.MIU261029P28000,HK.01810,MIU,2026-09-03 11:39:13,1788406753.0,BUY,2.09,720,1504800.0,PUT,28.0,2026-10-29,1793203200.0,39,27.22,-2.865,2.05,2.1,40.44,101,3700,0.02729,-0.524318064,0.093384302,0.042483257,-0.013921878,-0.020882664,BEARISH,['NORMAL'],SINGLE_LEG,N/A,N/A,N/A,['HK.LIST1055'],"['HK.LIST1161', 'HK.LIST1166', 'HK.LIST1217', 'HK.LIST1305', 'HK.LIST1328', 'HK.LIST1331', 'HK.LIST1351', 'HK.LIST22886', 'HK.LIST22910', 'HK.LIST22928', 'HK.LIST23586', 'HK.LIST23589', 'HK.LIST23593', 'HK.LIST23676', 'HK.LIST24037', 'HK.LIST24062']"
HK.BUD270330P6750,HK.01876,BUD,2026-09-03 10:10:12,1788401412.0,BUY,0.93,120,111600.0,PUT,6.75,2027-03-30,1806336000.0,191,5.89,-14.601,0.83,0.94,20.464,120,5,24.0,-0.825266896,0.495150768,0.01026817,-0.00028878,-0.011785656,BEARISH,['NORMAL'],SINGLE_LEG,N/A,N/A,N/A,N/A,"['HK.LIST1181', 'HK.LIST1305', 'HK.LIST1998', 'HK.LIST24231']"
HK.MIU270629P23000,HK.01810,MIU,2026-09-03 09:50:11,1788400211.0,BUY,1.64,200,328000.0,PUT,23.0,2027-06-29,1814198400.0,282,28.18,18.381,1.6,1.64,42.643,100,1120,0.08928,-0.214563112,0.027124663,0.074458048,-0.004656239,-0.050648357,BEARISH,['NORMAL'],SINGLE_LEG,N/A,N/A,N/A,['HK.LIST1055'],"['HK.LIST1161', 'HK.LIST1166', 'HK.LIST1217', 'HK.LIST1305', 'HK.LIST1328', 'HK.LIST1331', 'HK.LIST1351', 'HK.LIST22886', 'HK.LIST22910', 'HK.LIST22928', 'HK.LIST23586', 'HK.LIST23589', 'HK.LIST23593', 'HK.LIST23676', 'HK.LIST24037', 'HK.LIST24062']"
HK.ALB261230P102500,HK.09988,ALB,2026-09-02 15:55:01,1788335701.0,BUY,6.36,800,2544000.0,PUT,102.5,2026-12-30,1798560000.0,101,109.8,6.648,6.3,6.36,41.767,1666,4841,0.34414,-0.327030426,0.013926202,0.225623679,-0.035929332,-0.115523479,BEARISH,['NORMAL'],SINGLE_LEG,N/A,N/A,N/A,['HK.LIST23361'],"['HK.LIST1161', 'HK.LIST1191', 'HK.LIST1287', 'HK.LIST1289', 'HK.LIST1304', 'HK.LIST1328', 'HK.LIST22886', 'HK.LIST22928', 'HK.LIST23586', 'HK.LIST23589', 'HK.LIST23593', 'HK.LIST23674', 'HK.LIST24037', 'HK.LIST24062']"
HK.HRB261029P4400,HK.09660,HRB,2026-09-02 15:49:15,1788335355.0,BUY,0.38,100,114000.0,PUT,4.4,2026-10-29,1793203200.0,39,4.29,-2.564,0.35,0.38,47.637,151,154,0.98051,-0.506109697,0.499268318,0.006751225,-0.002606887,-0.003340871,BEARISH,['NORMAL'],SINGLE_LEG,N/A,N/A,N/A,['HK.LIST23363'],"['HK.LIST22912', 'HK.LIST23586', 'HK.LIST23589', 'HK.LIST23593', 'HK.LIST24037', 'HK.LIST24339']"
HK.CLI261029P29000,HK.02628,CLI,2026-09-02 15:43:47,1788335027.0,BUY,1.42,200,284000.0,PUT,29.0,2026-10-29,1793203200.0,39,29.96,3.204,1.38,1.44,41.521,1927,1661,1.16014,-0.380626527,0.07809133,0.044989219,-0.015282454,-0.017305777,BEARISH,['NORMAL'],SINGLE_LEG,N/A,N/A,"[{'action_type': 7, 'action_time': '2026-10-08', 'action_timestamp': 1791388800.0}]",N/A,"['HK.LIST1287', 'HK.LIST1305', 'HK.LIST1348']"
HK.HRB261127P4600,HK.09660,HRB,2026-09-02 14:30:45,1788330645.0,BUY,0.52,150,234000.0,PUT,4.6,2026-11-27,1795708800.0,68,4.395,-4.664,0.5,0.52,49.162,150,N/A,0.0,-0.513623866,0.385374968,0.00850772,-0.002197742,-0.005331779,BEARISH,['NORMAL'],SINGLE_LEG,N/A,N/A,N/A,['HK.LIST23363'],"['HK.LIST22912', 'HK.LIST23586', 'HK.LIST23589', 'HK.LIST23593', 'HK.LIST24037', 'HK.LIST24339']"
HK.CMB261127P52500,HK.03968,CMB,2026-09-02 14:30:26,1788330626.0,BUY,2.74,600,822000.0,PUT,52.5,2026-11-27,1795708800.0,68,51.35,-2.239,2.59,2.81,22.692,600,253,2.37154,-0.540190091,0.073543877,0.097957524,-0.010528304,-0.054021641,BEARISH,['NORMAL'],SINGLE_LEG,N/A,N/A,N/A,['HK.LIST1079'],"['HK.LIST1178', 'HK.LIST1239', 'HK.LIST1305']"
HK.CLI261029P29000,HK.02628,CLI,2026-09-02 14:18:23,1788329903.0,BUY,1.43,200,286000.0,PUT,29.0,2026-10-29,1793203200.0,39,29.94,3.139,1.4,1.45,41.728,1027,1661,0.6183,-0.377803068,0.077375183,0.044970725,-0.015346219,-0.017235813,BEARISH,['NORMAL'],SINGLE_LEG,N/A,N/A,"[{'action_type': 7, 'action_time': '2026-10-08', 'action_timestamp': 1791388800.0}]",N/A,"['HK.LIST1287', 'HK.LIST1305', 'HK.LIST1348']"
HK.NTE260929P180000,HK.09999,NTE,2026-09-02 13:35:41,1788327341.0,BUY,3.62,142,257020.0,PUT,180.0,2026-09-29,1790611200.0,9,185.9,3.173,3.53,3.63,31.712,194,1096,0.177,-0.32772095,0.022561225,0.182750498,-0.101752074,-0.042590625,BEARISH,['NORMAL'],SINGLE_LEG,N/A,N/A,N/A,['HK.LIST1359'],"['HK.LIST1208', 'HK.LIST1289', 'HK.LIST1304', 'HK.LIST1328', 'HK.LIST1351', 'HK.LIST22886', 'HK.LIST23586', 'HK.LIST24037', 'HK.LIST24062']"
HK.ALB261127P100000,HK.09988,ALB,2026-09-02 13:33:49,1788327229.0,BUY,4.49,500,1122500.0,PUT,100.0,2026-11-27,1795708800.0,68,109.2,8.424,4.39,4.49,42.285,565,3197,0.17672,-0.285849847,0.015257647,0.179943258,-0.041051547,-0.072454385,BEARISH,['NORMAL'],SINGLE_LEG,N/A,N/A,N/A,['HK.LIST23361'],"['HK.LIST1161', 'HK.LIST1191', 'HK.LIST1287', 'HK.LIST1289', 'HK.LIST1304', 'HK.LIST1328', 'HK.LIST22886', 'HK.LIST22928', 'HK.LIST23586', 'HK.LIST23589', 'HK.LIST23593', 'HK.LIST23674', 'HK.LIST24037', 'HK.LIST24062']"
HK.ALB261127P97500,HK.09988,ALB,2026-09-02 13:33:49,1788327229.0,BUY,3.67,600,1101000.0,PUT,97.5,2026-11-27,1795708800.0,68,109.2,10.714,3.59,3.67,42.403,908,1659,0.54731,-0.245702079,0.014073138,0.16666686,-0.038343204,-0.06225989,BEARISH,['NORMAL'],SINGLE_LEG,N/A,N/A,N/A,['HK.LIST23361'],"['HK.LIST1161', 'HK.LIST1191', 'HK.LIST1287', 'HK.LIST1289', 'HK.LIST1304', 'HK.LIST1328', 'HK.LIST22886', 'HK.LIST22928', 'HK.LIST23586', 'HK.LIST23589', 'HK.LIST23593', 'HK.LIST23674', 'HK.LIST24037', 'HK.LIST24062']"
HK.ALB261127P92500,HK.09988,ALB,2026-09-02 13:33:49,1788327229.0,BUY,2.38,467,555730.0,PUT,92.5,2026-11-27,1795708800.0,68,109.2,15.293,2.31,2.38,42.863,506,875,0.57828,-0.174475138,0.011356516,0.136224167,-0.031982803,-0.0440315,BEARISH,['NORMAL'],SINGLE_LEG,N/A,N/A,N/A,['HK.LIST23361'],"['HK.LIST1161', 'HK.LIST1191', 'HK.LIST1287', 'HK.LIST1289', 'HK.LIST1304', 'HK.LIST1328', 'HK.LIST22886', 'HK.LIST22928', 'HK.LIST23586', 'HK.LIST23589', 'HK.LIST23593', 'HK.LIST23674', 'HK.LIST24037', 'HK.LIST24062']"
HK.CLI261029P29000,HK.02628,CLI,2026-09-02 13:05:25,1788325525.0,BUY,1.6,200,320000.0,PUT,29.0,2026-10-29,1793203200.0,39,29.46,1.561,1.57,1.62,41.151,427,1661,0.25707,-0.415524722,0.081899908,0.045410742,-0.015175458,-0.018566488,BEARISH,['NORMAL'],SINGLE_LEG,N/A,N/A,"[{'action_type': 7, 'action_time': '2026-10-08', 'action_timestamp': 1791388800.0}]",N/A,"['HK.LIST1287', 'HK.LIST1305', 'HK.LIST1348']"
HK.POP260929P152500,HK.09992,POP,2026-09-02 13:04:30,1788325470.0,BUY,4.47,5000,4470000.0,PUT,152.5,2026-09-29,1790611200.0,9,153.3,0.521,4.28,4.47,29.821,13676,22564,0.60609,-0.446330345,0.031953483,0.164939701,-0.084851495,-0.046919482,BEARISH,['NORMAL'],SINGLE_LEG,N/A,N/A,N/A,['HK.LIST1047'],"['HK.LIST1328', 'HK.LIST23676']"
HK.TRP261029P330000,HK.09961,TRP,2026-09-02 13:00:01,1788325201.0,BUY,11.4,200,342000.0,PUT,330.0,2026-10-29,1793203200.0,39,341.0,3.225,N/A,11.4,32.29,1016,431,2.3573,-0.359014851,0.008647977,0.503299926,-0.130721841,-0.179545947,BEARISH,['NORMAL'],SINGLE_LEG,N/A,N/A,N/A,['HK.LIST1034'],"['HK.LIST1304', 'HK.LIST1998', 'HK.LIST22886']"
HK.POP260929P152500,HK.09992,POP,2026-09-02 11:59:34,1788321574.0,BUY,4.34,1000,868000.0,PUT,152.5,2026-09-29,1790611200.0,9,153.4,0.586,4.22,4.45,29.586,8676,22564,0.3845,-0.446164949,0.0321813,0.165064052,-0.084055224,-0.046934448,BEARISH,['NORMAL'],SINGLE_LEG,N/A,N/A,N/A,['HK.LIST1047'],"['HK.LIST1328', 'HK.LIST23676']"
HK.SBI270629P16000,HK.01530,SBI,2026-09-02 11:58:35,1788321515.0,BUY,3.0,690,1035000.0,PUT,16.0,2027-06-29,1814198400.0,282,15.66,-2.171,N/A,N/A,51.34,820,863,0.95017,-0.408391808,0.05510773,0.054939994,-0.003971557,-0.056877929,BEARISH,['NORMAL'],MULTI_LEG,N/A,N/A,N/A,['HK.LIST1067'],"['HK.LIST1313', 'HK.LIST23675']"
HK.SBI270629P15500,HK.01530,SBI,2026-09-02 11:58:35,1788321515.0,BUY,2.7,690,931500.0,PUT,15.5,2027-06-29,1814198400.0,282,15.66,1.021,2.64,N/A,53.88,820,460,1.7826,-0.378178164,0.051104404,0.05383787,-0.004143775,-0.053880957,BEARISH,['NORMAL'],MULTI_LEG,N/A,N/A,N/A,['HK.LIST1067'],"['HK.LIST1313', 'HK.LIST23675']"
HK.TRP261029P330000,HK.09961,TRP,2026-09-02 11:44:53,1788320693.0,BUY,11.1,183,304695.0,PUT,330.0,2026-10-29,1793203200.0,39,342.2,3.565,10.83,11.1,32.671,806,431,1.87006,-0.344827854,0.008369717,0.498953065,-0.131394434,-0.174074689,BEARISH,['NORMAL'],SINGLE_LEG,N/A,N/A,N/A,['HK.LIST1034'],"['HK.LIST1304', 'HK.LIST1998', 'HK.LIST22886']"
HK.BLI260929P147500,HK.09626,BLI,2026-09-02 11:38:54,1788320334.0,BUY,26.8,200,321600.0,PUT,147.5,2026-09-29,1790611200.0,9,120.9,-22.001,23.29,26.8,0.0,120,659,0.18209,0.0,0.0,0.0,0.0,0.0,BEARISH,['NORMAL'],SINGLE_LEG,N/A,N/A,N/A,['HK.LIST23360'],"['HK.LIST1208', 'HK.LIST1304', 'HK.LIST1306', 'HK.LIST1328', 'HK.LIST22886', 'HK.LIST23586', 'HK.LIST24037']"
HK.ALB261029P107500,HK.09988,ALB,2026-09-02 11:32:51,1788319971.0,BUY,6.3,400,1260000.0,PUT,107.5,2026-10-29,1793203200.0,39,108.2,0.646,6.27,6.3,40.89,1150,7829,0.14688,-0.439659417,0.022723722,0.168619011,-0.055699647,-0.071909135,BEARISH,['NORMAL'],SINGLE_LEG,N/A,N/A,N/A,['HK.LIST23361'],"['HK.LIST1161', 'HK.LIST1191', 'HK.LIST1287', 'HK.LIST1289', 'HK.LIST1304', 'HK.LIST1328', 'HK.LIST22886', 'HK.LIST22928', 'HK.LIST23586', 'HK.LIST23589', 'HK.LIST23593', 'HK.LIST23674', 'HK.LIST24037', 'HK.LIST24062']"
HK.JXC260929P35000,HK.00358,JXC,2026-09-02 11:32:00,1788319920.0,BUY,1.3,100,130000.0,PUT,35.0,2026-09-29,1790611200.0,9,36.0,2.777,1.27,1.3,46.511,106,1037,0.10221,-0.37660981,0.083235619,0.037325186,-0.030806307,-0.009925384,BEARISH,['NORMAL'],SINGLE_LEG,N/A,N/A,N/A,N/A,"['HK.LIST1312', 'HK.LIST1314', 'HK.LIST1348', 'HK.LIST24039']"
HK.POP260929P152500,HK.09992,POP,2026-09-02 11:15:36,1788318936.0,BUY,4.55,3751,3413410.0,PUT,152.5,2026-09-29,1790611200.0,9,152.6,0.065,4.42,4.55,29.195,7640,22564,0.33859,-0.462251349,0.032879872,0.165368191,-0.082729344,-0.048310515,BEARISH,['NORMAL'],SINGLE_LEG,N/A,N/A,N/A,['HK.LIST1047'],"['HK.LIST1328', 'HK.LIST23676']"
HK.POP260929P152500,HK.09992,POP,2026-09-02 11:15:31,1788318931.0,BUY,4.55,1000,910000.0,PUT,152.5,2026-09-29,1790611200.0,9,152.7,0.13,4.42,4.55,29.195,3889,22564,0.17235,-0.462251349,0.032879872,0.165368191,-0.082729344,-0.048310515,BEARISH,['NORMAL'],SINGLE_LEG,N/A,N/A,N/A,['HK.LIST1047'],"['HK.LIST1328', 'HK.LIST23676']"
HK.POP260929P152500,HK.09992,POP,2026-09-02 11:09:30,1788318570.0,BUY,4.45,607,540230.0,PUT,152.5,2026-09-29,1790611200.0,9,152.8,0.196,4.4,4.45,29.567,2764,22564,0.12249,-0.455831654,0.032354698,0.165332423,-0.083907832,-0.047837427,BEARISH,['NORMAL'],SINGLE_LEG,N/A,N/A,N/A,['HK.LIST1047'],"['HK.LIST1328', 'HK.LIST23676']"
HK.POP260929P152500,HK.09992,POP,2026-09-02 11:08:56,1788318536.0,BUY,4.45,952,847280.0,PUT,152.5,2026-09-29,1790611200.0,9,153.0,0.326,4.4,4.45,29.959,1774,22564,0.07862,-0.455976722,0.031927343,0.165346819,-0.085104926,-0.047931997,BEARISH,['NORMAL'],SINGLE_LEG,N/A,N/A,N/A,['HK.LIST1047'],"['HK.LIST1328', 'HK.LIST23676']"
HK.CSE270929P38000,HK.01088,CSE,2026-09-02 10:51:17,1788317477.0,BUY,2.08,100,104000.0,PUT,38.0,2027-09-29,1822147200.0,374,44.98,15.518,2.03,2.09,31.107,100,N/A,0.0,-0.215478029,0.02063558,0.135875842,-0.004422521,-0.098639492,BEARISH,['NORMAL'],SINGLE_LEG,N/A,N/A,"[{'action_type': 7, 'action_time': '2026-10-08', 'action_timestamp': 1791388800.0}]",N/A,"['HK.LIST1216', 'HK.LIST1305', 'HK.LIST1314', 'HK.LIST1344', 'HK.LIST1348', 'HK.LIST22928']"
HK.TCH260929P420000,HK.00700,TCH,2026-09-02 10:39:52,1788316792.0,BUY,7.18,989,710102.0,PUT,420.0,2026-09-29,1790611200.0,9,435.8,3.625,7.11,7.18,30.341,2357,11507,0.20483,-0.30012773,0.009657005,0.413653787,-0.219326394,-0.091620479,BEARISH,['NORMAL'],SINGLE_LEG,N/A,N/A,N/A,['HK.LIST23363'],"['HK.LIST1161', 'HK.LIST1190', 'HK.LIST1191', 'HK.LIST1208', 'HK.LIST1289', 'HK.LIST1305', 'HK.LIST1328', 'HK.LIST1351', 'HK.LIST22886', 'HK.LIST22928', 'HK.LIST23586', 'HK.LIST23589', 'HK.LIST24037', 'HK.LIST24062']"
HK.COS261127P16000,HK.01919,COS,2026-09-02 10:33:20,1788316400.0,BUY,0.68,100,170000.0,PUT,16.0,2026-11-27,1795708800.0,68,16.69,4.134,0.65,0.68,32.675,100,68,1.47058,-0.344150274,0.140147078,0.029827673,-0.005096694,-0.012754814,BEARISH,['NORMAL'],SINGLE_LEG,N/A,N/A,"[{'action_type': 7, 'action_time': '2026-09-23', 'action_timestamp': 1790092800.0}]",['HK.LIST1066'],"['HK.LIST1175', 'HK.LIST1213', 'HK.LIST1348']"
HK.TRP261029P330000,HK.09961,TRP,2026-09-02 10:33:13,1788316393.0,BUY,11.7,200,351000.0,PUT,330.0,2026-10-29,1793203200.0,39,340.6,3.112,11.5,11.7,32.374,803,431,1.8631,-0.362749323,0.008659926,0.504939884,-0.131193463,-0.181518816,BEARISH,['NORMAL'],SINGLE_LEG,N/A,N/A,N/A,['HK.LIST1034'],"['HK.LIST1304', 'HK.LIST1998', 'HK.LIST22886']"
HK.NWD261230P6500,HK.00017,NWD,2026-09-02 10:18:48,1788315528.0,BUY,0.95,311,295450.0,PUT,6.5,2026-12-30,1798560000.0,101,6.235,-4.25,0.93,0.95,58.569,311,285,1.09122,-0.470883841,0.193451807,0.014163688,-0.003153515,-0.010271102,BEARISH,['NORMAL'],SINGLE_LEG,2026-09-30,2,N/A,['HK.LIST1019'],N/A
HK.CRL270330P42000,HK.01109,CRL,2026-09-02 10:13:05,1788315185.0,BUY,14.15,200,1415000.0,PUT,42.0,2027-03-30,1806336000.0,191,28.3,-48.409,13.32,14.6,46.001,200,200,1.0,-0.859638726,0.034779036,0.044810539,-0.003349544,-0.085709216,BEARISH,['NORMAL'],SINGLE_LEG,N/A,N/A,"[{'action_type': 7, 'action_time': '2026-09-10', 'action_timestamp': 1788969600.0}]",['HK.LIST1019'],"['HK.LIST1234', 'HK.LIST1305', 'HK.LIST1348']"
HK.ALB260929P100000,HK.09988,ALB,2026-09-02 10:10:23,1788315023.0,BUY,1.79,423,378585.0,PUT,100.0,2026-09-29,1790611200.0,9,107.7,7.149,1.75,1.8,41.623,503,11834,0.0425,-0.234377338,0.025114343,0.090154012,-0.066684533,-0.018261966,BEARISH,['NORMAL'],SINGLE_LEG,N/A,N/A,N/A,['HK.LIST23361'],"['HK.LIST1161', 'HK.LIST1191', 'HK.LIST1287', 'HK.LIST1289', 'HK.LIST1304', 'HK.LIST1328', 'HK.LIST22886', 'HK.LIST22928', 'HK.LIST23586', 'HK.LIST23589', 'HK.LIST23593', 'HK.LIST23674', 'HK.LIST24037', 'HK.LIST24062']"
HK.HCF261127P77500,HK.02828,HCF,2026-09-02 10:10:16,1788315016.0,BUY,0.85,120,102000.0,PUT,77.5,2026-11-27,1795708800.0,68,86.1,9.988,0.78,0.85,23.817,130,154,0.84415,-0.14974586,0.02346126,0.097243799,-0.012213432,-0.027567598,BEARISH,['NORMAL'],SINGLE_LEG,N/A,N/A,"[{'action_type': 7, 'action_time': '2026-09-22', 'action_timestamp': 1790006400.0}]",N/A,N/A
HK.TRP261029P330000,HK.09961,TRP,2026-09-02 10:09:05,1788314945.0,BUY,11.3,350,593250.0,PUT,330.0,2026-10-29,1793203200.0,39,341.8,3.452,11.12,11.3,32.588,250,431,0.58004,-0.351353219,0.008466722,0.501491943,-0.131413575,-0.176975722,BEARISH,['NORMAL'],SINGLE_LEG,N/A,N/A,N/A,['HK.LIST1034'],"['HK.LIST1304', 'HK.LIST1998', 'HK.LIST22886']"
HK.ALB270629P120000,HK.09988,ALB,2026-09-02 10:02:22,1788314542.0,BUY,22.73,340,3864100.0,PUT,120.0,2027-06-29,1814198400.0,282,107.9,-11.214,N/A,N/A,43.678,202,2098,0.09628,-0.511622104,0.009956433,0.386570429,-0.022403225,-0.446664708,BEARISH,['NORMAL'],SINGLE_LEG,N/A,N/A,N/A,['HK.LIST23361'],"['HK.LIST1161', 'HK.LIST1191', 'HK.LIST1287', 'HK.LIST1289', 'HK.LIST1304', 'HK.LIST1328', 'HK.LIST22886', 'HK.LIST22928', 'HK.LIST23586', 'HK.LIST23589', 'HK.LIST23593', 'HK.LIST23674', 'HK.LIST24037', 'HK.LIST24062']"
HK.ALB270629P117500,HK.09988,ALB,2026-09-02 10:02:22,1788314542.0,BUY,21.05,340,3578500.0,PUT,117.5,2027-06-29,1814198400.0,282,107.9,-8.897,20.8,21.1,43.484,597,3750,0.1592,-0.489762102,0.009932464,0.387015776,-0.022517827,-0.430570721,BEARISH,['NORMAL'],SINGLE_LEG,N/A,N/A,N/A,['HK.LIST23361'],"['HK.LIST1161', 'HK.LIST1191', 'HK.LIST1287', 'HK.LIST1289', 'HK.LIST1304', 'HK.LIST1328', 'HK.LIST22886', 'HK.LIST22928', 'HK.LIST23586', 'HK.LIST23589', 'HK.LIST23593', 'HK.LIST23674', 'HK.LIST24037', 'HK.LIST24062']"
HK.PEC270330P9000,HK.00857,PEC,2026-09-02 09:58:45,1788314325.0,BUY,0.43,120,103200.0,PUT,9.0,2027-03-30,1806336000.0,191,10.09,10.802,0.41,0.43,32.382,240,354,0.67796,-0.25077255,0.130256333,0.024292533,-0.001628161,-0.013760617,BEARISH,['NORMAL'],SINGLE_LEG,N/A,N/A,"[{'action_type': 7, 'action_time': '2026-09-10', 'action_timestamp': 1788969600.0}]",['HK.LIST1042'],"['HK.LIST1175', 'HK.LIST1205', 'HK.LIST1241', 'HK.LIST1305', 'HK.LIST1344', 'HK.LIST1348', 'HK.LIST1362', 'HK.LIST22928']"
HK.BOM260929P215000,HK.06160,BOM,2026-09-02 09:54:21,1788314061.0,BUY,7.9,100,158000.0,PUT,215.0,2026-09-29,1790611200.0,9,216.4,0.646,7.52,7.98,37.531,140,145,0.96551,-0.448416995,0.017939522,0.233455038,-0.152509822,-0.068752721,BEARISH,['NORMAL'],SINGLE_LEG,N/A,N/A,N/A,['HK.LIST1050'],"['HK.LIST1304', 'HK.LIST1305', 'HK.LIST22911', 'HK.LIST23675']"
HK.SAN270929P12000,HK.01928,SAN,2026-09-02 09:54:13,1788314053.0,BUY,1.34,200,107200.0,PUT,12.0,2027-09-29,1822147200.0,374,13.61,11.829,1.3,1.35,42.283,200,430,0.46511,-0.282770557,0.058291724,0.047499819,-0.002143144,-0.042585896,BEARISH,['NORMAL'],SINGLE_LEG,N/A,N/A,"[{'action_type': 7, 'action_time': '2026-09-16', 'action_timestamp': 1789488000.0}]",['HK.LIST1069'],"['HK.LIST1305', 'HK.LIST22913']"
HK.BLI260929P120000,HK.09626,BLI,2026-09-02 09:33:49,1788312829.0,BUY,4.11,847,208870.2,PUT,120.0,2026-09-29,1790611200.0,9,123.1,2.518,3.71,4.11,41.982,1347,6145,0.2192,-0.370563511,0.026739353,0.127425766,-0.094272434,-0.03314791,BEARISH,['NORMAL'],SINGLE_LEG,N/A,N/A,N/A,['HK.LIST23360'],"['HK.LIST1208', 'HK.LIST1304', 'HK.LIST1306', 'HK.LIST1328', 'HK.LIST22886', 'HK.LIST23586', 'HK.LIST24037']"
HK.ALB260929P110000,HK.09988,ALB,2026-09-01 15:58:28,1788249508.0,BUY,4.76,560,1332800.0,PUT,110.0,2026-09-29,1790611200.0,9,110.2,0.181,4.68,4.77,40.848,3241,15851,0.20446,-0.462174737,0.032025623,0.121094609,-0.083965707,-0.037473607,BEARISH,['NORMAL'],SINGLE_LEG,N/A,N/A,N/A,['HK.LIST23361'],"['HK.LIST1161', 'HK.LIST1191', 'HK.LIST1287', 'HK.LIST1289', 'HK.LIST1304', 'HK.LIST1328', 'HK.LIST22886', 'HK.LIST22928', 'HK.LIST23586', 'HK.LIST23589', 'HK.LIST23593', 'HK.LIST23674', 'HK.LIST24037', 'HK.LIST24062']"
HK.ALB260929P110000,HK.09988,ALB,2026-09-01 15:58:11,1788249491.0,BUY,4.73,449,1061885.0,PUT,110.0,2026-09-29,1790611200.0,9,110.3,0.271,4.68,4.75,40.848,3060,15851,0.19304,-0.462174737,0.032025623,0.121094609,-0.083965707,-0.037473607,BEARISH,['NORMAL'],SINGLE_LEG,N/A,N/A,N/A,['HK.LIST23361'],"['HK.LIST1161', 'HK.LIST1191', 'HK.LIST1287', 'HK.LIST1289', 'HK.LIST1304', 'HK.LIST1328', 'HK.LIST22886', 'HK.LIST22928', 'HK.LIST23586', 'HK.LIST23589', 'HK.LIST23593', 'HK.LIST23674', 'HK.LIST24037', 'HK.LIST24062']"
HK.ALB260929P110000,HK.09988,ALB,2026-09-01 15:58:06,1788249486.0,BUY,4.75,346,821750.0,PUT,110.0,2026-09-29,1790611200.0,9,110.3,0.271,4.68,4.75,40.848,2611,15851,0.16472,-0.462174737,0.032025623,0.121094609,-0.083965707,-0.037473607,BEARISH,['NORMAL'],SINGLE_LEG,N/A,N/A,N/A,['HK.LIST23361'],"['HK.LIST1161', 'HK.LIST1191', 'HK.LIST1287', 'HK.LIST1289', 'HK.LIST1304', 'HK.LIST1328', 'HK.LIST22886', 'HK.LIST22928', 'HK.LIST23586', 'HK.LIST23589', 'HK.LIST23593', 'HK.LIST23674', 'HK.LIST24037', 'HK.LIST24062']"
HK.HKB261029P147500,HK.00005,HKB,2026-09-01 15:41:38,1788248498.0,BUY,1.5,800,480000.0,PUT,147.5,2026-10-29,1793203200.0,39,160.7,8.214,1.46,1.5,25.0,200,1341,0.14914,-0.165553097,0.015571372,0.159184674,-0.031791311,-0.038710533,BEARISH,['NORMAL'],SINGLE_LEG,N/A,N/A,N/A,['HK.LIST1079'],"['HK.LIST1252', 'HK.LIST1305', 'HK.LIST23674']"
HK.JDC260929P130000,HK.09618,JDC,2026-09-01 15:35:12,1788248112.0,BUY,21.25,408,4335000.0,PUT,130.0,2026-09-29,1790611200.0,9,108.6,-19.705,18.7,21.25,0.0,460,1630,0.2822,0.0,0.0,0.0,0.0,0.0,BEARISH,['NORMAL'],SINGLE_LEG,N/A,N/A,N/A,['HK.LIST23361'],"['HK.LIST1161', 'HK.LIST1304', 'HK.LIST22886', 'HK.LIST23586', 'HK.LIST23674', 'HK.LIST24037', 'HK.LIST24062']"
HK.VNK270929P1750,HK.02202,VNK,2026-09-01 15:25:01,1788247501.0,BUY,0.6,500,300000.0,PUT,1.75,2027-09-29,1822147200.0,374,2.37,26.16,0.58,0.6,112.662,4700,N/A,0.0,-0.192628043,0.100183725,0.006747103,-0.000885625,-0.008373887,BEARISH,['NORMAL'],SINGLE_LEG,N/A,N/A,N/A,['HK.LIST1019'],"['HK.LIST1178', 'HK.LIST1234']"
HK.VNK270929P1750,HK.02202,VNK,2026-09-01 15:25:01,1788247501.0,BUY,0.6,500,300000.0,PUT,1.75,2027-09-29,1822147200.0,374,2.37,26.16,0.58,0.6,112.662,4700,N/A,0.0,-0.192628043,0.100183725,0.006747103,-0.000885625,-0.008373887,BEARISH,['NORMAL'],SINGLE_LEG,N/A,N/A,N/A,['HK.LIST1019'],"['HK.LIST1178', 'HK.LIST1234']"
HK.PEC270330P9500,HK.00857,PEC,2026-09-01 15:16:43,1788247003.0,BUY,0.58,104,120640.0,PUT,9.5,2027-03-30,1806336000.0,191,10.23,7.135,0.57,0.58,32.702,104,1358,0.07658,-0.312071289,0.142422319,0.027322674,-0.001811808,-0.017305754,BEARISH,['NORMAL'],SINGLE_LEG,N/A,N/A,"[{'action_type': 7, 'action_time': '2026-09-10', 'action_timestamp': 1788969600.0}]",['HK.LIST1042'],"['HK.LIST1175', 'HK.LIST1205', 'HK.LIST1241', 'HK.LIST1305', 'HK.LIST1344', 'HK.LIST1348', 'HK.LIST1362', 'HK.LIST22928']"
HK.VNK270929P1750,HK.02202,VNK,2026-09-01 14:47:45,1788245265.0,BUY,0.57,1000,570000.0,PUT,1.75,2027-09-29,1822147200.0,374,2.37,26.16,0.56,N/A,103.846,4000,N/A,0.0,-0.198366619,0.110605128,0.00686644,-0.000828367,-0.008092931,BEARISH,['NORMAL'],SINGLE_LEG,N/A,N/A,N/A,['HK.LIST1019'],"['HK.LIST1178', 'HK.LIST1234']"
HK.VNK270929P1750,HK.02202,VNK,2026-09-01 14:47:43,1788245263.0,BUY,0.58,1000,580000.0,PUT,1.75,2027-09-29,1822147200.0,374,2.37,26.16,0.56,N/A,103.846,3000,N/A,0.0,-0.198366619,0.110605128,0.00686644,-0.000828367,-0.008092931,BEARISH,['NORMAL'],SINGLE_LEG,N/A,N/A,N/A,['HK.LIST1019'],"['HK.LIST1178', 'HK.LIST1234']"
HK.VNK270929P1750,HK.02202,VNK,2026-09-01 14:47:39,1788245259.0,BUY,0.58,1000,580000.0,PUT,1.75,2027-09-29,1822147200.0,374,2.37,26.16,N/A,N/A,103.846,2000,N/A,0.0,-0.198366619,0.110605128,0.00686644,-0.000828367,-0.008092931,BEARISH,['NORMAL'],SINGLE_LEG,N/A,N/A,N/A,['HK.LIST1019'],"['HK.LIST1178', 'HK.LIST1234']"
HK.VNK270929P1750,HK.02202,VNK,2026-09-01 14:47:36,1788245256.0,BUY,0.58,925,536500.0,PUT,1.75,2027-09-29,1822147200.0,374,2.37,26.16,0.48,0.58,103.846,759,N/A,0.0,-0.198366619,0.110605128,0.00686644,-0.000828367,-0.008092931,BEARISH,['NORMAL'],SINGLE_LEG,N/A,N/A,N/A,['HK.LIST1019'],"['HK.LIST1178', 'HK.LIST1234']"
HK.SHZ260929P36000,HK.02313,SHZ,2026-09-01 14:37:49,1788244669.0,BUY,1.35,270,182250.0,PUT,36.0,2026-09-29,1790611200.0,9,36.78,2.12,1.16,1.42,42.55,330,378,0.87301,-0.392753051,0.088818498,0.039215819,-0.028516107,-0.010783979,BEARISH,['NORMAL'],SINGLE_LEG,N/A,N/A,"[{'action_type': 7, 'action_time': '2026-09-08', 'action_timestamp': 1788796800.0}]",['HK.LIST1277'],['HK.LIST24231']
HK.CRL260929P29000,HK.01109,CRL,2026-09-01 13:26:31,1788240391.0,BUY,1.49,214,159430.0,PUT,29.0,2026-09-29,1790611200.0,9,28.56,-1.54,1.41,1.52,40.927,821,1038,0.79094,-0.520039612,0.123656865,0.031557807,-0.021684507,-0.010893029,BEARISH,['NORMAL'],SINGLE_LEG,N/A,N/A,"[{'action_type': 7, 'action_time': '2026-09-10', 'action_timestamp': 1788969600.0}]",['HK.LIST1019'],"['HK.LIST1234', 'HK.LIST1305', 'HK.LIST1348']"
HK.ALC260929P8250,HK.02600,ALC,2026-09-01 13:22:38,1788240158.0,BUY,0.33,163,107580.0,PUT,8.25,2026-09-29,1790611200.0,9,8.68,4.953,0.31,0.33,55.101,80,507,0.15779,-0.33491075,0.274976055,0.008771275,-0.008358357,-0.002250133,BEARISH,['NORMAL'],SINGLE_LEG,N/A,N/A,"[{'action_type': 7, 'action_time': '2026-09-09', 'action_timestamp': 1788883200.0}]",['HK.LIST1078'],"['HK.LIST1312', 'HK.LIST1348']"
HK.CNC261127P24000,HK.00883,CNC,2026-09-01 13:20:32,1788240032.0,BUY,1.2,200,240000.0,PUT,24.0,2026-11-27,1795708800.0,68,25.12,4.458,1.18,1.2,37.209,403,900,0.44777,-0.35028579,0.081895661,0.045382651,-0.008826414,-0.020161454,BEARISH,['NORMAL'],SINGLE_LEG,N/A,N/A,"[{'action_type': 7, 'action_time': '2026-09-10', 'action_timestamp': 1788969600.0}]",['HK.LIST1042'],"['HK.LIST1205', 'HK.LIST1241', 'HK.LIST1305', 'HK.LIST1344', 'HK.LIST1348', 'HK.LIST1362', 'HK.LIST22928']"
HK.POP260929P155000,HK.09992,POP,2026-09-01 13:13:28,1788239608.0,BUY,4.8,753,722880.0,PUT,155.0,2026-09-29,1790611200.0,9,155.4,0.257,4.63,4.8,29.955,12281,38863,0.316,-0.45604466,0.030910962,0.170845906,-0.084921755,-0.050335972,BEARISH,['NORMAL'],SINGLE_LEG,N/A,N/A,N/A,['HK.LIST1047'],"['HK.LIST1328', 'HK.LIST23676']"
HK.SAN270929P12000,HK.01928,SAN,2026-09-01 13:08:09,1788239289.0,BUY,1.26,200,100800.0,PUT,12.0,2027-09-29,1822147200.0,374,13.84,13.294,1.22,1.26,41.96,400,30,13.33333,-0.267510816,0.055908544,0.047169288,-0.00211603,-0.041074958,BEARISH,['NORMAL'],SINGLE_LEG,N/A,N/A,"[{'action_type': 7, 'action_time': '2026-09-16', 'action_timestamp': 1789488000.0}]",['HK.LIST1069'],"['HK.LIST1305', 'HK.LIST22913']"
HK.MNX270629P370000,HK.00100,MNX,2026-09-01 13:03:26,1788239006.0,BUY,120.44,200,481760.0,PUT,370.0,2027-06-29,1814198400.0,282,373.4,0.91,N/A,123.89,97.296,1220,30,40.66666,-0.32011713,0.001112499,1.205368783,-0.175979558,-1.478812156,BEARISH,['NORMAL'],MULTI_LEG,N/A,N/A,N/A,['HK.LIST1100'],"['HK.LIST1288', 'HK.LIST23586', 'HK.LIST24037', 'HK.LIST24062', 'HK.LIST24126']"
HK.MNX270629P360000,HK.00100,MNX,2026-09-01 13:03:26,1788239006.0,BUY,113.69,200,454760.0,PUT,360.0,2027-06-29,1814198400.0,282,373.4,3.588,110.23,117.11,97.535,1220,25,48.8,-0.308578538,0.001091105,1.18668593,-0.174160396,-1.421795245,BEARISH,['NORMAL'],MULTI_LEG,N/A,N/A,N/A,['HK.LIST1100'],"['HK.LIST1288', 'HK.LIST23586', 'HK.LIST24037', 'HK.LIST24062', 'HK.LIST24126']"
HK.HRB261230P4700,HK.09660,HRB,2026-09-01 11:36:26,1788233786.0,BUY,0.55,100,165000.0,PUT,4.7,2026-12-30,1798560000.0,101,4.61,-1.952,0.53,0.55,49.723,100,159,0.62893,-0.453831532,0.305565893,0.010480729,-0.001946373,-0.007047176,BEARISH,['NORMAL'],SINGLE_LEG,N/A,N/A,N/A,['HK.LIST23363'],"['HK.LIST22912', 'HK.LIST23586', 'HK.LIST23589', 'HK.LIST23593', 'HK.LIST24037', 'HK.LIST24339']"
HK.PEC270330P9750,HK.00857,PEC,2026-09-01 11:11:26,1788232286.0,BUY,0.73,100,146000.0,PUT,9.75,2027-03-30,1806336000.0,191,10.15,3.94,0.71,0.73,33.19,200,520,0.38461,-0.360569854,0.150133506,0.028722971,-0.001906998,-0.019801706,BEARISH,['NORMAL'],SINGLE_LEG,N/A,N/A,"[{'action_type': 7, 'action_time': '2026-09-10', 'action_timestamp': 1788969600.0}]",['HK.LIST1042'],"['HK.LIST1175', 'HK.LIST1205', 'HK.LIST1241', 'HK.LIST1305', 'HK.LIST1344', 'HK.LIST1348', 'HK.LIST1362', 'HK.LIST22928']"
HK.POP260929P155000,HK.09992,POP,2026-09-01 11:08:01,1788232081.0,BUY,4.8,3946,3788160.0,PUT,155.0,2026-09-29,1790611200.0,9,155.6,0.385,4.48,4.79,25.499,6834,38863,0.17584,-0.450228837,0.036230293,0.170843034,-0.071236185,-0.048925764,BEARISH,['NORMAL'],SINGLE_LEG,N/A,N/A,N/A,['HK.LIST1047'],"['HK.LIST1328', 'HK.LIST23676']"
HK.PEC270330P9250,HK.00857,PEC,2026-09-01 10:33:17,1788229997.0,BUY,0.5,109,109000.0,PUT,9.25,2027-03-30,1806336000.0,191,10.14,8.777,0.49,0.5,32.502,109,1468,0.07425,-0.28050803,0.136622251,0.025915688,-0.001720723,-0.01553144,BEARISH,['NORMAL'],SINGLE_LEG,N/A,N/A,"[{'action_type': 7, 'action_time': '2026-09-10', 'action_timestamp': 1788969600.0}]",['HK.LIST1042'],"['HK.LIST1175', 'HK.LIST1205', 'HK.LIST1241', 'HK.LIST1305', 'HK.LIST1344', 'HK.LIST1348', 'HK.LIST1362', 'HK.LIST22928']"
HK.TCH261230P400000,HK.00700,TCH,2026-09-01 10:22:37,1788229357.0,BUY,12.0,303,363600.0,PUT,400.0,2026-12-30,1798560000.0,101,441.4,9.379,11.86,12.0,30.946,26,30763,0.00084,-0.235520005,0.003945313,0.779883914,-0.090209311,-0.321859509,BEARISH,['NORMAL'],SINGLE_LEG,N/A,N/A,N/A,['HK.LIST23363'],"['HK.LIST1161', 'HK.LIST1190', 'HK.LIST1191', 'HK.LIST1208', 'HK.LIST1289', 'HK.LIST1305', 'HK.LIST1328', 'HK.LIST1351', 'HK.LIST22886', 'HK.LIST22928', 'HK.LIST23586', 'HK.LIST23589', 'HK.LIST24037', 'HK.LIST24062']"
HK.XBC270330P6000,HK.03988,XBC,2026-09-01 10:13:51,1788228831.0,BUY,0.439,475,208525.0,PUT,6.0,2027-03-30,1806336000.0,191,5.845,-2.651,0.431,0.439,23.583,2850,33,86.36363,-0.490839636,0.410751097,0.017442054,-0.000732558,-0.013460059,BEARISH,['NORMAL'],SINGLE_LEG,N/A,N/A,N/A,N/A,"['HK.LIST1239', 'HK.LIST1305', 'HK.LIST1344', 'HK.LIST1348']"
HK.XBC270330P6000,HK.03988,XBC,2026-09-01 10:08:17,1788228497.0,BUY,0.428,475,203300.0,PUT,6.0,2027-03-30,1806336000.0,191,5.86,-2.389,0.42,0.428,23.168,1900,33,57.57575,-0.483779065,0.4160094,0.017493466,-0.000721076,-0.013300249,BEARISH,['NORMAL'],SINGLE_LEG,N/A,N/A,N/A,N/A,"['HK.LIST1239', 'HK.LIST1305', 'HK.LIST1344', 'HK.LIST1348']"
HK.SAN270929P12000,HK.01928,SAN,2026-09-01 10:02:09,1788228129.0,BUY,1.28,200,102400.0,PUT,12.0,2027-09-29,1822147200.0,374,13.8,13.043,1.24,1.28,42.092,200,30,6.66666,-0.270512805,0.05626067,0.047268648,-0.002125055,-0.041439433,BEARISH,['NORMAL'],SINGLE_LEG,N/A,N/A,"[{'action_type': 7, 'action_time': '2026-09-16', 'action_timestamp': 1789488000.0}]",['HK.LIST1069'],"['HK.LIST1305', 'HK.LIST22913']"
HK.CRL260929P29000,HK.01109,CRL,2026-09-01 10:01:50,1788228110.0,BUY,1.21,490,296450.0,PUT,29.0,2026-09-29,1790611200.0,9,29.04,0.137,1.15,1.22,39.05,122,1038,0.11753,-0.453887414,0.125954092,0.032067887,-0.021031103,-0.009760122,BEARISH,['NORMAL'],SINGLE_LEG,N/A,N/A,"[{'action_type': 7, 'action_time': '2026-09-10', 'action_timestamp': 1788969600.0}]",['HK.LIST1019'],"['HK.LIST1234', 'HK.LIST1305', 'HK.LIST1348']"
HK.XBC270330P6000,HK.03988,XBC,2026-09-01 10:01:05,1788228065.0,BUY,0.429,475,203775.0,PUT,6.0,2027-03-30,1806336000.0,191,5.855,-2.476,0.418,0.429,22.861,1425,33,43.18181,-0.488857351,0.42384679,0.017459732,-0.000706025,-0.013322698,BEARISH,['NORMAL'],SINGLE_LEG,N/A,N/A,N/A,N/A,"['HK.LIST1239', 'HK.LIST1305', 'HK.LIST1344', 'HK.LIST1348']"
HK.PEC261127P9500,HK.00857,PEC,2026-09-01 09:50:00,1788227400.0,BUY,0.34,153,104040.0,PUT,9.5,2026-11-27,1795708800.0,68,10.22,7.045,0.32,0.34,34.651,183,416,0.4399,-0.280741114,0.19542104,0.016863564,-0.003066998,-0.006552942,BEARISH,['NORMAL'],SINGLE_LEG,N/A,N/A,"[{'action_type': 7, 'action_time': '2026-09-10', 'action_timestamp': 1788969600.0}]",['HK.LIST1042'],"['HK.LIST1175', 'HK.LIST1205', 'HK.LIST1241', 'HK.LIST1305', 'HK.LIST1344', 'HK.LIST1348', 'HK.LIST1362', 'HK.LIST22928']"
HK.CPI261127P27000,HK.02601,CPI,2026-09-01 09:49:51,1788227391.0,BUY,0.56,200,112000.0,PUT,27.0,2026-11-27,1795708800.0,68,30.48,11.417,0.51,0.56,32.904,200,245,0.81632,-0.184651075,0.054470611,0.039755633,-0.006945003,-0.012734729,BEARISH,['NORMAL'],SINGLE_LEG,N/A,N/A,"[{'action_type': 7, 'action_time': '2026-09-08', 'action_timestamp': 1788796800.0}]",N/A,"['HK.LIST1287', 'HK.LIST1305']"
HK.PEC270330P9750,HK.00857,PEC,2026-09-01 09:46:25,1788227185.0,BUY,0.69,100,138000.0,PUT,9.75,2027-03-30,1806336000.0,191,10.24,4.785,0.68,0.69,33.022,100,520,0.1923,-0.345481469,0.146857658,0.028576957,-0.001894602,-0.019196177,BEARISH,['NORMAL'],SINGLE_LEG,N/A,N/A,"[{'action_type': 7, 'action_time': '2026-09-10', 'action_timestamp': 1788969600.0}]",['HK.LIST1042'],"['HK.LIST1175', 'HK.LIST1205', 'HK.LIST1241', 'HK.LIST1305', 'HK.LIST1344', 'HK.LIST1348', 'HK.LIST1362', 'HK.LIST22928']"
HK.CPA261029P15000,HK.00293,CPA,2026-09-01 09:39:13,1788226753.0,BUY,1.12,100,112000.0,PUT,15.0,2026-10-29,1793203200.0,39,14.33,-4.675,0.77,1.12,26.15,200,260,0.76923,-0.635045082,0.262967694,0.021349795,-0.004012478,-0.012010358,BEARISH,['NORMAL'],SINGLE_LEG,N/A,N/A,"[{'action_type': 7, 'action_time': '2026-09-02', 'action_timestamp': 1788278400.0}]",['HK.LIST1064'],['HK.LIST1240']
HK.KSO260929P25000,HK.03888,KSO,2026-08-31 15:24:40,1788161080.0,BUY,1.23,104,127920.0,PUT,25.0,2026-09-29,1790611200.0,9,24.7,-1.214,1.2,1.23,40.01,104,256,0.40625,-0.505506922,0.143941102,0.027792747,-0.018064566,-0.009455006,BEARISH,['NORMAL'],SINGLE_LEG,N/A,N/A,N/A,['HK.LIST1100'],"['HK.LIST1190', 'HK.LIST1191', 'HK.LIST1192', 'HK.LIST1208', 'HK.LIST1289', 'HK.LIST1331', 'HK.LIST23586', 'HK.LIST24037']"
HK.XCC261029P10000,HK.00939,XCC,2026-08-31 15:22:52,1788160972.0,BUY,0.67,300,201000.0,PUT,10.0,2026-10-29,1793203200.0,39,9.425,-6.1,0.659,0.67,22.502,180,21,8.57142,-0.722494862,0.43485934,0.012474478,-0.001857971,-0.008053236,BEARISH,['NORMAL'],SINGLE_LEG,N/A,N/A,N/A,N/A,"['HK.LIST1239', 'HK.LIST1305', 'HK.LIST1344', 'HK.LIST1348']"
HK.CNC261127P26000,HK.00883,CNC,2026-08-31 15:10:43,1788160243.0,BUY,2.33,200,466000.0,PUT,26.0,2026-11-27,1795708800.0,68,25.4,-2.362,2.28,2.36,42.148,200,183,1.09289,-0.491787138,0.07724599,0.04957338,-0.010625376,-0.029088474,BEARISH,['NORMAL'],SINGLE_LEG,N/A,N/A,"[{'action_type': 7, 'action_time': '2026-09-10', 'action_timestamp': 1788969600.0}]",['HK.LIST1042'],"['HK.LIST1205', 'HK.LIST1241', 'HK.LIST1305', 'HK.LIST1344', 'HK.LIST1348', 'HK.LIST1362', 'HK.LIST22928']"
HK.HNP260929P6500,HK.00902,HNP,2026-08-31 13:35:53,1788154553.0,BUY,1.01,200,404000.0,PUT,6.5,2026-09-29,1790611200.0,9,5.49,-18.397,0.95,1.06,0.0,200,465,0.4301,0.0,0.0,0.0,0.0,0.0,BEARISH,['NORMAL'],MULTI_LEG,N/A,N/A,N/A,['HK.LIST1051'],"['HK.LIST1207', 'HK.LIST1329', 'HK.LIST1348']"
HK.CTC260929P4900,HK.00728,CTC,2026-08-31 11:43:07,1788147787.0,BUY,0.23,300,138000.0,PUT,4.9,2026-09-29,1790611200.0,9,4.91,0.203,0.2,0.24,41.966,300,554,0.54151,-0.460696427,0.685082924,0.005505758,-0.003763706,-0.001741321,BEARISH,['NORMAL'],SINGLE_LEG,N/A,N/A,"[{'action_type': 7, 'action_time': '2026-09-02', 'action_timestamp': 1788278400.0}]",N/A,"['HK.LIST1176', 'HK.LIST1214', 'HK.LIST1305', 'HK.LIST1344', 'HK.LIST1348', 'HK.LIST22928', 'HK.LIST23586', 'HK.LIST23589']"
HK.CSP261029P9250,HK.01093,CSP,2026-08-31 11:13:49,1788146029.0,BUY,0.85,200,340000.0,PUT,9.25,2026-10-29,1793203200.0,39,9.135,-1.258,0.83,0.86,54.935,200,535,0.37383,-0.465356856,0.19775412,0.014636668,-0.006360053,-0.007057593,BEARISH,['NORMAL'],SINGLE_LEG,N/A,N/A,"[{'action_type': 7, 'action_time': '2026-10-20', 'action_timestamp': 1792425600.0}]",['HK.LIST1067'],['HK.LIST23675']
HK.CSP260929P9250,HK.01093,CSP,2026-08-31 11:11:15,1788145875.0,BUY,0.55,200,220000.0,PUT,9.25,2026-09-29,1790611200.0,9,9.14,-1.203,0.51,0.55,47.752,105,607,0.17298,-0.495908564,0.324404188,0.010319982,-0.008041974,-0.003552008,BEARISH,['NORMAL'],SINGLE_LEG,N/A,N/A,N/A,['HK.LIST1067'],['HK.LIST23675']
HK.JXC260929P37000,HK.00358,JXC,2026-08-31 10:56:45,1788145005.0,BUY,2.38,210,499800.0,PUT,37.0,2026-09-29,1790611200.0,9,36.16,-2.323,2.31,2.39,47.296,366,412,0.88834,-0.537572406,0.082760867,0.040536575,-0.031097943,-0.015093395,BEARISH,['NORMAL'],SINGLE_LEG,N/A,N/A,N/A,N/A,"['HK.LIST1312', 'HK.LIST1314', 'HK.LIST1348', 'HK.LIST24039']"
HK.JXC261029P37000,HK.00358,JXC,2026-08-31 10:42:33,1788144153.0,BUY,3.0,100,300000.0,PUT,37.0,2026-10-29,1793203200.0,39,36.48,-1.425,2.93,3.0,48.219,103,170,0.60588,-0.476649026,0.05664948,0.058527976,-0.022101481,-0.028037553,BEARISH,['NORMAL'],SINGLE_LEG,N/A,N/A,N/A,N/A,"['HK.LIST1312', 'HK.LIST1314', 'HK.LIST1348', 'HK.LIST24039']"
HK.ALC270929P8750,HK.02600,ALC,2026-08-31 10:19:18,1788142758.0,BUY,1.96,203,795760.0,PUT,8.75,2027-09-29,1822147200.0,374,8.515,-2.759,1.8,1.96,55.021,12,N/A,0.0,-0.38760591,0.081833895,0.033801437,-0.001962466,-0.040667789,BEARISH,['NORMAL'],SINGLE_LEG,N/A,N/A,"[{'action_type': 7, 'action_time': '2026-09-09', 'action_timestamp': 1788883200.0}]",['HK.LIST1078'],"['HK.LIST1312', 'HK.LIST1348']"
HK.ALC270929P8750,HK.02600,ALC,2026-08-31 10:19:18,1788142758.0,BUY,1.96,100,392000.0,PUT,8.75,2027-09-29,1822147200.0,374,8.515,-2.759,1.8,1.96,55.021,100,N/A,0.0,-0.38760591,0.081833895,0.033801437,-0.001962466,-0.040667789,BEARISH,['NORMAL'],SINGLE_LEG,N/A,N/A,"[{'action_type': 7, 'action_time': '2026-09-09', 'action_timestamp': 1788883200.0}]",['HK.LIST1078'],"['HK.LIST1312', 'HK.LIST1348']"
HK.BIU260929P120000,HK.09888,BIU,2026-08-31 10:15:30,1788142530.0,BUY,26.4,217,859320.0,PUT,120.0,2026-09-29,1790611200.0,9,93.65,-28.136,26.13,26.4,47.812,217,4975,0.04361,-0.978694034,0.009478311,0.012254451,-0.006816308,-0.020954626,BEARISH,['NORMAL'],SINGLE_LEG,N/A,N/A,N/A,['HK.LIST23360'],"['HK.LIST1304', 'HK.LIST22886', 'HK.LIST23586', 'HK.LIST23589', 'HK.LIST24037', 'HK.LIST24062']"
HK.POP260929P155000,HK.09992,POP,2026-08-31 09:51:46,1788141106.0,BUY,4.28,5000,4280000.0,PUT,155.0,2026-09-29,1790611200.0,9,156.6,1.021,3.85,4.28,28.948,30846,8357,3.69103,-0.430534892,0.030897381,0.173562669,-0.08006114,-0.049664649,BEARISH,['NORMAL'],SINGLE_LEG,N/A,N/A,N/A,['HK.LIST1047'],"['HK.LIST1328', 'HK.LIST23676']"
HK.POP260929P155000,HK.09992,POP,2026-08-31 09:47:29,1788140849.0,BUY,3.85,4475,3445750.0,PUT,155.0,2026-09-29,1790611200.0,9,156.9,1.21,3.73,3.85,27.751,20802,8357,2.48917,-0.406587334,0.031668015,0.172166947,-0.076140708,-0.047044526,BEARISH,['NORMAL'],SINGLE_LEG,N/A,N/A,N/A,['HK.LIST1047'],"['HK.LIST1328', 'HK.LIST23676']"
HK.POP260929P155000,HK.09992,POP,2026-08-31 09:46:43,1788140803.0,BUY,3.85,5000,3850000.0,PUT,155.0,2026-09-29,1790611200.0,9,156.7,1.084,3.03,4.5,30.678,15802,8357,1.89086,-0.420897455,0.028919771,0.173252,-0.085133517,-0.049101798,BEARISH,['NORMAL'],SINGLE_LEG,N/A,N/A,N/A,['HK.LIST1047'],"['HK.LIST1328', 'HK.LIST23676']"
HK.POP260929P155000,HK.09992,POP,2026-08-31 09:46:07,1788140767.0,BUY,3.85,4258,3278660.0,PUT,155.0,2026-09-29,1790611200.0,9,156.8,1.147,3.0,3.98,30.678,10682,8357,1.2782,-0.420897455,0.028919771,0.173252,-0.085133517,-0.049101798,BEARISH,['NORMAL'],SINGLE_LEG,N/A,N/A,N/A,['HK.LIST1047'],"['HK.LIST1328', 'HK.LIST23676']"
HK.POP260929P152500,HK.09992,POP,2026-08-31 09:42:53,1788140573.0,BUY,3.3,590,389400.0,PUT,152.5,2026-09-29,1790611200.0,9,156.8,2.742,3.15,3.3,31.209,3139,17660,0.17774,-0.345611502,0.026704697,0.163601932,-0.082562723,-0.040786737,BEARISH,['NORMAL'],SINGLE_LEG,N/A,N/A,N/A,['HK.LIST1047'],"['HK.LIST1328', 'HK.LIST23676']"
HK.POP260929P152500,HK.09992,POP,2026-08-31 09:42:53,1788140573.0,BUY,3.3,2410,1590600.0,PUT,152.5,2026-09-29,1790611200.0,9,156.8,2.742,3.15,3.3,31.209,5069,17660,0.28703,-0.345611502,0.026704697,0.163601932,-0.082562723,-0.040786737,BEARISH,['NORMAL'],SINGLE_LEG,N/A,N/A,N/A,['HK.LIST1047'],"['HK.LIST1328', 'HK.LIST23676']"
HK.AIR261230P4000,HK.00753,AIR,2026-08-31 09:35:51,1788140151.0,BUY,0.41,500,410000.0,PUT,4.0,2026-12-30,1798560000.0,101,3.86,-3.626,0.36,0.41,38.142,500,128,3.90625,-0.497404219,0.48106343,0.00886991,-0.001205731,-0.006034619,BEARISH,['NORMAL'],SINGLE_LEG,N/A,N/A,N/A,['HK.LIST1064'],"['HK.LIST1240', 'HK.LIST1348']"
HK.ALC261230P8000,HK.02600,ALC,2026-08-31 09:30:32,1788139832.0,BUY,0.69,100,138000.0,PUT,8.0,2026-12-30,1798560000.0,101,8.535,6.268,0.6,0.69,49.639,100,189,0.5291,-0.335387671,0.149768396,0.018002243,-0.003379309,-0.009824377,BEARISH,['NORMAL'],SINGLE_LEG,N/A,N/A,"[{'action_type': 7, 'action_time': '2026-09-09', 'action_timestamp': 1788883200.0}]",['HK.LIST1078'],"['HK.LIST1312', 'HK.LIST1348']"
HK.ALB260929P110000,HK.09988,ALB,2026-08-28 15:39:52,1787902792.0,BUY,3.48,250,435000.0,PUT,110.0,2026-09-29,1790611200.0,9,113.9,3.424,3.45,3.48,40.146,1347,16678,0.08076,-0.355517877,0.02762628,0.12543604,-0.07510233,-0.034266691,BEARISH,['NORMAL'],SINGLE_LEG,N/A,N/A,N/A,['HK.LIST23361'],"['HK.LIST1161', 'HK.LIST1191', 'HK.LIST1287', 'HK.LIST1289', 'HK.LIST1304', 'HK.LIST1328', 'HK.LIST22886', 'HK.LIST22928', 'HK.LIST23586', 'HK.LIST23589', 'HK.LIST23593', 'HK.LIST23674', 'HK.LIST24037', 'HK.LIST24062']"
HK.POP260929P145000,HK.09992,POP,2026-08-28 15:31:34,1787902294.0,BUY,1.28,1000,256000.0,PUT,145.0,2026-09-29,1790611200.0,9,158.4,8.459,1.2,1.3,31.968,1251,4001,0.31267,-0.153672224,0.015806549,0.111129814,-0.053141765,-0.020112345,BEARISH,['NORMAL'],SINGLE_LEG,N/A,N/A,N/A,['HK.LIST1047'],"['HK.LIST1328', 'HK.LIST23676']"
HK.ALB261029P112500,HK.09988,ALB,2026-08-28 15:04:27,1787900667.0,BUY,6.6,250,825000.0,PUT,112.5,2026-10-29,1793203200.0,39,113.8,1.142,6.51,6.6,40.436,3865,4417,0.87502,-0.426694186,0.020863961,0.183686463,-0.055153042,-0.079638196,BEARISH,['NORMAL'],SINGLE_LEG,N/A,N/A,N/A,['HK.LIST23361'],"['HK.LIST1161', 'HK.LIST1191', 'HK.LIST1287', 'HK.LIST1289', 'HK.LIST1304', 'HK.LIST1328', 'HK.LIST22886', 'HK.LIST22928', 'HK.LIST23586', 'HK.LIST23589', 'HK.LIST23593', 'HK.LIST23674', 'HK.LIST24037', 'HK.LIST24062']"
HK.GLX260929P33000,HK.00027,GLX,2026-08-28 15:01:52,1787900512.0,BUY,0.66,200,132000.0,PUT,33.0,2026-09-29,1790611200.0,9,33.64,1.902,0.63,0.66,25.089,534,2239,0.23849,-0.362720861,0.150835978,0.037361162,-0.01355858,-0.009789169,BEARISH,['NORMAL'],SINGLE_LEG,N/A,N/A,N/A,N/A,"['HK.LIST1305', 'HK.LIST22913']"
HK.PIC260929P16500,HK.02328,PIC,2026-08-28 14:59:03,1787900343.0,BUY,0.73,184,268640.0,PUT,16.5,2026-09-29,1790611200.0,9,16.07,-2.675,0.65,0.74,27.458,250,40,6.25,-0.600537617,0.301869791,0.018314233,-0.00701189,-0.007388334,BEARISH,['NORMAL'],SINGLE_LEG,N/A,N/A,N/A,N/A,"['HK.LIST1305', 'HK.LIST1348']"
HK.ALB261029P112500,HK.09988,ALB,2026-08-28 14:54:05,1787900045.0,BUY,6.6,250,825000.0,PUT,112.5,2026-10-29,1793203200.0,39,113.8,1.142,6.53,6.6,40.488,3615,4417,0.81842,-0.426701772,0.020835621,0.18369805,-0.055226679,-0.079667319,BEARISH,['NORMAL'],SINGLE_LEG,N/A,N/A,N/A,['HK.LIST23361'],"['HK.LIST1161', 'HK.LIST1191', 'HK.LIST1287', 'HK.LIST1289', 'HK.LIST1304', 'HK.LIST1328', 'HK.LIST22886', 'HK.LIST22928', 'HK.LIST23586', 'HK.LIST23589', 'HK.LIST23593', 'HK.LIST23674', 'HK.LIST24037', 'HK.LIST24062']"
HK.GLX260929P33000,HK.00027,GLX,2026-08-28 14:39:36,1787899176.0,BUY,0.64,160,102400.0,PUT,33.0,2026-09-29,1790611200.0,9,33.7,2.077,0.62,0.64,24.875,333,2239,0.14872,-0.358812203,0.151434231,0.037252724,-0.013395978,-0.009689276,BEARISH,['NORMAL'],SINGLE_LEG,N/A,N/A,N/A,N/A,"['HK.LIST1305', 'HK.LIST22913']"
HK.TIC260929P140000,HK.00669,TIC,2026-08-28 14:29:48,1787898588.0,BUY,8.1,388,1571400.0,PUT,140.0,2026-09-29,1790611200.0,9,135.0,-3.703,5.17,8.1,24.798,400,73,5.47945,-0.666988688,0.038023564,0.144447023,-0.048316879,-0.065381261,BEARISH,['NORMAL'],SINGLE_LEG,N/A,N/A,"[{'action_type': 7, 'action_time': '2026-09-01', 'action_timestamp': 1788192000.0}]",N/A,N/A
HK.CPI260929P30000,HK.02601,CPI,2026-08-28 14:23:47,1787898227.0,BUY,1.16,115,133400.0,PUT,30.0,2026-09-29,1790611200.0,9,30.14,0.464,1.1,1.16,35.275,140,1910,0.07329,-0.448031845,0.126285532,0.035311546,-0.018231051,-0.01117636,BEARISH,['NORMAL'],SINGLE_LEG,N/A,N/A,"[{'action_type': 7, 'action_time': '2026-09-08', 'action_timestamp': 1788796800.0}]",N/A,"['HK.LIST1287', 'HK.LIST1305']"
HK.POP260929P160000,HK.09992,POP,2026-08-28 14:12:31,1787897551.0,BUY,6.4,540,691200.0,PUT,160.0,2026-09-29,1790611200.0,9,158.6,-0.882,6.01,6.4,30.185,99,7448,0.01329,-0.509233379,0.028427255,0.187087636,-0.08093898,-0.064644259,BEARISH,['NORMAL'],SINGLE_LEG,N/A,N/A,N/A,['HK.LIST1047'],"['HK.LIST1328', 'HK.LIST23676']"
HK.ALB261029P112500,HK.09988,ALB,2026-08-28 14:09:29,1787897369.0,BUY,6.65,250,831250.0,PUT,112.5,2026-10-29,1793203200.0,39,113.7,1.055,6.57,6.65,40.724,2933,4417,0.66402,-0.426734196,0.02070908,0.183750009,-0.055557654,-0.079797974,BEARISH,['NORMAL'],SINGLE_LEG,N/A,N/A,N/A,['HK.LIST23361'],"['HK.LIST1161', 'HK.LIST1191', 'HK.LIST1287', 'HK.LIST1289', 'HK.LIST1304', 'HK.LIST1328', 'HK.LIST22886', 'HK.LIST22928', 'HK.LIST23586', 'HK.LIST23589', 'HK.LIST23593', 'HK.LIST23674', 'HK.LIST24037', 'HK.LIST24062']"
HK.JDH261230P37000,HK.06618,JDH,2026-08-28 14:08:13,1787897293.0,BUY,3.73,107,199555.0,PUT,37.0,2026-12-30,1798560000.0,101,36.44,-1.536,3.72,3.73,43.348,107,772,0.1386,-0.456577641,0.043858753,0.084089474,-0.01298648,-0.055698338,BEARISH,['NORMAL'],SINGLE_LEG,N/A,N/A,N/A,['HK.LIST1357'],"['HK.LIST1251', 'HK.LIST22886', 'HK.LIST23598', 'HK.LIST24037']"
HK.ZJI260929P1020000,HK.03308,ZJI,2026-08-28 13:30:31,1787895031.0,BUY,79.38,100,396900.0,PUT,1020.0,2026-09-29,1790611200.0,9,1061.0,3.864,76.12,82.45,81.436,200,11,18.18181,-0.383431461,0.001492732,1.201082132,-1.488900586,-0.38613939,BEARISH,['NORMAL'],MULTI_LEG,N/A,N/A,"[{'action_type': 7, 'action_time': '2026-09-03', 'action_timestamp': 1788364800.0}]",['HK.LIST23851'],"['HK.LIST1290', 'HK.LIST24024']"
HK.LAO260929P360000,HK.06181,LAO,2026-08-28 11:25:57,1787887557.0,BUY,11.32,250,283000.0,PUT,360.0,2026-09-29,1790611200.0,9,412.2,12.663,10.5,11.46,67.55,350,431,0.81206,-0.220139116,0.003599161,0.361105802,-0.370823927,-0.082159876,BEARISH,['NORMAL'],SINGLE_LEG,N/A,N/A,N/A,['HK.LIST1049'],['HK.LIST23676']
HK.BLI260929P142500,HK.09626,BLI,2026-08-28 10:58:59,1787885939.0,BUY,12.83,444,341791.2,PUT,142.5,2026-09-29,1790611200.0,9,132.5,-7.547,10.43,12.83,36.179,252,169,1.49112,-0.728607965,0.024117711,0.12975336,-0.064396547,-0.0732489,BEARISH,['NORMAL'],SINGLE_LEG,N/A,N/A,N/A,['HK.LIST23360'],"['HK.LIST1208', 'HK.LIST1304', 'HK.LIST1306', 'HK.LIST1328', 'HK.LIST22886', 'HK.LIST23586', 'HK.LIST24037']"
HK.BLI260929P145000,HK.09626,BLI,2026-08-28 10:46:17,1787885177.0,BUY,14.59,300,262620.0,PUT,145.0,2026-09-29,1790611200.0,9,132.8,-9.186,11.5,14.59,32.533,301,4019,0.07489,-0.802469498,0.023297847,0.108485158,-0.046111177,-0.072927968,BEARISH,['NORMAL'],SINGLE_LEG,N/A,N/A,N/A,['HK.LIST23360'],"['HK.LIST1208', 'HK.LIST1304', 'HK.LIST1306', 'HK.LIST1328', 'HK.LIST22886', 'HK.LIST23586', 'HK.LIST24037']"
HK.ALB261029P112500,HK.09988,ALB,2026-08-28 10:43:54,1787885034.0,BUY,6.72,250,840000.0,PUT,112.5,2026-10-29,1793203200.0,39,113.4,0.793,6.63,6.72,40.568,714,4417,0.16164,-0.430852179,0.020845911,0.18397626,-0.055227927,-0.080517268,BEARISH,['NORMAL'],SINGLE_LEG,N/A,N/A,N/A,['HK.LIST23361'],"['HK.LIST1161', 'HK.LIST1191', 'HK.LIST1287', 'HK.LIST1289', 'HK.LIST1304', 'HK.LIST1328', 'HK.LIST22886', 'HK.LIST22928', 'HK.LIST23586', 'HK.LIST23589', 'HK.LIST23593', 'HK.LIST23674', 'HK.LIST24037', 'HK.LIST24062']"
HK.ALB261029P112500,HK.09988,ALB,2026-08-28 10:41:43,1787884903.0,BUY,6.7,250,837500.0,PUT,112.5,2026-10-29,1793203200.0,39,113.5,0.881,6.62,6.7,40.505,250,4417,0.05659,-0.435032184,0.020957474,0.183977835,-0.055097502,-0.081092061,BEARISH,['NORMAL'],SINGLE_LEG,N/A,N/A,N/A,['HK.LIST23361'],"['HK.LIST1161', 'HK.LIST1191', 'HK.LIST1287', 'HK.LIST1289', 'HK.LIST1304', 'HK.LIST1328', 'HK.LIST22886', 'HK.LIST22928', 'HK.LIST23586', 'HK.LIST23589', 'HK.LIST23593', 'HK.LIST23674', 'HK.LIST24037', 'HK.LIST24062']"
HK.BLI260929P150000,HK.09626,BLI,2026-08-28 10:36:04,1787884564.0,BUY,18.66,300,335880.0,PUT,150.0,2026-09-29,1790611200.0,9,132.6,-13.122,15.48,18.66,0.0,305,608,0.50164,0.0,0.0,0.0,0.0,0.0,BEARISH,['NORMAL'],SINGLE_LEG,N/A,N/A,N/A,['HK.LIST23360'],"['HK.LIST1208', 'HK.LIST1304', 'HK.LIST1306', 'HK.LIST1328', 'HK.LIST22886', 'HK.LIST23586', 'HK.LIST24037']"
HK.KST260929P36000,HK.01024,KST,2026-08-28 10:33:04,1787884384.0,BUY,2.96,200,296000.0,PUT,36.0,2026-09-29,1790611200.0,9,33.98,-5.944,2.88,2.96,43.968,617,1174,0.52555,-0.638435561,0.085635703,0.037762012,-0.023770176,-0.017963957,BEARISH,['NORMAL'],SINGLE_LEG,N/A,N/A,N/A,N/A,"['HK.LIST1305', 'HK.LIST1306', 'HK.LIST1328', 'HK.LIST22886', 'HK.LIST23586', 'HK.LIST24037']"
HK.BLI260929P152500,HK.09626,BLI,2026-08-28 10:30:56,1787884256.0,BUY,20.18,700,847560.0,PUT,152.5,2026-09-29,1790611200.0,9,133.5,-14.232,16.85,20.19,0.0,700,155,4.51612,0.0,0.0,0.0,0.0,0.0,BEARISH,['NORMAL'],SINGLE_LEG,N/A,N/A,N/A,['HK.LIST23360'],"['HK.LIST1208', 'HK.LIST1304', 'HK.LIST1306', 'HK.LIST1328', 'HK.LIST22886', 'HK.LIST23586', 'HK.LIST24037']"
HK.KSO261029P27000,HK.03888,KSO,2026-08-28 10:10:59,1787883059.0,BUY,2.65,100,265000.0,PUT,27.0,2026-10-29,1793203200.0,39,25.44,-6.132,2.58,2.65,43.325,100,50,2.0,-0.586339715,0.087360317,0.04079219,-0.01275196,-0.024127186,BEARISH,['NORMAL'],SINGLE_LEG,N/A,N/A,N/A,['HK.LIST1100'],"['HK.LIST1190', 'HK.LIST1191', 'HK.LIST1192', 'HK.LIST1208', 'HK.LIST1289', 'HK.LIST1331', 'HK.LIST23586', 'HK.LIST24037']"
HK.ALC261029P8500,HK.02600,ALC,2026-08-28 10:07:47,1787882867.0,BUY,0.7,100,140000.0,PUT,8.5,2026-10-29,1793203200.0,39,8.635,1.563,0.68,0.7,55.88,100,517,0.19342,-0.412864071,0.196037485,0.013912696,-0.005881445,-0.006276306,BEARISH,['NORMAL'],SINGLE_LEG,N/A,N/A,"[{'action_type': 7, 'action_time': '2026-09-09', 'action_timestamp': 1788883200.0}]",['HK.LIST1078'],"['HK.LIST1312', 'HK.LIST1348']"
HK.CSP270330P9250,HK.01093,CSP,2026-08-28 10:05:15,1787882715.0,BUY,1.23,205,504300.0,PUT,9.25,2027-03-30,1806336000.0,191,9.58,3.444,1.19,1.23,51.523,15,60,0.25,-0.368379418,0.101309915,0.027683714,-0.002934283,-0.022130543,BEARISH,['NORMAL'],SINGLE_LEG,N/A,N/A,"[{'action_type': 7, 'action_time': '2026-10-20', 'action_timestamp': 1792425600.0}]",['HK.LIST1067'],['HK.LIST23675']
HK.GLI261029P41000,HK.01772,GLI,2026-08-28 09:48:54,1787881734.0,BUY,4.25,250,212500.0,PUT,41.0,2026-10-29,1793203200.0,39,40.72,-0.687,4.17,4.27,62.974,250,181,1.38121,-0.445986017,0.037456219,0.066615534,-0.031793287,-0.032842696,BEARISH,['NORMAL'],SINGLE_LEG,N/A,N/A,N/A,['HK.LIST1006'],"['HK.LIST1180', 'HK.LIST1312', 'HK.LIST1314', 'HK.LIST1334']"
HK.SHL261029P2300,HK.00968,SHL,2026-08-28 09:46:21,1787881581.0,BUY,0.15,420,126000.0,PUT,2.3,2026-10-29,1793203200.0,39,2.32,0.862,0.12,0.16,41.782,420,N/A,0.0,-0.428412294,0.987074534,0.003762759,-0.001165585,-0.001648987,BEARISH,['NORMAL'],SINGLE_LEG,N/A,N/A,N/A,N/A,"['HK.LIST1224', 'HK.LIST1233']"
HK.BOC261230P46000,HK.02388,BOC,2026-08-28 09:30:05,1787880605.0,BUY,1.0,329,164500.0,PUT,46.0,2026-12-30,1798560000.0,101,49.72,7.481,N/A,1.0,23.494,329,187,1.75935,-0.232781751,0.045295752,0.088512324,-0.00728206,-0.03544585,BEARISH,['NORMAL'],SINGLE_LEG,N/A,N/A,"[{'action_type': 8, 'action_time': '2026-09-10', 'action_timestamp': 1788969600.0}, {'action_type': 7, 'action_time': '2026-09-10', 'action_timestamp': 1788969600.0}]",['HK.LIST1079'],"['HK.LIST1178', 'HK.LIST1239', 'HK.LIST1252', 'HK.LIST1305', 'HK.LIST1344', 'HK.LIST1348', 'HK.LIST23674']"
HK.JDH260929P39000,HK.06618,JDH,2026-08-27 15:44:37,1787816677.0,BUY,3.25,100,162500.0,PUT,39.0,2026-09-29,1790611200.0,9,36.52,-6.79,2.48,3.3,40.696,17,3185,0.00533,-0.678263663,0.082015283,0.039206692,-0.02191878,-0.020334444,BEARISH,['NORMAL'],SINGLE_LEG,N/A,N/A,N/A,['HK.LIST1357'],"['HK.LIST1251', 'HK.LIST22886', 'HK.LIST23598', 'HK.LIST24037']"
HK.CPI260929P31000,HK.02601,CPI,2026-08-27 15:33:20,1787816000.0,BUY,1.76,240,422400.0,PUT,31.0,2026-09-29,1790611200.0,9,29.94,-3.54,1.61,1.85,32.487,40,1488,0.02688,-0.611110725,0.133553373,0.034405935,-0.015309113,-0.014793,BEARISH,['NORMAL'],SINGLE_LEG,N/A,N/A,"[{'action_type': 7, 'action_time': '2026-09-08', 'action_timestamp': 1788796800.0}]",N/A,"['HK.LIST1287', 'HK.LIST1305']"
HK.POP260929P152500,HK.09992,POP,2026-08-27 15:30:24,1787815824.0,BUY,4.43,5000,4430000.0,PUT,152.5,2026-09-29,1790611200.0,9,153.9,0.909,4.33,4.43,29.067,10973,8824,1.24354,-0.421900708,0.029269493,0.181035224,-0.073957362,-0.054166402,BEARISH,['NORMAL'],SINGLE_LEG,N/A,N/A,N/A,['HK.LIST1047'],"['HK.LIST1328', 'HK.LIST23676']"
HK.BIU261127P95000,HK.09888,BIU,2026-08-27 14:59:37,1787813977.0,BUY,7.65,220,252450.0,PUT,95.0,2026-11-27,1795708800.0,68,95.45,0.471,7.46,7.65,43.099,189,301,0.6279,-0.434182877,0.019296571,0.188200579,-0.039887079,-0.102506431,BEARISH,['NORMAL'],SINGLE_LEG,N/A,N/A,N/A,['HK.LIST23360'],"['HK.LIST1304', 'HK.LIST22886', 'HK.LIST23586', 'HK.LIST23589', 'HK.LIST24037', 'HK.LIST24062']"
HK.GLX261230P31000,HK.00027,GLX,2026-08-27 13:54:06,1787810046.0,BUY,0.82,500,410000.0,PUT,31.0,2026-12-30,1798560000.0,101,34.34,9.726,0.78,0.82,28.834,100,726,0.13774,-0.220921584,0.051535825,0.059627293,-0.006138734,-0.02414685,BEARISH,['NORMAL'],SINGLE_LEG,N/A,N/A,N/A,N/A,"['HK.LIST1305', 'HK.LIST22913']"
HK.TCH260929P450000,HK.00700,TCH,2026-08-27 13:01:23,1787806883.0,BUY,16.04,2025,3248100.0,PUT,450.0,2026-09-29,1790611200.0,9,447.8,-0.491,15.73,16.04,29.487,4769,20218,0.23587,-0.483461122,0.010109053,0.537493598,-0.220144841,-0.179585324,BEARISH,['NORMAL'],SINGLE_LEG,N/A,N/A,N/A,['HK.LIST23363'],"['HK.LIST1161', 'HK.LIST1190', 'HK.LIST1191', 'HK.LIST1208', 'HK.LIST1289', 'HK.LIST1305', 'HK.LIST1328', 'HK.LIST1351', 'HK.LIST22886', 'HK.LIST22928', 'HK.LIST23586', 'HK.LIST23589', 'HK.LIST24037', 'HK.LIST24062']"
HK.YZC261029P15000,HK.01171,YZC,2026-08-27 11:04:14,1787799854.0,BUY,2.3,100,460000.0,PUT,15.0,2026-10-29,1793203200.0,39,13.17,-13.895,2.13,2.3,49.571,130,N/A,0.0,-0.696026649,0.133488804,0.019070105,-0.006584821,-0.01492528,BEARISH,['NORMAL'],SINGLE_LEG,N/A,N/A,"[{'action_type': 7, 'action_time': '2026-09-10', 'action_timestamp': 1788969600.0}]",['HK.LIST1044'],"['HK.LIST1216', 'HK.LIST1314', 'HK.LIST1348']"
HK.POP261127P150000,HK.09992,POP,2026-08-27 10:44:29,1787798669.0,BUY,9.3,500,930000.0,PUT,150.0,2026-11-27,1795708800.0,68,153.4,2.216,9.19,9.3,38.001,516,1527,0.33791,-0.39694545,0.013302976,0.296991345,-0.055173596,-0.147813389,BEARISH,['NORMAL'],SINGLE_LEG,N/A,N/A,N/A,['HK.LIST1047'],"['HK.LIST1328', 'HK.LIST23676']"
HK.CLI261029P29000,HK.02628,CLI,2026-08-26 15:33:26,1787729606.0,BUY,1.84,200,368000.0,PUT,29.0,2026-10-29,1793203200.0,39,29.2,0.684,1.8,1.86,41.874,475,1370,0.34671,-0.437032375,0.077678627,0.048094189,-0.014482129,-0.021717479,BEARISH,['NORMAL'],SINGLE_LEG,N/A,N/A,"[{'action_type': 7, 'action_time': '2026-10-08', 'action_timestamp': 1791388800.0}]",N/A,"['HK.LIST1287', 'HK.LIST1305', 'HK.LIST1348']"
HK.MET270330P125000,HK.03690,MET,2026-08-26 15:27:25,1787729245.0,BUY,47.8,200,4780000.0,PUT,125.0,2027-03-30,1806336000.0,191,78.35,-59.54,47.5,47.96,52.579,300,383,0.78328,-0.857897544,0.010717003,0.127694179,-0.01076934,-0.267660284,BEARISH,['NORMAL'],SINGLE_LEG,N/A,N/A,N/A,['HK.LIST23361'],"['HK.LIST1305', 'HK.LIST1998', 'HK.LIST22886', 'HK.LIST22928', 'HK.LIST23586', 'HK.LIST24037', 'HK.LIST24062']"
HK.TRP261230P310000,HK.09961,TRP,2026-08-26 14:57:38,1787727458.0,BUY,8.45,100,126750.0,PUT,310.0,2026-12-30,1798560000.0,101,358.2,13.456,8.3,8.45,34.352,100,380,0.26315,-0.19072397,0.003781882,0.57164339,-0.07112332,-0.224788638,BEARISH,['NORMAL'],SINGLE_LEG,N/A,N/A,N/A,['HK.LIST1034'],"['HK.LIST1304', 'HK.LIST1998', 'HK.LIST22886']"
HK.MIU260929P30000,HK.01810,MIU,2026-08-26 13:20:02,1787721602.0,BUY,2.33,204,475320.0,PUT,30.0,2026-09-29,1790611200.0,9,28.72,-4.456,2.28,2.36,46.431,649,10432,0.06221,-0.584011148,0.096651328,0.034211841,-0.021734123,-0.015076496,BEARISH,['NORMAL'],SINGLE_LEG,N/A,N/A,N/A,['HK.LIST1055'],"['HK.LIST1161', 'HK.LIST1166', 'HK.LIST1217', 'HK.LIST1305', 'HK.LIST1328', 'HK.LIST1331', 'HK.LIST1351', 'HK.LIST22886', 'HK.LIST22910', 'HK.LIST22928', 'HK.LIST23586', 'HK.LIST23589', 'HK.LIST23593', 'HK.LIST23676', 'HK.LIST24037', 'HK.LIST24062']"
HK.GLX270330P29000,HK.00027,GLX,2026-08-26 10:51:49,1787712709.0,BUY,0.8,300,240000.0,PUT,29.0,2027-03-30,1806336000.0,191,34.7,16.426,0.74,0.8,30.245,1000,161,6.21118,-0.162396578,0.030585344,0.065651694,-0.004037893,-0.031289876,BEARISH,['NORMAL'],SINGLE_LEG,N/A,N/A,N/A,N/A,"['HK.LIST1305', 'HK.LIST22913']"
HK.BIU270629P80000,HK.09888,BIU,2026-08-26 10:48:00,1787712480.0,BUY,7.72,240,277920.0,PUT,80.0,2027-06-29,1814198400.0,282,91.05,12.136,7.35,7.75,43.586,240,89,2.69662,-0.277979803,0.009384905,0.279691711,-0.017099934,-0.219567474,BEARISH,['NORMAL'],SINGLE_LEG,N/A,N/A,N/A,['HK.LIST23360'],"['HK.LIST1304', 'HK.LIST22886', 'HK.LIST23586', 'HK.LIST23589', 'HK.LIST24037', 'HK.LIST24062']"
HK.JXC260929P40000,HK.00358,JXC,2026-08-26 10:24:55,1787711095.0,BUY,2.09,248,518320.0,PUT,40.0,2026-09-29,1790611200.0,9,40.52,1.283,2.02,2.09,49.018,522,1079,0.48378,-0.421339008,0.064415817,0.048623171,-0.033277726,-0.015891465,BEARISH,['NORMAL'],SINGLE_LEG,N/A,N/A,N/A,N/A,"['HK.LIST1312', 'HK.LIST1314', 'HK.LIST1348', 'HK.LIST24039']"
HK.JXC260929P40000,HK.00358,JXC,2026-08-26 10:24:05,1787711045.0,BUY,2.09,222,463980.0,PUT,40.0,2026-09-29,1790611200.0,9,40.56,1.38,2.03,2.09,49.018,496,1079,0.45968,-0.421339008,0.064415817,0.048623171,-0.033277726,-0.015891465,BEARISH,['NORMAL'],SINGLE_LEG,N/A,N/A,N/A,N/A,"['HK.LIST1312', 'HK.LIST1314', 'HK.LIST1348', 'HK.LIST24039']"
HK.GLX261230P31000,HK.00027,GLX,2026-08-26 10:17:08,1787710628.0,BUY,0.77,185,142450.0,PUT,31.0,2026-12-30,1798560000.0,101,34.76,10.817,0.76,0.77,29.342,500,226,2.21238,-0.206858123,0.047974045,0.058262307,-0.006074819,-0.023122632,BEARISH,['NORMAL'],SINGLE_LEG,N/A,N/A,N/A,N/A,"['HK.LIST1305', 'HK.LIST22913']"
HK.GLX261230P31000,HK.00027,GLX,2026-08-26 10:16:55,1787710615.0,BUY,0.77,315,242550.0,PUT,31.0,2026-12-30,1798560000.0,101,34.76,10.817,0.75,0.77,29.741,315,226,1.3938,-0.207441142,0.047350528,0.058429687,-0.006182401,-0.023263335,BEARISH,['NORMAL'],SINGLE_LEG,N/A,N/A,N/A,N/A,"['HK.LIST1305', 'HK.LIST22913']"
HK.ALB260929P110000,HK.09988,ALB,2026-08-26 10:13:19,1787710399.0,BUY,3.15,290,456750.0,PUT,110.0,2026-09-29,1790611200.0,9,116.0,5.172,3.13,3.15,42.574,2774,14340,0.19344,-0.293272769,0.02266724,0.122915197,-0.073351294,-0.031298472,BEARISH,['NORMAL'],SINGLE_LEG,N/A,N/A,N/A,['HK.LIST23361'],"['HK.LIST1161', 'HK.LIST1191', 'HK.LIST1287', 'HK.LIST1289', 'HK.LIST1304', 'HK.LIST1328', 'HK.LIST22886', 'HK.LIST22928', 'HK.LIST23586', 'HK.LIST23589', 'HK.LIST23593', 'HK.LIST23674', 'HK.LIST24037', 'HK.LIST24062']"
HK.CHU260929P5750,HK.00762,CHU,2026-08-26 10:09:36,1787710176.0,BUY,0.16,350,112000.0,PUT,5.75,2026-09-29,1790611200.0,9,5.76,0.173,0.15,0.16,24.062,350,588,0.59523,-0.460002689,0.946889005,0.006983299,-0.002222077,-0.002214967,BEARISH,['NORMAL'],SINGLE_LEG,N/A,N/A,N/A,['HK.LIST1054'],"['HK.LIST1176', 'HK.LIST1180', 'HK.LIST1214', 'HK.LIST1305', 'HK.LIST1344', 'HK.LIST1348', 'HK.LIST22928', 'HK.LIST23586', 'HK.LIST23589']"
HK.GLX270330P29000,HK.00027,GLX,2026-08-26 10:08:11,1787710091.0,BUY,0.8,200,160000.0,PUT,29.0,2027-03-30,1806336000.0,191,34.86,16.81,0.79,0.8,30.745,700,161,4.34782,-0.16301236,0.030087808,0.065974086,-0.004131008,-0.031578254,BEARISH,['NORMAL'],SINGLE_LEG,N/A,N/A,N/A,N/A,"['HK.LIST1305', 'HK.LIST22913']"
HK.PEC270629P9500,HK.00857,PEC,2026-08-26 10:01:23,1787709683.0,BUY,1.02,465,948600.0,PUT,9.5,2027-06-29,1814198400.0,282,9.935,4.378,0.99,1.02,37.937,465,202,2.30198,-0.354383587,0.111048191,0.033777292,-0.001722514,-0.029041747,BEARISH,['NORMAL'],SINGLE_LEG,N/A,N/A,"[{'action_type': 7, 'action_time': '2026-09-10', 'action_timestamp': 1788969600.0}]",['HK.LIST1042'],"['HK.LIST1175', 'HK.LIST1205', 'HK.LIST1241', 'HK.LIST1305', 'HK.LIST1344', 'HK.LIST1348', 'HK.LIST1362', 'HK.LIST22928']"
HK.POP260929P152500,HK.09992,POP,2026-08-25 15:57:31,1787644651.0,BUY,4.85,3889,3772330.0,PUT,152.5,2026-09-29,1790611200.0,9,155.0,1.612,4.71,4.85,32.85,1162,3832,0.30323,-0.401904824,0.024670542,0.185527086,-0.081503882,-0.056043645,BEARISH,['NORMAL'],SINGLE_LEG,N/A,N/A,N/A,['HK.LIST1047'],"['HK.LIST1328', 'HK.LIST23676']"
HK.POP260929P152500,HK.09992,POP,2026-08-25 15:57:30,1787644650.0,BUY,4.85,1000,970000.0,PUT,152.5,2026-09-29,1790611200.0,9,155.0,1.612,4.74,4.85,32.85,1161,3832,0.30297,-0.401904824,0.024670542,0.185527086,-0.081503882,-0.056043645,BEARISH,['NORMAL'],SINGLE_LEG,N/A,N/A,N/A,['HK.LIST1047'],"['HK.LIST1328', 'HK.LIST23676']"
HK.ALB261127P110000,HK.09988,ALB,2026-08-25 15:52:48,1787644368.0,BUY,7.51,500,1877500.0,PUT,110.0,2026-11-27,1795708800.0,68,113.8,3.339,7.36,7.51,42.769,99,8969,0.01103,-0.381010129,0.015583426,0.21968389,-0.045592804,-0.109988775,BEARISH,['NORMAL'],SINGLE_LEG,N/A,N/A,N/A,['HK.LIST23361'],"['HK.LIST1161', 'HK.LIST1191', 'HK.LIST1287', 'HK.LIST1289', 'HK.LIST1304', 'HK.LIST1328', 'HK.LIST22886', 'HK.LIST22928', 'HK.LIST23586', 'HK.LIST23589', 'HK.LIST23593', 'HK.LIST23674', 'HK.LIST24037', 'HK.LIST24062']"
HK.BLI260929P155000,HK.09626,BLI,2026-08-25 14:47:45,1787640465.0,BUY,27.09,1000,1625400.0,PUT,155.0,2026-09-29,1790611200.0,9,129.3,-19.876,24.16,27.1,39.141,1000,404,2.47524,-0.943077629,0.011080462,0.043272771,-0.017746779,-0.055397446,BEARISH,['NORMAL'],SINGLE_LEG,N/A,N/A,N/A,['HK.LIST23360'],"['HK.LIST1208', 'HK.LIST1304', 'HK.LIST1306', 'HK.LIST1328', 'HK.LIST22886', 'HK.LIST23586', 'HK.LIST24037']"
HK.ALB261230P105000,HK.09988,ALB,2026-08-25 14:34:14,1787639654.0,BUY,6.4,300,960000.0,PUT,105.0,2026-12-30,1798560000.0,101,113.9,7.813,6.36,6.4,42.0,168,12573,0.01336,-0.308008809,0.012569016,0.236230177,-0.035438652,-0.121114343,BEARISH,['NORMAL'],SINGLE_LEG,N/A,N/A,N/A,['HK.LIST23361'],"['HK.LIST1161', 'HK.LIST1191', 'HK.LIST1287', 'HK.LIST1289', 'HK.LIST1304', 'HK.LIST1328', 'HK.LIST22886', 'HK.LIST22928', 'HK.LIST23586', 'HK.LIST23589', 'HK.LIST23593', 'HK.LIST23674', 'HK.LIST24037', 'HK.LIST24062']"
HK.ALB261127P105000,HK.09988,ALB,2026-08-25 14:14:10,1787638450.0,BUY,5.35,300,802500.0,PUT,105.0,2026-11-27,1795708800.0,68,113.4,7.407,5.31,5.35,42.249,695,3982,0.17453,-0.304962615,0.01448461,0.201556511,-0.041763613,-0.0879735,BEARISH,['NORMAL'],SINGLE_LEG,N/A,N/A,N/A,['HK.LIST23361'],"['HK.LIST1161', 'HK.LIST1191', 'HK.LIST1287', 'HK.LIST1289', 'HK.LIST1304', 'HK.LIST1328', 'HK.LIST22886', 'HK.LIST22928', 'HK.LIST23586', 'HK.LIST23589', 'HK.LIST23593', 'HK.LIST23674', 'HK.LIST24037', 'HK.LIST24062']"
HK.BLI260929P157500,HK.09626,BLI,2026-08-25 13:22:46,1787635366.0,BUY,30.6,600,1101600.0,PUT,157.5,2026-09-29,1790611200.0,9,127.8,-23.239,28.08,30.61,0.0,75,264,0.28409,0.0,0.0,0.0,0.0,0.0,BEARISH,['NORMAL'],SINGLE_LEG,N/A,N/A,N/A,['HK.LIST23360'],"['HK.LIST1208', 'HK.LIST1304', 'HK.LIST1306', 'HK.LIST1328', 'HK.LIST22886', 'HK.LIST23586', 'HK.LIST24037']"
HK.MET260929P77500,HK.03690,MET,2026-08-25 13:13:49,1787634829.0,BUY,4.55,250,568750.0,PUT,77.5,2026-09-29,1790611200.0,9,77.3,-0.258,4.47,4.55,48.27,1547,5755,0.2688,-0.463531579,0.034445525,0.095348639,-0.062267017,-0.034023343,BEARISH,['NORMAL'],SINGLE_LEG,N/A,N/A,N/A,['HK.LIST23361'],"['HK.LIST1305', 'HK.LIST1998', 'HK.LIST22886', 'HK.LIST22928', 'HK.LIST23586', 'HK.LIST24037', 'HK.LIST24062']"
HK.MET260929P77500,HK.03690,MET,2026-08-25 13:09:26,1787634566.0,BUY,4.5,250,562500.0,PUT,77.5,2026-09-29,1790611200.0,9,77.4,-0.129,4.43,4.5,47.797,1296,5755,0.22519,-0.463760783,0.034789796,0.09535394,-0.061625661,-0.033986275,BEARISH,['NORMAL'],SINGLE_LEG,N/A,N/A,N/A,['HK.LIST23361'],"['HK.LIST1305', 'HK.LIST1998', 'HK.LIST22886', 'HK.LIST22928', 'HK.LIST23586', 'HK.LIST24037', 'HK.LIST24062']"
HK.BLI260929P160000,HK.09626,BLI,2026-08-25 13:07:53,1787634473.0,BUY,33.6,700,1411200.0,PUT,160.0,2026-09-29,1790611200.0,9,127.3,-25.687,30.42,33.6,0.0,700,332,2.10843,0.0,0.0,0.0,0.0,0.0,BEARISH,['NORMAL'],SINGLE_LEG,N/A,N/A,N/A,['HK.LIST23360'],"['HK.LIST1208', 'HK.LIST1304', 'HK.LIST1306', 'HK.LIST1328', 'HK.LIST22886', 'HK.LIST23586', 'HK.LIST24037']"
HK.MET260929P77500,HK.03690,MET,2026-08-25 13:04:42,1787634282.0,BUY,4.42,250,552500.0,PUT,77.5,2026-09-29,1790611200.0,9,77.5,0.0,4.31,4.52,47.428,1044,5755,0.1814,-0.463937699,0.035062269,0.095361223,-0.061122502,-0.033959324,BEARISH,['NORMAL'],SINGLE_LEG,N/A,N/A,N/A,['HK.LIST23361'],"['HK.LIST1305', 'HK.LIST1998', 'HK.LIST22886', 'HK.LIST22928', 'HK.LIST23586', 'HK.LIST24037', 'HK.LIST24062']"
HK.MET260929P77500,HK.03690,MET,2026-08-25 13:02:01,1787634121.0,BUY,4.45,250,556250.0,PUT,77.5,2026-09-29,1790611200.0,9,77.45,-0.064,4.33,4.45,47.515,1044,5755,0.1814,-0.467397851,0.035071714,0.095311301,-0.061180562,-0.034169767,BEARISH,['NORMAL'],SINGLE_LEG,N/A,N/A,N/A,['HK.LIST23361'],"['HK.LIST1305', 'HK.LIST1998', 'HK.LIST22886', 'HK.LIST22928', 'HK.LIST23586', 'HK.LIST24037', 'HK.LIST24062']"
HK.XCC260929P11000,HK.00939,XCC,2026-08-25 11:57:33,1787630253.0,BUY,1.809,250,452250.0,PUT,11.0,2026-09-29,1790611200.0,9,9.205,-19.5,N/A,N/A,44.626,500,N/A,0.0,-0.892981178,0.169115669,0.005166837,-0.002653606,-0.005532951,BEARISH,['NORMAL'],SINGLE_LEG,N/A,N/A,N/A,N/A,"['HK.LIST1239', 'HK.LIST1305', 'HK.LIST1344', 'HK.LIST1348']"
HK.XCC260929P11000,HK.00939,XCC,2026-08-25 11:57:28,1787630248.0,BUY,1.807,250,451750.0,PUT,11.0,2026-09-29,1790611200.0,9,9.205,-19.5,N/A,N/A,44.626,250,N/A,0.0,-0.892981178,0.169115669,0.005166837,-0.002653606,-0.005532951,BEARISH,['NORMAL'],SINGLE_LEG,N/A,N/A,N/A,N/A,"['HK.LIST1239', 'HK.LIST1305', 'HK.LIST1344', 'HK.LIST1348']"
HK.MET260929P80000,HK.03690,MET,2026-08-25 11:12:16,1787627536.0,BUY,5.22,250,652500.0,PUT,80.0,2026-09-29,1790611200.0,9,78.55,-1.845,5.16,5.22,47.391,2028,15821,0.12818,-0.506791971,0.034680762,0.097372576,-0.06189149,-0.037600812,BEARISH,['NORMAL'],SINGLE_LEG,N/A,N/A,N/A,['HK.LIST23361'],"['HK.LIST1305', 'HK.LIST1998', 'HK.LIST22886', 'HK.LIST22928', 'HK.LIST23586', 'HK.LIST24037', 'HK.LIST24062']"
HK.MET260929P80000,HK.03690,MET,2026-08-25 11:09:59,1787627399.0,BUY,5.2,250,650000.0,PUT,80.0,2026-09-29,1790611200.0,9,78.7,-1.651,5.14,5.2,47.445,1778,15821,0.11238,-0.504984082,0.034618621,0.097444029,-0.062022795,-0.037507727,BEARISH,['NORMAL'],SINGLE_LEG,N/A,N/A,N/A,['HK.LIST23361'],"['HK.LIST1305', 'HK.LIST1998', 'HK.LIST22886', 'HK.LIST22928', 'HK.LIST23586', 'HK.LIST24037', 'HK.LIST24062']"
HK.MET260929P80000,HK.03690,MET,2026-08-25 11:01:20,1787626880.0,BUY,5.16,250,645000.0,PUT,80.0,2026-09-29,1790611200.0,9,78.65,-1.716,5.11,5.16,47.342,1522,15821,0.0962,-0.501650783,0.034645691,0.097583539,-0.061986406,-0.037314876,BEARISH,['NORMAL'],SINGLE_LEG,N/A,N/A,N/A,['HK.LIST23361'],"['HK.LIST1305', 'HK.LIST1998', 'HK.LIST22886', 'HK.LIST22928', 'HK.LIST23586', 'HK.LIST24037', 'HK.LIST24062']"
HK.MET260929P80000,HK.03690,MET,2026-08-25 10:57:24,1787626644.0,BUY,5.18,250,647500.0,PUT,80.0,2026-09-29,1790611200.0,9,78.65,-1.716,5.12,5.18,47.068,1255,15821,0.07932,-0.510728804,0.034958446,0.097237764,-0.06131096,-0.037791562,BEARISH,['NORMAL'],SINGLE_LEG,N/A,N/A,N/A,['HK.LIST23361'],"['HK.LIST1305', 'HK.LIST1998', 'HK.LIST22886', 'HK.LIST22928', 'HK.LIST23586', 'HK.LIST24037', 'HK.LIST24062']"
HK.MET260929P87500,HK.03690,MET,2026-08-25 10:56:30,1787626590.0,BUY,10.5,498,2614500.0,PUT,87.5,2026-09-29,1790611200.0,9,78.55,-11.394,10.3,10.5,45.791,3149,11254,0.27981,-0.747976333,0.029509608,0.077581163,-0.045025478,-0.050857206,BEARISH,['NORMAL'],SINGLE_LEG,N/A,N/A,N/A,['HK.LIST23361'],"['HK.LIST1305', 'HK.LIST1998', 'HK.LIST22886', 'HK.LIST22928', 'HK.LIST23586', 'HK.LIST24037', 'HK.LIST24062']"
HK.MET260929P80000,HK.03690,MET,2026-08-25 10:54:12,1787626452.0,BUY,4.95,250,618750.0,PUT,80.0,2026-09-29,1790611200.0,9,79.05,-1.201,4.92,4.95,46.671,992,15821,0.0627,-0.495498473,0.035046695,0.09783286,-0.061255259,-0.036894024,BEARISH,['NORMAL'],SINGLE_LEG,N/A,N/A,N/A,['HK.LIST23361'],"['HK.LIST1305', 'HK.LIST1998', 'HK.LIST22886', 'HK.LIST22928', 'HK.LIST23586', 'HK.LIST24037', 'HK.LIST24062']"
HK.LNI260929P15000,HK.02331,LNI,2026-08-25 10:37:23,1787625443.0,BUY,2.05,100,102500.0,PUT,15.0,2026-09-29,1790611200.0,9,13.38,-12.107,1.77,2.07,54.166,100,783,0.12771,-0.720335994,0.152869387,0.01393999,-0.009788983,-0.008851102,BEARISH,['NORMAL'],SINGLE_LEG,N/A,N/A,"[{'action_type': 7, 'action_time': '2026-09-03', 'action_timestamp': 1788364800.0}]",N/A,"['HK.LIST1161', 'HK.LIST1185']"
HK.MTR270330P34000,HK.00066,MTR,2026-08-25 10:33:00,1787625180.0,BUY,2.17,105,113925.0,PUT,34.0,2027-03-30,1806336000.0,191,33.66,-1.01,2.04,2.17,21.797,105,20,5.25,-0.449585759,0.074778061,0.101525116,-0.003795851,-0.073455745,BEARISH,['NORMAL'],SINGLE_LEG,N/A,N/A,"[{'action_type': 7, 'action_time': '2026-08-26', 'action_timestamp': 1787673600.0}]",['HK.LIST1005'],['HK.LIST1305']
HK.SAN261127P15000,HK.01928,SAN,2026-08-25 10:27:17,1787624837.0,BUY,1.52,209,127072.0,PUT,15.0,2026-11-27,1795708800.0,68,14.39,-4.239,1.5,1.52,42.74,209,N/A,0.0,-0.518601832,0.130142385,0.02905916,-0.005845657,-0.018594104,BEARISH,['NORMAL'],SINGLE_LEG,N/A,N/A,"[{'action_type': 7, 'action_time': '2026-09-16', 'action_timestamp': 1789488000.0}]",['HK.LIST1069'],"['HK.LIST1305', 'HK.LIST22913']"
HK.SAN270330P15000,HK.01928,SAN,2026-08-25 10:20:03,1787624403.0,BUY,1.9,269,204440.0,PUT,15.0,2027-03-30,1806336000.0,191,14.43,-3.95,1.88,1.9,38.991,389,609,0.63875,-0.471598027,0.095517659,0.044009374,-0.003266755,-0.038708083,BEARISH,['NORMAL'],SINGLE_LEG,N/A,N/A,"[{'action_type': 7, 'action_time': '2026-09-16', 'action_timestamp': 1789488000.0}]",['HK.LIST1069'],"['HK.LIST1305', 'HK.LIST22913']"
HK.MET260929P87500,HK.03690,MET,2026-08-25 10:09:47,1787623787.0,BUY,10.2,482,2458200.0,PUT,87.5,2026-09-29,1790611200.0,9,78.85,-10.97,10.05,10.2,48.202,2505,11254,0.22258,-0.72269522,0.029049938,0.081988708,-0.050706752,-0.0508929,BEARISH,['NORMAL'],SINGLE_LEG,N/A,N/A,N/A,['HK.LIST23361'],"['HK.LIST1305', 'HK.LIST1998', 'HK.LIST22886', 'HK.LIST22928', 'HK.LIST23586', 'HK.LIST24037', 'HK.LIST24062']"
HK.MET260929P87500,HK.03690,MET,2026-08-25 09:54:26,1787622866.0,BUY,9.8,384,1881600.0,PUT,87.5,2026-09-29,1790611200.0,9,79.35,-10.27,9.36,9.8,46.092,1184,11254,0.1052,-0.717622443,0.030441878,0.083290273,-0.04913648,-0.050483589,BEARISH,['NORMAL'],SINGLE_LEG,N/A,N/A,N/A,['HK.LIST23361'],"['HK.LIST1305', 'HK.LIST1998', 'HK.LIST22886', 'HK.LIST22928', 'HK.LIST23586', 'HK.LIST24037', 'HK.LIST24062']"
HK.MET260929P87500,HK.03690,MET,2026-08-25 09:44:08,1787622248.0,BUY,9.4,400,1880000.0,PUT,87.5,2026-09-29,1790611200.0,9,79.95,-9.443,9.14,9.4,47.016,1100,11254,0.09774,-0.69904186,0.030450558,0.086342701,-0.052326208,-0.050178753,BEARISH,['NORMAL'],SINGLE_LEG,N/A,N/A,N/A,['HK.LIST23361'],"['HK.LIST1305', 'HK.LIST1998', 'HK.LIST22886', 'HK.LIST22928', 'HK.LIST23586', 'HK.LIST24037', 'HK.LIST24062']"
HK.MET260929P87500,HK.03690,MET,2026-08-25 09:43:09,1787622189.0,BUY,9.3,300,1395000.0,PUT,87.5,2026-09-29,1790611200.0,9,80.0,-9.375,9.07,9.3,46.84,700,11254,0.0622,-0.696877983,0.030617338,0.086732368,-0.052381028,-0.050093728,BEARISH,['NORMAL'],SINGLE_LEG,N/A,N/A,N/A,['HK.LIST23361'],"['HK.LIST1305', 'HK.LIST1998', 'HK.LIST22886', 'HK.LIST22928', 'HK.LIST23586', 'HK.LIST24037', 'HK.LIST24062']"
HK.NWD270629P4800,HK.00017,NWD,2026-08-24 15:20:06,1787556006.0,BUY,0.67,304,203680.0,PUT,4.8,2027-06-29,1814198400.0,282,7.155,32.914,0.6,0.67,75.212,61,10,6.1,-0.168023226,0.051083538,0.01654881,-0.001858732,-0.012538416,BEARISH,['NORMAL'],SINGLE_LEG,2026-09-30,2,N/A,['HK.LIST1019'],N/A
HK.CPI261029P29000,HK.02601,CPI,2026-08-24 15:07:05,1787555225.0,BUY,1.39,120,166800.0,PUT,29.0,2026-10-29,1793203200.0,39,29.5,1.694,1.32,1.39,34.179,99,641,0.15444,-0.405406967,0.091235916,0.048605117,-0.011436249,-0.020356809,BEARISH,['NORMAL'],SINGLE_LEG,N/A,N/A,"[{'action_type': 7, 'action_time': '2026-09-08', 'action_timestamp': 1788796800.0}]",N/A,"['HK.LIST1287', 'HK.LIST1305']"
HK.MNX260929P280000,HK.00100,MNX,2026-08-24 15:04:56,1787555096.0,BUY,30.86,405,249966.0,PUT,280.0,2026-09-29,1790611200.0,9,314.2,10.884,29.55,30.86,124.894,1929,181,10.65745,-0.308438402,0.002855973,0.347761493,-0.59440646,-0.114349013,BEARISH,['NORMAL'],SINGLE_LEG,N/A,N/A,N/A,['HK.LIST1100'],"['HK.LIST1288', 'HK.LIST23586', 'HK.LIST24037', 'HK.LIST24062', 'HK.LIST24126']"
HK.MNX260929P280000,HK.00100,MNX,2026-08-24 15:04:56,1787555096.0,BUY,30.86,405,249966.0,PUT,280.0,2026-09-29,1790611200.0,9,314.2,10.884,29.55,30.86,124.894,1852,181,10.23204,-0.308438402,0.002855973,0.347761493,-0.59440646,-0.114349013,BEARISH,['NORMAL'],SINGLE_LEG,N/A,N/A,N/A,['HK.LIST1100'],"['HK.LIST1288', 'HK.LIST23586', 'HK.LIST24037', 'HK.LIST24062', 'HK.LIST24126']"
HK.MNX260929P310000,HK.00100,MNX,2026-08-24 14:43:26,1787553806.0,BUY,45.66,585,534222.0,PUT,310.0,2026-09-29,1790611200.0,9,312.8,0.895,43.77,45.66,121.011,54,141,0.38297,-0.41000289,0.003267585,0.382881305,-0.630838658,-0.153296612,BEARISH,['NORMAL'],SINGLE_LEG,N/A,N/A,N/A,['HK.LIST1100'],"['HK.LIST1288', 'HK.LIST23586', 'HK.LIST24037', 'HK.LIST24062', 'HK.LIST24126']"
HK.MNX260929P280000,HK.00100,MNX,2026-08-24 14:37:33,1787553453.0,BUY,29.39,405,238059.0,PUT,280.0,2026-09-29,1790611200.0,9,314.4,10.941,28.28,29.39,120.181,1219,181,6.7348,-0.307446764,0.002964931,0.347135164,-0.570307152,-0.112710621,BEARISH,['NORMAL'],SINGLE_LEG,N/A,N/A,N/A,['HK.LIST1100'],"['HK.LIST1288', 'HK.LIST23586', 'HK.LIST24037', 'HK.LIST24062', 'HK.LIST24126']"
HK.MNX260929P280000,HK.00100,MNX,2026-08-24 14:36:06,1787553366.0,BUY,29.39,270,158706.0,PUT,280.0,2026-09-29,1790611200.0,9,314.2,10.884,28.19,29.69,120.05,1124,181,6.20994,-0.307398909,0.00296793,0.347114609,-0.569632356,-0.112660153,BEARISH,['NORMAL'],SINGLE_LEG,N/A,N/A,N/A,['HK.LIST1100'],"['HK.LIST1288', 'HK.LIST23586', 'HK.LIST24037', 'HK.LIST24062', 'HK.LIST24126']"
HK.MNX260929P280000,HK.00100,MNX,2026-08-24 14:35:31,1787553331.0,BUY,29.26,540,316008.0,PUT,280.0,2026-09-29,1790611200.0,9,314.0,10.828,27.85,29.26,118.729,286,181,1.58011,-0.308098738,0.003007787,0.347021354,-0.563085784,-0.112447112,BEARISH,['NORMAL'],SINGLE_LEG,N/A,N/A,N/A,['HK.LIST1100'],"['HK.LIST1288', 'HK.LIST23586', 'HK.LIST24037', 'HK.LIST24062', 'HK.LIST24126']"
HK.CMB261127P50000,HK.03968,CMB,2026-08-24 11:57:55,1787543875.0,BUY,2.36,112,132160.0,PUT,50.0,2026-11-27,1795708800.0,68,49.64,-0.725,2.35,2.36,23.74,112,60,1.86666,-0.474348269,0.068395371,0.100247291,-0.010404285,-0.052590841,BEARISH,['NORMAL'],SINGLE_LEG,N/A,N/A,N/A,['HK.LIST1079'],"['HK.LIST1178', 'HK.LIST1239', 'HK.LIST1305']"
HK.ALB260929P127500,HK.09988,ALB,2026-08-24 11:11:50,1787541110.0,BUY,18.0,500,4500000.0,PUT,127.5,2026-09-29,1790611200.0,9,110.7,-15.176,17.18,18.0,42.962,1013,9522,0.10638,-0.833655255,0.018035341,0.086187705,-0.043312829,-0.073134673,BEARISH,['NORMAL'],SINGLE_LEG,N/A,N/A,N/A,['HK.LIST23361'],"['HK.LIST1161', 'HK.LIST1191', 'HK.LIST1287', 'HK.LIST1289', 'HK.LIST1304', 'HK.LIST1328', 'HK.LIST22886', 'HK.LIST22928', 'HK.LIST23586', 'HK.LIST23589', 'HK.LIST23593', 'HK.LIST23674', 'HK.LIST24037', 'HK.LIST24062']"
HK.ALB260929P102500,HK.09988,ALB,2026-08-24 11:10:43,1787541043.0,BUY,2.25,250,281250.0,PUT,102.5,2026-09-29,1790611200.0,9,111.1,7.74,2.16,2.25,41.837,1460,7449,0.19599,-0.240697888,0.02131119,0.10887447,-0.060457886,-0.025794864,BEARISH,['NORMAL'],SINGLE_LEG,N/A,N/A,N/A,['HK.LIST23361'],"['HK.LIST1161', 'HK.LIST1191', 'HK.LIST1287', 'HK.LIST1289', 'HK.LIST1304', 'HK.LIST1328', 'HK.LIST22886', 'HK.LIST22928', 'HK.LIST23586', 'HK.LIST23589', 'HK.LIST23593', 'HK.LIST23674', 'HK.LIST24037', 'HK.LIST24062']"
HK.LAO270330P330000,HK.06181,LAO,2026-08-24 10:41:19,1787539279.0,BUY,52.0,100,520000.0,PUT,330.0,2027-03-30,1806336000.0,191,411.2,19.747,51.09,52.0,80.042,100,179,0.55865,-0.242191244,0.001233775,0.995965085,-0.169761309,-0.741111035,BEARISH,['NORMAL'],SINGLE_LEG,N/A,N/A,"[{'action_type': 7, 'action_time': '2026-11-27', 'action_timestamp': 1795708800.0}]",['HK.LIST1049'],['HK.LIST23676']
HK.LNI261230P12500,HK.02331,LNI,2026-08-24 10:40:43,1787539243.0,BUY,0.72,500,180000.0,PUT,12.5,2026-12-30,1798560000.0,101,13.53,7.612,0.7,0.72,39.639,1000,255,3.92156,-0.307452154,0.11168105,0.028136542,-0.00392676,-0.014306316,BEARISH,['NORMAL'],SINGLE_LEG,N/A,N/A,"[{'action_type': 7, 'action_time': '2026-09-03', 'action_timestamp': 1788364800.0}]",N/A,"['HK.LIST1161', 'HK.LIST1185']"
HK.CPC260929P4400,HK.00386,CPC,2026-08-24 10:18:57,1787537937.0,BUY,0.08,1585,253600.0,PUT,4.4,2026-09-29,1790611200.0,9,4.65,5.376,0.07,0.08,31.188,1241,1279,0.97028,-0.2588818,0.710436693,0.004736496,-0.001929024,-0.001124814,BEARISH,['NORMAL'],SINGLE_LEG,N/A,N/A,"[{'action_type': 7, 'action_time': '2026-09-21', 'action_timestamp': 1789920000.0}]",N/A,"['HK.LIST1175', 'HK.LIST1205', 'HK.LIST1241', 'HK.LIST1305', 'HK.LIST1342', 'HK.LIST1344', 'HK.LIST1348', 'HK.LIST22928']"
HK.ALB260929P102500,HK.09988,ALB,2026-08-24 10:14:03,1787537643.0,BUY,2.4,250,300000.0,PUT,102.5,2026-09-29,1790611200.0,9,110.4,7.155,2.38,2.4,41.647,1071,7449,0.14377,-0.255228969,0.022221077,0.111684258,-0.061601368,-0.027204069,BEARISH,['NORMAL'],SINGLE_LEG,N/A,N/A,N/A,['HK.LIST23361'],"['HK.LIST1161', 'HK.LIST1191', 'HK.LIST1287', 'HK.LIST1289', 'HK.LIST1304', 'HK.LIST1328', 'HK.LIST22886', 'HK.LIST22928', 'HK.LIST23586', 'HK.LIST23589', 'HK.LIST23593', 'HK.LIST23674', 'HK.LIST24037', 'HK.LIST24062']"
HK.LNI261230P12500,HK.02331,LNI,2026-08-24 10:14:01,1787537641.0,BUY,0.72,500,180000.0,PUT,12.5,2026-12-30,1798560000.0,101,13.54,7.68,0.7,0.72,40.279,500,255,1.96078,-0.307851921,0.109866239,0.028176927,-0.004000462,-0.014385476,BEARISH,['NORMAL'],SINGLE_LEG,N/A,N/A,"[{'action_type': 7, 'action_time': '2026-09-03', 'action_timestamp': 1788364800.0}]",N/A,"['HK.LIST1161', 'HK.LIST1185']"
HK.ALB261127P107500,HK.09988,ALB,2026-08-24 10:04:42,1787537082.0,BUY,7.45,250,931250.0,PUT,107.5,2026-11-27,1795708800.0,68,110.4,2.626,7.34,7.45,42.011,1412,1209,1.1679,-0.38878932,0.016311254,0.21636177,-0.043379504,-0.110154558,BEARISH,['NORMAL'],SINGLE_LEG,N/A,N/A,N/A,['HK.LIST23361'],"['HK.LIST1161', 'HK.LIST1191', 'HK.LIST1287', 'HK.LIST1289', 'HK.LIST1304', 'HK.LIST1328', 'HK.LIST22886', 'HK.LIST22928', 'HK.LIST23586', 'HK.LIST23589', 'HK.LIST23593', 'HK.LIST23674', 'HK.LIST24037', 'HK.LIST24062']"
HK.ALB261127P107500,HK.09988,ALB,2026-08-24 10:01:56,1787536916.0,BUY,7.4,250,925000.0,PUT,107.5,2026-11-27,1795708800.0,68,110.5,2.714,7.33,7.4,41.664,1162,1209,0.96112,-0.388571151,0.016445676,0.216322772,-0.042985393,-0.109904213,BEARISH,['NORMAL'],SINGLE_LEG,N/A,N/A,N/A,['HK.LIST23361'],"['HK.LIST1161', 'HK.LIST1191', 'HK.LIST1287', 'HK.LIST1289', 'HK.LIST1304', 'HK.LIST1328', 'HK.LIST22886', 'HK.LIST22928', 'HK.LIST23586', 'HK.LIST23589', 'HK.LIST23593', 'HK.LIST23674', 'HK.LIST24037', 'HK.LIST24062']"
HK.ALB261127P105000,HK.09988,ALB,2026-08-24 09:57:11,1787536631.0,BUY,6.25,250,781250.0,PUT,105.0,2026-11-27,1795708800.0,68,110.3,4.805,6.2,6.25,41.712,1600,2006,0.7976,-0.348196059,0.015825102,0.208538268,-0.041779527,-0.098722666,BEARISH,['NORMAL'],SINGLE_LEG,N/A,N/A,N/A,['HK.LIST23361'],"['HK.LIST1161', 'HK.LIST1191', 'HK.LIST1287', 'HK.LIST1289', 'HK.LIST1304', 'HK.LIST1328', 'HK.LIST22886', 'HK.LIST22928', 'HK.LIST23586', 'HK.LIST23589', 'HK.LIST23593', 'HK.LIST23674', 'HK.LIST24037', 'HK.LIST24062']"
HK.ALB260929P102500,HK.09988,ALB,2026-08-24 09:57:11,1787536631.0,BUY,2.35,250,293750.0,PUT,102.5,2026-09-29,1790611200.0,9,110.3,7.071,2.3,2.35,41.466,707,7449,0.09491,-0.250080559,0.022035355,0.110710197,-0.060786739,-0.02669585,BEARISH,['NORMAL'],SINGLE_LEG,N/A,N/A,N/A,['HK.LIST23361'],"['HK.LIST1161', 'HK.LIST1191', 'HK.LIST1287', 'HK.LIST1289', 'HK.LIST1304', 'HK.LIST1328', 'HK.LIST22886', 'HK.LIST22928', 'HK.LIST23586', 'HK.LIST23589', 'HK.LIST23593', 'HK.LIST23674', 'HK.LIST24037', 'HK.LIST24062']"
HK.ALB261029P107500,HK.09988,ALB,2026-08-24 09:57:10,1787536630.0,BUY,5.75,250,718750.0,PUT,107.5,2026-10-29,1793203200.0,39,110.3,2.538,5.7,5.75,40.352,3013,4710,0.6397,-0.387550073,0.020303474,0.180185994,-0.050689297,-0.075386621,BEARISH,['NORMAL'],SINGLE_LEG,N/A,N/A,N/A,['HK.LIST23361'],"['HK.LIST1161', 'HK.LIST1191', 'HK.LIST1287', 'HK.LIST1289', 'HK.LIST1304', 'HK.LIST1328', 'HK.LIST22886', 'HK.LIST22928', 'HK.LIST23586', 'HK.LIST23589', 'HK.LIST23593', 'HK.LIST23674', 'HK.LIST24037', 'HK.LIST24062']"
HK.ALB261127P107500,HK.09988,ALB,2026-08-24 09:56:08,1787536568.0,BUY,7.35,250,918750.0,PUT,107.5,2026-11-27,1795708800.0,68,110.6,2.802,7.26,7.35,41.912,882,1209,0.72952,-0.387094914,0.016312899,0.216291529,-0.043265752,-0.109741667,BEARISH,['NORMAL'],SINGLE_LEG,N/A,N/A,N/A,['HK.LIST23361'],"['HK.LIST1161', 'HK.LIST1191', 'HK.LIST1287', 'HK.LIST1289', 'HK.LIST1304', 'HK.LIST1328', 'HK.LIST22886', 'HK.LIST22928', 'HK.LIST23586', 'HK.LIST23589', 'HK.LIST23593', 'HK.LIST23674', 'HK.LIST24037', 'HK.LIST24062']"
HK.ALB261029P102500,HK.09988,ALB,2026-08-24 09:55:05,1787536505.0,BUY,3.7,250,462500.0,PUT,102.5,2026-10-29,1793203200.0,39,110.5,7.239,3.62,3.7,40.131,904,5902,0.15316,-0.283688501,0.017978624,0.1595948,-0.045261928,-0.055456524,BEARISH,['NORMAL'],SINGLE_LEG,N/A,N/A,N/A,['HK.LIST23361'],"['HK.LIST1161', 'HK.LIST1191', 'HK.LIST1287', 'HK.LIST1289', 'HK.LIST1304', 'HK.LIST1328', 'HK.LIST22886', 'HK.LIST22928', 'HK.LIST23586', 'HK.LIST23589', 'HK.LIST23593', 'HK.LIST23674', 'HK.LIST24037', 'HK.LIST24062']"
HK.ALB260929P102500,HK.09988,ALB,2026-08-24 09:55:05,1787536505.0,BUY,2.29,250,286250.0,PUT,102.5,2026-09-29,1790611200.0,9,110.5,7.239,2.26,2.29,41.419,430,7449,0.05772,-0.247688425,0.021926925,0.110247089,-0.060467855,-0.026460486,BEARISH,['NORMAL'],SINGLE_LEG,N/A,N/A,N/A,['HK.LIST23361'],"['HK.LIST1161', 'HK.LIST1191', 'HK.LIST1287', 'HK.LIST1289', 'HK.LIST1304', 'HK.LIST1328', 'HK.LIST22886', 'HK.LIST22928', 'HK.LIST23586', 'HK.LIST23589', 'HK.LIST23593', 'HK.LIST23674', 'HK.LIST24037', 'HK.LIST24062']"
HK.ALB261029P102500,HK.09988,ALB,2026-08-24 09:54:31,1787536471.0,BUY,3.65,250,456250.0,PUT,102.5,2026-10-29,1793203200.0,39,110.7,7.407,3.58,3.67,40.183,653,5902,0.11064,-0.282071948,0.017889106,0.159303284,-0.045249457,-0.055202494,BEARISH,['NORMAL'],SINGLE_LEG,N/A,N/A,N/A,['HK.LIST23361'],"['HK.LIST1161', 'HK.LIST1191', 'HK.LIST1287', 'HK.LIST1289', 'HK.LIST1304', 'HK.LIST1328', 'HK.LIST22886', 'HK.LIST22928', 'HK.LIST23586', 'HK.LIST23589', 'HK.LIST23593', 'HK.LIST23674', 'HK.LIST24037', 'HK.LIST24062']"
HK.ALB261127P105000,HK.09988,ALB,2026-08-24 09:53:23,1787536403.0,BUY,6.15,250,768750.0,PUT,105.0,2026-11-27,1795708800.0,68,110.8,5.234,6.05,6.15,41.915,1307,2006,0.65154,-0.340688009,0.015544036,0.207794028,-0.041898237,-0.097165929,BEARISH,['NORMAL'],SINGLE_LEG,N/A,N/A,N/A,['HK.LIST23361'],"['HK.LIST1161', 'HK.LIST1191', 'HK.LIST1287', 'HK.LIST1289', 'HK.LIST1304', 'HK.LIST1328', 'HK.LIST22886', 'HK.LIST22928', 'HK.LIST23586', 'HK.LIST23589', 'HK.LIST23593', 'HK.LIST23674', 'HK.LIST24037', 'HK.LIST24062']"
HK.ALB261029P102500,HK.09988,ALB,2026-08-24 09:53:06,1787536386.0,BUY,3.57,250,446250.0,PUT,102.5,2026-10-29,1793203200.0,39,110.8,7.49,1.3,3.68,40.365,251,5902,0.04252,-0.277374312,0.017613646,0.158442832,-0.045245973,-0.054469455,BEARISH,['NORMAL'],SINGLE_LEG,N/A,N/A,N/A,['HK.LIST23361'],"['HK.LIST1161', 'HK.LIST1191', 'HK.LIST1287', 'HK.LIST1289', 'HK.LIST1304', 'HK.LIST1328', 'HK.LIST22886', 'HK.LIST22928', 'HK.LIST23586', 'HK.LIST23589', 'HK.LIST23593', 'HK.LIST23674', 'HK.LIST24037', 'HK.LIST24062']"
HK.ALB261127P107500,HK.09988,ALB,2026-08-24 09:53:06,1787536386.0,BUY,7.25,250,906250.0,PUT,107.5,2026-11-27,1795708800.0,68,110.9,3.065,7.07,7.25,41.937,622,1209,0.51447,-0.382236475,0.016194108,0.216081452,-0.043287435,-0.108720376,BEARISH,['NORMAL'],SINGLE_LEG,N/A,N/A,N/A,['HK.LIST23361'],"['HK.LIST1161', 'HK.LIST1191', 'HK.LIST1287', 'HK.LIST1289', 'HK.LIST1304', 'HK.LIST1328', 'HK.LIST22886', 'HK.LIST22928', 'HK.LIST23586', 'HK.LIST23589', 'HK.LIST23593', 'HK.LIST23674', 'HK.LIST24037', 'HK.LIST24062']"
HK.ALB261029P107500,HK.09988,ALB,2026-08-24 09:53:05,1787536385.0,BUY,5.55,250,693750.0,PUT,107.5,2026-10-29,1793203200.0,39,110.9,3.065,5.49,5.55,40.331,2663,4710,0.56539,-0.377434665,0.020054582,0.179585695,-0.050564655,-0.073809313,BEARISH,['NORMAL'],SINGLE_LEG,N/A,N/A,N/A,['HK.LIST23361'],"['HK.LIST1161', 'HK.LIST1191', 'HK.LIST1287', 'HK.LIST1289', 'HK.LIST1304', 'HK.LIST1328', 'HK.LIST22886', 'HK.LIST22928', 'HK.LIST23586', 'HK.LIST23589', 'HK.LIST23593', 'HK.LIST23674', 'HK.LIST24037', 'HK.LIST24062']"
HK.ALB261029P107500,HK.09988,ALB,2026-08-24 09:48:46,1787536126.0,BUY,5.6,250,700000.0,PUT,107.5,2026-10-29,1793203200.0,39,110.8,2.978,5.52,5.6,39.856,2413,4710,0.51231,-0.37679694,0.020283668,0.179491129,-0.049903709,-0.07354029,BEARISH,['NORMAL'],SINGLE_LEG,N/A,N/A,N/A,['HK.LIST23361'],"['HK.LIST1161', 'HK.LIST1191', 'HK.LIST1287', 'HK.LIST1289', 'HK.LIST1304', 'HK.LIST1328', 'HK.LIST22886', 'HK.LIST22928', 'HK.LIST23586', 'HK.LIST23589', 'HK.LIST23593', 'HK.LIST23674', 'HK.LIST24037', 'HK.LIST24062']"
HK.ALB261127P105000,HK.09988,ALB,2026-08-24 09:47:27,1787536047.0,BUY,5.96,250,745000.0,PUT,105.0,2026-11-27,1795708800.0,68,111.3,5.66,5.89,5.96,41.535,1020,2006,0.50847,-0.335342322,0.015545739,0.20709192,-0.041384156,-0.095756948,BEARISH,['NORMAL'],SINGLE_LEG,N/A,N/A,N/A,['HK.LIST23361'],"['HK.LIST1161', 'HK.LIST1191', 'HK.LIST1287', 'HK.LIST1289', 'HK.LIST1304', 'HK.LIST1328', 'HK.LIST22886', 'HK.LIST22928', 'HK.LIST23586', 'HK.LIST23589', 'HK.LIST23593', 'HK.LIST23674', 'HK.LIST24037', 'HK.LIST24062']"
HK.ALB261029P107500,HK.09988,ALB,2026-08-24 09:47:21,1787536041.0,BUY,5.39,250,673750.0,PUT,107.5,2026-10-29,1793203200.0,39,111.2,3.327,5.33,5.39,39.924,2160,4710,0.45859,-0.37083859,0.020087689,0.17907507,-0.049921268,-0.072629111,BEARISH,['NORMAL'],SINGLE_LEG,N/A,N/A,N/A,['HK.LIST23361'],"['HK.LIST1161', 'HK.LIST1191', 'HK.LIST1287', 'HK.LIST1289', 'HK.LIST1304', 'HK.LIST1328', 'HK.LIST22886', 'HK.LIST22928', 'HK.LIST23586', 'HK.LIST23589', 'HK.LIST23593', 'HK.LIST23674', 'HK.LIST24037', 'HK.LIST24062']"
HK.ALB261127P107500,HK.09988,ALB,2026-08-24 09:47:14,1787536034.0,BUY,7.03,250,878750.0,PUT,107.5,2026-11-27,1795708800.0,68,111.2,3.327,6.92,7.03,41.514,361,1209,0.29859,-0.377011829,0.016243259,0.215761847,-0.042790127,-0.107350111,BEARISH,['NORMAL'],SINGLE_LEG,N/A,N/A,N/A,['HK.LIST23361'],"['HK.LIST1161', 'HK.LIST1191', 'HK.LIST1287', 'HK.LIST1289', 'HK.LIST1304', 'HK.LIST1328', 'HK.LIST22886', 'HK.LIST22928', 'HK.LIST23586', 'HK.LIST23589', 'HK.LIST23593', 'HK.LIST23674', 'HK.LIST24037', 'HK.LIST24062']"
HK.ALB261029P107500,HK.09988,ALB,2026-08-24 09:45:33,1787535933.0,BUY,5.33,250,666250.0,PUT,107.5,2026-10-29,1793203200.0,39,111.4,3.5,5.26,5.33,40.0,1910,4710,0.40552,-0.366955142,0.019940839,0.17878591,-0.04997002,-0.072043811,BEARISH,['NORMAL'],SINGLE_LEG,N/A,N/A,N/A,['HK.LIST23361'],"['HK.LIST1161', 'HK.LIST1191', 'HK.LIST1287', 'HK.LIST1289', 'HK.LIST1304', 'HK.LIST1328', 'HK.LIST22886', 'HK.LIST22928', 'HK.LIST23586', 'HK.LIST23589', 'HK.LIST23593', 'HK.LIST23674', 'HK.LIST24037', 'HK.LIST24062']"
HK.ALB261127P105000,HK.09988,ALB,2026-08-24 09:45:19,1787535919.0,BUY,5.85,250,731250.0,PUT,105.0,2026-11-27,1795708800.0,68,111.5,5.829,5.73,5.85,41.35,770,2006,0.38384,-0.331879716,0.015521865,0.206619564,-0.041114139,-0.094872196,BEARISH,['NORMAL'],SINGLE_LEG,N/A,N/A,N/A,['HK.LIST23361'],"['HK.LIST1161', 'HK.LIST1191', 'HK.LIST1287', 'HK.LIST1289', 'HK.LIST1304', 'HK.LIST1328', 'HK.LIST22886', 'HK.LIST22928', 'HK.LIST23586', 'HK.LIST23589', 'HK.LIST23593', 'HK.LIST23674', 'HK.LIST24037', 'HK.LIST24062']"
HK.MIU260929P27000,HK.01810,MIU,2026-08-24 09:45:18,1787535918.0,BUY,1.1,255,280500.0,PUT,27.0,2026-09-29,1790611200.0,9,27.8,2.877,1.08,1.1,43.436,304,11870,0.02561,-0.377653184,0.100180346,0.033295264,-0.018993581,-0.010181806,BEARISH,['NORMAL'],SINGLE_LEG,N/A,N/A,N/A,['HK.LIST1055'],"['HK.LIST1161', 'HK.LIST1166', 'HK.LIST1217', 'HK.LIST1305', 'HK.LIST1328', 'HK.LIST1331', 'HK.LIST1351', 'HK.LIST22886', 'HK.LIST22910', 'HK.LIST22928', 'HK.LIST23586', 'HK.LIST23589', 'HK.LIST23593', 'HK.LIST23676', 'HK.LIST24037', 'HK.LIST24062']"
HK.ALB261029P107500,HK.09988,ALB,2026-08-24 09:44:56,1787535896.0,BUY,5.25,250,656250.0,PUT,107.5,2026-10-29,1793203200.0,39,111.6,3.673,5.18,5.25,39.888,1660,4710,0.35244,-0.36677583,0.019993845,0.178756782,-0.049812892,-0.071975607,BEARISH,['NORMAL'],SINGLE_LEG,N/A,N/A,N/A,['HK.LIST23361'],"['HK.LIST1161', 'HK.LIST1191', 'HK.LIST1287', 'HK.LIST1289', 'HK.LIST1304', 'HK.LIST1328', 'HK.LIST22886', 'HK.LIST22928', 'HK.LIST23586', 'HK.LIST23589', 'HK.LIST23593', 'HK.LIST23674', 'HK.LIST24037', 'HK.LIST24062']"
HK.ALB261127P105000,HK.09988,ALB,2026-08-24 09:44:22,1787535862.0,BUY,5.82,250,727500.0,PUT,105.0,2026-11-27,1795708800.0,68,111.7,5.998,5.72,5.82,41.47,520,2006,0.25922,-0.332116769,0.015480735,0.206680375,-0.041253616,-0.094993576,BEARISH,['NORMAL'],SINGLE_LEG,N/A,N/A,N/A,['HK.LIST23361'],"['HK.LIST1161', 'HK.LIST1191', 'HK.LIST1287', 'HK.LIST1289', 'HK.LIST1304', 'HK.LIST1328', 'HK.LIST22886', 'HK.LIST22928', 'HK.LIST23586', 'HK.LIST23589', 'HK.LIST23593', 'HK.LIST23674', 'HK.LIST24037', 'HK.LIST24062']"
HK.ALB260929P127500,HK.09988,ALB,2026-08-24 09:35:49,1787535349.0,BUY,17.0,500,4250000.0,PUT,127.5,2026-09-29,1790611200.0,9,111.7,-14.145,16.19,17.0,41.198,501,9522,0.05261,-0.825494664,0.019127369,0.089855204,-0.04323365,-0.07324755,BEARISH,['NORMAL'],SINGLE_LEG,N/A,N/A,N/A,['HK.LIST23361'],"['HK.LIST1161', 'HK.LIST1191', 'HK.LIST1287', 'HK.LIST1289', 'HK.LIST1304', 'HK.LIST1328', 'HK.LIST22886', 'HK.LIST22928', 'HK.LIST23586', 'HK.LIST23589', 'HK.LIST23593', 'HK.LIST23674', 'HK.LIST24037', 'HK.LIST24062']"
HK.XCC270629P9750,HK.00939,XCC,2026-08-21 15:32:59,1787297579.0,BUY,1.006,302,303812.0,PUT,9.75,2027-06-29,1814198400.0,282,9.25,-5.405,1.003,1.008,25.803,302,50,6.04,-0.512625478,0.201553063,0.033391866,-0.000980002,-0.032528163,BEARISH,['NORMAL'],SINGLE_LEG,N/A,N/A,N/A,N/A,"['HK.LIST1239', 'HK.LIST1305', 'HK.LIST1344', 'HK.LIST1348']"
HK.XCC270629P9250,HK.00939,XCC,2026-08-21 15:26:20,1787297180.0,BUY,0.7,302,211400.0,PUT,9.25,2027-06-29,1814198400.0,282,9.25,0.0,0.694,0.7,24.47,906,662,1.36858,-0.417972931,0.200586825,0.032915735,-0.000949495,-0.027700995,BEARISH,['NORMAL'],SINGLE_LEG,N/A,N/A,N/A,N/A,"['HK.LIST1239', 'HK.LIST1305', 'HK.LIST1344', 'HK.LIST1348']"
HK.XCC270629P9500,HK.00939,XCC,2026-08-21 15:21:24,1787296884.0,BUY,0.845,302,255190.0,PUT,9.5,2027-06-29,1814198400.0,282,9.26,-2.591,0.836,0.846,25.078,302,13,23.23076,-0.464749129,0.202272092,0.03343543,-0.000971188,-0.03023468,BEARISH,['NORMAL'],SINGLE_LEG,N/A,N/A,N/A,N/A,"['HK.LIST1239', 'HK.LIST1305', 'HK.LIST1344', 'HK.LIST1348']"
HK.XCC270629P9250,HK.00939,XCC,2026-08-21 15:20:26,1787296826.0,BUY,0.699,302,211098.0,PUT,9.25,2027-06-29,1814198400.0,282,9.255,0.054,0.693,0.7,24.151,604,662,0.91238,-0.418131142,0.20349115,0.032908522,-0.000933625,-0.027599792,BEARISH,['NORMAL'],SINGLE_LEG,N/A,N/A,N/A,N/A,"['HK.LIST1239', 'HK.LIST1305', 'HK.LIST1344', 'HK.LIST1348']"
HK.XCC270629P9250,HK.00939,XCC,2026-08-21 15:03:53,1787295833.0,BUY,0.715,302,215930.0,PUT,9.25,2027-06-29,1814198400.0,282,9.24,-0.108,0.7,0.716,24.631,302,662,0.45619,-0.419882312,0.199716009,0.032914297,-0.000956348,-0.027825433,BEARISH,['NORMAL'],SINGLE_LEG,N/A,N/A,N/A,N/A,"['HK.LIST1239', 'HK.LIST1305', 'HK.LIST1344', 'HK.LIST1348']"
HK.KST261230P37000,HK.01024,KST,2026-08-21 14:54:03,1787295243.0,BUY,5.32,500,1330000.0,PUT,37.0,2026-12-30,1798560000.0,101,34.4,-7.558,5.24,5.33,49.47,580,2920,0.19863,-0.529876053,0.040179107,0.081497543,-0.013471722,-0.065844949,BEARISH,['NORMAL'],SINGLE_LEG,N/A,N/A,N/A,N/A,"['HK.LIST1305', 'HK.LIST1306', 'HK.LIST1328', 'HK.LIST22886', 'HK.LIST23586', 'HK.LIST24037']"
HK.SGM260929P28000,HK.01787,SGM,2026-08-21 14:44:00,1787294640.0,BUY,2.46,1016,624840.0,PUT,28.0,2026-09-29,1790611200.0,9,27.4,-2.189,2.33,2.46,62.445,115,N/A,0.0,-0.494903751,0.071660918,0.035725152,-0.027265206,-0.014990025,BEARISH,['NORMAL'],SINGLE_LEG,N/A,N/A,N/A,['HK.LIST1084'],"['HK.LIST1222', 'HK.LIST1312', 'HK.LIST1348', 'HK.LIST1362']"
HK.XBC261230P5500,HK.03988,XBC,2026-08-21 14:17:47,1787293067.0,BUY,0.274,1000,274000.0,PUT,5.5,2026-12-30,1798560000.0,101,5.505,0.09,0.272,0.275,23.922,456,7256,0.06284,-0.443771066,0.520291521,0.012914731,-0.000959796,-0.007508931,BEARISH,['NORMAL'],SINGLE_LEG,N/A,N/A,N/A,N/A,"['HK.LIST1239', 'HK.LIST1305', 'HK.LIST1344', 'HK.LIST1348']"
HK.BLI260929P162500,HK.09626,BLI,2026-08-21 13:51:54,1787291514.0,BUY,31.92,578,1106985.6,PUT,162.5,2026-09-29,1790611200.0,9,131.7,-23.386,29.34,31.93,0.0,600,15,40.0,0.0,0.0,0.0,0.0,0.0,BEARISH,['NORMAL'],SINGLE_LEG,N/A,N/A,N/A,['HK.LIST23360'],"['HK.LIST1208', 'HK.LIST1304', 'HK.LIST1306', 'HK.LIST1328', 'HK.LIST22886', 'HK.LIST23586', 'HK.LIST24037']"
HK.BLI260929P167500,HK.09626,BLI,2026-08-21 11:43:29,1787283809.0,BUY,36.65,200,439800.0,PUT,167.5,2026-09-29,1790611200.0,9,131.7,-27.182,33.64,36.66,0.0,200,135,1.48148,0.0,0.0,0.0,0.0,0.0,BEARISH,['NORMAL'],SINGLE_LEG,N/A,N/A,N/A,['HK.LIST23360'],"['HK.LIST1208', 'HK.LIST1304', 'HK.LIST1306', 'HK.LIST1328', 'HK.LIST22886', 'HK.LIST23586', 'HK.LIST24037']"
HK.BIU261230P92500,HK.09888,BIU,2026-08-21 11:16:56,1787282216.0,BUY,9.31,250,349125.0,PUT,92.5,2026-12-30,1798560000.0,101,92.25,-0.271,9.1,9.3,43.944,585,4107,0.14243,-0.437553299,0.016531348,0.217072937,-0.032198549,-0.14367758,BEARISH,['NORMAL'],SINGLE_LEG,N/A,N/A,N/A,['HK.LIST23360'],"['HK.LIST1304', 'HK.LIST22886', 'HK.LIST23586', 'HK.LIST23589', 'HK.LIST24037', 'HK.LIST24062']"
HK.BIU261230P92500,HK.09888,BIU,2026-08-21 10:53:10,1787280790.0,BUY,9.36,340,477360.0,PUT,92.5,2026-12-30,1798560000.0,101,92.05,-0.488,9.2,9.35,43.979,178,4107,0.04334,-0.438341113,0.016532382,0.21703444,-0.032210941,-0.143889529,BEARISH,['NORMAL'],SINGLE_LEG,N/A,N/A,N/A,['HK.LIST23360'],"['HK.LIST1304', 'HK.LIST22886', 'HK.LIST23586', 'HK.LIST23589', 'HK.LIST24037', 'HK.LIST24062']"
HK.POP261029P140000,HK.09992,POP,2026-08-21 10:43:57,1787280237.0,BUY,5.6,999,1118880.0,PUT,140.0,2026-10-29,1793203200.0,39,149.0,6.04,5.59,5.6,39.627,1168,860,1.35813,-0.309919334,0.013767628,0.229066826,-0.061035703,-0.085193012,BEARISH,['NORMAL'],SINGLE_LEG,N/A,N/A,N/A,['HK.LIST1047'],"['HK.LIST1328', 'HK.LIST23676']"
HK.TRP261230P320000,HK.09961,TRP,2026-08-21 10:16:20,1787278580.0,BUY,11.5,100,172500.0,PUT,320.0,2026-12-30,1798560000.0,101,362.2,11.651,11.25,11.5,35.62,100,930,0.10752,-0.227842758,0.003929622,0.655249953,-0.080675458,-0.285153242,BEARISH,['NORMAL'],SINGLE_LEG,N/A,N/A,N/A,['HK.LIST1034'],"['HK.LIST1304', 'HK.LIST1998', 'HK.LIST22886']"
HK.PAI260929P55000,HK.02318,PAI,2026-08-20 15:24:39,1787210679.0,BUY,2.67,250,333750.0,PUT,55.0,2026-09-29,1790611200.0,9,54.25,-1.382,2.61,2.67,32.761,595,18753,0.03172,-0.516641535,0.06860984,0.071428506,-0.026694805,-0.028200963,BEARISH,['NORMAL'],SINGLE_LEG,N/A,N/A,"[{'action_type': 7, 'action_time': '2026-09-02', 'action_timestamp': 1788278400.0}]",N/A,"['HK.LIST1110', 'HK.LIST1178', 'HK.LIST1305']"
HK.PAI260929P55000,HK.02318,PAI,2026-08-20 15:24:10,1787210650.0,BUY,2.67,250,333750.0,PUT,55.0,2026-09-29,1790611200.0,9,54.2,-1.476,2.61,2.67,32.761,345,18753,0.01839,-0.516641535,0.06860984,0.071428506,-0.026694805,-0.028200963,BEARISH,['NORMAL'],SINGLE_LEG,N/A,N/A,"[{'action_type': 7, 'action_time': '2026-09-02', 'action_timestamp': 1788278400.0}]",N/A,"['HK.LIST1110', 'HK.LIST1178', 'HK.LIST1305']"
HK.CSP261127P8250,HK.01093,CSP,2026-08-20 15:01:02,1787209262.0,BUY,0.49,235,230300.0,PUT,8.25,2026-11-27,1795708800.0,68,9.61,14.151,0.48,0.49,56.99,15,415,0.03614,-0.243387167,0.110144584,0.015680806,-0.00426191,-0.006642869,BEARISH,['NORMAL'],SINGLE_LEG,N/A,N/A,"[{'action_type': 7, 'action_time': '2026-10-20', 'action_timestamp': 1792425600.0}]",['HK.LIST1067'],['HK.LIST23675']
HK.CHU261127P6000,HK.00762,CHU,2026-08-20 14:25:34,1787207134.0,BUY,0.46,250,230000.0,PUT,6.0,2026-11-27,1795708800.0,68,5.69,-5.448,0.44,0.46,25.05,500,197,2.53807,-0.618149326,0.551328879,0.011154528,-0.001116173,-0.007632066,BEARISH,['NORMAL'],SINGLE_LEG,N/A,N/A,N/A,['HK.LIST1054'],"['HK.LIST1176', 'HK.LIST1180', 'HK.LIST1214', 'HK.LIST1305', 'HK.LIST1344', 'HK.LIST1348', 'HK.LIST22928', 'HK.LIST23586', 'HK.LIST23589']"
HK.HRB260929P4900,HK.09660,HRB,2026-08-20 13:58:00,1787205480.0,BUY,0.39,100,117000.0,PUT,4.9,2026-09-29,1790611200.0,9,4.87,-0.616,0.36,0.39,57.764,200,52,3.84615,-0.46508928,0.428022926,0.006415447,-0.004407399,-0.002538869,BEARISH,['NORMAL'],SINGLE_LEG,N/A,N/A,N/A,['HK.LIST23363'],"['HK.LIST22912', 'HK.LIST23586', 'HK.LIST23589', 'HK.LIST23593', 'HK.LIST24037', 'HK.LIST24339']"
HK.VNK270629P1800,HK.02202,VNK,2026-08-20 13:51:53,1787205113.0,BUY,0.48,330,158400.0,PUT,1.8,2027-06-29,1814198400.0,282,2.455,26.68,0.47,0.48,89.1,1150,1100,1.04545,-0.207534479,0.143236707,0.006488155,-0.000850436,-0.005969905,BEARISH,['NORMAL'],SINGLE_LEG,N/A,N/A,N/A,['HK.LIST1019'],"['HK.LIST1178', 'HK.LIST1234']"
HK.VNK270629P1800,HK.02202,VNK,2026-08-20 13:51:48,1787205108.0,BUY,0.48,790,379200.0,PUT,1.8,2027-06-29,1814198400.0,282,2.455,26.68,0.27,0.48,89.1,294,1100,0.26727,-0.207534479,0.143236707,0.006488155,-0.000850436,-0.005969905,BEARISH,['NORMAL'],SINGLE_LEG,N/A,N/A,N/A,['HK.LIST1019'],"['HK.LIST1178', 'HK.LIST1234']"
HK.VNK270629P1800,HK.02202,VNK,2026-08-20 13:51:48,1787205108.0,BUY,0.48,210,100800.0,PUT,1.8,2027-06-29,1814198400.0,282,2.455,26.68,0.27,0.48,89.1,150,1100,0.13636,-0.207534479,0.143236707,0.006488155,-0.000850436,-0.005969905,BEARISH,['NORMAL'],SINGLE_LEG,N/A,N/A,N/A,['HK.LIST1019'],"['HK.LIST1178', 'HK.LIST1234']"
HK.NWD270629P4700,HK.00017,NWD,2026-08-20 13:25:45,1787203545.0,BUY,0.68,214,145520.0,PUT,4.7,2027-06-29,1814198400.0,282,6.85,31.386,0.6,0.68,74.235,184,1000,0.184,-0.175843053,0.055322677,0.016416651,-0.00179075,-0.01272376,BEARISH,['NORMAL'],SINGLE_LEG,2026-09-30,2,N/A,['HK.LIST1019'],N/A
HK.NCL261029P47000,HK.01336,NCL,2026-08-20 13:24:38,1787203478.0,BUY,3.32,140,464800.0,PUT,47.0,2026-10-29,1793203200.0,39,46.12,-1.908,3.26,3.36,36.748,20,74,0.27027,-0.498594425,0.054576004,0.080462282,-0.018884839,-0.041370561,BEARISH,['NORMAL'],SINGLE_LEG,N/A,N/A,N/A,['HK.LIST1003'],"['HK.LIST1287', 'HK.LIST1348']"
HK.HRB260929P4900,HK.09660,HRB,2026-08-20 13:12:11,1787202731.0,BUY,0.38,100,114000.0,PUT,4.9,2026-09-29,1790611200.0,9,4.89,-0.204,0.35,0.38,57.974,100,52,1.92307,-0.454301517,0.422833424,0.006433454,-0.004437914,-0.00249768,BEARISH,['NORMAL'],SINGLE_LEG,N/A,N/A,N/A,['HK.LIST23363'],"['HK.LIST22912', 'HK.LIST23586', 'HK.LIST23589', 'HK.LIST23593', 'HK.LIST24037', 'HK.LIST24339']"
HK.LNI261029P15000,HK.02331,LNI,2026-08-20 11:39:23,1787197163.0,BUY,1.38,300,207000.0,PUT,15.0,2026-10-29,1793203200.0,39,14.43,-3.95,1.35,1.38,43.646,600,359,1.6713,-0.529715192,0.14634709,0.025123042,-0.007058867,-0.014187999,BEARISH,['NORMAL'],SINGLE_LEG,N/A,N/A,"[{'action_type': 7, 'action_time': '2026-09-03', 'action_timestamp': 1788364800.0}]",N/A,"['HK.LIST1161', 'HK.LIST1185']"
HK.BIU261230P82500,HK.09888,BIU,2026-08-20 11:27:14,1787196434.0,BUY,4.65,425,296437.5,PUT,82.5,2026-12-30,1798560000.0,101,92.25,10.569,4.61,4.63,42.973,33,285,0.11578,-0.271723975,0.014009963,0.183890788,-0.027299033,-0.090494815,BEARISH,['NORMAL'],SINGLE_LEG,N/A,N/A,N/A,['HK.LIST23360'],"['HK.LIST1304', 'HK.LIST22886', 'HK.LIST23586', 'HK.LIST23589', 'HK.LIST24037', 'HK.LIST24062']"
HK.ALC261029P7500,HK.02600,ALC,2026-08-20 10:20:31,1787192431.0,BUY,0.36,150,108000.0,PUT,7.5,2026-10-29,1793203200.0,39,8.35,10.179,0.33,0.36,51.635,150,596,0.25167,-0.268778,0.175007049,0.012075803,-0.004211069,-0.004384558,BEARISH,['NORMAL'],SINGLE_LEG,N/A,N/A,"[{'action_type': 7, 'action_time': '2026-09-09', 'action_timestamp': 1788883200.0}]",['HK.LIST1078'],"['HK.LIST1312', 'HK.LIST1348']"
HK.NWD260929P7750,HK.00017,NWD,2026-08-20 10:10:17,1787191817.0,BUY,1.11,100,111000.0,PUT,7.75,2026-09-29,1790611200.0,9,6.785,-14.222,0.96,1.24,51.833,400,615,0.6504,-0.750977143,0.281000847,0.007111124,-0.004093264,-0.005187653,BEARISH,['NORMAL'],MULTI_LEG,2026-09-30,2,N/A,['HK.LIST1019'],N/A
HK.NWD260929P7750,HK.00017,NWD,2026-08-20 10:10:01,1787191801.0,BUY,1.11,100,111000.0,PUT,7.75,2026-09-29,1790611200.0,9,6.785,-14.222,0.96,1.24,51.833,300,615,0.4878,-0.750977143,0.281000847,0.007111124,-0.004093264,-0.005187653,BEARISH,['NORMAL'],MULTI_LEG,2026-09-30,2,N/A,['HK.LIST1019'],N/A
HK.NWD260929P7750,HK.00017,NWD,2026-08-20 10:09:44,1787191784.0,BUY,1.11,100,111000.0,PUT,7.75,2026-09-29,1790611200.0,9,6.785,-14.222,0.96,1.24,51.833,200,615,0.3252,-0.750977143,0.281000847,0.007111124,-0.004093264,-0.005187653,BEARISH,['NORMAL'],MULTI_LEG,2026-09-30,2,N/A,['HK.LIST1019'],N/A
HK.NWD260929P7750,HK.00017,NWD,2026-08-20 10:09:19,1787191759.0,BUY,1.11,100,111000.0,PUT,7.75,2026-09-29,1790611200.0,9,6.785,-14.222,0.96,1.24,51.833,100,615,0.1626,-0.750977143,0.281000847,0.007111124,-0.004093264,-0.005187653,BEARISH,['NORMAL'],MULTI_LEG,2026-09-30,2,N/A,['HK.LIST1019'],N/A
HK.PEC261029P9000,HK.00857,PEC,2026-08-20 10:01:33,1787191293.0,BUY,0.23,500,230000.0,PUT,9.0,2026-10-29,1793203200.0,39,9.925,9.319,0.22,0.23,36.092,500,1085,0.46082,-0.227983645,0.19280773,0.013153948,-0.003158237,-0.004175605,BEARISH,['NORMAL'],SINGLE_LEG,N/A,N/A,"[{'action_type': 7, 'action_time': '2026-09-10', 'action_timestamp': 1788969600.0}]",['HK.LIST1042'],"['HK.LIST1175', 'HK.LIST1205', 'HK.LIST1241', 'HK.LIST1305', 'HK.LIST1344', 'HK.LIST1348', 'HK.LIST1362', 'HK.LIST22928']"
HK.PEC270330P9500,HK.00857,PEC,2026-08-20 10:01:33,1787191293.0,BUY,0.76,470,714400.0,PUT,9.5,2027-03-30,1806336000.0,191,9.925,4.282,0.73,0.76,34.379,470,888,0.52927,-0.356488796,0.143568606,0.028771206,-0.001872996,-0.020443907,BEARISH,['NORMAL'],SINGLE_LEG,N/A,N/A,"[{'action_type': 7, 'action_time': '2026-09-10', 'action_timestamp': 1788969600.0}]",['HK.LIST1042'],"['HK.LIST1175', 'HK.LIST1205', 'HK.LIST1241', 'HK.LIST1305', 'HK.LIST1344', 'HK.LIST1348', 'HK.LIST1362', 'HK.LIST22928']"
HK.CHU261127P6000,HK.00762,CHU,2026-08-20 09:58:37,1787191117.0,BUY,0.49,250,245000.0,PUT,6.0,2026-11-27,1795708800.0,68,5.635,-6.477,0.47,0.49,25.309,250,197,1.26903,-0.635178205,0.544196745,0.01092465,-0.001095631,-0.007724357,BEARISH,['NORMAL'],SINGLE_LEG,N/A,N/A,N/A,['HK.LIST1054'],"['HK.LIST1176', 'HK.LIST1180', 'HK.LIST1214', 'HK.LIST1305', 'HK.LIST1344', 'HK.LIST1348', 'HK.LIST22928', 'HK.LIST23586', 'HK.LIST23589']"
HK.TRP261230P320000,HK.09961,TRP,2026-08-20 09:40:08,1787190008.0,BUY,11.3,100,169500.0,PUT,320.0,2026-12-30,1798560000.0,101,364.0,12.087,10.94,11.3,35.647,100,830,0.12048,-0.222263569,0.003839013,0.651510505,-0.079713686,-0.281610597,BEARISH,['NORMAL'],SINGLE_LEG,N/A,N/A,N/A,['HK.LIST1034'],"['HK.LIST1304', 'HK.LIST1998', 'HK.LIST22886']"
HK.KSO261230P25000,HK.03888,KSO,2026-08-20 09:39:27,1787189967.0,BUY,2.6,100,260000.0,PUT,25.0,2026-12-30,1798560000.0,101,24.56,-1.791,2.29,2.6,40.994,100,70,1.42857,-0.454997813,0.066516002,0.058682876,-0.007959502,-0.039490938,BEARISH,['NORMAL'],SINGLE_LEG,N/A,N/A,N/A,['HK.LIST1100'],"['HK.LIST1190', 'HK.LIST1191', 'HK.LIST1192', 'HK.LIST1208', 'HK.LIST1289', 'HK.LIST1331', 'HK.LIST23586', 'HK.LIST24037']"
HK.TRP261230P310000,HK.09961,TRP,2026-08-20 09:38:05,1787189885.0,BUY,8.7,100,130500.0,PUT,310.0,2026-12-30,1798560000.0,101,364.6,14.975,8.24,8.7,36.687,100,281,0.35587,-0.18112524,0.003280276,0.578653723,-0.073611208,-0.230963738,BEARISH,['NORMAL'],SINGLE_LEG,N/A,N/A,N/A,['HK.LIST1034'],"['HK.LIST1304', 'HK.LIST1998', 'HK.LIST22886']"
HK.UBR260929P87500,HK.09880,UBR,2026-08-19 15:46:55,1787125615.0,BUY,9.65,1000,482500.0,PUT,87.5,2026-09-29,1790611200.0,9,84.95,-3.001,9.51,9.65,75.754,2000,128,15.625,-0.490195099,0.018574192,0.113502633,-0.100717533,-0.050594988,BEARISH,['NORMAL'],SINGLE_LEG,N/A,N/A,N/A,N/A,"['HK.LIST23593', 'HK.LIST24037', 'HK.LIST24339']"
HK.BIU261127P87500,HK.09888,BIU,2026-08-19 15:27:20,1787124440.0,BUY,6.69,470,471645.0,PUT,87.5,2026-11-27,1795708800.0,68,89.2,1.905,6.63,6.69,43.466,2680,5,536.0,-0.401014847,0.019206783,0.180770504,-0.035629835,-0.097151372,BEARISH,['NORMAL'],SINGLE_LEG,N/A,N/A,N/A,['HK.LIST23360'],"['HK.LIST1304', 'HK.LIST22886', 'HK.LIST23586', 'HK.LIST23589', 'HK.LIST24037', 'HK.LIST24062']"
HK.ALB260929P115000,HK.09988,ALB,2026-08-19 15:16:36,1787123796.0,BUY,3.3,500,825000.0,PUT,115.0,2026-09-29,1790611200.0,9,124.1,7.332,3.28,3.3,44.725,3600,14821,0.24289,-0.267656376,0.017702872,0.137108964,-0.071627262,-0.036743823,BEARISH,['NORMAL'],SINGLE_LEG,N/A,N/A,N/A,['HK.LIST23361'],"['HK.LIST1161', 'HK.LIST1191', 'HK.LIST1287', 'HK.LIST1289', 'HK.LIST1304', 'HK.LIST1328', 'HK.LIST22886', 'HK.LIST22928', 'HK.LIST23586', 'HK.LIST23589', 'HK.LIST23593', 'HK.LIST23674', 'HK.LIST24037', 'HK.LIST24062']"
HK.ALB260929P115000,HK.09988,ALB,2026-08-19 15:14:28,1787123668.0,BUY,3.25,500,812500.0,PUT,115.0,2026-09-29,1790611200.0,9,124.5,7.63,3.24,3.25,45.024,3100,14821,0.20916,-0.261696158,0.017327403,0.135988244,-0.071563597,-0.036068712,BEARISH,['NORMAL'],SINGLE_LEG,N/A,N/A,N/A,['HK.LIST23361'],"['HK.LIST1161', 'HK.LIST1191', 'HK.LIST1287', 'HK.LIST1289', 'HK.LIST1304', 'HK.LIST1328', 'HK.LIST22886', 'HK.LIST22928', 'HK.LIST23586', 'HK.LIST23589', 'HK.LIST23593', 'HK.LIST23674', 'HK.LIST24037', 'HK.LIST24062']"
HK.CHU261029P5500,HK.00762,CHU,2026-08-19 15:07:47,1787123267.0,BUY,0.26,225,117000.0,PUT,5.5,2026-10-29,1793203200.0,39,5.435,-1.195,0.23,0.26,23.976,165,62,2.66129,-0.496121116,0.712863879,0.009525695,-0.001367348,-0.004525548,BEARISH,['NORMAL'],SINGLE_LEG,N/A,N/A,N/A,['HK.LIST1054'],"['HK.LIST1176', 'HK.LIST1180', 'HK.LIST1214', 'HK.LIST1305', 'HK.LIST1344', 'HK.LIST1348', 'HK.LIST22928', 'HK.LIST23586', 'HK.LIST23589']"
HK.ALB260929P115000,HK.09988,ALB,2026-08-19 15:06:10,1787123170.0,BUY,3.24,500,810000.0,PUT,115.0,2026-09-29,1790611200.0,9,124.6,7.704,3.21,3.24,44.984,2029,14821,0.1369,-0.261565695,0.017337102,0.135962526,-0.071475043,-0.036051388,BEARISH,['NORMAL'],SINGLE_LEG,N/A,N/A,N/A,['HK.LIST23361'],"['HK.LIST1161', 'HK.LIST1191', 'HK.LIST1287', 'HK.LIST1289', 'HK.LIST1304', 'HK.LIST1328', 'HK.LIST22886', 'HK.LIST22928', 'HK.LIST23586', 'HK.LIST23589', 'HK.LIST23593', 'HK.LIST23674', 'HK.LIST24037', 'HK.LIST24062']"
HK.ALB260929P115000,HK.09988,ALB,2026-08-19 15:03:48,1787123028.0,BUY,3.19,500,797500.0,PUT,115.0,2026-09-29,1790611200.0,9,124.8,7.852,3.15,3.19,45.188,1753,14821,0.11827,-0.257134537,0.017064396,0.135096707,-0.07137355,-0.035544221,BEARISH,['NORMAL'],SINGLE_LEG,N/A,N/A,N/A,['HK.LIST23361'],"['HK.LIST1161', 'HK.LIST1191', 'HK.LIST1287', 'HK.LIST1289', 'HK.LIST1304', 'HK.LIST1328', 'HK.LIST22886', 'HK.LIST22928', 'HK.LIST23586', 'HK.LIST23589', 'HK.LIST23593', 'HK.LIST23674', 'HK.LIST24037', 'HK.LIST24062']"
HK.ALB260929P115000,HK.09988,ALB,2026-08-19 15:01:15,1787122875.0,BUY,3.17,500,792500.0,PUT,115.0,2026-09-29,1790611200.0,9,125.2,8.146,3.12,3.17,45.456,753,14821,0.0508,-0.254703592,0.01685203,0.13464742,-0.071583921,-0.035290131,BEARISH,['NORMAL'],SINGLE_LEG,N/A,N/A,N/A,['HK.LIST23361'],"['HK.LIST1161', 'HK.LIST1191', 'HK.LIST1287', 'HK.LIST1289', 'HK.LIST1304', 'HK.LIST1328', 'HK.LIST22886', 'HK.LIST22928', 'HK.LIST23586', 'HK.LIST23589', 'HK.LIST23593', 'HK.LIST23674', 'HK.LIST24037', 'HK.LIST24062']"
HK.CPC270629P3900,HK.00386,CPC,2026-08-19 14:37:35,1787121455.0,BUY,0.19,600,228000.0,PUT,3.9,2027-06-29,1814198400.0,282,4.35,10.344,0.17,0.19,26.643,600,172,3.48837,-0.249159924,0.302654853,0.012742734,-0.000436907,-0.008479646,BEARISH,['NORMAL'],SINGLE_LEG,N/A,N/A,"[{'action_type': 7, 'action_time': '2026-09-21', 'action_timestamp': 1789920000.0}]",N/A,"['HK.LIST1175', 'HK.LIST1205', 'HK.LIST1241', 'HK.LIST1305', 'HK.LIST1342', 'HK.LIST1344', 'HK.LIST1348', 'HK.LIST22928']"
HK.BIU261230P87500,HK.09888,BIU,2026-08-19 14:08:22,1787119702.0,BUY,8.38,500,628500.0,PUT,87.5,2026-12-30,1798560000.0,101,87.7,0.228,8.19,8.38,43.328,5617,123,45.66666,-0.42141845,0.017268174,0.20751876,-0.029960786,-0.134044712,BEARISH,['NORMAL'],SINGLE_LEG,N/A,N/A,N/A,['HK.LIST23360'],"['HK.LIST1304', 'HK.LIST22886', 'HK.LIST23586', 'HK.LIST23589', 'HK.LIST24037', 'HK.LIST24062']"
HK.BIU261230P87500,HK.09888,BIU,2026-08-19 14:06:15,1787119575.0,BUY,8.25,500,618750.0,PUT,87.5,2026-12-30,1798560000.0,101,88.25,0.849,8.14,8.25,43.246,5602,123,45.54471,-0.418875251,0.017245356,0.207605989,-0.029928014,-0.133444285,BEARISH,['NORMAL'],SINGLE_LEG,N/A,N/A,N/A,['HK.LIST23360'],"['HK.LIST1304', 'HK.LIST22886', 'HK.LIST23586', 'HK.LIST23589', 'HK.LIST24037', 'HK.LIST24062']"
HK.CRG270330P3300,HK.00390,CRG,2026-08-19 14:04:03,1787119443.0,BUY,0.21,478,100380.0,PUT,3.3,2027-03-30,1806336000.0,191,3.32,0.602,0.2,0.21,24.151,478,10,47.8,-0.412509509,0.653245554,0.010011881,-0.000419299,-0.007131898,BEARISH,['NORMAL'],SINGLE_LEG,N/A,N/A,"[{'action_type': 7, 'action_time': '2026-09-23', 'action_timestamp': 1790092800.0}]",['HK.LIST1073'],"['HK.LIST1175', 'HK.LIST1244', 'HK.LIST1348']"
HK.CRG261127P3300,HK.00390,CRG,2026-08-19 13:29:40,1787117380.0,BUY,0.14,716,100240.0,PUT,3.3,2026-11-27,1795708800.0,68,3.33,0.9,0.09,0.14,21.041,30,N/A,0.0,-0.411324433,1.09067594,0.006748647,-0.000587333,-0.003211118,BEARISH,['NORMAL'],SINGLE_LEG,N/A,N/A,"[{'action_type': 7, 'action_time': '2026-09-23', 'action_timestamp': 1790092800.0}]",['HK.LIST1073'],"['HK.LIST1175', 'HK.LIST1244', 'HK.LIST1348']"
HK.PEN260929P44000,HK.09868,PEN,2026-08-19 13:11:26,1787116286.0,BUY,2.38,468,222768.0,PUT,44.0,2026-09-29,1790611200.0,9,45.96,4.264,2.36,2.38,55.648,515,551,0.93466,-0.362412776,0.04378106,0.057860999,-0.037596202,-0.019077322,BEARISH,['NORMAL'],SINGLE_LEG,N/A,N/A,N/A,['HK.LIST1040'],"['HK.LIST1217', 'HK.LIST1304', 'HK.LIST22910', 'HK.LIST23589', 'HK.LIST23593', 'HK.LIST23676']"
HK.BIU261230P87500,HK.09888,BIU,2026-08-19 11:43:53,1787111033.0,BUY,8.28,508,630936.0,PUT,87.5,2026-12-30,1798560000.0,101,88.3,0.906,8.16,8.28,43.657,3601,123,29.27642,-0.415231293,0.016996631,0.207766389,-0.030264019,-0.133072324,BEARISH,['NORMAL'],SINGLE_LEG,N/A,N/A,N/A,['HK.LIST23360'],"['HK.LIST1304', 'HK.LIST22886', 'HK.LIST23586', 'HK.LIST23589', 'HK.LIST24037', 'HK.LIST24062']"
HK.BIU261230P87500,HK.09888,BIU,2026-08-19 11:41:13,1787110873.0,BUY,8.32,500,624000.0,PUT,87.5,2026-12-30,1798560000.0,101,88.3,0.906,8.15,8.44,43.814,3003,123,24.41463,-0.41770361,0.016990066,0.207689922,-0.030354284,-0.133721704,BEARISH,['NORMAL'],SINGLE_LEG,N/A,N/A,N/A,['HK.LIST23360'],"['HK.LIST1304', 'HK.LIST22886', 'HK.LIST23586', 'HK.LIST23589', 'HK.LIST24037', 'HK.LIST24062']"
HK.BIU261230P87500,HK.09888,BIU,2026-08-19 11:38:42,1787110722.0,BUY,8.35,440,551100.0,PUT,87.5,2026-12-30,1798560000.0,101,88.3,0.906,8.13,8.34,43.725,2361,123,19.19512,-0.416048556,0.016987986,0.207743694,-0.030305934,-0.133302315,BEARISH,['NORMAL'],SINGLE_LEG,N/A,N/A,N/A,['HK.LIST23360'],"['HK.LIST1304', 'HK.LIST22886', 'HK.LIST23586', 'HK.LIST23589', 'HK.LIST24037', 'HK.LIST24062']"
HK.BIU261230P87500,HK.09888,BIU,2026-08-19 11:14:02,1787109242.0,BUY,8.3,500,622500.0,PUT,87.5,2026-12-30,1798560000.0,101,88.5,1.129,8.12,8.3,43.908,1594,123,12.95934,-0.411740551,0.016820588,0.207860687,-0.030485949,-0.132527147,BEARISH,['NORMAL'],SINGLE_LEG,N/A,N/A,N/A,['HK.LIST23360'],"['HK.LIST1304', 'HK.LIST22886', 'HK.LIST23586', 'HK.LIST23589', 'HK.LIST24037', 'HK.LIST24062']"
HK.CHU261230P5750,HK.00762,CHU,2026-08-19 11:12:22,1787109142.0,BUY,0.31,400,248000.0,PUT,5.75,2026-12-30,1798560000.0,101,5.705,-0.788,0.29,0.31,23.19,2018,595,3.39159,-0.458889191,0.517079099,0.013588606,-0.000950779,-0.008092841,BEARISH,['NORMAL'],SINGLE_LEG,N/A,N/A,N/A,['HK.LIST1054'],"['HK.LIST1176', 'HK.LIST1180', 'HK.LIST1214', 'HK.LIST1305', 'HK.LIST1344', 'HK.LIST1348', 'HK.LIST22928', 'HK.LIST23586', 'HK.LIST23589']"
HK.CHU261230P5750,HK.00762,CHU,2026-08-19 11:08:35,1787108915.0,BUY,0.3,400,240000.0,PUT,5.75,2026-12-30,1798560000.0,101,5.73,-0.349,0.28,0.3,22.79,1618,595,2.71932,-0.453961896,0.524457468,0.013593277,-0.000933267,-0.00800511,BEARISH,['NORMAL'],SINGLE_LEG,N/A,N/A,N/A,['HK.LIST1054'],"['HK.LIST1176', 'HK.LIST1180', 'HK.LIST1214', 'HK.LIST1305', 'HK.LIST1344', 'HK.LIST1348', 'HK.LIST22928', 'HK.LIST23586', 'HK.LIST23589']"
HK.CHU261230P5750,HK.00762,CHU,2026-08-19 10:56:49,1787108209.0,BUY,0.3,400,240000.0,PUT,5.75,2026-12-30,1798560000.0,101,5.74,-0.174,0.28,0.3,23.122,1215,595,2.04201,-0.448614454,0.514172637,0.01360045,-0.00095181,-0.007969178,BEARISH,['NORMAL'],SINGLE_LEG,N/A,N/A,N/A,['HK.LIST1054'],"['HK.LIST1176', 'HK.LIST1180', 'HK.LIST1214', 'HK.LIST1305', 'HK.LIST1344', 'HK.LIST1348', 'HK.LIST22928', 'HK.LIST23586', 'HK.LIST23589']"
HK.BIU261230P95000,HK.09888,BIU,2026-08-19 10:52:04,1787107924.0,BUY,13.0,266,518700.0,PUT,95.0,2026-12-30,1798560000.0,101,88.35,-7.526,12.84,13.1,45.393,273,2336,0.11686,-0.538561266,0.016917338,0.210834226,-0.031061794,-0.169974583,BEARISH,['NORMAL'],SINGLE_LEG,N/A,N/A,N/A,['HK.LIST23360'],"['HK.LIST1304', 'HK.LIST22886', 'HK.LIST23586', 'HK.LIST23589', 'HK.LIST24037', 'HK.LIST24062']"
HK.CHU261230P5750,HK.00762,CHU,2026-08-19 10:50:43,1787107843.0,BUY,0.3,400,240000.0,PUT,5.75,2026-12-30,1798560000.0,101,5.73,-0.349,0.28,0.3,23.525,815,595,1.36974,-0.453526848,0.507067485,0.013598392,-0.00096964,-0.008057884,BEARISH,['NORMAL'],SINGLE_LEG,N/A,N/A,N/A,['HK.LIST1054'],"['HK.LIST1176', 'HK.LIST1180', 'HK.LIST1214', 'HK.LIST1305', 'HK.LIST1344', 'HK.LIST1348', 'HK.LIST22928', 'HK.LIST23586', 'HK.LIST23589']"
HK.CHU261230P5750,HK.00762,CHU,2026-08-19 10:49:50,1787107790.0,BUY,0.3,400,240000.0,PUT,5.75,2026-12-30,1798560000.0,101,5.73,-0.349,0.28,0.3,23.525,415,595,0.69747,-0.453526848,0.507067485,0.013598392,-0.00096964,-0.008057884,BEARISH,['NORMAL'],SINGLE_LEG,N/A,N/A,N/A,['HK.LIST1054'],"['HK.LIST1176', 'HK.LIST1180', 'HK.LIST1214', 'HK.LIST1305', 'HK.LIST1344', 'HK.LIST1348', 'HK.LIST22928', 'HK.LIST23586', 'HK.LIST23589']"
HK.BIU261230P87500,HK.09888,BIU,2026-08-19 10:43:57,1787107437.0,BUY,8.48,500,636000.0,PUT,87.5,2026-12-30,1798560000.0,101,88.15,0.737,8.4,8.48,44.641,1094,123,8.8943,-0.423110102,0.01678895,0.207476345,-0.030902817,-0.135526679,BEARISH,['NORMAL'],SINGLE_LEG,N/A,N/A,N/A,['HK.LIST23360'],"['HK.LIST1304', 'HK.LIST22886', 'HK.LIST23586', 'HK.LIST23589', 'HK.LIST24037', 'HK.LIST24062']"
HK.BIU261230P87500,HK.09888,BIU,2026-08-19 10:43:32,1787107412.0,BUY,8.45,500,633750.0,PUT,87.5,2026-12-30,1798560000.0,101,88.25,0.849,8.32,8.45,44.641,1094,123,8.8943,-0.423110102,0.01678895,0.207476345,-0.030902817,-0.135526679,BEARISH,['NORMAL'],SINGLE_LEG,N/A,N/A,N/A,['HK.LIST23360'],"['HK.LIST1304', 'HK.LIST22886', 'HK.LIST23586', 'HK.LIST23589', 'HK.LIST24037', 'HK.LIST24062']"
HK.ALC270629P6500,HK.02600,ALC,2026-08-19 10:27:08,1787106428.0,BUY,0.6,100,120000.0,PUT,6.5,2027-06-29,1814198400.0,282,8.265,21.355,0.57,0.61,50.662,200,10,20.0,-0.210229754,0.075040034,0.022111897,-0.001585992,-0.016112738,BEARISH,['NORMAL'],SINGLE_LEG,N/A,N/A,"[{'action_type': 7, 'action_time': '2026-09-09', 'action_timestamp': 1788883200.0}]",['HK.LIST1078'],"['HK.LIST1312', 'HK.LIST1348']"
HK.BIU261230P90000,HK.09888,BIU,2026-08-19 10:23:04,1787106184.0,BUY,9.9,200,297000.0,PUT,90.0,2026-12-30,1798560000.0,101,88.4,-1.809,9.76,9.9,45.14,206,5252,0.03922,-0.45673182,0.0167846,0.211167254,-0.031588748,-0.14678315,BEARISH,['NORMAL'],SINGLE_LEG,N/A,N/A,N/A,['HK.LIST23360'],"['HK.LIST1304', 'HK.LIST22886', 'HK.LIST23586', 'HK.LIST23589', 'HK.LIST24037', 'HK.LIST24062']"
HK.NWD270629P4700,HK.00017,NWD,2026-08-18 14:10:09,1787033409.0,BUY,0.68,336,228480.0,PUT,4.7,2027-06-29,1814198400.0,282,6.735,30.215,0.6,0.68,72.777,193,500,0.386,-0.181246806,0.058340886,0.016502057,-0.001749221,-0.012902996,BEARISH,['NORMAL'],SINGLE_LEG,2026-09-30,2,N/A,['HK.LIST1019'],N/A
HK.HRB261029P5000,HK.09660,HRB,2026-08-18 11:19:29,1787023169.0,BUY,0.65,100,195000.0,PUT,5.0,2026-10-29,1793203200.0,39,4.68,-6.837,0.61,0.65,56.076,100,17,5.88235,-0.543739388,0.343891482,0.008255076,-0.002940154,-0.005169385,BEARISH,['NORMAL'],SINGLE_LEG,N/A,N/A,N/A,['HK.LIST23363'],"['HK.LIST22912', 'HK.LIST23586', 'HK.LIST23589', 'HK.LIST23593', 'HK.LIST24037', 'HK.LIST24339']"
HK.CPI270629P26000,HK.02601,CPI,2026-08-18 10:29:07,1787020147.0,BUY,2.63,125,328750.0,PUT,26.0,2027-06-29,1814198400.0,282,28.16,7.67,2.44,2.63,38.755,125,110,1.13636,-0.317159757,0.036034071,0.092994294,-0.004783914,-0.076603058,BEARISH,['NORMAL'],SINGLE_LEG,N/A,N/A,"[{'action_type': 7, 'action_time': '2026-09-08', 'action_timestamp': 1788796800.0}]",N/A,"['HK.LIST1287', 'HK.LIST1305']"
HK.CPI261029P28000,HK.02601,CPI,2026-08-18 10:17:59,1787019479.0,BUY,1.48,115,170200.0,PUT,28.0,2026-10-29,1793203200.0,39,28.26,0.92,1.4,1.48,33.417,100,272,0.36764,-0.431281014,0.094893198,0.049241354,-0.010229888,-0.022451994,BEARISH,['NORMAL'],SINGLE_LEG,N/A,N/A,"[{'action_type': 7, 'action_time': '2026-09-08', 'action_timestamp': 1788796800.0}]",N/A,"['HK.LIST1287', 'HK.LIST1305']"
HK.COL261127P14000,HK.00688,COL,2026-08-18 10:13:41,1787019221.0,BUY,1.05,217,455700.0,PUT,14.0,2026-11-27,1795708800.0,68,14.03,0.213,1.04,1.05,39.41,817,N/A,0.0,-0.449757422,0.139027819,0.028991791,-0.005020166,-0.016704766,BEARISH,['NORMAL'],SINGLE_LEG,N/A,N/A,"[{'action_type': 7, 'action_time': '2026-09-16', 'action_timestamp': 1789488000.0}]",['HK.LIST1019'],"['HK.LIST1234', 'HK.LIST1305', 'HK.LIST1348']"
HK.COL261127P14000,HK.00688,COL,2026-08-18 10:12:49,1787019169.0,BUY,1.35,144,388800.0,PUT,14.0,2026-11-27,1795708800.0,68,14.01,0.071,1.05,1.1,39.41,135,N/A,0.0,-0.449757422,0.139027819,0.028991791,-0.005020166,-0.016704766,BEARISH,['NORMAL'],SINGLE_LEG,N/A,N/A,"[{'action_type': 7, 'action_time': '2026-09-16', 'action_timestamp': 1789488000.0}]",['HK.LIST1019'],"['HK.LIST1234', 'HK.LIST1305', 'HK.LIST1348']"
HK.HRB261127P4900,HK.09660,HRB,2026-08-18 10:01:05,1787018465.0,BUY,0.59,100,177000.0,PUT,4.9,2026-11-27,1795708800.0,68,4.815,-1.765,0.56,0.59,55.074,100,N/A,0.0,-0.45353374,0.286963248,0.010041976,-0.002496841,-0.006328018,BEARISH,['NORMAL'],SINGLE_LEG,N/A,N/A,N/A,['HK.LIST23363'],"['HK.LIST22912', 'HK.LIST23586', 'HK.LIST23589', 'HK.LIST23593', 'HK.LIST24037', 'HK.LIST24339']"
HK.JDH261230P38000,HK.06618,JDH,2026-08-18 09:47:55,1787017675.0,BUY,4.04,255,515100.0,PUT,38.0,2026-12-30,1798560000.0,101,37.52,-1.279,4.03,4.04,45.209,212,457,0.46389,-0.445445614,0.03907229,0.089861437,-0.013390462,-0.061504643,BEARISH,['NORMAL'],SINGLE_LEG,N/A,N/A,N/A,['HK.LIST1357'],"['HK.LIST1251', 'HK.LIST22886', 'HK.LIST23598', 'HK.LIST24037']"
HK.JDH261230P37000,HK.06618,JDH,2026-08-18 09:47:55,1787017675.0,BUY,3.51,255,447525.0,PUT,37.0,2026-12-30,1798560000.0,101,37.52,1.385,3.5,3.51,45.191,255,772,0.33031,-0.406672235,0.038237306,0.088262297,-0.013260918,-0.056422932,BEARISH,['NORMAL'],SINGLE_LEG,N/A,N/A,N/A,['HK.LIST1357'],"['HK.LIST1251', 'HK.LIST22886', 'HK.LIST23598', 'HK.LIST24037']"
HK.HRB261029P4900,HK.09660,HRB,2026-08-17 15:05:11,1786950311.0,BUY,0.42,100,126000.0,PUT,4.9,2026-10-29,1793203200.0,39,5.01,2.195,0.4,0.42,54.906,100,41,2.43902,-0.402227065,0.315945243,0.008679489,-0.00305349,-0.00416808,BEARISH,['NORMAL'],SINGLE_LEG,N/A,N/A,N/A,['HK.LIST23363'],"['HK.LIST22912', 'HK.LIST23586', 'HK.LIST23589', 'HK.LIST23593', 'HK.LIST24037', 'HK.LIST24339']"
HK.MET260929P80000,HK.03690,MET,2026-08-17 14:05:40,1786946740.0,BUY,2.02,450,454500.0,PUT,80.0,2026-09-29,1790611200.0,9,88.0,9.09,1.98,2.02,44.531,1368,16094,0.085,-0.233678157,0.022799708,0.092558837,-0.045891015,-0.023818115,BEARISH,['NORMAL'],SINGLE_LEG,N/A,N/A,N/A,['HK.LIST23361'],"['HK.LIST1305', 'HK.LIST1998', 'HK.LIST22886', 'HK.LIST22928', 'HK.LIST23586', 'HK.LIST24037', 'HK.LIST24062']"
HK.MET260929P85000,HK.03690,MET,2026-08-17 14:05:40,1786946740.0,BUY,3.73,450,839250.0,PUT,85.0,2026-09-29,1790611200.0,9,88.0,3.409,3.65,3.73,43.92,916,13545,0.06762,-0.370027438,0.028562665,0.114047616,-0.055094559,-0.037633412,BEARISH,['NORMAL'],SINGLE_LEG,N/A,N/A,N/A,['HK.LIST23361'],"['HK.LIST1305', 'HK.LIST1998', 'HK.LIST22886', 'HK.LIST22928', 'HK.LIST23586', 'HK.LIST24037', 'HK.LIST24062']"
HK.XCC270330P8750,HK.00939,XCC,2026-08-17 13:46:36,1786945596.0,BUY,0.52,539,280280.0,PUT,8.75,2027-03-30,1806336000.0,191,8.9,1.685,0.514,0.52,24.447,670,2475,0.2707,-0.392398401,0.235681754,0.026603491,-0.001128963,-0.018528027,BEARISH,['NORMAL'],SINGLE_LEG,N/A,N/A,N/A,N/A,"['HK.LIST1239', 'HK.LIST1305', 'HK.LIST1344', 'HK.LIST1348']"
HK.LNK261230P39000,HK.00823,LNK,2026-08-17 13:42:57,1786945377.0,BUY,2.21,122,269620.0,PUT,39.0,2026-12-30,1798560000.0,101,38.96,-0.102,2.19,2.22,25.967,122,176,0.69318,-0.446482692,0.066594273,0.092981946,-0.007352709,-0.056040156,BEARISH,['NORMAL'],SINGLE_LEG,N/A,N/A,N/A,['HK.LIST1311'],N/A
HK.MET260929P80000,HK.03690,MET,2026-08-17 13:36:15,1786944975.0,BUY,1.87,750,701250.0,PUT,80.0,2026-09-29,1790611200.0,9,88.6,9.706,1.82,1.87,44.478,669,16094,0.04156,-0.220091114,0.021909777,0.090115533,-0.044643614,-0.022577045,BEARISH,['NORMAL'],SINGLE_LEG,N/A,N/A,N/A,['HK.LIST23361'],"['HK.LIST1305', 'HK.LIST1998', 'HK.LIST22886', 'HK.LIST22928', 'HK.LIST23586', 'HK.LIST24037', 'HK.LIST24062']"
HK.MET270629P90000,HK.03690,MET,2026-08-17 13:31:24,1786944684.0,BUY,13.45,500,3362500.0,PUT,90.0,2027-06-29,1814198400.0,282,88.4,-1.809,13.41,13.45,42.827,1500,753,1.99203,-0.417226675,0.011559363,0.319185943,-0.017712566,-0.321870428,BEARISH,['NORMAL'],SINGLE_LEG,N/A,N/A,N/A,['HK.LIST23361'],"['HK.LIST1305', 'HK.LIST1998', 'HK.LIST22886', 'HK.LIST22928', 'HK.LIST23586', 'HK.LIST24037', 'HK.LIST24062']"
HK.ANA270330P72500,HK.02020,ANA,2026-08-17 13:28:33,1786944513.0,BUY,6.49,331,429638.0,PUT,72.5,2027-03-30,1806336000.0,191,72.4,-0.138,6.45,6.49,31.719,692,361,1.91689,-0.426472584,0.022660274,0.221297585,-0.012637329,-0.173417976,BEARISH,['NORMAL'],SINGLE_LEG,N/A,N/A,"[{'action_type': 7, 'action_time': '2026-09-08', 'action_timestamp': 1788796800.0}]",['HK.LIST1277'],"['HK.LIST1161', 'HK.LIST1185', 'HK.LIST1305', 'HK.LIST24231']"
HK.XCC270330P9250,HK.00939,XCC,2026-08-17 13:23:50,1786944230.0,BUY,0.818,539,440902.0,PUT,9.25,2027-03-30,1806336000.0,191,8.885,-4.108,0.814,0.819,25.879,539,986,0.54665,-0.511960479,0.239275513,0.027397427,-0.001181273,-0.023075622,BEARISH,['NORMAL'],SINGLE_LEG,N/A,N/A,N/A,N/A,"['HK.LIST1239', 'HK.LIST1305', 'HK.LIST1344', 'HK.LIST1348']"
HK.ANA270330P72500,HK.02020,ANA,2026-08-17 13:20:20,1786944020.0,BUY,6.5,331,430300.0,PUT,72.5,2027-03-30,1806336000.0,191,72.3,-0.276,6.48,6.5,31.615,361,361,1.0,-0.428838179,0.022805344,0.221210594,-0.012572717,-0.173843335,BEARISH,['NORMAL'],SINGLE_LEG,N/A,N/A,"[{'action_type': 7, 'action_time': '2026-09-08', 'action_timestamp': 1788796800.0}]",['HK.LIST1277'],"['HK.LIST1161', 'HK.LIST1185', 'HK.LIST1305', 'HK.LIST24231']"
HK.XCC270330P8500,HK.00939,XCC,2026-08-17 13:20:07,1786944007.0,BUY,0.411,539,221529.0,PUT,8.5,2027-03-30,1806336000.0,191,8.885,4.333,0.407,0.412,24.13,599,7808,0.07671,-0.335717234,0.224333297,0.025247097,-0.001079109,-0.016091067,BEARISH,['NORMAL'],SINGLE_LEG,N/A,N/A,N/A,N/A,"['HK.LIST1239', 'HK.LIST1305', 'HK.LIST1344', 'HK.LIST1348']"
HK.GLX261127P34000,HK.00027,GLX,2026-08-17 13:12:42,1786943562.0,BUY,2.04,138,281520.0,PUT,34.0,2026-11-27,1795708800.0,68,34.72,2.073,2.03,2.04,35.613,139,254,0.54724,-0.397153827,0.059719439,0.070740827,-0.010982416,-0.036610209,BEARISH,['NORMAL'],SINGLE_LEG,N/A,N/A,"[{'action_type': 7, 'action_time': '2026-08-25', 'action_timestamp': 1787587200.0}]",N/A,"['HK.LIST1305', 'HK.LIST22913']"
HK.GLX261127P32000,HK.00027,GLX,2026-08-17 13:12:42,1786943562.0,BUY,1.17,138,161460.0,PUT,32.0,2026-11-27,1795708800.0,68,34.72,7.834,1.16,1.17,34.284,140,93,1.50537,-0.27371548,0.053190158,0.061128601,-0.009325691,-0.025349744,BEARISH,['NORMAL'],SINGLE_LEG,N/A,N/A,"[{'action_type': 7, 'action_time': '2026-08-25', 'action_timestamp': 1787587200.0}]",N/A,"['HK.LIST1305', 'HK.LIST22913']"
HK.BIU261127P105000,HK.09888,BIU,2026-08-17 13:11:55,1786943515.0,BUY,12.12,1223,2223414.0,PUT,105.0,2026-11-27,1795708800.0,68,100.6,-4.373,11.75,12.21,47.053,1423,1490,0.95503,-0.50652911,0.016242888,0.211633777,-0.043526673,-0.141540621,BEARISH,['NORMAL'],SINGLE_LEG,N/A,N/A,N/A,['HK.LIST23360'],"['HK.LIST1304', 'HK.LIST22886', 'HK.LIST23586', 'HK.LIST23589', 'HK.LIST24037', 'HK.LIST24062']"
HK.BIU261127P105000,HK.09888,BIU,2026-08-17 13:11:55,1786943515.0,BUY,12.12,200,363600.0,PUT,105.0,2026-11-27,1795708800.0,68,100.6,-4.373,11.75,12.21,47.053,200,1490,0.13422,-0.50652911,0.016242888,0.211633777,-0.043526673,-0.141540621,BEARISH,['NORMAL'],SINGLE_LEG,N/A,N/A,N/A,['HK.LIST23360'],"['HK.LIST1304', 'HK.LIST22886', 'HK.LIST23586', 'HK.LIST23589', 'HK.LIST24037', 'HK.LIST24062']"
HK.COS261230P15500,HK.01919,COS,2026-08-17 13:10:59,1786943459.0,BUY,0.82,117,239850.0,PUT,15.5,2026-12-30,1798560000.0,101,16.35,5.198,0.81,0.82,33.181,124,76,1.63157,-0.338281999,0.112602243,0.036223328,-0.003905998,-0.019258924,BEARISH,['NORMAL'],SINGLE_LEG,N/A,N/A,"[{'action_type': 7, 'action_time': '2026-09-23', 'action_timestamp': 1790092800.0}]",['HK.LIST1066'],"['HK.LIST1175', 'HK.LIST1213', 'HK.LIST1348']"
HK.MET260929P87500,HK.03690,MET,2026-08-17 13:02:32,1786942952.0,BUY,4.76,310,737800.0,PUT,87.5,2026-09-29,1790611200.0,9,88.2,0.793,4.65,4.74,43.243,940,8222,0.11432,-0.438871086,0.030269645,0.119378304,-0.056228949,-0.04445236,BEARISH,['NORMAL'],SINGLE_LEG,N/A,N/A,N/A,['HK.LIST23361'],"['HK.LIST1305', 'HK.LIST1998', 'HK.LIST22886', 'HK.LIST22928', 'HK.LIST23586', 'HK.LIST24037', 'HK.LIST24062']"
HK.PEC261230P9250,HK.00857,PEC,2026-08-17 11:56:10,1786938970.0,BUY,0.59,465,548700.0,PUT,9.25,2026-12-30,1798560000.0,101,9.66,4.244,0.57,0.59,35.687,955,1026,0.93079,-0.357990807,0.180647737,0.02189704,-0.002547131,-0.012222301,BEARISH,['NORMAL'],SINGLE_LEG,N/A,N/A,"[{'action_type': 7, 'action_time': '2026-09-10', 'action_timestamp': 1788969600.0}]",['HK.LIST1042'],"['HK.LIST1175', 'HK.LIST1205', 'HK.LIST1241', 'HK.LIST1305', 'HK.LIST1344', 'HK.LIST1348', 'HK.LIST1362', 'HK.LIST22928']"
HK.CPA261230P15000,HK.00293,CPA,2026-08-17 11:24:35,1786937075.0,BUY,1.17,100,117000.0,PUT,15.0,2026-12-30,1798560000.0,101,14.69,-2.11,0.92,1.19,27.604,100,N/A,0.0,-0.493131785,0.168582604,0.035372224,-0.002953503,-0.023276748,BEARISH,['NORMAL'],SINGLE_LEG,N/A,N/A,"[{'action_type': 7, 'action_time': '2026-09-02', 'action_timestamp': 1788278400.0}]",['HK.LIST1064'],['HK.LIST1240']
HK.PEC261230P9250,HK.00857,PEC,2026-08-17 10:22:33,1786933353.0,BUY,0.62,490,607600.0,PUT,9.25,2026-12-30,1798560000.0,101,9.58,3.444,0.59,0.62,35.573,30,1026,0.02923,-0.371554555,0.185124044,0.022000965,-0.002540651,-0.012560782,BEARISH,['NORMAL'],SINGLE_LEG,N/A,N/A,"[{'action_type': 7, 'action_time': '2026-09-10', 'action_timestamp': 1788969600.0}]",['HK.LIST1042'],"['HK.LIST1175', 'HK.LIST1205', 'HK.LIST1241', 'HK.LIST1305', 'HK.LIST1344', 'HK.LIST1348', 'HK.LIST1362', 'HK.LIST22928']"
HK.CPI261029P29000,HK.02601,CPI,2026-08-17 10:00:36,1786932036.0,BUY,1.78,170,302600.0,PUT,29.0,2026-10-29,1793203200.0,39,28.66,-1.186,1.66,1.78,32.195,33,201,0.16417,-0.487607986,0.09835642,0.051006602,-0.009898079,-0.025613705,BEARISH,['NORMAL'],SINGLE_LEG,N/A,N/A,"[{'action_type': 7, 'action_time': '2026-09-08', 'action_timestamp': 1788796800.0}]",N/A,"['HK.LIST1287', 'HK.LIST1305']"
HK.POP260929P140000,HK.09992,POP,2026-08-17 09:58:33,1786931913.0,BUY,3.3,1000,660000.0,PUT,140.0,2026-09-29,1790611200.0,9,155.0,9.677,3.24,3.3,44.823,2003,3638,0.55057,-0.218694678,0.01233645,0.157657509,-0.078456853,-0.039497302,BEARISH,['NORMAL'],SINGLE_LEG,N/A,N/A,N/A,['HK.LIST1047'],"['HK.LIST1328', 'HK.LIST23676']"
HK.XCC270330P9750,HK.00939,XCC,2026-08-17 09:50:59,1786931459.0,BUY,1.183,542,641186.0,PUT,9.75,2027-03-30,1806336000.0,191,8.875,-9.859,1.025,1.183,24.396,1626,135,12.04444,-0.637976323,0.259823331,0.02536202,-0.000945416,-0.02510542,BEARISH,['NORMAL'],SINGLE_LEG,N/A,N/A,N/A,N/A,"['HK.LIST1239', 'HK.LIST1305', 'HK.LIST1344', 'HK.LIST1348']"
HK.CMB270330P55000,HK.03968,CMB,2026-08-17 09:50:14,1786931414.0,BUY,8.4,100,420000.0,PUT,55.0,2027-03-30,1806336000.0,191,47.94,-14.726,7.3,8.4,26.001,500,30,16.66666,-0.718848828,0.044106416,0.121375782,-0.004645548,-0.138459984,BEARISH,['NORMAL'],SINGLE_LEG,N/A,N/A,N/A,['HK.LIST1079'],"['HK.LIST1178', 'HK.LIST1239', 'HK.LIST1305']"
HK.CMB270330P55000,HK.03968,CMB,2026-08-17 09:49:33,1786931373.0,BUY,8.39,200,839000.0,PUT,55.0,2027-03-30,1806336000.0,191,47.94,-14.726,7.3,8.39,25.49,400,30,13.33333,-0.722988298,0.045101543,0.120378079,-0.004477364,-0.136965497,BEARISH,['NORMAL'],SINGLE_LEG,N/A,N/A,N/A,['HK.LIST1079'],"['HK.LIST1178', 'HK.LIST1239', 'HK.LIST1305']"
HK.CMB270330P55000,HK.03968,CMB,2026-08-17 09:44:43,1786931083.0,BUY,8.3,200,830000.0,PUT,55.0,2027-03-30,1806336000.0,191,48.1,-14.345,7.3,8.32,26.131,200,30,6.66666,-0.706636362,0.043744961,0.124885407,-0.00485349,-0.140234096,BEARISH,['NORMAL'],SINGLE_LEG,N/A,N/A,N/A,['HK.LIST1079'],"['HK.LIST1178', 'HK.LIST1239', 'HK.LIST1305']"
HK.CMB270330P57500,HK.03968,CMB,2026-08-17 09:44:43,1786931083.0,BUY,10.39,200,1039000.0,PUT,57.5,2027-03-30,1806336000.0,191,48.1,-19.542,9.44,10.4,27.19,200,N/A,0.0,-0.782359125,0.04071824,0.104501351,-0.004029484,-0.133745742,BEARISH,['NORMAL'],SINGLE_LEG,N/A,N/A,N/A,['HK.LIST1079'],"['HK.LIST1178', 'HK.LIST1239', 'HK.LIST1305']"
HK.XCC270330P10000,HK.00939,XCC,2026-08-17 09:41:29,1786930889.0,BUY,1.368,542,741456.0,PUT,10.0,2027-03-30,1806336000.0,191,8.895,-12.422,1.232,1.368,25.782,542,N/A,0.0,-0.672173962,0.241753052,0.024431788,-0.000955908,-0.025943142,BEARISH,['NORMAL'],SINGLE_LEG,N/A,N/A,N/A,N/A,"['HK.LIST1239', 'HK.LIST1305', 'HK.LIST1344', 'HK.LIST1348']"
HK.XCC270330P9750,HK.00939,XCC,2026-08-17 09:41:29,1786930889.0,BUY,1.169,542,633598.0,PUT,9.75,2027-03-30,1806336000.0,191,8.895,-9.612,1.025,1.169,24.746,542,135,4.01481,-0.626819183,0.254734128,0.025765371,-0.00098503,-0.02523589,BEARISH,['NORMAL'],SINGLE_LEG,N/A,N/A,N/A,N/A,"['HK.LIST1239', 'HK.LIST1305', 'HK.LIST1344', 'HK.LIST1348']"
HK.ALA260929P4590,HK.00241,ALA,2026-08-14 15:56:49,1786694209.0,BUY,1.34,100,280194.0,PUT,4.59,2026-09-29,1790611200.0,9,3.245,-41.448,1.26,1.35,0.0,1500,8000,0.1875,0.0,0.0,0.0,0.0,0.0,BEARISH,['NORMAL'],SINGLE_LEG,N/A,N/A,N/A,N/A,"['HK.LIST1110', 'HK.LIST1161', 'HK.LIST1251', 'HK.LIST1287', 'HK.LIST22886', 'HK.LIST23598', 'HK.LIST24037']"
HK.ALA260929P4590,HK.00241,ALA,2026-08-14 15:56:49,1786694209.0,BUY,1.34,100,280194.0,PUT,4.59,2026-09-29,1790611200.0,9,3.245,-41.448,1.26,1.35,0.0,1400,8000,0.175,0.0,0.0,0.0,0.0,0.0,BEARISH,['NORMAL'],SINGLE_LEG,N/A,N/A,N/A,N/A,"['HK.LIST1110', 'HK.LIST1161', 'HK.LIST1251', 'HK.LIST1287', 'HK.LIST22886', 'HK.LIST23598', 'HK.LIST24037']"
HK.ALA260929P4590,HK.00241,ALA,2026-08-14 15:56:49,1786694209.0,BUY,1.34,100,280194.0,PUT,4.59,2026-09-29,1790611200.0,9,3.245,-41.448,1.26,1.35,0.0,1300,8000,0.1625,0.0,0.0,0.0,0.0,0.0,BEARISH,['NORMAL'],SINGLE_LEG,N/A,N/A,N/A,N/A,"['HK.LIST1110', 'HK.LIST1161', 'HK.LIST1251', 'HK.LIST1287', 'HK.LIST22886', 'HK.LIST23598', 'HK.LIST24037']"
HK.ALA260929P4590,HK.00241,ALA,2026-08-14 15:56:49,1786694209.0,BUY,1.34,100,280194.0,PUT,4.59,2026-09-29,1790611200.0,9,3.245,-41.448,1.26,1.35,0.0,1200,8000,0.15,0.0,0.0,0.0,0.0,0.0,BEARISH,['NORMAL'],SINGLE_LEG,N/A,N/A,N/A,N/A,"['HK.LIST1110', 'HK.LIST1161', 'HK.LIST1251', 'HK.LIST1287', 'HK.LIST22886', 'HK.LIST23598', 'HK.LIST24037']"
HK.ALA260929P4590,HK.00241,ALA,2026-08-14 15:56:49,1786694209.0,BUY,1.34,100,280194.0,PUT,4.59,2026-09-29,1790611200.0,9,3.245,-41.448,1.26,1.35,0.0,1100,8000,0.1375,0.0,0.0,0.0,0.0,0.0,BEARISH,['NORMAL'],SINGLE_LEG,N/A,N/A,N/A,N/A,"['HK.LIST1110', 'HK.LIST1161', 'HK.LIST1251', 'HK.LIST1287', 'HK.LIST22886', 'HK.LIST23598', 'HK.LIST24037']"
HK.CLI261029P27000,HK.02628,CLI,2026-08-14 15:52:35,1786693955.0,BUY,1.89,400,756000.0,PUT,27.0,2026-10-29,1793203200.0,39,26.8,-0.746,1.85,1.89,38.364,1685,873,1.93012,-0.4660393,0.085899965,0.048521224,-0.011030143,-0.024737244,BEARISH,['NORMAL'],SINGLE_LEG,N/A,N/A,"[{'action_type': 7, 'action_time': '2026-10-08', 'action_timestamp': 1791388800.0}]",N/A,"['HK.LIST1287', 'HK.LIST1305', 'HK.LIST1348']"
HK.ALA260929P4590,HK.00241,ALA,2026-08-14 15:39:50,1786693190.0,BUY,1.33,100,278103.0,PUT,4.59,2026-09-29,1790611200.0,9,3.26,-40.797,1.26,1.33,0.0,1000,8000,0.125,0.0,0.0,0.0,0.0,0.0,BEARISH,['NORMAL'],SINGLE_LEG,N/A,N/A,N/A,N/A,"['HK.LIST1110', 'HK.LIST1161', 'HK.LIST1251', 'HK.LIST1287', 'HK.LIST22886', 'HK.LIST23598', 'HK.LIST24037']"
HK.ALA260929P4590,HK.00241,ALA,2026-08-14 15:39:50,1786693190.0,BUY,1.33,100,278103.0,PUT,4.59,2026-09-29,1790611200.0,9,3.26,-40.797,1.26,1.33,0.0,900,8000,0.1125,0.0,0.0,0.0,0.0,0.0,BEARISH,['NORMAL'],SINGLE_LEG,N/A,N/A,N/A,N/A,"['HK.LIST1110', 'HK.LIST1161', 'HK.LIST1251', 'HK.LIST1287', 'HK.LIST22886', 'HK.LIST23598', 'HK.LIST24037']"
HK.ALA260929P4590,HK.00241,ALA,2026-08-14 15:39:50,1786693190.0,BUY,1.33,100,278103.0,PUT,4.59,2026-09-29,1790611200.0,9,3.26,-40.797,1.26,1.33,0.0,800,8000,0.1,0.0,0.0,0.0,0.0,0.0,BEARISH,['NORMAL'],SINGLE_LEG,N/A,N/A,N/A,N/A,"['HK.LIST1110', 'HK.LIST1161', 'HK.LIST1251', 'HK.LIST1287', 'HK.LIST22886', 'HK.LIST23598', 'HK.LIST24037']"
HK.ALA260929P4590,HK.00241,ALA,2026-08-14 15:39:50,1786693190.0,BUY,1.33,100,278103.0,PUT,4.59,2026-09-29,1790611200.0,9,3.26,-40.797,1.26,1.33,0.0,700,8000,0.0875,0.0,0.0,0.0,0.0,0.0,BEARISH,['NORMAL'],SINGLE_LEG,N/A,N/A,N/A,N/A,"['HK.LIST1110', 'HK.LIST1161', 'HK.LIST1251', 'HK.LIST1287', 'HK.LIST22886', 'HK.LIST23598', 'HK.LIST24037']"
HK.ALA260929P4590,HK.00241,ALA,2026-08-14 15:39:50,1786693190.0,BUY,1.33,100,278103.0,PUT,4.59,2026-09-29,1790611200.0,9,3.26,-40.797,1.26,1.33,0.0,600,8000,0.075,0.0,0.0,0.0,0.0,0.0,BEARISH,['NORMAL'],SINGLE_LEG,N/A,N/A,N/A,N/A,"['HK.LIST1110', 'HK.LIST1161', 'HK.LIST1251', 'HK.LIST1287', 'HK.LIST22886', 'HK.LIST23598', 'HK.LIST24037']"
HK.ALA260929P4590,HK.00241,ALA,2026-08-14 15:36:51,1786693011.0,BUY,1.33,100,278103.0,PUT,4.59,2026-09-29,1790611200.0,9,3.26,-40.797,1.26,1.34,0.0,480,8000,0.06,0.0,0.0,0.0,0.0,0.0,BEARISH,['NORMAL'],SINGLE_LEG,N/A,N/A,N/A,N/A,"['HK.LIST1110', 'HK.LIST1161', 'HK.LIST1251', 'HK.LIST1287', 'HK.LIST22886', 'HK.LIST23598', 'HK.LIST24037']"
HK.ALA260929P4590,HK.00241,ALA,2026-08-14 15:36:51,1786693011.0,BUY,1.33,100,278103.0,PUT,4.59,2026-09-29,1790611200.0,9,3.26,-40.797,1.26,1.34,0.0,380,8000,0.0475,0.0,0.0,0.0,0.0,0.0,BEARISH,['NORMAL'],SINGLE_LEG,N/A,N/A,N/A,N/A,"['HK.LIST1110', 'HK.LIST1161', 'HK.LIST1251', 'HK.LIST1287', 'HK.LIST22886', 'HK.LIST23598', 'HK.LIST24037']"
HK.ALA260929P4590,HK.00241,ALA,2026-08-14 15:36:51,1786693011.0,BUY,1.33,100,278103.0,PUT,4.59,2026-09-29,1790611200.0,9,3.26,-40.797,1.26,1.34,0.0,280,8000,0.035,0.0,0.0,0.0,0.0,0.0,BEARISH,['NORMAL'],SINGLE_LEG,N/A,N/A,N/A,N/A,"['HK.LIST1110', 'HK.LIST1161', 'HK.LIST1251', 'HK.LIST1287', 'HK.LIST22886', 'HK.LIST23598', 'HK.LIST24037']"
HK.KST261029P40000,HK.01024,KST,2026-08-14 15:23:42,1786692222.0,BUY,3.13,206,322390.0,PUT,40.0,2026-10-29,1793203200.0,39,40.2,0.497,3.1,3.13,46.285,371,6403,0.05794,-0.435490283,0.046810058,0.072149963,-0.02019767,-0.036220453,BEARISH,['NORMAL'],SINGLE_LEG,N/A,N/A,N/A,N/A,"['HK.LIST1305', 'HK.LIST1306', 'HK.LIST1328', 'HK.LIST22886', 'HK.LIST23586', 'HK.LIST24037']"
HK.CPI270629P26000,HK.02601,CPI,2026-08-14 15:18:40,1786691920.0,BUY,2.55,125,318750.0,PUT,26.0,2027-06-29,1814198400.0,282,28.3,8.127,2.35,2.55,37.975,125,35,3.57142,-0.313355742,0.036273176,0.093326048,-0.00463541,-0.076398846,BEARISH,['NORMAL'],SINGLE_LEG,N/A,N/A,"[{'action_type': 7, 'action_time': '2026-09-08', 'action_timestamp': 1788796800.0}]",N/A,"['HK.LIST1287', 'HK.LIST1305']"
HK.CPI260929P28000,HK.02601,CPI,2026-08-14 15:05:02,1786691102.0,BUY,1.02,143,145860.0,PUT,28.0,2026-09-29,1790611200.0,9,28.28,0.99,0.95,1.01,29.679,235,718,0.32729,-0.42642658,0.132917958,0.039296542,-0.011564626,-0.013973447,BEARISH,['NORMAL'],SINGLE_LEG,N/A,N/A,"[{'action_type': 7, 'action_time': '2026-09-08', 'action_timestamp': 1788796800.0}]",N/A,"['HK.LIST1287', 'HK.LIST1305']"
HK.PAI260929P57500,HK.02318,PAI,2026-08-14 14:53:52,1786690432.0,BUY,4.25,1000,2125000.0,PUT,57.5,2026-09-29,1790611200.0,9,54.6,-5.311,4.22,4.25,34.082,1526,11786,0.12947,-0.633696877,0.058514478,0.07264011,-0.023760213,-0.038681906,BEARISH,['NORMAL'],SINGLE_LEG,N/A,N/A,"[{'action_type': 7, 'action_time': '2026-09-02', 'action_timestamp': 1788278400.0}]",N/A,"['HK.LIST1110', 'HK.LIST1178', 'HK.LIST1305']"
HK.BYD261029P85000,HK.01211,BYD,2026-08-14 14:49:35,1786690175.0,BUY,3.85,400,770000.0,PUT,85.0,2026-10-29,1793203200.0,39,88.15,3.573,3.82,3.85,35.138,875,3177,0.27541,-0.360741282,0.026695337,0.150514338,-0.031690356,-0.062946145,BEARISH,['NORMAL'],SINGLE_LEG,N/A,N/A,N/A,N/A,"['HK.LIST1180', 'HK.LIST1217', 'HK.LIST1305', 'HK.LIST1314', 'HK.LIST1334', 'HK.LIST22910', 'HK.LIST23589']"
HK.JDC261230P110000,HK.09618,JDC,2026-08-14 14:44:11,1786689851.0,BUY,9.0,200,900000.0,PUT,110.0,2026-12-30,1798560000.0,101,109.4,-0.548,8.77,9.0,34.715,870,2943,0.29561,-0.447714074,0.017378949,0.264861568,-0.028538007,-0.17263539,BEARISH,['NORMAL'],SINGLE_LEG,N/A,N/A,N/A,['HK.LIST23361'],"['HK.LIST1161', 'HK.LIST1304', 'HK.LIST22886', 'HK.LIST23586', 'HK.LIST23674', 'HK.LIST24037', 'HK.LIST24062']"
HK.JDC261230P110000,HK.09618,JDC,2026-08-14 14:43:20,1786689800.0,BUY,8.95,200,895000.0,PUT,110.0,2026-12-30,1798560000.0,101,109.5,-0.456,8.64,8.95,34.86,668,2943,0.22697,-0.44239225,0.017212792,0.265133887,-0.028744659,-0.171457108,BEARISH,['NORMAL'],SINGLE_LEG,N/A,N/A,N/A,['HK.LIST23361'],"['HK.LIST1161', 'HK.LIST1304', 'HK.LIST22886', 'HK.LIST23586', 'HK.LIST23674', 'HK.LIST24037', 'HK.LIST24062']"
HK.PAI261029P55000,HK.02318,PAI,2026-08-14 14:40:45,1786689645.0,BUY,2.9,280,406000.0,PUT,55.0,2026-10-29,1793203200.0,39,54.6,-0.732,2.86,2.9,29.037,647,2723,0.2376,-0.474398487,0.056141896,0.098897219,-0.016480371,-0.048493931,BEARISH,['NORMAL'],SINGLE_LEG,N/A,N/A,"[{'action_type': 7, 'action_time': '2026-09-02', 'action_timestamp': 1788278400.0}]",['HK.LIST1003'],"['HK.LIST1110', 'HK.LIST1178', 'HK.LIST1305']"
HK.JDC261230P110000,HK.09618,JDC,2026-08-14 14:31:06,1786689066.0,BUY,8.9,200,890000.0,PUT,110.0,2026-12-30,1798560000.0,101,109.6,-0.364,8.68,8.9,34.506,467,2943,0.15868,-0.446172195,0.017458344,0.264971796,-0.0283653,-0.172020665,BEARISH,['NORMAL'],SINGLE_LEG,N/A,N/A,N/A,['HK.LIST23361'],"['HK.LIST1161', 'HK.LIST1304', 'HK.LIST22886', 'HK.LIST23586', 'HK.LIST23674', 'HK.LIST24037', 'HK.LIST24062']"
HK.BYD261029P85000,HK.01211,BYD,2026-08-14 14:29:26,1786688966.0,BUY,3.85,400,770000.0,PUT,85.0,2026-10-29,1793203200.0,39,88.25,3.682,3.81,3.84,35.454,445,3177,0.14006,-0.360075196,0.026419678,0.150522793,-0.031998637,-0.062977704,BEARISH,['NORMAL'],SINGLE_LEG,N/A,N/A,N/A,N/A,"['HK.LIST1180', 'HK.LIST1217', 'HK.LIST1305', 'HK.LIST1314', 'HK.LIST1334', 'HK.LIST22910', 'HK.LIST23589']"
HK.MET260929P87500,HK.03690,MET,2026-08-14 14:28:23,1786688903.0,BUY,5.4,250,675000.0,PUT,87.5,2026-09-29,1790611200.0,9,86.8,-0.806,5.35,5.4,42.704,1115,7928,0.14064,-0.477384554,0.03047377,0.122772146,-0.052983858,-0.050580002,BEARISH,['NORMAL'],SINGLE_LEG,N/A,N/A,N/A,['HK.LIST23361'],"['HK.LIST1305', 'HK.LIST1998', 'HK.LIST22886', 'HK.LIST22928', 'HK.LIST23586', 'HK.LIST24037', 'HK.LIST24062']"
HK.JDC261230P110000,HK.09618,JDC,2026-08-14 14:27:50,1786688870.0,BUY,8.8,200,880000.0,PUT,110.0,2026-12-30,1798560000.0,101,109.6,-0.364,8.57,8.8,34.777,467,2943,0.15868,-0.439014899,0.017193662,0.265302246,-0.028709887,-0.170511419,BEARISH,['NORMAL'],SINGLE_LEG,N/A,N/A,N/A,['HK.LIST23361'],"['HK.LIST1161', 'HK.LIST1304', 'HK.LIST22886', 'HK.LIST23586', 'HK.LIST23674', 'HK.LIST24037', 'HK.LIST24062']"
HK.MIU260929P25000,HK.01810,MIU,2026-08-14 14:19:59,1786688399.0,BUY,1.13,353,398890.0,PUT,25.0,2026-09-29,1790611200.0,9,25.64,2.496,1.11,1.13,40.723,1232,16380,0.07521,-0.393325322,0.104364986,0.03496483,-0.014506539,-0.012301596,BEARISH,['NORMAL'],SINGLE_LEG,N/A,N/A,N/A,['HK.LIST1055'],"['HK.LIST1161', 'HK.LIST1166', 'HK.LIST1217', 'HK.LIST1305', 'HK.LIST1328', 'HK.LIST1331', 'HK.LIST1351', 'HK.LIST22886', 'HK.LIST22910', 'HK.LIST22928', 'HK.LIST23586', 'HK.LIST23589', 'HK.LIST23593', 'HK.LIST23676', 'HK.LIST24037', 'HK.LIST24062']"
HK.PAI261029P55000,HK.02318,PAI,2026-08-14 14:14:53,1786688093.0,BUY,2.86,250,357500.0,PUT,55.0,2026-10-29,1793203200.0,39,54.65,-0.64,2.8,2.86,29.106,306,2723,0.11237,-0.468730631,0.055804456,0.099001349,-0.016560899,-0.048111628,BEARISH,['NORMAL'],SINGLE_LEG,N/A,N/A,"[{'action_type': 7, 'action_time': '2026-09-02', 'action_timestamp': 1788278400.0}]",['HK.LIST1003'],"['HK.LIST1110', 'HK.LIST1178', 'HK.LIST1305']"
HK.MIU260929P25000,HK.01810,MIU,2026-08-14 14:09:00,1786687740.0,BUY,1.12,400,448000.0,PUT,25.0,2026-09-29,1790611200.0,9,25.68,2.647,1.1,1.12,41.391,1232,16380,0.07521,-0.387957882,0.102008517,0.034915455,-0.014745085,-0.012199521,BEARISH,['NORMAL'],SINGLE_LEG,N/A,N/A,N/A,['HK.LIST1055'],"['HK.LIST1161', 'HK.LIST1166', 'HK.LIST1217', 'HK.LIST1305', 'HK.LIST1328', 'HK.LIST1331', 'HK.LIST1351', 'HK.LIST22886', 'HK.LIST22910', 'HK.LIST22928', 'HK.LIST23586', 'HK.LIST23589', 'HK.LIST23593', 'HK.LIST23676', 'HK.LIST24037', 'HK.LIST24062']"
HK.TCH261127P440000,HK.00700,TCH,2026-08-14 14:05:52,1786687552.0,BUY,26.4,300,792000.0,PUT,440.0,2026-11-27,1795708800.0,68,440.6,0.136,26.14,26.4,30.662,1745,863,2.02201,-0.441343788,0.005562395,0.929644318,-0.117237275,-0.509959738,BEARISH,['NORMAL'],SINGLE_LEG,N/A,N/A,N/A,['HK.LIST23363'],"['HK.LIST1161', 'HK.LIST1190', 'HK.LIST1191', 'HK.LIST1208', 'HK.LIST1289', 'HK.LIST1305', 'HK.LIST1328', 'HK.LIST1351', 'HK.LIST22886', 'HK.LIST22928', 'HK.LIST23586', 'HK.LIST23589', 'HK.LIST24037', 'HK.LIST24062']"
HK.ALB261127P120000,HK.09988,ALB,2026-08-14 14:05:31,1786687531.0,BUY,10.26,250,1282500.0,PUT,120.0,2026-11-27,1795708800.0,68,119.6,-0.334,10.18,10.26,41.782,1509,1806,0.83554,-0.444638924,0.014962182,0.253068696,-0.044952342,-0.149275861,BEARISH,['NORMAL'],SINGLE_LEG,N/A,N/A,N/A,['HK.LIST23361'],"['HK.LIST1161', 'HK.LIST1191', 'HK.LIST1287', 'HK.LIST1289', 'HK.LIST1304', 'HK.LIST1328', 'HK.LIST22886', 'HK.LIST22928', 'HK.LIST23586', 'HK.LIST23589', 'HK.LIST23593', 'HK.LIST23674', 'HK.LIST24037', 'HK.LIST24062']"
HK.TCH261127P440000,HK.00700,TCH,2026-08-14 14:04:13,1786687453.0,BUY,26.2,300,786000.0,PUT,440.0,2026-11-27,1795708800.0,68,441.0,0.226,26.0,26.2,30.517,1145,863,1.32676,-0.441382965,0.005589688,0.929628903,-0.116607171,-0.509493777,BEARISH,['NORMAL'],SINGLE_LEG,N/A,N/A,N/A,['HK.LIST23363'],"['HK.LIST1161', 'HK.LIST1190', 'HK.LIST1191', 'HK.LIST1208', 'HK.LIST1289', 'HK.LIST1305', 'HK.LIST1328', 'HK.LIST1351', 'HK.LIST22886', 'HK.LIST22928', 'HK.LIST23586', 'HK.LIST23589', 'HK.LIST24037', 'HK.LIST24062']"
HK.TCH261127P440000,HK.00700,TCH,2026-08-14 13:49:33,1786686573.0,BUY,27.0,300,810000.0,PUT,440.0,2026-11-27,1795708800.0,68,439.4,-0.136,26.79,27.0,30.62,1115,863,1.292,-0.449178259,0.005608357,0.929122292,-0.116729495,-0.516203655,BEARISH,['NORMAL'],SINGLE_LEG,N/A,N/A,N/A,['HK.LIST23363'],"['HK.LIST1161', 'HK.LIST1190', 'HK.LIST1191', 'HK.LIST1208', 'HK.LIST1289', 'HK.LIST1305', 'HK.LIST1328', 'HK.LIST1351', 'HK.LIST22886', 'HK.LIST22928', 'HK.LIST23586', 'HK.LIST23589', 'HK.LIST24037', 'HK.LIST24062']"
HK.CLI261029P27000,HK.02628,CLI,2026-08-14 13:47:23,1786686443.0,BUY,1.87,400,748000.0,PUT,27.0,2026-10-29,1793203200.0,39,26.8,-0.746,1.85,1.87,38.241,1260,873,1.44329,-0.466122188,0.086134282,0.048548951,-0.010984459,-0.024753281,BEARISH,['NORMAL'],SINGLE_LEG,N/A,N/A,"[{'action_type': 7, 'action_time': '2026-10-08', 'action_timestamp': 1791388800.0}]",N/A,"['HK.LIST1287', 'HK.LIST1305', 'HK.LIST1348']"
HK.CLI261029P27000,HK.02628,CLI,2026-08-14 13:45:06,1786686306.0,BUY,1.88,400,752000.0,PUT,27.0,2026-10-29,1793203200.0,39,26.84,-0.596,1.84,1.9,38.447,610,873,0.69873,-0.465923323,0.085660209,0.04854855,-0.01104906,-0.02477136,BEARISH,['NORMAL'],SINGLE_LEG,N/A,N/A,"[{'action_type': 7, 'action_time': '2026-10-08', 'action_timestamp': 1791388800.0}]",N/A,"['HK.LIST1287', 'HK.LIST1305', 'HK.LIST1348']"
HK.CLI261029P27000,HK.02628,CLI,2026-08-14 13:42:36,1786686156.0,BUY,1.86,400,744000.0,PUT,27.0,2026-10-29,1793203200.0,39,26.84,-0.596,1.84,1.86,38.226,460,873,0.52691,-0.464413031,0.08605901,0.048568937,-0.010987517,-0.024687848,BEARISH,['NORMAL'],SINGLE_LEG,N/A,N/A,"[{'action_type': 7, 'action_time': '2026-10-08', 'action_timestamp': 1791388800.0}]",N/A,"['HK.LIST1287', 'HK.LIST1305', 'HK.LIST1348']"
HK.CTC261230P4500,HK.00728,CTC,2026-08-14 13:28:35,1786685315.0,BUY,0.23,1000,460000.0,PUT,4.5,2026-12-30,1798560000.0,101,4.705,4.357,0.22,0.23,29.873,162,8658,0.01871,-0.345149017,0.433958145,0.010624018,-0.000993012,-0.005658842,BEARISH,['NORMAL'],SINGLE_LEG,N/A,N/A,"[{'action_type': 7, 'action_time': '2026-09-02', 'action_timestamp': 1788278400.0}]",['HK.LIST1054'],"['HK.LIST1176', 'HK.LIST1214', 'HK.LIST1305', 'HK.LIST1344', 'HK.LIST1348', 'HK.LIST22928', 'HK.LIST23586', 'HK.LIST23589']"
HK.ALB261127P120000,HK.09988,ALB,2026-08-14 13:17:27,1786684647.0,BUY,10.55,250,1318750.0,PUT,120.0,2026-11-27,1795708800.0,68,119.1,-0.755,10.46,10.55,41.837,719,1806,0.39811,-0.453586331,0.015070189,0.252541728,-0.044821983,-0.151392439,BEARISH,['NORMAL'],SINGLE_LEG,N/A,N/A,N/A,['HK.LIST23361'],"['HK.LIST1161', 'HK.LIST1191', 'HK.LIST1287', 'HK.LIST1289', 'HK.LIST1304', 'HK.LIST1328', 'HK.LIST22886', 'HK.LIST22928', 'HK.LIST23586', 'HK.LIST23589', 'HK.LIST23593', 'HK.LIST23674', 'HK.LIST24037', 'HK.LIST24062']"
HK.CPI270629P23000,HK.02601,CPI,2026-08-14 11:17:19,1786677439.0,BUY,1.36,127,172720.0,PUT,23.0,2027-06-29,1814198400.0,282,28.3,18.727,1.21,1.36,37.274,127,56,2.26785,-0.197159314,0.028498856,0.073356848,-0.003704547,-0.048147195,BEARISH,['NORMAL'],SINGLE_LEG,N/A,N/A,"[{'action_type': 7, 'action_time': '2026-09-08', 'action_timestamp': 1788796800.0}]",N/A,"['HK.LIST1287', 'HK.LIST1305']"
HK.BIU261127P97500,HK.09888,BIU,2026-08-14 11:09:05,1786676945.0,BUY,7.48,250,280500.0,PUT,97.5,2026-11-27,1795708800.0,68,101.3,3.751,7.37,7.5,45.563,262,15,17.46666,-0.376007345,0.015473496,0.206049995,-0.040694837,-0.109935013,BEARISH,['NORMAL'],SINGLE_LEG,N/A,N/A,N/A,['HK.LIST23360'],"['HK.LIST1304', 'HK.LIST22886', 'HK.LIST23586', 'HK.LIST23589', 'HK.LIST24037', 'HK.LIST24062']"
HK.MET260929P82500,HK.03690,MET,2026-08-14 11:04:38,1786676678.0,BUY,3.0,452,678000.0,PUT,82.5,2026-09-29,1790611200.0,9,87.2,5.389,2.96,3.0,42.86,628,9603,0.06539,-0.317158358,0.026859491,0.110568367,-0.04866857,-0.034285269,BEARISH,['NORMAL'],SINGLE_LEG,N/A,N/A,N/A,['HK.LIST23361'],"['HK.LIST1305', 'HK.LIST1998', 'HK.LIST22886', 'HK.LIST22928', 'HK.LIST23586', 'HK.LIST24037', 'HK.LIST24062']"
HK.POP260929P152500,HK.09992,POP,2026-08-14 10:56:32,1786676192.0,BUY,8.58,1000,1716000.0,PUT,152.5,2026-09-29,1790611200.0,9,154.3,1.166,8.52,8.58,45.079,1060,2613,0.40566,-0.425718495,0.015916448,0.215257714,-0.098748098,-0.081661364,BEARISH,['NORMAL'],SINGLE_LEG,N/A,N/A,N/A,['HK.LIST1047'],"['HK.LIST1328', 'HK.LIST23676']"
HK.JDC260929P125000,HK.09618,JDC,2026-08-14 10:08:25,1786673305.0,BUY,14.5,545,3951250.0,PUT,125.0,2026-09-29,1790611200.0,9,111.3,-12.309,12.99,14.5,27.194,577,2583,0.22338,-0.881871189,0.024091453,0.075375961,-0.016297099,-0.069869765,BEARISH,['NORMAL'],SINGLE_LEG,N/A,N/A,N/A,['HK.LIST23361'],"['HK.LIST1161', 'HK.LIST1304', 'HK.LIST22886', 'HK.LIST23586', 'HK.LIST23674', 'HK.LIST24037', 'HK.LIST24062']"
HK.CPI270330P29000,HK.02601,CPI,2026-08-13 15:31:05,1786606265.0,BUY,2.91,115,334650.0,PUT,29.0,2027-03-30,1806336000.0,191,28.68,-1.115,2.85,2.91,33.514,177,3671,0.04821,-0.438143119,0.053954364,0.088942927,-0.005290501,-0.072708631,BEARISH,['NORMAL'],SINGLE_LEG,N/A,N/A,"[{'action_type': 7, 'action_time': '2026-09-08', 'action_timestamp': 1788796800.0}]",N/A,"['HK.LIST1287', 'HK.LIST1305']"
HK.ALH260929P3600,HK.00241,ALH,2026-08-13 14:33:05,1786602785.0,BUY,0.37,250,185000.0,PUT,3.6,2026-09-29,1790611200.0,9,3.33,-8.108,0.33,0.37,39.814,250,N/A,0.0,-0.675280481,0.778944862,0.004281488,-0.001604078,-0.00260672,BEARISH,['NORMAL'],SINGLE_LEG,N/A,N/A,N/A,['HK.LIST1357'],"['HK.LIST1110', 'HK.LIST1161', 'HK.LIST1251', 'HK.LIST1287', 'HK.LIST22886', 'HK.LIST23598', 'HK.LIST24037']"
HK.PEN261230P50000,HK.09868,PEN,2026-08-13 14:19:08,1786601948.0,BUY,8.63,250,431500.0,PUT,50.0,2026-12-30,1798560000.0,101,45.74,-9.313,8.6,8.65,57.161,250,2630,0.09505,-0.518979099,0.025286839,0.112220847,-0.020431437,-0.0962727,BEARISH,['NORMAL'],SINGLE_LEG,N/A,N/A,N/A,['HK.LIST1040'],"['HK.LIST1217', 'HK.LIST1304', 'HK.LIST22910', 'HK.LIST23589', 'HK.LIST23593', 'HK.LIST23676']"
HK.TCH260929P480000,HK.00700,TCH,2026-08-13 13:59:31,1786600771.0,BUY,43.5,350,1522500.0,PUT,480.0,2026-09-29,1790611200.0,9,442.2,-8.548,42.2,43.5,31.185,636,12903,0.04929,-0.742343409,0.006946162,0.508070133,-0.140824284,-0.340075344,BEARISH,['NORMAL'],SINGLE_LEG,N/A,N/A,N/A,['HK.LIST23363'],"['HK.LIST1161', 'HK.LIST1190', 'HK.LIST1191', 'HK.LIST1208', 'HK.LIST1289', 'HK.LIST1305', 'HK.LIST1328', 'HK.LIST1351', 'HK.LIST22886', 'HK.LIST22928', 'HK.LIST23586', 'HK.LIST23589', 'HK.LIST24037', 'HK.LIST24062']"
HK.PEN261230P49000,HK.09868,PEN,2026-08-13 13:50:19,1786600219.0,BUY,7.92,250,396000.0,PUT,49.0,2026-12-30,1798560000.0,101,45.86,-6.846,7.88,7.95,57.522,250,1056,0.23674,-0.492228738,0.025009246,0.112633784,-0.020777149,-0.092074864,BEARISH,['NORMAL'],SINGLE_LEG,N/A,N/A,N/A,['HK.LIST1040'],"['HK.LIST1217', 'HK.LIST1304', 'HK.LIST22910', 'HK.LIST23589', 'HK.LIST23593', 'HK.LIST23676']"
HK.CHU270330P5750,HK.00762,CHU,2026-08-13 13:14:03,1786598043.0,BUY,0.25,200,100000.0,PUT,5.75,2027-03-30,1806336000.0,191,6.285,8.512,0.24,0.25,26.939,200,250,0.8,-0.26912127,0.251462269,0.016358393,-0.000800301,-0.009654241,BEARISH,['NORMAL'],SINGLE_LEG,N/A,N/A,N/A,['HK.LIST1054'],"['HK.LIST1176', 'HK.LIST1180', 'HK.LIST1214', 'HK.LIST1305', 'HK.LIST1344', 'HK.LIST1348', 'HK.LIST22928', 'HK.LIST23586', 'HK.LIST23589']"
HK.TCH260929P460000,HK.00700,TCH,2026-08-13 11:11:24,1786590684.0,BUY,26.2,500,1310000.0,PUT,460.0,2026-09-29,1790611200.0,9,445.8,-3.185,25.93,26.2,30.221,727,17583,0.04134,-0.576809223,0.008263556,0.625542421,-0.177147689,-0.294586472,BEARISH,['NORMAL'],SINGLE_LEG,N/A,N/A,N/A,['HK.LIST23363'],"['HK.LIST1161', 'HK.LIST1190', 'HK.LIST1191', 'HK.LIST1208', 'HK.LIST1289', 'HK.LIST1305', 'HK.LIST1328', 'HK.LIST1351', 'HK.LIST22886', 'HK.LIST22928', 'HK.LIST23586', 'HK.LIST23589', 'HK.LIST24037', 'HK.LIST24062']"
HK.TCH260929P450000,HK.00700,TCH,2026-08-13 10:27:27,1786588047.0,BUY,20.0,1039,2078000.0,PUT,450.0,2026-09-29,1790611200.0,9,446.0,-0.896,19.88,20.0,29.663,492,18864,0.02608,-0.495817835,0.008507201,0.638357065,-0.180353441,-0.25902158,BEARISH,['NORMAL'],SINGLE_LEG,N/A,N/A,N/A,['HK.LIST23363'],"['HK.LIST1161', 'HK.LIST1190', 'HK.LIST1191', 'HK.LIST1208', 'HK.LIST1289', 'HK.LIST1305', 'HK.LIST1328', 'HK.LIST1351', 'HK.LIST22886', 'HK.LIST22928', 'HK.LIST23586', 'HK.LIST23589', 'HK.LIST24037', 'HK.LIST24062']"
HK.CPC261230P5000,HK.00386,CPC,2026-08-13 10:25:45,1786587945.0,BUY,0.91,450,819000.0,PUT,5.0,2026-12-30,1798560000.0,101,4.23,-18.203,0.85,0.91,38.366,450,1447,0.31098,-0.719177468,0.377001881,0.00865107,-0.000929636,-0.009515225,BEARISH,['NORMAL'],SINGLE_LEG,N/A,N/A,"[{'action_type': 7, 'action_time': '2026-09-21', 'action_timestamp': 1789920000.0}]",['HK.LIST1042'],"['HK.LIST1175', 'HK.LIST1205', 'HK.LIST1241', 'HK.LIST1305', 'HK.LIST1342', 'HK.LIST1344', 'HK.LIST1348', 'HK.LIST22928']"
HK.HKB260929P162500,HK.00005,HKB,2026-08-13 10:07:37,1786586857.0,BUY,5.0,750,1500000.0,PUT,162.5,2026-09-29,1790611200.0,9,161.8,-0.432,4.95,5.0,21.787,250,444,0.56306,-0.47727508,0.032008198,0.231224512,-0.046522828,-0.086639179,BEARISH,['NORMAL'],SINGLE_LEG,N/A,N/A,N/A,['HK.LIST1079'],"['HK.LIST1252', 'HK.LIST1305', 'HK.LIST23674']"
HK.CCE270629P10500,HK.01898,CCE,2026-08-13 10:02:43,1786586563.0,BUY,1.13,100,113000.0,PUT,10.5,2027-06-29,1814198400.0,282,10.82,2.957,1.03,1.13,35.178,100,21,4.7619,-0.369090104,0.109868907,0.038058943,-0.001689054,-0.033463191,BEARISH,['NORMAL'],SINGLE_LEG,N/A,N/A,"[{'action_type': 7, 'action_time': '2026-09-04', 'action_timestamp': 1788451200.0}]",['HK.LIST1044'],"['HK.LIST1216', 'HK.LIST1314', 'HK.LIST1344', 'HK.LIST1348', 'HK.LIST22928']"
HK.PAI261127P52500,HK.02318,PAI,2026-08-13 09:42:37,1786585357.0,BUY,1.84,255,234600.0,PUT,52.5,2026-11-27,1795708800.0,68,55.4,5.234,1.75,1.84,27.993,165,261,0.63218,-0.308529094,0.042563964,0.105010713,-0.012204351,-0.045686337,BEARISH,['NORMAL'],SINGLE_LEG,N/A,N/A,"[{'action_type': 7, 'action_time': '2026-09-02', 'action_timestamp': 1788278400.0}]",['HK.LIST1003'],"['HK.LIST1110', 'HK.LIST1178', 'HK.LIST1305']"
HK.TCH261029P450000,HK.00700,TCH,2026-08-13 09:42:21,1786585341.0,BUY,22.6,928,2097280.0,PUT,450.0,2026-10-29,1793203200.0,39,451.2,0.265,22.08,22.6,29.871,1021,3446,0.29628,-0.446444728,0.006491177,0.817701,-0.139232264,-0.387503423,BEARISH,['NORMAL'],SINGLE_LEG,N/A,N/A,N/A,['HK.LIST23363'],"['HK.LIST1161', 'HK.LIST1190', 'HK.LIST1191', 'HK.LIST1208', 'HK.LIST1289', 'HK.LIST1305', 'HK.LIST1328', 'HK.LIST1351', 'HK.LIST22886', 'HK.LIST22928', 'HK.LIST23586', 'HK.LIST23589', 'HK.LIST24037', 'HK.LIST24062']"
HK.TCH261029P450000,HK.00700,TCH,2026-08-12 15:50:00,1786521000.0,BUY,20.41,400,816400.0,PUT,450.0,2026-10-29,1793203200.0,39,459.8,2.131,20.32,20.41,31.626,1592,1885,0.84456,-0.396001749,0.005808919,0.816434145,-0.148190047,-0.360735392,BEARISH,['NORMAL'],SINGLE_LEG,N/A,N/A,N/A,['HK.LIST23363'],"['HK.LIST1161', 'HK.LIST1190', 'HK.LIST1191', 'HK.LIST1208', 'HK.LIST1289', 'HK.LIST1305', 'HK.LIST1328', 'HK.LIST1351', 'HK.LIST22886', 'HK.LIST22928', 'HK.LIST23586', 'HK.LIST23589', 'HK.LIST24037', 'HK.LIST24062']"
HK.GLX260929P32000,HK.00027,GLX,2026-08-12 15:45:25,1786520725.0,BUY,0.8,400,320000.0,PUT,32.0,2026-09-29,1790611200.0,9,34.0,5.882,0.79,0.8,34.465,849,1300,0.65307,-0.279655804,0.079473316,0.04143684,-0.013981432,-0.011893154,BEARISH,['NORMAL'],SINGLE_LEG,N/A,N/A,"[{'action_type': 7, 'action_time': '2026-08-25', 'action_timestamp': 1787587200.0}]",['HK.LIST1069'],"['HK.LIST1305', 'HK.LIST22913']"
HK.MIU260929P26000,HK.01810,MIU,2026-08-12 15:45:18,1786520718.0,BUY,1.44,274,394560.0,PUT,26.0,2026-09-29,1790611200.0,9,26.26,0.99,1.42,1.44,42.891,1928,7558,0.25509,-0.430884044,0.096789023,0.037404014,-0.015631416,-0.014484073,BEARISH,['NORMAL'],SINGLE_LEG,N/A,N/A,N/A,['HK.LIST1055'],"['HK.LIST1161', 'HK.LIST1166', 'HK.LIST1217', 'HK.LIST1305', 'HK.LIST1328', 'HK.LIST1331', 'HK.LIST1351', 'HK.LIST22886', 'HK.LIST22910', 'HK.LIST22928', 'HK.LIST23586', 'HK.LIST23589', 'HK.LIST23593', 'HK.LIST23676', 'HK.LIST24037', 'HK.LIST24062']"
HK.ALB261230P95000,HK.09988,ALB,2026-08-12 15:25:18,1786519518.0,BUY,2.51,250,313750.0,PUT,95.0,2026-12-30,1798560000.0,101,122.3,22.322,2.5,2.51,43.948,254,11340,0.02239,-0.132196148,0.006440452,0.162127493,-0.023770668,-0.061228068,BEARISH,['NORMAL'],SINGLE_LEG,N/A,N/A,N/A,['HK.LIST23361'],"['HK.LIST1161', 'HK.LIST1191', 'HK.LIST1287', 'HK.LIST1289', 'HK.LIST1304', 'HK.LIST1328', 'HK.LIST22886', 'HK.LIST22928', 'HK.LIST23586', 'HK.LIST23589', 'HK.LIST23593', 'HK.LIST23674', 'HK.LIST24037', 'HK.LIST24062']"
HK.TCH261029P450000,HK.00700,TCH,2026-08-12 15:13:19,1786518799.0,BUY,21.06,400,842400.0,PUT,450.0,2026-10-29,1793203200.0,39,458.6,1.875,20.89,21.06,31.922,1162,1885,0.61644,-0.402190388,0.005791919,0.81812456,-0.149782793,-0.365925747,BEARISH,['NORMAL'],SINGLE_LEG,N/A,N/A,N/A,['HK.LIST23363'],"['HK.LIST1161', 'HK.LIST1190', 'HK.LIST1191', 'HK.LIST1208', 'HK.LIST1289', 'HK.LIST1305', 'HK.LIST1328', 'HK.LIST1351', 'HK.LIST22886', 'HK.LIST22928', 'HK.LIST23586', 'HK.LIST23589', 'HK.LIST24037', 'HK.LIST24062']"
HK.PEN261230P50000,HK.09868,PEN,2026-08-12 15:00:11,1786518011.0,BUY,8.73,250,436500.0,PUT,50.0,2026-12-30,1798560000.0,101,45.86,-9.027,8.7,8.73,58.993,500,2539,0.19692,-0.510811121,0.02434754,0.112975585,-0.021167718,-0.096879383,BEARISH,['NORMAL'],SINGLE_LEG,N/A,N/A,N/A,['HK.LIST1040'],"['HK.LIST1217', 'HK.LIST1304', 'HK.LIST22910', 'HK.LIST23589', 'HK.LIST23593', 'HK.LIST23676']"
HK.KSO261127P27000,HK.03888,KSO,2026-08-12 13:47:03,1786513623.0,BUY,2.33,120,279600.0,PUT,27.0,2026-11-27,1795708800.0,68,27.48,1.746,2.23,2.33,45.981,120,N/A,0.0,-0.401544063,0.056928257,0.057707147,-0.011243883,-0.032586049,BEARISH,['NORMAL'],SINGLE_LEG,N/A,N/A,N/A,['HK.LIST1100'],"['HK.LIST1190', 'HK.LIST1191', 'HK.LIST1192', 'HK.LIST1208', 'HK.LIST1289', 'HK.LIST1331', 'HK.LIST23586', 'HK.LIST24037']"
HK.LEN261029P28000,HK.00992,LEN,2026-08-12 11:08:08,1786504088.0,BUY,2.98,200,1192000.0,PUT,28.0,2026-10-29,1793203200.0,39,28.9,3.114,2.96,2.98,68.237,578,18,32.11111,-0.389743046,0.042263784,0.051283917,-0.021147574,-0.026343314,BEARISH,['NORMAL'],SINGLE_LEG,N/A,N/A,N/A,N/A,"['HK.LIST1166', 'HK.LIST1348', 'HK.LIST23586', 'HK.LIST23699', 'HK.LIST24242']"
HK.TCH261029P470000,HK.00700,TCH,2026-08-12 11:05:59,1786503959.0,BUY,33.0,300,990000.0,PUT,470.0,2026-10-29,1793203200.0,39,456.2,-3.024,32.68,33.0,32.18,950,3667,0.25906,-0.533284828,0.006003873,0.835821367,-0.149344307,-0.4691078,BEARISH,['NORMAL'],SINGLE_LEG,N/A,N/A,N/A,['HK.LIST23363'],"['HK.LIST1161', 'HK.LIST1190', 'HK.LIST1191', 'HK.LIST1208', 'HK.LIST1289', 'HK.LIST1305', 'HK.LIST1328', 'HK.LIST1351', 'HK.LIST22886', 'HK.LIST22928', 'HK.LIST23586', 'HK.LIST23589', 'HK.LIST24037', 'HK.LIST24062']"
HK.WXB260929P48000,HK.02269,WXB,2026-08-12 10:35:56,1786502156.0,BUY,4.67,100,233500.0,PUT,48.0,2026-09-29,1790611200.0,9,45.88,-4.62,4.65,4.67,54.673,100,23,4.34782,-0.548373318,0.043988868,0.065771381,-0.03479834,-0.033340281,BEARISH,['NORMAL'],SINGLE_LEG,N/A,N/A,N/A,['HK.LIST24340'],"['HK.LIST1261', 'HK.LIST1305', 'HK.LIST22911', 'HK.LIST23598', 'HK.LIST23675']"
HK.LNK261230P35000,HK.00823,LNK,2026-08-12 09:44:53,1786499093.0,BUY,0.75,200,150000.0,PUT,35.0,2026-12-30,1798560000.0,101,38.36,8.759,0.72,0.75,23.59,200,467,0.42826,-0.214584106,0.052595197,0.069190296,-0.005045934,-0.028436782,BEARISH,['NORMAL'],SINGLE_LEG,N/A,N/A,N/A,N/A,N/A
HK.ZJG261029P135000,HK.02259,ZJG,2026-08-12 09:40:45,1786498845.0,BUY,15.45,100,309000.0,PUT,135.0,2026-10-29,1793203200.0,39,136.7,1.243,15.02,15.45,67.065,100,1,100.0,-0.409311642,0.009178784,0.246697953,-0.099590357,-0.130943712,BEARISH,['NORMAL'],SINGLE_LEG,N/A,N/A,"[{'action_type': 7, 'action_time': '2026-08-27', 'action_timestamp': 1787760000.0}]",['HK.LIST1084'],"['HK.LIST1222', 'HK.LIST1312']"
HK.CPC261230P5000,HK.00386,CPC,2026-08-11 15:50:02,1786434602.0,BUY,0.84,515,865200.0,PUT,5.0,2026-12-30,1798560000.0,101,4.31,-16.009,0.78,0.84,36.695,515,1317,0.39104,-0.699890726,0.393206436,0.009159621,-0.000931012,-0.009586043,BEARISH,['NORMAL'],SINGLE_LEG,N/A,N/A,"[{'action_type': 7, 'action_time': '2026-09-21', 'action_timestamp': 1789920000.0}]",['HK.LIST1042'],"['HK.LIST1175', 'HK.LIST1205', 'HK.LIST1241', 'HK.LIST1305', 'HK.LIST1342', 'HK.LIST1344', 'HK.LIST1348', 'HK.LIST22928']"
HK.NBM261029P4300,HK.03323,NBM,2026-08-11 14:31:54,1786429914.0,BUY,0.61,200,244000.0,PUT,4.3,2026-10-29,1793203200.0,39,4.005,-7.365,0.58,0.62,59.951,1047,24,43.625,-0.535545866,0.360178015,0.007402491,-0.002576789,-0.004880989,BEARISH,['NORMAL'],SINGLE_LEG,N/A,N/A,N/A,N/A,"['HK.LIST1242', 'HK.LIST1314', 'HK.LIST1344', 'HK.LIST1348', 'HK.LIST24125']"
HK.NBM261029P4300,HK.03323,NBM,2026-08-11 14:30:53,1786429853.0,BUY,0.61,200,244000.0,PUT,4.3,2026-10-29,1793203200.0,39,4.01,-7.231,0.58,0.62,59.951,847,24,35.29166,-0.535545866,0.360178015,0.007402491,-0.002576789,-0.004880989,BEARISH,['NORMAL'],SINGLE_LEG,N/A,N/A,N/A,N/A,"['HK.LIST1242', 'HK.LIST1314', 'HK.LIST1344', 'HK.LIST1348', 'HK.LIST24125']"
HK.NBM261029P4300,HK.03323,NBM,2026-08-11 14:29:22,1786429762.0,BUY,0.61,176,214720.0,PUT,4.3,2026-10-29,1793203200.0,39,4.01,-7.231,0.58,0.61,58.911,518,24,21.58333,-0.539977157,0.366815544,0.007384729,-0.002520923,-0.004887481,BEARISH,['NORMAL'],SINGLE_LEG,N/A,N/A,N/A,N/A,"['HK.LIST1242', 'HK.LIST1314', 'HK.LIST1344', 'HK.LIST1348', 'HK.LIST24125']"
HK.NBM261029P4300,HK.03323,NBM,2026-08-11 14:27:10,1786429630.0,BUY,0.61,121,147620.0,PUT,4.3,2026-10-29,1793203200.0,39,4.005,-7.365,0.58,0.61,58.91,393,24,16.375,-0.539976545,0.366814969,0.007384859,-0.002520833,-0.004887633,BEARISH,['NORMAL'],SINGLE_LEG,N/A,N/A,N/A,N/A,"['HK.LIST1242', 'HK.LIST1314', 'HK.LIST1344', 'HK.LIST1348', 'HK.LIST24125']"
HK.NBM261029P4300,HK.03323,NBM,2026-08-11 14:25:12,1786429512.0,BUY,0.61,200,244000.0,PUT,4.3,2026-10-29,1793203200.0,39,4.005,-7.365,0.58,0.61,58.91,200,24,8.33333,-0.539976545,0.366814969,0.007384859,-0.002520833,-0.004887633,BEARISH,['NORMAL'],SINGLE_LEG,N/A,N/A,N/A,N/A,"['HK.LIST1242', 'HK.LIST1314', 'HK.LIST1344', 'HK.LIST1348', 'HK.LIST24125']"
HK.NWD270629P4700,HK.00017,NWD,2026-08-11 13:35:03,1786426503.0,BUY,0.63,259,163170.0,PUT,4.7,2027-06-29,1814198400.0,282,6.935,32.227,0.54,0.63,70.834,62,10,6.2,-0.168584765,0.054959865,0.01640914,-0.001656344,-0.012453889,BEARISH,['NORMAL'],SINGLE_LEG,2026-09-30,2,N/A,['HK.LIST1019'],N/A
HK.CHU261127P6500,HK.00762,CHU,2026-08-11 11:00:41,1786417241.0,BUY,0.53,174,184440.0,PUT,6.5,2026-11-27,1795708800.0,68,6.375,-1.96,0.51,0.53,35.176,174,541,0.32162,-0.484927188,0.334662189,0.013776752,-0.001941335,-0.008499,BEARISH,['NORMAL'],SINGLE_LEG,N/A,N/A,N/A,['HK.LIST1054'],"['HK.LIST1176', 'HK.LIST1180', 'HK.LIST1214', 'HK.LIST1305', 'HK.LIST1344', 'HK.LIST1348', 'HK.LIST22928', 'HK.LIST23586', 'HK.LIST23589']"
HK.PEC261127P9500,HK.00857,PEC,2026-08-11 10:47:05,1786416425.0,BUY,0.68,100,136000.0,PUT,9.5,2026-11-27,1795708800.0,68,9.685,1.91,0.65,0.68,38.719,100,150,0.66666,-0.403172657,0.192152163,0.020383549,-0.003256897,-0.011167676,BEARISH,['NORMAL'],SINGLE_LEG,N/A,N/A,"[{'action_type': 7, 'action_time': '2026-09-10', 'action_timestamp': 1788969600.0}]",['HK.LIST1042'],"['HK.LIST1175', 'HK.LIST1205', 'HK.LIST1241', 'HK.LIST1305', 'HK.LIST1344', 'HK.LIST1348', 'HK.LIST1362', 'HK.LIST22928']"
HK.KSO270330P29000,HK.03888,KSO,2026-08-11 10:41:57,1786416117.0,BUY,4.03,120,483600.0,PUT,29.0,2027-03-30,1806336000.0,191,28.5,-1.754,3.94,4.03,44.953,122,N/A,0.0,-0.42801785,0.039634311,0.088755473,-0.007328043,-0.078477006,BEARISH,['NORMAL'],SINGLE_LEG,N/A,N/A,N/A,['HK.LIST1100'],"['HK.LIST1190', 'HK.LIST1191', 'HK.LIST1192', 'HK.LIST1208', 'HK.LIST1289', 'HK.LIST1331', 'HK.LIST23586', 'HK.LIST24037']"
HK.PEC261029P9500,HK.00857,PEC,2026-08-11 09:55:12,1786413312.0,BUY,0.52,123,127920.0,PUT,9.5,2026-10-29,1793203200.0,39,9.835,3.406,0.5,0.52,38.936,123,344,0.35755,-0.373238135,0.214021793,0.017330058,-0.003895415,-0.007698986,BEARISH,['NORMAL'],SINGLE_LEG,N/A,N/A,"[{'action_type': 7, 'action_time': '2026-09-10', 'action_timestamp': 1788969600.0}]",['HK.LIST1042'],"['HK.LIST1175', 'HK.LIST1205', 'HK.LIST1241', 'HK.LIST1305', 'HK.LIST1344', 'HK.LIST1348', 'HK.LIST1362', 'HK.LIST22928']"
HK.PEC261230P9000,HK.00857,PEC,2026-08-11 09:52:06,1786413126.0,BUY,0.43,130,111800.0,PUT,9.0,2026-12-30,1798560000.0,101,9.875,8.86,0.41,0.43,35.529,130,3484,0.03731,-0.277646976,0.15511017,0.020560229,-0.002311538,-0.010191858,BEARISH,['NORMAL'],SINGLE_LEG,N/A,N/A,"[{'action_type': 7, 'action_time': '2026-09-10', 'action_timestamp': 1788969600.0}]",['HK.LIST1042'],"['HK.LIST1175', 'HK.LIST1205', 'HK.LIST1241', 'HK.LIST1305', 'HK.LIST1344', 'HK.LIST1348', 'HK.LIST1362', 'HK.LIST22928']"
HK.BOM270330P165000,HK.06160,BOM,2026-08-11 09:48:08,1786412888.0,BUY,7.0,100,140000.0,PUT,165.0,2027-03-30,1806336000.0,191,220.6,25.203,7.0,N/A,45.924,100,100,1.0,-0.149608063,0.00289921,0.40880348,-0.037067108,-0.212856092,BEARISH,['NORMAL'],SINGLE_LEG,N/A,N/A,N/A,['HK.LIST1050'],"['HK.LIST1304', 'HK.LIST1305', 'HK.LIST22911', 'HK.LIST23675']"
HK.XCC270629P9000,HK.00939,XCC,2026-08-10 15:58:06,1786348686.0,BUY,0.76,545,414200.0,PUT,9.0,2027-06-29,1814198400.0,282,8.875,-1.408,0.754,0.76,24.636,545,732,0.74453,-0.442318361,0.208697868,0.032415884,-0.000894461,-0.028719826,BEARISH,['NORMAL'],SINGLE_LEG,N/A,N/A,N/A,['HK.LIST1079'],"['HK.LIST1239', 'HK.LIST1305', 'HK.LIST1344', 'HK.LIST1348']"
HK.LAO261230P400000,HK.06181,LAO,2026-08-10 15:55:40,1786348540.0,BUY,83.44,100,834400.0,PUT,400.0,2026-12-30,1798560000.0,101,394.6,-1.368,83.25,83.45,86.672,100,296,0.33783,-0.392222222,0.001812284,0.949331164,-0.269614297,-0.759760685,BEARISH,['NORMAL'],SINGLE_LEG,N/A,N/A,"[{'action_type': 7, 'action_time': '2026-11-27', 'action_timestamp': 1795708800.0}]",['HK.LIST1049'],['HK.LIST23676']
HK.NWD261230P7250,HK.00017,NWD,2026-08-10 15:39:22,1786347562.0,BUY,1.06,430,455800.0,PUT,7.25,2026-12-30,1798560000.0,101,7.1,-2.112,1.03,1.06,58.062,1124,102,11.0196,-0.439540938,0.155931475,0.017419976,-0.003211505,-0.013101878,BEARISH,['NORMAL'],SINGLE_LEG,2026-09-30,2,N/A,['HK.LIST1019'],N/A
HK.CSP261230P6750,HK.01093,CSP,2026-08-10 15:09:15,1786345755.0,BUY,0.28,200,112000.0,PUT,6.75,2026-12-30,1798560000.0,101,8.64,21.875,0.26,0.28,50.341,200,501,0.3992,-0.162102723,0.090738962,0.01321884,-0.002193625,-0.005562519,BEARISH,['NORMAL'],SINGLE_LEG,N/A,N/A,"[{'action_type': 7, 'action_time': '2026-10-20', 'action_timestamp': 1792425600.0}]",['HK.LIST1067'],['HK.LIST23675']
HK.MIU260929P27000,HK.01810,MIU,2026-08-10 13:47:44,1786340864.0,BUY,1.47,807,1186290.0,PUT,27.0,2026-09-29,1790611200.0,9,27.58,2.102,1.43,1.47,45.187,1304,10592,0.12311,-0.404373237,0.084351196,0.03956975,-0.016776216,-0.01506711,BEARISH,['NORMAL'],SINGLE_LEG,N/A,N/A,N/A,['HK.LIST1055'],"['HK.LIST1161', 'HK.LIST1166', 'HK.LIST1217', 'HK.LIST1305', 'HK.LIST1328', 'HK.LIST1331', 'HK.LIST1351', 'HK.LIST22886', 'HK.LIST22910', 'HK.LIST22928', 'HK.LIST23586', 'HK.LIST23589', 'HK.LIST23593', 'HK.LIST23676', 'HK.LIST24037', 'HK.LIST24062']"
HK.NWD261230P7250,HK.00017,NWD,2026-08-10 13:42:31,1786340551.0,BUY,1.0,694,694000.0,PUT,7.25,2026-12-30,1798560000.0,101,7.24,-0.138,0.97,1.0,58.071,617,102,6.04901,-0.414243222,0.15021558,0.017623901,-0.00326415,-0.012655315,BEARISH,['NORMAL'],SINGLE_LEG,2026-09-30,2,N/A,['HK.LIST1019'],N/A
HK.PEC261029P9250,HK.00857,PEC,2026-08-10 13:28:08,1786339688.0,BUY,0.52,100,104000.0,PUT,9.25,2026-10-29,1793203200.0,39,9.565,3.293,0.5,0.52,39.254,727,295,2.4644,-0.379482932,0.218652712,0.0170056,-0.003809117,-0.007690635,BEARISH,['NORMAL'],SINGLE_LEG,N/A,N/A,"[{'action_type': 7, 'action_time': '2026-09-10', 'action_timestamp': 1788969600.0}]",['HK.LIST1042'],"['HK.LIST1175', 'HK.LIST1205', 'HK.LIST1241', 'HK.LIST1305', 'HK.LIST1344', 'HK.LIST1348', 'HK.LIST1362', 'HK.LIST22928']"
HK.MIU260929P26000,HK.01810,MIU,2026-08-10 13:14:03,1786338843.0,BUY,1.19,623,741370.0,PUT,26.0,2026-09-29,1790611200.0,9,27.16,4.27,1.17,1.2,45.38,649,6297,0.10306,-0.353585178,0.081706517,0.037408681,-0.01601499,-0.013022132,BEARISH,['NORMAL'],SINGLE_LEG,N/A,N/A,N/A,['HK.LIST1055'],"['HK.LIST1161', 'HK.LIST1166', 'HK.LIST1217', 'HK.LIST1305', 'HK.LIST1328', 'HK.LIST1331', 'HK.LIST1351', 'HK.LIST22886', 'HK.LIST22910', 'HK.LIST22928', 'HK.LIST23586', 'HK.LIST23589', 'HK.LIST23593', 'HK.LIST23676', 'HK.LIST24037', 'HK.LIST24062']"
HK.PEC261127P9250,HK.00857,PEC,2026-08-10 13:07:36,1786338456.0,BUY,0.59,100,118000.0,PUT,9.25,2026-11-27,1795708800.0,68,9.57,3.343,0.57,0.59,38.176,320,61,5.2459,-0.375477649,0.192135259,0.019823227,-0.003108995,-0.010368287,BEARISH,['NORMAL'],SINGLE_LEG,N/A,N/A,"[{'action_type': 7, 'action_time': '2026-09-10', 'action_timestamp': 1788969600.0}]",['HK.LIST1042'],"['HK.LIST1175', 'HK.LIST1205', 'HK.LIST1241', 'HK.LIST1305', 'HK.LIST1344', 'HK.LIST1348', 'HK.LIST1362', 'HK.LIST22928']"
HK.MIU261029P24000,HK.01810,MIU,2026-08-10 12:00:00,1786334400.0,BUY,0.82,500,410000.0,PUT,24.0,2026-10-29,1793203200.0,39,27.3,12.087,0.8,0.82,44.469,845,1614,0.52354,-0.226063095,0.053110359,0.038386041,-0.010024993,-0.0134007,BEARISH,['NORMAL'],SINGLE_LEG,N/A,N/A,N/A,['HK.LIST1055'],"['HK.LIST1161', 'HK.LIST1166', 'HK.LIST1217', 'HK.LIST1305', 'HK.LIST1328', 'HK.LIST1331', 'HK.LIST1351', 'HK.LIST22886', 'HK.LIST22910', 'HK.LIST22928', 'HK.LIST23586', 'HK.LIST23589', 'HK.LIST23593', 'HK.LIST23676', 'HK.LIST24037', 'HK.LIST24062']"
HK.HEX260929P400000,HK.00388,HEX,2026-08-10 10:13:52,1786328032.0,BUY,8.8,430,378400.0,PUT,400.0,2026-09-29,1790611200.0,9,413.8,3.334,8.69,8.8,25.812,767,4937,0.15535,-0.32447413,0.009142838,0.551265166,-0.129290462,-0.168924861,BEARISH,['NORMAL'],SINGLE_LEG,2026-11-06,0,"[{'action_type': 7, 'action_time': '2026-09-01', 'action_timestamp': 1788192000.0}]",N/A,['HK.LIST1305']
HK.PEC270330P9250,HK.00857,PEC,2026-08-10 09:49:02,1786326542.0,BUY,0.85,100,170000.0,PUT,9.25,2027-03-30,1806336000.0,191,9.515,2.785,0.82,0.85,35.867,100,1368,0.07309,-0.38021656,0.144034072,0.028761563,-0.001860126,-0.021994449,BEARISH,['NORMAL'],SINGLE_LEG,N/A,N/A,"[{'action_type': 7, 'action_time': '2026-09-10', 'action_timestamp': 1788969600.0}]",['HK.LIST1042'],"['HK.LIST1175', 'HK.LIST1205', 'HK.LIST1241', 'HK.LIST1305', 'HK.LIST1344', 'HK.LIST1348', 'HK.LIST1362', 'HK.LIST22928']"
HK.PEC261127P8750,HK.00857,PEC,2026-08-10 09:48:26,1786326506.0,BUY,0.39,388,302640.0,PUT,8.75,2026-11-27,1795708800.0,68,9.515,8.039,0.36,0.39,36.794,388,50,7.76,-0.282999806,0.177770265,0.017611477,-0.002698252,-0.007784335,BEARISH,['NORMAL'],SINGLE_LEG,N/A,N/A,"[{'action_type': 7, 'action_time': '2026-09-10', 'action_timestamp': 1788969600.0}]",['HK.LIST1042'],"['HK.LIST1175', 'HK.LIST1205', 'HK.LIST1241', 'HK.LIST1305', 'HK.LIST1344', 'HK.LIST1348', 'HK.LIST1362', 'HK.LIST22928']"
HK.PEC261029P9250,HK.00857,PEC,2026-08-10 09:44:57,1786326297.0,BUY,0.53,127,134620.0,PUT,9.25,2026-10-29,1793203200.0,39,9.545,3.09,0.5,0.53,39.097,127,295,0.4305,-0.380491981,0.219614021,0.017026889,-0.003791086,-0.007719584,BEARISH,['NORMAL'],SINGLE_LEG,N/A,N/A,"[{'action_type': 7, 'action_time': '2026-09-10', 'action_timestamp': 1788969600.0}]",['HK.LIST1042'],"['HK.LIST1175', 'HK.LIST1205', 'HK.LIST1241', 'HK.LIST1305', 'HK.LIST1344', 'HK.LIST1348', 'HK.LIST1362', 'HK.LIST22928']"
HK.PEC261230P8500,HK.00857,PEC,2026-08-10 09:42:08,1786326128.0,BUY,0.35,143,100100.0,PUT,8.5,2026-12-30,1798560000.0,101,9.53,10.807,0.32,0.35,35.093,143,1076,0.13289,-0.245741579,0.152188692,0.018687635,-0.002072509,-0.008750877,BEARISH,['NORMAL'],SINGLE_LEG,N/A,N/A,"[{'action_type': 7, 'action_time': '2026-09-10', 'action_timestamp': 1788969600.0}]",['HK.LIST1042'],"['HK.LIST1175', 'HK.LIST1205', 'HK.LIST1241', 'HK.LIST1305', 'HK.LIST1344', 'HK.LIST1348', 'HK.LIST1362', 'HK.LIST22928']"
HK.LEN260929P27000,HK.00992,LEN,2026-08-07 14:09:37,1786082977.0,BUY,2.96,210,1243200.0,PUT,27.0,2026-09-29,1790611200.0,9,27.16,0.589,2.95,2.96,77.05,375,484,0.77479,-0.426395958,0.049306401,0.040625642,-0.028289013,-0.018565878,BEARISH,['NORMAL'],SINGLE_LEG,N/A,N/A,N/A,N/A,"['HK.LIST1166', 'HK.LIST1348', 'HK.LIST23586', 'HK.LIST23699', 'HK.LIST24242']"
HK.TIC261029P142500,HK.00669,TIC,2026-08-07 14:04:02,1786082642.0,BUY,7.08,100,354000.0,PUT,142.5,2026-10-29,1793203200.0,39,147.3,3.258,7.05,7.08,35.928,138,7,19.71428,-0.373934754,0.01516128,0.265682336,-0.052109042,-0.119356088,BEARISH,['NORMAL'],SINGLE_LEG,N/A,N/A,"[{'action_type': 7, 'action_time': '2026-09-01', 'action_timestamp': 1788192000.0}]",N/A,N/A
HK.SNO260929P52500,HK.02382,SNO,2026-08-07 13:13:49,1786079629.0,BUY,1.95,100,195000.0,PUT,52.5,2026-09-29,1790611200.0,9,58.45,10.179,1.94,1.95,52.154,115,609,0.18883,-0.250412821,0.027363963,0.071003697,-0.033427613,-0.021519878,BEARISH,['NORMAL'],SINGLE_LEG,N/A,N/A,N/A,['HK.LIST1055'],"['HK.LIST1166', 'HK.LIST1328', 'HK.LIST1351', 'HK.LIST23589', 'HK.LIST23593', 'HK.LIST24024']"
HK.PEC270330P9250,HK.00857,PEC,2026-08-07 11:09:20,1786072160.0,BUY,0.85,100,170000.0,PUT,9.25,2027-03-30,1806336000.0,191,9.53,2.938,0.82,0.85,35.571,100,1268,0.07886,-0.37922112,0.144194261,0.028932436,-0.001828593,-0.022181209,BEARISH,['NORMAL'],SINGLE_LEG,N/A,N/A,"[{'action_type': 7, 'action_time': '2026-09-10', 'action_timestamp': 1788969600.0}]",['HK.LIST1042'],"['HK.LIST1175', 'HK.LIST1205', 'HK.LIST1241', 'HK.LIST1305', 'HK.LIST1344', 'HK.LIST1348', 'HK.LIST1362', 'HK.LIST22928']"
HK.PEC261127P8500,HK.00857,PEC,2026-08-06 15:58:20,1786003100.0,BUY,0.33,180,118800.0,PUT,8.5,2026-11-27,1795708800.0,68,9.375,9.333,0.32,0.33,35.878,750,38,19.73684,-0.259487219,0.174314482,0.016882862,-0.002439534,-0.007239631,BEARISH,['NORMAL'],SINGLE_LEG,N/A,N/A,"[{'action_type': 7, 'action_time': '2026-09-10', 'action_timestamp': 1788969600.0}]",['HK.LIST1042'],"['HK.LIST1175', 'HK.LIST1205', 'HK.LIST1241', 'HK.LIST1305', 'HK.LIST1344', 'HK.LIST1348', 'HK.LIST1362', 'HK.LIST22928']"
HK.PAI260929P65000,HK.02318,PAI,2026-08-06 15:36:28,1786001788.0,BUY,8.85,384,1699200.0,PUT,65.0,2026-09-29,1790611200.0,9,57.15,-13.735,7.49,8.85,32.346,384,13604,0.02822,-0.838058859,0.040367851,0.052691618,-0.012318963,-0.048676352,BEARISH,['NORMAL'],SINGLE_LEG,N/A,N/A,"[{'action_type': 7, 'action_time': '2026-09-02', 'action_timestamp': 1788278400.0}]",['HK.LIST1003'],"['HK.LIST1110', 'HK.LIST1178', 'HK.LIST1305']"
HK.TCH260929P420000,HK.00700,TCH,2026-08-06 15:15:17,1786000517.0,BUY,5.2,500,260000.0,PUT,420.0,2026-09-29,1790611200.0,9,480.6,12.609,5.12,5.2,36.334,659,8572,0.07687,-0.140623556,0.003324706,0.412795656,-0.13215218,-0.095248691,BEARISH,['NORMAL'],SINGLE_LEG,N/A,N/A,N/A,['HK.LIST23363'],"['HK.LIST1161', 'HK.LIST1190', 'HK.LIST1191', 'HK.LIST1208', 'HK.LIST1289', 'HK.LIST1305', 'HK.LIST1328', 'HK.LIST1351', 'HK.LIST22886', 'HK.LIST22928', 'HK.LIST23586', 'HK.LIST23589', 'HK.LIST24037', 'HK.LIST24062']"
HK.ALB261127P117500,HK.09988,ALB,2026-08-06 14:28:12,1785997692.0,BUY,8.44,800,3376000.0,PUT,117.5,2026-11-27,1795708800.0,68,123.8,5.088,8.4,8.44,44.405,848,529,1.60302,-0.353913913,0.01227594,0.255811892,-0.045744703,-0.135600263,BEARISH,['NORMAL'],SINGLE_LEG,N/A,N/A,N/A,['HK.LIST23361'],"['HK.LIST1161', 'HK.LIST1191', 'HK.LIST1287', 'HK.LIST1289', 'HK.LIST1304', 'HK.LIST1328', 'HK.LIST22886', 'HK.LIST22928', 'HK.LIST23586', 'HK.LIST23589', 'HK.LIST23593', 'HK.LIST23674', 'HK.LIST24037', 'HK.LIST24062']"
HK.PEC261029P9000,HK.00857,PEC,2026-08-06 10:05:13,1785981913.0,BUY,0.47,142,133480.0,PUT,9.0,2026-10-29,1793203200.0,39,9.43,4.559,0.45,0.47,38.992,142,542,0.26199,-0.351975913,0.212011085,0.016777593,-0.00355631,-0.007414954,BEARISH,['NORMAL'],SINGLE_LEG,N/A,N/A,"[{'action_type': 7, 'action_time': '2026-09-10', 'action_timestamp': 1788969600.0}]",['HK.LIST1042'],"['HK.LIST1175', 'HK.LIST1205', 'HK.LIST1241', 'HK.LIST1305', 'HK.LIST1344', 'HK.LIST1348', 'HK.LIST1362', 'HK.LIST22928']"
HK.PEC270330P9000,HK.00857,PEC,2026-08-06 09:52:25,1785981145.0,BUY,0.76,101,153520.0,PUT,9.0,2027-03-30,1806336000.0,191,9.445,4.711,0.74,0.77,35.493,101,178,0.56741,-0.350617996,0.140769956,0.028084288,-0.001777989,-0.02057143,BEARISH,['NORMAL'],SINGLE_LEG,N/A,N/A,"[{'action_type': 7, 'action_time': '2026-09-10', 'action_timestamp': 1788969600.0}]",['HK.LIST1042'],"['HK.LIST1175', 'HK.LIST1205', 'HK.LIST1241', 'HK.LIST1305', 'HK.LIST1344', 'HK.LIST1348', 'HK.LIST1362', 'HK.LIST22928']"
HK.CHU260929P6750,HK.00762,CHU,2026-08-06 09:43:29,1785980609.0,BUY,0.49,120,117600.0,PUT,6.75,2026-09-29,1790611200.0,9,6.6,-2.272,0.47,0.5,41.753,120,482,0.24896,-0.510697865,0.379642174,0.01013489,-0.00357729,-0.004805841,BEARISH,['NORMAL'],SINGLE_LEG,N/A,N/A,N/A,['HK.LIST1054'],"['HK.LIST1176', 'HK.LIST1180', 'HK.LIST1214', 'HK.LIST1305', 'HK.LIST1344', 'HK.LIST1348', 'HK.LIST22928', 'HK.LIST23586', 'HK.LIST23589']"
HK.PEN260929P47000,HK.09868,PEN,2026-08-05 14:03:27,1785909807.0,BUY,4.01,265,212530.0,PUT,47.0,2026-09-29,1790611200.0,9,47.04,0.085,3.97,4.01,57.206,241,402,0.5995,-0.444149771,0.037990109,0.072181161,-0.035394079,-0.032487513,BEARISH,['NORMAL'],SINGLE_LEG,N/A,N/A,N/A,['HK.LIST1040'],"['HK.LIST1217', 'HK.LIST1304', 'HK.LIST22910', 'HK.LIST23589', 'HK.LIST23593', 'HK.LIST23676']"
HK.PEC261230P8500,HK.00857,PEC,2026-08-05 11:09:28,1785899368.0,BUY,0.4,139,111200.0,PUT,8.5,2026-12-30,1798560000.0,101,9.42,9.766,0.39,0.4,36.081,139,912,0.15241,-0.266698219,0.153658075,0.019627889,-0.002154549,-0.009775522,BEARISH,['NORMAL'],SINGLE_LEG,N/A,N/A,"[{'action_type': 7, 'action_time': '2026-09-10', 'action_timestamp': 1788969600.0}]",['HK.LIST1042'],"['HK.LIST1175', 'HK.LIST1205', 'HK.LIST1241', 'HK.LIST1305', 'HK.LIST1344', 'HK.LIST1348', 'HK.LIST1362', 'HK.LIST22928']"
HK.HKB260929P157500,HK.00005,HKB,2026-08-05 09:33:38,1785893618.0,BUY,3.4,600,816000.0,PUT,157.5,2026-09-29,1790611200.0,9,163.5,3.669,3.21,3.4,25.331,200,654,0.30581,-0.300381203,0.021655997,0.221793225,-0.046303442,-0.068181406,BEARISH,['NORMAL'],SINGLE_LEG,N/A,N/A,"[{'action_type': 7, 'action_time': '2026-08-13', 'action_timestamp': 1786550400.0}]",['HK.LIST1079'],"['HK.LIST1252', 'HK.LIST1305', 'HK.LIST23674']"
HK.LAO270629P250000,HK.06181,LAO,2026-08-04 13:48:18,1785822498.0,BUY,53.0,100,530000.0,PUT,250.0,2027-06-29,1814198400.0,282,314.2,20.432,51.63,54.04,81.836,102,10,10.19999,-0.236576942,0.001278309,0.921490024,-0.104219327,-0.89679352,BEARISH,['NORMAL'],SINGLE_LEG,N/A,N/A,"[{'action_type': 7, 'action_time': '2026-11-27', 'action_timestamp': 1795708800.0}]",['HK.LIST1049'],['HK.LIST23676']
HK.HKB260929P147500,HK.00005,HKB,2026-08-04 11:59:03,1785815943.0,BUY,1.2,600,288000.0,PUT,147.5,2026-09-29,1790611200.0,9,167.4,11.887,1.14,1.2,29.675,200,415,0.48192,-0.116604549,0.010072329,0.12856219,-0.032062313,-0.027827082,BEARISH,['NORMAL'],SINGLE_LEG,N/A,N/A,"[{'action_type': 7, 'action_time': '2026-08-13', 'action_timestamp': 1786550400.0}]",['HK.LIST1079'],"['HK.LIST1252', 'HK.LIST1305', 'HK.LIST23674']"
HK.HKB260929P152500,HK.00005,HKB,2026-08-04 11:58:44,1785815924.0,BUY,1.85,598,442520.0,PUT,152.5,2026-09-29,1790611200.0,9,167.3,8.846,1.82,1.85,28.659,202,458,0.44104,-0.169906377,0.013444763,0.166276066,-0.039717325,-0.040773302,BEARISH,['NORMAL'],SINGLE_LEG,N/A,N/A,"[{'action_type': 7, 'action_time': '2026-08-13', 'action_timestamp': 1786550400.0}]",['HK.LIST1079'],"['HK.LIST1252', 'HK.LIST1305', 'HK.LIST23674']"
HK.PEC270330P8750,HK.00857,PEC,2026-08-04 09:42:54,1785807774.0,BUY,0.55,107,117700.0,PUT,8.75,2027-03-30,1806336000.0,191,9.71,9.886,0.53,0.55,34.526,214,1686,0.12692,-0.276630507,0.125485576,0.02622235,-0.001630301,-0.016877805,BEARISH,['NORMAL'],SINGLE_LEG,N/A,N/A,"[{'action_type': 7, 'action_time': '2026-09-10', 'action_timestamp': 1788969600.0}]",['HK.LIST1042'],"['HK.LIST1175', 'HK.LIST1205', 'HK.LIST1241', 'HK.LIST1305', 'HK.LIST1344', 'HK.LIST1348', 'HK.LIST1362', 'HK.LIST22928']"
HK.PIN260929P5500,HK.01339,PIN,2026-08-04 09:35:05,1785807305.0,BUY,0.32,109,174400.0,PUT,5.5,2026-09-29,1790611200.0,9,5.49,-0.182,0.24,0.33,34.854,109,685,0.15912,-0.458864867,0.533479775,0.008549492,-0.002411641,-0.00364063,BEARISH,['NORMAL'],SINGLE_LEG,N/A,N/A,N/A,['HK.LIST1003'],"['HK.LIST1344', 'HK.LIST1348']"
HK.MDG261230P95000,HK.00300,MDG,2026-08-03 14:33:11,1785738791.0,BUY,5.1,150,382500.0,PUT,95.0,2026-12-30,1798560000.0,101,97.35,2.413,5.04,5.1,27.647,150,165,0.90909,-0.383977086,0.022787776,0.23633992,-0.018426629,-0.137175094,BEARISH,['NORMAL'],SINGLE_LEG,N/A,N/A,N/A,N/A,"['HK.LIST1236', 'HK.LIST23593', 'HK.LIST24242']"
HK.JDH270330P40000,HK.06618,JDH,2026-08-03 13:58:59,1785736739.0,BUY,5.98,300,897000.0,PUT,40.0,2027-03-30,1806336000.0,191,39.3,-1.781,5.9,6.02,47.794,550,300,1.83333,-0.424196168,0.026557032,0.124045973,-0.010593238,-0.113388926,BEARISH,['NORMAL'],MULTI_LEG,N/A,N/A,N/A,['HK.LIST1357'],"['HK.LIST1251', 'HK.LIST22886', 'HK.LIST23598', 'HK.LIST24037']"
HK.JDH270330P40000,HK.06618,JDH,2026-08-03 13:58:33,1785736713.0,BUY,5.98,250,747500.0,PUT,40.0,2027-03-30,1806336000.0,191,39.28,-1.832,5.9,6.02,47.794,250,300,0.83333,-0.424196168,0.026557032,0.124045973,-0.010593238,-0.113388926,BEARISH,['NORMAL'],MULTI_LEG,N/A,N/A,N/A,['HK.LIST1357'],"['HK.LIST1251', 'HK.LIST22886', 'HK.LIST23598', 'HK.LIST24037']"
HK.MEN261230P18000,HK.02319,MEN,2026-08-03 13:07:01,1785733621.0,BUY,1.25,100,125000.0,PUT,18.0,2026-12-30,1798560000.0,101,18.46,2.491,1.22,1.25,34.601,100,90,1.11111,-0.387910355,0.095657657,0.045079774,-0.004528025,-0.027642117,BEARISH,['NORMAL'],SINGLE_LEG,N/A,N/A,N/A,N/A,"['HK.LIST1232', 'HK.LIST1321', 'HK.LIST1348']"
HK.BCM261127P7750,HK.03328,BCM,2026-08-03 11:35:05,1785728105.0,BUY,0.42,1000,420000.0,PUT,7.75,2026-11-27,1795708800.0,68,7.55,-2.649,0.4,0.42,20.294,1030,N/A,0.0,-0.5404001,0.491596823,0.016679959,-0.001121135,-0.010261803,BEARISH,['NORMAL'],SINGLE_LEG,N/A,N/A,N/A,['HK.LIST1079'],"['HK.LIST1239', 'HK.LIST1305', 'HK.LIST1344', 'HK.LIST1348']"
HK.A50260929P16000,HK.02823,A50,2026-08-03 10:28:49,1785724129.0,BUY,0.36,100,180000.0,PUT,16.0,2026-09-29,1790611200.0,9,16.56,3.381,0.35,0.36,24.545,200,500,0.4,-0.322032389,0.224684011,0.023466323,-0.004544475,-0.007583543,BEARISH,['NORMAL'],SINGLE_LEG,N/A,N/A,N/A,N/A,N/A
HK.CRL261127P34000,HK.01109,CRL,2026-08-03 10:06:41,1785722801.0,BUY,3.53,100,176500.0,PUT,34.0,2026-11-27,1795708800.0,68,32.52,-4.551,3.51,3.53,39.735,100,N/A,0.0,-0.515079787,0.056027172,0.073017877,-0.010831563,-0.050733464,BEARISH,['NORMAL'],SINGLE_LEG,N/A,N/A,"[{'action_type': 7, 'action_time': '2026-09-10', 'action_timestamp': 1788969600.0}]",['HK.LIST1019'],"['HK.LIST1234', 'HK.LIST1305', 'HK.LIST1348']"
HK.BOC261127P52500,HK.02388,BOC,2026-08-03 09:32:08,1785720728.0,BUY,3.1,399,618450.0,PUT,52.5,2026-11-27,1795708800.0,68,51.8,-1.351,2.13,3.1,22.091,400,140,2.85714,-0.485169059,0.064526294,0.115656756,-0.008810258,-0.066729036,BEARISH,['NORMAL'],SINGLE_LEG,N/A,N/A,"[{'action_type': 7, 'action_time': '2026-09-10', 'action_timestamp': 1788969600.0}, {'action_type': 8, 'action_time': '2026-09-10', 'action_timestamp': 1788969600.0}]",N/A,"['HK.LIST1178', 'HK.LIST1239', 'HK.LIST1252', 'HK.LIST1305', 'HK.LIST1344', 'HK.LIST1348', 'HK.LIST23674']"
HK.MIU261029P28000,HK.01810,MIU,2026-07-31 15:34:23,1785483263.0,BUY,2.2,212,466400.0,PUT,28.0,2026-10-29,1793203200.0,39,28.68,2.37,2.17,2.2,47.244,346,956,0.36192,-0.399105253,0.057889176,0.054947695,-0.013250162,-0.028380575,BEARISH,['NORMAL'],SINGLE_LEG,N/A,N/A,N/A,['HK.LIST1055'],"['HK.LIST1161', 'HK.LIST1166', 'HK.LIST1217', 'HK.LIST1305', 'HK.LIST1328', 'HK.LIST1331', 'HK.LIST1351', 'HK.LIST22886', 'HK.LIST22910', 'HK.LIST22928', 'HK.LIST23586', 'HK.LIST23589', 'HK.LIST23593', 'HK.LIST23676', 'HK.LIST24037', 'HK.LIST24062']"
HK.PEC261029P9000,HK.00857,PEC,2026-07-31 13:56:06,1785477366.0,BUY,0.32,200,128000.0,PUT,9.0,2026-10-29,1793203200.0,39,9.91,9.182,0.31,0.32,37.787,256,69,3.71014,-0.255667524,0.173603196,0.015825718,-0.003068852,-0.006053922,BEARISH,['NORMAL'],SINGLE_LEG,N/A,N/A,"[{'action_type': 7, 'action_time': '2026-09-10', 'action_timestamp': 1788969600.0}]",['HK.LIST1042'],"['HK.LIST1175', 'HK.LIST1205', 'HK.LIST1241', 'HK.LIST1305', 'HK.LIST1344', 'HK.LIST1348', 'HK.LIST1362', 'HK.LIST22928']"
HK.CTC270330P4300,HK.00728,CTC,2026-07-31 11:03:55,1785467035.0,BUY,0.24,320,153600.0,PUT,4.3,2027-03-30,1806336000.0,191,4.68,8.119,0.21,0.24,29.592,322,1243,0.25905,-0.282918314,0.305238204,0.012894592,-0.000659178,-0.008173378,BEARISH,['NORMAL'],SINGLE_LEG,N/A,N/A,"[{'action_type': 7, 'action_time': '2026-09-02', 'action_timestamp': 1788278400.0}]",['HK.LIST1054'],"['HK.LIST1176', 'HK.LIST1214', 'HK.LIST1305', 'HK.LIST1344', 'HK.LIST1348', 'HK.LIST22928', 'HK.LIST23586', 'HK.LIST23589']"
HK.TCH270330P450000,HK.00700,TCH,2026-07-31 10:50:40,1785466240.0,BUY,32.89,700,2302300.0,PUT,450.0,2027-03-30,1806336000.0,191,476.6,5.581,32.51,33.13,32.917,785,5542,0.14164,-0.33620078,0.00292955,1.410225632,-0.080065348,-1.0019528,BEARISH,['NORMAL'],MULTI_LEG,N/A,N/A,N/A,['HK.LIST23363'],"['HK.LIST1161', 'HK.LIST1190', 'HK.LIST1191', 'HK.LIST1208', 'HK.LIST1289', 'HK.LIST1305', 'HK.LIST1328', 'HK.LIST1351', 'HK.LIST22886', 'HK.LIST22928', 'HK.LIST23586', 'HK.LIST23589', 'HK.LIST24037', 'HK.LIST24062']"
HK.PEC260929P10000,HK.00857,PEC,2026-07-30 15:46:23,1785397583.0,BUY,0.63,500,630000.0,PUT,10.0,2026-09-29,1790611200.0,9,10.12,1.185,0.61,0.64,43.16,550,2087,0.26353,-0.426218723,0.221409732,0.016198685,-0.00531064,-0.007043505,BEARISH,['NORMAL'],SINGLE_LEG,N/A,N/A,"[{'action_type': 7, 'action_time': '2026-09-10', 'action_timestamp': 1788969600.0}]",['HK.LIST1042'],"['HK.LIST1175', 'HK.LIST1205', 'HK.LIST1241', 'HK.LIST1305', 'HK.LIST1344', 'HK.LIST1348', 'HK.LIST1362', 'HK.LIST22928']"
HK.ACC270629P18500,HK.00914,ACC,2026-07-30 14:58:45,1785394725.0,BUY,2.14,100,107000.0,PUT,18.5,2027-06-29,1814198400.0,282,18.81,1.648,2.1,2.14,36.187,100,N/A,0.0,-0.38382135,0.061128262,0.068359754,-0.002976961,-0.063495074,BEARISH,['NORMAL'],SINGLE_LEG,N/A,N/A,"[{'action_type': 7, 'action_time': '2026-09-08', 'action_timestamp': 1788796800.0}]",['HK.LIST1028'],"['HK.LIST1178', 'HK.LIST1242', 'HK.LIST1314', 'HK.LIST1344', 'HK.LIST1348']"
HK.MDG261230P95000,HK.00300,MDG,2026-07-30 13:00:02,1785387602.0,BUY,5.0,150,375000.0,PUT,95.0,2026-12-30,1798560000.0,101,98.25,3.307,N/A,5.0,28.446,150,45,3.33333,-0.364672891,0.021230623,0.238116433,-0.018730276,-0.136554924,BEARISH,['NORMAL'],SINGLE_LEG,N/A,N/A,N/A,N/A,"['HK.LIST1236', 'HK.LIST23593', 'HK.LIST24242']"
HK.CHU261230P6750,HK.00762,CHU,2026-07-30 11:58:59,1785383939.0,BUY,0.55,100,110000.0,PUT,6.75,2026-12-30,1798560000.0,101,6.8,0.735,0.54,0.55,34.737,100,441,0.22675,-0.418542879,0.261189363,0.017155134,-0.001667351,-0.011229606,BEARISH,['NORMAL'],SINGLE_LEG,N/A,N/A,N/A,['HK.LIST1054'],"['HK.LIST1176', 'HK.LIST1180', 'HK.LIST1214', 'HK.LIST1305', 'HK.LIST1344', 'HK.LIST1348', 'HK.LIST22928', 'HK.LIST23586', 'HK.LIST23589']"
HK.LEN261230P23000,HK.00992,LEN,2026-07-30 11:30:40,1785382240.0,BUY,4.38,300,2628000.0,PUT,23.0,2026-12-30,1798560000.0,101,21.52,-6.877,4.29,4.41,65.882,20,513,0.03898,-0.468424805,0.044191413,0.055240135,-0.010697422,-0.047962733,BEARISH,['NORMAL'],SINGLE_LEG,N/A,N/A,"[{'action_type': 7, 'action_time': '2026-08-05', 'action_timestamp': 1785859200.0}]",N/A,"['HK.LIST1166', 'HK.LIST1348', 'HK.LIST23586', 'HK.LIST23699', 'HK.LIST24242']"
HK.TCH261029P470000,HK.00700,TCH,2026-07-30 10:01:52,1785376912.0,BUY,32.42,599,1941958.0,PUT,470.0,2026-10-29,1793203200.0,39,465.2,-1.031,32.02,32.35,34.667,625,2038,0.30667,-0.469359161,0.005023802,0.923053757,-0.154456558,-0.508253465,BEARISH,['NORMAL'],SINGLE_LEG,N/A,N/A,N/A,['HK.LIST23363'],"['HK.LIST1161', 'HK.LIST1190', 'HK.LIST1191', 'HK.LIST1208', 'HK.LIST1289', 'HK.LIST1305', 'HK.LIST1328', 'HK.LIST1351', 'HK.LIST22886', 'HK.LIST22928', 'HK.LIST23586', 'HK.LIST23589', 'HK.LIST24037', 'HK.LIST24062']"
HK.BLI260929P145000,HK.09626,BLI,2026-07-29 11:01:04,1785294064.0,BUY,11.85,500,355500.0,PUT,145.0,2026-09-29,1790611200.0,9,148.3,2.225,11.54,12.08,57.435,3000,124,24.19354,-0.407526523,0.011109648,0.237296131,-0.103418127,-0.106637736,BEARISH,['NORMAL'],SINGLE_LEG,N/A,N/A,N/A,['HK.LIST23360'],"['HK.LIST1208', 'HK.LIST1304', 'HK.LIST1306', 'HK.LIST1328', 'HK.LIST22886', 'HK.LIST23586', 'HK.LIST24037']"
HK.JDH261029P41000,HK.06618,JDH,2026-07-29 10:47:38,1785293258.0,BUY,4.18,135,282150.0,PUT,41.0,2026-10-29,1793203200.0,39,40.08,-2.295,4.16,4.18,48.699,247,N/A,0.0,-0.47613337,0.041171941,0.080055081,-0.019180045,-0.048457035,BEARISH,['NORMAL'],SINGLE_LEG,N/A,N/A,N/A,['HK.LIST1357'],"['HK.LIST1251', 'HK.LIST22886', 'HK.LIST23598', 'HK.LIST24037']"
HK.PAI260929P55000,HK.02318,PAI,2026-07-28 15:48:23,1785224903.0,BUY,1.83,500,457500.0,PUT,55.0,2026-09-29,1790611200.0,9,57.2,3.846,1.78,1.87,31.282,1244,20654,0.06023,-0.343195546,0.049906896,0.087144363,-0.01978921,-0.031630402,BEARISH,['NORMAL'],SINGLE_LEG,N/A,N/A,"[{'action_type': 7, 'action_time': '2026-09-02', 'action_timestamp': 1788278400.0}]",['HK.LIST1003'],"['HK.LIST1110', 'HK.LIST1178', 'HK.LIST1305']"
HK.PAI260929P55000,HK.02318,PAI,2026-07-28 15:48:13,1785224893.0,BUY,1.85,500,462500.0,PUT,55.0,2026-09-29,1790611200.0,9,57.15,3.762,1.78,1.87,31.282,744,20654,0.03602,-0.343195546,0.049906896,0.087144363,-0.01978921,-0.031630402,BEARISH,['NORMAL'],SINGLE_LEG,N/A,N/A,"[{'action_type': 7, 'action_time': '2026-09-02', 'action_timestamp': 1788278400.0}]",['HK.LIST1003'],"['HK.LIST1110', 'HK.LIST1178', 'HK.LIST1305']"
HK.XCC270629P9000,HK.00939,XCC,2026-07-28 15:41:35,1785224495.0,BUY,0.657,525,344925.0,PUT,9.0,2027-06-29,1814198400.0,282,9.15,1.639,0.619,0.657,23.991,525,60,8.75,-0.387925065,0.194848811,0.033138937,-0.000869775,-0.027551542,BEARISH,['NORMAL'],SINGLE_LEG,N/A,N/A,N/A,['HK.LIST1079'],"['HK.LIST1239', 'HK.LIST1305', 'HK.LIST1344', 'HK.LIST1348']"
HK.HRB260929P5000,HK.09660,HRB,2026-07-28 10:02:07,1785204127.0,BUY,0.59,100,177000.0,PUT,5.0,2026-09-29,1790611200.0,9,4.98,-0.401,0.54,0.59,68.682,115,2085,0.05515,-0.443933316,0.279649702,0.008166261,-0.004201085,-0.004136013,BEARISH,['NORMAL'],SINGLE_LEG,N/A,N/A,N/A,['HK.LIST23363'],"['HK.LIST22912', 'HK.LIST23586', 'HK.LIST23589', 'HK.LIST23593', 'HK.LIST24037', 'HK.LIST24339']"
HK.KST261230P50000,HK.01024,KST,2026-07-27 14:28:55,1785133735.0,BUY,10.09,500,2522500.0,PUT,50.0,2026-12-30,1798560000.0,101,42.9,-16.55,10.07,10.1,53.174,176,4591,0.03833,-0.596233927,0.027147307,0.10799965,-0.01568186,-0.111564107,BEARISH,['NORMAL'],SINGLE_LEG,N/A,N/A,N/A,N/A,"['HK.LIST1305', 'HK.LIST1306', 'HK.LIST1328', 'HK.LIST22886', 'HK.LIST23586', 'HK.LIST24037']"
HK.LAO260929P310000,HK.06181,LAO,2026-07-27 14:15:31,1785132931.0,BUY,12.45,200,249000.0,PUT,310.0,2026-09-29,1790611200.0,9,397.0,21.914,12.4,12.45,73.992,200,25,8.0,-0.167307814,0.002042423,0.415512433,-0.232908698,-0.124057528,BEARISH,['NORMAL'],SINGLE_LEG,N/A,N/A,N/A,['HK.LIST1049'],['HK.LIST23676']
HK.XTW260929P10500,HK.00788,XTW,2026-07-27 11:29:34,1785122974.0,BUY,1.062,100,106200.0,PUT,10.5,2026-09-29,1790611200.0,9,9.63,-9.034,0.863,1.066,35.567,200,765,0.26143,-0.686010927,0.259225677,0.014214415,-0.003351246,-0.009992904,BEARISH,['NORMAL'],SINGLE_LEG,N/A,N/A,"[{'action_type': 7, 'action_time': '2026-09-04', 'action_timestamp': 1788451200.0}]",['HK.LIST1014'],"['HK.LIST1176', 'HK.LIST1206', 'HK.LIST1348']"
HK.MET260929P82500,HK.03690,MET,2026-07-27 09:33:01,1785115981.0,BUY,4.13,200,413000.0,PUT,82.5,2026-09-29,1790611200.0,9,88.65,6.937,3.87,4.18,48.104,200,8471,0.0236,-0.313263173,0.019888824,0.131724337,-0.046547694,-0.049001933,BEARISH,['NORMAL'],SINGLE_LEG,N/A,N/A,N/A,['HK.LIST23361'],"['HK.LIST1305', 'HK.LIST1998', 'HK.LIST22886', 'HK.LIST22928', 'HK.LIST23586', 'HK.LIST24037', 'HK.LIST24062']"
HK.VNK270629P1650,HK.02202,VNK,2026-07-24 15:45:29,1784879129.0,BUY,0.4,500,200000.0,PUT,1.65,2027-06-29,1814198400.0,282,2.41,31.535,0.4,N/A,100.174,4000,4300,0.93023,-0.183114023,0.114920752,0.006180103,-0.000842398,-0.006093955,BEARISH,['NORMAL'],SINGLE_LEG,N/A,N/A,N/A,N/A,"['HK.LIST1178', 'HK.LIST1234']"
HK.NWD270629P4600,HK.00017,NWD,2026-07-24 15:36:49,1784878609.0,BUY,0.62,470,291400.0,PUT,4.6,2027-06-29,1814198400.0,282,6.65,30.827,0.5,0.62,66.895,500,31,16.12903,-0.173782167,0.060283628,0.016481426,-0.001477894,-0.012806919,BEARISH,['NORMAL'],SINGLE_LEG,2026-09-30,2,N/A,['HK.LIST1019'],N/A
HK.VNK270629P1650,HK.02202,VNK,2026-07-24 15:35:11,1784878511.0,BUY,0.4,500,200000.0,PUT,1.65,2027-06-29,1814198400.0,282,2.41,31.535,0.4,N/A,99.364,3500,4300,0.81395,-0.183225899,0.115897153,0.00618236,-0.00083567,-0.006065043,BEARISH,['NORMAL'],SINGLE_LEG,N/A,N/A,N/A,N/A,"['HK.LIST1178', 'HK.LIST1234']"
HK.VNK270629P1650,HK.02202,VNK,2026-07-24 15:35:04,1784878504.0,BUY,0.4,500,200000.0,PUT,1.65,2027-06-29,1814198400.0,282,2.41,31.535,0.39,0.4,99.364,2750,4300,0.63953,-0.183225899,0.115897153,0.00618236,-0.00083567,-0.006065043,BEARISH,['NORMAL'],SINGLE_LEG,N/A,N/A,N/A,N/A,"['HK.LIST1178', 'HK.LIST1234']"
HK.VNK270629P1650,HK.02202,VNK,2026-07-24 15:34:45,1784878485.0,BUY,0.38,500,190000.0,PUT,1.65,2027-06-29,1814198400.0,282,2.41,31.535,0.21,0.39,82.365,2500,4300,0.58139,-0.181409175,0.138865352,0.006140617,-0.000683801,-0.005362721,BEARISH,['NORMAL'],SINGLE_LEG,N/A,N/A,N/A,N/A,"['HK.LIST1178', 'HK.LIST1234']"
HK.VNK270629P1650,HK.02202,VNK,2026-07-24 15:34:41,1784878481.0,BUY,0.39,440,171600.0,PUT,1.65,2027-06-29,1814198400.0,282,2.41,31.535,0.2,0.39,82.365,1599,4300,0.37186,-0.181409175,0.138865352,0.006140617,-0.000683801,-0.005362721,BEARISH,['NORMAL'],SINGLE_LEG,N/A,N/A,N/A,N/A,"['HK.LIST1178', 'HK.LIST1234']"
HK.VNK270629P1650,HK.02202,VNK,2026-07-24 15:34:37,1784878477.0,BUY,0.4,500,200000.0,PUT,1.65,2027-06-29,1814198400.0,282,2.41,31.535,0.2,0.41,82.365,1500,4300,0.34883,-0.181409175,0.138865352,0.006140617,-0.000683801,-0.005362721,BEARISH,['NORMAL'],SINGLE_LEG,N/A,N/A,N/A,N/A,"['HK.LIST1178', 'HK.LIST1234']"
HK.VNK270629P1650,HK.02202,VNK,2026-07-24 15:34:34,1784878474.0,BUY,0.4,500,200000.0,PUT,1.65,2027-06-29,1814198400.0,282,2.41,31.535,0.2,0.41,82.365,1000,4300,0.23255,-0.181409175,0.138865352,0.006140617,-0.000683801,-0.005362721,BEARISH,['NORMAL'],SINGLE_LEG,N/A,N/A,N/A,N/A,"['HK.LIST1178', 'HK.LIST1234']"
HK.VNK270629P1650,HK.02202,VNK,2026-07-24 15:34:31,1784878471.0,BUY,0.4,290,116000.0,PUT,1.65,2027-06-29,1814198400.0,282,2.41,31.535,0.18,0.4,82.365,290,4300,0.06744,-0.181409175,0.138865352,0.006140617,-0.000683801,-0.005362721,BEARISH,['NORMAL'],SINGLE_LEG,N/A,N/A,N/A,N/A,"['HK.LIST1178', 'HK.LIST1234']"
HK.HRB260929P4800,HK.09660,HRB,2026-07-24 14:32:14,1784874734.0,BUY,0.72,100,216000.0,PUT,4.8,2026-09-29,1790611200.0,9,4.42,-8.597,0.69,0.72,64.658,100,13,7.6923,-0.552732371,0.326043445,0.007497853,-0.003353565,-0.004781688,BEARISH,['NORMAL'],SINGLE_LEG,N/A,N/A,N/A,['HK.LIST23363'],"['HK.LIST22912', 'HK.LIST23586', 'HK.LIST23589', 'HK.LIST23593', 'HK.LIST24037', 'HK.LIST24339']"
HK.AIR260929P4000,HK.00753,AIR,2026-07-24 13:33:55,1784871235.0,BUY,0.28,225,126000.0,PUT,4.0,2026-09-29,1790611200.0,9,4.06,1.477,0.26,0.28,46.032,225,277,0.81227,-0.419268193,0.491602681,0.006792856,-0.002161196,-0.00310212,BEARISH,['NORMAL'],SINGLE_LEG,N/A,N/A,N/A,['HK.LIST1064'],"['HK.LIST1240', 'HK.LIST1348']"
HK.CSP260929P8500,HK.01093,CSP,2026-07-24 11:55:11,1784865311.0,BUY,0.69,215,296700.0,PUT,8.5,2026-09-29,1790611200.0,9,8.68,2.073,0.67,0.69,54.072,185,844,0.21919,-0.406390933,0.193690593,0.0144465,-0.005456106,-0.006664266,BEARISH,['NORMAL'],SINGLE_LEG,N/A,N/A,N/A,['HK.LIST1067'],['HK.LIST23675']
HK.PEN260929P52500,HK.09868,PEN,2026-07-23 14:59:26,1784789966.0,BUY,5.94,204,242352.0,PUT,52.5,2026-09-29,1790611200.0,9,51.45,-2.04,5.8,5.94,62.892,102,1441,0.07078,-0.471460978,0.028797317,0.088046474,-0.038144863,-0.047847425,BEARISH,['NORMAL'],SINGLE_LEG,N/A,N/A,N/A,['HK.LIST1040'],"['HK.LIST1217', 'HK.LIST1304', 'HK.LIST22910', 'HK.LIST23589', 'HK.LIST23593', 'HK.LIST23676']"
HK.ALC260929P8000,HK.02600,ALC,2026-07-23 14:41:07,1784788867.0,BUY,0.54,100,108000.0,PUT,8.0,2026-09-29,1790611200.0,9,8.61,7.084,0.52,0.55,58.207,351,228,1.53947,-0.327229349,0.167250885,0.013425766,-0.005452959,-0.005476444,BEARISH,['NORMAL'],SINGLE_LEG,N/A,N/A,"[{'action_type': 7, 'action_time': '2026-09-09', 'action_timestamp': 1788883200.0}]",['HK.LIST1078'],"['HK.LIST1312', 'HK.LIST1348']"
HK.BIU261230P95000,HK.09888,BIU,2026-07-23 11:58:08,1784779088.0,BUY,7.81,301,352621.5,PUT,95.0,2026-12-30,1798560000.0,101,106.5,10.798,7.56,7.81,50.115,1505,799,1.8836,-0.289267183,0.009747136,0.241147431,-0.034407545,-0.140927362,BEARISH,['NORMAL'],SINGLE_LEG,N/A,N/A,N/A,['HK.LIST23360'],"['HK.LIST1304', 'HK.LIST22886', 'HK.LIST23586', 'HK.LIST23589', 'HK.LIST24037', 'HK.LIST24062']"
HK.BIU261230P95000,HK.09888,BIU,2026-07-23 11:52:44,1784778764.0,BUY,7.83,301,353524.5,PUT,95.0,2026-12-30,1798560000.0,101,106.5,10.798,7.68,7.83,50.284,903,799,1.13016,-0.290500264,0.009743086,0.241406942,-0.034560333,-0.141533119,BEARISH,['NORMAL'],SINGLE_LEG,N/A,N/A,N/A,['HK.LIST23360'],"['HK.LIST1304', 'HK.LIST22886', 'HK.LIST23586', 'HK.LIST23589', 'HK.LIST24037', 'HK.LIST24062']"
HK.BIU261230P95000,HK.09888,BIU,2026-07-23 11:49:12,1784778552.0,BUY,7.8,301,352170.0,PUT,95.0,2026-12-30,1798560000.0,101,106.6,10.881,7.68,7.8,50.462,903,799,1.13016,-0.288828982,0.009663242,0.241211913,-0.034673793,-0.141103277,BEARISH,['NORMAL'],SINGLE_LEG,N/A,N/A,N/A,['HK.LIST23360'],"['HK.LIST1304', 'HK.LIST22886', 'HK.LIST23586', 'HK.LIST23589', 'HK.LIST24037', 'HK.LIST24062']"
HK.BIU261230P90000,HK.09888,BIU,2026-07-23 11:37:10,1784777830.0,BUY,5.98,301,269997.0,PUT,90.0,2026-12-30,1798560000.0,101,106.4,15.413,5.94,5.98,50.686,602,4371,0.13772,-0.238101928,0.008711362,0.218193576,-0.03179461,-0.115789159,BEARISH,['NORMAL'],SINGLE_LEG,N/A,N/A,N/A,['HK.LIST23360'],"['HK.LIST1304', 'HK.LIST22886', 'HK.LIST23586', 'HK.LIST23589', 'HK.LIST24037', 'HK.LIST24062']"
HK.BIU261230P90000,HK.09888,BIU,2026-07-23 11:32:29,1784777549.0,BUY,6.04,301,272706.0,PUT,90.0,2026-12-30,1798560000.0,101,106.2,15.254,5.94,6.04,50.495,301,4371,0.06886,-0.240289403,0.008813949,0.218666309,-0.031722637,-0.116444045,BEARISH,['NORMAL'],SINGLE_LEG,N/A,N/A,N/A,['HK.LIST23360'],"['HK.LIST1304', 'HK.LIST22886', 'HK.LIST23586', 'HK.LIST23589', 'HK.LIST24037', 'HK.LIST24062']"
HK.BIU261230P95000,HK.09888,BIU,2026-07-23 11:26:51,1784777211.0,BUY,7.95,301,358942.5,PUT,95.0,2026-12-30,1798560000.0,101,106.2,10.546,7.82,7.96,51.094,55,799,0.06883,-0.293616436,0.009654308,0.242172808,-0.035245543,-0.143424201,BEARISH,['NORMAL'],SINGLE_LEG,N/A,N/A,N/A,['HK.LIST23360'],"['HK.LIST1304', 'HK.LIST22886', 'HK.LIST23586', 'HK.LIST23589', 'HK.LIST24037', 'HK.LIST24062']"
HK.ALH260929P3400,HK.00241,ALH,2026-07-23 10:08:05,1784772485.0,BUY,0.3,300,180000.0,PUT,3.4,2026-09-29,1790611200.0,9,3.41,0.293,0.27,0.31,52.316,300,2602,0.11529,-0.439581778,0.51538706,0.005807571,-0.002074107,-0.002850446,BEARISH,['NORMAL'],SINGLE_LEG,N/A,N/A,"[{'action_type': 7, 'action_time': '2026-08-12', 'action_timestamp': 1786464000.0}, {'action_type': 8, 'action_time': '2026-08-12', 'action_timestamp': 1786464000.0}]",['HK.LIST1357'],"['HK.LIST1110', 'HK.LIST1161', 'HK.LIST1251', 'HK.LIST1287', 'HK.LIST22886', 'HK.LIST23598', 'HK.LIST24037']"
HK.BLI260929P137500,HK.09626,BLI,2026-07-23 09:45:33,1784771133.0,BUY,12.5,250,187500.0,PUT,137.5,2026-09-29,1790611200.0,9,138.9,1.007,11.94,12.61,56.446,250,207,1.20772,-0.427815491,0.011672071,0.235123083,-0.091122086,-0.114876095,BEARISH,['NORMAL'],SINGLE_LEG,N/A,N/A,N/A,['HK.LIST23360'],"['HK.LIST1208', 'HK.LIST1304', 'HK.LIST1306', 'HK.LIST1328', 'HK.LIST22886', 'HK.LIST23586', 'HK.LIST24037']"
HK.GLI270629P35000,HK.01772,GLI,2026-07-22 15:56:51,1784707011.0,BUY,6.85,200,274000.0,PUT,35.0,2027-06-29,1814198400.0,282,36.58,4.319,6.79,6.9,61.143,200,5,40.0,-0.339871693,0.017352393,0.129509808,-0.010039019,-0.137975071,BEARISH,['NORMAL'],SINGLE_LEG,N/A,N/A,N/A,['HK.LIST1006'],"['HK.LIST1180', 'HK.LIST1312', 'HK.LIST1314', 'HK.LIST1334']"
HK.HKB260929P135000,HK.00005,HKB,2026-07-22 15:42:23,1784706143.0,BUY,1.2,700,336000.0,PUT,135.0,2026-09-29,1790611200.0,9,158.0,14.556,1.14,1.2,31.949,107,1907,0.0561,-0.104837477,0.008279062,0.124724233,-0.027240867,-0.029151689,BEARISH,['NORMAL'],SINGLE_LEG,N/A,N/A,"[{'action_type': 7, 'action_time': '2026-08-13', 'action_timestamp': 1786550400.0}]",['HK.LIST1079'],"['HK.LIST1252', 'HK.LIST1305', 'HK.LIST23674']"
HK.MIU260929P26000,HK.01810,MIU,2026-07-22 14:25:40,1784701540.0,BUY,1.76,267,469920.0,PUT,26.0,2026-09-29,1790611200.0,9,26.42,1.589,1.74,1.77,45.015,485,6155,0.07879,-0.413612011,0.075815928,0.044772271,-0.013507918,-0.020456194,BEARISH,['NORMAL'],SINGLE_LEG,N/A,N/A,N/A,['HK.LIST1055'],"['HK.LIST1161', 'HK.LIST1166', 'HK.LIST1217', 'HK.LIST1305', 'HK.LIST1328', 'HK.LIST1331', 'HK.LIST1351', 'HK.LIST22886', 'HK.LIST22910', 'HK.LIST22928', 'HK.LIST23586', 'HK.LIST23589', 'HK.LIST23593', 'HK.LIST23676', 'HK.LIST24037', 'HK.LIST24062']"
HK.CPI260929P27000,HK.02601,CPI,2026-07-22 13:55:51,1784699751.0,BUY,0.59,200,118000.0,PUT,27.0,2026-09-29,1790611200.0,9,30.04,10.119,0.58,0.59,35.355,200,2947,0.06786,-0.20805766,0.062237641,0.037417711,-0.008968748,-0.011295799,BEARISH,['NORMAL'],SINGLE_LEG,N/A,N/A,"[{'action_type': 7, 'action_time': '2026-09-08', 'action_timestamp': 1788796800.0}]",N/A,"['HK.LIST1287', 'HK.LIST1305']"
HK.CPI270330P24000,HK.02601,CPI,2026-07-22 10:11:52,1784686312.0,BUY,0.94,130,122200.0,PUT,24.0,2027-03-30,1806336000.0,191,29.98,19.946,0.88,0.94,36.268,130,39,3.33333,-0.16440387,0.027586825,0.061705483,-0.003952797,-0.033049716,BEARISH,['NORMAL'],SINGLE_LEG,N/A,N/A,"[{'action_type': 7, 'action_time': '2026-09-08', 'action_timestamp': 1788796800.0}]",N/A,"['HK.LIST1287', 'HK.LIST1305']"
HK.COL270629P12000,HK.00688,COL,2026-07-21 14:20:32,1784614832.0,BUY,1.02,100,204000.0,PUT,12.0,2027-06-29,1814198400.0,282,13.5,11.111,1.0,1.03,37.15,100,1,100.0,-0.279305468,0.070860732,0.043843122,-0.001985086,-0.034949727,BEARISH,['NORMAL'],SINGLE_LEG,N/A,N/A,"[{'action_type': 7, 'action_time': '2026-09-16', 'action_timestamp': 1789488000.0}]",['HK.LIST1019'],"['HK.LIST1234', 'HK.LIST1305', 'HK.LIST1348']"
HK.PAI260929P62500,HK.02318,PAI,2026-07-21 10:05:37,1784599537.0,BUY,7.27,221,803335.0,PUT,62.5,2026-09-29,1790611200.0,9,56.75,-10.132,7.18,7.27,35.537,221,12487,0.01769,-0.695100353,0.041783628,0.086566159,-0.018413586,-0.064706086,BEARISH,['NORMAL'],SINGLE_LEG,N/A,N/A,"[{'action_type': 7, 'action_time': '2026-09-02', 'action_timestamp': 1788278400.0}]",['HK.LIST1003'],"['HK.LIST1110', 'HK.LIST1178', 'HK.LIST1305']"
HK.KST260929P44000,HK.01024,KST,2026-07-21 10:03:29,1784599409.0,BUY,3.54,448,792960.0,PUT,44.0,2026-09-29,1790611200.0,9,45.18,2.611,3.51,3.54,54.784,448,2660,0.16842,-0.39893178,0.035783852,0.076447939,-0.027965792,-0.035734032,BEARISH,['NORMAL'],SINGLE_LEG,N/A,N/A,N/A,N/A,"['HK.LIST1305', 'HK.LIST1306', 'HK.LIST1328', 'HK.LIST22886', 'HK.LIST23586', 'HK.LIST24037']"
HK.PEN260929P50000,HK.09868,PEN,2026-07-21 09:35:58,1784597758.0,BUY,4.84,500,484000.0,PUT,50.0,2026-09-29,1790611200.0,9,51.45,2.818,4.72,4.95,63.733,500,3551,0.1408,-0.394428805,0.026872442,0.086911346,-0.037280347,-0.041716087,BEARISH,['NORMAL'],SINGLE_LEG,N/A,N/A,N/A,['HK.LIST1040'],"['HK.LIST1217', 'HK.LIST1304', 'HK.LIST22910', 'HK.LIST23589', 'HK.LIST23593', 'HK.LIST23676']"
HK.PEC260929P9000,HK.00857,PEC,2026-07-20 15:50:50,1784533850.0,BUY,0.3,247,148200.0,PUT,9.0,2026-09-29,1790611200.0,9,9.95,9.547,0.29,0.3,42.04,318,1006,0.3161,-0.251461134,0.173415598,0.013976131,-0.003890744,-0.004773967,BEARISH,['NORMAL'],SINGLE_LEG,N/A,N/A,"[{'action_type': 7, 'action_time': '2026-09-10', 'action_timestamp': 1788969600.0}]",['HK.LIST1042'],"['HK.LIST1175', 'HK.LIST1205', 'HK.LIST1241', 'HK.LIST1305', 'HK.LIST1344', 'HK.LIST1348', 'HK.LIST1362', 'HK.LIST22928']"
HK.PEN260929P50000,HK.09868,PEN,2026-07-20 15:40:02,1784533202.0,BUY,4.26,300,255600.0,PUT,50.0,2026-09-29,1790611200.0,9,52.9,5.482,4.19,4.26,63.66,2210,1666,1.32653,-0.357906177,0.025249233,0.087068071,-0.037042848,-0.039252366,BEARISH,['NORMAL'],SINGLE_LEG,N/A,N/A,N/A,['HK.LIST1040'],"['HK.LIST1217', 'HK.LIST1304', 'HK.LIST22910', 'HK.LIST23589', 'HK.LIST23593', 'HK.LIST23676']"
HK.PEN260929P50000,HK.09868,PEN,2026-07-20 15:39:12,1784533152.0,BUY,4.24,300,254400.0,PUT,50.0,2026-09-29,1790611200.0,9,52.8,5.303,4.18,4.24,63.406,1910,1666,1.14645,-0.356513902,0.025291522,0.087031741,-0.036877727,-0.03909779,BEARISH,['NORMAL'],SINGLE_LEG,N/A,N/A,N/A,['HK.LIST1040'],"['HK.LIST1217', 'HK.LIST1304', 'HK.LIST22910', 'HK.LIST23589', 'HK.LIST23593', 'HK.LIST23676']"
HK.PEN260929P50000,HK.09868,PEN,2026-07-20 15:09:40,1784531380.0,BUY,4.24,300,254400.0,PUT,50.0,2026-09-29,1790611200.0,9,52.85,5.392,4.19,4.24,62.952,1910,1666,1.14645,-0.360108197,0.025634911,0.087099841,-0.036605856,-0.03933305,BEARISH,['NORMAL'],SINGLE_LEG,N/A,N/A,N/A,['HK.LIST1040'],"['HK.LIST1217', 'HK.LIST1304', 'HK.LIST22910', 'HK.LIST23589', 'HK.LIST23593', 'HK.LIST23676']"
HK.PEN260929P50000,HK.09868,PEN,2026-07-20 15:08:57,1784531337.0,BUY,4.24,300,254400.0,PUT,50.0,2026-09-29,1790611200.0,9,52.8,5.303,4.19,4.24,63.454,1310,1666,0.78631,-0.356541611,0.025269093,0.087047363,-0.036902055,-0.039120262,BEARISH,['NORMAL'],SINGLE_LEG,N/A,N/A,N/A,['HK.LIST1040'],"['HK.LIST1217', 'HK.LIST1304', 'HK.LIST22910', 'HK.LIST23589', 'HK.LIST23593', 'HK.LIST23676']"
HK.PEN260929P50000,HK.09868,PEN,2026-07-20 14:07:12,1784527632.0,BUY,4.28,300,256800.0,PUT,50.0,2026-09-29,1790611200.0,9,52.85,5.392,4.23,4.28,63.691,930,1666,0.55822,-0.357927836,0.025226468,0.087109516,-0.037043777,-0.039296655,BEARISH,['NORMAL'],SINGLE_LEG,N/A,N/A,N/A,['HK.LIST1040'],"['HK.LIST1217', 'HK.LIST1304', 'HK.LIST22910', 'HK.LIST23589', 'HK.LIST23593', 'HK.LIST23676']"
HK.PEN260929P50000,HK.09868,PEN,2026-07-20 14:05:30,1784527530.0,BUY,4.3,300,258000.0,PUT,50.0,2026-09-29,1790611200.0,9,52.85,5.392,4.24,4.3,63.771,630,1666,0.37815,-0.359228423,0.025250681,0.087137677,-0.037098967,-0.039417174,BEARISH,['NORMAL'],SINGLE_LEG,N/A,N/A,N/A,['HK.LIST1040'],"['HK.LIST1217', 'HK.LIST1304', 'HK.LIST22910', 'HK.LIST23589', 'HK.LIST23593', 'HK.LIST23676']"
HK.PEN260929P50000,HK.09868,PEN,2026-07-20 14:01:57,1784527317.0,BUY,4.4,300,264000.0,PUT,50.0,2026-09-29,1790611200.0,9,52.6,4.942,4.36,4.41,64.126,330,1666,0.19807,-0.36697519,0.02544139,0.08727217,-0.037340492,-0.040107479,BEARISH,['NORMAL'],SINGLE_LEG,N/A,N/A,N/A,['HK.LIST1040'],"['HK.LIST1217', 'HK.LIST1304', 'HK.LIST22910', 'HK.LIST23589', 'HK.LIST23593', 'HK.LIST23676']"
HK.CLI260929P25000,HK.02628,CLI,2026-07-20 13:46:21,1784526381.0,BUY,1.04,200,208000.0,PUT,25.0,2026-09-29,1790611200.0,9,26.9,7.063,1.03,1.04,41.658,547,4822,0.11343,-0.298006672,0.070389708,0.041138369,-0.011264483,-0.015309683,BEARISH,['NORMAL'],SINGLE_LEG,N/A,N/A,N/A,N/A,"['HK.LIST1287', 'HK.LIST1305', 'HK.LIST1348']"
HK.PEC260929P9250,HK.00857,PEC,2026-07-20 13:32:12,1784525532.0,BUY,0.38,213,161880.0,PUT,9.25,2026-09-29,1790611200.0,9,10.02,7.684,0.36,0.38,42.456,243,869,0.27963,-0.285591961,0.181456577,0.015043856,-0.004208897,-0.005490108,BEARISH,['NORMAL'],SINGLE_LEG,N/A,N/A,"[{'action_type': 7, 'action_time': '2026-09-10', 'action_timestamp': 1788969600.0}]",['HK.LIST1042'],"['HK.LIST1175', 'HK.LIST1205', 'HK.LIST1241', 'HK.LIST1305', 'HK.LIST1344', 'HK.LIST1348', 'HK.LIST1362', 'HK.LIST22928']"
HK.MET260929P87500,HK.03690,MET,2026-07-20 10:40:06,1784515206.0,BUY,7.81,512,1999360.0,PUT,87.5,2026-09-29,1790611200.0,9,86.25,-1.449,7.7,7.85,48.825,602,3340,0.18023,-0.472670421,0.021628044,0.151382453,-0.047789461,-0.07952913,BEARISH,['NORMAL'],SINGLE_LEG,N/A,N/A,N/A,['HK.LIST23361'],"['HK.LIST1305', 'HK.LIST1998', 'HK.LIST22886', 'HK.LIST22928', 'HK.LIST23586', 'HK.LIST24037', 'HK.LIST24062']"
HK.MET260929P85000,HK.03690,MET,2026-07-20 10:40:00,1784515200.0,BUY,6.48,512,1658880.0,PUT,85.0,2026-09-29,1790611200.0,9,86.25,1.449,6.39,6.51,48.643,632,10105,0.06254,-0.415921744,0.02117879,0.148671449,-0.047158956,-0.070399171,BEARISH,['NORMAL'],SINGLE_LEG,N/A,N/A,N/A,['HK.LIST23361'],"['HK.LIST1305', 'HK.LIST1998', 'HK.LIST22886', 'HK.LIST22928', 'HK.LIST23586', 'HK.LIST24037', 'HK.LIST24062']"
HK.CSE261230P42000,HK.01088,CSE,2026-07-20 10:30:10,1784514610.0,BUY,3.06,100,153000.0,PUT,42.0,2026-12-30,1798560000.0,101,43.08,2.506,3.0,3.06,34.218,115,149,0.77181,-0.38618555,0.039630075,0.109921648,-0.009891141,-0.070159727,BEARISH,['NORMAL'],SINGLE_LEG,N/A,N/A,"[{'action_type': 7, 'action_time': '2026-10-08', 'action_timestamp': 1791388800.0}]",N/A,"['HK.LIST1216', 'HK.LIST1305', 'HK.LIST1314', 'HK.LIST1344', 'HK.LIST1348', 'HK.LIST22928']"
HK.PEC260929P10000,HK.00857,PEC,2026-07-20 10:17:32,1784513852.0,BUY,0.75,100,150000.0,PUT,10.0,2026-09-29,1790611200.0,9,10.05,0.497,0.74,0.75,45.87,100,1984,0.0504,-0.436062562,0.195013908,0.017474344,-0.005189488,-0.008477333,BEARISH,['NORMAL'],SINGLE_LEG,N/A,N/A,"[{'action_type': 7, 'action_time': '2026-09-10', 'action_timestamp': 1788969600.0}]",['HK.LIST1042'],"['HK.LIST1175', 'HK.LIST1205', 'HK.LIST1241', 'HK.LIST1305', 'HK.LIST1344', 'HK.LIST1348', 'HK.LIST1362', 'HK.LIST22928']"
HK.CLI261029P26000,HK.02628,CLI,2026-07-20 10:03:18,1784512998.0,BUY,1.88,200,376000.0,PUT,26.0,2026-10-29,1793203200.0,39,26.76,2.84,1.85,1.88,42.712,230,643,0.35769,-0.386210274,0.064117773,0.053941594,-0.010332879,-0.028332343,BEARISH,['NORMAL'],SINGLE_LEG,N/A,N/A,"[{'action_type': 7, 'action_time': '2026-10-08', 'action_timestamp': 1791388800.0}]",N/A,"['HK.LIST1287', 'HK.LIST1305', 'HK.LIST1348']"
HK.LNI261230P13500,HK.02331,LNI,2026-07-17 13:45:42,1784267142.0,BUY,1.01,282,142410.0,PUT,13.5,2026-12-30,1798560000.0,101,14.56,7.28,1.0,1.01,41.867,282,82,3.43902,-0.321236772,0.088120746,0.035153806,-0.00394679,-0.021239273,BEARISH,['NORMAL'],SINGLE_LEG,N/A,N/A,"[{'action_type': 7, 'action_time': '2026-09-03', 'action_timestamp': 1788364800.0}]",['HK.LIST1275'],"['HK.LIST1161', 'HK.LIST1185']"
HK.ALH261029P3100,HK.00241,ALH,2026-07-17 13:43:32,1784267012.0,BUY,0.24,265,127200.0,PUT,3.1,2026-10-29,1793203200.0,39,3.28,5.487,0.22,0.24,49.162,265,N/A,0.0,-0.342929958,0.427611587,0.00647042,-0.001410229,-0.003292503,BEARISH,['NORMAL'],SINGLE_LEG,N/A,N/A,"[{'action_type': 7, 'action_time': '2026-08-12', 'action_timestamp': 1786464000.0}, {'action_type': 8, 'action_time': '2026-08-12', 'action_timestamp': 1786464000.0}]",['HK.LIST1357'],"['HK.LIST1110', 'HK.LIST1161', 'HK.LIST1251', 'HK.LIST1287', 'HK.LIST22886', 'HK.LIST23598', 'HK.LIST24037']"
HK.XPB261029P4700,HK.01658,XPB,2026-07-17 13:28:53,1784266133.0,BUY,0.16,200,160000.0,PUT,4.7,2026-10-29,1793203200.0,39,4.8,2.083,0.147,0.16,21.662,200,N/A,0.0,-0.376598161,0.700773039,0.009677144,-0.000844644,-0.004468925,BEARISH,['NORMAL'],SINGLE_LEG,N/A,N/A,N/A,['HK.LIST1079'],"['HK.LIST1239', 'HK.LIST1305', 'HK.LIST1348']"
HK.XIC270330P7000,HK.01398,XIC,2026-07-17 13:27:08,1784266028.0,BUY,0.581,407,236467.0,PUT,7.0,2027-03-30,1806336000.0,191,6.87,-1.892,0.577,0.581,25.947,464,859,0.54016,-0.457389917,0.283863136,0.022559955,-0.000864724,-0.018655763,BEARISH,['NORMAL'],SINGLE_LEG,N/A,N/A,"[{'action_type': 7, 'action_time': '2026-10-09', 'action_timestamp': 1791475200.0}]",['HK.LIST1079'],"['HK.LIST1239', 'HK.LIST1305', 'HK.LIST1344', 'HK.LIST1348']"
HK.LNI261230P14000,HK.02331,LNI,2026-07-17 13:11:13,1784265073.0,BUY,1.23,372,228780.0,PUT,14.0,2026-12-30,1798560000.0,101,14.59,4.043,1.21,1.23,42.339,744,550,1.35272,-0.366809079,0.091716858,0.037011602,-0.004162973,-0.024295438,BEARISH,['NORMAL'],SINGLE_LEG,N/A,N/A,"[{'action_type': 7, 'action_time': '2026-09-03', 'action_timestamp': 1788364800.0}]",['HK.LIST1275'],"['HK.LIST1161', 'HK.LIST1185']"
HK.LNI261230P14000,HK.02331,LNI,2026-07-17 13:03:25,1784264605.0,BUY,1.24,250,155000.0,PUT,14.0,2026-12-30,1798560000.0,101,14.61,4.175,1.23,1.24,42.239,250,550,0.45454,-0.367679607,0.092077765,0.03701504,-0.004151563,-0.024320181,BEARISH,['NORMAL'],SINGLE_LEG,N/A,N/A,"[{'action_type': 7, 'action_time': '2026-09-03', 'action_timestamp': 1788364800.0}]",['HK.LIST1275'],"['HK.LIST1161', 'HK.LIST1185']"
HK.LNI261230P14500,HK.02331,LNI,2026-07-17 13:03:13,1784264593.0,BUY,1.5,372,279000.0,PUT,14.5,2026-12-30,1798560000.0,101,14.6,0.684,1.49,1.5,42.547,372,446,0.83408,-0.415639766,0.095056549,0.038285764,-0.004278164,-0.027383097,BEARISH,['NORMAL'],SINGLE_LEG,N/A,N/A,"[{'action_type': 7, 'action_time': '2026-09-03', 'action_timestamp': 1788364800.0}]",['HK.LIST1275'],"['HK.LIST1161', 'HK.LIST1185']"
HK.LNI261230P15000,HK.02331,LNI,2026-07-17 13:02:26,1784264546.0,BUY,1.79,372,332940.0,PUT,15.0,2026-12-30,1798560000.0,101,14.6,-2.739,1.78,1.79,43.228,442,784,0.56377,-0.460140755,0.095598874,0.038993867,-0.004382617,-0.030253828,BEARISH,['NORMAL'],SINGLE_LEG,N/A,N/A,"[{'action_type': 7, 'action_time': '2026-09-03', 'action_timestamp': 1788364800.0}]",['HK.LIST1275'],"['HK.LIST1161', 'HK.LIST1185']"
HK.CPI270330P22000,HK.02601,CPI,2026-07-17 10:56:16,1784256976.0,BUY,0.81,130,105300.0,PUT,22.0,2027-03-30,1806336000.0,191,27.94,21.259,0.76,0.81,36.174,130,15,8.66666,-0.154016555,0.028217168,0.055502025,-0.003482401,-0.029303463,BEARISH,['NORMAL'],SINGLE_LEG,N/A,N/A,"[{'action_type': 7, 'action_time': '2026-09-08', 'action_timestamp': 1788796800.0}]",N/A,"['HK.LIST1287', 'HK.LIST1305']"
HK.TRF260929P25000,HK.02800,TRF,2026-07-17 10:50:30,1784256630.0,BUY,0.82,683,280030.0,PUT,25.0,2026-09-29,1790611200.0,9,25.08,0.318,0.79,0.82,20.777,383,514,0.74513,-0.439129578,0.172206671,0.044359703,-0.005240163,-0.019154556,BEARISH,['NORMAL'],SINGLE_LEG,N/A,N/A,N/A,N/A,N/A
HK.COL270629P12500,HK.00688,COL,2026-07-17 10:38:45,1784255925.0,BUY,1.26,220,554400.0,PUT,12.5,2027-06-29,1814198400.0,282,13.33,6.226,1.17,1.26,37.761,220,31,7.09677,-0.332373227,0.076391534,0.04702121,-0.002100231,-0.04152514,BEARISH,['NORMAL'],SINGLE_LEG,N/A,N/A,"[{'action_type': 7, 'action_time': '2026-09-16', 'action_timestamp': 1789488000.0}]",['HK.LIST1019'],"['HK.LIST1234', 'HK.LIST1305', 'HK.LIST1348']"
HK.HRB260929P4000,HK.09660,HRB,2026-07-17 10:03:16,1784253796.0,BUY,0.29,135,117450.0,PUT,4.0,2026-09-29,1790611200.0,9,4.53,11.699,0.27,0.29,67.63,91,41,2.21951,-0.277457179,0.242698834,0.00685993,-0.002991092,-0.002756678,BEARISH,['NORMAL'],SINGLE_LEG,N/A,N/A,N/A,['HK.LIST23363'],"['HK.LIST22912', 'HK.LIST23586', 'HK.LIST23589', 'HK.LIST23593', 'HK.LIST24037', 'HK.LIST24339']"
HK.LNI270330P14500,HK.02331,LNI,2026-07-17 09:46:33,1784252793.0,BUY,1.58,150,118500.0,PUT,14.5,2027-03-30,1806336000.0,191,15.25,4.918,1.51,1.58,41.879,150,11445,0.0131,-0.348170522,0.070413512,0.04729315,-0.00330416,-0.037703692,BEARISH,['NORMAL'],SINGLE_LEG,N/A,N/A,"[{'action_type': 7, 'action_time': '2026-09-03', 'action_timestamp': 1788364800.0}]",['HK.LIST1275'],"['HK.LIST1161', 'HK.LIST1185']"
HK.BIU260929P100000,HK.09888,BIU,2026-07-16 15:48:36,1784188116.0,BUY,5.42,400,325200.0,PUT,100.0,2026-09-29,1790611200.0,9,110.1,9.173,5.21,5.52,52.536,702,8465,0.08292,-0.291669505,0.013153406,0.171032526,-0.05662685,-0.067396758,BEARISH,['NORMAL'],SINGLE_LEG,N/A,N/A,N/A,['HK.LIST23360'],"['HK.LIST1304', 'HK.LIST22886', 'HK.LIST23586', 'HK.LIST23589', 'HK.LIST24037', 'HK.LIST24062']"
HK.LNI270629P13500,HK.02331,LNI,2026-07-16 14:44:46,1784184286.0,BUY,1.5,150,112500.0,PUT,13.5,2027-06-29,1814198400.0,282,15.04,10.239,1.45,1.52,42.853,150,52,2.88461,-0.297281062,0.056419509,0.05066451,-0.002637745,-0.043895343,BEARISH,['NORMAL'],SINGLE_LEG,N/A,N/A,"[{'action_type': 7, 'action_time': '2026-09-03', 'action_timestamp': 1788364800.0}]",['HK.LIST1275'],"['HK.LIST1161', 'HK.LIST1185']"
HK.VNK270629P1650,HK.02202,VNK,2026-07-16 14:42:26,1784184146.0,BUY,0.29,500,145000.0,PUT,1.65,2027-06-29,1814198400.0,282,2.51,34.262,N/A,0.29,84.584,4050,N/A,0.0,-0.168207591,0.121766099,0.006193273,-0.000693761,-0.005382532,BEARISH,['NORMAL'],SINGLE_LEG,N/A,N/A,N/A,N/A,"['HK.LIST1178', 'HK.LIST1234']"
HK.VNK270629P1650,HK.02202,VNK,2026-07-16 14:38:20,1784183900.0,BUY,0.29,500,145000.0,PUT,1.65,2027-06-29,1814198400.0,282,2.51,34.262,0.28,0.29,84.311,3500,N/A,0.0,-0.169317365,0.123174,0.006194757,-0.000691417,-0.005390623,BEARISH,['NORMAL'],SINGLE_LEG,N/A,N/A,N/A,N/A,"['HK.LIST1178', 'HK.LIST1234']"
HK.VNK270629P1650,HK.02202,VNK,2026-07-16 14:37:04,1784183824.0,BUY,0.28,500,140000.0,PUT,1.65,2027-06-29,1814198400.0,282,2.51,34.262,0.26,N/A,84.311,2000,N/A,0.0,-0.169317365,0.123174,0.006194757,-0.000691417,-0.005390623,BEARISH,['NORMAL'],SINGLE_LEG,N/A,N/A,N/A,N/A,"['HK.LIST1178', 'HK.LIST1234']"
HK.VNK270629P1650,HK.02202,VNK,2026-07-16 14:37:00,1784183820.0,BUY,0.29,350,101500.0,PUT,1.65,2027-06-29,1814198400.0,282,2.51,34.262,N/A,0.29,76.171,1350,N/A,0.0,-0.164505208,0.133773751,0.006078981,-0.000610971,-0.004959352,BEARISH,['NORMAL'],SINGLE_LEG,N/A,N/A,N/A,N/A,"['HK.LIST1178', 'HK.LIST1234']"
HK.VNK270629P1650,HK.02202,VNK,2026-07-16 14:36:48,1784183808.0,BUY,0.29,440,127600.0,PUT,1.65,2027-06-29,1814198400.0,282,2.51,34.262,0.19,0.29,76.171,139,N/A,0.0,-0.164505208,0.133773751,0.006078981,-0.000610971,-0.004959352,BEARISH,['NORMAL'],SINGLE_LEG,N/A,N/A,N/A,N/A,"['HK.LIST1178', 'HK.LIST1234']"
HK.COL261230P13500,HK.00688,COL,2026-07-16 11:30:18,1784172618.0,BUY,1.16,104,241280.0,PUT,13.5,2026-12-30,1798560000.0,101,13.74,1.746,1.14,1.16,38.021,407,173,2.3526,-0.400562979,0.111663423,0.03583108,-0.003522442,-0.024327726,BEARISH,['NORMAL'],SINGLE_LEG,N/A,N/A,"[{'action_type': 7, 'action_time': '2026-09-16', 'action_timestamp': 1789488000.0}]",['HK.LIST1019'],"['HK.LIST1234', 'HK.LIST1305', 'HK.LIST1348']"
HK.COL261230P13500,HK.00688,COL,2026-07-16 11:26:14,1784172374.0,BUY,1.15,104,239200.0,PUT,13.5,2026-12-30,1798560000.0,101,13.79,2.102,1.14,1.15,38.436,303,173,1.75144,-0.395028144,0.109552435,0.035834223,-0.003570934,-0.024169849,BEARISH,['NORMAL'],SINGLE_LEG,N/A,N/A,"[{'action_type': 7, 'action_time': '2026-09-16', 'action_timestamp': 1789488000.0}]",['HK.LIST1019'],"['HK.LIST1234', 'HK.LIST1305', 'HK.LIST1348']"
HK.COL261230P13000,HK.00688,COL,2026-07-16 11:22:28,1784172148.0,BUY,0.93,104,193440.0,PUT,13.0,2026-12-30,1798560000.0,101,13.71,5.178,0.92,0.93,38.032,248,382,0.64921,-0.349401259,0.106745181,0.034221858,-0.003409512,-0.021301272,BEARISH,['NORMAL'],SINGLE_LEG,N/A,N/A,"[{'action_type': 7, 'action_time': '2026-09-16', 'action_timestamp': 1789488000.0}]",['HK.LIST1019'],"['HK.LIST1234', 'HK.LIST1305', 'HK.LIST1348']"
HK.LNI261230P14000,HK.02331,LNI,2026-07-16 11:18:26,1784171906.0,BUY,1.11,250,138750.0,PUT,14.0,2026-12-30,1798560000.0,101,14.94,6.291,1.1,1.11,41.886,250,300,0.83333,-0.337739521,0.087592256,0.036844691,-0.004094324,-0.02300301,BEARISH,['NORMAL'],SINGLE_LEG,N/A,N/A,"[{'action_type': 7, 'action_time': '2026-09-03', 'action_timestamp': 1788364800.0}]",['HK.LIST1275'],"['HK.LIST1161', 'HK.LIST1185']"
HK.COL261230P13500,HK.00688,COL,2026-07-16 11:18:09,1784171889.0,BUY,1.19,104,247520.0,PUT,13.5,2026-12-30,1798560000.0,101,13.71,1.531,1.18,1.19,37.876,174,173,1.00578,-0.406198815,0.112983696,0.035824414,-0.003501252,-0.024532183,BEARISH,['NORMAL'],SINGLE_LEG,N/A,N/A,"[{'action_type': 7, 'action_time': '2026-09-16', 'action_timestamp': 1789488000.0}]",['HK.LIST1019'],"['HK.LIST1234', 'HK.LIST1305', 'HK.LIST1348']"
HK.COL261230P13000,HK.00688,COL,2026-07-16 10:38:00,1784169480.0,BUY,1.04,104,216320.0,PUT,13.0,2026-12-30,1798560000.0,101,13.48,3.56,1.02,1.04,37.898,134,382,0.35078,-0.373293221,0.111615929,0.034434126,-0.003396205,-0.022309459,BEARISH,['NORMAL'],SINGLE_LEG,N/A,N/A,"[{'action_type': 7, 'action_time': '2026-09-16', 'action_timestamp': 1789488000.0}]",['HK.LIST1019'],"['HK.LIST1234', 'HK.LIST1305', 'HK.LIST1348']"
HK.CHU261230P6000,HK.00762,CHU,2026-07-16 10:25:45,1784168745.0,BUY,0.29,225,130500.0,PUT,6.0,2026-12-30,1798560000.0,101,6.51,7.834,0.27,0.3,31.846,225,311,0.72347,-0.289879258,0.247472128,0.015033755,-0.001247144,-0.008127334,BEARISH,['NORMAL'],SINGLE_LEG,N/A,N/A,N/A,['HK.LIST1054'],"['HK.LIST1176', 'HK.LIST1180', 'HK.LIST1214', 'HK.LIST1305', 'HK.LIST1344', 'HK.LIST1348', 'HK.LIST22928', 'HK.LIST23586', 'HK.LIST23589']"
HK.BUD270629P8250,HK.01876,BUD,2026-07-16 10:03:43,1784167423.0,BUY,2.07,400,828000.0,PUT,8.25,2027-06-29,1814198400.0,282,6.44,-28.105,1.98,2.07,37.506,400,N/A,0.0,-0.692650183,0.186563105,0.021323702,-0.000786637,-0.032956335,BEARISH,['NORMAL'],SINGLE_LEG,N/A,N/A,N/A,N/A,"['HK.LIST1181', 'HK.LIST1305', 'HK.LIST1998', 'HK.LIST24231']"
HK.CHU270330P6250,HK.00762,CHU,2026-07-16 10:01:39,1784167299.0,BUY,0.5,205,205000.0,PUT,6.25,2027-03-30,1806336000.0,191,6.48,3.549,0.49,0.5,31.58,205,404,0.50742,-0.36537128,0.226459159,0.020327507,-0.001018782,-0.015444783,BEARISH,['NORMAL'],SINGLE_LEG,N/A,N/A,N/A,['HK.LIST1054'],"['HK.LIST1176', 'HK.LIST1180', 'HK.LIST1214', 'HK.LIST1305', 'HK.LIST1344', 'HK.LIST1348', 'HK.LIST22928', 'HK.LIST23586', 'HK.LIST23589']"
HK.MEN261029P17500,HK.02319,MEN,2026-07-15 11:46:47,1784087207.0,BUY,1.25,100,125000.0,PUT,17.5,2026-10-29,1793203200.0,39,17.42,-0.459,1.23,1.26,34.521,100,55,1.81818,-0.454670393,0.124790824,0.037096446,-0.005269803,-0.021456844,BEARISH,['NORMAL'],SINGLE_LEG,N/A,N/A,N/A,N/A,"['HK.LIST1232', 'HK.LIST1321', 'HK.LIST1348']"
HK.LNI261230P15000,HK.02331,LNI,2026-07-15 11:28:26,1784086106.0,BUY,1.54,375,288750.0,PUT,15.0,2026-12-30,1798560000.0,101,15.14,0.924,1.53,1.54,42.614,751,81,9.2716,-0.410081589,0.090517359,0.03987784,-0.004410961,-0.028445845,BEARISH,['NORMAL'],SINGLE_LEG,N/A,N/A,"[{'action_type': 7, 'action_time': '2026-09-03', 'action_timestamp': 1788364800.0}]",['HK.LIST1275'],"['HK.LIST1161', 'HK.LIST1185']"
HK.LNI261230P15000,HK.02331,LNI,2026-07-15 11:13:14,1784085194.0,BUY,1.58,375,296250.0,PUT,15.0,2026-12-30,1798560000.0,101,15.08,0.53,1.56,1.58,42.786,376,81,4.64197,-0.417227354,0.09105778,0.039824035,-0.004416305,-0.028792765,BEARISH,['NORMAL'],SINGLE_LEG,N/A,N/A,"[{'action_type': 7, 'action_time': '2026-09-03', 'action_timestamp': 1788364800.0}]",['HK.LIST1275'],"['HK.LIST1161', 'HK.LIST1185']"
HK.LNI261230P14500,HK.02331,LNI,2026-07-15 10:48:35,1784083715.0,BUY,1.31,375,245625.0,PUT,14.5,2026-12-30,1798560000.0,101,15.09,3.909,1.27,1.3,42.491,54,116,0.46551,-0.363464355,0.087185334,0.038555235,-0.004298754,-0.025352065,BEARISH,['NORMAL'],SINGLE_LEG,N/A,N/A,"[{'action_type': 7, 'action_time': '2026-09-03', 'action_timestamp': 1788364800.0}]",['HK.LIST1275'],"['HK.LIST1161', 'HK.LIST1185']"
HK.CRL260929P31000,HK.01109,CRL,2026-07-15 10:08:30,1784081310.0,BUY,1.15,186,106950.0,PUT,31.0,2026-09-29,1790611200.0,9,33.74,8.12,1.13,1.15,39.666,200,308,0.64935,-0.27529947,0.054848636,0.051421937,-0.012463729,-0.018879347,BEARISH,['NORMAL'],SINGLE_LEG,N/A,N/A,"[{'action_type': 7, 'action_time': '2026-09-10', 'action_timestamp': 1788969600.0}]",['HK.LIST1019'],"['HK.LIST1234', 'HK.LIST1305', 'HK.LIST1348']"
HK.CPC270330P4200,HK.00386,CPC,2026-07-15 09:58:13,1784080693.0,BUY,0.37,548,405520.0,PUT,4.2,2027-03-30,1806336000.0,191,4.18,-0.478,0.35,0.37,28.737,548,1056,0.51893,-0.421942414,0.405510048,0.013691271,-0.000597795,-0.011095897,BEARISH,['NORMAL'],SINGLE_LEG,N/A,N/A,"[{'action_type': 7, 'action_time': '2026-09-21', 'action_timestamp': 1789920000.0}]",['HK.LIST1042'],"['HK.LIST1175', 'HK.LIST1205', 'HK.LIST1241', 'HK.LIST1305', 'HK.LIST1342', 'HK.LIST1344', 'HK.LIST1348', 'HK.LIST22928']"
HK.HKB260929P132500,HK.00005,HKB,2026-07-14 15:02:34,1784012554.0,BUY,1.65,600,396000.0,PUT,132.5,2026-09-29,1790611200.0,9,152.2,12.943,1.63,1.65,31.529,208,1871,0.11117,-0.136002377,0.009893692,0.15279228,-0.029252771,-0.040951384,BEARISH,['NORMAL'],SINGLE_LEG,N/A,N/A,"[{'action_type': 7, 'action_time': '2026-08-13', 'action_timestamp': 1786550400.0}]",['HK.LIST1079'],"['HK.LIST1252', 'HK.LIST1305', 'HK.LIST23674']"
HK.CPC270330P4300,HK.00386,CPC,2026-07-14 14:50:00,1784011800.0,BUY,0.43,468,402480.0,PUT,4.3,2027-03-30,1806336000.0,191,4.17,-3.117,0.39,0.43,28.197,468,9013,0.05192,-0.472182494,0.428684783,0.013838526,-0.000575714,-0.012041357,BEARISH,['NORMAL'],SINGLE_LEG,N/A,N/A,"[{'action_type': 7, 'action_time': '2026-09-21', 'action_timestamp': 1789920000.0}]",['HK.LIST1042'],"['HK.LIST1175', 'HK.LIST1205', 'HK.LIST1241', 'HK.LIST1305', 'HK.LIST1342', 'HK.LIST1344', 'HK.LIST1348', 'HK.LIST22928']"
HK.CPC270330P4200,HK.00386,CPC,2026-07-14 14:11:33,1784009493.0,BUY,0.36,551,396720.0,PUT,4.2,2027-03-30,1806336000.0,191,4.19,-0.238,0.33,0.36,27.662,551,505,1.09108,-0.426808403,0.424168207,0.013701085,-0.000568141,-0.011085994,BEARISH,['NORMAL'],SINGLE_LEG,N/A,N/A,"[{'action_type': 7, 'action_time': '2026-09-21', 'action_timestamp': 1789920000.0}]",['HK.LIST1042'],"['HK.LIST1175', 'HK.LIST1205', 'HK.LIST1241', 'HK.LIST1305', 'HK.LIST1342', 'HK.LIST1344', 'HK.LIST1348', 'HK.LIST22928']"
HK.SMC261230P75000,HK.00981,SMC,2026-07-14 11:48:43,1784000923.0,BUY,13.0,200,6500000.0,PUT,75.0,2026-12-30,1798560000.0,101,74.95,-0.066,12.98,13.0,68.625,234,231,1.01298,-0.395545097,0.011130032,0.196730231,-0.036332471,-0.160145492,BEARISH,['NORMAL'],SINGLE_LEG,N/A,N/A,N/A,['HK.LIST1013'],"['HK.LIST1166', 'HK.LIST22912', 'HK.LIST23586', 'HK.LIST23593']"
HK.BIU261230P105000,HK.09888,BIU,2026-07-14 11:46:57,1784000817.0,BUY,14.9,200,447000.0,PUT,105.0,2026-12-30,1798560000.0,101,102.9,-2.04,14.48,14.9,52.228,600,1153,0.52038,-0.434276055,0.010941551,0.275774838,-0.037671413,-0.218836498,BEARISH,['NORMAL'],SINGLE_LEG,N/A,N/A,N/A,['HK.LIST23360'],"['HK.LIST1304', 'HK.LIST22886', 'HK.LIST23586', 'HK.LIST23589', 'HK.LIST24037', 'HK.LIST24062']"
HK.BIU261230P105000,HK.09888,BIU,2026-07-14 11:32:27,1783999947.0,BUY,14.3,200,429000.0,PUT,105.0,2026-12-30,1798560000.0,101,104.2,-0.767,13.93,14.3,52.065,400,1153,0.34692,-0.420382265,0.010753696,0.277500752,-0.03790002,-0.214563151,BEARISH,['NORMAL'],SINGLE_LEG,N/A,N/A,N/A,['HK.LIST23360'],"['HK.LIST1304', 'HK.LIST22886', 'HK.LIST23586', 'HK.LIST23589', 'HK.LIST24037', 'HK.LIST24062']"
HK.BIU261230P105000,HK.09888,BIU,2026-07-14 11:27:30,1783999650.0,BUY,14.1,200,423000.0,PUT,105.0,2026-12-30,1798560000.0,101,104.7,-0.286,13.81,14.1,52.049,200,1153,0.17346,-0.417180894,0.010704786,0.27784463,-0.03796132,-0.213577717,BEARISH,['NORMAL'],SINGLE_LEG,N/A,N/A,N/A,['HK.LIST23360'],"['HK.LIST1304', 'HK.LIST22886', 'HK.LIST23586', 'HK.LIST23589', 'HK.LIST24037', 'HK.LIST24062']"
HK.PAI261230P50000,HK.02318,PAI,2026-07-14 11:18:33,1783999113.0,BUY,2.65,200,265000.0,PUT,50.0,2026-12-30,1798560000.0,101,52.85,5.392,2.59,2.7,30.577,200,15453,0.01294,-0.328682286,0.033469708,0.129707142,-0.010043668,-0.074743777,BEARISH,['NORMAL'],SINGLE_LEG,N/A,N/A,"[{'action_type': 7, 'action_time': '2026-09-02', 'action_timestamp': 1788278400.0}]",['HK.LIST1003'],"['HK.LIST1110', 'HK.LIST1178', 'HK.LIST1305']"
HK.CTS260929P24000,HK.06030,CTS,2026-07-14 11:02:53,1783998173.0,BUY,1.02,122,124440.0,PUT,24.0,2026-09-29,1790611200.0,9,26.08,7.975,1.0,1.02,42.612,122,1400,0.08714,-0.28291104,0.066304992,0.040661064,-0.010486216,-0.015416945,BEARISH,['NORMAL'],SINGLE_LEG,N/A,N/A,N/A,['HK.LIST1030'],"['HK.LIST1190', 'HK.LIST1243', 'HK.LIST1305', 'HK.LIST1348']"
HK.BYD261029P80000,HK.01211,BYD,2026-07-14 09:57:12,1783994232.0,BUY,5.13,230,589950.0,PUT,80.0,2026-10-29,1793203200.0,39,84.3,5.1,5.09,5.15,41.909,380,160,2.375,-0.351913018,0.019595352,0.169092499,-0.030043806,-0.085814726,BEARISH,['NORMAL'],SINGLE_LEG,N/A,N/A,N/A,N/A,"['HK.LIST1180', 'HK.LIST1217', 'HK.LIST1305', 'HK.LIST1314', 'HK.LIST1334', 'HK.LIST22910', 'HK.LIST23589']"
HK.BYD260929P85000,HK.01211,BYD,2026-07-14 09:57:07,1783994227.0,BUY,6.64,230,763600.0,PUT,85.0,2026-09-29,1790611200.0,9,84.2,-0.95,6.57,6.69,42.394,380,5714,0.0665,-0.467455801,0.02453355,0.153677212,-0.038288298,-0.080894478,BEARISH,['NORMAL'],SINGLE_LEG,N/A,N/A,N/A,N/A,"['HK.LIST1180', 'HK.LIST1217', 'HK.LIST1305', 'HK.LIST1314', 'HK.LIST1334', 'HK.LIST22910', 'HK.LIST23589']"
HK.CPC270330P4100,HK.00386,CPC,2026-07-14 09:42:23,1783993343.0,BUY,0.34,559,380120.0,PUT,4.1,2027-03-30,1806336000.0,191,4.1,0.0,0.32,0.34,27.771,559,190,2.9421,-0.418193194,0.427635317,0.013392952,-0.000559608,-0.010713185,BEARISH,['NORMAL'],SINGLE_LEG,N/A,N/A,"[{'action_type': 7, 'action_time': '2026-09-21', 'action_timestamp': 1789920000.0}]",['HK.LIST1042'],"['HK.LIST1175', 'HK.LIST1205', 'HK.LIST1241', 'HK.LIST1305', 'HK.LIST1342', 'HK.LIST1344', 'HK.LIST1348', 'HK.LIST22928']"
HK.KST260929P46000,HK.01024,KST,2026-07-14 09:41:24,1783993284.0,BUY,6.1,793,2418650.0,PUT,46.0,2026-09-29,1790611200.0,9,42.56,-8.082,6.0,6.1,54.091,1000,2503,0.39952,-0.561955345,0.037773229,0.077169156,-0.024537103,-0.051474634,BEARISH,['NORMAL'],SINGLE_LEG,N/A,N/A,N/A,N/A,"['HK.LIST1305', 'HK.LIST1306', 'HK.LIST1328', 'HK.LIST22886', 'HK.LIST23586', 'HK.LIST24037']"
HK.CPI270330P28000,HK.02601,CPI,2026-07-13 14:29:59,1783924199.0,BUY,3.36,102,342720.0,PUT,28.0,2027-03-30,1806336000.0,191,27.18,-3.016,3.33,3.37,35.592,306,N/A,0.0,-0.455348971,0.05094309,0.090281457,-0.004969995,-0.082342714,BEARISH,['NORMAL'],SINGLE_LEG,N/A,N/A,"[{'action_type': 7, 'action_time': '2026-09-08', 'action_timestamp': 1788796800.0}]",N/A,"['HK.LIST1287', 'HK.LIST1305']"
HK.CPI270330P28000,HK.02601,CPI,2026-07-13 14:28:29,1783924109.0,BUY,3.36,102,342720.0,PUT,28.0,2027-03-30,1806336000.0,191,27.18,-3.016,3.33,3.37,35.879,204,N/A,0.0,-0.455727107,0.050564624,0.090232556,-0.005013264,-0.082557898,BEARISH,['NORMAL'],SINGLE_LEG,N/A,N/A,"[{'action_type': 7, 'action_time': '2026-09-08', 'action_timestamp': 1788796800.0}]",N/A,"['HK.LIST1287', 'HK.LIST1305']"
HK.CPI270330P28000,HK.02601,CPI,2026-07-13 14:27:34,1783924054.0,BUY,3.35,102,341700.0,PUT,28.0,2027-03-30,1806336000.0,191,27.2,-2.941,3.32,3.36,35.924,102,N/A,0.0,-0.45461658,0.050430668,0.090276184,-0.005025221,-0.082485017,BEARISH,['NORMAL'],SINGLE_LEG,N/A,N/A,"[{'action_type': 7, 'action_time': '2026-09-08', 'action_timestamp': 1788796800.0}]",N/A,"['HK.LIST1287', 'HK.LIST1305']"
HK.PAI261029P52500,HK.02318,PAI,2026-07-13 11:56:13,1783914973.0,BUY,3.21,200,321000.0,PUT,52.5,2026-10-29,1793203200.0,39,52.9,0.756,3.14,3.21,32.066,202,2744,0.07361,-0.42379314,0.043174609,0.112562497,-0.014545295,-0.061429648,BEARISH,['NORMAL'],SINGLE_LEG,N/A,N/A,"[{'action_type': 7, 'action_time': '2026-09-02', 'action_timestamp': 1788278400.0}]",['HK.LIST1003'],"['HK.LIST1110', 'HK.LIST1178', 'HK.LIST1305']"
HK.CLI260929P27000,HK.02628,CLI,2026-07-13 11:51:48,1783914708.0,BUY,1.95,200,390000.0,PUT,27.0,2026-09-29,1790611200.0,9,27.04,0.147,1.94,1.95,41.527,234,6842,0.0342,-0.445138882,0.076970814,0.049345365,-0.011921813,-0.025008684,BEARISH,['NORMAL'],SINGLE_LEG,N/A,N/A,N/A,N/A,"['HK.LIST1287', 'HK.LIST1305', 'HK.LIST1348']"
HK.A50260929P16000,HK.02823,A50,2026-07-13 10:54:19,1783911259.0,BUY,0.36,180,324000.0,PUT,16.0,2026-09-29,1790611200.0,9,16.98,5.771,0.35,0.36,25.882,180,39,4.61538,-0.269030943,0.163579484,0.025877951,-0.003855154,-0.008945551,BEARISH,['NORMAL'],SINGLE_LEG,N/A,N/A,N/A,N/A,N/A
HK.XBC261230P5000,HK.03988,XBC,2026-07-13 09:56:02,1783907762.0,BUY,0.256,999,255744.0,PUT,5.0,2026-12-30,1798560000.0,101,5.11,2.152,0.233,0.261,24.269,999,1712,0.58352,-0.383908451,0.466696395,0.013230883,-0.000765033,-0.007966042,BEARISH,['NORMAL'],SINGLE_LEG,N/A,N/A,N/A,['HK.LIST1079'],"['HK.LIST1239', 'HK.LIST1305', 'HK.LIST1344', 'HK.LIST1348']"
HK.ALH261029P3800,HK.00241,ALH,2026-07-09 15:10:35,1783581035.0,BUY,0.64,194,248320.0,PUT,3.8,2026-10-29,1793203200.0,39,3.39,-12.094,0.6,0.65,57.84,194,N/A,0.0,-0.568857349,0.370933875,0.007357461,-0.001690499,-0.006206622,BEARISH,['NORMAL'],SINGLE_LEG,N/A,N/A,"[{'action_type': 7, 'action_time': '2026-08-12', 'action_timestamp': 1786464000.0}, {'action_type': 8, 'action_time': '2026-08-12', 'action_timestamp': 1786464000.0}]",['HK.LIST1357'],"['HK.LIST1110', 'HK.LIST1161', 'HK.LIST1251', 'HK.LIST1287', 'HK.LIST22886', 'HK.LIST23598', 'HK.LIST24037']"
HK.TRF270330P24000,HK.02800,TRF,2026-07-09 15:09:02,1783580942.0,BUY,1.4,228,159600.0,PUT,24.0,2027-03-30,1806336000.0,191,24.5,2.04,1.33,1.4,22.729,228,161,1.41614,-0.378779907,0.084771963,0.078414373,-0.002554837,-0.05674307,BEARISH,['NORMAL'],SINGLE_LEG,N/A,N/A,N/A,N/A,N/A
HK.ALB261029P102500,HK.09988,ALB,2026-07-09 14:12:46,1783577566.0,BUY,7.5,666,2497500.0,PUT,102.5,2026-10-29,1793203200.0,39,107.6,4.739,7.48,7.5,44.901,726,1336,0.54341,-0.354289066,0.013980493,0.222279871,-0.04059869,-0.117649663,BEARISH,['NORMAL'],SINGLE_LEG,N/A,N/A,N/A,['HK.LIST23361'],"['HK.LIST1161', 'HK.LIST1191', 'HK.LIST1287', 'HK.LIST1289', 'HK.LIST1304', 'HK.LIST1328', 'HK.LIST22886', 'HK.LIST22928', 'HK.LIST23586', 'HK.LIST23589', 'HK.LIST23593', 'HK.LIST23674', 'HK.LIST24037', 'HK.LIST24062']"
HK.ALB261029P105000,HK.09988,ALB,2026-07-09 14:12:46,1783577566.0,BUY,8.68,1350,5859000.0,PUT,105.0,2026-10-29,1793203200.0,39,107.6,2.416,8.67,8.68,45.0,1444,151,9.56291,-0.391348679,0.014431262,0.229397942,-0.041718198,-0.129719601,BEARISH,['NORMAL'],SINGLE_LEG,N/A,N/A,N/A,['HK.LIST23361'],"['HK.LIST1161', 'HK.LIST1191', 'HK.LIST1287', 'HK.LIST1289', 'HK.LIST1304', 'HK.LIST1328', 'HK.LIST22886', 'HK.LIST22928', 'HK.LIST23586', 'HK.LIST23589', 'HK.LIST23593', 'HK.LIST23674', 'HK.LIST24037', 'HK.LIST24062']"
HK.TRF261230P24000,HK.02800,TRF,2026-07-09 14:08:01,1783577281.0,BUY,1.2,204,122400.0,PUT,24.0,2026-12-30,1798560000.0,101,24.5,2.04,1.18,1.2,23.953,1916,1170,1.6376,-0.385947013,0.097852387,0.06422156,-0.003564057,-0.039090516,BEARISH,['NORMAL'],SINGLE_LEG,N/A,N/A,N/A,N/A,N/A
HK.PAI261029P52500,HK.02318,PAI,2026-07-09 13:56:54,1783576614.0,BUY,3.26,211,343930.0,PUT,52.5,2026-10-29,1793203200.0,39,52.95,0.849,3.23,3.26,32.274,1387,504,2.75198,-0.42330012,0.042150007,0.114547011,-0.014350484,-0.06365193,BEARISH,['NORMAL'],SINGLE_LEG,N/A,N/A,"[{'action_type': 7, 'action_time': '2026-09-02', 'action_timestamp': 1788278400.0}]",['HK.LIST1003'],"['HK.LIST1110', 'HK.LIST1178', 'HK.LIST1305']"
HK.PAI261029P52500,HK.02318,PAI,2026-07-09 13:10:08,1783573808.0,BUY,3.29,211,347095.0,PUT,52.5,2026-10-29,1793203200.0,39,52.95,0.849,3.26,3.29,32.532,830,504,1.64682,-0.4233297,0.041803054,0.114570646,-0.014477392,-0.063781953,BEARISH,['NORMAL'],SINGLE_LEG,N/A,N/A,"[{'action_type': 7, 'action_time': '2026-09-02', 'action_timestamp': 1788278400.0}]",['HK.LIST1003'],"['HK.LIST1110', 'HK.LIST1178', 'HK.LIST1305']"
HK.POP270629P160000,HK.09992,POP,2026-07-09 10:09:00,1783562940.0,BUY,32.34,350,2263800.0,PUT,160.0,2027-06-29,1814198400.0,282,154.6,-3.492,31.72,32.34,52.624,350,151,2.31788,-0.405770716,0.005013736,0.5894557,-0.036638854,-0.680074655,BEARISH,['NORMAL'],SINGLE_LEG,N/A,N/A,N/A,['HK.LIST1047'],"['HK.LIST1328', 'HK.LIST23676']"
HK.AIR261230P4200,HK.00753,AIR,2026-07-09 09:43:02,1783561382.0,BUY,0.53,100,106000.0,PUT,4.2,2026-12-30,1798560000.0,101,4.09,-2.689,0.51,0.53,45.232,100,235,0.42553,-0.455699835,0.317891712,0.011164826,-0.001261163,-0.008979942,BEARISH,['NORMAL'],SINGLE_LEG,N/A,N/A,N/A,['HK.LIST1064'],"['HK.LIST1240', 'HK.LIST1348']"
HK.HKB260929P135000,HK.00005,HKB,2026-07-08 15:02:05,1783494125.0,BUY,2.2,601,528880.0,PUT,135.0,2026-09-29,1790611200.0,9,151.2,10.714,2.16,2.2,29.85,200,1392,0.14367,-0.17509385,0.011996436,0.186052071,-0.030989576,-0.056419166,BEARISH,['NORMAL'],SINGLE_LEG,N/A,N/A,"[{'action_type': 7, 'action_time': '2026-08-13', 'action_timestamp': 1786550400.0}]",['HK.LIST1079'],"['HK.LIST1252', 'HK.LIST1305', 'HK.LIST23674']"
HK.CHU261029P6500,HK.00762,CHU,2026-07-08 11:55:45,1783482945.0,BUY,0.58,100,116000.0,PUT,6.5,2026-10-29,1793203200.0,39,6.38,-1.88,0.55,0.58,38.128,250,650,0.38461,-0.4798103,0.300992117,0.014080759,-0.002083366,-0.009022201,BEARISH,['NORMAL'],SINGLE_LEG,N/A,N/A,N/A,['HK.LIST1054'],"['HK.LIST1176', 'HK.LIST1180', 'HK.LIST1214', 'HK.LIST1305', 'HK.LIST1344', 'HK.LIST1348', 'HK.LIST22928', 'HK.LIST23586', 'HK.LIST23589']"
HK.CHU261029P6750,HK.00762,CHU,2026-07-08 11:49:13,1783482553.0,BUY,0.77,100,154000.0,PUT,6.75,2026-10-29,1793203200.0,39,6.38,-5.799,0.76,0.77,42.165,150,255,0.58823,-0.538531439,0.272646566,0.01402606,-0.002284728,-0.01024131,BEARISH,['NORMAL'],SINGLE_LEG,N/A,N/A,N/A,['HK.LIST1054'],"['HK.LIST1176', 'HK.LIST1180', 'HK.LIST1214', 'HK.LIST1305', 'HK.LIST1344', 'HK.LIST1348', 'HK.LIST22928', 'HK.LIST23586', 'HK.LIST23589']"
HK.CHU261029P6500,HK.00762,CHU,2026-07-08 11:48:53,1783482533.0,BUY,0.57,100,114000.0,PUT,6.5,2026-10-29,1793203200.0,39,6.37,-2.04,0.55,0.58,38.127,150,650,0.23076,-0.479809443,0.30099159,0.0140811,-0.002083257,-0.009022584,BEARISH,['NORMAL'],SINGLE_LEG,N/A,N/A,N/A,['HK.LIST1054'],"['HK.LIST1176', 'HK.LIST1180', 'HK.LIST1214', 'HK.LIST1305', 'HK.LIST1344', 'HK.LIST1348', 'HK.LIST22928', 'HK.LIST23586', 'HK.LIST23589']"
HK.CHU270330P6250,HK.00762,CHU,2026-07-08 10:31:40,1783477900.0,BUY,0.56,200,224000.0,PUT,6.25,2027-03-30,1806336000.0,191,6.35,1.574,0.52,0.56,31.049,200,283,0.70671,-0.393408636,0.237572261,0.020704984,-0.00098095,-0.016714944,BEARISH,['NORMAL'],SINGLE_LEG,N/A,N/A,N/A,['HK.LIST1054'],"['HK.LIST1176', 'HK.LIST1180', 'HK.LIST1214', 'HK.LIST1305', 'HK.LIST1344', 'HK.LIST1348', 'HK.LIST22928', 'HK.LIST23586', 'HK.LIST23589']"
HK.CPC270330P4000,HK.00386,CPC,2026-07-08 10:30:07,1783477807.0,BUY,0.27,542,292680.0,PUT,4.0,2027-03-30,1806336000.0,191,4.12,2.912,0.25,0.27,26.287,542,4517,0.11999,-0.366103791,0.423442505,0.013138846,-0.000516471,-0.009741514,BEARISH,['NORMAL'],SINGLE_LEG,N/A,N/A,"[{'action_type': 7, 'action_time': '2026-09-21', 'action_timestamp': 1789920000.0}]",['HK.LIST1042'],"['HK.LIST1175', 'HK.LIST1205', 'HK.LIST1241', 'HK.LIST1305', 'HK.LIST1342', 'HK.LIST1344', 'HK.LIST1348', 'HK.LIST22928']"
HK.CPC270330P3900,HK.00386,CPC,2026-07-08 10:08:26,1783476506.0,BUY,0.22,577,253880.0,PUT,3.9,2027-03-30,1806336000.0,191,4.11,5.109,0.19,0.22,25.252,29,1993,0.01455,-0.319446893,0.415555747,0.012493109,-0.000476784,-0.00853533,BEARISH,['NORMAL'],SINGLE_LEG,N/A,N/A,"[{'action_type': 7, 'action_time': '2026-09-21', 'action_timestamp': 1789920000.0}]",['HK.LIST1042'],"['HK.LIST1175', 'HK.LIST1205', 'HK.LIST1241', 'HK.LIST1305', 'HK.LIST1342', 'HK.LIST1344', 'HK.LIST1348', 'HK.LIST22928']"
HK.KST260929P45000,HK.01024,KST,2026-07-07 15:50:14,1783410614.0,BUY,7.0,800,2800000.0,PUT,45.0,2026-09-29,1790611200.0,9,40.44,-11.275,6.91,7.0,55.789,803,9399,0.08543,-0.596930763,0.036534852,0.074891128,-0.022435257,-0.056861507,BEARISH,['NORMAL'],SINGLE_LEG,N/A,N/A,N/A,N/A,"['HK.LIST1305', 'HK.LIST1306', 'HK.LIST1328', 'HK.LIST22886', 'HK.LIST23586', 'HK.LIST24037']"
HK.NWD260929P5250,HK.00017,NWD,2026-07-07 14:58:43,1783407523.0,BUY,0.36,410,147600.0,PUT,5.25,2026-09-29,1790611200.0,9,6.42,18.224,0.3,0.36,71.815,374,585,0.63931,-0.218176389,0.133465562,0.009076475,-0.003731949,-0.003518966,BEARISH,['NORMAL'],SINGLE_LEG,2026-09-30,2,N/A,['HK.LIST1019'],N/A
HK.A50270330P14500,HK.02823,A50,2026-07-07 13:13:05,1783401185.0,BUY,0.44,180,396000.0,PUT,14.5,2027-03-30,1806336000.0,191,16.75,13.432,0.4,0.44,25.433,180,N/A,0.0,-0.18949648,0.075546825,0.038622985,-0.001555606,-0.021092037,BEARISH,['NORMAL'],SINGLE_LEG,N/A,N/A,N/A,N/A,N/A
HK.CPC270330P3900,HK.00386,CPC,2026-07-07 11:55:43,1783396543.0,BUY,0.24,542,260160.0,PUT,3.9,2027-03-30,1806336000.0,191,4.07,4.176,0.22,0.24,25.887,542,1430,0.37902,-0.342424479,0.422571623,0.012705024,-0.000493006,-0.009064503,BEARISH,['NORMAL'],SINGLE_LEG,N/A,N/A,"[{'action_type': 7, 'action_time': '2026-09-21', 'action_timestamp': 1789920000.0}]",['HK.LIST1042'],"['HK.LIST1175', 'HK.LIST1205', 'HK.LIST1241', 'HK.LIST1305', 'HK.LIST1342', 'HK.LIST1344', 'HK.LIST1348', 'HK.LIST22928']"
HK.CKH261230P60000,HK.00001,CKH,2026-07-06 14:29:07,1783319347.0,BUY,2.4,100,120000.0,PUT,60.0,2026-12-30,1798560000.0,101,64.65,7.192,2.26,2.4,26.751,102,430,0.2372,-0.283363266,0.028594735,0.151837972,-0.00979841,-0.081109218,BEARISH,['NORMAL'],SINGLE_LEG,N/A,N/A,"[{'action_type': 7, 'action_time': '2026-09-14', 'action_timestamp': 1789315200.0}]",['HK.LIST1061'],['HK.LIST1331']
HK.CTC270629P4400,HK.00728,CTC,2026-07-06 11:09:33,1783307373.0,BUY,0.5,295,295000.0,PUT,4.4,2027-06-29,1814198400.0,282,4.39,-0.227,0.47,0.5,32.247,295,67,4.40298,-0.404588294,0.290294184,0.016772084,-0.000589226,-0.016169899,BEARISH,['NORMAL'],SINGLE_LEG,N/A,N/A,"[{'action_type': 7, 'action_time': '2026-09-02', 'action_timestamp': 1788278400.0}]",['HK.LIST1054'],"['HK.LIST1176', 'HK.LIST1214', 'HK.LIST1305', 'HK.LIST1344', 'HK.LIST1348', 'HK.LIST22928', 'HK.LIST23586', 'HK.LIST23589']"
HK.CNC260929P19500,HK.00883,CNC,2026-07-06 09:41:40,1783302100.0,BUY,0.89,248,220720.0,PUT,19.5,2026-09-29,1790611200.0,9,21.04,7.319,0.85,0.89,40.516,336,1184,0.28378,-0.298298756,0.084577222,0.035256213,-0.007776863,-0.014389355,BEARISH,['NORMAL'],SINGLE_LEG,N/A,N/A,"[{'action_type': 7, 'action_time': '2026-09-10', 'action_timestamp': 1788969600.0}]",['HK.LIST1042'],"['HK.LIST1205', 'HK.LIST1241', 'HK.LIST1305', 'HK.LIST1344', 'HK.LIST1348', 'HK.LIST1362', 'HK.LIST22928']"
HK.CHU261029P6500,HK.00762,CHU,2026-07-03 14:21:43,1783059703.0,BUY,0.71,100,142000.0,PUT,6.5,2026-10-29,1793203200.0,39,6.16,-5.519,0.69,0.72,40.15,250,300,0.83333,-0.534324434,0.290702797,0.01386164,-0.002045532,-0.010126973,BEARISH,['NORMAL'],SINGLE_LEG,N/A,N/A,N/A,['HK.LIST1054'],"['HK.LIST1176', 'HK.LIST1180', 'HK.LIST1214', 'HK.LIST1305', 'HK.LIST1344', 'HK.LIST1348', 'HK.LIST22928', 'HK.LIST23586', 'HK.LIST23589']"
HK.CHU261029P6750,HK.00762,CHU,2026-07-03 14:21:16,1783059676.0,BUY,0.92,100,184000.0,PUT,6.75,2026-10-29,1793203200.0,39,6.16,-9.577,0.77,0.93,38.492,200,N/A,0.0,-0.609862372,0.297817087,0.013345904,-0.001833568,-0.01107684,BEARISH,['NORMAL'],SINGLE_LEG,N/A,N/A,N/A,['HK.LIST1054'],"['HK.LIST1176', 'HK.LIST1180', 'HK.LIST1214', 'HK.LIST1305', 'HK.LIST1344', 'HK.LIST1348', 'HK.LIST22928', 'HK.LIST23586', 'HK.LIST23589']"
HK.CHU270330P5750,HK.00762,CHU,2026-07-03 14:19:25,1783059565.0,BUY,0.36,156,112320.0,PUT,5.75,2027-03-30,1806336000.0,191,6.16,6.655,0.35,0.36,29.106,156,45,3.46666,-0.313911778,0.236505705,0.018692942,-0.000828343,-0.013189793,BEARISH,['NORMAL'],SINGLE_LEG,N/A,N/A,N/A,['HK.LIST1054'],"['HK.LIST1176', 'HK.LIST1180', 'HK.LIST1214', 'HK.LIST1305', 'HK.LIST1344', 'HK.LIST1348', 'HK.LIST22928', 'HK.LIST23586', 'HK.LIST23589']"
HK.GLI260929P45000,HK.01772,GLI,2026-07-03 14:06:49,1783058809.0,BUY,3.63,335,243210.0,PUT,45.0,2026-09-29,1790611200.0,9,50.1,10.179,3.44,3.63,63.866,133,210,0.63333,-0.302418159,0.022332438,0.085670369,-0.029497357,-0.039312926,BEARISH,['NORMAL'],SINGLE_LEG,N/A,N/A,N/A,['HK.LIST1006'],"['HK.LIST1180', 'HK.LIST1312', 'HK.LIST1314', 'HK.LIST1334']"
HK.XAB261029P5500,HK.01288,XAB,2026-07-03 13:24:04,1783056244.0,BUY,0.41,100,410000.0,PUT,5.5,2026-10-29,1793203200.0,39,5.28,-4.166,0.403,0.41,26.504,100,80,1.25,-0.553333687,0.52130494,0.01178486,-0.001075099,-0.008007769,BEARISH,['NORMAL'],SINGLE_LEG,N/A,N/A,"[{'action_type': 7, 'action_time': '2026-10-09', 'action_timestamp': 1791475200.0}]",['HK.LIST1079'],"['HK.LIST1239', 'HK.LIST1305', 'HK.LIST1344', 'HK.LIST1348']"
HK.CMB261029P44000,HK.03968,CMB,2026-07-03 13:01:21,1783054881.0,BUY,2.3,200,230000.0,PUT,44.0,2026-10-29,1793203200.0,39,44.1,0.226,2.24,2.3,25.857,290,60,4.83333,-0.435550036,0.062297696,0.098385638,-0.00907649,-0.054962412,BEARISH,['NORMAL'],SINGLE_LEG,N/A,N/A,N/A,['HK.LIST1079'],"['HK.LIST1178', 'HK.LIST1239', 'HK.LIST1305']"
HK.A50261230P14000,HK.02823,A50,2026-07-03 09:59:26,1783043966.0,BUY,0.19,180,171000.0,PUT,14.0,2026-12-30,1798560000.0,101,16.92,17.257,0.17,0.19,25.912,180,28,6.42857,-0.111232966,0.061787641,0.02248677,-0.001444874,-0.008442885,BEARISH,['NORMAL'],SINGLE_LEG,N/A,N/A,N/A,N/A,N/A
HK.SET261029P1100,HK.00020,SET,2026-07-03 09:40:36,1783042836.0,BUY,0.06,100,120000.0,PUT,1.1,2026-10-29,1793203200.0,39,1.36,19.117,0.04,0.07,59.635,17,N/A,0.0,-0.210621204,0.631978951,0.00221756,-0.000529409,-0.000980291,BEARISH,['NORMAL'],SINGLE_LEG,N/A,N/A,N/A,['HK.LIST23363'],"['HK.LIST1328', 'HK.LIST23586', 'HK.LIST23589', 'HK.LIST23593', 'HK.LIST24037', 'HK.LIST24339']"
HK.PIC261029P14000,HK.02328,PIC,2026-07-02 14:12:56,1782972776.0,BUY,0.96,100,192000.0,PUT,14.0,2026-10-29,1793203200.0,39,13.98,-0.143,0.92,0.97,32.192,355,N/A,0.0,-0.4421882,0.15669218,0.031454949,-0.003683354,-0.018659084,BEARISH,['NORMAL'],SINGLE_LEG,N/A,N/A,"[{'action_type': 7, 'action_time': '2026-10-07', 'action_timestamp': 1791302400.0}]",N/A,"['HK.LIST1305', 'HK.LIST1348']"
HK.CHU261230P6750,HK.00762,CHU,2026-07-02 14:07:50,1782972470.0,BUY,1.01,100,202000.0,PUT,6.75,2026-12-30,1798560000.0,101,6.08,-11.019,0.88,1.02,36.173,256,227,1.12775,-0.595714477,0.267092753,0.016435394,-0.001317489,-0.016027187,BEARISH,['NORMAL'],SINGLE_LEG,N/A,N/A,N/A,['HK.LIST1054'],"['HK.LIST1176', 'HK.LIST1180', 'HK.LIST1214', 'HK.LIST1305', 'HK.LIST1344', 'HK.LIST1348', 'HK.LIST22928', 'HK.LIST23586', 'HK.LIST23589']"
HK.HOS260929P130000,HK.01347,HOS,2026-07-02 11:30:24,1782963024.0,BUY,7.1,170,2414000.0,PUT,130.0,2026-09-29,1790611200.0,9,191.2,32.008,6.73,7.1,89.45,171,269,0.63568,-0.131740401,0.00252106,0.202329555,-0.098682711,-0.069514352,BEARISH,['NORMAL'],SINGLE_LEG,N/A,N/A,N/A,['HK.LIST1013'],"['HK.LIST1166', 'HK.LIST1348', 'HK.LIST22912', 'HK.LIST23586', 'HK.LIST23593', 'HK.LIST24024', 'HK.LIST24211']"
HK.CSE260929P40000,HK.01088,CSE,2026-07-02 09:46:57,1782956817.0,BUY,2.24,100,112000.0,PUT,40.0,2026-09-29,1790611200.0,9,40.28,0.695,2.17,2.23,31.656,145,276,0.52536,-0.426842642,0.063050672,0.078069753,-0.012271952,-0.039015616,BEARISH,['NORMAL'],SINGLE_LEG,N/A,N/A,N/A,N/A,"['HK.LIST1216', 'HK.LIST1305', 'HK.LIST1314', 'HK.LIST1344', 'HK.LIST1348', 'HK.LIST22928']"
HK.PAI260929P60000,HK.02318,PAI,2026-06-30 15:46:10,1782805570.0,BUY,10.05,200,1005000.0,PUT,60.0,2026-09-29,1790611200.0,9,51.15,-17.302,9.62,10.05,40.003,1200,14493,0.08279,-0.756578678,0.033611806,0.078925478,-0.014125397,-0.080013407,BEARISH,['NORMAL'],SINGLE_LEG,N/A,N/A,"[{'action_type': 7, 'action_time': '2026-09-02', 'action_timestamp': 1788278400.0}]",['HK.LIST1003'],"['HK.LIST1110', 'HK.LIST1178', 'HK.LIST1305']"
HK.PAI260929P60000,HK.02318,PAI,2026-06-30 15:40:15,1782805215.0,BUY,10.0,297,1485000.0,PUT,60.0,2026-09-29,1790611200.0,9,51.2,-17.187,9.62,10.0,40.632,1000,14493,0.06899,-0.74845371,0.03338071,0.080566133,-0.014744217,-0.080548159,BEARISH,['NORMAL'],SINGLE_LEG,N/A,N/A,"[{'action_type': 7, 'action_time': '2026-09-02', 'action_timestamp': 1788278400.0}]",['HK.LIST1003'],"['HK.LIST1110', 'HK.LIST1178', 'HK.LIST1305']"
HK.PAI260929P60000,HK.02318,PAI,2026-06-30 15:40:11,1782805211.0,BUY,10.0,653,3265000.0,PUT,60.0,2026-09-29,1790611200.0,9,51.25,-17.073,9.62,10.0,40.632,703,14493,0.0485,-0.74845371,0.03338071,0.080566133,-0.014744217,-0.080548159,BEARISH,['NORMAL'],SINGLE_LEG,N/A,N/A,"[{'action_type': 7, 'action_time': '2026-09-02', 'action_timestamp': 1788278400.0}]",['HK.LIST1003'],"['HK.LIST1110', 'HK.LIST1178', 'HK.LIST1305']"
HK.HRB260929P4200,HK.09660,HRB,2026-06-30 13:49:10,1782798550.0,BUY,0.51,100,153000.0,PUT,4.2,2026-09-29,1790611200.0,9,4.28,1.869,0.47,0.51,64.596,145,228,0.63596,-0.406761972,0.28359844,0.008269925,-0.002749313,-0.004725617,BEARISH,['NORMAL'],SINGLE_LEG,N/A,N/A,N/A,['HK.LIST23363'],"['HK.LIST22912', 'HK.LIST23586', 'HK.LIST23589', 'HK.LIST23593', 'HK.LIST24037', 'HK.LIST24339']"
HK.HRB260929P3700,HK.09660,HRB,2026-06-30 13:49:02,1782798542.0,BUY,0.26,1668,1301040.0,PUT,3.7,2026-09-29,1790611200.0,9,4.27,13.348,0.25,0.26,64.778,5000,5000,1.0,-0.27407019,0.244180399,0.007036603,-0.002381639,-0.003123978,BEARISH,['NORMAL'],SINGLE_LEG,N/A,N/A,N/A,['HK.LIST23363'],"['HK.LIST22912', 'HK.LIST23586', 'HK.LIST23589', 'HK.LIST23593', 'HK.LIST24037', 'HK.LIST24339']"
HK.HRB260929P3700,HK.09660,HRB,2026-06-30 13:47:46,1782798466.0,BUY,0.29,1894,1647780.0,PUT,3.7,2026-09-29,1790611200.0,9,4.23,12.529,0.28,0.29,70.424,2500,5000,0.5,-0.28116556,0.227407784,0.00712566,-0.002628821,-0.003275736,BEARISH,['NORMAL'],SINGLE_LEG,N/A,N/A,N/A,['HK.LIST23363'],"['HK.LIST22912', 'HK.LIST23586', 'HK.LIST23589', 'HK.LIST23593', 'HK.LIST24037', 'HK.LIST24339']"
HK.CHU261029P6500,HK.00762,CHU,2026-06-30 13:33:38,1782797618.0,BUY,0.75,250,375000.0,PUT,6.5,2026-10-29,1793203200.0,39,6.08,-6.907,0.73,0.76,39.852,300,N/A,0.0,-0.553734486,0.292180097,0.013794953,-0.001952983,-0.010552031,BEARISH,['NORMAL'],SINGLE_LEG,N/A,N/A,N/A,['HK.LIST1054'],"['HK.LIST1176', 'HK.LIST1180', 'HK.LIST1214', 'HK.LIST1305', 'HK.LIST1344', 'HK.LIST1348', 'HK.LIST22928', 'HK.LIST23586', 'HK.LIST23589']"
HK.CTC261230P4300,HK.00728,CTC,2026-06-30 13:00:56,1782795656.0,BUY,0.33,400,264000.0,PUT,4.3,2026-12-30,1798560000.0,101,4.33,0.692,0.31,0.33,29.851,400,160,2.5,-0.415377637,0.438646281,0.011914276,-0.00080709,-0.008216788,BEARISH,['NORMAL'],SINGLE_LEG,N/A,N/A,"[{'action_type': 7, 'action_time': '2026-09-02', 'action_timestamp': 1788278400.0}]",['HK.LIST1054'],"['HK.LIST1176', 'HK.LIST1214', 'HK.LIST1305', 'HK.LIST1344', 'HK.LIST1348', 'HK.LIST22928', 'HK.LIST23586', 'HK.LIST23589']"
HK.INB260929P80000,HK.01801,INB,2026-06-30 11:41:21,1782790881.0,BUY,8.5,462,3927000.0,PUT,80.0,2026-09-29,1790611200.0,9,79.0,-1.265,8.44,8.5,53.009,510,1291,0.39504,-0.453380852,0.019112129,0.156404662,-0.041849813,-0.092545116,BEARISH,['NORMAL'],SINGLE_LEG,N/A,N/A,N/A,['HK.LIST1067'],['HK.LIST23675']
HK.BYD270330P60000,HK.01211,BYD,2026-06-30 11:40:06,1782790806.0,BUY,3.81,200,381000.0,PUT,60.0,2027-03-30,1806336000.0,191,72.35,17.069,3.79,3.81,40.549,3080,3152,0.97715,-0.219237595,0.011777642,0.18465723,-0.012102511,-0.119622039,BEARISH,['NORMAL'],SINGLE_LEG,N/A,N/A,N/A,N/A,"['HK.LIST1180', 'HK.LIST1217', 'HK.LIST1305', 'HK.LIST1314', 'HK.LIST1334', 'HK.LIST22910', 'HK.LIST23589']"
HK.BCM260929P7250,HK.03328,BCM,2026-06-30 11:29:11,1782790151.0,BUY,0.78,149,116220.0,PUT,7.25,2026-09-29,1790611200.0,9,6.66,-8.858,0.69,0.78,31.008,149,1600,0.09312,-0.664384485,0.375176508,0.012042258,-0.001678419,-0.009234854,BEARISH,['NORMAL'],SINGLE_LEG,N/A,N/A,"[{'action_type': 7, 'action_time': '2026-07-02', 'action_timestamp': 1782921600.0}]",['HK.LIST1079'],"['HK.LIST1239', 'HK.LIST1305', 'HK.LIST1344', 'HK.LIST1348']"
HK.PEC270629P7500,HK.00857,PEC,2026-06-30 11:02:54,1782788574.0,BUY,0.72,485,698400.0,PUT,7.5,2027-06-29,1814198400.0,282,8.37,10.394,0.71,0.72,37.826,495,318,1.5566,-0.290878851,0.111359256,0.028520009,-0.001237409,-0.024192239,BEARISH,['NORMAL'],SINGLE_LEG,N/A,N/A,"[{'action_type': 7, 'action_time': '2026-09-10', 'action_timestamp': 1788969600.0}]",['HK.LIST1042'],"['HK.LIST1175', 'HK.LIST1205', 'HK.LIST1241', 'HK.LIST1305', 'HK.LIST1344', 'HK.LIST1348', 'HK.LIST1362', 'HK.LIST22928']"
HK.NBM261029P5000,HK.03323,NBM,2026-06-30 10:21:15,1782786075.0,BUY,0.71,150,213000.0,PUT,5.0,2026-10-29,1793203200.0,39,5.29,5.482,0.7,0.71,74.512,150,N/A,0.0,-0.354298182,0.164558553,0.011358852,-0.003278004,-0.007239089,BEARISH,['NORMAL'],SINGLE_LEG,N/A,N/A,N/A,N/A,"['HK.LIST1242', 'HK.LIST1314', 'HK.LIST1344', 'HK.LIST1348', 'HK.LIST24125']"
HK.XAB260929P5250,HK.01288,XAB,2026-06-30 10:06:16,1782785176.0,BUY,0.292,140,408800.0,PUT,5.25,2026-09-29,1790611200.0,9,5.2,-0.961,0.278,0.3,27.453,20,422,0.04739,-0.480638347,0.572917498,0.010306843,-0.001330812,-0.005543238,BEARISH,['NORMAL'],SINGLE_LEG,N/A,N/A,N/A,['HK.LIST1079'],"['HK.LIST1239', 'HK.LIST1305', 'HK.LIST1344', 'HK.LIST1348']"
HK.CRL270330P30000,HK.01109,CRL,2026-06-30 09:56:03,1782784563.0,BUY,3.8,200,380000.0,PUT,30.0,2027-03-30,1806336000.0,191,30.02,0.066,3.43,3.8,38.805,200,25,8.0,-0.410225245,0.039964859,0.100437729,-0.005920924,-0.090287011,BEARISH,['NORMAL'],SINGLE_LEG,N/A,N/A,"[{'action_type': 7, 'action_time': '2026-09-10', 'action_timestamp': 1788969600.0}]",['HK.LIST1019'],"['HK.LIST1234', 'HK.LIST1305', 'HK.LIST1348']"
HK.SHZ260929P40000,HK.02313,SHZ,2026-06-29 09:42:41,1782697361.0,BUY,3.6,100,180000.0,PUT,40.0,2026-09-29,1790611200.0,9,39.74,-0.654,3.54,3.6,45.739,102,97,1.05154,-0.444988504,0.04356755,0.079154796,-0.017884876,-0.044789317,BEARISH,['NORMAL'],SINGLE_LEG,N/A,N/A,"[{'action_type': 7, 'action_time': '2026-09-08', 'action_timestamp': 1788796800.0}]",['HK.LIST1277'],['HK.LIST24231']
HK.TRF270629P22000,HK.02800,TRF,2026-06-26 15:59:01,1782460741.0,BUY,1.47,150,110250.0,PUT,22.0,2027-06-29,1814198400.0,282,23.08,4.679,1.46,1.47,23.66,151,109,1.38532,-0.333940634,0.070070984,0.083334455,-0.002009503,-0.067115832,BEARISH,['NORMAL'],SINGLE_LEG,N/A,N/A,N/A,N/A,N/A
HK.BIU261230P97500,HK.09888,BIU,2026-06-26 15:33:06,1782459186.0,BUY,13.0,350,682500.0,PUT,97.5,2026-12-30,1798560000.0,101,99.25,1.763,12.88,13.0,52.418,876,1043,0.83988,-0.392903053,0.010505583,0.272460303,-0.034032092,-0.213311498,BEARISH,['NORMAL'],SINGLE_LEG,N/A,N/A,N/A,['HK.LIST23360'],"['HK.LIST1304', 'HK.LIST22886', 'HK.LIST23586', 'HK.LIST23589', 'HK.LIST24037', 'HK.LIST24062']"
HK.HRB270629P3600,HK.09660,HRB,2026-06-26 15:22:57,1782458577.0,BUY,0.72,250,540000.0,PUT,3.6,2027-06-29,1814198400.0,282,3.63,0.826,0.68,0.73,54.441,250,N/A,0.0,-0.369207802,0.196297102,0.013712986,-0.000861199,-0.015362212,BEARISH,['NORMAL'],SINGLE_LEG,N/A,N/A,N/A,['HK.LIST23363'],"['HK.LIST22912', 'HK.LIST23586', 'HK.LIST23589', 'HK.LIST23593', 'HK.LIST24037', 'HK.LIST24339']"
HK.MIU270330P30000,HK.01810,MIU,2026-06-26 14:47:08,1782456428.0,BUY,9.05,200,1810000.0,PUT,30.0,2027-03-30,1806336000.0,191,21.46,-39.794,8.92,9.1,42.86,210,3424,0.06133,-0.776753611,0.049168459,0.053522549,-0.002888437,-0.094428723,BEARISH,['NORMAL'],SINGLE_LEG,N/A,N/A,N/A,['HK.LIST1055'],"['HK.LIST1161', 'HK.LIST1166', 'HK.LIST1217', 'HK.LIST1305', 'HK.LIST1328', 'HK.LIST1331', 'HK.LIST1351', 'HK.LIST22886', 'HK.LIST22910', 'HK.LIST22928', 'HK.LIST23586', 'HK.LIST23589', 'HK.LIST23593', 'HK.LIST23676', 'HK.LIST24037', 'HK.LIST24062']"
HK.A50261230P14500,HK.02823,A50,2026-06-26 14:27:37,1782455257.0,BUY,0.23,195,224250.0,PUT,14.5,2026-12-30,1798560000.0,101,17.09,15.155,0.18,0.23,24.186,130,15,8.66666,-0.128196445,0.071202291,0.025576155,-0.001455353,-0.010139346,BEARISH,['NORMAL'],SINGLE_LEG,N/A,N/A,N/A,N/A,N/A
HK.A50261230P15000,HK.02823,A50,2026-06-26 14:27:37,1782455257.0,BUY,0.31,180,279000.0,PUT,15.0,2026-12-30,1798560000.0,101,17.09,12.229,0.26,0.31,23.683,190,32,5.9375,-0.170051211,0.088161187,0.030879903,-0.001692456,-0.013440643,BEARISH,['NORMAL'],SINGLE_LEG,N/A,N/A,N/A,N/A,N/A
HK.HNP260929P8250,HK.00902,HNP,2026-06-26 13:34:49,1782452089.0,BUY,2.9,148,858400.0,PUT,8.25,2026-09-29,1790611200.0,9,5.39,-53.061,2.87,N/A,0.0,148,280,0.52857,0.0,0.0,0.0,0.0,0.0,BEARISH,['NORMAL'],SINGLE_LEG,N/A,N/A,N/A,['HK.LIST1051'],"['HK.LIST1207', 'HK.LIST1329', 'HK.LIST1348']"
HK.MIU270330P28000,HK.01810,MIU,2026-06-26 11:58:37,1782446317.0,BUY,7.3,220,1606000.0,PUT,28.0,2027-03-30,1806336000.0,191,21.5,-30.232,6.87,7.35,40.489,221,1518,0.14558,-0.721135238,0.053938023,0.061074671,-0.003207296,-0.094621612,BEARISH,['NORMAL'],SINGLE_LEG,N/A,N/A,N/A,['HK.LIST1055'],"['HK.LIST1161', 'HK.LIST1166', 'HK.LIST1217', 'HK.LIST1305', 'HK.LIST1328', 'HK.LIST1331', 'HK.LIST1351', 'HK.LIST22886', 'HK.LIST22910', 'HK.LIST22928', 'HK.LIST23586', 'HK.LIST23589', 'HK.LIST23593', 'HK.LIST23676', 'HK.LIST24037', 'HK.LIST24062']"
HK.MIU270330P27000,HK.01810,MIU,2026-06-26 11:56:11,1782446171.0,BUY,6.5,200,1300000.0,PUT,27.0,2027-03-30,1806336000.0,191,21.52,-25.464,6.17,6.58,40.398,202,2748,0.0735,-0.679269027,0.055043653,0.065544766,-0.003527396,-0.094301643,BEARISH,['NORMAL'],SINGLE_LEG,N/A,N/A,N/A,['HK.LIST1055'],"['HK.LIST1161', 'HK.LIST1166', 'HK.LIST1217', 'HK.LIST1305', 'HK.LIST1328', 'HK.LIST1331', 'HK.LIST1351', 'HK.LIST22886', 'HK.LIST22910', 'HK.LIST22928', 'HK.LIST23586', 'HK.LIST23589', 'HK.LIST23593', 'HK.LIST23676', 'HK.LIST24037', 'HK.LIST24062']"
HK.ZJM270330P27000,HK.02899,ZJM,2026-06-26 10:09:57,1782439797.0,BUY,3.96,200,1584000.0,PUT,27.0,2027-03-30,1806336000.0,191,27.74,2.667,3.92,3.96,49.686,200,541,0.36968,-0.371027107,0.032184732,0.091243718,-0.007066921,-0.084029949,BEARISH,['NORMAL'],SINGLE_LEG,N/A,N/A,"[{'action_type': 7, 'action_time': '2026-07-23', 'action_timestamp': 1784736000.0}]",['HK.LIST1084'],"['HK.LIST1222', 'HK.LIST1305', 'HK.LIST1312', 'HK.LIST1314', 'HK.LIST1348', 'HK.LIST1362', 'HK.LIST24039']"
HK.KST260929P40000,HK.01024,KST,2026-06-25 15:36:05,1782372965.0,BUY,3.46,235,406550.0,PUT,40.0,2026-09-29,1790611200.0,9,42.0,4.761,3.39,3.46,53.98,496,593,0.83642,-0.366052255,0.032599738,0.080928876,-0.021190207,-0.042151825,BEARISH,['NORMAL'],SINGLE_LEG,N/A,N/A,"[{'action_type': 7, 'action_time': '2026-06-29', 'action_timestamp': 1782662400.0}]",N/A,"['HK.LIST1305', 'HK.LIST1306', 'HK.LIST1328', 'HK.LIST22886', 'HK.LIST23586', 'HK.LIST24037']"
HK.KST260929P40000,HK.01024,KST,2026-06-25 15:35:51,1782372951.0,BUY,3.46,235,406550.0,PUT,40.0,2026-09-29,1790611200.0,9,41.98,4.716,3.43,3.46,53.98,268,593,0.45193,-0.366052255,0.032599738,0.080928876,-0.021190207,-0.042151825,BEARISH,['NORMAL'],SINGLE_LEG,N/A,N/A,"[{'action_type': 7, 'action_time': '2026-06-29', 'action_timestamp': 1782662400.0}]",N/A,"['HK.LIST1305', 'HK.LIST1306', 'HK.LIST1328', 'HK.LIST22886', 'HK.LIST23586', 'HK.LIST24037']"
HK.JDC260929P100000,HK.09618,JDC,2026-06-25 15:28:13,1782372493.0,BUY,8.52,250,1065000.0,PUT,100.0,2026-09-29,1790611200.0,9,98.15,-1.884,8.39,8.56,39.601,640,8295,0.07715,-0.48080375,0.020334155,0.200104112,-0.036793728,-0.119220742,BEARISH,['NORMAL'],SINGLE_LEG,N/A,N/A,N/A,['HK.LIST23361'],"['HK.LIST1161', 'HK.LIST1304', 'HK.LIST22886', 'HK.LIST23586', 'HK.LIST23674', 'HK.LIST24037', 'HK.LIST24062']"
HK.JDC260929P100000,HK.09618,JDC,2026-06-25 15:27:11,1782372431.0,BUY,8.54,235,1003450.0,PUT,100.0,2026-09-29,1790611200.0,9,98.25,-1.781,8.39,8.54,39.456,239,8295,0.02881,-0.4820579,0.020426301,0.200025061,-0.03662062,-0.119339249,BEARISH,['NORMAL'],SINGLE_LEG,N/A,N/A,N/A,['HK.LIST23361'],"['HK.LIST1161', 'HK.LIST1304', 'HK.LIST22886', 'HK.LIST23586', 'HK.LIST23674', 'HK.LIST24037', 'HK.LIST24062']"
HK.PAI261230P50000,HK.02318,PAI,2026-06-25 14:33:24,1782369204.0,BUY,3.56,500,890000.0,PUT,50.0,2026-12-30,1798560000.0,101,51.55,3.006,3.53,3.56,31.99,1590,12786,0.12435,-0.379491973,0.033000059,0.140034269,-0.010087182,-0.093861686,BEARISH,['NORMAL'],SINGLE_LEG,N/A,N/A,"[{'action_type': 7, 'action_time': '2026-09-02', 'action_timestamp': 1788278400.0}]",['HK.LIST1003'],"['HK.LIST1110', 'HK.LIST1178', 'HK.LIST1305']"
HK.MET260929P65000,HK.03690,MET,2026-06-25 14:23:44,1782368624.0,BUY,5.26,200,526000.0,PUT,65.0,2026-09-29,1790611200.0,9,66.35,2.034,5.21,5.26,46.269,1072,9325,0.11495,-0.403224982,0.024789909,0.131770032,-0.029096913,-0.070865486,BEARISH,['NORMAL'],SINGLE_LEG,N/A,N/A,N/A,['HK.LIST23361'],"['HK.LIST1305', 'HK.LIST1998', 'HK.LIST22886', 'HK.LIST22928', 'HK.LIST23586', 'HK.LIST24037', 'HK.LIST24062']"
HK.PAI261230P50000,HK.02318,PAI,2026-06-25 14:23:24,1782368604.0,BUY,3.54,490,867300.0,PUT,50.0,2026-12-30,1798560000.0,101,51.6,3.1,3.52,3.54,31.981,1030,12786,0.08055,-0.377836073,0.032924579,0.139989048,-0.01008558,-0.093573314,BEARISH,['NORMAL'],SINGLE_LEG,N/A,N/A,"[{'action_type': 7, 'action_time': '2026-09-02', 'action_timestamp': 1788278400.0}]",['HK.LIST1003'],"['HK.LIST1110', 'HK.LIST1178', 'HK.LIST1305']"
HK.MET260929P65000,HK.03690,MET,2026-06-25 14:14:31,1782368071.0,BUY,5.22,200,522000.0,PUT,65.0,2026-09-29,1790611200.0,9,66.4,2.108,5.2,5.22,46.078,846,9325,0.09072,-0.403212075,0.024892741,0.131771635,-0.028966437,-0.070801644,BEARISH,['NORMAL'],SINGLE_LEG,N/A,N/A,N/A,['HK.LIST23361'],"['HK.LIST1305', 'HK.LIST1998', 'HK.LIST22886', 'HK.LIST22928', 'HK.LIST23586', 'HK.LIST24037', 'HK.LIST24062']"
HK.MET260929P65000,HK.03690,MET,2026-06-25 14:11:56,1782367916.0,BUY,5.18,200,518000.0,PUT,65.0,2026-09-29,1790611200.0,9,66.45,2.182,5.15,5.18,46.003,646,9325,0.06927,-0.400717305,0.024852784,0.13176202,-0.028925213,-0.070457471,BEARISH,['NORMAL'],SINGLE_LEG,N/A,N/A,N/A,['HK.LIST23361'],"['HK.LIST1305', 'HK.LIST1998', 'HK.LIST22886', 'HK.LIST22928', 'HK.LIST23586', 'HK.LIST24037', 'HK.LIST24062']"
HK.HRB260929P3700,HK.09660,HRB,2026-06-25 14:10:30,1782367830.0,BUY,0.38,1760,2006400.0,PUT,3.7,2026-09-29,1790611200.0,9,3.82,3.141,0.35,0.38,57.727,3041,N/A,0.0,-0.385218215,0.339532385,0.007505324,-0.002102729,-0.00411829,BEARISH,['NORMAL'],SINGLE_LEG,N/A,N/A,N/A,['HK.LIST23363'],"['HK.LIST22912', 'HK.LIST23586', 'HK.LIST23589', 'HK.LIST23593', 'HK.LIST24037', 'HK.LIST24339']"
HK.HRB260929P3700,HK.09660,HRB,2026-06-25 14:10:30,1782367830.0,BUY,0.38,240,273600.0,PUT,3.7,2026-09-29,1790611200.0,9,3.82,3.141,0.35,0.38,57.727,3172,N/A,0.0,-0.385218215,0.339532385,0.007505324,-0.002102729,-0.00411829,BEARISH,['NORMAL'],SINGLE_LEG,N/A,N/A,N/A,['HK.LIST23363'],"['HK.LIST22912', 'HK.LIST23586', 'HK.LIST23589', 'HK.LIST23593', 'HK.LIST24037', 'HK.LIST24339']"
HK.PAI261230P50000,HK.02318,PAI,2026-06-25 14:10:16,1782367816.0,BUY,3.53,500,882500.0,PUT,50.0,2026-12-30,1798560000.0,101,51.6,3.1,3.5,3.53,32.08,530,12786,0.04145,-0.376290073,0.032740068,0.139957606,-0.010122722,-0.093384721,BEARISH,['NORMAL'],SINGLE_LEG,N/A,N/A,"[{'action_type': 7, 'action_time': '2026-09-02', 'action_timestamp': 1788278400.0}]",['HK.LIST1003'],"['HK.LIST1110', 'HK.LIST1178', 'HK.LIST1305']"
HK.MET260929P65000,HK.03690,MET,2026-06-25 14:10:01,1782367801.0,BUY,5.16,200,516000.0,PUT,65.0,2026-09-29,1790611200.0,9,66.55,2.329,5.13,5.16,46.154,446,9325,0.04782,-0.398262657,0.02469012,0.131751147,-0.029036057,-0.070195506,BEARISH,['NORMAL'],SINGLE_LEG,N/A,N/A,N/A,['HK.LIST23361'],"['HK.LIST1305', 'HK.LIST1998', 'HK.LIST22886', 'HK.LIST22928', 'HK.LIST23586', 'HK.LIST24037', 'HK.LIST24062']"
HK.HRB260929P3700,HK.09660,HRB,2026-06-25 14:02:02,1782367322.0,BUY,0.37,510,566100.0,PUT,3.7,2026-09-29,1790611200.0,9,3.84,3.645,0.36,0.37,58.236,1584,N/A,0.0,-0.381843083,0.334736346,0.007505714,-0.002123286,-0.004102191,BEARISH,['NORMAL'],SINGLE_LEG,N/A,N/A,N/A,['HK.LIST23363'],"['HK.LIST22912', 'HK.LIST23586', 'HK.LIST23589', 'HK.LIST23593', 'HK.LIST24037', 'HK.LIST24339']"
HK.HRB260929P3700,HK.09660,HRB,2026-06-25 14:02:02,1782367322.0,BUY,0.37,680,754800.0,PUT,3.7,2026-09-29,1790611200.0,9,3.84,3.645,0.36,0.37,58.236,1334,N/A,0.0,-0.381843083,0.334736346,0.007505714,-0.002123286,-0.004102191,BEARISH,['NORMAL'],SINGLE_LEG,N/A,N/A,N/A,['HK.LIST23363'],"['HK.LIST22912', 'HK.LIST23586', 'HK.LIST23589', 'HK.LIST23593', 'HK.LIST24037', 'HK.LIST24339']"
HK.HRB260929P3700,HK.09660,HRB,2026-06-25 14:01:38,1782367298.0,BUY,0.35,1004,1054200.0,PUT,3.7,2026-09-29,1790611200.0,9,3.83,3.394,0.32,0.35,53.727,882,N/A,0.0,-0.385044717,0.364916252,0.007503447,-0.001948288,-0.004043332,BEARISH,['NORMAL'],SINGLE_LEG,N/A,N/A,N/A,['HK.LIST23363'],"['HK.LIST22912', 'HK.LIST23586', 'HK.LIST23589', 'HK.LIST23593', 'HK.LIST24037', 'HK.LIST24339']"
HK.HRB260929P3700,HK.09660,HRB,2026-06-25 14:01:38,1782367298.0,BUY,0.35,180,189000.0,PUT,3.7,2026-09-29,1790611200.0,9,3.83,3.394,0.32,0.35,53.727,150,N/A,0.0,-0.385044717,0.364916252,0.007503447,-0.001948288,-0.004043332,BEARISH,['NORMAL'],SINGLE_LEG,N/A,N/A,N/A,['HK.LIST23363'],"['HK.LIST22912', 'HK.LIST23586', 'HK.LIST23589', 'HK.LIST23593', 'HK.LIST24037', 'HK.LIST24339']"
HK.POP260929P155000,HK.09992,POP,2026-06-25 13:50:50,1782366650.0,BUY,15.25,300,915000.0,PUT,155.0,2026-09-29,1790611200.0,9,155.0,0.0,15.11,15.25,50.198,451,1271,0.35483,-0.436947424,0.009977266,0.312798212,-0.074929009,-0.182225908,BEARISH,['NORMAL'],SINGLE_LEG,N/A,N/A,N/A,['HK.LIST1047'],"['HK.LIST1328', 'HK.LIST23676']"
HK.TRP261230P320000,HK.09961,TRP,2026-06-25 11:31:44,1782358304.0,BUY,34.48,100,517200.0,PUT,320.0,2026-12-30,1798560000.0,101,316.0,-1.265,29.45,34.48,36.48,505,59,8.55932,-0.440696555,0.004893123,0.89404272,-0.073348933,-0.685506607,BEARISH,['NORMAL'],SINGLE_LEG,N/A,N/A,N/A,['HK.LIST1034'],"['HK.LIST1304', 'HK.LIST1998', 'HK.LIST22886']"
HK.CSP261230P5500,HK.01093,CSP,2026-06-25 11:19:44,1782357584.0,BUY,0.35,200,140000.0,PUT,5.5,2026-12-30,1798560000.0,101,6.75,18.518,0.33,0.35,49.251,200,182,1.0989,-0.209943899,0.121271026,0.013976657,-0.001681705,-0.007613983,BEARISH,['NORMAL'],SINGLE_LEG,N/A,N/A,"[{'action_type': 7, 'action_time': '2026-10-20', 'action_timestamp': 1792425600.0}]",['HK.LIST1067'],['HK.LIST23675']
HK.MET260929P105000,HK.03690,MET,2026-06-25 11:02:44,1782356564.0,BUY,38.42,200,3842000.0,PUT,105.0,2026-09-29,1790611200.0,9,66.8,-57.185,36.76,40.07,57.673,200,2984,0.06702,-0.941713635,0.010589197,0.037021653,-0.007897347,-0.082280801,BEARISH,['NORMAL'],SINGLE_LEG,N/A,N/A,N/A,['HK.LIST23361'],"['HK.LIST1305', 'HK.LIST1998', 'HK.LIST22886', 'HK.LIST22928', 'HK.LIST23586', 'HK.LIST24037', 'HK.LIST24062']"
HK.CPI270330P25000,HK.02601,CPI,2026-06-25 10:48:01,1782355681.0,BUY,1.91,125,238750.0,PUT,25.0,2027-03-30,1806336000.0,191,27.94,10.522,1.79,1.91,36.996,125,77,1.62337,-0.27875877,0.037777489,0.081986677,-0.004679303,-0.058651437,BEARISH,['NORMAL'],SINGLE_LEG,N/A,N/A,"[{'action_type': 7, 'action_time': '2026-09-08', 'action_timestamp': 1788796800.0}]",N/A,"['HK.LIST1287', 'HK.LIST1305']"
HK.TRP261230P320000,HK.09961,TRP,2026-06-25 10:39:11,1782355151.0,BUY,30.0,100,450000.0,PUT,320.0,2026-12-30,1798560000.0,101,325.8,1.78,29.45,30.0,38.607,405,59,6.8644,-0.393235951,0.004334303,0.900319266,-0.079785963,-0.647290046,BEARISH,['NORMAL'],SINGLE_LEG,N/A,N/A,N/A,['HK.LIST1034'],"['HK.LIST1304', 'HK.LIST1998', 'HK.LIST22886']"
HK.TRP261230P320000,HK.09961,TRP,2026-06-25 10:26:43,1782354403.0,BUY,28.0,100,420000.0,PUT,320.0,2026-12-30,1798560000.0,101,328.8,2.676,24.92,30.09,37.118,213,59,3.61016,-0.385196534,0.004456636,0.899870506,-0.076477017,-0.631763756,BEARISH,['NORMAL'],SINGLE_LEG,N/A,N/A,N/A,['HK.LIST1034'],"['HK.LIST1304', 'HK.LIST1998', 'HK.LIST22886']"
HK.TRP261230P320000,HK.09961,TRP,2026-06-25 10:25:26,1782354326.0,BUY,29.0,100,435000.0,PUT,320.0,2026-12-30,1798560000.0,101,328.4,2.557,24.92,29.0,36.513,205,59,3.47457,-0.38502749,0.004531562,0.899660609,-0.075064562,-0.628802073,BEARISH,['NORMAL'],SINGLE_LEG,N/A,N/A,N/A,['HK.LIST1034'],"['HK.LIST1304', 'HK.LIST1998', 'HK.LIST22886']"
HK.TRP260929P330000,HK.09961,TRP,2026-06-25 09:36:40,1782351400.0,BUY,18.26,545,1492755.0,PUT,330.0,2026-09-29,1790611200.0,9,327.2,-0.855,N/A,N/A,25.51,545,1014,0.53747,-0.483938887,0.009603342,0.664510016,-0.074365582,-0.363254252,BEARISH,['NORMAL'],SINGLE_LEG,N/A,N/A,N/A,['HK.LIST1034'],"['HK.LIST1304', 'HK.LIST1998', 'HK.LIST22886']"
HK.CHU260929P6000,HK.00762,CHU,2026-06-25 09:36:10,1782351370.0,BUY,0.18,280,100800.0,PUT,6.0,2026-09-29,1790611200.0,9,6.51,7.834,0.16,0.18,29.988,215,769,0.27958,-0.25401678,0.321899441,0.010692451,-0.00151279,-0.004081449,BEARISH,['NORMAL'],SINGLE_LEG,N/A,N/A,N/A,['HK.LIST1054'],"['HK.LIST1176', 'HK.LIST1180', 'HK.LIST1214', 'HK.LIST1305', 'HK.LIST1344', 'HK.LIST1348', 'HK.LIST22928', 'HK.LIST23586', 'HK.LIST23589']"
HK.CPI270629P30000,HK.02601,CPI,2026-06-24 15:46:27,1782287187.0,BUY,5.3,200,1060000.0,PUT,30.0,2027-06-29,1814198400.0,282,27.76,-8.069,5.24,5.32,40.223,1300,235,5.53191,-0.475665313,0.037874047,0.110190377,-0.004694115,-0.130516255,BEARISH,['NORMAL'],MULTI_LEG,N/A,N/A,"[{'action_type': 7, 'action_time': '2026-09-08', 'action_timestamp': 1788796800.0}]",N/A,"['HK.LIST1287', 'HK.LIST1305']"
HK.CSE261230P40000,HK.01088,CSE,2026-06-24 15:34:09,1782286449.0,BUY,3.1,100,155000.0,PUT,40.0,2026-12-30,1798560000.0,101,41.78,4.26,3.03,3.1,36.036,100,200,0.5,-0.359848607,0.035186385,0.112179905,-0.009244208,-0.075064564,BEARISH,['NORMAL'],SINGLE_LEG,N/A,N/A,"[{'action_type': 7, 'action_time': '2026-07-02', 'action_timestamp': 1782921600.0}, {'action_type': 7, 'action_time': '2026-10-08', 'action_timestamp': 1791388800.0}]",N/A,"['HK.LIST1216', 'HK.LIST1305', 'HK.LIST1314', 'HK.LIST1344', 'HK.LIST1348', 'HK.LIST22928']"
HK.CPI270629P30000,HK.02601,CPI,2026-06-24 14:32:52,1782282772.0,BUY,5.45,303,1651350.0,PUT,30.0,2027-06-29,1814198400.0,282,27.66,-8.459,5.24,5.59,40.87,811,235,3.45106,-0.475602513,0.037323954,0.109984494,-0.004772547,-0.13110962,BEARISH,['NORMAL'],MULTI_LEG,N/A,N/A,"[{'action_type': 7, 'action_time': '2026-09-08', 'action_timestamp': 1788796800.0}]",N/A,"['HK.LIST1287', 'HK.LIST1305']"
HK.BIU270330P92500,HK.09888,BIU,2026-06-24 10:00:45,1782266445.0,BUY,10.05,200,301500.0,PUT,92.5,2027-03-30,1806336000.0,191,106.9,13.47,9.81,10.15,50.312,200,954,0.20964,-0.27564643,0.007216089,0.311352348,-0.024871218,-0.242625336,BEARISH,['NORMAL'],SINGLE_LEG,N/A,N/A,N/A,['HK.LIST23360'],"['HK.LIST1304', 'HK.LIST22886', 'HK.LIST23586', 'HK.LIST23589', 'HK.LIST24037', 'HK.LIST24062']"
HK.BYD270629P60000,HK.01211,BYD,2026-06-23 15:56:32,1782201392.0,BUY,3.86,225,434250.0,PUT,60.0,2027-06-29,1814198400.0,282,75.9,20.948,3.78,3.88,39.393,225,51,4.41176,-0.192560251,0.009201574,0.20902274,-0.009614065,-0.150066624,BEARISH,['NORMAL'],SINGLE_LEG,N/A,N/A,N/A,N/A,"['HK.LIST1180', 'HK.LIST1217', 'HK.LIST1305', 'HK.LIST1314', 'HK.LIST1334', 'HK.LIST22910', 'HK.LIST23589']"
HK.MET270629P55000,HK.03690,MET,2026-06-23 15:52:02,1782201122.0,BUY,4.64,250,580000.0,PUT,55.0,2027-06-29,1814198400.0,282,69.65,21.033,4.61,4.64,45.043,500,213,2.34741,-0.207676913,0.009178035,0.200820425,-0.010661722,-0.154738381,BEARISH,['NORMAL'],SINGLE_LEG,N/A,N/A,N/A,['HK.LIST23361'],"['HK.LIST1305', 'HK.LIST1998', 'HK.LIST22886', 'HK.LIST22928', 'HK.LIST23586', 'HK.LIST24037', 'HK.LIST24062']"
HK.MET270629P55000,HK.03690,MET,2026-06-23 15:51:54,1782201114.0,BUY,4.64,250,580000.0,PUT,55.0,2027-06-29,1814198400.0,282,69.65,21.033,4.61,4.64,45.043,250,213,1.1737,-0.207676913,0.009178035,0.200820425,-0.010661722,-0.154738381,BEARISH,['NORMAL'],SINGLE_LEG,N/A,N/A,N/A,['HK.LIST23361'],"['HK.LIST1305', 'HK.LIST1998', 'HK.LIST22886', 'HK.LIST22928', 'HK.LIST23586', 'HK.LIST24037', 'HK.LIST24062']"
HK.PAI260929P50000,HK.02318,PAI,2026-06-23 15:48:30,1782200910.0,BUY,1.92,400,384000.0,PUT,50.0,2026-09-29,1790611200.0,9,53.5,6.542,1.84,1.92,32.839,1015,31520,0.0322,-0.295198357,0.038188716,0.095585542,-0.014538846,-0.040211429,BEARISH,['NORMAL'],SINGLE_LEG,N/A,N/A,"[{'action_type': 7, 'action_time': '2026-09-02', 'action_timestamp': 1788278400.0}]",N/A,"['HK.LIST1110', 'HK.LIST1178', 'HK.LIST1305']"
HK.PAI260929P50000,HK.02318,PAI,2026-06-23 15:48:30,1782200910.0,BUY,1.92,390,374400.0,PUT,50.0,2026-09-29,1790611200.0,9,53.5,6.542,1.84,1.92,32.839,821,31520,0.02604,-0.295198357,0.038188716,0.095585542,-0.014538846,-0.040211429,BEARISH,['NORMAL'],SINGLE_LEG,N/A,N/A,"[{'action_type': 7, 'action_time': '2026-09-02', 'action_timestamp': 1788278400.0}]",N/A,"['HK.LIST1110', 'HK.LIST1178', 'HK.LIST1305']"
HK.SHL261230P2600,HK.00968,SHL,2026-06-23 15:02:41,1782198161.0,BUY,0.66,100,132000.0,PUT,2.6,2026-12-30,1798560000.0,101,2.07,-25.603,0.61,0.69,55.615,190,418,0.45454,-0.642744679,0.482817957,0.005498797,-0.000667463,-0.007109738,BEARISH,['NORMAL'],SINGLE_LEG,N/A,N/A,"[{'action_type': 7, 'action_time': '2026-08-13', 'action_timestamp': 1786550400.0}]",N/A,"['HK.LIST1224', 'HK.LIST1233']"
HK.HRB260929P3900,HK.09660,HRB,2026-06-23 14:42:40,1782196960.0,BUY,0.41,270,332100.0,PUT,3.9,2026-09-29,1790611200.0,9,3.92,0.51,0.38,0.41,52.96,213,N/A,0.0,-0.419386218,0.364846753,0.007969277,-0.001984515,-0.00460669,BEARISH,['NORMAL'],SINGLE_LEG,N/A,N/A,N/A,['HK.LIST23363'],"['HK.LIST22912', 'HK.LIST23586', 'HK.LIST23589', 'HK.LIST23593', 'HK.LIST24037', 'HK.LIST24339']"
HK.CPC270330P3900,HK.00386,CPC,2026-06-23 13:55:26,1782194126.0,BUY,0.23,960,441600.0,PUT,3.9,2027-03-30,1806336000.0,191,4.09,4.645,0.21,0.23,25.118,112,353,0.31728,-0.332170399,0.418016284,0.012938942,-0.000459122,-0.009247914,BEARISH,['NORMAL'],SINGLE_LEG,N/A,N/A,"[{'action_type': 7, 'action_time': '2026-09-21', 'action_timestamp': 1789920000.0}]",N/A,"['HK.LIST1175', 'HK.LIST1205', 'HK.LIST1241', 'HK.LIST1305', 'HK.LIST1342', 'HK.LIST1344', 'HK.LIST1348', 'HK.LIST22928']"
HK.LAU260929P49000,HK.02015,LAU,2026-06-23 13:17:31,1782191851.0,BUY,5.37,1247,1339278.0,PUT,49.0,2026-09-29,1790611200.0,9,48.44,-1.156,5.27,5.37,52.773,5402,153,35.30718,-0.45101451,0.030221541,0.099275417,-0.024484803,-0.060776494,BEARISH,['NORMAL'],SINGLE_LEG,N/A,N/A,N/A,N/A,"['HK.LIST1217', 'HK.LIST1304', 'HK.LIST1305', 'HK.LIST22910', 'HK.LIST23593', 'HK.LIST23676']"
HK.TCH261230P600000,HK.00700,TCH,2026-06-23 11:04:57,1782183897.0,BUY,182.08,500,9104000.0,PUT,600.0,2026-12-30,1798560000.0,101,418.2,-43.472,170.99,192.65,38.391,3094,22281,0.13886,-0.92540364,0.002759438,0.374067549,-0.023654215,-0.732422326,BEARISH,['NORMAL'],MULTI_LEG,N/A,N/A,N/A,['HK.LIST23363'],"['HK.LIST1161', 'HK.LIST1190', 'HK.LIST1191', 'HK.LIST1208', 'HK.LIST1289', 'HK.LIST1305', 'HK.LIST1328', 'HK.LIST1351', 'HK.LIST22886', 'HK.LIST22928', 'HK.LIST23586', 'HK.LIST23589', 'HK.LIST24037', 'HK.LIST24062']"
HK.TCH261230P600000,HK.00700,TCH,2026-06-23 11:01:39,1782183699.0,BUY,184.43,500,9221500.0,PUT,600.0,2026-12-30,1798560000.0,101,417.4,-43.747,172.56,193.67,39.964,2564,22281,0.11507,-0.904197719,0.002661117,0.465772584,-0.031703304,-0.893136443,BEARISH,['NORMAL'],MULTI_LEG,N/A,N/A,N/A,['HK.LIST23363'],"['HK.LIST1161', 'HK.LIST1190', 'HK.LIST1191', 'HK.LIST1208', 'HK.LIST1289', 'HK.LIST1305', 'HK.LIST1328', 'HK.LIST1351', 'HK.LIST22886', 'HK.LIST22928', 'HK.LIST23586', 'HK.LIST23589', 'HK.LIST24037', 'HK.LIST24062']"
HK.TCH261230P600000,HK.00700,TCH,2026-06-23 11:01:36,1782183696.0,BUY,184.43,500,9221500.0,PUT,600.0,2026-12-30,1798560000.0,101,417.4,-43.747,172.56,193.67,39.964,2064,22281,0.09263,-0.904197719,0.002661117,0.465772584,-0.031703304,-0.893136443,BEARISH,['NORMAL'],MULTI_LEG,N/A,N/A,N/A,['HK.LIST23363'],"['HK.LIST1161', 'HK.LIST1190', 'HK.LIST1191', 'HK.LIST1208', 'HK.LIST1289', 'HK.LIST1305', 'HK.LIST1328', 'HK.LIST1351', 'HK.LIST22886', 'HK.LIST22928', 'HK.LIST23586', 'HK.LIST23589', 'HK.LIST24037', 'HK.LIST24062']"
HK.TCH261230P600000,HK.00700,TCH,2026-06-23 11:01:34,1782183694.0,BUY,184.43,500,9221500.0,PUT,600.0,2026-12-30,1798560000.0,101,417.8,-43.609,172.56,193.67,39.964,1564,22281,0.07019,-0.904197719,0.002661117,0.465772584,-0.031703304,-0.893136443,BEARISH,['NORMAL'],MULTI_LEG,N/A,N/A,N/A,['HK.LIST23363'],"['HK.LIST1161', 'HK.LIST1190', 'HK.LIST1191', 'HK.LIST1208', 'HK.LIST1289', 'HK.LIST1305', 'HK.LIST1328', 'HK.LIST1351', 'HK.LIST22886', 'HK.LIST22928', 'HK.LIST23586', 'HK.LIST23589', 'HK.LIST24037', 'HK.LIST24062']"
HK.TCH261230P600000,HK.00700,TCH,2026-06-23 11:01:31,1782183691.0,BUY,184.43,500,9221500.0,PUT,600.0,2026-12-30,1798560000.0,101,417.8,-43.609,172.56,193.67,39.964,1064,22281,0.04775,-0.904197719,0.002661117,0.465772584,-0.031703304,-0.893136443,BEARISH,['NORMAL'],MULTI_LEG,N/A,N/A,N/A,['HK.LIST23363'],"['HK.LIST1161', 'HK.LIST1190', 'HK.LIST1191', 'HK.LIST1208', 'HK.LIST1289', 'HK.LIST1305', 'HK.LIST1328', 'HK.LIST1351', 'HK.LIST22886', 'HK.LIST22928', 'HK.LIST23586', 'HK.LIST23589', 'HK.LIST24037', 'HK.LIST24062']"
HK.JDC261230P80000,HK.09618,JDC,2026-06-23 10:58:31,1782183511.0,BUY,2.56,200,256000.0,PUT,80.0,2026-12-30,1798560000.0,101,102.6,22.027,2.42,2.69,40.287,94,668,0.14071,-0.145464807,0.00769558,0.168850586,-0.016412349,-0.076493439,BEARISH,['NORMAL'],SINGLE_LEG,N/A,N/A,N/A,['HK.LIST23361'],"['HK.LIST1161', 'HK.LIST1304', 'HK.LIST22886', 'HK.LIST23586', 'HK.LIST23674', 'HK.LIST24037', 'HK.LIST24062']"
HK.PEC261230P8250,HK.00857,PEC,2026-06-23 10:55:00,1782183300.0,BUY,0.46,490,450800.0,PUT,8.25,2026-12-30,1798560000.0,101,9.12,9.539,0.43,0.46,35.001,490,269,1.82156,-0.274435531,0.146042913,0.021962719,-0.001778681,-0.012624241,BEARISH,['NORMAL'],SINGLE_LEG,N/A,N/A,"[{'action_type': 7, 'action_time': '2026-09-10', 'action_timestamp': 1788969600.0}]",['HK.LIST1042'],"['HK.LIST1175', 'HK.LIST1205', 'HK.LIST1241', 'HK.LIST1305', 'HK.LIST1344', 'HK.LIST1348', 'HK.LIST1362', 'HK.LIST22928']"
HK.CPC270330P4000,HK.00386,CPC,2026-06-23 10:01:23,1782180083.0,BUY,0.24,529,253920.0,PUT,4.0,2027-03-30,1806336000.0,191,4.18,4.306,0.22,0.24,25.059,529,4641,0.11398,-0.338206422,0.413351578,0.013316921,-0.000469717,-0.00960465,BEARISH,['NORMAL'],SINGLE_LEG,N/A,N/A,"[{'action_type': 7, 'action_time': '2026-09-21', 'action_timestamp': 1789920000.0}]",N/A,"['HK.LIST1175', 'HK.LIST1205', 'HK.LIST1241', 'HK.LIST1305', 'HK.LIST1342', 'HK.LIST1344', 'HK.LIST1348', 'HK.LIST22928']"
HK.CHT270330P75000,HK.00941,CHT,2026-06-22 15:46:26,1782114386.0,BUY,2.3,200,230000.0,PUT,75.0,2027-03-30,1806336000.0,191,79.2,5.303,2.21,2.3,17.389,365,696,0.52442,-0.282551395,0.029316966,0.23229258,-0.005324503,-0.142860311,BEARISH,['NORMAL'],SINGLE_LEG,N/A,N/A,"[{'action_type': 7, 'action_time': '2026-08-25', 'action_timestamp': 1787587200.0}]",['HK.LIST1054'],"['HK.LIST1176', 'HK.LIST1214', 'HK.LIST1305', 'HK.LIST1344', 'HK.LIST1348', 'HK.LIST22928', 'HK.LIST23586', 'HK.LIST23589', 'HK.LIST24231']"
HK.CAT260929P700000,HK.03750,CAT,2026-06-22 15:33:36,1782113616.0,BUY,52.0,445,2314000.0,PUT,700.0,2026-09-29,1790611200.0,9,741.5,5.596,51.69,52.0,49.459,460,567,0.81128,-0.348103109,0.001946495,1.428005631,-0.330826421,-0.717347342,BEARISH,['NORMAL'],SINGLE_LEG,N/A,N/A,"[{'action_type': 7, 'action_time': '2026-08-06', 'action_timestamp': 1785945600.0}]",['HK.LIST1354'],['HK.LIST1334']
HK.CHU260929P6750,HK.00762,CHU,2026-06-22 14:28:33,1782109713.0,BUY,0.42,187,157080.0,PUT,6.75,2026-09-29,1790611200.0,9,6.81,0.881,0.39,0.42,33.584,187,389,0.48071,-0.420668278,0.332481636,0.013870825,-0.002085379,-0.007306302,BEARISH,['NORMAL'],SINGLE_LEG,N/A,N/A,N/A,['HK.LIST1054'],"['HK.LIST1176', 'HK.LIST1180', 'HK.LIST1214', 'HK.LIST1305', 'HK.LIST1344', 'HK.LIST1348', 'HK.LIST22928', 'HK.LIST23586', 'HK.LIST23589']"
HK.POP270629P140000,HK.09992,POP,2026-06-22 13:05:53,1782104753.0,BUY,20.0,300,1200000.0,PUT,140.0,2027-06-29,1814198400.0,282,160.3,12.663,19.35,20.0,51.479,302,128,2.35937,-0.281305143,0.004124424,0.546243654,-0.032745413,-0.511477496,BEARISH,['NORMAL'],SINGLE_LEG,N/A,N/A,N/A,['HK.LIST1047'],"['HK.LIST1328', 'HK.LIST23676']"
HK.LAU270330P52500,HK.02015,LAU,2026-06-22 11:27:29,1782098849.0,BUY,9.48,276,523296.0,PUT,52.5,2027-03-30,1806336000.0,191,50.55,-3.857,9.2,9.55,50.884,552,415,1.33012,-0.429382378,0.017996879,0.173375322,-0.013341968,-0.180044659,BEARISH,['NORMAL'],SINGLE_LEG,N/A,N/A,N/A,N/A,"['HK.LIST1217', 'HK.LIST1304', 'HK.LIST1305', 'HK.LIST22910', 'HK.LIST23593', 'HK.LIST23676']"
HK.LAU270330P52500,HK.02015,LAU,2026-06-22 11:26:59,1782098819.0,BUY,9.65,231,445830.0,PUT,52.5,2027-03-30,1806336000.0,191,50.5,-3.96,9.18,9.4,50.439,231,415,0.55662,-0.428501553,0.018112589,0.173642526,-0.013236861,-0.179417709,BEARISH,['NORMAL'],SINGLE_LEG,N/A,N/A,N/A,N/A,"['HK.LIST1217', 'HK.LIST1304', 'HK.LIST1305', 'HK.LIST22910', 'HK.LIST23593', 'HK.LIST23676']"
HK.MIU270330P20000,HK.01810,MIU,2026-06-22 10:21:01,1782094861.0,BUY,1.49,511,761390.0,PUT,20.0,2027-03-30,1806336000.0,191,23.78,15.895,1.48,1.49,42.294,531,129,4.11627,-0.237996664,0.035538334,0.06443087,-0.004265841,-0.044496822,BEARISH,['NORMAL'],SINGLE_LEG,N/A,N/A,N/A,['HK.LIST1055'],"['HK.LIST1161', 'HK.LIST1166', 'HK.LIST1217', 'HK.LIST1305', 'HK.LIST1328', 'HK.LIST1331', 'HK.LIST1351', 'HK.LIST22886', 'HK.LIST22910', 'HK.LIST22928', 'HK.LIST23586', 'HK.LIST23589', 'HK.LIST23593', 'HK.LIST23676', 'HK.LIST24037', 'HK.LIST24062']"
HK.MET270629P57500,HK.03690,MET,2026-06-22 10:01:18,1782093678.0,BUY,5.54,200,554000.0,PUT,57.5,2027-06-29,1814198400.0,282,69.5,17.266,5.47,5.54,44.472,100,383,0.26109,-0.237280386,0.010059855,0.216630877,-0.01119785,-0.176932222,BEARISH,['NORMAL'],SINGLE_LEG,N/A,N/A,N/A,['HK.LIST23361'],"['HK.LIST1305', 'HK.LIST1998', 'HK.LIST22886', 'HK.LIST22928', 'HK.LIST23586', 'HK.LIST24037', 'HK.LIST24062']"
HK.PAI261230P52500,HK.02318,PAI,2026-06-18 14:33:02,1781764382.0,BUY,4.0,202,404000.0,PUT,52.5,2026-12-30,1798560000.0,101,53.25,1.408,3.91,4.0,30.933,421,8961,0.04698,-0.403462227,0.033120639,0.150009282,-0.009915167,-0.105600939,BEARISH,['NORMAL'],SINGLE_LEG,N/A,N/A,"[{'action_type': 7, 'action_time': '2026-09-02', 'action_timestamp': 1788278400.0}]",N/A,"['HK.LIST1110', 'HK.LIST1178', 'HK.LIST1305']"
HK.CRL260929P33000,HK.01109,CRL,2026-06-18 14:27:52,1781764072.0,BUY,2.78,180,250200.0,PUT,33.0,2026-09-29,1790611200.0,9,32.74,-0.794,2.76,2.78,40.72,215,126,1.70634,-0.449943491,0.056540824,0.068929844,-0.012198745,-0.040581855,BEARISH,['NORMAL'],SINGLE_LEG,N/A,N/A,"[{'action_type': 7, 'action_time': '2026-09-10', 'action_timestamp': 1788969600.0}]",['HK.LIST1019'],"['HK.LIST1234', 'HK.LIST1305', 'HK.LIST1348']"
HK.PAI261230P52500,HK.02318,PAI,2026-06-18 14:07:39,1781762859.0,BUY,3.9,200,390000.0,PUT,52.5,2026-12-30,1798560000.0,101,53.35,1.593,3.83,3.9,30.599,221,8961,0.02466,-0.401719525,0.0334149,0.149981579,-0.009794762,-0.105014342,BEARISH,['NORMAL'],SINGLE_LEG,N/A,N/A,"[{'action_type': 7, 'action_time': '2026-09-02', 'action_timestamp': 1788278400.0}]",N/A,"['HK.LIST1110', 'HK.LIST1178', 'HK.LIST1305']"
HK.PAI260929P48000,HK.02318,PAI,2026-06-18 13:51:25,1781761885.0,BUY,1.16,500,290000.0,PUT,48.0,2026-09-29,1790611200.0,9,53.5,10.28,1.15,1.16,31.246,500,2849,0.1755,-0.214226234,0.033002218,0.082760463,-0.01147414,-0.030495418,BEARISH,['NORMAL'],SINGLE_LEG,N/A,N/A,"[{'action_type': 7, 'action_time': '2026-09-02', 'action_timestamp': 1788278400.0}]",N/A,"['HK.LIST1110', 'HK.LIST1178', 'HK.LIST1305']"
HK.PAI260929P52500,HK.02318,PAI,2026-06-18 13:24:15,1781760255.0,BUY,2.72,200,272000.0,PUT,52.5,2026-09-29,1790611200.0,9,53.6,2.052,2.67,2.72,30.719,1050,10934,0.09603,-0.393047961,0.044560017,0.109387315,-0.01436305,-0.055157755,BEARISH,['NORMAL'],SINGLE_LEG,N/A,N/A,"[{'action_type': 7, 'action_time': '2026-09-02', 'action_timestamp': 1788278400.0}]",N/A,"['HK.LIST1110', 'HK.LIST1178', 'HK.LIST1305']"
HK.PAI260929P52500,HK.02318,PAI,2026-06-18 13:17:40,1781759860.0,BUY,2.68,200,268000.0,PUT,52.5,2026-09-29,1790611200.0,9,53.7,2.234,2.63,2.68,30.627,847,10934,0.07746,-0.392924519,0.044691248,0.109378377,-0.01431384,-0.055112256,BEARISH,['NORMAL'],SINGLE_LEG,N/A,N/A,"[{'action_type': 7, 'action_time': '2026-09-02', 'action_timestamp': 1788278400.0}]",N/A,"['HK.LIST1110', 'HK.LIST1178', 'HK.LIST1305']"
HK.PAI260929P52500,HK.02318,PAI,2026-06-18 13:09:26,1781759366.0,BUY,2.64,201,265320.0,PUT,52.5,2026-09-29,1790611200.0,9,53.8,2.416,2.59,2.64,30.795,646,10934,0.05908,-0.386509173,0.044087202,0.109186639,-0.014396088,-0.054485538,BEARISH,['NORMAL'],SINGLE_LEG,N/A,N/A,"[{'action_type': 7, 'action_time': '2026-09-02', 'action_timestamp': 1788278400.0}]",N/A,"['HK.LIST1110', 'HK.LIST1178', 'HK.LIST1305']"
HK.PAI260929P52500,HK.02318,PAI,2026-06-18 13:08:12,1781759292.0,BUY,2.62,200,262000.0,PUT,52.5,2026-09-29,1790611200.0,9,53.85,2.506,2.57,2.62,30.612,446,10934,0.04079,-0.386224878,0.044345424,0.109160527,-0.014298361,-0.054387009,BEARISH,['NORMAL'],SINGLE_LEG,N/A,N/A,"[{'action_type': 7, 'action_time': '2026-09-02', 'action_timestamp': 1788278400.0}]",N/A,"['HK.LIST1110', 'HK.LIST1178', 'HK.LIST1305']"
HK.PAI260929P52500,HK.02318,PAI,2026-06-18 13:04:42,1781759082.0,BUY,2.6,200,260000.0,PUT,52.5,2026-09-29,1790611200.0,9,53.9,2.597,2.58,2.6,30.651,245,10934,0.0224,-0.384074077,0.044166462,0.109087736,-0.014315412,-0.054168907,BEARISH,['NORMAL'],SINGLE_LEG,N/A,N/A,"[{'action_type': 7, 'action_time': '2026-09-02', 'action_timestamp': 1788278400.0}]",N/A,"['HK.LIST1110', 'HK.LIST1178', 'HK.LIST1305']"
HK.PAI260929P55000,HK.02318,PAI,2026-06-18 11:17:13,1781752633.0,BUY,4.0,200,400000.0,PUT,55.0,2026-09-29,1790611200.0,9,53.85,-2.135,3.96,4.0,31.713,1804,19042,0.09473,-0.498642285,0.045124657,0.113666503,-0.015045909,-0.068901461,BEARISH,['NORMAL'],SINGLE_LEG,N/A,N/A,"[{'action_type': 7, 'action_time': '2026-09-02', 'action_timestamp': 1788278400.0}]",N/A,"['HK.LIST1110', 'HK.LIST1178', 'HK.LIST1305']"
HK.PAI260929P55000,HK.02318,PAI,2026-06-18 10:43:05,1781750585.0,BUY,3.74,200,374000.0,PUT,55.0,2026-09-29,1790611200.0,9,54.25,-1.382,3.7,3.74,31.228,1603,19042,0.08418,-0.4791911,0.045280191,0.114509977,-0.014972931,-0.06694532,BEARISH,['NORMAL'],SINGLE_LEG,N/A,N/A,"[{'action_type': 7, 'action_time': '2026-09-02', 'action_timestamp': 1788278400.0}]",N/A,"['HK.LIST1110', 'HK.LIST1178', 'HK.LIST1305']"
HK.PAI260929P55000,HK.02318,PAI,2026-06-18 10:40:42,1781750442.0,BUY,3.7,200,370000.0,PUT,55.0,2026-09-29,1790611200.0,9,54.3,-1.289,3.64,3.7,31.62,1403,19042,0.07367,-0.478589057,0.04469419,0.114514173,-0.015187427,-0.067059106,BEARISH,['NORMAL'],SINGLE_LEG,N/A,N/A,"[{'action_type': 7, 'action_time': '2026-09-02', 'action_timestamp': 1788278400.0}]",N/A,"['HK.LIST1110', 'HK.LIST1178', 'HK.LIST1305']"
HK.PAI260929P55000,HK.02318,PAI,2026-06-18 10:24:06,1781749446.0,BUY,3.48,200,348000.0,PUT,55.0,2026-09-29,1790611200.0,9,54.7,-0.548,3.43,3.48,30.644,1200,19042,0.06301,-0.461736588,0.045578549,0.115011292,-0.01478937,-0.065042112,BEARISH,['NORMAL'],SINGLE_LEG,N/A,N/A,"[{'action_type': 7, 'action_time': '2026-09-02', 'action_timestamp': 1788278400.0}]",N/A,"['HK.LIST1110', 'HK.LIST1178', 'HK.LIST1305']"
HK.PAI260929P55000,HK.02318,PAI,2026-06-18 10:17:04,1781749024.0,BUY,3.4,200,340000.0,PUT,55.0,2026-09-29,1790611200.0,9,54.85,-0.273,3.36,3.4,30.613,1000,19042,0.05251,-0.448150137,0.045129385,0.11522558,-0.014851568,-0.063688946,BEARISH,['NORMAL'],SINGLE_LEG,N/A,N/A,"[{'action_type': 7, 'action_time': '2026-09-02', 'action_timestamp': 1788278400.0}]",N/A,"['HK.LIST1110', 'HK.LIST1178', 'HK.LIST1305']"
HK.PAI260929P55000,HK.02318,PAI,2026-06-18 10:16:08,1781748968.0,BUY,3.34,200,334000.0,PUT,55.0,2026-09-29,1790611200.0,9,54.95,-0.09,3.28,3.34,30.613,600,19042,0.0315,-0.448150137,0.045129385,0.11522558,-0.014851568,-0.063688946,BEARISH,['NORMAL'],SINGLE_LEG,N/A,N/A,"[{'action_type': 7, 'action_time': '2026-09-02', 'action_timestamp': 1788278400.0}]",N/A,"['HK.LIST1110', 'HK.LIST1178', 'HK.LIST1305']"
HK.PAI260929P55000,HK.02318,PAI,2026-06-18 10:09:35,1781748575.0,BUY,3.32,200,332000.0,PUT,55.0,2026-09-29,1790611200.0,9,55.0,0.0,3.28,3.32,30.525,400,19042,0.021,-0.448190514,0.045261712,0.115227514,-0.014803334,-0.063659052,BEARISH,['NORMAL'],SINGLE_LEG,N/A,N/A,"[{'action_type': 7, 'action_time': '2026-09-02', 'action_timestamp': 1788278400.0}]",N/A,"['HK.LIST1110', 'HK.LIST1178', 'HK.LIST1305']"
HK.PAI260929P55000,HK.02318,PAI,2026-06-18 10:00:52,1781748052.0,BUY,3.28,200,328000.0,PUT,55.0,2026-09-29,1790611200.0,9,55.0,0.0,3.23,3.28,30.632,200,19042,0.0105,-0.445885624,0.045011652,0.115254105,-0.014872319,-0.063475906,BEARISH,['NORMAL'],SINGLE_LEG,N/A,N/A,"[{'action_type': 7, 'action_time': '2026-09-02', 'action_timestamp': 1788278400.0}]",N/A,"['HK.LIST1110', 'HK.LIST1178', 'HK.LIST1305']"
HK.PEC270330P8750,HK.00857,PEC,2026-06-18 09:41:06,1781746866.0,BUY,0.7,480,672000.0,PUT,8.75,2027-03-30,1806336000.0,191,9.37,6.616,0.66,0.7,33.277,480,1176,0.40816,-0.323272388,0.133697368,0.029640259,-0.001438903,-0.022571977,BEARISH,['NORMAL'],SINGLE_LEG,N/A,N/A,"[{'action_type': 7, 'action_time': '2026-09-10', 'action_timestamp': 1788969600.0}]",['HK.LIST1042'],"['HK.LIST1175', 'HK.LIST1205', 'HK.LIST1241', 'HK.LIST1305', 'HK.LIST1344', 'HK.LIST1348', 'HK.LIST1362', 'HK.LIST22928']"
HK.PEC270330P9500,HK.00857,PEC,2026-06-17 13:07:14,1781672834.0,BUY,1.06,210,445200.0,PUT,9.5,2027-03-30,1806336000.0,191,9.74,2.464,1.03,1.06,37.844,210,639,0.32863,-0.380566425,0.120582024,0.032683484,-0.001797313,-0.028430029,BEARISH,['NORMAL'],SINGLE_LEG,N/A,N/A,"[{'action_type': 7, 'action_time': '2026-06-18', 'action_timestamp': 1781712000.0}, {'action_type': 7, 'action_time': '2026-09-10', 'action_timestamp': 1788969600.0}]",['HK.LIST1042'],"['HK.LIST1175', 'HK.LIST1205', 'HK.LIST1241', 'HK.LIST1305', 'HK.LIST1344', 'HK.LIST1348', 'HK.LIST1362', 'HK.LIST22928']"
HK.PAI260929P55000,HK.02318,PAI,2026-06-17 11:03:01,1781665381.0,BUY,3.08,200,308000.0,PUT,55.0,2026-09-29,1790611200.0,9,55.45,0.811,3.02,3.08,30.236,1324,18017,0.07348,-0.421133175,0.04437626,0.115752372,-0.01466602,-0.061297184,BEARISH,['NORMAL'],SINGLE_LEG,N/A,N/A,"[{'action_type': 7, 'action_time': '2026-09-02', 'action_timestamp': 1788278400.0}]",N/A,"['HK.LIST1110', 'HK.LIST1178', 'HK.LIST1305']"
HK.PAI260929P55000,HK.02318,PAI,2026-06-17 11:02:12,1781665332.0,BUY,3.04,200,304000.0,PUT,55.0,2026-09-29,1790611200.0,9,55.5,0.9,3.0,3.04,30.236,1124,18017,0.06238,-0.421133175,0.04437626,0.115752372,-0.01466602,-0.061297184,BEARISH,['NORMAL'],SINGLE_LEG,N/A,N/A,"[{'action_type': 7, 'action_time': '2026-09-02', 'action_timestamp': 1788278400.0}]",N/A,"['HK.LIST1110', 'HK.LIST1178', 'HK.LIST1305']"
HK.PAI260929P55000,HK.02318,PAI,2026-06-17 10:44:10,1781664250.0,BUY,2.9,200,290000.0,PUT,55.0,2026-09-29,1790611200.0,9,55.8,1.433,2.88,2.9,29.831,700,18017,0.03885,-0.411986998,0.04456801,0.115610356,-0.014459042,-0.060147518,BEARISH,['NORMAL'],SINGLE_LEG,N/A,N/A,"[{'action_type': 7, 'action_time': '2026-09-02', 'action_timestamp': 1788278400.0}]",N/A,"['HK.LIST1110', 'HK.LIST1178', 'HK.LIST1305']"
HK.PAI260929P55000,HK.02318,PAI,2026-06-17 09:48:46,1781660926.0,BUY,2.92,200,292000.0,PUT,55.0,2026-09-29,1790611200.0,9,55.75,1.345,2.86,2.92,30.004,400,18017,0.0222,-0.409907132,0.044195886,0.11560393,-0.014553489,-0.060013873,BEARISH,['NORMAL'],SINGLE_LEG,N/A,N/A,"[{'action_type': 7, 'action_time': '2026-09-02', 'action_timestamp': 1788278400.0}]",N/A,"['HK.LIST1110', 'HK.LIST1178', 'HK.LIST1305']"
HK.PAI270330P50000,HK.02318,PAI,2026-06-17 09:47:46,1781660866.0,BUY,2.68,200,268000.0,PUT,50.0,2027-03-30,1806336000.0,191,55.85,10.474,2.57,2.68,29.587,30,1446,0.02074,-0.260361373,0.022661279,0.159864609,-0.00689904,-0.106469758,BEARISH,['NORMAL'],SINGLE_LEG,N/A,N/A,"[{'action_type': 7, 'action_time': '2026-09-02', 'action_timestamp': 1788278400.0}]",N/A,"['HK.LIST1110', 'HK.LIST1178', 'HK.LIST1305']"
HK.PAI260929P55000,HK.02318,PAI,2026-06-17 09:46:35,1781660795.0,BUY,2.88,200,288000.0,PUT,55.0,2026-09-29,1790611200.0,9,55.85,1.521,2.82,2.88,29.835,200,18017,0.0111,-0.407542589,0.044340092,0.115545953,-0.014462435,-0.059685273,BEARISH,['NORMAL'],SINGLE_LEG,N/A,N/A,"[{'action_type': 7, 'action_time': '2026-09-02', 'action_timestamp': 1788278400.0}]",N/A,"['HK.LIST1110', 'HK.LIST1178', 'HK.LIST1305']"
HK.PAI260929P55000,HK.02318,PAI,2026-06-16 15:57:55,1781596675.0,BUY,2.83,220,311300.0,PUT,55.0,2026-09-29,1790611200.0,9,56.2,2.135,2.81,2.83,30.48,560,17957,0.03118,-0.395209174,0.042613853,0.115686369,-0.014760495,-0.0589868,BEARISH,['NORMAL'],SINGLE_LEG,N/A,N/A,"[{'action_type': 7, 'action_time': '2026-09-02', 'action_timestamp': 1788278400.0}]",N/A,"['HK.LIST1110', 'HK.LIST1178', 'HK.LIST1305']"
HK.CPC261230P4200,HK.00386,CPC,2026-06-16 15:11:29,1781593889.0,BUY,0.27,600,324000.0,PUT,4.2,2026-12-30,1798560000.0,101,4.25,1.176,0.25,0.28,26.951,608,323,1.88235,-0.403556416,0.475912684,0.012032659,-0.000669953,-0.008239202,BEARISH,['NORMAL'],SINGLE_LEG,N/A,N/A,"[{'action_type': 7, 'action_time': '2026-09-21', 'action_timestamp': 1789920000.0}]",N/A,"['HK.LIST1175', 'HK.LIST1205', 'HK.LIST1241', 'HK.LIST1305', 'HK.LIST1342', 'HK.LIST1344', 'HK.LIST1348', 'HK.LIST22928']"
HK.ANA260929P75000,HK.02020,ANA,2026-06-16 10:46:13,1781577973.0,BUY,5.86,120,140640.0,PUT,75.0,2026-09-29,1790611200.0,9,73.05,-2.669,5.82,5.86,32.864,180,1469,0.12253,-0.507335829,0.031803746,0.155670262,-0.020953554,-0.097464114,BEARISH,['NORMAL'],SINGLE_LEG,N/A,N/A,"[{'action_type': 7, 'action_time': '2026-09-08', 'action_timestamp': 1788796800.0}]",['HK.LIST1277'],"['HK.LIST1161', 'HK.LIST1185', 'HK.LIST1305', 'HK.LIST24231']"
HK.SBO260929P5000,HK.01177,SBO,2026-06-16 09:56:55,1781575015.0,BUY,0.63,100,315000.0,PUT,5.0,2026-09-29,1790611200.0,9,4.64,-7.758,0.53,0.63,39.356,24,256,0.09375,-0.581918613,0.411072763,0.009697938,-0.001562679,-0.007261557,BEARISH,['NORMAL'],SINGLE_LEG,N/A,N/A,"[{'action_type': 7, 'action_time': '2026-06-24', 'action_timestamp': 1782230400.0}, {'action_type': 7, 'action_time': '2026-09-01', 'action_timestamp': 1788192000.0}]",['HK.LIST1067'],['HK.LIST23675']
HK.PEN260929P50000,HK.09868,PEN,2026-06-15 15:08:51,1781507331.0,BUY,4.1,250,205000.0,PUT,50.0,2026-09-29,1790611200.0,9,55.35,9.665,4.03,4.1,58.599,750,974,0.77002,-0.305385009,0.020152429,0.104490953,-0.027117252,-0.052353115,BEARISH,['NORMAL'],SINGLE_LEG,N/A,N/A,N/A,['HK.LIST1040'],"['HK.LIST1217', 'HK.LIST1304', 'HK.LIST22910', 'HK.LIST23589', 'HK.LIST23593', 'HK.LIST23676']"
HK.PEN260929P50000,HK.09868,PEN,2026-06-15 15:01:56,1781506916.0,BUY,4.08,250,204000.0,PUT,50.0,2026-09-29,1790611200.0,9,55.45,9.828,4.02,4.08,58.891,500,974,0.51334,-0.302723902,0.019918061,0.104370759,-0.027235192,-0.052093285,BEARISH,['NORMAL'],SINGLE_LEG,N/A,N/A,N/A,['HK.LIST1040'],"['HK.LIST1217', 'HK.LIST1304', 'HK.LIST22910', 'HK.LIST23589', 'HK.LIST23593', 'HK.LIST23676']"
HK.PEN260929P50000,HK.09868,PEN,2026-06-15 14:53:02,1781506382.0,BUY,4.08,250,204000.0,PUT,50.0,2026-09-29,1790611200.0,9,55.5,9.909,4.02,4.08,58.889,250,974,0.25667,-0.302723467,0.019918037,0.10437342,-0.027233682,-0.052095758,BEARISH,['NORMAL'],SINGLE_LEG,N/A,N/A,N/A,['HK.LIST1040'],"['HK.LIST1217', 'HK.LIST1304', 'HK.LIST22910', 'HK.LIST23589', 'HK.LIST23593', 'HK.LIST23676']"
HK.PEC260929P9500,HK.00857,PEC,2026-06-15 11:36:12,1781494572.0,BUY,0.63,225,283500.0,PUT,9.5,2026-09-29,1790611200.0,9,10.03,5.284,0.61,0.63,43.138,225,1598,0.1408,-0.347287786,0.15949352,0.01997031,-0.003715539,-0.010094042,BEARISH,['NORMAL'],SINGLE_LEG,N/A,N/A,"[{'action_type': 7, 'action_time': '2026-06-18', 'action_timestamp': 1781712000.0}, {'action_type': 7, 'action_time': '2026-09-10', 'action_timestamp': 1788969600.0}]",['HK.LIST1042'],"['HK.LIST1175', 'HK.LIST1205', 'HK.LIST1241', 'HK.LIST1305', 'HK.LIST1344', 'HK.LIST1348', 'HK.LIST1362', 'HK.LIST22928']"
HK.BYE260929P26000,HK.00285,BYE,2026-06-12 14:29:46,1781245786.0,BUY,3.1,200,620000.0,PUT,26.0,2026-09-29,1790611200.0,9,24.9,-4.417,3.08,3.1,47.97,580,134,4.32835,-0.501357164,0.062237908,0.054153605,-0.010668172,-0.037522313,BEARISH,['NORMAL'],SINGLE_LEG,N/A,N/A,N/A,['HK.LIST1055'],"['HK.LIST1166', 'HK.LIST1334', 'HK.LIST1351', 'HK.LIST23589', 'HK.LIST24242']"
HK.BYE260929P26000,HK.00285,BYE,2026-06-12 14:29:35,1781245775.0,BUY,3.09,180,556200.0,PUT,26.0,2026-09-29,1790611200.0,9,24.9,-4.417,3.08,3.09,47.97,380,134,2.83582,-0.501357164,0.062237908,0.054153605,-0.010668172,-0.037522313,BEARISH,['NORMAL'],SINGLE_LEG,N/A,N/A,N/A,['HK.LIST1055'],"['HK.LIST1166', 'HK.LIST1334', 'HK.LIST1351', 'HK.LIST23589', 'HK.LIST24242']"
HK.BYE260929P26000,HK.00285,BYE,2026-06-12 14:27:43,1781245663.0,BUY,3.1,200,620000.0,PUT,26.0,2026-09-29,1790611200.0,9,24.9,-4.417,3.09,3.1,48.247,200,134,1.49253,-0.499498752,0.061813754,0.05420051,-0.010748571,-0.037485615,BEARISH,['NORMAL'],SINGLE_LEG,N/A,N/A,N/A,['HK.LIST1055'],"['HK.LIST1166', 'HK.LIST1334', 'HK.LIST1351', 'HK.LIST23589', 'HK.LIST24242']"
HK.BYE260929P25000,HK.00285,BYE,2026-06-12 14:24:21,1781245461.0,BUY,2.54,200,508000.0,PUT,25.0,2026-09-29,1790611200.0,9,24.9,-0.401,2.52,2.54,48.317,440,226,1.9469,-0.439412217,0.060704848,0.053612366,-0.010779252,-0.033247894,BEARISH,['NORMAL'],SINGLE_LEG,N/A,N/A,N/A,['HK.LIST1055'],"['HK.LIST1166', 'HK.LIST1334', 'HK.LIST1351', 'HK.LIST23589', 'HK.LIST24242']"
HK.BYE260929P25000,HK.00285,BYE,2026-06-12 14:23:20,1781245400.0,BUY,2.54,160,406400.0,PUT,25.0,2026-09-29,1790611200.0,9,24.92,-0.321,2.51,2.54,48.387,360,226,1.59292,-0.438135579,0.060531231,0.053629731,-0.010802164,-0.033194571,BEARISH,['NORMAL'],SINGLE_LEG,N/A,N/A,N/A,['HK.LIST1055'],"['HK.LIST1166', 'HK.LIST1334', 'HK.LIST1351', 'HK.LIST23589', 'HK.LIST24242']"
HK.BYE260929P25000,HK.00285,BYE,2026-06-12 14:23:14,1781245394.0,BUY,2.53,200,506000.0,PUT,25.0,2026-09-29,1790611200.0,9,24.94,-0.24,2.51,2.53,48.387,44,226,0.19469,-0.438135579,0.060531231,0.053629731,-0.010802164,-0.033194571,BEARISH,['NORMAL'],SINGLE_LEG,N/A,N/A,N/A,['HK.LIST1055'],"['HK.LIST1166', 'HK.LIST1334', 'HK.LIST1351', 'HK.LIST23589', 'HK.LIST24242']"
HK.CPI260929P28000,HK.02601,CPI,2026-06-12 11:32:22,1781235142.0,BUY,0.87,130,113100.0,PUT,28.0,2026-09-29,1790611200.0,9,31.48,11.054,0.84,0.87,34.969,188,344,0.54651,-0.223904415,0.049945274,0.051418954,-0.007565748,-0.020222127,BEARISH,['NORMAL'],SINGLE_LEG,N/A,N/A,"[{'action_type': 7, 'action_time': '2026-09-08', 'action_timestamp': 1788796800.0}]",N/A,"['HK.LIST1287', 'HK.LIST1305']"
HK.CTC260929P4800,HK.00728,CTC,2026-06-12 11:14:54,1781234094.0,BUY,0.25,250,125000.0,PUT,4.8,2026-09-29,1790611200.0,9,4.96,3.225,0.24,0.25,31.47,250,428,0.58411,-0.371160038,0.449150788,0.01022281,-0.00130309,-0.005135574,BEARISH,['NORMAL'],SINGLE_LEG,N/A,N/A,"[{'action_type': 7, 'action_time': '2026-09-02', 'action_timestamp': 1788278400.0}]",N/A,"['HK.LIST1176', 'HK.LIST1214', 'HK.LIST1305', 'HK.LIST1344', 'HK.LIST1348', 'HK.LIST22928', 'HK.LIST23586', 'HK.LIST23589']"
HK.CHU260929P7000,HK.00762,CHU,2026-06-12 09:40:12,1781228412.0,BUY,0.32,205,131200.0,PUT,7.0,2026-09-29,1790611200.0,9,7.37,5.02,0.29,0.32,31.661,205,4883,0.04198,-0.330948831,0.287301585,0.01458259,-0.001886334,-0.00685236,BEARISH,['NORMAL'],SINGLE_LEG,N/A,N/A,N/A,['HK.LIST1054'],"['HK.LIST1176', 'HK.LIST1180', 'HK.LIST1214', 'HK.LIST1305', 'HK.LIST1344', 'HK.LIST1348', 'HK.LIST22928', 'HK.LIST23586', 'HK.LIST23589']"
HK.CHU260929P7000,HK.00762,CHU,2026-06-11 15:57:45,1781164665.0,BUY,0.33,205,135300.0,PUT,7.0,2026-09-29,1790611200.0,9,7.34,4.632,0.31,0.33,31.902,285,4833,0.05896,-0.340470249,0.288682075,0.014733429,-0.001904339,-0.007070111,BEARISH,['NORMAL'],SINGLE_LEG,N/A,N/A,N/A,['HK.LIST1054'],"['HK.LIST1176', 'HK.LIST1180', 'HK.LIST1214', 'HK.LIST1305', 'HK.LIST1344', 'HK.LIST1348', 'HK.LIST22928', 'HK.LIST23586', 'HK.LIST23589']"
HK.CPI261230P28000,HK.02601,CPI,2026-06-11 10:49:33,1781146173.0,BUY,1.82,125,227500.0,PUT,28.0,2026-12-30,1798560000.0,101,31.8,11.949,1.75,1.82,40.451,125,350,0.35714,-0.262300419,0.0343434,0.077129314,-0.006880743,-0.046234172,BEARISH,['NORMAL'],SINGLE_LEG,N/A,N/A,"[{'action_type': 7, 'action_time': '2026-06-12', 'action_timestamp': 1781193600.0}, {'action_type': 7, 'action_time': '2026-09-08', 'action_timestamp': 1788796800.0}]",N/A,"['HK.LIST1287', 'HK.LIST1305']"
HK.PAI260929P55000,HK.02318,PAI,2026-06-11 10:47:59,1781146079.0,BUY,2.88,200,288000.0,PUT,55.0,2026-09-29,1790611200.0,9,56.3,2.309,2.86,2.88,30.721,204,17290,0.01179,-0.391428932,0.041094123,0.118415827,-0.014483092,-0.061544784,BEARISH,['NORMAL'],SINGLE_LEG,N/A,N/A,"[{'action_type': 7, 'action_time': '2026-09-02', 'action_timestamp': 1788278400.0}]",N/A,"['HK.LIST1110', 'HK.LIST1178', 'HK.LIST1305']"
HK.TRP261230P370000,HK.09961,TRP,2026-06-11 10:26:39,1781144799.0,BUY,41.3,100,619500.0,PUT,370.0,2026-12-30,1798560000.0,101,368.6,-0.379,40.78,41.3,40.209,300,329,0.91185,-0.425441739,0.003648762,1.071421116,-0.091085477,-0.853981843,BEARISH,['NORMAL'],SINGLE_LEG,N/A,N/A,N/A,['HK.LIST1034'],"['HK.LIST1304', 'HK.LIST1998', 'HK.LIST22886']"
HK.TRP261230P370000,HK.09961,TRP,2026-06-11 10:24:42,1781144682.0,BUY,41.1,100,616500.0,PUT,370.0,2026-12-30,1798560000.0,101,368.6,-0.379,40.78,41.1,40.222,200,329,0.6079,-0.423241224,0.003636532,1.07207221,-0.091232469,-0.85140481,BEARISH,['NORMAL'],SINGLE_LEG,N/A,N/A,N/A,['HK.LIST1034'],"['HK.LIST1304', 'HK.LIST1998', 'HK.LIST22886']"
HK.TRP261230P370000,HK.09961,TRP,2026-06-11 10:16:31,1781144191.0,BUY,40.8,100,612000.0,PUT,370.0,2026-12-30,1798560000.0,101,369.6,-0.108,40.22,40.8,40.476,100,329,0.30395,-0.42080618,0.003601582,1.072618441,-0.091987146,-0.849891744,BEARISH,['NORMAL'],SINGLE_LEG,N/A,N/A,N/A,['HK.LIST1034'],"['HK.LIST1304', 'HK.LIST1998', 'HK.LIST22886']"
HK.HNP270330P7500,HK.00902,HNP,2026-06-11 09:53:13,1781142793.0,BUY,1.26,230,579600.0,PUT,7.5,2027-03-30,1806336000.0,191,7.12,-5.337,1.26,1.38,44.811,230,260,0.88461,-0.45643903,0.145465125,0.025045209,-0.001587799,-0.026490673,BEARISH,['NORMAL'],SINGLE_LEG,N/A,N/A,"[{'action_type': 7, 'action_time': '2026-06-24', 'action_timestamp': 1782230400.0}]",['HK.LIST1051'],"['HK.LIST1207', 'HK.LIST1329', 'HK.LIST1348']"
HK.PEC270330P8500,HK.00857,PEC,2026-06-11 09:44:27,1781142267.0,BUY,0.47,500,470000.0,PUT,8.5,2027-03-30,1806336000.0,191,10.23,16.911,0.44,0.47,36.102,500,605,0.82644,-0.207688083,0.087661115,0.02618065,-0.00140779,-0.016698718,BEARISH,['NORMAL'],SINGLE_LEG,N/A,N/A,"[{'action_type': 7, 'action_time': '2026-06-18', 'action_timestamp': 1781712000.0}, {'action_type': 7, 'action_time': '2026-09-10', 'action_timestamp': 1788969600.0}]",['HK.LIST1042'],"['HK.LIST1175', 'HK.LIST1205', 'HK.LIST1241', 'HK.LIST1305', 'HK.LIST1344', 'HK.LIST1348', 'HK.LIST1362', 'HK.LIST22928']"
HK.ALB260929P127500,HK.09988,ALB,2026-06-10 15:26:16,1781076376.0,BUY,19.1,1000,9550000.0,PUT,127.5,2026-09-29,1790611200.0,9,113.3,-12.533,18.96,19.1,42.77,1048,10398,0.10078,-0.641906611,0.014658828,0.231490722,-0.037859899,-0.205035361,BEARISH,['NORMAL'],SINGLE_LEG,N/A,N/A,N/A,['HK.LIST23361'],"['HK.LIST1161', 'HK.LIST1191', 'HK.LIST1287', 'HK.LIST1289', 'HK.LIST1304', 'HK.LIST1328', 'HK.LIST22886', 'HK.LIST22928', 'HK.LIST23586', 'HK.LIST23589', 'HK.LIST23593', 'HK.LIST23674', 'HK.LIST24037', 'HK.LIST24062']"
HK.VNK270629P1800,HK.02202,VNK,2026-06-10 14:07:26,1781071646.0,BUY,0.34,440,149600.0,PUT,1.8,2027-06-29,1814198400.0,282,2.59,30.501,0.26,0.34,74.454,440,N/A,0.0,-0.184388754,0.136045944,0.00708463,-0.000625303,-0.006443163,BEARISH,['NORMAL'],SINGLE_LEG,N/A,N/A,N/A,['HK.LIST1019'],"['HK.LIST1178', 'HK.LIST1234']"
HK.PEN261230P47000,HK.09868,PEN,2026-06-10 14:04:51,1781071491.0,BUY,4.38,250,219000.0,PUT,47.0,2026-12-30,1798560000.0,101,58.3,19.382,4.35,4.38,59.962,298,174,1.71264,-0.227759732,0.011647116,0.131388754,-0.017931792,-0.08190495,BEARISH,['NORMAL'],SINGLE_LEG,N/A,N/A,N/A,['HK.LIST1040'],"['HK.LIST1217', 'HK.LIST1304', 'HK.LIST22910', 'HK.LIST23589', 'HK.LIST23593', 'HK.LIST23676']"
HK.MIU260929P22000,HK.01810,MIU,2026-06-10 13:34:27,1781069667.0,BUY,0.67,500,335000.0,PUT,22.0,2026-09-29,1790611200.0,9,26.06,15.579,0.66,0.67,41.453,731,913,0.80065,-0.184348318,0.044842179,0.038259099,-0.00666963,-0.014387382,BEARISH,['NORMAL'],SINGLE_LEG,N/A,N/A,N/A,['HK.LIST1055'],"['HK.LIST1161', 'HK.LIST1166', 'HK.LIST1217', 'HK.LIST1305', 'HK.LIST1328', 'HK.LIST1331', 'HK.LIST1351', 'HK.LIST22886', 'HK.LIST22910', 'HK.LIST22928', 'HK.LIST23586', 'HK.LIST23589', 'HK.LIST23593', 'HK.LIST23676', 'HK.LIST24037', 'HK.LIST24062']"
HK.XAB261230P5750,HK.01288,XAB,2026-06-10 13:23:11,1781068991.0,BUY,0.385,100,385000.0,PUT,5.75,2026-12-30,1798560000.0,101,5.81,1.032,0.355,0.385,26.104,200,11,18.18181,-0.410405583,0.357705734,0.016717484,-0.000864321,-0.011651061,BEARISH,['NORMAL'],SINGLE_LEG,N/A,N/A,"[{'action_type': 7, 'action_time': '2026-10-09', 'action_timestamp': 1791475200.0}]",['HK.LIST1079'],"['HK.LIST1239', 'HK.LIST1305', 'HK.LIST1344', 'HK.LIST1348']"
HK.XAB261230P5750,HK.01288,XAB,2026-06-10 13:00:00,1781067600.0,BUY,0.382,100,382000.0,PUT,5.75,2026-12-30,1798560000.0,101,5.8,0.862,N/A,0.382,29.806,100,11,9.0909,-0.411022825,0.311611075,0.016750929,-0.001011504,-0.012066141,BEARISH,['NORMAL'],SINGLE_LEG,N/A,N/A,"[{'action_type': 7, 'action_time': '2026-10-09', 'action_timestamp': 1791475200.0}]",['HK.LIST1079'],"['HK.LIST1239', 'HK.LIST1305', 'HK.LIST1344', 'HK.LIST1348']"
HK.COS261230P14000,HK.01919,COS,2026-06-10 11:51:14,1781063474.0,BUY,1.36,100,340000.0,PUT,14.0,2026-12-30,1798560000.0,101,14.02,0.142,1.34,1.36,35.825,100,149,0.67114,-0.422940832,0.107659468,0.040739974,-0.003027204,-0.031377457,BEARISH,['NORMAL'],SINGLE_LEG,N/A,N/A,"[{'action_type': 7, 'action_time': '2026-09-23', 'action_timestamp': 1790092800.0}]",['HK.LIST1066'],"['HK.LIST1175', 'HK.LIST1213', 'HK.LIST1348']"
HK.JDC270629P125000,HK.09618,JDC,2026-06-10 11:50:42,1781063442.0,BUY,25.77,200,2577000.0,PUT,125.0,2027-06-29,1814198400.0,282,111.9,-11.706,24.78,25.85,44.715,154,N/A,0.0,-0.486265403,0.008306245,0.454211516,-0.020855735,-0.583551221,BEARISH,['NORMAL'],SINGLE_LEG,N/A,N/A,N/A,['HK.LIST23361'],"['HK.LIST1161', 'HK.LIST1304', 'HK.LIST22886', 'HK.LIST23586', 'HK.LIST23674', 'HK.LIST24037', 'HK.LIST24062']"
HK.CPI270330P26000,HK.02601,CPI,2026-06-10 11:49:47,1781063387.0,BUY,1.46,130,189800.0,PUT,26.0,2027-03-30,1806336000.0,191,32.32,19.554,1.38,1.46,39.007,130,1138,0.11423,-0.191522195,0.024361452,0.078964645,-0.004632593,-0.049689429,BEARISH,['NORMAL'],SINGLE_LEG,N/A,N/A,"[{'action_type': 7, 'action_time': '2026-06-12', 'action_timestamp': 1781193600.0}, {'action_type': 7, 'action_time': '2026-09-08', 'action_timestamp': 1788796800.0}]",N/A,"['HK.LIST1287', 'HK.LIST1305']"
HK.MIU260929P26000,HK.01810,MIU,2026-06-10 10:58:00,1781060280.0,BUY,2.12,200,424000.0,PUT,26.0,2026-09-29,1790611200.0,9,25.96,-0.154,2.1,2.12,39.345,295,2022,0.14589,-0.438095205,0.070839438,0.056491891,-0.00890199,-0.033610258,BEARISH,['NORMAL'],SINGLE_LEG,N/A,N/A,N/A,['HK.LIST1055'],"['HK.LIST1161', 'HK.LIST1166', 'HK.LIST1217', 'HK.LIST1305', 'HK.LIST1328', 'HK.LIST1331', 'HK.LIST1351', 'HK.LIST22886', 'HK.LIST22910', 'HK.LIST22928', 'HK.LIST23586', 'HK.LIST23589', 'HK.LIST23593', 'HK.LIST23676', 'HK.LIST24037', 'HK.LIST24062']"
HK.CPI261230P28000,HK.02601,CPI,2026-06-10 10:54:09,1781060049.0,BUY,1.66,130,215800.0,PUT,28.0,2026-12-30,1798560000.0,101,32.2,13.043,1.64,1.66,39.538,130,220,0.5909,-0.248274872,0.033676634,0.075933492,-0.006593601,-0.044205815,BEARISH,['NORMAL'],SINGLE_LEG,N/A,N/A,"[{'action_type': 7, 'action_time': '2026-06-12', 'action_timestamp': 1781193600.0}, {'action_type': 7, 'action_time': '2026-09-08', 'action_timestamp': 1788796800.0}]",N/A,"['HK.LIST1287', 'HK.LIST1305']"
HK.BYD260929P80000,HK.01211,BYD,2026-06-10 10:35:59,1781058959.0,BUY,4.65,200,465000.0,PUT,80.0,2026-09-29,1790611200.0,9,85.1,5.992,4.62,4.65,39.968,234,3612,0.06478,-0.33238646,0.0195211,0.17032431,-0.027866137,-0.08456719,BEARISH,['NORMAL'],SINGLE_LEG,N/A,N/A,"[{'action_type': 7, 'action_time': '2026-06-11', 'action_timestamp': 1781107200.0}]",N/A,"['HK.LIST1180', 'HK.LIST1217', 'HK.LIST1305', 'HK.LIST1314', 'HK.LIST1334', 'HK.LIST22910', 'HK.LIST23589']"
HK.CHU260929P7250,HK.00762,CHU,2026-06-10 09:47:18,1781056038.0,BUY,0.34,200,136000.0,PUT,7.25,2026-09-29,1790611200.0,9,7.51,3.462,0.33,0.34,29.553,230,2686,0.08562,-0.361757863,0.310498583,0.015487059,-0.001808351,-0.007641356,BEARISH,['NORMAL'],SINGLE_LEG,N/A,N/A,N/A,['HK.LIST1054'],"['HK.LIST1176', 'HK.LIST1180', 'HK.LIST1214', 'HK.LIST1305', 'HK.LIST1344', 'HK.LIST1348', 'HK.LIST22928', 'HK.LIST23586', 'HK.LIST23589']"
HK.PEC270330P8500,HK.00857,PEC,2026-06-10 09:41:17,1781055677.0,BUY,0.5,500,500000.0,PUT,8.5,2027-03-30,1806336000.0,191,10.08,15.674,0.48,0.5,36.237,500,106,4.71698,-0.220926782,0.09173864,0.026809293,-0.001436536,-0.01760411,BEARISH,['NORMAL'],SINGLE_LEG,N/A,N/A,"[{'action_type': 7, 'action_time': '2026-06-18', 'action_timestamp': 1781712000.0}, {'action_type': 7, 'action_time': '2026-09-10', 'action_timestamp': 1788969600.0}]",['HK.LIST1042'],"['HK.LIST1175', 'HK.LIST1205', 'HK.LIST1241', 'HK.LIST1305', 'HK.LIST1344', 'HK.LIST1348', 'HK.LIST1362', 'HK.LIST22928']"
HK.CLI260929P27000,HK.02628,CLI,2026-06-09 15:46:43,1780991203.0,BUY,2.12,300,636000.0,PUT,27.0,2026-09-29,1790611200.0,9,27.32,1.171,2.11,2.12,40.5,319,7171,0.04448,-0.416375577,0.064469576,0.058988384,-0.009565018,-0.034141743,BEARISH,['NORMAL'],SINGLE_LEG,N/A,N/A,"[{'action_type': 7, 'action_time': '2026-06-30', 'action_timestamp': 1782748800.0}]",N/A,"['HK.LIST1287', 'HK.LIST1305', 'HK.LIST1348']"
HK.CHU260929P7000,HK.00762,CHU,2026-06-09 14:14:13,1780985653.0,BUY,0.32,200,128000.0,PUT,7.0,2026-09-29,1790611200.0,9,7.23,3.181,0.3,0.32,28.617,230,4333,0.05308,-0.363185823,0.332118203,0.015001635,-0.001676148,-0.007403228,BEARISH,['NORMAL'],SINGLE_LEG,N/A,N/A,N/A,['HK.LIST1054'],"['HK.LIST1176', 'HK.LIST1180', 'HK.LIST1214', 'HK.LIST1305', 'HK.LIST1344', 'HK.LIST1348', 'HK.LIST22928', 'HK.LIST23586', 'HK.LIST23589']"
HK.PIN260929P5500,HK.01339,PIN,2026-06-09 14:11:14,1780985474.0,BUY,0.67,109,365150.0,PUT,5.5,2026-09-29,1790611200.0,9,5.12,-7.421,0.66,0.67,41.958,109,576,0.18923,-0.563851835,0.341063777,0.011120242,-0.001807732,-0.008455744,BEARISH,['NORMAL'],SINGLE_LEG,N/A,N/A,"[{'action_type': 7, 'action_time': '2026-07-02', 'action_timestamp': 1782921600.0}]",N/A,"['HK.LIST1344', 'HK.LIST1348']"
HK.ALH260929P4200,HK.00241,ALH,2026-06-09 13:11:02,1780981862.0,BUY,0.88,357,628320.0,PUT,4.2,2026-09-29,1790611200.0,9,3.49,-20.343,0.83,0.9,57.828,234,51,4.58823,-0.659816704,0.342477888,0.007031593,-0.001578464,-0.007229042,BEARISH,['NORMAL'],SINGLE_LEG,N/A,N/A,"[{'action_type': 7, 'action_time': '2026-08-12', 'action_timestamp': 1786464000.0}, {'action_type': 8, 'action_time': '2026-08-12', 'action_timestamp': 1786464000.0}]",N/A,"['HK.LIST1110', 'HK.LIST1161', 'HK.LIST1251', 'HK.LIST1287', 'HK.LIST22886', 'HK.LIST23598', 'HK.LIST24037']"
HK.HEX261230P380000,HK.00388,HEX,2026-06-09 13:08:26,1780981706.0,BUY,25.0,200,500000.0,PUT,380.0,2026-12-30,1798560000.0,101,385.2,1.349,24.79,25.0,26.906,756,1647,0.45901,-0.404137079,0.005189014,1.107534396,-0.059157405,-0.771765142,BEARISH,['NORMAL'],SINGLE_LEG,2026-11-06,0,"[{'action_type': 7, 'action_time': '2026-09-01', 'action_timestamp': 1788192000.0}]",['HK.LIST1007'],['HK.LIST1305']
HK.BIU261230P110000,HK.09888,BIU,2026-06-09 11:05:13,1780974313.0,BUY,13.5,200,405000.0,PUT,110.0,2026-12-30,1798560000.0,101,117.0,5.982,13.14,13.5,52.26,1000,18849,0.05305,-0.346569889,0.00818766,0.322447731,-0.036917782,-0.243501133,BEARISH,['NORMAL'],SINGLE_LEG,N/A,N/A,N/A,['HK.LIST23360'],"['HK.LIST1304', 'HK.LIST22886', 'HK.LIST23586', 'HK.LIST23589', 'HK.LIST24037', 'HK.LIST24062']"
HK.HEX261230P380000,HK.00388,HEX,2026-06-09 10:18:17,1780971497.0,BUY,25.69,200,513800.0,PUT,380.0,2026-12-30,1798560000.0,101,384.2,1.093,25.47,25.69,27.151,451,1647,0.27383,-0.409408806,0.00517403,1.108442675,-0.059688036,-0.78062329,BEARISH,['NORMAL'],SINGLE_LEG,2026-11-06,0,"[{'action_type': 7, 'action_time': '2026-09-01', 'action_timestamp': 1788192000.0}]",['HK.LIST1007'],['HK.LIST1305']
HK.BIU261230P110000,HK.09888,BIU,2026-06-09 10:16:53,1780971413.0,BUY,13.5,200,405000.0,PUT,110.0,2026-12-30,1798560000.0,101,117.1,6.063,13.08,13.5,52.255,800,18849,0.04244,-0.345749558,0.008173082,0.32246891,-0.03691635,-0.243166555,BEARISH,['NORMAL'],SINGLE_LEG,N/A,N/A,N/A,['HK.LIST23360'],"['HK.LIST1304', 'HK.LIST22886', 'HK.LIST23586', 'HK.LIST23589', 'HK.LIST24037', 'HK.LIST24062']"
HK.BIU261230P110000,HK.09888,BIU,2026-06-09 10:11:22,1780971082.0,BUY,13.4,200,402000.0,PUT,110.0,2026-12-30,1798560000.0,101,117.5,6.382,13.07,13.4,52.739,400,18849,0.02122,-0.34093692,0.008010651,0.322444984,-0.037320719,-0.24172001,BEARISH,['NORMAL'],SINGLE_LEG,N/A,N/A,N/A,['HK.LIST23360'],"['HK.LIST1304', 'HK.LIST22886', 'HK.LIST23586', 'HK.LIST23589', 'HK.LIST24037', 'HK.LIST24062']"
HK.BIU261230P110000,HK.09888,BIU,2026-06-09 09:50:52,1780969852.0,BUY,13.5,200,405000.0,PUT,110.0,2026-12-30,1798560000.0,101,116.7,5.741,13.19,13.5,52.393,200,18849,0.01061,-0.345755449,0.008151125,0.322488482,-0.037020038,-0.243399927,BEARISH,['NORMAL'],SINGLE_LEG,N/A,N/A,N/A,['HK.LIST23360'],"['HK.LIST1304', 'HK.LIST22886', 'HK.LIST23586', 'HK.LIST23589', 'HK.LIST24037', 'HK.LIST24062']"
HK.PEC261230P8500,HK.00857,PEC,2026-06-09 09:41:17,1780969277.0,BUY,0.32,400,256000.0,PUT,8.5,2026-12-30,1798560000.0,101,10.4,18.269,0.31,0.32,37.025,400,308,1.2987,-0.174827562,0.089940662,0.020033044,-0.001638109,-0.009927548,BEARISH,['NORMAL'],SINGLE_LEG,N/A,N/A,"[{'action_type': 7, 'action_time': '2026-06-18', 'action_timestamp': 1781712000.0}, {'action_type': 7, 'action_time': '2026-09-10', 'action_timestamp': 1788969600.0}]",['HK.LIST1042'],"['HK.LIST1175', 'HK.LIST1205', 'HK.LIST1241', 'HK.LIST1305', 'HK.LIST1344', 'HK.LIST1348', 'HK.LIST1362', 'HK.LIST22928']"
HK.LAO260929P470000,HK.06181,LAO,2026-06-08 14:45:04,1780901104.0,BUY,62.62,100,626200.0,PUT,470.0,2026-09-29,1790611200.0,9,465.2,-1.031,62.47,62.62,60.789,815,88,9.26136,-0.434453942,0.002528074,1.017615961,-0.252049029,-0.679725968,BEARISH,['NORMAL'],SINGLE_LEG,N/A,N/A,N/A,['HK.LIST1049'],['HK.LIST23676']
HK.LAO260929P470000,HK.06181,LAO,2026-06-08 14:33:54,1780900434.0,BUY,62.15,100,621500.0,PUT,470.0,2026-09-29,1790611200.0,9,465.4,-0.988,61.49,62.15,60.842,700,88,7.95454,-0.430863731,0.002513776,1.019164981,-0.252794948,-0.676394324,BEARISH,['NORMAL'],SINGLE_LEG,N/A,N/A,N/A,['HK.LIST1049'],['HK.LIST23676']
HK.LAO260929P470000,HK.06181,LAO,2026-06-08 14:21:31,1780899691.0,BUY,61.25,100,612500.0,PUT,470.0,2026-09-29,1790611200.0,9,466.8,-0.685,61.13,61.25,60.408,615,88,6.98863,-0.428795151,0.002523811,1.020431902,-0.251261089,-0.673188108,BEARISH,['NORMAL'],SINGLE_LEG,N/A,N/A,N/A,['HK.LIST1049'],['HK.LIST23676']
HK.HEX261230P380000,HK.00388,HEX,2026-06-08 13:47:10,1780897630.0,BUY,26.28,200,525600.0,PUT,380.0,2026-12-30,1798560000.0,101,384.0,1.041,26.07,26.28,27.567,428,1434,0.29846,-0.410454785,0.005089455,1.110995013,-0.060601154,-0.788133942,BEARISH,['NORMAL'],SINGLE_LEG,2026-11-06,0,"[{'action_type': 7, 'action_time': '2026-09-01', 'action_timestamp': 1788192000.0}]",['HK.LIST1007'],['HK.LIST1305']
HK.BCM260929P7250,HK.03328,BCM,2026-06-08 13:44:23,1780897463.0,BUY,0.26,1000,260000.0,PUT,7.25,2026-09-29,1790611200.0,9,7.4,2.027,0.23,0.26,21.765,26,755,0.03443,-0.372050225,0.431020604,0.015534058,-0.001255504,-0.00744683,BEARISH,['NORMAL'],SINGLE_LEG,N/A,N/A,"[{'action_type': 7, 'action_time': '2026-07-02', 'action_timestamp': 1782921600.0}]",['HK.LIST1079'],"['HK.LIST1239', 'HK.LIST1305', 'HK.LIST1344', 'HK.LIST1348']"
HK.CPC261230P4100,HK.00386,CPC,2026-06-08 13:38:47,1780897127.0,BUY,0.28,500,280000.0,PUT,4.1,2026-12-30,1798560000.0,101,4.11,0.243,0.26,0.28,26.207,2001,323,6.19504,-0.426725272,0.507416923,0.011978675,-0.000611631,-0.008607377,BEARISH,['NORMAL'],SINGLE_LEG,N/A,N/A,"[{'action_type': 7, 'action_time': '2026-09-21', 'action_timestamp': 1789920000.0}]",N/A,"['HK.LIST1175', 'HK.LIST1205', 'HK.LIST1241', 'HK.LIST1305', 'HK.LIST1342', 'HK.LIST1344', 'HK.LIST1348', 'HK.LIST22928']"
HK.CPC261230P4100,HK.00386,CPC,2026-06-08 13:37:55,1780897075.0,BUY,0.28,500,280000.0,PUT,4.1,2026-12-30,1798560000.0,101,4.11,0.243,0.26,0.28,25.727,1501,323,4.64705,-0.421698039,0.514295772,0.011977779,-0.000599394,-0.00850296,BEARISH,['NORMAL'],SINGLE_LEG,N/A,N/A,"[{'action_type': 7, 'action_time': '2026-09-21', 'action_timestamp': 1789920000.0}]",N/A,"['HK.LIST1175', 'HK.LIST1205', 'HK.LIST1241', 'HK.LIST1305', 'HK.LIST1342', 'HK.LIST1344', 'HK.LIST1348', 'HK.LIST22928']"
HK.CTC261230P4900,HK.00728,CTC,2026-06-08 13:36:52,1780897012.0,BUY,0.4,295,236000.0,PUT,4.9,2026-12-30,1798560000.0,101,4.9,0.0,0.37,0.4,29.316,295,1056,0.27935,-0.426196023,0.377550445,0.014327271,-0.000835237,-0.010575856,BEARISH,['NORMAL'],SINGLE_LEG,N/A,N/A,"[{'action_type': 7, 'action_time': '2026-09-02', 'action_timestamp': 1788278400.0}]",N/A,"['HK.LIST1176', 'HK.LIST1214', 'HK.LIST1305', 'HK.LIST1344', 'HK.LIST1348', 'HK.LIST22928', 'HK.LIST23586', 'HK.LIST23589']"
HK.BIU260929P110000,HK.09888,BIU,2026-06-08 13:35:43,1780896943.0,BUY,10.4,250,390000.0,PUT,110.0,2026-09-29,1790611200.0,9,115.9,5.09,10.21,10.4,54.623,2265,6604,0.34297,-0.359151078,0.01067368,0.241333819,-0.05397053,-0.136119921,BEARISH,['NORMAL'],SINGLE_LEG,N/A,N/A,N/A,['HK.LIST23360'],"['HK.LIST1304', 'HK.LIST22886', 'HK.LIST23586', 'HK.LIST23589', 'HK.LIST24037', 'HK.LIST24062']"
HK.VNK260929P3500,HK.02202,VNK,2026-06-08 13:34:54,1780896894.0,BUY,1.03,100,103000.0,PUT,3.5,2026-09-29,1790611200.0,9,2.53,-38.339,0.98,1.03,56.105,412,1174,0.35093,-0.810131529,0.389841518,0.003783666,-0.000755178,-0.005627949,BEARISH,['NORMAL'],SINGLE_LEG,N/A,N/A,N/A,['HK.LIST1019'],"['HK.LIST1178', 'HK.LIST1234']"
HK.VNK260929P3500,HK.02202,VNK,2026-06-08 13:25:13,1780896313.0,BUY,1.02,100,102000.0,PUT,3.5,2026-09-29,1790611200.0,9,2.54,-37.795,0.96,1.02,53.374,312,1174,0.26575,-0.828405586,0.396515058,0.0035355,-0.0006579,-0.005408013,BEARISH,['NORMAL'],SINGLE_LEG,N/A,N/A,N/A,['HK.LIST1019'],"['HK.LIST1178', 'HK.LIST1234']"
HK.VNK260929P3500,HK.02202,VNK,2026-06-08 13:22:20,1780896140.0,BUY,1.01,100,101000.0,PUT,3.5,2026-09-29,1790611200.0,9,2.56,-36.718,0.96,1.01,57.131,212,1174,0.18057,-0.791848439,0.391350262,0.004058331,-0.000836821,-0.005784365,BEARISH,['NORMAL'],SINGLE_LEG,N/A,N/A,N/A,['HK.LIST1019'],"['HK.LIST1178', 'HK.LIST1234']"
HK.VNK260929P3500,HK.02202,VNK,2026-06-08 13:11:50,1780895510.0,BUY,1.01,110,111100.0,PUT,3.5,2026-09-29,1790611200.0,9,2.59,-35.135,0.95,1.01,57.129,12,1174,0.01022,-0.791847496,0.391352428,0.00405845,-0.000836773,-0.005784608,BEARISH,['NORMAL'],SINGLE_LEG,N/A,N/A,N/A,['HK.LIST1019'],"['HK.LIST1178', 'HK.LIST1234']"
HK.LAO260929P470000,HK.06181,LAO,2026-06-08 13:06:32,1780895192.0,BUY,57.75,100,577500.0,PUT,470.0,2026-09-29,1790611200.0,9,472.6,0.55,57.1,57.75,59.833,515,88,5.85227,-0.412240826,0.00248765,1.026840167,-0.250835397,-0.655095048,BEARISH,['NORMAL'],SINGLE_LEG,N/A,N/A,N/A,['HK.LIST1049'],['HK.LIST23676']
HK.BLI260929P135000,HK.09626,BLI,2026-06-08 11:49:19,1780890559.0,BUY,11.85,385,273735.0,PUT,135.0,2026-09-29,1790611200.0,9,146.4,7.786,11.53,11.82,55.97,373,48,7.77083,-0.326639,0.007950691,0.293964563,-0.067728863,-0.157129672,BEARISH,['NORMAL'],SINGLE_LEG,N/A,N/A,N/A,['HK.LIST23360'],"['HK.LIST1208', 'HK.LIST1304', 'HK.LIST1306', 'HK.LIST1328', 'HK.LIST22886', 'HK.LIST23586', 'HK.LIST24037']"
HK.CPI261230P26000,HK.02601,CPI,2026-06-08 11:38:33,1780889913.0,BUY,1.23,130,159900.0,PUT,26.0,2026-12-30,1798560000.0,101,31.3,16.932,1.18,1.23,39.438,130,176,0.73863,-0.201043645,0.030557831,0.065855399,-0.005705579,-0.035057007,BEARISH,['NORMAL'],SINGLE_LEG,N/A,N/A,"[{'action_type': 7, 'action_time': '2026-06-12', 'action_timestamp': 1781193600.0}, {'action_type': 7, 'action_time': '2026-09-08', 'action_timestamp': 1788796800.0}]",N/A,"['HK.LIST1287', 'HK.LIST1305']"
HK.LAO260929P470000,HK.06181,LAO,2026-06-08 11:28:21,1780889301.0,BUY,57.0,100,570000.0,PUT,470.0,2026-09-29,1790611200.0,9,475.4,1.135,56.82,57.0,59.378,415,88,4.7159,-0.410549135,0.002499258,1.027870816,-0.248970605,-0.652456229,BEARISH,['NORMAL'],SINGLE_LEG,N/A,N/A,N/A,['HK.LIST1049'],['HK.LIST23676']
HK.CPC261230P4100,HK.00386,CPC,2026-06-08 11:25:48,1780889148.0,BUY,0.27,500,270000.0,PUT,4.1,2026-12-30,1798560000.0,101,4.14,0.966,0.25,0.27,25.924,580,323,1.79566,-0.406517521,0.50049271,0.011974105,-0.000607916,-0.008322472,BEARISH,['NORMAL'],SINGLE_LEG,N/A,N/A,"[{'action_type': 7, 'action_time': '2026-09-21', 'action_timestamp': 1789920000.0}]",N/A,"['HK.LIST1175', 'HK.LIST1205', 'HK.LIST1241', 'HK.LIST1305', 'HK.LIST1342', 'HK.LIST1344', 'HK.LIST1348', 'HK.LIST22928']"
HK.COS261230P15000,HK.01919,COS,2026-06-08 11:13:28,1780888408.0,BUY,1.55,100,387500.0,PUT,15.0,2026-12-30,1798560000.0,101,14.89,-0.738,1.38,1.55,35.436,200,17,11.7647,-0.432240401,0.102364292,0.043772284,-0.003168242,-0.034302763,BEARISH,['NORMAL'],SINGLE_LEG,N/A,N/A,"[{'action_type': 7, 'action_time': '2026-09-23', 'action_timestamp': 1790092800.0}]",['HK.LIST1066'],"['HK.LIST1175', 'HK.LIST1213', 'HK.LIST1348']"
HK.COS261230P15000,HK.01919,COS,2026-06-08 11:12:45,1780888365.0,BUY,1.57,100,392500.0,PUT,15.0,2026-12-30,1798560000.0,101,14.9,-0.671,1.38,1.57,35.436,100,17,5.88235,-0.432240401,0.102364292,0.043772284,-0.003168242,-0.034302763,BEARISH,['NORMAL'],SINGLE_LEG,N/A,N/A,"[{'action_type': 7, 'action_time': '2026-09-23', 'action_timestamp': 1790092800.0}]",['HK.LIST1066'],"['HK.LIST1175', 'HK.LIST1213', 'HK.LIST1348']"
HK.LAO260929P470000,HK.06181,LAO,2026-06-08 11:04:22,1780887862.0,BUY,56.5,100,565000.0,PUT,470.0,2026-09-29,1790611200.0,9,475.8,1.218,56.35,56.5,59.061,315,88,3.57954,-0.40975659,0.002509181,1.028326865,-0.247667062,-0.650831351,BEARISH,['NORMAL'],SINGLE_LEG,N/A,N/A,N/A,['HK.LIST1049'],['HK.LIST23676']
HK.BIU260929P110000,HK.09888,BIU,2026-06-08 10:20:27,1780885227.0,BUY,10.2,250,382500.0,PUT,110.0,2026-09-29,1790611200.0,9,116.8,5.821,9.98,10.2,55.044,1750,6604,0.26499,-0.351950456,0.010443605,0.241214262,-0.054374731,-0.134610628,BEARISH,['NORMAL'],SINGLE_LEG,N/A,N/A,N/A,['HK.LIST23360'],"['HK.LIST1304', 'HK.LIST22886', 'HK.LIST23586', 'HK.LIST23589', 'HK.LIST24037', 'HK.LIST24062']"
HK.BIU260929P110000,HK.09888,BIU,2026-06-08 10:19:05,1780885145.0,BUY,10.1,250,378750.0,PUT,110.0,2026-09-29,1790611200.0,9,117.0,5.982,9.88,10.1,54.671,1500,6604,0.22713,-0.349661477,0.010471452,0.241056228,-0.053966894,-0.133724752,BEARISH,['NORMAL'],SINGLE_LEG,N/A,N/A,N/A,['HK.LIST23360'],"['HK.LIST1304', 'HK.LIST22886', 'HK.LIST23586', 'HK.LIST23589', 'HK.LIST24037', 'HK.LIST24062']"
HK.LAO260929P470000,HK.06181,LAO,2026-06-08 10:19:02,1780885142.0,BUY,56.1,100,561000.0,PUT,470.0,2026-09-29,1790611200.0,9,477.4,1.55,55.99,56.1,60.077,215,88,2.44318,-0.404644284,0.002448575,1.02925002,-0.252542219,-0.648540942,BEARISH,['NORMAL'],SINGLE_LEG,N/A,N/A,N/A,['HK.LIST1049'],['HK.LIST23676']
HK.BIU260929P110000,HK.09888,BIU,2026-06-08 10:17:30,1780885050.0,BUY,10.18,250,381750.0,PUT,110.0,2026-09-29,1790611200.0,9,116.8,5.821,9.93,10.18,54.961,1250,6604,0.18927,-0.348780404,0.010396967,0.241045283,-0.054274027,-0.133681174,BEARISH,['NORMAL'],SINGLE_LEG,N/A,N/A,N/A,['HK.LIST23360'],"['HK.LIST1304', 'HK.LIST22886', 'HK.LIST23586', 'HK.LIST23589', 'HK.LIST24037', 'HK.LIST24062']"
HK.BIU260929P110000,HK.09888,BIU,2026-06-08 10:10:04,1780884604.0,BUY,10.0,250,375000.0,PUT,110.0,2026-09-29,1790611200.0,9,117.4,6.303,9.86,10.0,54.995,1000,6604,0.15142,-0.345814978,0.010328549,0.240916155,-0.054347971,-0.133024512,BEARISH,['NORMAL'],SINGLE_LEG,N/A,N/A,N/A,['HK.LIST23360'],"['HK.LIST1304', 'HK.LIST22886', 'HK.LIST23586', 'HK.LIST23589', 'HK.LIST24037', 'HK.LIST24062']"
HK.BIU260929P110000,HK.09888,BIU,2026-06-08 10:08:29,1780884509.0,BUY,10.0,250,375000.0,PUT,110.0,2026-09-29,1790611200.0,9,117.6,6.462,9.79,10.0,55.278,750,6604,0.11356,-0.342912015,0.010215564,0.24077768,-0.054634964,-0.132407677,BEARISH,['NORMAL'],SINGLE_LEG,N/A,N/A,N/A,['HK.LIST23360'],"['HK.LIST1304', 'HK.LIST22886', 'HK.LIST23586', 'HK.LIST23589', 'HK.LIST24037', 'HK.LIST24062']"
HK.BIU260929P110000,HK.09888,BIU,2026-06-08 10:05:53,1780884353.0,BUY,10.05,250,376875.0,PUT,110.0,2026-09-29,1790611200.0,9,117.5,6.382,9.85,10.05,55.363,500,6604,0.07571,-0.343988329,0.010220786,0.240858787,-0.054733196,-0.132770088,BEARISH,['NORMAL'],SINGLE_LEG,N/A,N/A,N/A,['HK.LIST23360'],"['HK.LIST1304', 'HK.LIST22886', 'HK.LIST23586', 'HK.LIST23589', 'HK.LIST24037', 'HK.LIST24062']"
HK.HEX261230P380000,HK.00388,HEX,2026-06-08 10:01:26,1780884086.0,BUY,26.23,200,524600.0,PUT,380.0,2026-12-30,1798560000.0,101,385.4,1.401,26.02,26.43,28.045,202,1434,0.14086,-0.404821565,0.004956361,1.111692497,-0.062089736,-0.786518735,BEARISH,['NORMAL'],SINGLE_LEG,2026-11-06,0,"[{'action_type': 7, 'action_time': '2026-09-01', 'action_timestamp': 1788192000.0}]",['HK.LIST1007'],['HK.LIST1305']
HK.PEC261230P9500,HK.00857,PEC,2026-06-08 10:00:58,1780884058.0,BUY,0.63,485,611100.0,PUT,9.5,2026-12-30,1798560000.0,101,10.56,10.037,0.61,0.63,38.242,485,1317,0.36826,-0.282796121,0.113056245,0.026749717,-0.002200673,-0.016582533,BEARISH,['NORMAL'],SINGLE_LEG,N/A,N/A,"[{'action_type': 7, 'action_time': '2026-06-18', 'action_timestamp': 1781712000.0}, {'action_type': 7, 'action_time': '2026-09-10', 'action_timestamp': 1788969600.0}]",['HK.LIST1042'],"['HK.LIST1175', 'HK.LIST1205', 'HK.LIST1241', 'HK.LIST1305', 'HK.LIST1344', 'HK.LIST1348', 'HK.LIST1362', 'HK.LIST22928']"
HK.LAO260929P470000,HK.06181,LAO,2026-06-08 09:49:57,1780883397.0,BUY,55.58,100,555800.0,PUT,470.0,2026-09-29,1790611200.0,9,479.8,2.042,55.57,55.58,59.845,100,88,1.13636,-0.398043424,0.00243201,1.031029749,-0.252374487,-0.641700613,BEARISH,['NORMAL'],SINGLE_LEG,N/A,N/A,N/A,['HK.LIST1049'],['HK.LIST23676']
HK.CHU260929P7250,HK.00762,CHU,2026-06-08 09:46:06,1780883166.0,BUY,0.44,190,167200.0,PUT,7.25,2026-09-29,1790611200.0,9,7.29,0.548,0.4,0.44,29.47,190,2683,0.07081,-0.433119524,0.336005149,0.015902298,-0.00178683,-0.00891365,BEARISH,['NORMAL'],SINGLE_LEG,N/A,N/A,N/A,['HK.LIST1054'],"['HK.LIST1176', 'HK.LIST1180', 'HK.LIST1214', 'HK.LIST1305', 'HK.LIST1344', 'HK.LIST1348', 'HK.LIST22928', 'HK.LIST23586', 'HK.LIST23589']"
HK.LAU270330P75000,HK.02015,LAU,2026-06-08 09:31:46,1780882306.0,BUY,22.0,200,880000.0,PUT,75.0,2027-03-30,1806336000.0,191,55.05,-36.239,22.0,N/A,43.059,200,40,5.0,-0.737904706,0.019107045,0.155701585,-0.008099046,-0.264706934,BEARISH,['NORMAL'],SINGLE_LEG,N/A,N/A,N/A,N/A,"['HK.LIST1217', 'HK.LIST1304', 'HK.LIST1305', 'HK.LIST22910', 'HK.LIST23593', 'HK.LIST23676']"
HK.VNK260929P3600,HK.02202,VNK,2026-06-05 15:41:24,1780645284.0,BUY,1.05,100,105000.0,PUT,3.6,2026-09-29,1790611200.0,9,2.63,-36.882,0.99,1.05,54.765,200,788,0.2538,-0.811772134,0.382402824,0.003927787,-0.000742294,-0.005888703,BEARISH,['NORMAL'],SINGLE_LEG,N/A,N/A,N/A,['HK.LIST1019'],"['HK.LIST1178', 'HK.LIST1234']"
HK.VNK260929P3600,HK.02202,VNK,2026-06-05 14:44:32,1780641872.0,BUY,1.05,100,105000.0,PUT,3.6,2026-09-29,1790611200.0,9,2.64,-36.363,0.98,1.05,55.526,100,788,0.1269,-0.802866595,0.38181459,0.004063201,-0.000784477,-0.005981793,BEARISH,['NORMAL'],SINGLE_LEG,N/A,N/A,N/A,['HK.LIST1019'],"['HK.LIST1178', 'HK.LIST1234']"
HK.VNK260929P4200,HK.02202,VNK,2026-06-05 10:28:19,1780626499.0,BUY,1.58,100,158000.0,PUT,4.2,2026-09-29,1790611200.0,9,2.65,-58.49,1.52,1.58,0.0,100,349,0.28653,0.0,0.0,0.0,0.0,0.0,BEARISH,['NORMAL'],SINGLE_LEG,N/A,N/A,N/A,['HK.LIST1019'],"['HK.LIST1178', 'HK.LIST1234']"
HK.CPI261230P26000,HK.02601,CPI,2026-06-05 10:05:15,1780625115.0,BUY,1.18,130,153400.0,PUT,26.0,2026-12-30,1798560000.0,101,31.46,17.355,1.11,1.18,38.942,130,52,2.5,-0.192350197,0.029648722,0.065131145,-0.0054964,-0.034249549,BEARISH,['NORMAL'],SINGLE_LEG,N/A,N/A,"[{'action_type': 7, 'action_time': '2026-06-12', 'action_timestamp': 1781193600.0}, {'action_type': 7, 'action_time': '2026-09-08', 'action_timestamp': 1788796800.0}]",N/A,"['HK.LIST1287', 'HK.LIST1305']"
HK.CPI260929P27000,HK.02601,CPI,2026-06-05 10:01:20,1780624880.0,BUY,0.83,130,107900.0,PUT,27.0,2026-09-29,1790611200.0,9,31.48,14.231,0.79,0.83,38.49,130,117,1.11111,-0.191651068,0.03998121,0.048505291,-0.007453423,-0.018751136,BEARISH,['NORMAL'],SINGLE_LEG,N/A,N/A,"[{'action_type': 7, 'action_time': '2026-06-12', 'action_timestamp': 1781193600.0}, {'action_type': 7, 'action_time': '2026-09-08', 'action_timestamp': 1788796800.0}]",N/A,"['HK.LIST1287', 'HK.LIST1305']"
HK.PEC270330P9500,HK.00857,PEC,2026-06-05 09:49:24,1780624164.0,BUY,0.77,485,746900.0,PUT,9.5,2027-03-30,1806336000.0,191,10.53,9.781,0.74,0.77,36.282,485,154,3.14935,-0.287335439,0.10038293,0.032456313,-0.001678395,-0.024360457,BEARISH,['NORMAL'],SINGLE_LEG,N/A,N/A,"[{'action_type': 7, 'action_time': '2026-06-18', 'action_timestamp': 1781712000.0}, {'action_type': 7, 'action_time': '2026-09-10', 'action_timestamp': 1788969600.0}]",['HK.LIST1042'],"['HK.LIST1175', 'HK.LIST1205', 'HK.LIST1241', 'HK.LIST1305', 'HK.LIST1344', 'HK.LIST1348', 'HK.LIST1362', 'HK.LIST22928']"
HK.BYD260929P80000,HK.01211,BYD,2026-06-04 15:42:00,1780558920.0,BUY,2.86,200,286000.0,PUT,80.0,2026-09-29,1790611200.0,9,91.7,12.758,2.84,2.86,39.287,370,3246,0.11398,-0.218806414,0.014524867,0.153243348,-0.023802199,-0.063078734,BEARISH,['NORMAL'],SINGLE_LEG,N/A,N/A,"[{'action_type': 7, 'action_time': '2026-06-11', 'action_timestamp': 1781107200.0}]",N/A,"['HK.LIST1180', 'HK.LIST1217', 'HK.LIST1305', 'HK.LIST1314', 'HK.LIST1334', 'HK.LIST22910', 'HK.LIST23589']"
HK.JXC261230P34000,HK.00358,JXC,2026-06-04 15:06:06,1780556766.0,BUY,4.33,100,433000.0,PUT,34.0,2026-12-30,1798560000.0,101,36.46,6.747,4.29,4.33,54.824,100,25,4.0,-0.336994263,0.02441288,0.100838791,-0.011896335,-0.077089409,BEARISH,['NORMAL'],SINGLE_LEG,N/A,N/A,"[{'action_type': 7, 'action_time': '2026-06-11', 'action_timestamp': 1781107200.0}]",N/A,"['HK.LIST1312', 'HK.LIST1314', 'HK.LIST1348', 'HK.LIST24039']"
HK.CHU270629P7750,HK.00762,CHU,2026-06-04 14:44:13,1780555453.0,BUY,0.96,190,364800.0,PUT,7.75,2027-06-29,1814198400.0,282,7.45,-4.026,0.93,0.96,29.645,190,32,5.9375,-0.461636224,0.189115141,0.030127012,-0.000846038,-0.032106474,BEARISH,['NORMAL'],SINGLE_LEG,N/A,N/A,N/A,['HK.LIST1054'],"['HK.LIST1176', 'HK.LIST1180', 'HK.LIST1214', 'HK.LIST1305', 'HK.LIST1344', 'HK.LIST1348', 'HK.LIST22928', 'HK.LIST23586', 'HK.LIST23589']"
HK.CPI261230P29000,HK.02601,CPI,2026-06-04 13:11:23,1780549883.0,BUY,2.36,120,283200.0,PUT,29.0,2026-12-30,1798560000.0,101,31.36,7.525,2.25,2.36,39.76,120,158,0.75949,-0.318260813,0.03833049,0.084640148,-0.007063219,-0.056998374,BEARISH,['NORMAL'],SINGLE_LEG,N/A,N/A,"[{'action_type': 7, 'action_time': '2026-06-12', 'action_timestamp': 1781193600.0}, {'action_type': 7, 'action_time': '2026-09-08', 'action_timestamp': 1788796800.0}]",N/A,"['HK.LIST1287', 'HK.LIST1305']"
HK.CLI261230P27000,HK.02628,CLI,2026-06-04 10:27:28,1780540048.0,BUY,2.8,200,560000.0,PUT,27.0,2026-12-30,1798560000.0,101,27.76,2.737,2.77,2.8,41.006,200,993,0.2014,-0.383794238,0.045287399,0.07999842,-0.006788859,-0.060889289,BEARISH,['NORMAL'],SINGLE_LEG,N/A,N/A,"[{'action_type': 7, 'action_time': '2026-06-30', 'action_timestamp': 1782748800.0}, {'action_type': 7, 'action_time': '2026-10-08', 'action_timestamp': 1791388800.0}]",N/A,"['HK.LIST1287', 'HK.LIST1305', 'HK.LIST1348']"
HK.HNP261230P7250,HK.00902,HNP,2026-06-04 10:06:09,1780538769.0,BUY,0.83,125,207500.0,PUT,7.25,2026-12-30,1798560000.0,101,7.38,1.761,0.77,0.84,42.388,125,N/A,0.0,-0.397404272,0.166804822,0.021448957,-0.00188148,-0.016873201,BEARISH,['NORMAL'],SINGLE_LEG,N/A,N/A,"[{'action_type': 7, 'action_time': '2026-06-24', 'action_timestamp': 1782230400.0}]",['HK.LIST1051'],"['HK.LIST1207', 'HK.LIST1329', 'HK.LIST1348']"
HK.KSO261230P22000,HK.03888,KSO,2026-06-03 11:58:14,1780459094.0,BUY,2.54,120,304800.0,PUT,22.0,2026-12-30,1798560000.0,101,22.56,2.482,2.46,2.54,44.36,120,44,2.72727,-0.385929504,0.051424535,0.065292021,-0.006012429,-0.051155053,BEARISH,['NORMAL'],SINGLE_LEG,N/A,N/A,N/A,['HK.LIST1100'],"['HK.LIST1190', 'HK.LIST1191', 'HK.LIST1192', 'HK.LIST1208', 'HK.LIST1289', 'HK.LIST1331', 'HK.LIST23586', 'HK.LIST24037']"
HK.XBC260929P5250,HK.03988,XBC,2026-06-03 11:45:12,1780458312.0,BUY,0.26,1000,260000.0,PUT,5.25,2026-09-29,1790611200.0,9,5.24,-0.19,0.251,0.26,24.092,1030,187,5.50802,-0.441847756,0.564590799,0.011736527,-0.000997266,-0.006541042,BEARISH,['NORMAL'],SINGLE_LEG,N/A,N/A,"[{'action_type': 7, 'action_time': '2026-07-02', 'action_timestamp': 1782921600.0}]",N/A,"['HK.LIST1239', 'HK.LIST1305', 'HK.LIST1344', 'HK.LIST1348']"
HK.ZAO270330P10000,HK.06060,ZAO,2026-06-03 11:06:12,1780455972.0,BUY,1.05,100,105000.0,PUT,10.0,2027-03-30,1806336000.0,191,10.68,6.367,0.9,N/A,41.391,100,1,100.0,-0.336120316,0.093255141,0.035212562,-0.002065638,-0.030003163,BEARISH,['NORMAL'],SINGLE_LEG,N/A,N/A,N/A,['HK.LIST1003'],"['HK.LIST1190', 'HK.LIST1251', 'HK.LIST23674']"
HK.SAN270629P14000,HK.01928,SAN,2026-06-03 10:59:24,1780455564.0,BUY,1.31,500,262000.0,PUT,14.0,2027-06-29,1814198400.0,282,15.95,12.225,1.27,1.32,38.978,500,161,3.10559,-0.274390252,0.053062742,0.054861195,-0.002293261,-0.047452353,BEARISH,['NORMAL'],SINGLE_LEG,N/A,N/A,"[{'action_type': 7, 'action_time': '2026-09-16', 'action_timestamp': 1789488000.0}]",['HK.LIST1069'],"['HK.LIST1305', 'HK.LIST22913']"
HK.XIC260929P6750,HK.01398,XIC,2026-06-03 10:55:46,1780455346.0,BUY,0.31,1000,310000.0,PUT,6.75,2026-09-29,1790611200.0,9,6.71,-0.596,0.295,0.31,21.08,1000,2361,0.42354,-0.463087359,0.513463469,0.015058377,-0.001085284,-0.008445675,BEARISH,['NORMAL'],SINGLE_LEG,N/A,N/A,N/A,['HK.LIST1079'],"['HK.LIST1239', 'HK.LIST1305', 'HK.LIST1344', 'HK.LIST1348']"
HK.XCC260929P8500,HK.00939,XCC,2026-06-03 10:52:04,1780455124.0,BUY,0.45,1000,450000.0,PUT,8.5,2026-09-29,1790611200.0,9,8.53,0.351,0.439,0.45,26.259,1000,10908,0.09167,-0.434166927,0.316670447,0.019019472,-0.001788635,-0.01065344,BEARISH,['NORMAL'],SINGLE_LEG,N/A,N/A,"[{'action_type': 7, 'action_time': '2026-07-02', 'action_timestamp': 1782921600.0}]",N/A,"['HK.LIST1239', 'HK.LIST1305', 'HK.LIST1344', 'HK.LIST1348']"
HK.XPB260929P5000,HK.01658,XPB,2026-06-03 10:46:07,1780454767.0,BUY,0.24,200,240000.0,PUT,5.0,2026-09-29,1790611200.0,9,5.0,0.0,0.228,0.24,22.874,200,285,0.70175,-0.447697539,0.628738977,0.011173076,-0.000891601,-0.006220981,BEARISH,['NORMAL'],SINGLE_LEG,N/A,N/A,"[{'action_type': 7, 'action_time': '2026-07-03', 'action_timestamp': 1783008000.0}]",['HK.LIST1079'],"['HK.LIST1239', 'HK.LIST1305', 'HK.LIST1348']"
HK.ZJG261230P110000,HK.02259,ZJG,2026-06-03 10:18:40,1780453120.0,BUY,10.59,119,252042.0,PUT,110.0,2026-12-30,1798560000.0,101,126.5,13.043,10.22,10.6,52.082,497,N/A,0.0,-0.273862238,0.006709095,0.32012698,-0.035983425,-0.214372412,BEARISH,['NORMAL'],SINGLE_LEG,N/A,N/A,"[{'action_type': 7, 'action_time': '2026-08-27', 'action_timestamp': 1787760000.0}]",N/A,"['HK.LIST1222', 'HK.LIST1312']"
HK.ZJG261230P110000,HK.02259,ZJG,2026-06-03 10:17:22,1780453042.0,BUY,10.43,189,394254.0,PUT,110.0,2026-12-30,1798560000.0,101,126.4,12.974,10.04,10.43,51.656,189,N/A,0.0,-0.270592493,0.006702109,0.319225503,-0.035590318,-0.211905178,BEARISH,['NORMAL'],SINGLE_LEG,N/A,N/A,"[{'action_type': 7, 'action_time': '2026-08-27', 'action_timestamp': 1787760000.0}]",N/A,"['HK.LIST1222', 'HK.LIST1312']"
HK.KST261230P41000,HK.01024,KST,2026-06-03 10:15:04,1780452904.0,BUY,3.69,202,372690.0,PUT,41.0,2026-12-30,1798560000.0,101,47.18,13.098,3.66,3.7,50.087,202,1615,0.12507,-0.272151038,0.018686557,0.118781414,-0.012807108,-0.078387656,BEARISH,['NORMAL'],SINGLE_LEG,N/A,N/A,"[{'action_type': 7, 'action_time': '2026-06-29', 'action_timestamp': 1782662400.0}]",N/A,"['HK.LIST1305', 'HK.LIST1306', 'HK.LIST1328', 'HK.LIST22886', 'HK.LIST23586', 'HK.LIST24037']"
HK.ZJG261230P112500,HK.02259,ZJG,2026-06-02 15:20:35,1780384835.0,BUY,12.22,128,312832.0,PUT,112.5,2026-12-30,1798560000.0,101,127.6,11.833,11.87,12.24,54.254,316,N/A,0.0,-0.290684046,0.006584209,0.331886176,-0.038691989,-0.232938985,BEARISH,['NORMAL'],SINGLE_LEG,N/A,N/A,"[{'action_type': 7, 'action_time': '2026-06-03', 'action_timestamp': 1780416000.0}, {'action_type': 7, 'action_time': '2026-08-27', 'action_timestamp': 1787760000.0}]",N/A,"['HK.LIST1222', 'HK.LIST1312']"
HK.ZJG260929P115000,HK.02259,ZJG,2026-06-02 15:17:15,1780384635.0,BUY,9.5,107,203300.0,PUT,115.0,2026-09-29,1790611200.0,9,127.3,9.662,9.33,9.5,56.108,483,362,1.33425,-0.302777852,0.008590122,0.254220939,-0.055942331,-0.13377948,BEARISH,['NORMAL'],SINGLE_LEG,N/A,N/A,"[{'action_type': 7, 'action_time': '2026-06-03', 'action_timestamp': 1780416000.0}, {'action_type': 7, 'action_time': '2026-08-27', 'action_timestamp': 1787760000.0}]",N/A,"['HK.LIST1222', 'HK.LIST1312']"
HK.ZJG261230P112500,HK.02259,ZJG,2026-06-02 15:16:20,1780384580.0,BUY,12.1,188,454960.0,PUT,112.5,2026-12-30,1798560000.0,101,127.8,11.971,11.87,12.1,54.361,376,N/A,0.0,-0.288161071,0.006522733,0.331577399,-0.038756859,-0.231739437,BEARISH,['NORMAL'],SINGLE_LEG,N/A,N/A,"[{'action_type': 7, 'action_time': '2026-06-03', 'action_timestamp': 1780416000.0}, {'action_type': 7, 'action_time': '2026-08-27', 'action_timestamp': 1787760000.0}]",N/A,"['HK.LIST1222', 'HK.LIST1312']"
HK.ZJG260929P115000,HK.02259,ZJG,2026-06-02 14:57:10,1780383430.0,BUY,9.49,187,354926.0,PUT,115.0,2026-09-29,1790611200.0,9,127.7,9.945,9.36,9.5,56.283,376,362,1.03867,-0.302138696,0.008547808,0.254196224,-0.056118941,-0.133716546,BEARISH,['NORMAL'],SINGLE_LEG,N/A,N/A,"[{'action_type': 7, 'action_time': '2026-06-03', 'action_timestamp': 1780416000.0}, {'action_type': 7, 'action_time': '2026-08-27', 'action_timestamp': 1787760000.0}]",N/A,"['HK.LIST1222', 'HK.LIST1312']"
HK.ZJG260929P115000,HK.02259,ZJG,2026-06-02 14:50:13,1780383013.0,BUY,9.57,187,357918.0,PUT,115.0,2026-09-29,1790611200.0,9,127.4,9.733,9.41,9.59,56.222,189,362,0.52209,-0.302921074,0.008573822,0.254295646,-0.056068355,-0.133934666,BEARISH,['NORMAL'],SINGLE_LEG,N/A,N/A,"[{'action_type': 7, 'action_time': '2026-06-03', 'action_timestamp': 1780416000.0}, {'action_type': 7, 'action_time': '2026-08-27', 'action_timestamp': 1787760000.0}]",N/A,"['HK.LIST1222', 'HK.LIST1312']"
HK.ZJG260929P112500,HK.02259,ZJG,2026-06-02 14:50:13,1780383013.0,BUY,8.57,187,320518.0,PUT,112.5,2026-09-29,1790611200.0,9,127.4,11.695,8.38,8.59,56.273,187,N/A,0.0,-0.279406408,0.008242487,0.244898215,-0.054217442,-0.123324843,BEARISH,['NORMAL'],SINGLE_LEG,N/A,N/A,"[{'action_type': 7, 'action_time': '2026-06-03', 'action_timestamp': 1780416000.0}, {'action_type': 7, 'action_time': '2026-08-27', 'action_timestamp': 1787760000.0}]",N/A,"['HK.LIST1222', 'HK.LIST1312']"
HK.TCH260929P600000,HK.00700,TCH,2026-06-02 10:08:51,1780366131.0,BUY,150.59,700,10541300.0,PUT,600.0,2026-09-29,1790611200.0,9,453.4,-32.333,137.0,158.85,35.744,700,13760,0.05087,-0.933220625,0.002879739,0.301250147,-0.029509454,-0.512526273,BEARISH,['NORMAL'],MULTI_LEG,N/A,N/A,N/A,['HK.LIST23363'],"['HK.LIST1161', 'HK.LIST1190', 'HK.LIST1191', 'HK.LIST1208', 'HK.LIST1289', 'HK.LIST1305', 'HK.LIST1328', 'HK.LIST1351', 'HK.LIST22886', 'HK.LIST22928', 'HK.LIST23586', 'HK.LIST23589', 'HK.LIST24037', 'HK.LIST24062']"
HK.COL270330P12500,HK.00688,COL,2026-06-02 09:41:20,1780364480.0,BUY,0.55,220,242000.0,PUT,12.5,2027-03-30,1806336000.0,191,16.17,22.696,0.54,0.55,37.83,220,251,0.87649,-0.15965774,0.044093325,0.03564687,-0.001984971,-0.021067927,BEARISH,['NORMAL'],SINGLE_LEG,N/A,N/A,"[{'action_type': 7, 'action_time': '2026-06-26', 'action_timestamp': 1782403200.0}, {'action_type': 7, 'action_time': '2026-09-16', 'action_timestamp': 1789488000.0}]",['HK.LIST1019'],"['HK.LIST1234', 'HK.LIST1305', 'HK.LIST1348']"
HK.SAN261230P16000,HK.01928,SAN,2026-06-02 09:37:02,1780364222.0,BUY,1.64,190,124640.0,PUT,16.0,2026-12-30,1798560000.0,101,16.12,0.744,1.58,1.64,36.942,220,883,0.24915,-0.406942908,0.087706283,0.047549569,-0.003528805,-0.036742953,BEARISH,['NORMAL'],SINGLE_LEG,N/A,N/A,"[{'action_type': 7, 'action_time': '2026-09-16', 'action_timestamp': 1789488000.0}]",['HK.LIST1069'],"['HK.LIST1305', 'HK.LIST22913']"
HK.SAN261230P16500,HK.01928,SAN,2026-06-02 09:37:02,1780364222.0,BUY,1.93,185,142820.0,PUT,16.5,2026-12-30,1798560000.0,101,16.12,-2.357,1.87,1.93,37.961,185,1258,0.14705,-0.449460705,0.087566549,0.048452118,-0.003659956,-0.040502953,BEARISH,['NORMAL'],SINGLE_LEG,N/A,N/A,"[{'action_type': 7, 'action_time': '2026-09-16', 'action_timestamp': 1789488000.0}]",['HK.LIST1069'],"['HK.LIST1305', 'HK.LIST22913']"
HK.SAN270330P15500,HK.01928,SAN,2026-06-02 09:35:14,1780364114.0,BUY,1.6,195,124800.0,PUT,15.5,2027-03-30,1806336000.0,191,16.11,3.786,1.54,1.6,36.222,195,417,0.46762,-0.361537345,0.072814284,0.054660603,-0.002723439,-0.04677858,BEARISH,['NORMAL'],SINGLE_LEG,N/A,N/A,"[{'action_type': 7, 'action_time': '2026-09-16', 'action_timestamp': 1789488000.0}]",['HK.LIST1069'],"['HK.LIST1305', 'HK.LIST22913']"
HK.MET260929P115000,HK.03690,MET,2026-06-01 15:19:46,1780298386.0,BUY,36.94,371,6852370.0,PUT,115.0,2026-09-29,1790611200.0,9,78.75,-46.031,34.73,38.04,46.058,1000,1918,0.52137,-0.934558935,0.011770181,0.052575957,-0.006869018,-0.105570187,BEARISH,['NORMAL'],MULTI_LEG,N/A,N/A,N/A,['HK.LIST23361'],"['HK.LIST1305', 'HK.LIST1998', 'HK.LIST22886', 'HK.LIST22928', 'HK.LIST23586', 'HK.LIST24037', 'HK.LIST24062']"
HK.MET260929P115000,HK.03690,MET,2026-06-01 15:19:31,1780298371.0,BUY,36.94,371,6852370.0,PUT,115.0,2026-09-29,1790611200.0,9,78.75,-46.031,34.73,38.04,46.058,500,1918,0.26068,-0.934558935,0.011770181,0.052575957,-0.006869018,-0.105570187,BEARISH,['NORMAL'],MULTI_LEG,N/A,N/A,N/A,['HK.LIST23361'],"['HK.LIST1305', 'HK.LIST1998', 'HK.LIST22886', 'HK.LIST22928', 'HK.LIST23586', 'HK.LIST24037', 'HK.LIST24062']"
HK.SNO260929P65000,HK.02382,SNO,2026-06-01 14:12:44,1780294364.0,BUY,2.75,284,781000.0,PUT,65.0,2026-09-29,1790611200.0,9,82.45,21.164,2.71,2.75,54.83,299,1824,0.16392,-0.1691776,0.009723712,0.119614277,-0.025891124,-0.047748022,BEARISH,['NORMAL'],SINGLE_LEG,N/A,N/A,"[{'action_type': 7, 'action_time': '2026-06-05', 'action_timestamp': 1780588800.0}]",['HK.LIST1055'],"['HK.LIST1166', 'HK.LIST1328', 'HK.LIST1351', 'HK.LIST23589', 'HK.LIST23593', 'HK.LIST24024']"
HK.GLX260929P29000,HK.00027,GLX,2026-06-01 11:46:23,1780285583.0,BUY,1.19,100,119000.0,PUT,29.0,2026-09-29,1790611200.0,9,31.52,7.994,1.17,1.19,33.916,250,66,3.78787,-0.280406301,0.055356691,0.060843981,-0.007758982,-0.027812237,BEARISH,['NORMAL'],SINGLE_LEG,N/A,N/A,"[{'action_type': 7, 'action_time': '2026-08-25', 'action_timestamp': 1787587200.0}]",N/A,"['HK.LIST1305', 'HK.LIST22913']"
HK.CPI270330P29000,HK.02601,CPI,2026-06-01 11:09:34,1780283374.0,BUY,2.72,125,340000.0,PUT,29.0,2027-03-30,1806336000.0,191,31.86,8.976,2.55,2.72,38.409,125,3554,0.03517,-0.302756769,0.031989251,0.101071052,-0.005467602,-0.079734021,BEARISH,['NORMAL'],SINGLE_LEG,N/A,N/A,"[{'action_type': 7, 'action_time': '2026-06-12', 'action_timestamp': 1781193600.0}, {'action_type': 7, 'action_time': '2026-09-08', 'action_timestamp': 1788796800.0}]",N/A,"['HK.LIST1287', 'HK.LIST1305']"
HK.BYE270629P21000,HK.00285,BYE,2026-05-29 15:25:35,1780039535.0,BUY,1.55,100,155000.0,PUT,21.0,2027-06-29,1814198400.0,282,29.22,28.131,1.54,1.55,47.499,100,N/A,0.0,-0.163443822,0.017251132,0.075013518,-0.003992974,-0.05525658,BEARISH,['NORMAL'],SINGLE_LEG,N/A,N/A,"[{'action_type': 7, 'action_time': '2026-06-11', 'action_timestamp': 1781107200.0}]",['HK.LIST1055'],"['HK.LIST1166', 'HK.LIST1334', 'HK.LIST1351', 'HK.LIST23589', 'HK.LIST24242']"
HK.KSO261230P20000,HK.03888,KSO,2026-05-29 14:39:03,1780036743.0,BUY,1.86,125,232500.0,PUT,20.0,2026-12-30,1798560000.0,101,21.4,6.542,1.82,1.86,42.175,125,22,5.68181,-0.33498967,0.0534281,0.059749604,-0.005142113,-0.042723095,BEARISH,['NORMAL'],SINGLE_LEG,N/A,N/A,"[{'action_type': 7, 'action_time': '2026-06-01', 'action_timestamp': 1780243200.0}]",['HK.LIST1100'],"['HK.LIST1190', 'HK.LIST1191', 'HK.LIST1192', 'HK.LIST1208', 'HK.LIST1289', 'HK.LIST1331', 'HK.LIST23586', 'HK.LIST24037']"
HK.HNP260929P9000,HK.00902,HNP,2026-05-29 13:21:33,1780032093.0,BUY,2.19,150,657000.0,PUT,9.0,2026-09-29,1790611200.0,9,7.3,-23.287,2.11,2.19,68.707,150,N/A,0.0,-0.622010373,0.134724161,0.016061105,-0.003979875,-0.01719581,BEARISH,['NORMAL'],SINGLE_LEG,N/A,N/A,"[{'action_type': 7, 'action_time': '2026-06-24', 'action_timestamp': 1782230400.0}]",['HK.LIST1051'],"['HK.LIST1207', 'HK.LIST1329', 'HK.LIST1348']"
HK.CSP260929P7000,HK.01093,CSP,2026-05-28 15:29:32,1779953372.0,BUY,0.81,200,324000.0,PUT,7.0,2026-09-29,1790611200.0,9,6.96,-0.574,0.8,0.81,50.828,20,2757,0.00725,-0.436049872,0.193627258,0.015946593,-0.002960541,-0.01068668,BEARISH,['NORMAL'],SINGLE_LEG,N/A,N/A,"[{'action_type': 7, 'action_time': '2026-06-24', 'action_timestamp': 1782230400.0}]",['HK.LIST1067'],['HK.LIST23675']
HK.PAI260929P75000,HK.02318,PAI,2026-05-28 15:23:15,1779952995.0,BUY,18.18,203,1845270.0,PUT,75.0,2026-09-29,1790611200.0,9,59.3,-26.475,18.07,18.27,56.596,204,428,0.47663,-0.705135165,0.018772255,0.118292121,-0.022867053,-0.141375682,BEARISH,['NORMAL'],SINGLE_LEG,N/A,N/A,"[{'action_type': 7, 'action_time': '2026-06-02', 'action_timestamp': 1780329600.0}, {'action_type': 7, 'action_time': '2026-09-02', 'action_timestamp': 1788278400.0}]",N/A,"['HK.LIST1110', 'HK.LIST1178', 'HK.LIST1305']"
HK.CPC260929P4100,HK.00386,CPC,2026-05-28 15:15:20,1779952520.0,BUY,0.2,500,200000.0,PUT,4.1,2026-09-29,1790611200.0,9,4.32,5.092,0.18,0.21,32.193,500,2014,0.24826,-0.330144073,0.45137316,0.009118134,-0.001051225,-0.004577982,BEARISH,['NORMAL'],SINGLE_LEG,N/A,N/A,"[{'action_type': 7, 'action_time': '2026-06-08', 'action_timestamp': 1780848000.0}, {'action_type': 7, 'action_time': '2026-09-21', 'action_timestamp': 1789920000.0}]",N/A,"['HK.LIST1175', 'HK.LIST1205', 'HK.LIST1241', 'HK.LIST1305', 'HK.LIST1342', 'HK.LIST1344', 'HK.LIST1348', 'HK.LIST22928']"
HK.LAU261230P50000,HK.02015,LAU,2026-05-28 14:20:28,1779949228.0,BUY,3.48,500,348000.0,PUT,50.0,2026-12-30,1798560000.0,101,60.75,17.695,3.41,3.48,47.606,600,422,1.4218,-0.22280432,0.013519868,0.139157373,-0.013940129,-0.083363195,BEARISH,['NORMAL'],SINGLE_LEG,N/A,N/A,N/A,N/A,"['HK.LIST1217', 'HK.LIST1304', 'HK.LIST1305', 'HK.LIST22910', 'HK.LIST23593', 'HK.LIST23676']"
HK.CPI270330P26000,HK.02601,CPI,2026-05-28 13:56:02,1779947762.0,BUY,1.66,108,179280.0,PUT,26.0,2027-03-30,1806336000.0,191,31.18,16.613,1.57,1.66,38.202,108,1000,0.108,-0.221123334,0.027580397,0.084674224,-0.004601525,-0.057710334,BEARISH,['NORMAL'],SINGLE_LEG,N/A,N/A,"[{'action_type': 7, 'action_time': '2026-06-12', 'action_timestamp': 1781193600.0}, {'action_type': 7, 'action_time': '2026-09-08', 'action_timestamp': 1788796800.0}]",N/A,"['HK.LIST1287', 'HK.LIST1305']"
HK.PEC270330P9250,HK.00857,PEC,2026-05-28 11:56:19,1779940579.0,BUY,0.62,495,613800.0,PUT,9.25,2027-03-30,1806336000.0,191,10.69,13.47,0.59,0.62,35.583,495,652,0.7592,-0.24541266,0.091694038,0.030778227,-0.001533165,-0.021595901,BEARISH,['NORMAL'],SINGLE_LEG,N/A,N/A,"[{'action_type': 7, 'action_time': '2026-06-18', 'action_timestamp': 1781712000.0}, {'action_type': 7, 'action_time': '2026-09-10', 'action_timestamp': 1788969600.0}]",['HK.LIST1042'],"['HK.LIST1175', 'HK.LIST1205', 'HK.LIST1241', 'HK.LIST1305', 'HK.LIST1344', 'HK.LIST1348', 'HK.LIST1362', 'HK.LIST22928']"
HK.PAI260929P52500,HK.02318,PAI,2026-05-28 11:53:44,1779940424.0,BUY,1.79,400,358000.0,PUT,52.5,2026-09-29,1790611200.0,9,58.5,10.256,1.78,1.79,33.491,500,8452,0.05915,-0.239791123,0.027384029,0.105833208,-0.012960324,-0.04553647,BEARISH,['NORMAL'],SINGLE_LEG,N/A,N/A,"[{'action_type': 7, 'action_time': '2026-06-02', 'action_timestamp': 1780329600.0}, {'action_type': 7, 'action_time': '2026-09-02', 'action_timestamp': 1788278400.0}]",N/A,"['HK.LIST1110', 'HK.LIST1178', 'HK.LIST1305']"
HK.BYD261230P80000,HK.01211,BYD,2026-05-28 11:47:10,1779940030.0,BUY,5.6,200,560000.0,PUT,80.0,2026-12-30,1798560000.0,101,88.9,10.011,5.57,5.6,38.956,300,647,0.46367,-0.285549417,0.012904796,0.232350215,-0.018441714,-0.149421411,BEARISH,['NORMAL'],SINGLE_LEG,N/A,N/A,"[{'action_type': 7, 'action_time': '2026-06-11', 'action_timestamp': 1781107200.0}]",N/A,"['HK.LIST1180', 'HK.LIST1217', 'HK.LIST1305', 'HK.LIST1314', 'HK.LIST1334', 'HK.LIST22910', 'HK.LIST23589']"
HK.ZSH261230P16500,HK.00881,ZSH,2026-05-28 11:38:47,1779939527.0,BUY,10.35,400,4140000.0,PUT,16.5,2026-12-30,1798560000.0,101,6.1,-170.491,10.23,10.4,0.0,400,N/A,0.0,0.0,0.0,0.0,0.0,0.0,BEARISH,['NORMAL'],SINGLE_LEG,N/A,N/A,N/A,['HK.LIST1269'],['HK.LIST1196']
HK.MET260929P70000,HK.03690,MET,2026-05-28 11:07:28,1779937648.0,BUY,5.41,200,541000.0,PUT,70.0,2026-09-29,1790611200.0,9,72.6,3.581,5.34,5.47,42.626,543,26842,0.02022,-0.375593147,0.021236642,0.160576353,-0.024897652,-0.092488236,BEARISH,['NORMAL'],SINGLE_LEG,N/A,N/A,N/A,['HK.LIST23361'],"['HK.LIST1305', 'HK.LIST1998', 'HK.LIST22886', 'HK.LIST22928', 'HK.LIST23586', 'HK.LIST24037', 'HK.LIST24062']"
HK.MET260929P70000,HK.03690,MET,2026-05-28 11:07:19,1779937639.0,BUY,5.41,200,541000.0,PUT,70.0,2026-09-29,1790611200.0,9,72.65,3.647,5.34,5.42,42.626,343,26842,0.01277,-0.375593147,0.021236642,0.160576353,-0.024897652,-0.092488236,BEARISH,['NORMAL'],SINGLE_LEG,N/A,N/A,N/A,['HK.LIST23361'],"['HK.LIST1305', 'HK.LIST1998', 'HK.LIST22886', 'HK.LIST22928', 'HK.LIST23586', 'HK.LIST24037', 'HK.LIST24062']"
HK.MIU261230P25000,HK.01810,MIU,2026-05-27 15:59:49,1779868789.0,BUY,1.63,250,407500.0,PUT,25.0,2026-12-30,1798560000.0,101,28.26,11.535,1.61,1.63,39.222,406,9073,0.04474,-0.265863425,0.038751217,0.071546678,-0.005725442,-0.044539037,BEARISH,['NORMAL'],SINGLE_LEG,N/A,N/A,N/A,['HK.LIST1055'],"['HK.LIST1161', 'HK.LIST1166', 'HK.LIST1217', 'HK.LIST1305', 'HK.LIST1328', 'HK.LIST1331', 'HK.LIST1351', 'HK.LIST22886', 'HK.LIST22910', 'HK.LIST22928', 'HK.LIST23586', 'HK.LIST23589', 'HK.LIST23593', 'HK.LIST23676', 'HK.LIST24037', 'HK.LIST24062']"
HK.JDC260929P115000,HK.09618,JDC,2026-05-27 15:03:48,1779865428.0,BUY,9.1,200,910000.0,PUT,115.0,2026-09-29,1790611200.0,9,115.2,0.173,9.07,9.1,37.135,400,1288,0.31055,-0.434582097,0.016002246,0.264724509,-0.034605574,-0.16421026,BEARISH,['NORMAL'],SINGLE_LEG,N/A,N/A,N/A,['HK.LIST23361'],"['HK.LIST1161', 'HK.LIST1304', 'HK.LIST22886', 'HK.LIST23586', 'HK.LIST23674', 'HK.LIST24037', 'HK.LIST24062']"
HK.JDC260929P115000,HK.09618,JDC,2026-05-27 14:40:44,1779864044.0,BUY,8.94,200,894000.0,PUT,115.0,2026-09-29,1790611200.0,9,115.7,0.605,8.82,8.94,36.728,200,1288,0.15527,-0.428364436,0.016072721,0.264944,-0.034259514,-0.162208521,BEARISH,['NORMAL'],SINGLE_LEG,N/A,N/A,N/A,['HK.LIST23361'],"['HK.LIST1161', 'HK.LIST1304', 'HK.LIST22886', 'HK.LIST23586', 'HK.LIST23674', 'HK.LIST24037', 'HK.LIST24062']"
HK.CPI261230P30000,HK.02601,CPI,2026-05-27 14:20:40,1779862840.0,BUY,2.62,135,353700.0,PUT,30.0,2026-12-30,1798560000.0,101,32.16,6.716,2.58,2.62,40.335,250,1625,0.15384,-0.332074077,0.036929832,0.089797798,-0.00728838,-0.063430203,BEARISH,['NORMAL'],SINGLE_LEG,N/A,N/A,"[{'action_type': 7, 'action_time': '2026-06-12', 'action_timestamp': 1781193600.0}, {'action_type': 7, 'action_time': '2026-09-08', 'action_timestamp': 1788796800.0}]",N/A,"['HK.LIST1287', 'HK.LIST1305']"
HK.LEN261230P12000,HK.00992,LEN,2026-05-27 14:06:49,1779862009.0,BUY,0.33,1711,1129260.0,PUT,12.0,2026-12-30,1798560000.0,101,19.16,37.369,0.29,0.33,52.241,1711,5293,0.32325,-0.078140557,0.018897386,0.021636995,-0.00245121,-0.009062376,BEARISH,['NORMAL'],SINGLE_LEG,N/A,N/A,"[{'action_type': 7, 'action_time': '2026-08-05', 'action_timestamp': 1785859200.0}]",N/A,"['HK.LIST1166', 'HK.LIST1348', 'HK.LIST23586', 'HK.LIST23699', 'HK.LIST24242']"
HK.POP261230P165000,HK.09992,POP,2026-05-27 11:51:52,1779853912.0,BUY,28.97,470,2723180.0,PUT,165.0,2026-12-30,1798560000.0,101,153.1,-7.772,28.57,28.97,49.863,9,972,0.00925,-0.486752912,0.007002177,0.46883613,-0.046096604,-0.464327716,BEARISH,['NORMAL'],SINGLE_LEG,N/A,N/A,N/A,['HK.LIST1047'],"['HK.LIST1328', 'HK.LIST23676']"
HK.CTS260929P31000,HK.06030,CTS,2026-05-26 14:30:43,1779777043.0,BUY,5.75,100,575000.0,PUT,31.0,2026-09-29,1790611200.0,9,25.8,-20.155,5.21,5.8,41.124,100,30,3.33333,-0.7373573,0.057960203,0.048684389,-0.00634662,-0.055465854,BEARISH,['NORMAL'],SINGLE_LEG,N/A,N/A,N/A,['HK.LIST1030'],"['HK.LIST1190', 'HK.LIST1243', 'HK.LIST1305', 'HK.LIST1348']"
HK.MIU260929P30000,HK.01810,MIU,2026-05-26 10:00:01,1779760801.0,BUY,2.4,200,480000.0,PUT,30.0,2026-09-29,1790611200.0,9,30.14,0.464,2.39,2.4,37.7,220,9401,0.0234,-0.437500885,0.060331152,0.06934132,-0.009115948,-0.043593519,BEARISH,['NORMAL'],SINGLE_LEG,N/A,N/A,N/A,['HK.LIST1055'],"['HK.LIST1161', 'HK.LIST1166', 'HK.LIST1217', 'HK.LIST1305', 'HK.LIST1328', 'HK.LIST1331', 'HK.LIST1351', 'HK.LIST22886', 'HK.LIST22910', 'HK.LIST22928', 'HK.LIST23586', 'HK.LIST23589', 'HK.LIST23593', 'HK.LIST23676', 'HK.LIST24037', 'HK.LIST24062']"
HK.WXB270330P35000,HK.02269,WXB,2026-05-22 13:05:11,1779426311.0,BUY,6.7,100,335000.0,PUT,35.0,2027-03-30,1806336000.0,191,32.38,-8.091,6.58,6.7,47.177,100,540,0.18518,-0.466298708,0.029450765,0.11845402,-0.007384579,-0.134978357,BEARISH,['NORMAL'],SINGLE_LEG,N/A,N/A,N/A,N/A,"['HK.LIST1261', 'HK.LIST1305', 'HK.LIST22911', 'HK.LIST23598', 'HK.LIST23675']"
HK.CPI270330P29000,HK.02601,CPI,2026-05-21 14:56:01,1779346561.0,BUY,2.64,100,264000.0,PUT,29.0,2027-03-30,1806336000.0,191,32.04,9.488,2.55,2.64,38.774,301,406,0.74137,-0.299858607,0.030892723,0.102811965,-0.005413445,-0.082445367,BEARISH,['NORMAL'],SINGLE_LEG,N/A,N/A,"[{'action_type': 7, 'action_time': '2026-06-12', 'action_timestamp': 1781193600.0}, {'action_type': 7, 'action_time': '2026-09-08', 'action_timestamp': 1788796800.0}]",N/A,"['HK.LIST1287', 'HK.LIST1305']"
HK.TCH260929P650000,HK.00700,TCH,2026-05-21 10:26:20,1779330380.0,BUY,204.0,812,16564800.0,PUT,650.0,2026-09-29,1790611200.0,9,449.4,-44.637,196.51,N/A,48.333,499,13753,0.03628,-0.893726799,0.002094602,0.467331112,-0.061690544,-0.876290048,BEARISH,['NORMAL'],SINGLE_LEG,N/A,N/A,N/A,['HK.LIST23363'],"['HK.LIST1161', 'HK.LIST1190', 'HK.LIST1191', 'HK.LIST1208', 'HK.LIST1289', 'HK.LIST1305', 'HK.LIST1328', 'HK.LIST1351', 'HK.LIST22886', 'HK.LIST22928', 'HK.LIST23586', 'HK.LIST23589', 'HK.LIST24037', 'HK.LIST24062']"
HK.PEC260929P10000,HK.00857,PEC,2026-05-21 09:37:32,1779327452.0,BUY,0.57,417,475380.0,PUT,10.0,2026-09-29,1790611200.0,9,10.89,8.172,0.55,0.57,40.169,417,2120,0.19669,-0.29602685,0.132382609,0.022615571,-0.003147676,-0.01148934,BEARISH,['NORMAL'],SINGLE_LEG,N/A,N/A,"[{'action_type': 7, 'action_time': '2026-06-18', 'action_timestamp': 1781712000.0}, {'action_type': 7, 'action_time': '2026-09-10', 'action_timestamp': 1788969600.0}]",['HK.LIST1042'],"['HK.LIST1175', 'HK.LIST1205', 'HK.LIST1241', 'HK.LIST1305', 'HK.LIST1344', 'HK.LIST1348', 'HK.LIST1362', 'HK.LIST22928']"
HK.XCC260929P8500,HK.00939,XCC,2026-05-20 14:30:35,1779258635.0,BUY,0.347,640,222080.0,PUT,8.5,2026-09-29,1790611200.0,9,8.73,2.634,0.339,0.347,23.99,1001,10025,0.09985,-0.367957047,0.305917624,0.019708844,-0.00150963,-0.010295019,BEARISH,['NORMAL'],SINGLE_LEG,N/A,N/A,"[{'action_type': 7, 'action_time': '2026-07-02', 'action_timestamp': 1782921600.0}]",N/A,"['HK.LIST1239', 'HK.LIST1305', 'HK.LIST1344', 'HK.LIST1348']"
HK.TCH260929P500000,HK.00700,TCH,2026-05-20 11:10:55,1779246655.0,BUY,54.8,500,2740000.0,PUT,500.0,2026-09-29,1790611200.0,9,456.8,-9.457,53.95,54.8,28.034,535,13660,0.03916,-0.662036101,0.005214411,0.989099199,-0.081164911,-0.866539123,BEARISH,['NORMAL'],SINGLE_LEG,N/A,N/A,N/A,['HK.LIST23363'],"['HK.LIST1161', 'HK.LIST1190', 'HK.LIST1191', 'HK.LIST1208', 'HK.LIST1289', 'HK.LIST1305', 'HK.LIST1328', 'HK.LIST1351', 'HK.LIST22886', 'HK.LIST22928', 'HK.LIST23586', 'HK.LIST23589', 'HK.LIST24037', 'HK.LIST24062']"
HK.TRP261230P285000,HK.09961,TRP,2026-05-20 10:31:16,1779244276.0,BUY,7.85,100,117750.0,PUT,285.0,2026-12-30,1798560000.0,101,378.6,24.722,7.62,7.9,39.299,100,N/A,0.0,-0.127094524,0.001793439,0.617419562,-0.049427149,-0.28980259,BEARISH,['NORMAL'],SINGLE_LEG,N/A,N/A,N/A,['HK.LIST1034'],"['HK.LIST1304', 'HK.LIST1998', 'HK.LIST22886']"
HK.HRB270330P11000,HK.09660,HRB,2026-05-19 13:00:00,1779166800.0,BUY,5.0,100,1500000.0,PUT,11.0,2027-03-30,1806336000.0,191,6.01,-83.028,N/A,N/A,56.794,100,N/A,0.0,-0.848790616,0.119963727,0.012198946,-0.000739535,-0.031236643,BEARISH,['NORMAL'],SINGLE_LEG,N/A,N/A,N/A,['HK.LIST23363'],"['HK.LIST22912', 'HK.LIST23586', 'HK.LIST23589', 'HK.LIST23593', 'HK.LIST24037', 'HK.LIST24339']"
HK.BYD261230P85000,HK.01211,BYD,2026-05-18 13:42:48,1779082968.0,BUY,6.4,300,960000.0,PUT,85.0,2026-12-30,1798560000.0,101,93.9,9.478,6.39,6.4,39.294,300,2032,0.14763,-0.294844216,0.012046448,0.25458597,-0.019394963,-0.17084934,BEARISH,['NORMAL'],SINGLE_LEG,N/A,N/A,"[{'action_type': 7, 'action_time': '2026-06-11', 'action_timestamp': 1781107200.0}]",N/A,"['HK.LIST1180', 'HK.LIST1217', 'HK.LIST1305', 'HK.LIST1314', 'HK.LIST1334', 'HK.LIST22910', 'HK.LIST23589']"
HK.TRP261230P400000,HK.09961,TRP,2026-05-18 13:00:03,1779080403.0,BUY,49.0,100,735000.0,PUT,400.0,2026-12-30,1798560000.0,101,380.2,-5.207,N/A,N/A,33.481,32,952,0.03361,-0.500203743,0.004188363,1.185676816,-0.07058458,-1.073029623,BEARISH,['NORMAL'],SINGLE_LEG,N/A,N/A,N/A,['HK.LIST1034'],"['HK.LIST1304', 'HK.LIST1998', 'HK.LIST22886']"
HK.TRP261230P350000,HK.09961,TRP,2026-05-15 13:38:19,1778823499.0,BUY,23.77,150,534825.0,PUT,350.0,2026-12-30,1798560000.0,101,387.4,9.654,23.34,23.77,36.576,325,276,1.17753,-0.287923018,0.003087223,1.044200069,-0.07255967,-0.684736051,BEARISH,['NORMAL'],SINGLE_LEG,N/A,N/A,N/A,['HK.LIST1034'],"['HK.LIST1304', 'HK.LIST1998', 'HK.LIST22886']"
HK.PAI261230P57500,HK.02318,PAI,2026-05-15 13:34:48,1778823288.0,BUY,4.02,300,603000.0,PUT,57.5,2026-12-30,1798560000.0,101,62.05,7.332,3.99,4.02,34.671,906,3973,0.22803,-0.314247463,0.021209592,0.173994838,-0.011305292,-0.117959497,BEARISH,['NORMAL'],SINGLE_LEG,N/A,N/A,"[{'action_type': 7, 'action_time': '2026-06-02', 'action_timestamp': 1780329600.0}, {'action_type': 7, 'action_time': '2026-09-02', 'action_timestamp': 1788278400.0}]",N/A,"['HK.LIST1110', 'HK.LIST1178', 'HK.LIST1305']"
HK.TRP261230P350000,HK.09961,TRP,2026-05-15 13:28:35,1778822915.0,BUY,24.0,100,360000.0,PUT,350.0,2026-12-30,1798560000.0,101,387.4,9.654,23.34,24.0,36.681,175,276,0.63405,-0.288189412,0.003079636,1.044684195,-0.0728175,-0.685861829,BEARISH,['NORMAL'],SINGLE_LEG,N/A,N/A,N/A,['HK.LIST1034'],"['HK.LIST1304', 'HK.LIST1998', 'HK.LIST22886']"
HK.MIU261230P30000,HK.01810,MIU,2026-05-15 13:12:29,1778821949.0,BUY,3.03,300,909000.0,PUT,30.0,2026-12-30,1798560000.0,101,30.82,2.66,3.01,3.03,38.802,301,5491,0.05481,-0.38243023,0.04125698,0.092845783,-0.006713522,-0.072796711,BEARISH,['NORMAL'],SINGLE_LEG,N/A,N/A,N/A,['HK.LIST1055'],"['HK.LIST1161', 'HK.LIST1166', 'HK.LIST1217', 'HK.LIST1305', 'HK.LIST1328', 'HK.LIST1331', 'HK.LIST1351', 'HK.LIST22886', 'HK.LIST22910', 'HK.LIST22928', 'HK.LIST23586', 'HK.LIST23589', 'HK.LIST23593', 'HK.LIST23676', 'HK.LIST24037', 'HK.LIST24062']"
HK.PEN260929P60000,HK.09868,PEN,2026-05-15 10:57:07,1778813827.0,BUY,7.28,200,291200.0,PUT,60.0,2026-09-29,1790611200.0,9,61.75,2.834,7.09,7.31,57.017,200,10653,0.01877,-0.385698657,0.017893272,0.144736581,-0.027562102,-0.096660973,BEARISH,['NORMAL'],SINGLE_LEG,N/A,N/A,N/A,['HK.LIST1040'],"['HK.LIST1217', 'HK.LIST1304', 'HK.LIST22910', 'HK.LIST23589', 'HK.LIST23593', 'HK.LIST23676']"
HK.PEN260929P57500,HK.09868,PEN,2026-05-15 10:56:53,1778813813.0,BUY,6.02,200,240800.0,PUT,57.5,2026-09-29,1790611200.0,9,61.8,6.957,5.87,6.05,56.894,200,1453,0.13764,-0.339586872,0.017131102,0.138641116,-0.026540742,-0.084939542,BEARISH,['NORMAL'],SINGLE_LEG,N/A,N/A,N/A,['HK.LIST1040'],"['HK.LIST1217', 'HK.LIST1304', 'HK.LIST22910', 'HK.LIST23589', 'HK.LIST23593', 'HK.LIST23676']"
HK.CPI270330P33000,HK.02601,CPI,2026-05-14 11:46:09,1778730369.0,BUY,4.32,159,686880.0,PUT,33.0,2027-03-30,1806336000.0,191,33.86,2.539,4.27,4.32,41.771,159,N/A,0.0,-0.374769715,0.029557595,0.119696385,-0.006527409,-0.113146979,BEARISH,['NORMAL'],SINGLE_LEG,N/A,N/A,"[{'action_type': 7, 'action_time': '2026-06-12', 'action_timestamp': 1781193600.0}, {'action_type': 7, 'action_time': '2026-09-08', 'action_timestamp': 1788796800.0}]",N/A,"['HK.LIST1287', 'HK.LIST1305']"
HK.BIU260929P122500,HK.09888,BIU,2026-05-11 15:15:42,1778483742.0,BUY,8.37,227,284998.5,PUT,122.5,2026-09-29,1790611200.0,9,140.3,12.687,8.28,8.37,50.532,227,1960,0.11581,-0.264385586,0.007464115,0.28527394,-0.047333705,-0.149220664,BEARISH,['NORMAL'],SINGLE_LEG,N/A,N/A,N/A,['HK.LIST23360'],"['HK.LIST1304', 'HK.LIST22886', 'HK.LIST23586', 'HK.LIST23589', 'HK.LIST24037', 'HK.LIST24062']"
HK.BIU260929P125000,HK.09888,BIU,2026-05-11 15:15:42,1778483742.0,BUY,9.33,227,317686.5,PUT,125.0,2026-09-29,1790611200.0,9,140.3,10.905,9.26,9.33,50.434,330,5625,0.05866,-0.285821052,0.007778032,0.296410745,-0.048915851,-0.161481062,BEARISH,['NORMAL'],SINGLE_LEG,N/A,N/A,N/A,['HK.LIST23360'],"['HK.LIST1304', 'HK.LIST22886', 'HK.LIST23586', 'HK.LIST23589', 'HK.LIST24037', 'HK.LIST24062']"
HK.CTC260929P5750,HK.00728,CTC,2026-05-11 13:26:04,1778477164.0,BUY,0.65,600,780000.0,PUT,5.75,2026-09-29,1790611200.0,9,5.47,-5.118,0.59,0.66,37.483,603,638,0.94514,-0.519854854,0.322427101,0.013502662,-0.001529564,-0.010337462,BEARISH,['NORMAL'],SINGLE_LEG,N/A,N/A,"[{'action_type': 7, 'action_time': '2026-06-02', 'action_timestamp': 1780329600.0}, {'action_type': 7, 'action_time': '2026-09-02', 'action_timestamp': 1788278400.0}]",N/A,"['HK.LIST1176', 'HK.LIST1214', 'HK.LIST1305', 'HK.LIST1344', 'HK.LIST1348', 'HK.LIST22928', 'HK.LIST23586', 'HK.LIST23589']"
HK.HNP270330P7500,HK.00902,HNP,2026-05-11 13:23:36,1778477016.0,BUY,1.45,200,580000.0,PUT,7.5,2027-03-30,1806336000.0,191,6.76,-10.946,1.39,1.46,45.82,200,N/A,0.0,-0.49420143,0.144962602,0.025174429,-0.001445197,-0.030273427,BEARISH,['NORMAL'],SINGLE_LEG,N/A,N/A,"[{'action_type': 7, 'action_time': '2026-06-24', 'action_timestamp': 1782230400.0}]",['HK.LIST1051'],"['HK.LIST1207', 'HK.LIST1329', 'HK.LIST1348']"
HK.PEC260929P8000,HK.00857,PEC,2026-05-11 13:17:59,1778476679.0,BUY,0.11,1500,330000.0,PUT,8.0,2026-09-29,1790611200.0,9,10.64,24.812,0.1,0.11,38.792,1500,1749,0.85763,-0.087548893,0.06206634,0.010516808,-0.001356556,-0.003436205,BEARISH,['NORMAL'],SINGLE_LEG,N/A,N/A,"[{'action_type': 7, 'action_time': '2026-06-18', 'action_timestamp': 1781712000.0}, {'action_type': 7, 'action_time': '2026-09-10', 'action_timestamp': 1788969600.0}]",['HK.LIST1042'],"['HK.LIST1175', 'HK.LIST1205', 'HK.LIST1241', 'HK.LIST1305', 'HK.LIST1344', 'HK.LIST1348', 'HK.LIST1362', 'HK.LIST22928']"
HK.TRP261230P400000,HK.09961,TRP,2026-05-11 10:53:51,1778468031.0,BUY,42.25,100,633750.0,PUT,400.0,2026-12-30,1798560000.0,101,405.0,1.234,42.23,42.25,38.603,100,851,0.1175,-0.40215896,0.003186612,1.246236979,-0.087358808,-1.017959047,BEARISH,['NORMAL'],SINGLE_LEG,N/A,N/A,N/A,['HK.LIST1034'],"['HK.LIST1304', 'HK.LIST1998', 'HK.LIST22886']"
HK.CPI260929P29000,HK.02601,CPI,2026-05-11 10:09:26,1778465366.0,BUY,0.87,130,113100.0,PUT,29.0,2026-09-29,1790611200.0,9,35.5,18.309,0.79,0.88,39.948,130,523,0.24856,-0.159716419,0.027601082,0.05370777,-0.00704693,-0.021529423,BEARISH,['NORMAL'],SINGLE_LEG,N/A,N/A,"[{'action_type': 7, 'action_time': '2026-06-12', 'action_timestamp': 1781193600.0}, {'action_type': 7, 'action_time': '2026-09-08', 'action_timestamp': 1788796800.0}]",N/A,"['HK.LIST1287', 'HK.LIST1305']"
HK.MIU270330P30000,HK.01810,MIU,2026-05-11 09:48:16,1778464096.0,BUY,3.6,365,1314000.0,PUT,30.0,2027-03-30,1806336000.0,191,31.22,3.907,3.5,3.6,39.841,28,2908,0.00962,-0.360949772,0.033009917,0.109521541,-0.005627403,-0.100075006,BEARISH,['NORMAL'],SINGLE_LEG,N/A,N/A,N/A,['HK.LIST1055'],"['HK.LIST1161', 'HK.LIST1166', 'HK.LIST1217', 'HK.LIST1305', 'HK.LIST1328', 'HK.LIST1331', 'HK.LIST1351', 'HK.LIST22886', 'HK.LIST22910', 'HK.LIST22928', 'HK.LIST23586', 'HK.LIST23589', 'HK.LIST23593', 'HK.LIST23676', 'HK.LIST24037', 'HK.LIST24062']"
HK.CPI260929P31000,HK.02601,CPI,2026-05-08 10:13:17,1778206397.0,BUY,1.47,130,191100.0,PUT,31.0,2026-09-29,1790611200.0,9,35.38,12.379,1.38,1.47,40.157,130,430,0.30232,-0.239400954,0.034913209,0.069111035,-0.008796548,-0.033170622,BEARISH,['NORMAL'],SINGLE_LEG,N/A,N/A,"[{'action_type': 7, 'action_time': '2026-06-12', 'action_timestamp': 1781193600.0}, {'action_type': 7, 'action_time': '2026-09-08', 'action_timestamp': 1788796800.0}]",N/A,"['HK.LIST1287', 'HK.LIST1305']"
HK.CTC260929P5000,HK.00728,CTC,2026-05-07 11:26:00,1778124360.0,BUY,0.21,310,130200.0,PUT,5.0,2026-09-29,1790611200.0,9,5.36,6.716,0.19,0.21,28.76,310,2295,0.13507,-0.290771346,0.356582128,0.011571422,-0.001003617,-0.005754916,BEARISH,['NORMAL'],SINGLE_LEG,N/A,N/A,"[{'action_type': 7, 'action_time': '2026-06-02', 'action_timestamp': 1780329600.0}, {'action_type': 7, 'action_time': '2026-09-02', 'action_timestamp': 1788278400.0}]",N/A,"['HK.LIST1176', 'HK.LIST1214', 'HK.LIST1305', 'HK.LIST1344', 'HK.LIST1348', 'HK.LIST22928', 'HK.LIST23586', 'HK.LIST23589']"
HK.CPI261230P31000,HK.02601,CPI,2026-05-07 10:08:49,1778119729.0,BUY,2.37,125,296250.0,PUT,31.0,2026-12-30,1798560000.0,101,35.06,11.58,2.26,2.37,40.748,125,85,1.47058,-0.274349663,0.029316593,0.094065078,-0.007119819,-0.062966761,BEARISH,['NORMAL'],SINGLE_LEG,N/A,N/A,"[{'action_type': 7, 'action_time': '2026-06-12', 'action_timestamp': 1781193600.0}, {'action_type': 7, 'action_time': '2026-09-08', 'action_timestamp': 1788796800.0}]",N/A,"['HK.LIST1287', 'HK.LIST1305']"
HK.CRG270330P4500,HK.00390,CRG,2026-05-06 14:14:35,1778048075.0,BUY,0.93,120,111600.0,PUT,4.5,2027-03-30,1806336000.0,191,3.77,-19.363,0.86,0.94,34.078,120,30,4.0,-0.648498083,0.360834042,0.012856148,-0.000473102,-0.017587414,BEARISH,['NORMAL'],SINGLE_LEG,N/A,N/A,"[{'action_type': 7, 'action_time': '2026-07-22', 'action_timestamp': 1784649600.0}, {'action_type': 7, 'action_time': '2026-09-23', 'action_timestamp': 1790092800.0}]",['HK.LIST1073'],"['HK.LIST1175', 'HK.LIST1244', 'HK.LIST1348']"
HK.CPC260929P4300,HK.00386,CPC,2026-05-04 10:13:55,1777860835.0,BUY,0.21,517,217140.0,PUT,4.3,2026-09-29,1790611200.0,9,4.63,7.127,0.19,0.21,32.31,517,623,0.82985,-0.297233844,0.366840748,0.01021124,-0.000984953,-0.005304377,BEARISH,['NORMAL'],SINGLE_LEG,N/A,N/A,"[{'action_type': 7, 'action_time': '2026-06-08', 'action_timestamp': 1780848000.0}, {'action_type': 7, 'action_time': '2026-09-21', 'action_timestamp': 1789920000.0}]",N/A,"['HK.LIST1175', 'HK.LIST1205', 'HK.LIST1241', 'HK.LIST1305', 'HK.LIST1342', 'HK.LIST1344', 'HK.LIST1348', 'HK.LIST22928']"
HK.PEN260929P55000,HK.09868,PEN,2026-04-30 13:26:49,1777526809.0,BUY,5.46,456,497952.0,PUT,55.0,2026-09-29,1790611200.0,9,61.2,10.13,5.37,5.46,57.169,456,1345,0.33903,-0.304880708,0.015611449,0.138365853,-0.02403632,-0.08427398,BEARISH,['NORMAL'],SINGLE_LEG,N/A,N/A,N/A,['HK.LIST1040'],"['HK.LIST1217', 'HK.LIST1304', 'HK.LIST22910', 'HK.LIST23589', 'HK.LIST23593', 'HK.LIST23676']"
HK.HNP260929P6250,HK.00902,HNP,2026-04-29 13:28:31,1777440511.0,BUY,0.68,100,136000.0,PUT,6.25,2026-09-29,1790611200.0,9,6.28,0.477,0.65,0.68,45.163,100,1485,0.06734,-0.41770989,0.215879489,0.01586482,-0.002079703,-0.011157768,BEARISH,['NORMAL'],SINGLE_LEG,N/A,N/A,"[{'action_type': 7, 'action_time': '2026-06-24', 'action_timestamp': 1782230400.0}]",['HK.LIST1051'],"['HK.LIST1207', 'HK.LIST1329', 'HK.LIST1348']"
HK.AAC260929P37000,HK.02018,AAC,2026-04-28 14:18:39,1777357119.0,BUY,4.54,149,676460.0,PUT,37.0,2026-09-29,1790611200.0,9,36.12,-2.436,4.48,4.54,46.526,149,93,1.60215,-0.452448301,0.036897926,0.092993546,-0.012408999,-0.070378492,BEARISH,['NORMAL'],SINGLE_LEG,N/A,N/A,"[{'action_type': 7, 'action_time': '2026-05-26', 'action_timestamp': 1779724800.0}]",N/A,"['HK.LIST1166', 'HK.LIST1328', 'HK.LIST1351', 'HK.LIST23593', 'HK.LIST24242']"
HK.MET261230P82500,HK.03690,MET,2026-04-28 13:43:42,1777355022.0,BUY,11.17,365,2038525.0,PUT,82.5,2026-12-30,1798560000.0,101,80.55,-2.42,11.1,11.17,41.951,365,3226,0.11314,-0.438556191,0.014674456,0.259771423,-0.018656371,-0.238278253,BEARISH,['NORMAL'],SINGLE_LEG,N/A,N/A,N/A,['HK.LIST23361'],"['HK.LIST1305', 'HK.LIST1998', 'HK.LIST22886', 'HK.LIST22928', 'HK.LIST23586', 'HK.LIST24037', 'HK.LIST24062']"
HK.MET261230P80000,HK.03690,MET,2026-04-28 13:43:42,1777355022.0,BUY,9.78,365,1784850.0,PUT,80.0,2026-12-30,1798560000.0,101,80.55,0.682,9.7,9.78,41.832,731,8779,0.08326,-0.402663585,0.014364811,0.255249996,-0.018477101,-0.220089504,BEARISH,['NORMAL'],SINGLE_LEG,N/A,N/A,N/A,['HK.LIST23361'],"['HK.LIST1305', 'HK.LIST1998', 'HK.LIST22886', 'HK.LIST22928', 'HK.LIST23586', 'HK.LIST24037', 'HK.LIST24062']"
HK.PEC270330P10500,HK.00857,PEC,2026-04-28 11:20:09,1777346409.0,BUY,0.96,480,921600.0,PUT,10.5,2027-03-30,1806336000.0,191,11.45,8.296,0.93,0.96,35.736,960,1316,0.72948,-0.30913079,0.092176566,0.038557298,-0.001707274,-0.031892523,BEARISH,['NORMAL'],SINGLE_LEG,N/A,N/A,"[{'action_type': 7, 'action_time': '2026-06-18', 'action_timestamp': 1781712000.0}, {'action_type': 7, 'action_time': '2026-09-10', 'action_timestamp': 1788969600.0}]",['HK.LIST1042'],"['HK.LIST1175', 'HK.LIST1205', 'HK.LIST1241', 'HK.LIST1305', 'HK.LIST1344', 'HK.LIST1348', 'HK.LIST1362', 'HK.LIST22928']"
HK.VNK270330P2000,HK.02202,VNK,2026-04-27 15:13:05,1777273985.0,BUY,0.27,470,126900.0,PUT,2.0,2027-03-30,1806336000.0,191,2.86,30.069,0.17,0.27,62.927,470,N/A,0.0,-0.173614067,0.149479383,0.007051375,-0.000601274,-0.005341692,BEARISH,['NORMAL'],SINGLE_LEG,N/A,N/A,N/A,['HK.LIST1019'],"['HK.LIST1178', 'HK.LIST1234']"
HK.CRL270330P34000,HK.01109,CRL,2026-04-27 13:15:44,1777266944.0,BUY,6.05,100,302500.0,PUT,34.0,2027-03-30,1806336000.0,191,31.18,-9.044,6.0,6.05,40.939,100,N/A,0.0,-0.490253017,0.034602849,0.118477396,-0.005713014,-0.138346624,BEARISH,['NORMAL'],SINGLE_LEG,N/A,N/A,"[{'action_type': 7, 'action_time': '2026-06-15', 'action_timestamp': 1781452800.0}, {'action_type': 7, 'action_time': '2026-09-10', 'action_timestamp': 1788969600.0}]",['HK.LIST1019'],"['HK.LIST1234', 'HK.LIST1305', 'HK.LIST1348']"
HK.BYD261230P90000,HK.01211,BYD,2026-04-24 13:38:20,1777009100.0,BUY,7.05,300,1057500.0,PUT,90.0,2026-12-30,1798560000.0,101,100.3,10.269,6.93,7.05,39.216,401,1999,0.2006,-0.288472043,0.01065735,0.282787848,-0.019326086,-0.197915345,BEARISH,['NORMAL'],SINGLE_LEG,N/A,N/A,"[{'action_type': 7, 'action_time': '2026-06-11', 'action_timestamp': 1781107200.0}]",N/A,"['HK.LIST1180', 'HK.LIST1217', 'HK.LIST1305', 'HK.LIST1314', 'HK.LIST1334', 'HK.LIST22910', 'HK.LIST23589']"
HK.ACC270330P18000,HK.00914,ACC,2026-04-24 09:52:45,1776995565.0,BUY,1.5,160,120000.0,PUT,18.0,2027-03-30,1806336000.0,191,20.02,10.089,1.47,1.51,35.859,160,91,1.75824,-0.288051797,0.050381132,0.065774907,-0.002906206,-0.052838268,BEARISH,['NORMAL'],SINGLE_LEG,N/A,N/A,"[{'action_type': 7, 'action_time': '2026-06-02', 'action_timestamp': 1780329600.0}, {'action_type': 7, 'action_time': '2026-09-08', 'action_timestamp': 1788796800.0}]",['HK.LIST1028'],"['HK.LIST1178', 'HK.LIST1242', 'HK.LIST1314', 'HK.LIST1344', 'HK.LIST1348']"
HK.PEC260929P10500,HK.00857,PEC,2026-04-23 15:41:42,1776930102.0,BUY,0.83,465,771900.0,PUT,10.5,2026-09-29,1790611200.0,9,11.07,5.149,0.81,0.83,40.661,543,2687,0.20208,-0.353748579,0.127031221,0.027080464,-0.0030826,-0.016907904,BEARISH,['NORMAL'],SINGLE_LEG,N/A,N/A,"[{'action_type': 7, 'action_time': '2026-06-18', 'action_timestamp': 1781712000.0}, {'action_type': 7, 'action_time': '2026-09-10', 'action_timestamp': 1788969600.0}]",['HK.LIST1042'],"['HK.LIST1175', 'HK.LIST1205', 'HK.LIST1241', 'HK.LIST1305', 'HK.LIST1344', 'HK.LIST1348', 'HK.LIST1362', 'HK.LIST22928']"
HK.ANA260929P80000,HK.02020,ANA,2026-04-22 15:28:26,1776842906.0,BUY,4.73,224,211904.0,PUT,80.0,2026-09-29,1790611200.0,9,84.85,5.715,4.69,4.73,34.019,254,4258,0.05965,-0.331172453,0.019239316,0.203396465,-0.018988766,-0.117702069,BEARISH,['NORMAL'],SINGLE_LEG,N/A,N/A,"[{'action_type': 7, 'action_time': '2026-05-15', 'action_timestamp': 1778774400.0}, {'action_type': 7, 'action_time': '2026-09-08', 'action_timestamp': 1788796800.0}]",['HK.LIST1277'],"['HK.LIST1161', 'HK.LIST1185', 'HK.LIST1305', 'HK.LIST24231']"
HK.ANA260929P82500,HK.02020,ANA,2026-04-22 15:22:28,1776842548.0,BUY,5.94,225,267300.0,PUT,82.5,2026-09-29,1790611200.0,9,84.9,2.826,5.86,5.94,34.467,225,1365,0.16483,-0.3833194,0.020080349,0.213961925,-0.020007398,-0.135649564,BEARISH,['NORMAL'],SINGLE_LEG,N/A,N/A,"[{'action_type': 7, 'action_time': '2026-05-15', 'action_timestamp': 1778774400.0}, {'action_type': 7, 'action_time': '2026-09-08', 'action_timestamp': 1788796800.0}]",['HK.LIST1277'],"['HK.LIST1161', 'HK.LIST1185', 'HK.LIST1305', 'HK.LIST24231']"
HK.PEN260929P50000,HK.09868,PEN,2026-04-22 09:59:59,1776823199.0,BUY,2.75,200,110000.0,PUT,50.0,2026-09-29,1790611200.0,9,67.05,25.428,2.66,2.76,59.215,200,501,0.3992,-0.163986883,0.009433799,0.10974083,-0.01912626,-0.051643613,BEARISH,['NORMAL'],SINGLE_LEG,N/A,N/A,N/A,['HK.LIST1040'],"['HK.LIST1217', 'HK.LIST1304', 'HK.LIST22910', 'HK.LIST23589', 'HK.LIST23593', 'HK.LIST23676']"
HK.SHL270330P2900,HK.00968,SHL,2026-04-21 13:55:57,1776750957.0,BUY,0.38,100,76000.0,PUT,2.9,2027-03-30,1806336000.0,191,3.18,8.805,0.35,0.38,46.08,100,77,1.2987,-0.310557276,0.253428632,0.010892248,-0.000627579,-0.009893368,BEARISH,['NORMAL'],SINGLE_LEG,N/A,N/A,"[{'action_type': 7, 'action_time': '2026-06-02', 'action_timestamp': 1780329600.0}, {'action_type': 7, 'action_time': '2026-08-13', 'action_timestamp': 1786550400.0}]",N/A,"['HK.LIST1224', 'HK.LIST1233']"
HK.PEC261230P9500,HK.00857,PEC,2026-04-21 10:10:26,1776737426.0,BUY,0.75,480,720000.0,PUT,9.5,2026-12-30,1798560000.0,101,10.37,8.389,0.73,0.75,36.766,480,727,0.66024,-0.306980397,0.112763,0.030246886,-0.001888034,-0.021656092,BEARISH,['NORMAL'],SINGLE_LEG,N/A,N/A,"[{'action_type': 7, 'action_time': '2026-06-18', 'action_timestamp': 1781712000.0}, {'action_type': 7, 'action_time': '2026-09-10', 'action_timestamp': 1788969600.0}]",['HK.LIST1042'],"['HK.LIST1175', 'HK.LIST1205', 'HK.LIST1241', 'HK.LIST1305', 'HK.LIST1344', 'HK.LIST1348', 'HK.LIST1362', 'HK.LIST22928']"
HK.CPC260929P4500,HK.00386,CPC,2026-04-21 09:46:27,1776735987.0,BUY,0.35,400,280000.0,PUT,4.5,2026-09-29,1790611200.0,9,4.56,1.315,0.32,0.36,33.912,400,1147,0.34873,-0.414722803,0.38916798,0.011738101,-0.001059959,-0.007843195,BEARISH,['NORMAL'],SINGLE_LEG,N/A,N/A,"[{'action_type': 7, 'action_time': '2026-06-08', 'action_timestamp': 1780848000.0}, {'action_type': 7, 'action_time': '2026-09-21', 'action_timestamp': 1789920000.0}]",N/A,"['HK.LIST1175', 'HK.LIST1205', 'HK.LIST1241', 'HK.LIST1305', 'HK.LIST1342', 'HK.LIST1344', 'HK.LIST1348', 'HK.LIST22928']"
HK.CPA261230P15000,HK.00293,CPA,2026-04-20 15:29:34,1776670174.0,BUY,3.33,100,333000.0,PUT,15.0,2026-12-30,1798560000.0,101,11.86,-26.475,3.24,3.4,32.437,100,N/A,0.0,-0.785429269,0.125379127,0.027348081,-0.001162513,-0.041115866,BEARISH,['NORMAL'],SINGLE_LEG,N/A,N/A,"[{'action_type': 7, 'action_time': '2026-09-02', 'action_timestamp': 1788278400.0}]",['HK.LIST1064'],['HK.LIST1240']
HK.CRL260929P28000,HK.01109,CRL,2026-04-20 13:59:37,1776664777.0,BUY,1.67,124,103540.0,PUT,28.0,2026-09-29,1790611200.0,9,31.22,10.313,1.66,1.67,40.432,281,130,2.16153,-0.277841155,0.040243725,0.069653684,-0.007843973,-0.038293866,BEARISH,['NORMAL'],SINGLE_LEG,N/A,N/A,"[{'action_type': 7, 'action_time': '2026-06-15', 'action_timestamp': 1781452800.0}, {'action_type': 7, 'action_time': '2026-09-10', 'action_timestamp': 1788969600.0}]",['HK.LIST1019'],"['HK.LIST1234', 'HK.LIST1305', 'HK.LIST1348']"
HK.CRL260929P29000,HK.01109,CRL,2026-04-20 13:59:37,1776664777.0,BUY,2.1,118,123900.0,PUT,29.0,2026-09-29,1790611200.0,9,31.22,7.11,2.08,2.1,40.843,118,539,0.21892,-0.32429314,0.042834042,0.074660142,-0.008420621,-0.044749724,BEARISH,['NORMAL'],SINGLE_LEG,N/A,N/A,"[{'action_type': 7, 'action_time': '2026-06-15', 'action_timestamp': 1781452800.0}, {'action_type': 7, 'action_time': '2026-09-10', 'action_timestamp': 1788969600.0}]",['HK.LIST1019'],"['HK.LIST1234', 'HK.LIST1305', 'HK.LIST1348']"
HK.CRL260929P28000,HK.01109,CRL,2026-04-20 11:57:52,1776657472.0,BUY,1.66,157,130310.0,PUT,28.0,2026-09-29,1790611200.0,9,31.24,10.371,1.62,1.67,40.215,15,130,0.11538,-0.276469839,0.040326027,0.069547177,-0.0077842,-0.038104142,BEARISH,['NORMAL'],SINGLE_LEG,N/A,N/A,"[{'action_type': 7, 'action_time': '2026-06-15', 'action_timestamp': 1781452800.0}, {'action_type': 7, 'action_time': '2026-09-10', 'action_timestamp': 1788969600.0}]",['HK.LIST1019'],"['HK.LIST1234', 'HK.LIST1305', 'HK.LIST1348']"
HK.LNK260929P37000,HK.00823,LNK,2026-04-20 11:53:32,1776657212.0,BUY,1.71,101,172710.0,PUT,37.0,2026-09-29,1790611200.0,9,38.28,3.343,1.67,1.71,25.152,101,91,1.10989,-0.356313498,0.059485542,0.094698446,-0.006146588,-0.054113639,BEARISH,['NORMAL'],SINGLE_LEG,N/A,N/A,"[{'action_type': 7, 'action_time': '2026-06-11', 'action_timestamp': 1781107200.0}]",['HK.LIST1311'],N/A
HK.CPI260929P29000,HK.02601,CPI,2026-04-20 11:04:32,1776654272.0,BUY,1.79,140,250600.0,PUT,29.0,2026-09-29,1790611200.0,9,32.72,11.369,1.72,1.79,42.527,125,315,0.39682,-0.266867762,0.035669025,0.071729249,-0.008543009,-0.039083097,BEARISH,['NORMAL'],SINGLE_LEG,N/A,N/A,"[{'action_type': 7, 'action_time': '2026-06-12', 'action_timestamp': 1781193600.0}, {'action_type': 7, 'action_time': '2026-09-08', 'action_timestamp': 1788796800.0}]",N/A,"['HK.LIST1287', 'HK.LIST1305']"
HK.PIN260929P5500,HK.01339,PIN,2026-04-20 10:53:10,1776653590.0,BUY,0.63,100,315000.0,PUT,5.5,2026-09-29,1790611200.0,9,5.25,-4.761,0.61,0.63,37.234,100,252,0.39682,-0.508222293,0.317102943,0.013878434,-0.001346086,-0.011153705,BEARISH,['NORMAL'],SINGLE_LEG,N/A,N/A,"[{'action_type': 7, 'action_time': '2026-07-02', 'action_timestamp': 1782921600.0}]",N/A,"['HK.LIST1344', 'HK.LIST1348']"
HK.PAI260929P60000,HK.02318,PAI,2026-04-17 14:09:52,1776406192.0,BUY,5.6,200,560000.0,PUT,60.0,2026-09-29,1790611200.0,9,60.25,0.414,5.54,5.6,38.453,656,7332,0.08947,-0.419689366,0.025574573,0.158178846,-0.016009156,-0.111261454,BEARISH,['NORMAL'],SINGLE_LEG,N/A,N/A,"[{'action_type': 7, 'action_time': '2026-06-02', 'action_timestamp': 1780329600.0}, {'action_type': 7, 'action_time': '2026-09-02', 'action_timestamp': 1788278400.0}]",N/A,"['HK.LIST1110', 'HK.LIST1178', 'HK.LIST1305']"
HK.PAI260929P60000,HK.02318,PAI,2026-04-17 13:35:28,1776404128.0,BUY,5.58,200,558000.0,PUT,60.0,2026-09-29,1790611200.0,9,60.3,0.497,5.57,5.58,38.208,456,7332,0.06219,-0.423699923,0.025868413,0.158099487,-0.015868848,-0.111791397,BEARISH,['NORMAL'],SINGLE_LEG,N/A,N/A,"[{'action_type': 7, 'action_time': '2026-06-02', 'action_timestamp': 1780329600.0}, {'action_type': 7, 'action_time': '2026-09-02', 'action_timestamp': 1788278400.0}]",N/A,"['HK.LIST1110', 'HK.LIST1178', 'HK.LIST1305']"
HK.PAI260929P60000,HK.02318,PAI,2026-04-17 13:29:17,1776403757.0,BUY,5.55,200,555000.0,PUT,60.0,2026-09-29,1790611200.0,9,60.35,0.579,5.52,5.55,38.355,256,7332,0.03491,-0.419742352,0.025639875,0.158194102,-0.015962232,-0.111219212,BEARISH,['NORMAL'],SINGLE_LEG,N/A,N/A,"[{'action_type': 7, 'action_time': '2026-06-02', 'action_timestamp': 1780329600.0}, {'action_type': 7, 'action_time': '2026-09-02', 'action_timestamp': 1788278400.0}]",N/A,"['HK.LIST1110', 'HK.LIST1178', 'HK.LIST1305']"
HK.MGM261230P12000,HK.02282,MGM,2026-04-16 09:33:11,1776303191.0,BUY,2.0,100,80000.0,PUT,12.0,2026-12-30,1798560000.0,101,11.17,-7.43,1.77,2.0,41.607,100,20,5.0,-0.491309171,0.106653672,0.037315133,-0.002471934,-0.03826423,BEARISH,['NORMAL'],SINGLE_LEG,N/A,N/A,"[{'action_type': 7, 'action_time': '2026-05-20', 'action_timestamp': 1779206400.0}, {'action_type': 7, 'action_time': '2026-08-20', 'action_timestamp': 1787155200.0}]",N/A,['HK.LIST22913']
HK.CHU260929P6250,HK.00762,CHU,2026-04-15 13:58:18,1776232698.0,BUY,0.13,300,78000.0,PUT,6.25,2026-09-29,1790611200.0,9,7.26,13.911,0.1,0.13,26.513,300,865,0.34682,-0.155347235,0.184176095,0.011709639,-0.000827096,-0.004747477,BEARISH,['NORMAL'],SINGLE_LEG,N/A,N/A,"[{'action_type': 7, 'action_time': '2026-06-03', 'action_timestamp': 1780416000.0}]",['HK.LIST1054'],"['HK.LIST1176', 'HK.LIST1180', 'HK.LIST1214', 'HK.LIST1305', 'HK.LIST1344', 'HK.LIST1348', 'HK.LIST22928', 'HK.LIST23586', 'HK.LIST23589']"
HK.ANA260929P75000,HK.02020,ANA,2026-04-15 13:00:01,1776229201.0,BUY,3.42,200,136800.0,PUT,75.0,2026-09-29,1790611200.0,9,84.2,10.926,3.26,3.42,35.106,200,1070,0.18691,-0.252890784,0.01613889,0.18178829,-0.017077647,-0.094161576,BEARISH,['NORMAL'],SINGLE_LEG,N/A,N/A,"[{'action_type': 7, 'action_time': '2026-05-15', 'action_timestamp': 1778774400.0}, {'action_type': 7, 'action_time': '2026-09-08', 'action_timestamp': 1788796800.0}]",['HK.LIST1277'],"['HK.LIST1161', 'HK.LIST1185', 'HK.LIST1305', 'HK.LIST24231']"
HK.CPC260929P4500,HK.00386,CPC,2026-04-14 09:44:43,1776131083.0,BUY,0.33,300,198000.0,PUT,4.5,2026-09-29,1790611200.0,9,4.65,3.225,0.31,0.33,34.41,300,762,0.3937,-0.373561536,0.354743341,0.011940012,-0.001058317,-0.007635714,BEARISH,['NORMAL'],SINGLE_LEG,N/A,N/A,"[{'action_type': 7, 'action_time': '2026-06-08', 'action_timestamp': 1780848000.0}, {'action_type': 7, 'action_time': '2026-09-21', 'action_timestamp': 1789920000.0}]",N/A,"['HK.LIST1175', 'HK.LIST1205', 'HK.LIST1241', 'HK.LIST1305', 'HK.LIST1342', 'HK.LIST1344', 'HK.LIST1348', 'HK.LIST22928']"
HK.LNI261230P20000,HK.02331,LNI,2026-04-14 09:41:53,1776130913.0,BUY,1.95,128,124800.0,PUT,20.0,2026-12-30,1798560000.0,101,22.24,10.071,1.93,1.95,44.684,160,105,1.5238,-0.295781498,0.04162943,0.065038314,-0.004908312,-0.048867295,BEARISH,['NORMAL'],SINGLE_LEG,N/A,N/A,"[{'action_type': 7, 'action_time': '2026-06-15', 'action_timestamp': 1781452800.0}, {'action_type': 7, 'action_time': '2026-09-03', 'action_timestamp': 1788364800.0}]",N/A,"['HK.LIST1161', 'HK.LIST1185']"
HK.ANA260929P75000,HK.02020,ANA,2026-04-10 14:50:52,1775803852.0,BUY,3.7,300,222000.0,PUT,75.0,2026-09-29,1790611200.0,9,83.65,10.34,3.65,3.7,35.466,300,770,0.38961,-0.263741601,0.016201139,0.187370178,-0.017217325,-0.100722689,BEARISH,['NORMAL'],SINGLE_LEG,N/A,N/A,"[{'action_type': 7, 'action_time': '2026-05-15', 'action_timestamp': 1778774400.0}, {'action_type': 7, 'action_time': '2026-09-08', 'action_timestamp': 1788796800.0}]",['HK.LIST1277'],"['HK.LIST1161', 'HK.LIST1185', 'HK.LIST1305', 'HK.LIST24231']"
HK.ACC270330P21000,HK.00914,ACC,2026-04-10 13:55:47,1775800547.0,BUY,2.76,100,138000.0,PUT,21.0,2027-03-30,1806336000.0,191,20.98,-0.095,2.67,2.77,37.081,100,5,20.0,-0.403629065,0.052899095,0.07945903,-0.003347187,-0.079829586,BEARISH,['NORMAL'],SINGLE_LEG,N/A,N/A,"[{'action_type': 7, 'action_time': '2026-06-02', 'action_timestamp': 1780329600.0}, {'action_type': 7, 'action_time': '2026-09-08', 'action_timestamp': 1788796800.0}]",['HK.LIST1028'],"['HK.LIST1178', 'HK.LIST1242', 'HK.LIST1314', 'HK.LIST1344', 'HK.LIST1348']"
HK.BIU260929P92500,HK.09888,BIU,2026-04-10 11:40:41,1775792441.0,BUY,5.43,250,203625.0,PUT,92.5,2026-09-29,1790611200.0,9,109.7,15.679,5.26,5.43,46.519,311,1113,0.27942,-0.227984452,0.00866049,0.227853348,-0.028265427,-0.121256994,BEARISH,['NORMAL'],SINGLE_LEG,N/A,N/A,N/A,['HK.LIST23360'],"['HK.LIST1304', 'HK.LIST22886', 'HK.LIST23586', 'HK.LIST23589', 'HK.LIST24037', 'HK.LIST24062']"
HK.BIU260929P92500,HK.09888,BIU,2026-04-10 11:39:41,1775792381.0,BUY,5.38,250,201750.0,PUT,92.5,2026-09-29,1790611200.0,9,109.9,15.832,5.34,5.38,46.057,250,1113,0.22461,-0.226684208,0.008719129,0.227116226,-0.027881458,-0.120270051,BEARISH,['NORMAL'],SINGLE_LEG,N/A,N/A,N/A,['HK.LIST23360'],"['HK.LIST1304', 'HK.LIST22886', 'HK.LIST23586', 'HK.LIST23589', 'HK.LIST24037', 'HK.LIST24062']"
HK.BYD260929P85000,HK.01211,BYD,2026-04-10 11:06:17,1775790377.0,BUY,3.72,250,465000.0,PUT,85.0,2026-09-29,1790611200.0,9,102.7,17.234,3.71,3.72,41.943,500,3746,0.13347,-0.195998866,0.009391129,0.195076294,-0.021783836,-0.094987237,BEARISH,['NORMAL'],SINGLE_LEG,N/A,N/A,"[{'action_type': 7, 'action_time': '2026-06-11', 'action_timestamp': 1781107200.0}]",N/A,"['HK.LIST1180', 'HK.LIST1217', 'HK.LIST1305', 'HK.LIST1314', 'HK.LIST1334', 'HK.LIST22910', 'HK.LIST23589']"
HK.BYD260929P85000,HK.01211,BYD,2026-04-10 11:05:13,1775790313.0,BUY,3.72,250,465000.0,PUT,85.0,2026-09-29,1790611200.0,9,102.8,17.315,3.71,3.72,42.043,250,3746,0.06673,-0.195439287,0.009343035,0.194930131,-0.021825431,-0.094849772,BEARISH,['NORMAL'],SINGLE_LEG,N/A,N/A,"[{'action_type': 7, 'action_time': '2026-06-11', 'action_timestamp': 1781107200.0}]",N/A,"['HK.LIST1180', 'HK.LIST1217', 'HK.LIST1305', 'HK.LIST1314', 'HK.LIST1334', 'HK.LIST22910', 'HK.LIST23589']"
HK.MIU260929P27000,HK.01810,MIU,2026-04-10 10:32:31,1775788351.0,BUY,1.38,250,345000.0,PUT,27.0,2026-09-29,1790611200.0,9,31.66,14.718,1.37,1.38,41.848,250,1357,0.18422,-0.22558739,0.033191044,0.0653223,-0.007234577,-0.033795457,BEARISH,['NORMAL'],SINGLE_LEG,N/A,N/A,N/A,['HK.LIST1055'],"['HK.LIST1161', 'HK.LIST1166', 'HK.LIST1217', 'HK.LIST1305', 'HK.LIST1328', 'HK.LIST1331', 'HK.LIST1351', 'HK.LIST22886', 'HK.LIST22910', 'HK.LIST22928', 'HK.LIST23586', 'HK.LIST23589', 'HK.LIST23593', 'HK.LIST23676', 'HK.LIST24037', 'HK.LIST24062']"
HK.ALB260929P105000,HK.09988,ALB,2026-04-10 09:44:12,1775785452.0,BUY,4.95,250,618750.0,PUT,105.0,2026-09-29,1790611200.0,9,126.6,17.061,4.89,4.95,43.123,500,4366,0.11452,-0.202502531,0.007558034,0.245254234,-0.028169605,-0.121800044,BEARISH,['NORMAL'],SINGLE_LEG,N/A,N/A,"[{'action_type': 7, 'action_time': '2026-06-10', 'action_timestamp': 1781020800.0}]",['HK.LIST23361'],"['HK.LIST1161', 'HK.LIST1191', 'HK.LIST1287', 'HK.LIST1289', 'HK.LIST1304', 'HK.LIST1328', 'HK.LIST22886', 'HK.LIST22928', 'HK.LIST23586', 'HK.LIST23589', 'HK.LIST23593', 'HK.LIST23674', 'HK.LIST24037', 'HK.LIST24062']"
HK.ALH260929P3800,HK.00241,ALH,2026-04-09 14:19:16,1775715556.0,BUY,0.22,500,220000.0,PUT,3.8,2026-09-29,1790611200.0,9,4.7,19.148,0.21,0.22,50.199,501,237,2.11392,-0.202927746,0.174715768,0.009134023,-0.001227507,-0.004709586,BEARISH,['NORMAL'],SINGLE_LEG,N/A,N/A,"[{'action_type': 7, 'action_time': '2026-08-12', 'action_timestamp': 1786464000.0}, {'action_type': 8, 'action_time': '2026-08-12', 'action_timestamp': 1786464000.0}]",N/A,"['HK.LIST1110', 'HK.LIST1161', 'HK.LIST1251', 'HK.LIST1287', 'HK.LIST22886', 'HK.LIST23598', 'HK.LIST24037']"
HK.PEN260929P57500,HK.09868,PEN,2026-04-09 13:51:48,1775713908.0,BUY,5.27,400,421600.0,PUT,57.5,2026-09-29,1790611200.0,9,67.4,14.688,5.15,5.27,57.326,400,651,0.61443,-0.261536931,0.012301923,0.151028619,-0.02313803,-0.091001488,BEARISH,['NORMAL'],SINGLE_LEG,N/A,N/A,N/A,['HK.LIST1040'],"['HK.LIST1217', 'HK.LIST1304', 'HK.LIST22910', 'HK.LIST23589', 'HK.LIST23593', 'HK.LIST23676']"
HK.PEN260929P55000,HK.09868,PEN,2026-04-09 13:51:42,1775713902.0,BUY,4.35,400,348000.0,PUT,55.0,2026-09-29,1790611200.0,9,67.4,18.397,4.28,4.36,57.69,400,927,0.43149,-0.22673518,0.011302178,0.139849668,-0.021688233,-0.078610101,BEARISH,['NORMAL'],SINGLE_LEG,N/A,N/A,N/A,['HK.LIST1040'],"['HK.LIST1217', 'HK.LIST1304', 'HK.LIST22910', 'HK.LIST23589', 'HK.LIST23593', 'HK.LIST23676']"
HK.ANA260929P77500,HK.02020,ANA,2026-04-09 11:12:30,1775704350.0,BUY,5.4,231,249480.0,PUT,77.5,2026-09-29,1790611200.0,9,81.8,5.256,5.36,5.4,36.054,300,708,0.42372,-0.344713899,0.018418654,0.207056841,-0.018876486,-0.129343651,BEARISH,['NORMAL'],SINGLE_LEG,N/A,N/A,"[{'action_type': 7, 'action_time': '2026-05-15', 'action_timestamp': 1778774400.0}, {'action_type': 7, 'action_time': '2026-09-08', 'action_timestamp': 1788796800.0}]",['HK.LIST1277'],"['HK.LIST1161', 'HK.LIST1185', 'HK.LIST1305', 'HK.LIST24231']"
HK.BUD270330P7750,HK.01876,BUD,2026-04-09 10:47:43,1775702863.0,BUY,0.9,100,90000.0,PUT,7.75,2027-03-30,1806336000.0,191,7.73,-0.258,0.87,0.9,33.264,100,N/A,0.0,-0.407070346,0.160626977,0.029415933,-0.00108561,-0.028712381,BEARISH,['NORMAL'],SINGLE_LEG,N/A,N/A,"[{'action_type': 7, 'action_time': '2026-05-20', 'action_timestamp': 1779206400.0}]",['HK.LIST1072'],"['HK.LIST1181', 'HK.LIST1305', 'HK.LIST1998', 'HK.LIST24231']"
HK.CPI261230P28000,HK.02601,CPI,2026-04-09 09:58:18,1775699898.0,BUY,2.04,130,265200.0,PUT,28.0,2026-12-30,1798560000.0,101,33.92,17.452,1.95,2.04,44.061,130,60,2.16666,-0.222108147,0.023540124,0.086231673,-0.006395188,-0.056585847,BEARISH,['NORMAL'],SINGLE_LEG,N/A,N/A,"[{'action_type': 7, 'action_time': '2026-06-12', 'action_timestamp': 1781193600.0}, {'action_type': 7, 'action_time': '2026-09-08', 'action_timestamp': 1788796800.0}]",N/A,"['HK.LIST1287', 'HK.LIST1305']"
HK.CPI260929P29000,HK.02601,CPI,2026-04-08 15:30:10,1775633410.0,BUY,1.62,130,210600.0,PUT,29.0,2026-09-29,1790611200.0,9,34.36,15.599,1.54,1.62,44.227,130,190,0.68421,-0.223373537,0.028619516,0.070868469,-0.008242725,-0.037149128,BEARISH,['NORMAL'],SINGLE_LEG,N/A,N/A,"[{'action_type': 7, 'action_time': '2026-06-12', 'action_timestamp': 1781193600.0}, {'action_type': 7, 'action_time': '2026-09-08', 'action_timestamp': 1788796800.0}]",N/A,"['HK.LIST1287', 'HK.LIST1305']"
HK.PAI261230P55000,HK.02318,PAI,2026-04-08 15:12:22,1775632342.0,BUY,3.92,225,441000.0,PUT,55.0,2026-12-30,1798560000.0,101,62.2,11.575,3.85,3.92,37.457,60,4335,0.01384,-0.271213939,0.016946223,0.175374646,-0.010703789,-0.121467277,BEARISH,['NORMAL'],SINGLE_LEG,N/A,N/A,"[{'action_type': 7, 'action_time': '2026-06-02', 'action_timestamp': 1780329600.0}, {'action_type': 7, 'action_time': '2026-09-02', 'action_timestamp': 1788278400.0}]",N/A,"['HK.LIST1110', 'HK.LIST1178', 'HK.LIST1305']"
HK.MGM260929P12000,HK.02282,MGM,2026-04-08 10:26:04,1775615164.0,BUY,1.76,100,70400.0,PUT,12.0,2026-09-29,1790611200.0,9,11.25,-6.666,1.57,1.78,43.143,100,53,1.88679,-0.512060123,0.123005689,0.030838155,-0.003260874,-0.027049833,BEARISH,['NORMAL'],SINGLE_LEG,N/A,N/A,"[{'action_type': 7, 'action_time': '2026-05-20', 'action_timestamp': 1779206400.0}, {'action_type': 7, 'action_time': '2026-08-20', 'action_timestamp': 1787155200.0}]",N/A,['HK.LIST22913']
HK.CHU260929P7000,HK.00762,CHU,2026-04-02 15:37:51,1775115471.0,BUY,0.57,100,114000.0,PUT,7.0,2026-09-29,1790611200.0,9,7.05,0.709,0.56,0.57,33.046,504,756,0.66666,-0.416867872,0.244804905,0.019253026,-0.001496824,-0.013556822,BEARISH,['NORMAL'],SINGLE_LEG,N/A,N/A,"[{'action_type': 7, 'action_time': '2026-06-03', 'action_timestamp': 1780416000.0}]",['HK.LIST1054'],"['HK.LIST1176', 'HK.LIST1180', 'HK.LIST1214', 'HK.LIST1305', 'HK.LIST1344', 'HK.LIST1348', 'HK.LIST22928', 'HK.LIST23586', 'HK.LIST23589']"
HK.VNK260929P3200,HK.02202,VNK,2026-04-02 15:26:20,1775114780.0,BUY,0.7,180,126000.0,PUT,3.2,2026-09-29,1790611200.0,9,2.87,-11.498,0.68,0.7,64.242,273,715,0.38181,-0.49628708,0.315694402,0.008021331,-0.001271144,-0.008048614,BEARISH,['NORMAL'],SINGLE_LEG,N/A,N/A,N/A,['HK.LIST1019'],"['HK.LIST1178', 'HK.LIST1234']"
HK.VNK260929P3200,HK.02202,VNK,2026-04-02 14:49:14,1775112554.0,BUY,0.68,123,83640.0,PUT,3.2,2026-09-29,1790611200.0,9,2.88,-11.111,0.66,0.68,61.744,123,715,0.17202,-0.503354939,0.328934868,0.008019437,-0.00121545,-0.008023079,BEARISH,['NORMAL'],SINGLE_LEG,N/A,N/A,N/A,['HK.LIST1019'],"['HK.LIST1178', 'HK.LIST1234']"
HK.CHU260929P6500,HK.00762,CHU,2026-04-02 14:22:08,1775110928.0,BUY,0.31,150,93000.0,PUT,6.5,2026-09-29,1790611200.0,9,7.04,7.67,0.3,0.31,30.288,29,317,0.09148,-0.290854518,0.232409212,0.01689354,-0.001232508,-0.009454043,BEARISH,['NORMAL'],SINGLE_LEG,N/A,N/A,"[{'action_type': 7, 'action_time': '2026-06-03', 'action_timestamp': 1780416000.0}]",['HK.LIST1054'],"['HK.LIST1176', 'HK.LIST1180', 'HK.LIST1214', 'HK.LIST1305', 'HK.LIST1344', 'HK.LIST1348', 'HK.LIST22928', 'HK.LIST23586', 'HK.LIST23589']"
HK.CHU260929P7000,HK.00762,CHU,2026-04-02 11:32:58,1775100778.0,BUY,0.56,100,112000.0,PUT,7.0,2026-09-29,1790611200.0,9,7.07,0.99,0.54,0.56,33.463,404,756,0.53439,-0.411897936,0.240044857,0.019267486,-0.001520119,-0.013504594,BEARISH,['NORMAL'],SINGLE_LEG,N/A,N/A,"[{'action_type': 7, 'action_time': '2026-06-03', 'action_timestamp': 1780416000.0}]",['HK.LIST1054'],"['HK.LIST1176', 'HK.LIST1180', 'HK.LIST1214', 'HK.LIST1305', 'HK.LIST1344', 'HK.LIST1348', 'HK.LIST22928', 'HK.LIST23586', 'HK.LIST23589']"
HK.CHU260929P7000,HK.00762,CHU,2026-04-02 11:31:42,1775100702.0,BUY,0.56,100,112000.0,PUT,7.0,2026-09-29,1790611200.0,9,7.08,1.129,0.54,0.56,32.684,304,756,0.40211,-0.412016118,0.245950543,0.019265173,-0.001479751,-0.013427964,BEARISH,['NORMAL'],SINGLE_LEG,N/A,N/A,"[{'action_type': 7, 'action_time': '2026-06-03', 'action_timestamp': 1780416000.0}]",['HK.LIST1054'],"['HK.LIST1176', 'HK.LIST1180', 'HK.LIST1214', 'HK.LIST1305', 'HK.LIST1344', 'HK.LIST1348', 'HK.LIST22928', 'HK.LIST23586', 'HK.LIST23589']"
HK.CHU260929P7000,HK.00762,CHU,2026-04-02 11:28:34,1775100514.0,BUY,0.56,100,112000.0,PUT,7.0,2026-09-29,1790611200.0,9,7.08,1.129,0.54,0.56,32.684,204,756,0.26984,-0.412015963,0.245950195,0.019265245,-0.001479741,-0.013428055,BEARISH,['NORMAL'],SINGLE_LEG,N/A,N/A,"[{'action_type': 7, 'action_time': '2026-06-03', 'action_timestamp': 1780416000.0}]",['HK.LIST1054'],"['HK.LIST1176', 'HK.LIST1180', 'HK.LIST1214', 'HK.LIST1305', 'HK.LIST1344', 'HK.LIST1348', 'HK.LIST22928', 'HK.LIST23586', 'HK.LIST23589']"
HK.MET260929P82500,HK.03690,MET,2026-04-02 10:05:25,1775095525.0,BUY,10.6,211,1118300.0,PUT,82.5,2026-09-29,1790611200.0,9,79.3,-4.035,10.44,10.6,42.244,511,4093,0.12484,-0.47930118,0.017459994,0.2207344,-0.02218682,-0.184842888,BEARISH,['NORMAL'],SINGLE_LEG,N/A,N/A,N/A,['HK.LIST23361'],"['HK.LIST1305', 'HK.LIST1998', 'HK.LIST22886', 'HK.LIST22928', 'HK.LIST23586', 'HK.LIST24037', 'HK.LIST24062']"
HK.MET260929P85000,HK.03690,MET,2026-04-02 10:05:13,1775095513.0,BUY,12.14,231,1402170.0,PUT,85.0,2026-09-29,1790611200.0,9,79.35,-7.12,11.95,12.14,42.294,503,6558,0.0767,-0.520599122,0.017569615,0.220493892,-0.021912331,-0.198554695,BEARISH,['NORMAL'],SINGLE_LEG,N/A,N/A,N/A,['HK.LIST23361'],"['HK.LIST1305', 'HK.LIST1998', 'HK.LIST22886', 'HK.LIST22928', 'HK.LIST23586', 'HK.LIST24037', 'HK.LIST24062']"
HK.MET260929P85000,HK.03690,MET,2026-04-02 10:03:01,1775095381.0,BUY,12.15,215,1306125.0,PUT,85.0,2026-09-29,1790611200.0,9,79.3,-7.187,11.97,12.15,42.273,275,6558,0.04193,-0.515407192,0.017504282,0.221494006,-0.022035811,-0.197609333,BEARISH,['NORMAL'],SINGLE_LEG,N/A,N/A,N/A,['HK.LIST23361'],"['HK.LIST1305', 'HK.LIST1998', 'HK.LIST22886', 'HK.LIST22928', 'HK.LIST23586', 'HK.LIST24037', 'HK.LIST24062']"
HK.MET260929P82500,HK.03690,MET,2026-04-02 10:02:52,1775095372.0,BUY,10.6,210,1113000.0,PUT,82.5,2026-09-29,1790611200.0,9,79.3,-4.035,10.41,10.6,42.122,138,4093,0.03371,-0.474351014,0.017419562,0.22143288,-0.022216927,-0.183678624,BEARISH,['NORMAL'],SINGLE_LEG,N/A,N/A,N/A,['HK.LIST23361'],"['HK.LIST1305', 'HK.LIST1998', 'HK.LIST22886', 'HK.LIST22928', 'HK.LIST23586', 'HK.LIST24037', 'HK.LIST24062']"
HK.MET260929P80000,HK.03690,MET,2026-04-02 10:02:41,1775095361.0,BUY,9.13,490,2236850.0,PUT,80.0,2026-09-29,1790611200.0,9,79.3,-0.882,8.99,9.13,42.124,556,9151,0.06075,-0.432089495,0.017100453,0.218860241,-0.022218241,-0.168741883,BEARISH,['NORMAL'],SINGLE_LEG,N/A,N/A,N/A,['HK.LIST23361'],"['HK.LIST1305', 'HK.LIST1998', 'HK.LIST22886', 'HK.LIST22928', 'HK.LIST23586', 'HK.LIST24037', 'HK.LIST24062']"
HK.MET260929P77500,HK.03690,MET,2026-04-02 10:02:29,1775095349.0,BUY,7.8,290,1131000.0,PUT,77.5,2026-09-29,1790611200.0,9,79.4,2.392,7.67,7.8,42.242,232,4666,0.04972,-0.389501563,0.016557125,0.213663543,-0.02199331,-0.153148816,BEARISH,['NORMAL'],SINGLE_LEG,N/A,N/A,N/A,['HK.LIST23361'],"['HK.LIST1305', 'HK.LIST1998', 'HK.LIST22886', 'HK.LIST22928', 'HK.LIST23586', 'HK.LIST24037', 'HK.LIST24062']"
HK.TRP261230P400000,HK.09961,TRP,2026-04-01 15:11:29,1775027489.0,BUY,50.0,100,750000.0,PUT,400.0,2026-12-30,1798560000.0,101,395.2,-1.214,49.25,50.0,38.305,100,671,0.14903,-0.426083308,0.003108782,1.332927125,-0.077305109,-1.227352775,BEARISH,['NORMAL'],SINGLE_LEG,N/A,N/A,N/A,['HK.LIST1034'],"['HK.LIST1304', 'HK.LIST1998', 'HK.LIST22886']"
HK.GWM260929P13500,HK.02333,GWM,2026-04-01 14:12:05,1775023925.0,BUY,2.23,100,111500.0,PUT,13.5,2026-09-29,1790611200.0,9,12.49,-8.086,2.19,2.25,49.871,115,256,0.44921,-0.503315153,0.093535649,0.035012137,-0.004179867,-0.032389938,BEARISH,['NORMAL'],SINGLE_LEG,N/A,N/A,"[{'action_type': 7, 'action_time': '2026-07-02', 'action_timestamp': 1782921600.0}]",['HK.LIST1040'],"['HK.LIST1217', 'HK.LIST22910', 'HK.LIST23589']"
HK.KLE261230P7000,HK.00135,KLE,2026-04-01 13:00:46,1775019646.0,BUY,0.45,100,90000.0,PUT,7.0,2026-12-30,1798560000.0,101,7.22,3.047,0.42,0.45,26.073,50,100,0.5,-0.36065062,0.238271365,0.023291202,-0.000882276,-0.017377733,BEARISH,['NORMAL'],SINGLE_LEG,N/A,N/A,"[{'action_type': 7, 'action_time': '2026-06-01', 'action_timestamp': 1780243200.0}, {'action_type': 7, 'action_time': '2026-10-05', 'action_timestamp': 1791129600.0}]",N/A,"['HK.LIST1205', 'HK.LIST1245', 'HK.LIST1348', 'HK.LIST1362']"
HK.TCH270330P520000,HK.00700,TCH,2026-04-01 10:39:26,1775011166.0,BUY,67.23,1200,8067600.0,PUT,520.0,2027-03-30,1806336000.0,191,494.0,-5.263,66.75,67.7,30.972,1306,291,4.48797,-0.478231341,0.00282807,1.936246236,-0.061909312,-2.076905888,BEARISH,['NORMAL'],MULTI_LEG,N/A,N/A,"[{'action_type': 7, 'action_time': '2026-05-15', 'action_timestamp': 1778774400.0}]",['HK.LIST23363'],"['HK.LIST1161', 'HK.LIST1190', 'HK.LIST1191', 'HK.LIST1208', 'HK.LIST1289', 'HK.LIST1305', 'HK.LIST1328', 'HK.LIST1351', 'HK.LIST22886', 'HK.LIST22928', 'HK.LIST23586', 'HK.LIST23589', 'HK.LIST24037', 'HK.LIST24062']"
HK.PEC260929P11000,HK.00857,PEC,2026-04-01 10:30:00,1775010600.0,BUY,1.31,431,1129220.0,PUT,11.0,2026-09-29,1790611200.0,9,10.9,-0.917,1.29,1.31,43.976,431,1542,0.2795,-0.432172561,0.118954212,0.030124746,-0.003188474,-0.023590016,BEARISH,['NORMAL'],SINGLE_LEG,N/A,N/A,"[{'action_type': 7, 'action_time': '2026-06-18', 'action_timestamp': 1781712000.0}, {'action_type': 7, 'action_time': '2026-09-10', 'action_timestamp': 1788969600.0}]",['HK.LIST1042'],"['HK.LIST1175', 'HK.LIST1205', 'HK.LIST1241', 'HK.LIST1305', 'HK.LIST1344', 'HK.LIST1348', 'HK.LIST1362', 'HK.LIST22928']"
HK.CPC260929P4500,HK.00386,CPC,2026-04-01 10:28:00,1775010480.0,BUY,0.39,225,175500.0,PUT,4.5,2026-09-29,1790611200.0,9,4.58,1.746,0.37,0.4,36.069,225,532,0.42293,-0.401299481,0.339974418,0.012428932,-0.001063707,-0.008746382,BEARISH,['NORMAL'],SINGLE_LEG,N/A,N/A,"[{'action_type': 7, 'action_time': '2026-06-08', 'action_timestamp': 1780848000.0}, {'action_type': 7, 'action_time': '2026-09-21', 'action_timestamp': 1789920000.0}]",['HK.LIST1042'],"['HK.LIST1175', 'HK.LIST1205', 'HK.LIST1241', 'HK.LIST1305', 'HK.LIST1342', 'HK.LIST1344', 'HK.LIST1348', 'HK.LIST22928']"
HK.CCC270330P4800,HK.01800,CCC,2026-04-01 09:54:55,1775008495.0,BUY,0.57,110,62700.0,PUT,4.8,2027-03-30,1806336000.0,191,4.48,-7.142,0.52,0.58,27.541,110,25,4.4,-0.520501424,0.362012106,0.01744068,-0.000471652,-0.019066511,BEARISH,['NORMAL'],SINGLE_LEG,N/A,N/A,"[{'action_type': 7, 'action_time': '2026-07-13', 'action_timestamp': 1783872000.0}]",['HK.LIST1073'],"['HK.LIST1244', 'HK.LIST1348']"
HK.SAN260929P15500,HK.01928,SAN,2026-03-31 14:57:12,1774940232.0,BUY,1.5,182,109200.0,PUT,15.5,2026-09-29,1790611200.0,9,16.39,5.43,1.44,1.5,44.804,152,452,0.33628,-0.351207326,0.072511769,0.042863337,-0.004698025,-0.029342424,BEARISH,['NORMAL'],SINGLE_LEG,N/A,N/A,"[{'action_type': 7, 'action_time': '2026-05-20', 'action_timestamp': 1779206400.0}, {'action_type': 7, 'action_time': '2026-09-16', 'action_timestamp': 1789488000.0}]",['HK.LIST1069'],"['HK.LIST1305', 'HK.LIST22913']"
HK.CCC261230P3900,HK.01800,CCC,2026-03-31 14:39:36,1774939176.0,BUY,0.12,500,60000.0,PUT,3.9,2026-12-30,1798560000.0,101,4.46,12.556,0.1,0.13,24.406,800,N/A,0.0,-0.198297217,0.300256448,0.010717825,-0.000398346,-0.006009155,BEARISH,['NORMAL'],SINGLE_LEG,N/A,N/A,"[{'action_type': 7, 'action_time': '2026-07-13', 'action_timestamp': 1783872000.0}]",['HK.LIST1073'],"['HK.LIST1244', 'HK.LIST1348']"
HK.POP260929P150000,HK.09992,POP,2026-03-31 11:20:46,1774927246.0,BUY,28.0,245,1372000.0,PUT,150.0,2026-09-29,1790611200.0,9,142.1,-5.559,26.73,27.73,60.174,36,1738,0.02071,-0.455664892,0.006708279,0.39664201,-0.058406994,-0.361269267,BEARISH,['NORMAL'],SINGLE_LEG,N/A,N/A,"[{'action_type': 7, 'action_time': '2026-05-15', 'action_timestamp': 1778774400.0}]",['HK.LIST1047'],"['HK.LIST1328', 'HK.LIST23676']"
HK.CPC260929P4900,HK.00386,CPC,2026-03-31 11:17:09,1774927029.0,BUY,0.73,225,328500.0,PUT,4.9,2026-09-29,1790611200.0,9,4.48,-9.375,0.71,0.73,40.841,450,679,0.66273,-0.548753107,0.319839199,0.012473402,-0.001166456,-0.011734479,BEARISH,['NORMAL'],SINGLE_LEG,N/A,N/A,"[{'action_type': 7, 'action_time': '2026-06-08', 'action_timestamp': 1780848000.0}, {'action_type': 7, 'action_time': '2026-09-21', 'action_timestamp': 1789920000.0}]",['HK.LIST1042'],"['HK.LIST1175', 'HK.LIST1205', 'HK.LIST1241', 'HK.LIST1305', 'HK.LIST1342', 'HK.LIST1344', 'HK.LIST1348', 'HK.LIST22928']"
HK.CPC260929P4300,HK.00386,CPC,2026-03-31 11:17:09,1774927029.0,BUY,0.33,225,148500.0,PUT,4.3,2026-09-29,1790611200.0,9,4.48,4.017,0.31,0.33,35.6,225,248,0.90725,-0.361586799,0.338186807,0.011845411,-0.001003923,-0.007792804,BEARISH,['NORMAL'],SINGLE_LEG,N/A,N/A,"[{'action_type': 7, 'action_time': '2026-06-08', 'action_timestamp': 1780848000.0}, {'action_type': 7, 'action_time': '2026-09-21', 'action_timestamp': 1789920000.0}]",['HK.LIST1042'],"['HK.LIST1175', 'HK.LIST1205', 'HK.LIST1241', 'HK.LIST1305', 'HK.LIST1342', 'HK.LIST1344', 'HK.LIST1348', 'HK.LIST22928']"
HK.PEC270330P9250,HK.00857,PEC,2026-03-31 10:20:43,1774923643.0,BUY,0.72,495,712800.0,PUT,9.25,2027-03-30,1806336000.0,191,10.81,14.431,0.68,0.72,36.992,495,217,2.2811,-0.245533713,0.080163188,0.033957038,-0.001466882,-0.026460416,BEARISH,['NORMAL'],SINGLE_LEG,N/A,N/A,"[{'action_type': 7, 'action_time': '2026-06-18', 'action_timestamp': 1781712000.0}, {'action_type': 7, 'action_time': '2026-09-10', 'action_timestamp': 1788969600.0}]",['HK.LIST1042'],"['HK.LIST1175', 'HK.LIST1205', 'HK.LIST1241', 'HK.LIST1305', 'HK.LIST1344', 'HK.LIST1348', 'HK.LIST1362', 'HK.LIST22928']"
HK.CPC260929P4400,HK.00386,CPC,2026-03-31 09:47:18,1774921638.0,BUY,0.38,300,228000.0,PUT,4.4,2026-09-29,1790611200.0,9,4.51,2.439,0.36,0.38,36.761,300,602,0.49833,-0.387367752,0.332962482,0.012187732,-0.001065524,-0.008458877,BEARISH,['NORMAL'],SINGLE_LEG,N/A,N/A,"[{'action_type': 7, 'action_time': '2026-06-08', 'action_timestamp': 1780848000.0}, {'action_type': 7, 'action_time': '2026-09-21', 'action_timestamp': 1789920000.0}]",['HK.LIST1042'],"['HK.LIST1175', 'HK.LIST1205', 'HK.LIST1241', 'HK.LIST1305', 'HK.LIST1342', 'HK.LIST1344', 'HK.LIST1348', 'HK.LIST22928']"
HK.HKG260929P6750,HK.00003,HKG,2026-03-30 15:37:07,1774856227.0,BUY,0.28,300,84000.0,PUT,6.75,2026-09-29,1790611200.0,9,7.07,4.526,0.26,0.28,23.444,600,197,3.04568,-0.324180973,0.313631169,0.017921697,-0.000951168,-0.010194745,BEARISH,['NORMAL'],SINGLE_LEG,N/A,N/A,"[{'action_type': 7, 'action_time': '2026-06-03', 'action_timestamp': 1780416000.0}, {'action_type': 7, 'action_time': '2026-08-31', 'action_timestamp': 1788105600.0}]",['HK.LIST1045'],['HK.LIST1245']
HK.HKG260929P6750,HK.00003,HKG,2026-03-30 15:32:03,1774855923.0,BUY,0.28,300,84000.0,PUT,6.75,2026-09-29,1790611200.0,9,7.08,4.661,0.26,0.28,23.444,300,197,1.52284,-0.324180783,0.313630306,0.017921861,-0.000951149,-0.010194915,BEARISH,['NORMAL'],SINGLE_LEG,N/A,N/A,"[{'action_type': 7, 'action_time': '2026-06-03', 'action_timestamp': 1780416000.0}, {'action_type': 7, 'action_time': '2026-08-31', 'action_timestamp': 1788105600.0}]",['HK.LIST1045'],['HK.LIST1245']
HK.XBC260929P4800,HK.03988,XBC,2026-03-30 14:36:28,1774852588.0,BUY,0.277,820,227140.0,PUT,4.8,2026-09-29,1790611200.0,9,4.88,1.639,0.27,0.277,25.771,1364,104,13.11538,-0.394997639,0.445571983,0.013245817,-0.000766577,-0.008590965,BEARISH,['NORMAL'],SINGLE_LEG,N/A,N/A,"[{'action_type': 7, 'action_time': '2026-07-02', 'action_timestamp': 1782921600.0}]",['HK.LIST1079'],"['HK.LIST1239', 'HK.LIST1305', 'HK.LIST1344', 'HK.LIST1348']"
HK.PEC270330P8750,HK.00857,PEC,2026-03-30 13:33:06,1774848786.0,BUY,0.47,500,470000.0,PUT,8.75,2027-03-30,1806336000.0,191,11.1,21.171,0.44,0.47,36.153,500,676,0.73964,-0.175832536,0.064970132,0.02875701,-0.001235794,-0.019371438,BEARISH,['NORMAL'],SINGLE_LEG,N/A,N/A,"[{'action_type': 7, 'action_time': '2026-06-18', 'action_timestamp': 1781712000.0}, {'action_type': 7, 'action_time': '2026-09-10', 'action_timestamp': 1788969600.0}]",['HK.LIST1042'],"['HK.LIST1175', 'HK.LIST1205', 'HK.LIST1241', 'HK.LIST1305', 'HK.LIST1344', 'HK.LIST1348', 'HK.LIST1362', 'HK.LIST22928']"
HK.SBO260929P5750,HK.01177,SBO,2026-03-27 15:11:22,1774595482.0,BUY,0.62,200,620000.0,PUT,5.75,2026-09-29,1790611200.0,9,5.88,2.21,0.58,0.64,43.888,401,70,5.72857,-0.390559403,0.21180739,0.016097395,-0.001673487,-0.011902562,BEARISH,['NORMAL'],MULTI_LEG,N/A,N/A,"[{'action_type': 7, 'action_time': '2026-06-24', 'action_timestamp': 1782230400.0}, {'action_type': 7, 'action_time': '2026-09-01', 'action_timestamp': 1788192000.0}]",['HK.LIST1067'],['HK.LIST23675']
HK.SBO260929P5750,HK.01177,SBO,2026-03-27 15:11:22,1774595482.0,BUY,0.62,200,620000.0,PUT,5.75,2026-09-29,1790611200.0,9,5.88,2.21,0.58,0.64,43.888,201,70,2.87142,-0.390559403,0.21180739,0.016097395,-0.001673487,-0.011902562,BEARISH,['NORMAL'],MULTI_LEG,N/A,N/A,"[{'action_type': 7, 'action_time': '2026-06-24', 'action_timestamp': 1782230400.0}, {'action_type': 7, 'action_time': '2026-09-01', 'action_timestamp': 1788192000.0}]",['HK.LIST1067'],['HK.LIST23675']
HK.BYD260929P92500,HK.01211,BYD,2026-03-27 14:08:04,1774591684.0,BUY,6.0,304,912000.0,PUT,92.5,2026-09-29,1790611200.0,9,106.7,13.308,5.71,6.0,43.271,304,1543,0.19701,-0.252474864,0.009772346,0.243038351,-0.025624524,-0.139372702,BEARISH,['NORMAL'],SINGLE_LEG,N/A,N/A,"[{'action_type': 7, 'action_time': '2026-06-11', 'action_timestamp': 1781107200.0}]",N/A,"['HK.LIST1180', 'HK.LIST1217', 'HK.LIST1305', 'HK.LIST1314', 'HK.LIST1334', 'HK.LIST22910', 'HK.LIST23589']"
HK.SAN261230P15000,HK.01928,SAN,2026-03-27 11:06:51,1774580811.0,BUY,1.42,230,130640.0,PUT,15.0,2026-12-30,1798560000.0,101,16.74,10.394,1.38,1.42,42.364,30,828,0.03623,-0.293459702,0.056475327,0.050250499,-0.003337157,-0.038451134,BEARISH,['NORMAL'],SINGLE_LEG,N/A,N/A,"[{'action_type': 7, 'action_time': '2026-05-20', 'action_timestamp': 1779206400.0}, {'action_type': 7, 'action_time': '2026-09-16', 'action_timestamp': 1789488000.0}]",['HK.LIST1069'],"['HK.LIST1305', 'HK.LIST22913']"
HK.KST270330P55000,HK.01024,KST,2026-03-27 10:54:22,1774580062.0,BUY,14.0,300,2100000.0,PUT,55.0,2027-03-30,1806336000.0,191,46.32,-18.739,13.73,14.0,50.101,310,1569,0.19757,-0.524183085,0.018372874,0.183492255,-0.009971388,-0.260665624,BEARISH,['NORMAL'],SINGLE_LEG,N/A,N/A,"[{'action_type': 7, 'action_time': '2026-06-29', 'action_timestamp': 1782662400.0}]",N/A,"['HK.LIST1305', 'HK.LIST1306', 'HK.LIST1328', 'HK.LIST22886', 'HK.LIST23586', 'HK.LIST24037']"
HK.CPA260929P12000,HK.00293,CPA,2026-03-27 09:30:02,1774575002.0,BUY,1.23,162,199260.0,PUT,12.0,2026-09-29,1790611200.0,9,12.1,0.826,N/A,1.23,40.53,200,204,0.98039,-0.410521707,0.113253847,0.03355427,-0.003174765,-0.025137079,BEARISH,['NORMAL'],SINGLE_LEG,N/A,N/A,"[{'action_type': 7, 'action_time': '2026-03-31', 'action_timestamp': 1774886400.0}, {'action_type': 7, 'action_time': '2026-09-02', 'action_timestamp': 1788278400.0}]",['HK.LIST1064'],['HK.LIST1240']
HK.CRL270330P30000,HK.01109,CRL,2026-03-26 15:00:55,1774508455.0,BUY,5.17,100,258500.0,PUT,30.0,2027-03-30,1806336000.0,191,28.08,-6.837,5.12,5.17,40.258,100,N/A,0.0,-0.464227501,0.037112744,0.111209103,-0.004815599,-0.130024576,BEARISH,['NORMAL'],SINGLE_LEG,N/A,N/A,"[{'action_type': 7, 'action_time': '2026-06-15', 'action_timestamp': 1781452800.0}, {'action_type': 7, 'action_time': '2026-09-10', 'action_timestamp': 1788969600.0}]",['HK.LIST1019'],"['HK.LIST1234', 'HK.LIST1305', 'HK.LIST1348']"
HK.KST270330P50000,HK.01024,KST,2026-03-26 14:14:22,1774505662.0,BUY,11.18,300,1677000.0,PUT,50.0,2027-03-30,1806336000.0,191,45.42,-10.083,10.87,11.22,50.482,309,96,3.21875,-0.457209174,0.018061527,0.180409225,-0.010132226,-0.229554579,BEARISH,['NORMAL'],MULTI_LEG,N/A,N/A,"[{'action_type': 7, 'action_time': '2026-06-29', 'action_timestamp': 1782662400.0}]",N/A,"['HK.LIST1305', 'HK.LIST1306', 'HK.LIST1328', 'HK.LIST22886', 'HK.LIST23586', 'HK.LIST24037']"
HK.KST270330P47000,HK.01024,KST,2026-03-26 14:14:22,1774505662.0,BUY,9.29,300,1393500.0,PUT,47.0,2027-03-30,1806336000.0,191,45.42,-3.478,9.06,9.3,50.349,2305,58,39.74137,-0.407433463,0.01751567,0.176840857,-0.010081798,-0.206169174,BEARISH,['NORMAL'],MULTI_LEG,N/A,N/A,"[{'action_type': 7, 'action_time': '2026-06-29', 'action_timestamp': 1782662400.0}]",N/A,"['HK.LIST1305', 'HK.LIST1306', 'HK.LIST1328', 'HK.LIST22886', 'HK.LIST23586', 'HK.LIST24037']"
HK.KST261230P42000,HK.01024,KST,2026-03-26 13:45:28,1774503928.0,BUY,5.45,200,545000.0,PUT,42.0,2026-12-30,1798560000.0,101,45.84,8.376,5.44,5.45,50.663,393,17,23.11764,-0.320467592,0.017929153,0.143183335,-0.011449752,-0.122083713,BEARISH,['NORMAL'],SINGLE_LEG,N/A,N/A,"[{'action_type': 7, 'action_time': '2026-06-29', 'action_timestamp': 1782662400.0}]",N/A,"['HK.LIST1305', 'HK.LIST1306', 'HK.LIST1328', 'HK.LIST22886', 'HK.LIST23586', 'HK.LIST24037']"
HK.KST260929P42000,HK.01024,KST,2026-03-26 13:40:35,1774503635.0,BUY,4.35,200,435000.0,PUT,42.0,2026-09-29,1790611200.0,9,45.98,8.655,4.3,4.35,51.533,815,55,14.81818,-0.318267076,0.021242644,0.117411496,-0.014666857,-0.08005088,BEARISH,['NORMAL'],SINGLE_LEG,N/A,N/A,"[{'action_type': 7, 'action_time': '2026-06-29', 'action_timestamp': 1782662400.0}]",N/A,"['HK.LIST1305', 'HK.LIST1306', 'HK.LIST1328', 'HK.LIST22886', 'HK.LIST23586', 'HK.LIST24037']"
HK.PEC260929P10500,HK.00857,PEC,2026-03-26 11:56:52,1774497412.0,BUY,1.08,221,477360.0,PUT,10.5,2026-09-29,1790611200.0,9,10.89,3.581,1.04,1.08,43.855,1435,1732,0.82852,-0.375086204,0.112771858,0.029500056,-0.003055522,-0.021293232,BEARISH,['NORMAL'],SINGLE_LEG,N/A,N/A,"[{'action_type': 7, 'action_time': '2026-06-18', 'action_timestamp': 1781712000.0}, {'action_type': 7, 'action_time': '2026-09-10', 'action_timestamp': 1788969600.0}]",['HK.LIST1042'],"['HK.LIST1175', 'HK.LIST1205', 'HK.LIST1241', 'HK.LIST1305', 'HK.LIST1344', 'HK.LIST1348', 'HK.LIST1362', 'HK.LIST22928']"
HK.PEC260929P9750,HK.00857,PEC,2026-03-26 11:56:22,1774497382.0,BUY,0.69,221,304980.0,PUT,9.75,2026-09-29,1790611200.0,9,10.89,10.468,0.68,0.69,42.277,1105,874,1.2643,-0.285369447,0.104138441,0.026447419,-0.002684337,-0.016099537,BEARISH,['NORMAL'],SINGLE_LEG,N/A,N/A,"[{'action_type': 7, 'action_time': '2026-06-18', 'action_timestamp': 1781712000.0}, {'action_type': 7, 'action_time': '2026-09-10', 'action_timestamp': 1788969600.0}]",['HK.LIST1042'],"['HK.LIST1175', 'HK.LIST1205', 'HK.LIST1241', 'HK.LIST1305', 'HK.LIST1344', 'HK.LIST1348', 'HK.LIST1362', 'HK.LIST22928']"
HK.PEC260929P9750,HK.00857,PEC,2026-03-26 11:55:52,1774497352.0,BUY,0.7,221,309400.0,PUT,9.75,2026-09-29,1790611200.0,9,10.89,10.468,0.69,0.7,42.466,884,874,1.01144,-0.285771684,0.103742478,0.02646559,-0.002698974,-0.016140043,BEARISH,['NORMAL'],SINGLE_LEG,N/A,N/A,"[{'action_type': 7, 'action_time': '2026-06-18', 'action_timestamp': 1781712000.0}, {'action_type': 7, 'action_time': '2026-09-10', 'action_timestamp': 1788969600.0}]",['HK.LIST1042'],"['HK.LIST1175', 'HK.LIST1205', 'HK.LIST1241', 'HK.LIST1305', 'HK.LIST1344', 'HK.LIST1348', 'HK.LIST1362', 'HK.LIST22928']"
HK.GLI261230P39000,HK.01772,GLI,2026-03-26 10:42:12,1774492932.0,BUY,2.9,250,145000.0,PUT,39.0,2026-12-30,1798560000.0,101,67.8,42.477,N/A,N/A,71.655,250,N/A,0.0,-0.108648421,0.004399856,0.110605543,-0.013364278,-0.065341704,BEARISH,['NORMAL'],SINGLE_LEG,N/A,N/A,"[{'action_type': 7, 'action_time': '2026-05-22', 'action_timestamp': 1779379200.0}]",['HK.LIST1006'],"['HK.LIST1180', 'HK.LIST1312', 'HK.LIST1314', 'HK.LIST1334']"
HK.PEC261230P8000,HK.00857,PEC,2026-03-26 10:38:25,1774492705.0,BUY,0.3,611,366600.0,PUT,8.0,2026-12-30,1798560000.0,101,10.66,24.953,0.27,0.3,38.095,111,1350,0.08222,-0.135793469,0.061740822,0.020304298,-0.001246841,-0.010903448,BEARISH,['NORMAL'],SINGLE_LEG,N/A,N/A,"[{'action_type': 7, 'action_time': '2026-06-18', 'action_timestamp': 1781712000.0}, {'action_type': 7, 'action_time': '2026-09-10', 'action_timestamp': 1788969600.0}]",['HK.LIST1042'],"['HK.LIST1175', 'HK.LIST1205', 'HK.LIST1241', 'HK.LIST1305', 'HK.LIST1344', 'HK.LIST1348', 'HK.LIST1362', 'HK.LIST22928']"
HK.PEC260929P10000,HK.00857,PEC,2026-03-26 10:15:36,1774491336.0,BUY,0.86,221,380120.0,PUT,10.0,2026-09-29,1790611200.0,9,10.7,6.542,0.84,0.87,42.574,742,734,1.01089,-0.334031484,0.112881041,0.027881283,-0.002820659,-0.01857203,BEARISH,['NORMAL'],SINGLE_LEG,N/A,N/A,"[{'action_type': 7, 'action_time': '2026-06-18', 'action_timestamp': 1781712000.0}, {'action_type': 7, 'action_time': '2026-09-10', 'action_timestamp': 1788969600.0}]",['HK.LIST1042'],"['HK.LIST1175', 'HK.LIST1205', 'HK.LIST1241', 'HK.LIST1305', 'HK.LIST1344', 'HK.LIST1348', 'HK.LIST1362', 'HK.LIST22928']"
HK.PEC260929P10000,HK.00857,PEC,2026-03-26 10:03:12,1774490592.0,BUY,0.82,221,362440.0,PUT,10.0,2026-09-29,1790611200.0,9,10.8,7.407,0.81,0.82,42.199,381,734,0.51907,-0.323485887,0.111407164,0.027756767,-0.002787415,-0.018103783,BEARISH,['NORMAL'],SINGLE_LEG,N/A,N/A,"[{'action_type': 7, 'action_time': '2026-06-18', 'action_timestamp': 1781712000.0}, {'action_type': 7, 'action_time': '2026-09-10', 'action_timestamp': 1788969600.0}]",['HK.LIST1042'],"['HK.LIST1175', 'HK.LIST1205', 'HK.LIST1241', 'HK.LIST1305', 'HK.LIST1344', 'HK.LIST1348', 'HK.LIST1362', 'HK.LIST22928']"
HK.PEC260929P9750,HK.00857,PEC,2026-03-26 09:56:06,1774490166.0,BUY,0.69,221,304980.0,PUT,9.75,2026-09-29,1790611200.0,9,10.81,9.805,0.68,0.69,41.209,221,874,0.25286,-0.291613042,0.108780099,0.026524206,-0.002613442,-0.016236481,BEARISH,['NORMAL'],SINGLE_LEG,N/A,N/A,"[{'action_type': 7, 'action_time': '2026-06-18', 'action_timestamp': 1781712000.0}, {'action_type': 7, 'action_time': '2026-09-10', 'action_timestamp': 1788969600.0}]",['HK.LIST1042'],"['HK.LIST1175', 'HK.LIST1205', 'HK.LIST1241', 'HK.LIST1305', 'HK.LIST1344', 'HK.LIST1348', 'HK.LIST1362', 'HK.LIST22928']"
HK.TCH260929P500000,HK.00700,TCH,2026-03-26 09:53:39,1774490019.0,BUY,39.13,950,3717350.0,PUT,500.0,2026-09-29,1790611200.0,9,502.5,0.497,38.72,39.13,31.284,1000,11629,0.08599,-0.419526019,0.003569007,1.401587608,-0.098227447,-0.999487007,BEARISH,['NORMAL'],SINGLE_LEG,N/A,N/A,"[{'action_type': 7, 'action_time': '2026-05-15', 'action_timestamp': 1778774400.0}]",['HK.LIST23363'],"['HK.LIST1161', 'HK.LIST1190', 'HK.LIST1191', 'HK.LIST1208', 'HK.LIST1289', 'HK.LIST1305', 'HK.LIST1328', 'HK.LIST1351', 'HK.LIST22886', 'HK.LIST22928', 'HK.LIST23586', 'HK.LIST23589', 'HK.LIST24037', 'HK.LIST24062']"
HK.POP260929P150000,HK.09992,POP,2026-03-26 09:53:15,1774489995.0,BUY,20.3,260,1055600.0,PUT,150.0,2026-09-29,1790611200.0,9,156.0,3.846,19.8,20.3,56.112,274,861,0.31823,-0.366199298,0.006062566,0.421220695,-0.057062314,-0.322491728,BEARISH,['NORMAL'],SINGLE_LEG,N/A,N/A,"[{'action_type': 7, 'action_time': '2026-05-15', 'action_timestamp': 1778774400.0}]",['HK.LIST1047'],"['HK.LIST1328', 'HK.LIST23676']"
HK.XCC261230P6000,HK.00939,XCC,2026-03-24 11:33:40,1774323220.0,BUY,0.084,200,16800.0,PUT,6.0,2026-12-30,1798560000.0,101,7.85,23.566,0.08,0.092,26.844,200,1140,0.17543,-0.086793129,0.085808213,0.010870365,-0.000458638,-0.004778518,BEARISH,['NORMAL'],SINGLE_LEG,N/A,N/A,"[{'action_type': 7, 'action_time': '2026-07-02', 'action_timestamp': 1782921600.0}]",['HK.LIST1079'],"['HK.LIST1239', 'HK.LIST1305', 'HK.LIST1344', 'HK.LIST1348']"
HK.XIC260929P5500,HK.01398,XIC,2026-03-24 10:30:12,1774319412.0,BUY,0.128,210,26880.0,PUT,5.5,2026-09-29,1790611200.0,9,6.39,13.928,0.117,0.135,26.995,210,36782,0.0057,-0.168602878,0.203940702,0.011569889,-0.000729014,-0.005162343,BEARISH,['NORMAL'],SINGLE_LEG,N/A,N/A,"[{'action_type': 7, 'action_time': '2026-05-04', 'action_timestamp': 1777824000.0}]",['HK.LIST1079'],"['HK.LIST1239', 'HK.LIST1305', 'HK.LIST1344', 'HK.LIST1348']"
HK.PAI260929P39000,HK.02318,PAI,2026-03-24 09:58:14,1774317494.0,BUY,0.54,200,54000.0,PUT,39.0,2026-09-29,1790611200.0,9,58.0,32.758,0.49,0.59,41.205,200,1156,0.17301,-0.061145486,0.007022901,0.050517806,-0.00516628,-0.017526728,BEARISH,['NORMAL'],SINGLE_LEG,N/A,N/A,"[{'action_type': 7, 'action_time': '2026-06-02', 'action_timestamp': 1780329600.0}, {'action_type': 7, 'action_time': '2026-09-02', 'action_timestamp': 1788278400.0}]",['HK.LIST1003'],"['HK.LIST1110', 'HK.LIST1178', 'HK.LIST1305']"
HK.PEC270330P8750,HK.00857,PEC,2026-03-24 09:45:33,1774316733.0,BUY,0.55,500,550000.0,PUT,8.75,2027-03-30,1806336000.0,191,10.7,18.224,0.53,0.56,36.232,500,370,1.35135,-0.2024494,0.072740707,0.030566744,-0.001281604,-0.021995101,BEARISH,['NORMAL'],SINGLE_LEG,N/A,N/A,"[{'action_type': 7, 'action_time': '2026-06-18', 'action_timestamp': 1781712000.0}, {'action_type': 7, 'action_time': '2026-09-10', 'action_timestamp': 1788969600.0}]",['HK.LIST1042'],"['HK.LIST1175', 'HK.LIST1205', 'HK.LIST1241', 'HK.LIST1305', 'HK.LIST1344', 'HK.LIST1348', 'HK.LIST1362', 'HK.LIST22928']"
HK.BIU260929P110000,HK.09888,BIU,2026-03-23 14:30:08,1774247408.0,BUY,14.2,250,532500.0,PUT,110.0,2026-09-29,1790611200.0,9,108.9,-1.01,14.08,14.36,46.45,1914,3062,0.62508,-0.429393881,0.010995057,0.307654207,-0.032948703,-0.250552654,BEARISH,['NORMAL'],SINGLE_LEG,N/A,N/A,N/A,['HK.LIST23360'],"['HK.LIST1304', 'HK.LIST22886', 'HK.LIST23586', 'HK.LIST23589', 'HK.LIST24037', 'HK.LIST24062']"
HK.BIU260929P110000,HK.09888,BIU,2026-03-23 14:22:48,1774246968.0,BUY,14.3,250,536250.0,PUT,110.0,2026-09-29,1790611200.0,9,109.0,-0.917,14.1,14.38,46.702,1664,3062,0.54343,-0.427959711,0.010915405,0.307755859,-0.033167036,-0.250428734,BEARISH,['NORMAL'],SINGLE_LEG,N/A,N/A,N/A,['HK.LIST23360'],"['HK.LIST1304', 'HK.LIST22886', 'HK.LIST23586', 'HK.LIST23589', 'HK.LIST24037', 'HK.LIST24062']"
HK.TCH260929P560000,HK.00700,TCH,2026-03-23 14:06:59,1774246019.0,BUY,81.8,200,1636000.0,PUT,560.0,2026-09-29,1790611200.0,9,498.2,-12.404,68.98,83.4,28.57,200,6265,0.03192,-0.671011034,0.004017878,1.27066445,-0.070566424,-1.337089864,BEARISH,['NORMAL'],SINGLE_LEG,N/A,N/A,"[{'action_type': 7, 'action_time': '2026-05-15', 'action_timestamp': 1778774400.0}]",['HK.LIST23363'],"['HK.LIST1161', 'HK.LIST1190', 'HK.LIST1191', 'HK.LIST1208', 'HK.LIST1289', 'HK.LIST1305', 'HK.LIST1328', 'HK.LIST1351', 'HK.LIST22886', 'HK.LIST22928', 'HK.LIST23586', 'HK.LIST23589', 'HK.LIST24037', 'HK.LIST24062']"
HK.BIU260929P110000,HK.09888,BIU,2026-03-23 13:41:23,1774244483.0,BUY,13.8,250,517500.0,PUT,110.0,2026-09-29,1790611200.0,9,109.6,-0.364,13.7,13.94,46.155,1164,3062,0.38014,-0.420984288,0.010930111,0.308721028,-0.032895242,-0.247254974,BEARISH,['NORMAL'],SINGLE_LEG,N/A,N/A,N/A,['HK.LIST23360'],"['HK.LIST1304', 'HK.LIST22886', 'HK.LIST23586', 'HK.LIST23589', 'HK.LIST24037', 'HK.LIST24062']"
HK.BIU260929P110000,HK.09888,BIU,2026-03-23 13:25:07,1774243507.0,BUY,13.7,250,513750.0,PUT,110.0,2026-09-29,1790611200.0,9,110.1,0.09,13.41,13.7,46.296,914,3062,0.29849,-0.415393837,0.010807744,0.309253454,-0.033106412,-0.245489015,BEARISH,['NORMAL'],SINGLE_LEG,N/A,N/A,N/A,['HK.LIST23360'],"['HK.LIST1304', 'HK.LIST22886', 'HK.LIST23586', 'HK.LIST23589', 'HK.LIST24037', 'HK.LIST24062']"
HK.BIU260929P110000,HK.09888,BIU,2026-03-23 13:21:05,1774243265.0,BUY,13.55,250,508125.0,PUT,110.0,2026-09-29,1790611200.0,9,110.2,0.181,13.4,13.75,46.053,664,3062,0.21685,-0.415641967,0.010867377,0.309288008,-0.032917167,-0.245232143,BEARISH,['NORMAL'],SINGLE_LEG,N/A,N/A,N/A,['HK.LIST23360'],"['HK.LIST1304', 'HK.LIST22886', 'HK.LIST23586', 'HK.LIST23589', 'HK.LIST24037', 'HK.LIST24062']"
HK.PAI260929P50000,HK.02318,PAI,2026-03-23 11:05:33,1774235133.0,BUY,2.55,200,255000.0,PUT,50.0,2026-09-29,1790611200.0,9,58.3,14.236,2.52,2.6,39.293,405,22015,0.01839,-0.228899281,0.01844714,0.127367393,-0.01187741,-0.069065465,BEARISH,['NORMAL'],SINGLE_LEG,N/A,N/A,"[{'action_type': 7, 'action_time': '2026-06-02', 'action_timestamp': 1780329600.0}, {'action_type': 7, 'action_time': '2026-09-02', 'action_timestamp': 1788278400.0}]",['HK.LIST1003'],"['HK.LIST1110', 'HK.LIST1178', 'HK.LIST1305']"
HK.PAI261230P44000,HK.02318,PAI,2026-03-23 10:53:22,1774234402.0,BUY,1.71,200,171000.0,PUT,44.0,2026-12-30,1798560000.0,101,58.1,24.268,1.65,1.75,38.252,401,220,1.82272,-0.143269739,0.011644394,0.115379566,-0.007022248,-0.063562776,BEARISH,['NORMAL'],SINGLE_LEG,N/A,N/A,"[{'action_type': 7, 'action_time': '2026-06-02', 'action_timestamp': 1780329600.0}, {'action_type': 7, 'action_time': '2026-09-02', 'action_timestamp': 1788278400.0}]",['HK.LIST1003'],"['HK.LIST1110', 'HK.LIST1178', 'HK.LIST1305']"
HK.PAI260929P43000,HK.02318,PAI,2026-03-23 10:50:43,1774234243.0,BUY,0.99,200,99000.0,PUT,43.0,2026-09-29,1790611200.0,9,58.15,26.053,0.96,1.04,40.69,430,1259,0.34154,-0.108600649,0.010926317,0.078224899,-0.007766275,-0.03221409,BEARISH,['NORMAL'],SINGLE_LEG,N/A,N/A,"[{'action_type': 7, 'action_time': '2026-06-02', 'action_timestamp': 1780329600.0}, {'action_type': 7, 'action_time': '2026-09-02', 'action_timestamp': 1788278400.0}]",['HK.LIST1003'],"['HK.LIST1110', 'HK.LIST1178', 'HK.LIST1305']"
HK.CPC260929P4000,HK.00386,CPC,2026-03-23 10:44:47,1774233887.0,BUY,0.2,225,90000.0,PUT,4.0,2026-09-29,1790611200.0,9,4.53,11.699,0.18,0.21,35.527,275,593,0.46374,-0.247165052,0.274035627,0.010330794,-0.000859476,-0.005681806,BEARISH,['NORMAL'],SINGLE_LEG,N/A,N/A,"[{'action_type': 7, 'action_time': '2026-06-08', 'action_timestamp': 1780848000.0}, {'action_type': 7, 'action_time': '2026-09-21', 'action_timestamp': 1789920000.0}]",['HK.LIST1042'],"['HK.LIST1175', 'HK.LIST1205', 'HK.LIST1241', 'HK.LIST1305', 'HK.LIST1342', 'HK.LIST1344', 'HK.LIST1348', 'HK.LIST22928']"
HK.PAI260929P45000,HK.02318,PAI,2026-03-23 10:38:47,1774233527.0,BUY,1.28,200,128000.0,PUT,45.0,2026-09-29,1790611200.0,9,58.4,22.945,1.26,1.35,39.948,232,4557,0.05091,-0.133859844,0.012852747,0.0910038,-0.008811131,-0.040063138,BEARISH,['NORMAL'],SINGLE_LEG,N/A,N/A,"[{'action_type': 7, 'action_time': '2026-06-02', 'action_timestamp': 1780329600.0}, {'action_type': 7, 'action_time': '2026-09-02', 'action_timestamp': 1788278400.0}]",['HK.LIST1003'],"['HK.LIST1110', 'HK.LIST1178', 'HK.LIST1305']"
HK.XIC260929P6000,HK.01398,XIC,2026-03-23 10:35:34,1774233334.0,BUY,0.302,200,60400.0,PUT,6.0,2026-09-29,1790611200.0,9,6.31,4.912,0.275,0.303,26.577,264,9492,0.02781,-0.328613479,0.304984053,0.01641437,-0.0009644,-0.009819369,BEARISH,['NORMAL'],SINGLE_LEG,N/A,N/A,"[{'action_type': 7, 'action_time': '2026-05-04', 'action_timestamp': 1777824000.0}]",['HK.LIST1079'],"['HK.LIST1239', 'HK.LIST1305', 'HK.LIST1344', 'HK.LIST1348']"
HK.BIU260929P100000,HK.09888,BIU,2026-03-23 10:12:09,1774231929.0,BUY,8.5,400,510000.0,PUT,100.0,2026-09-29,1790611200.0,9,110.4,9.42,8.46,8.79,46.068,520,8157,0.06374,-0.301292209,0.009557685,0.27824685,-0.03036528,-0.179831977,BEARISH,['NORMAL'],SINGLE_LEG,N/A,N/A,N/A,['HK.LIST23360'],"['HK.LIST1304', 'HK.LIST22886', 'HK.LIST23586', 'HK.LIST23589', 'HK.LIST24037', 'HK.LIST24062']"
HK.HEX261230P390000,HK.00388,HEX,2026-03-20 15:18:50,1773991130.0,BUY,32.18,238,765884.0,PUT,390.0,2026-12-30,1798560000.0,101,395.8,1.465,31.72,32.4,28.455,238,955,0.24921,-0.397396841,0.004053897,1.337040444,-0.053004037,-1.104494866,BEARISH,['NORMAL'],SINGLE_LEG,2026-11-06,0,"[{'action_type': 7, 'action_time': '2026-09-01', 'action_timestamp': 1788192000.0}]",N/A,['HK.LIST1305']
HK.HEX260929P390000,HK.00388,HEX,2026-03-20 15:18:50,1773991130.0,BUY,26.76,238,636888.0,PUT,390.0,2026-09-29,1790611200.0,9,395.8,1.465,26.39,26.75,28.497,243,2125,0.11435,-0.405282673,0.004880904,1.10833089,-0.067773976,-0.76681245,BEARISH,['NORMAL'],SINGLE_LEG,2026-11-06,0,"[{'action_type': 7, 'action_time': '2026-09-01', 'action_timestamp': 1788192000.0}]",N/A,['HK.LIST1305']
HK.HEX270330P390000,HK.00388,HEX,2026-03-20 15:18:50,1773991130.0,BUY,37.91,238,902258.0,PUT,390.0,2027-03-30,1806336000.0,191,395.8,1.465,37.21,38.13,29.306,268,63,4.25396,-0.389944539,0.003448333,1.523435415,-0.045948755,-1.434666463,BEARISH,['NORMAL'],SINGLE_LEG,2026-11-06,0,"[{'action_type': 7, 'action_time': '2026-09-01', 'action_timestamp': 1788192000.0}]",N/A,['HK.LIST1305']
HK.PEC261230P8000,HK.00857,PEC,2026-03-20 10:20:02,1773973202.0,BUY,0.25,500,250000.0,PUT,8.0,2026-12-30,1798560000.0,101,10.71,25.303,0.21,0.26,35.469,500,847,0.59031,-0.120240002,0.059811589,0.018997742,-0.001060025,-0.009755462,BEARISH,['NORMAL'],SINGLE_LEG,N/A,N/A,"[{'action_type': 7, 'action_time': '2026-06-18', 'action_timestamp': 1781712000.0}, {'action_type': 7, 'action_time': '2026-09-10', 'action_timestamp': 1788969600.0}]",['HK.LIST1042'],"['HK.LIST1175', 'HK.LIST1205', 'HK.LIST1241', 'HK.LIST1305', 'HK.LIST1344', 'HK.LIST1348', 'HK.LIST1362', 'HK.LIST22928']"
HK.ALB270330P115000,HK.09988,ALB,2026-03-20 09:48:59,1773971339.0,BUY,13.2,299,1973400.0,PUT,115.0,2027-03-30,1806336000.0,191,125.9,8.657,12.38,13.59,40.578,597,6868,0.08692,-0.310478958,0.00699468,0.449456924,-0.020411906,-0.411641786,BEARISH,['NORMAL'],SINGLE_LEG,N/A,N/A,"[{'action_type': 7, 'action_time': '2026-06-10', 'action_timestamp': 1781020800.0}]",['HK.LIST23361'],"['HK.LIST1161', 'HK.LIST1191', 'HK.LIST1287', 'HK.LIST1289', 'HK.LIST1304', 'HK.LIST1328', 'HK.LIST22886', 'HK.LIST22928', 'HK.LIST23586', 'HK.LIST23589', 'HK.LIST23593', 'HK.LIST23674', 'HK.LIST24037', 'HK.LIST24062']"
HK.PEC260929P9750,HK.00857,PEC,2026-03-19 14:46:52,1773902812.0,BUY,0.68,436,592960.0,PUT,9.75,2026-09-29,1790611200.0,9,10.73,9.133,0.66,0.69,39.241,480,641,0.74882,-0.296090065,0.113894091,0.027008286,-0.00242607,-0.016788691,BEARISH,['NORMAL'],SINGLE_LEG,N/A,N/A,"[{'action_type': 7, 'action_time': '2026-06-18', 'action_timestamp': 1781712000.0}, {'action_type': 7, 'action_time': '2026-09-10', 'action_timestamp': 1788969600.0}]",['HK.LIST1042'],"['HK.LIST1175', 'HK.LIST1205', 'HK.LIST1241', 'HK.LIST1305', 'HK.LIST1344', 'HK.LIST1348', 'HK.LIST1362', 'HK.LIST22928']"
HK.TCH261230P490000,HK.00700,TCH,2026-03-19 13:55:55,1773899755.0,BUY,35.87,213,764031.0,PUT,490.0,2026-12-30,1798560000.0,101,516.5,5.13,35.61,36.4,30.147,299,2156,0.13868,-0.339619413,0.002737964,1.666763784,-0.071988125,-1.278501053,BEARISH,['NORMAL'],MULTI_LEG,N/A,N/A,"[{'action_type': 7, 'action_time': '2026-05-15', 'action_timestamp': 1778774400.0}]",['HK.LIST23363'],"['HK.LIST1161', 'HK.LIST1190', 'HK.LIST1191', 'HK.LIST1208', 'HK.LIST1289', 'HK.LIST1305', 'HK.LIST1328', 'HK.LIST1351', 'HK.LIST22886', 'HK.LIST22928', 'HK.LIST23586', 'HK.LIST23589', 'HK.LIST24037', 'HK.LIST24062']"
HK.TCH261230P520000,HK.00700,TCH,2026-03-19 13:55:55,1773899755.0,BUY,50.4,213,1073520.0,PUT,520.0,2026-12-30,1798560000.0,101,516.5,-0.677,50.04,50.8,30.256,322,3116,0.10333,-0.427692899,0.002975608,1.780168861,-0.074677812,-1.570131161,BEARISH,['NORMAL'],MULTI_LEG,N/A,N/A,"[{'action_type': 7, 'action_time': '2026-05-15', 'action_timestamp': 1778774400.0}]",['HK.LIST23363'],"['HK.LIST1161', 'HK.LIST1190', 'HK.LIST1191', 'HK.LIST1208', 'HK.LIST1289', 'HK.LIST1305', 'HK.LIST1328', 'HK.LIST1351', 'HK.LIST22886', 'HK.LIST22928', 'HK.LIST23586', 'HK.LIST23589', 'HK.LIST24037', 'HK.LIST24062']"
HK.TCH270330P380000,HK.00700,TCH,2026-03-19 13:48:32,1773899312.0,BUY,11.0,300,330000.0,PUT,380.0,2027-03-30,1806336000.0,191,515.5,26.285,10.06,11.03,31.612,797,222,3.59009,-0.113262119,0.001169649,1.003275635,-0.036779622,-0.571486912,BEARISH,['NORMAL'],SINGLE_LEG,N/A,N/A,"[{'action_type': 7, 'action_time': '2026-05-15', 'action_timestamp': 1778774400.0}]",['HK.LIST23363'],"['HK.LIST1161', 'HK.LIST1190', 'HK.LIST1191', 'HK.LIST1208', 'HK.LIST1289', 'HK.LIST1305', 'HK.LIST1328', 'HK.LIST1351', 'HK.LIST22886', 'HK.LIST22928', 'HK.LIST23586', 'HK.LIST23589', 'HK.LIST24037', 'HK.LIST24062']"
HK.ALB270330P120000,HK.09988,ALB,2026-03-19 13:46:37,1773899197.0,BUY,14.05,209,1468225.0,PUT,120.0,2027-03-30,1806336000.0,191,131.5,8.745,13.87,14.17,41.589,251,1067,0.23523,-0.311684338,0.006546435,0.470100496,-0.021886616,-0.435522224,BEARISH,['NORMAL'],SINGLE_LEG,N/A,N/A,"[{'action_type': 7, 'action_time': '2026-06-10', 'action_timestamp': 1781020800.0}]",['HK.LIST23361'],"['HK.LIST1161', 'HK.LIST1191', 'HK.LIST1287', 'HK.LIST1289', 'HK.LIST1304', 'HK.LIST1328', 'HK.LIST22886', 'HK.LIST22928', 'HK.LIST23586', 'HK.LIST23589', 'HK.LIST23593', 'HK.LIST23674', 'HK.LIST24037', 'HK.LIST24062']"
HK.XIC260929P6250,HK.01398,XIC,2026-03-19 13:15:34,1773897334.0,BUY,0.298,200,59600.0,PUT,6.25,2026-09-29,1790611200.0,9,6.56,4.725,0.281,0.305,25.269,200,3506,0.05704,-0.331407609,0.307676145,0.017259649,-0.000934618,-0.010369815,BEARISH,['NORMAL'],SINGLE_LEG,N/A,N/A,"[{'action_type': 7, 'action_time': '2026-05-04', 'action_timestamp': 1777824000.0}]",['HK.LIST1079'],"['HK.LIST1239', 'HK.LIST1305', 'HK.LIST1344', 'HK.LIST1348']"
HK.PEC260929P10000,HK.00857,PEC,2026-03-18 09:44:28,1773798268.0,BUY,0.86,225,387000.0,PUT,10.0,2026-09-29,1790611200.0,9,10.55,5.213,0.84,0.87,39.748,225,430,0.52325,-0.351467741,0.12302166,0.028546929,-0.002549983,-0.019696397,BEARISH,['NORMAL'],SINGLE_LEG,N/A,N/A,"[{'action_type': 7, 'action_time': '2026-06-18', 'action_timestamp': 1781712000.0}, {'action_type': 7, 'action_time': '2026-09-10', 'action_timestamp': 1788969600.0}]",['HK.LIST1042'],"['HK.LIST1175', 'HK.LIST1205', 'HK.LIST1241', 'HK.LIST1305', 'HK.LIST1344', 'HK.LIST1348', 'HK.LIST1362', 'HK.LIST22928']"
HK.MET261230P125000,HK.03690,MET,2026-03-17 10:33:04,1773714784.0,BUY,44.65,500,11162500.0,PUT,125.0,2026-12-30,1798560000.0,101,81.6,-53.186,44.61,47.87,45.516,1000,10,100.0,-0.832777893,0.011437348,0.170439505,-0.009069112,-0.356577732,BEARISH,['NORMAL'],SINGLE_LEG,N/A,N/A,N/A,['HK.LIST23361'],"['HK.LIST1305', 'HK.LIST1998', 'HK.LIST22886', 'HK.LIST22928', 'HK.LIST23586', 'HK.LIST24037', 'HK.LIST24062']"
HK.SAN261230P15000,HK.01928,SAN,2026-03-17 10:17:58,1773713878.0,BUY,1.3,200,104000.0,PUT,15.0,2026-12-30,1798560000.0,101,16.97,11.608,1.27,1.32,40.747,200,708,0.28248,-0.278463676,0.055487767,0.050571215,-0.003108668,-0.037952861,BEARISH,['NORMAL'],SINGLE_LEG,N/A,N/A,"[{'action_type': 7, 'action_time': '2026-05-20', 'action_timestamp': 1779206400.0}, {'action_type': 7, 'action_time': '2026-09-16', 'action_timestamp': 1789488000.0}]",['HK.LIST1069'],"['HK.LIST1305', 'HK.LIST22913']"
HK.MET261230P72500,HK.03690,MET,2026-03-17 09:31:20,1773711080.0,BUY,7.34,209,767030.0,PUT,72.5,2026-12-30,1798560000.0,101,79.35,8.632,6.67,7.34,41.337,300,1499,0.20013,-0.313004737,0.012407203,0.248978834,-0.015399674,-0.199731061,BEARISH,['NORMAL'],SINGLE_LEG,N/A,N/A,N/A,['HK.LIST23361'],"['HK.LIST1305', 'HK.LIST1998', 'HK.LIST22886', 'HK.LIST22928', 'HK.LIST23586', 'HK.LIST24037', 'HK.LIST24062']"
HK.PAI261230P44000,HK.02318,PAI,2026-03-16 14:49:59,1773643799.0,BUY,1.1,200,110000.0,PUT,44.0,2026-12-30,1798560000.0,101,62.0,29.032,1.04,1.17,36.589,200,35,5.71428,-0.098112342,0.008606571,0.09541412,-0.005468253,-0.046497478,BEARISH,['NORMAL'],SINGLE_LEG,N/A,N/A,"[{'action_type': 7, 'action_time': '2026-06-02', 'action_timestamp': 1780329600.0}, {'action_type': 7, 'action_time': '2026-09-02', 'action_timestamp': 1788278400.0}]",['HK.LIST1003'],"['HK.LIST1110', 'HK.LIST1178', 'HK.LIST1305']"
HK.PEN260929P55000,HK.09868,PEN,2026-03-16 14:42:16,1773643336.0,BUY,3.56,320,227840.0,PUT,55.0,2026-09-29,1790611200.0,9,78.45,29.891,3.38,3.63,63.1,320,934,0.34261,-0.150463443,0.006444365,0.134680106,-0.020310963,-0.070156268,BEARISH,['NORMAL'],SINGLE_LEG,N/A,N/A,N/A,['HK.LIST1040'],"['HK.LIST1217', 'HK.LIST1304', 'HK.LIST22910', 'HK.LIST23589', 'HK.LIST23593', 'HK.LIST23676']"
HK.XIC260929P4300,HK.01398,XIC,2026-03-16 13:20:51,1773638451.0,BUY,0.014,200,2800.0,PUT,4.3,2026-09-29,1790611200.0,9,6.4,32.812,0.009,0.034,29.218,400,70,5.71428,-0.020728553,0.036161165,0.002348066,-0.000162685,-0.000597777,BEARISH,['NORMAL'],SINGLE_LEG,N/A,N/A,"[{'action_type': 7, 'action_time': '2026-05-04', 'action_timestamp': 1777824000.0}]",['HK.LIST1079'],"['HK.LIST1239', 'HK.LIST1305', 'HK.LIST1344', 'HK.LIST1348']"
HK.XIC260929P4300,HK.01398,XIC,2026-03-16 13:13:42,1773638022.0,BUY,0.012,200,2400.0,PUT,4.3,2026-09-29,1790611200.0,9,6.43,33.125,0.009,0.034,30.297,200,70,2.85714,-0.023002365,0.037925716,0.00257543,-0.000185155,-0.000676341,BEARISH,['NORMAL'],SINGLE_LEG,N/A,N/A,"[{'action_type': 7, 'action_time': '2026-05-04', 'action_timestamp': 1777824000.0}]",['HK.LIST1079'],"['HK.LIST1239', 'HK.LIST1305', 'HK.LIST1344', 'HK.LIST1348']"
HK.TCH261230P560000,HK.00700,TCH,2026-03-16 10:00:15,1773626415.0,BUY,54.8,200,1096000.0,PUT,560.0,2026-12-30,1798560000.0,101,556.5,-0.628,54.23,56.04,30.451,600,4393,0.13658,-0.427748576,0.002732378,1.926788876,-0.080438219,-1.71193934,BEARISH,['NORMAL'],SINGLE_LEG,N/A,N/A,"[{'action_type': 7, 'action_time': '2026-05-15', 'action_timestamp': 1778774400.0}]",['HK.LIST23363'],"['HK.LIST1161', 'HK.LIST1190', 'HK.LIST1191', 'HK.LIST1208', 'HK.LIST1289', 'HK.LIST1305', 'HK.LIST1328', 'HK.LIST1351', 'HK.LIST22886', 'HK.LIST22928', 'HK.LIST23586', 'HK.LIST23589', 'HK.LIST24037', 'HK.LIST24062']"
HK.XBC261230P3500,HK.03988,XBC,2026-03-16 09:56:56,1773626216.0,BUY,0.046,286,13156.0,PUT,3.5,2026-12-30,1798560000.0,101,4.52,22.566,0.041,0.058,25.679,286,278,1.02877,-0.093143514,0.162758973,0.006658496,-0.000258674,-0.00301217,BEARISH,['NORMAL'],SINGLE_LEG,N/A,N/A,"[{'action_type': 7, 'action_time': '2026-07-02', 'action_timestamp': 1782921600.0}]",['HK.LIST1079'],"['HK.LIST1239', 'HK.LIST1305', 'HK.LIST1344', 'HK.LIST1348']"
HK.XBC260929P4600,HK.03988,XBC,2026-03-16 09:48:46,1773625726.0,BUY,0.356,775,275900.0,PUT,4.6,2026-09-29,1790611200.0,9,4.5,-2.222,0.333,0.359,24.91,775,702,1.10398,-0.484417138,0.512176154,0.013040728,-0.000644503,-0.009969231,BEARISH,['NORMAL'],SINGLE_LEG,N/A,N/A,"[{'action_type': 7, 'action_time': '2026-07-02', 'action_timestamp': 1782921600.0}]",['HK.LIST1079'],"['HK.LIST1239', 'HK.LIST1305', 'HK.LIST1344', 'HK.LIST1348']"
HK.TCH261230P400000,HK.00700,TCH,2026-03-16 09:33:06,1773624786.0,BUY,9.0,204,183600.0,PUT,400.0,2026-12-30,1798560000.0,101,545.5,26.672,8.76,9.47,33.514,300,2145,0.13986,-0.100572214,0.00108559,0.856430174,-0.044538989,-0.413917279,BEARISH,['NORMAL'],SINGLE_LEG,N/A,N/A,"[{'action_type': 7, 'action_time': '2026-05-15', 'action_timestamp': 1778774400.0}]",['HK.LIST23363'],"['HK.LIST1161', 'HK.LIST1190', 'HK.LIST1191', 'HK.LIST1208', 'HK.LIST1289', 'HK.LIST1305', 'HK.LIST1328', 'HK.LIST1351', 'HK.LIST22886', 'HK.LIST22928', 'HK.LIST23586', 'HK.LIST23589', 'HK.LIST24037', 'HK.LIST24062']"
HK.SAN261230P14500,HK.01928,SAN,2026-03-13 15:30:58,1773387058.0,BUY,1.15,205,94300.0,PUT,14.5,2026-12-30,1798560000.0,101,16.92,14.302,1.11,1.15,41.224,205,230,0.8913,-0.252683165,0.051961667,0.048272635,-0.002984805,-0.03487636,BEARISH,['NORMAL'],SINGLE_LEG,N/A,N/A,"[{'action_type': 7, 'action_time': '2026-05-20', 'action_timestamp': 1779206400.0}, {'action_type': 7, 'action_time': '2026-09-16', 'action_timestamp': 1789488000.0}]",['HK.LIST1069'],"['HK.LIST1305', 'HK.LIST22913']"
HK.PAI260929P40000,HK.02318,PAI,2026-03-13 15:13:12,1773385992.0,BUY,0.4,200,40000.0,PUT,40.0,2026-09-29,1790611200.0,9,62.2,35.691,0.38,0.45,40.196,200,1043,0.19175,-0.045360578,0.00515216,0.043919648,-0.004151539,-0.014406617,BEARISH,['NORMAL'],SINGLE_LEG,N/A,N/A,"[{'action_type': 7, 'action_time': '2026-06-02', 'action_timestamp': 1780329600.0}, {'action_type': 7, 'action_time': '2026-09-02', 'action_timestamp': 1788278400.0}]",['HK.LIST1003'],"['HK.LIST1110', 'HK.LIST1178', 'HK.LIST1305']"
HK.XIC260929P5750,HK.01398,XIC,2026-03-13 13:44:15,1773380655.0,BUY,0.198,210,41580.0,PUT,5.75,2026-09-29,1790611200.0,9,6.29,8.585,0.184,0.202,25.103,210,1989,0.10558,-0.248057429,0.274199735,0.014725138,-0.000786148,-0.00779429,BEARISH,['NORMAL'],SINGLE_LEG,N/A,N/A,"[{'action_type': 7, 'action_time': '2026-05-04', 'action_timestamp': 1777824000.0}]",['HK.LIST1079'],"['HK.LIST1239', 'HK.LIST1305', 'HK.LIST1344', 'HK.LIST1348']"
HK.XCC260929P7000,HK.00939,XCC,2026-03-12 15:17:30,1773299850.0,BUY,0.176,500,88000.0,PUT,7.0,2026-09-29,1790611200.0,9,7.91,11.504,0.169,0.176,24.644,552,25139,0.02195,-0.197261943,0.194178493,0.01624227,-0.000858395,-0.007813763,BEARISH,['NORMAL'],SINGLE_LEG,N/A,N/A,"[{'action_type': 7, 'action_time': '2026-07-02', 'action_timestamp': 1782921600.0}]",['HK.LIST1079'],"['HK.LIST1239', 'HK.LIST1305', 'HK.LIST1344', 'HK.LIST1348']"
HK.XCC260929P7500,HK.00939,XCC,2026-03-12 14:23:15,1773296595.0,BUY,0.35,545,190750.0,PUT,7.5,2026-09-29,1790611200.0,9,7.9,5.063,0.346,0.351,25.392,545,2331,0.2338,-0.325525443,0.24798418,0.021002592,-0.001102458,-0.012727942,BEARISH,['NORMAL'],SINGLE_LEG,N/A,N/A,"[{'action_type': 7, 'action_time': '2026-07-02', 'action_timestamp': 1782921600.0}]",['HK.LIST1079'],"['HK.LIST1239', 'HK.LIST1305', 'HK.LIST1344', 'HK.LIST1348']"
HK.XCC260929P7250,HK.00939,XCC,2026-03-12 14:16:38,1773296198.0,BUY,0.255,545,138975.0,PUT,7.25,2026-09-29,1790611200.0,9,7.89,8.111,0.253,0.27,25.488,545,3300,0.16515,-0.262947729,0.222115994,0.019049501,-0.001024653,-0.010404027,BEARISH,['NORMAL'],SINGLE_LEG,N/A,N/A,"[{'action_type': 7, 'action_time': '2026-07-02', 'action_timestamp': 1782921600.0}]",['HK.LIST1079'],"['HK.LIST1239', 'HK.LIST1305', 'HK.LIST1344', 'HK.LIST1348']"
HK.SAN261230P13000,HK.01928,SAN,2026-03-12 13:22:39,1773292959.0,BUY,0.62,210,52080.0,PUT,13.0,2026-12-30,1798560000.0,101,17.16,24.242,0.58,0.64,40.35,210,50,4.2,-0.154609315,0.038616469,0.036546403,-0.002257337,-0.02138241,BEARISH,['NORMAL'],SINGLE_LEG,N/A,N/A,"[{'action_type': 7, 'action_time': '2026-05-20', 'action_timestamp': 1779206400.0}, {'action_type': 7, 'action_time': '2026-09-16', 'action_timestamp': 1789488000.0}]",['HK.LIST1069'],"['HK.LIST1305', 'HK.LIST22913']"
HK.HKB261230P80000,HK.00005,HKB,2026-03-12 13:00:00,1773291600.0,BUY,1.5,200,120000.0,PUT,80.0,2026-12-30,1798560000.0,101,128.5,37.743,1.01,1.74,37.055,218,478,0.45606,-0.046795257,0.002286868,0.112902265,-0.006586921,-0.044952341,BEARISH,['NORMAL'],SINGLE_LEG,N/A,N/A,"[{'action_type': 7, 'action_time': '2026-05-14', 'action_timestamp': 1778688000.0}, {'action_type': 7, 'action_time': '2026-08-13', 'action_timestamp': 1786550400.0}]",['HK.LIST1079'],"['HK.LIST1252', 'HK.LIST1305', 'HK.LIST23674']"
HK.XIC260929P5750,HK.01398,XIC,2026-03-12 11:09:20,1773284960.0,BUY,0.228,250,57000.0,PUT,5.75,2026-09-29,1790611200.0,9,6.2,7.258,0.217,0.236,25.38,510,1479,0.34482,-0.284156647,0.296444878,0.015509042,-0.000824054,-0.00878003,BEARISH,['NORMAL'],SINGLE_LEG,N/A,N/A,"[{'action_type': 7, 'action_time': '2026-05-04', 'action_timestamp': 1777824000.0}]",['HK.LIST1079'],"['HK.LIST1239', 'HK.LIST1305', 'HK.LIST1344', 'HK.LIST1348']"
HK.PAI260929P41000,HK.02318,PAI,2026-03-12 11:04:21,1773284661.0,BUY,0.45,200,45000.0,PUT,41.0,2026-09-29,1790611200.0,9,62.45,34.347,0.44,0.6,39.764,200,290,0.68965,-0.050953705,0.005674107,0.048571816,-0.004504215,-0.016454536,BEARISH,['NORMAL'],SINGLE_LEG,N/A,N/A,"[{'action_type': 7, 'action_time': '2026-06-02', 'action_timestamp': 1780329600.0}, {'action_type': 7, 'action_time': '2026-09-02', 'action_timestamp': 1788278400.0}]",['HK.LIST1003'],"['HK.LIST1110', 'HK.LIST1178', 'HK.LIST1305']"
HK.XCC261230P7000,HK.00939,XCC,2026-03-11 15:32:21,1773214341.0,BUY,0.311,200,62200.0,PUT,7.0,2026-12-30,1798560000.0,101,7.77,9.909,0.296,0.327,25.764,200,17145,0.01166,-0.252357781,0.181930656,0.022157947,-0.000797707,-0.014373211,BEARISH,['NORMAL'],SINGLE_LEG,N/A,N/A,"[{'action_type': 7, 'action_time': '2026-07-02', 'action_timestamp': 1782921600.0}]",['HK.LIST1079'],"['HK.LIST1239', 'HK.LIST1305', 'HK.LIST1344', 'HK.LIST1348']"
HK.PEC260929P7500,HK.00857,PEC,2026-03-10 13:45:52,1773121552.0,BUY,0.15,500,150000.0,PUT,7.5,2026-09-29,1790611200.0,9,10.2,26.47,0.14,0.16,37.095,500,4938,0.10125,-0.093864593,0.059435217,0.012748293,-0.001074903,-0.005105523,BEARISH,['NORMAL'],SINGLE_LEG,N/A,N/A,"[{'action_type': 7, 'action_time': '2026-06-18', 'action_timestamp': 1781712000.0}, {'action_type': 7, 'action_time': '2026-09-10', 'action_timestamp': 1788969600.0}]",['HK.LIST1042'],"['HK.LIST1175', 'HK.LIST1205', 'HK.LIST1241', 'HK.LIST1305', 'HK.LIST1344', 'HK.LIST1348', 'HK.LIST1362', 'HK.LIST22928']"
HK.PAI260929P39000,HK.02318,PAI,2026-03-09 13:27:53,1773034073.0,BUY,0.45,200,45000.0,PUT,39.0,2026-09-29,1790611200.0,9,61.8,36.893,0.42,0.49,42.409,201,944,0.21292,-0.047015729,0.004996462,0.045480333,-0.004452388,-0.015357073,BEARISH,['NORMAL'],SINGLE_LEG,N/A,N/A,"[{'action_type': 7, 'action_time': '2026-06-02', 'action_timestamp': 1780329600.0}, {'action_type': 7, 'action_time': '2026-09-02', 'action_timestamp': 1788278400.0}]",['HK.LIST1003'],"['HK.LIST1110', 'HK.LIST1178', 'HK.LIST1305']"
HK.SAN261230P12000,HK.01928,SAN,2026-03-09 11:04:58,1773025498.0,BUY,0.49,210,41160.0,PUT,12.0,2026-12-30,1798560000.0,101,16.81,28.613,0.46,0.51,41.915,210,75,2.8,-0.125096437,0.03260015,0.031190449,-0.002001565,-0.017161066,BEARISH,['NORMAL'],SINGLE_LEG,N/A,N/A,"[{'action_type': 7, 'action_time': '2026-05-20', 'action_timestamp': 1779206400.0}, {'action_type': 7, 'action_time': '2026-09-16', 'action_timestamp': 1789488000.0}]",['HK.LIST1069'],"['HK.LIST1305', 'HK.LIST22913']"
HK.XBC261230P4000,HK.03988,XBC,2026-03-09 10:57:50,1773025070.0,BUY,0.195,300,58500.0,PUT,4.0,2026-12-30,1798560000.0,101,4.44,9.909,0.177,0.198,26.517,324,3531,0.09175,-0.253545525,0.30811379,0.012771425,-0.000471457,-0.0083821,BEARISH,['NORMAL'],SINGLE_LEG,N/A,N/A,"[{'action_type': 7, 'action_time': '2026-07-02', 'action_timestamp': 1782921600.0}]",['HK.LIST1079'],"['HK.LIST1239', 'HK.LIST1305', 'HK.LIST1344', 'HK.LIST1348']"
HK.XBC260929P4000,HK.03988,XBC,2026-03-09 10:56:43,1773025003.0,BUY,0.143,200,28600.0,PUT,4.0,2026-09-29,1790611200.0,9,4.45,10.112,0.125,0.143,26.518,700,3198,0.21888,-0.235404738,0.353426602,0.010202107,-0.000569343,-0.005383382,BEARISH,['NORMAL'],SINGLE_LEG,N/A,N/A,"[{'action_type': 7, 'action_time': '2026-07-02', 'action_timestamp': 1782921600.0}]",['HK.LIST1079'],"['HK.LIST1239', 'HK.LIST1305', 'HK.LIST1344', 'HK.LIST1348']"
HK.PAI260929P55000,HK.02318,PAI,2026-03-09 10:17:23,1773022643.0,BUY,3.67,235,431225.0,PUT,55.0,2026-09-29,1790611200.0,9,61.45,10.496,3.59,3.7,38.964,693,2747,0.25227,-0.279013322,0.018975068,0.154280689,-0.013071163,-0.095351602,BEARISH,['NORMAL'],SINGLE_LEG,N/A,N/A,"[{'action_type': 7, 'action_time': '2026-06-02', 'action_timestamp': 1780329600.0}, {'action_type': 7, 'action_time': '2026-09-02', 'action_timestamp': 1788278400.0}]",['HK.LIST1003'],"['HK.LIST1110', 'HK.LIST1178', 'HK.LIST1305']"
HK.SAN270330P13500,HK.01928,SAN,2026-03-09 10:13:20,1773022400.0,BUY,1.04,200,83200.0,PUT,13.5,2027-03-30,1806336000.0,191,16.81,19.69,0.99,1.05,40.746,200,N/A,0.0,-0.208821652,0.041304518,0.049680142,-0.002269943,-0.038206579,BEARISH,['NORMAL'],SINGLE_LEG,N/A,N/A,"[{'action_type': 7, 'action_time': '2026-05-20', 'action_timestamp': 1779206400.0}, {'action_type': 7, 'action_time': '2026-09-16', 'action_timestamp': 1789488000.0}]",['HK.LIST1069'],"['HK.LIST1305', 'HK.LIST22913']"
HK.TCH270330P610000,HK.00700,TCH,2026-03-05 15:11:32,1772694692.0,BUY,119.77,200,2395400.0,PUT,610.0,2027-03-30,1806336000.0,191,504.0,-21.031,111.88,127.65,28.257,200,203,0.98522,-0.704946568,0.003166658,1.698007415,-0.038883124,-2.48966749,BEARISH,['NORMAL'],MULTI_LEG,N/A,N/A,"[{'action_type': 7, 'action_time': '2026-05-15', 'action_timestamp': 1778774400.0}]",['HK.LIST23363'],"['HK.LIST1161', 'HK.LIST1190', 'HK.LIST1191', 'HK.LIST1208', 'HK.LIST1289', 'HK.LIST1305', 'HK.LIST1328', 'HK.LIST1351', 'HK.LIST22886', 'HK.LIST22928', 'HK.LIST23586', 'HK.LIST23589', 'HK.LIST24037', 'HK.LIST24062']"
HK.PAI260929P39000,HK.02318,PAI,2026-03-05 13:59:14,1772690354.0,BUY,0.3,200,30000.0,PUT,39.0,2026-09-29,1790611200.0,9,64.0,39.062,0.27,0.45,40.433,200,715,0.27972,-0.032876134,0.003745417,0.035525295,-0.003258435,-0.010946688,BEARISH,['NORMAL'],SINGLE_LEG,N/A,N/A,"[{'action_type': 7, 'action_time': '2026-06-02', 'action_timestamp': 1780329600.0}, {'action_type': 7, 'action_time': '2026-09-02', 'action_timestamp': 1788278400.0}]",['HK.LIST1003'],"['HK.LIST1110', 'HK.LIST1178', 'HK.LIST1305']"
HK.XBC260929P4000,HK.03988,XBC,2026-03-05 10:00:12,1772676012.0,BUY,0.102,300,30600.0,PUT,4.0,2026-09-29,1790611200.0,9,4.5,11.111,0.094,0.108,23.764,300,2898,0.10351,-0.19981827,0.350919462,0.009474676,-0.000462009,-0.004634999,BEARISH,['NORMAL'],SINGLE_LEG,N/A,N/A,"[{'action_type': 7, 'action_time': '2026-07-02', 'action_timestamp': 1782921600.0}]",['HK.LIST1079'],"['HK.LIST1239', 'HK.LIST1305', 'HK.LIST1344', 'HK.LIST1348']"
HK.XIC260929P5250,HK.01398,XIC,2026-03-04 14:52:46,1772607166.0,BUY,0.098,210,20580.0,PUT,5.25,2026-09-29,1790611200.0,9,6.34,17.192,0.092,0.1,27.122,220,2222,0.099,-0.13204923,0.165056195,0.01025314,-0.000590375,-0.004420859,BEARISH,['NORMAL'],SINGLE_LEG,N/A,N/A,"[{'action_type': 7, 'action_time': '2026-05-04', 'action_timestamp': 1777824000.0}]",['HK.LIST1079'],"['HK.LIST1239', 'HK.LIST1305', 'HK.LIST1344', 'HK.LIST1348']"
HK.PEN260929P49000,HK.09868,PEN,2026-03-04 14:45:58,1772606758.0,BUY,4.46,209,186428.0,PUT,49.0,2026-09-29,1790611200.0,9,61.2,19.934,4.37,4.62,59.284,250,241,1.03734,-0.224039849,0.010965164,0.138525849,-0.018179167,-0.087044915,BEARISH,['NORMAL'],SINGLE_LEG,N/A,N/A,N/A,['HK.LIST1040'],"['HK.LIST1217', 'HK.LIST1304', 'HK.LIST22910', 'HK.LIST23589', 'HK.LIST23593', 'HK.LIST23676']"
HK.XBC260929P4000,HK.03988,XBC,2026-03-04 13:59:20,1772603960.0,BUY,0.13,500,65000.0,PUT,4.0,2026-09-29,1790611200.0,9,4.44,9.909,0.12,0.132,25.619,560,3398,0.1648,-0.231107424,0.358063315,0.010215812,-0.000535032,-0.005378778,BEARISH,['NORMAL'],SINGLE_LEG,N/A,N/A,"[{'action_type': 7, 'action_time': '2026-07-02', 'action_timestamp': 1782921600.0}]",['HK.LIST1079'],"['HK.LIST1239', 'HK.LIST1305', 'HK.LIST1344', 'HK.LIST1348']"
HK.SAN270330P14000,HK.01928,SAN,2026-03-04 13:43:23,1772603003.0,BUY,1.1,200,88000.0,PUT,14.0,2027-03-30,1806336000.0,191,17.18,18.509,1.07,1.15,40.166,200,N/A,0.0,-0.219286192,0.042057933,0.052459759,-0.002319329,-0.041324597,BEARISH,['NORMAL'],SINGLE_LEG,N/A,N/A,"[{'action_type': 7, 'action_time': '2026-05-20', 'action_timestamp': 1779206400.0}, {'action_type': 7, 'action_time': '2026-09-16', 'action_timestamp': 1789488000.0}]",['HK.LIST1069'],"['HK.LIST1305', 'HK.LIST22913']"
HK.XBC260929P3800,HK.03988,XBC,2026-03-04 13:34:28,1772602468.0,BUY,0.082,900,73800.0,PUT,3.8,2026-09-29,1790611200.0,9,4.43,14.221,0.072,0.083,25.271,900,3595,0.25034,-0.158158592,0.286779076,0.008091288,-0.000426911,-0.003672155,BEARISH,['NORMAL'],SINGLE_LEG,N/A,N/A,"[{'action_type': 7, 'action_time': '2026-07-02', 'action_timestamp': 1782921600.0}]",['HK.LIST1079'],"['HK.LIST1239', 'HK.LIST1305', 'HK.LIST1344', 'HK.LIST1348']"
HK.XIC260929P5000,HK.01398,XIC,2026-03-04 13:18:48,1772601528.0,BUY,0.071,210,14910.0,PUT,5.0,2026-09-29,1790611200.0,9,6.26,20.127,0.064,0.072,27.533,240,535,0.44859,-0.09942798,0.134023053,0.008291605,-0.000490356,-0.003275926,BEARISH,['NORMAL'],SINGLE_LEG,N/A,N/A,"[{'action_type': 7, 'action_time': '2026-05-04', 'action_timestamp': 1777824000.0}]",['HK.LIST1079'],"['HK.LIST1239', 'HK.LIST1305', 'HK.LIST1344', 'HK.LIST1348']"
HK.XBC260929P3600,HK.03988,XBC,2026-03-04 13:03:08,1772600588.0,BUY,0.048,200,9600.0,PUT,3.6,2026-09-29,1790611200.0,9,4.46,19.282,0.036,0.051,25.378,200,3276,0.06105,-0.095894658,0.199394787,0.005732728,-0.00031031,-0.002215912,BEARISH,['NORMAL'],SINGLE_LEG,N/A,N/A,"[{'action_type': 7, 'action_time': '2026-07-02', 'action_timestamp': 1782921600.0}]",['HK.LIST1079'],"['HK.LIST1239', 'HK.LIST1305', 'HK.LIST1344', 'HK.LIST1348']"
HK.ALH260929P5250,HK.00241,ALH,2026-03-04 11:28:11,1772594891.0,BUY,0.78,363,566280.0,PUT,5.25,2026-09-29,1790611200.0,9,5.05,-3.96,0.75,0.81,46.476,363,92,3.94565,-0.455840167,0.228987909,0.015130977,-0.001451332,-0.013598959,BEARISH,['NORMAL'],SINGLE_LEG,N/A,N/A,"[{'action_type': 7, 'action_time': '2026-08-12', 'action_timestamp': 1786464000.0}, {'action_type': 8, 'action_time': '2026-08-12', 'action_timestamp': 1786464000.0}]",['HK.LIST1357'],"['HK.LIST1110', 'HK.LIST1161', 'HK.LIST1251', 'HK.LIST1287', 'HK.LIST22886', 'HK.LIST23598', 'HK.LIST24037']"
HK.PEC260929P8000,HK.00857,PEC,2026-03-04 11:12:19,1772593939.0,BUY,0.28,225,126000.0,PUT,8.0,2026-09-29,1790611200.0,9,10.01,20.079,0.27,0.29,37.655,225,1189,0.18923,-0.159823649,0.085593358,0.018421511,-0.001506204,-0.008986332,BEARISH,['NORMAL'],SINGLE_LEG,N/A,N/A,"[{'action_type': 7, 'action_time': '2026-06-18', 'action_timestamp': 1781712000.0}, {'action_type': 7, 'action_time': '2026-09-10', 'action_timestamp': 1788969600.0}]",['HK.LIST1042'],"['HK.LIST1175', 'HK.LIST1205', 'HK.LIST1241', 'HK.LIST1305', 'HK.LIST1344', 'HK.LIST1348', 'HK.LIST1362', 'HK.LIST22928']"
HK.ALB260929P130000,HK.09988,ALB,2026-03-04 11:11:34,1772593894.0,BUY,15.85,290,2298250.0,PUT,130.0,2026-09-29,1790611200.0,9,129.0,-0.775,15.73,16.08,42.578,369,14848,0.02485,-0.425568474,0.009654503,0.381976072,-0.033526963,-0.316673717,BEARISH,['NORMAL'],SINGLE_LEG,N/A,N/A,"[{'action_type': 7, 'action_time': '2026-06-10', 'action_timestamp': 1781020800.0}]",['HK.LIST23361'],"['HK.LIST1161', 'HK.LIST1191', 'HK.LIST1287', 'HK.LIST1289', 'HK.LIST1304', 'HK.LIST1328', 'HK.LIST22886', 'HK.LIST22928', 'HK.LIST23586', 'HK.LIST23589', 'HK.LIST23593', 'HK.LIST23674', 'HK.LIST24037', 'HK.LIST24062']"
HK.ALH260929P5000,HK.00241,ALH,2026-03-04 11:07:10,1772593630.0,BUY,0.63,362,456120.0,PUT,5.0,2026-09-29,1790611200.0,9,5.06,1.185,0.6,0.66,46.777,362,8,45.25,-0.399895992,0.220060659,0.014758562,-0.001446921,-0.012045523,BEARISH,['NORMAL'],SINGLE_LEG,N/A,N/A,"[{'action_type': 7, 'action_time': '2026-08-12', 'action_timestamp': 1786464000.0}, {'action_type': 8, 'action_time': '2026-08-12', 'action_timestamp': 1786464000.0}]",['HK.LIST1357'],"['HK.LIST1110', 'HK.LIST1161', 'HK.LIST1251', 'HK.LIST1287', 'HK.LIST22886', 'HK.LIST23598', 'HK.LIST24037']"
HK.TCH270330P600000,HK.00700,TCH,2026-03-04 10:11:36,1772590296.0,BUY,108.82,300,3264600.0,PUT,600.0,2027-03-30,1806336000.0,191,510.0,-17.647,101.03,116.6,28.821,300,605,0.49586,-0.653082941,0.003037035,1.868164294,-0.045378944,-2.584270982,BEARISH,['NORMAL'],MULTI_LEG,N/A,N/A,"[{'action_type': 7, 'action_time': '2026-05-15', 'action_timestamp': 1778774400.0}]",['HK.LIST23363'],"['HK.LIST1161', 'HK.LIST1190', 'HK.LIST1191', 'HK.LIST1208', 'HK.LIST1289', 'HK.LIST1305', 'HK.LIST1328', 'HK.LIST1351', 'HK.LIST22886', 'HK.LIST22928', 'HK.LIST23586', 'HK.LIST23589', 'HK.LIST24037', 'HK.LIST24062']"
HK.TCH270330P570000,HK.00700,TCH,2026-03-04 09:45:55,1772588755.0,BUY,87.07,300,2612100.0,PUT,570.0,2027-03-30,1806336000.0,191,512.0,-11.328,82.28,91.85,28.408,300,31,9.67741,-0.568418128,0.00301754,2.029132824,-0.051097666,-2.487541496,BEARISH,['NORMAL'],MULTI_LEG,N/A,N/A,"[{'action_type': 7, 'action_time': '2026-05-15', 'action_timestamp': 1778774400.0}]",['HK.LIST23363'],"['HK.LIST1161', 'HK.LIST1190', 'HK.LIST1191', 'HK.LIST1208', 'HK.LIST1289', 'HK.LIST1305', 'HK.LIST1328', 'HK.LIST1351', 'HK.LIST22886', 'HK.LIST22928', 'HK.LIST23586', 'HK.LIST23589', 'HK.LIST24037', 'HK.LIST24062']"
HK.ALB260929P120000,HK.09988,ALB,2026-03-03 15:23:37,1772522617.0,BUY,8.5,250,1062500.0,PUT,120.0,2026-09-29,1790611200.0,9,135.0,11.111,8.41,8.63,40.895,250,3410,0.07331,-0.276920081,0.008083288,0.342488857,-0.029710014,-0.216500073,BEARISH,['NORMAL'],SINGLE_LEG,N/A,N/A,"[{'action_type': 7, 'action_time': '2026-06-10', 'action_timestamp': 1781020800.0}]",['HK.LIST23361'],"['HK.LIST1161', 'HK.LIST1191', 'HK.LIST1287', 'HK.LIST1289', 'HK.LIST1304', 'HK.LIST1328', 'HK.LIST22886', 'HK.LIST22928', 'HK.LIST23586', 'HK.LIST23589', 'HK.LIST23593', 'HK.LIST23674', 'HK.LIST24037', 'HK.LIST24062']"
HK.MIU260929P30000,HK.01810,MIU,2026-03-03 15:20:59,1772522459.0,BUY,2.47,250,617500.0,PUT,30.0,2026-09-29,1790611200.0,9,31.7,5.362,2.46,2.51,37.785,1433,6043,0.23713,-0.34593787,0.041303679,0.088524027,-0.006920417,-0.062041346,BEARISH,['NORMAL'],SINGLE_LEG,N/A,N/A,N/A,['HK.LIST1055'],"['HK.LIST1161', 'HK.LIST1166', 'HK.LIST1217', 'HK.LIST1305', 'HK.LIST1328', 'HK.LIST1331', 'HK.LIST1351', 'HK.LIST22886', 'HK.LIST22910', 'HK.LIST22928', 'HK.LIST23586', 'HK.LIST23589', 'HK.LIST23593', 'HK.LIST23676', 'HK.LIST24037', 'HK.LIST24062']"
HK.LAU260929P55000,HK.02015,LAU,2026-03-03 15:14:16,1772522056.0,BUY,4.26,500,426000.0,PUT,55.0,2026-09-29,1790611200.0,9,65.7,16.286,4.23,4.33,49.535,750,212,3.53773,-0.239713926,0.012684737,0.154695989,-0.016640065,-0.095602488,BEARISH,['NORMAL'],SINGLE_LEG,N/A,N/A,N/A,N/A,"['HK.LIST1217', 'HK.LIST1304', 'HK.LIST1305', 'HK.LIST22910', 'HK.LIST23593', 'HK.LIST23676']"
HK.PEN260929P55000,HK.09868,PEN,2026-03-03 15:06:57,1772521617.0,BUY,6.35,250,317500.0,PUT,55.0,2026-09-29,1790611200.0,9,63.05,12.767,6.23,6.47,58.156,400,43,9.30232,-0.284904,0.012318724,0.162236678,-0.020535486,-0.11504498,BEARISH,['NORMAL'],SINGLE_LEG,N/A,N/A,N/A,['HK.LIST1040'],"['HK.LIST1217', 'HK.LIST1304', 'HK.LIST22910', 'HK.LIST23589', 'HK.LIST23593', 'HK.LIST23676']"
HK.TCH270330P580000,HK.00700,TCH,2026-03-03 15:05:24,1772521524.0,BUY,93.35,200,1867000.0,PUT,580.0,2027-03-30,1806336000.0,191,514.0,-12.84,88.05,97.71,28.036,490,2,245.0,-0.593777234,0.003073532,2.001585395,-0.048682067,-2.528248454,BEARISH,['NORMAL'],SINGLE_LEG,N/A,N/A,"[{'action_type': 7, 'action_time': '2026-05-15', 'action_timestamp': 1778774400.0}]",['HK.LIST23363'],"['HK.LIST1161', 'HK.LIST1190', 'HK.LIST1191', 'HK.LIST1208', 'HK.LIST1289', 'HK.LIST1305', 'HK.LIST1328', 'HK.LIST1351', 'HK.LIST22886', 'HK.LIST22928', 'HK.LIST23586', 'HK.LIST23589', 'HK.LIST24037', 'HK.LIST24062']"
HK.LNI260929P19500,HK.02331,LNI,2026-03-03 14:14:14,1772518454.0,BUY,1.97,200,197000.0,PUT,19.5,2026-09-29,1790611200.0,9,20.8,6.25,1.93,2.0,45.138,200,41,4.87804,-0.340961462,0.052250427,0.057814598,-0.005504139,-0.042144711,BEARISH,['NORMAL'],SINGLE_LEG,N/A,N/A,"[{'action_type': 7, 'action_time': '2026-06-15', 'action_timestamp': 1781452800.0}, {'action_type': 7, 'action_time': '2026-09-03', 'action_timestamp': 1788364800.0}]",['HK.LIST1275'],"['HK.LIST1161', 'HK.LIST1185']"
HK.POP260929P205000,HK.09992,POP,2026-03-03 13:03:18,1772514198.0,BUY,28.42,239,1358476.0,PUT,205.0,2026-09-29,1790611200.0,9,214.0,4.205,28.42,28.71,54.703,281,1310,0.2145,-0.36353884,0.004290723,0.608531263,-0.070989016,-0.490836128,BEARISH,['NORMAL'],SINGLE_LEG,N/A,N/A,"[{'action_type': 7, 'action_time': '2026-05-15', 'action_timestamp': 1778774400.0}]",['HK.LIST1047'],"['HK.LIST1328', 'HK.LIST23676']"
HK.CNC261230P25000,HK.00883,CNC,2026-03-03 11:28:02,1772508482.0,BUY,1.94,700,1358000.0,PUT,25.0,2026-12-30,1798560000.0,101,27.76,9.942,1.92,1.98,35.922,750,617,1.21555,-0.289398107,0.038483608,0.086089124,-0.00435185,-0.06528662,BEARISH,['NORMAL'],SINGLE_LEG,N/A,N/A,"[{'action_type': 7, 'action_time': '2026-06-11', 'action_timestamp': 1781107200.0}, {'action_type': 7, 'action_time': '2026-09-10', 'action_timestamp': 1788969600.0}]",['HK.LIST1042'],"['HK.LIST1205', 'HK.LIST1241', 'HK.LIST1305', 'HK.LIST1344', 'HK.LIST1348', 'HK.LIST1362', 'HK.LIST22928']"
HK.TCH270330P600000,HK.00700,TCH,2026-03-03 11:21:48,1772508108.0,BUY,101.4,200,2028000.0,PUT,600.0,2027-03-30,1806336000.0,191,518.5,-15.718,96.35,106.44,27.756,200,205,0.9756,-0.636565976,0.003110055,1.93822843,-0.045234249,-2.581416404,BEARISH,['NORMAL'],MULTI_LEG,N/A,N/A,"[{'action_type': 7, 'action_time': '2026-05-15', 'action_timestamp': 1778774400.0}]",['HK.LIST23363'],"['HK.LIST1161', 'HK.LIST1190', 'HK.LIST1191', 'HK.LIST1208', 'HK.LIST1289', 'HK.LIST1305', 'HK.LIST1328', 'HK.LIST1351', 'HK.LIST22886', 'HK.LIST22928', 'HK.LIST23586', 'HK.LIST23589', 'HK.LIST24037', 'HK.LIST24062']"
HK.PEC261230P8750,HK.00857,PEC,2026-03-02 14:38:19,1772433499.0,BUY,0.63,490,617400.0,PUT,8.75,2026-12-30,1798560000.0,101,9.88,11.437,0.6,0.64,35.096,490,482,1.01659,-0.269627064,0.106589298,0.02965292,-0.00146454,-0.021609984,BEARISH,['NORMAL'],SINGLE_LEG,N/A,N/A,"[{'action_type': 7, 'action_time': '2026-06-18', 'action_timestamp': 1781712000.0}, {'action_type': 7, 'action_time': '2026-09-10', 'action_timestamp': 1788969600.0}]",['HK.LIST1042'],"['HK.LIST1175', 'HK.LIST1205', 'HK.LIST1241', 'HK.LIST1305', 'HK.LIST1344', 'HK.LIST1348', 'HK.LIST1362', 'HK.LIST22928']"
HK.PEC260929P8750,HK.00857,PEC,2026-03-02 13:36:38,1772429798.0,BUY,0.53,250,265000.0,PUT,8.75,2026-09-29,1790611200.0,9,9.81,10.805,0.52,0.54,36.587,680,4112,0.16536,-0.271607624,0.123178326,0.024659144,-0.00188493,-0.01507746,BEARISH,['NORMAL'],SINGLE_LEG,N/A,N/A,"[{'action_type': 7, 'action_time': '2026-06-18', 'action_timestamp': 1781712000.0}, {'action_type': 7, 'action_time': '2026-09-10', 'action_timestamp': 1788969600.0}]",['HK.LIST1042'],"['HK.LIST1175', 'HK.LIST1205', 'HK.LIST1241', 'HK.LIST1305', 'HK.LIST1344', 'HK.LIST1348', 'HK.LIST1362', 'HK.LIST22928']"
HK.PEC260929P8500,HK.00857,PEC,2026-03-02 13:25:06,1772429106.0,BUY,0.45,495,445500.0,PUT,8.5,2026-09-29,1790611200.0,9,9.76,12.909,0.43,0.46,36.319,495,7386,0.06701,-0.237972559,0.11563097,0.022993205,-0.001757643,-0.013180044,BEARISH,['NORMAL'],SINGLE_LEG,N/A,N/A,"[{'action_type': 7, 'action_time': '2026-06-18', 'action_timestamp': 1781712000.0}, {'action_type': 7, 'action_time': '2026-09-10', 'action_timestamp': 1788969600.0}]",['HK.LIST1042'],"['HK.LIST1175', 'HK.LIST1205', 'HK.LIST1241', 'HK.LIST1305', 'HK.LIST1344', 'HK.LIST1348', 'HK.LIST1362', 'HK.LIST22928']"
HK.SHL261230P2100,HK.00968,SHL,2026-03-02 11:37:27,1772422647.0,BUY,0.08,200,32000.0,PUT,2.1,2026-12-30,1798560000.0,101,3.36,37.5,0.03,0.1,46.421,200,204,0.98039,-0.083134346,0.107938941,0.004686836,-0.000331349,-0.002341788,BEARISH,['NORMAL'],SINGLE_LEG,N/A,N/A,"[{'action_type': 7, 'action_time': '2026-06-02', 'action_timestamp': 1780329600.0}, {'action_type': 7, 'action_time': '2026-08-13', 'action_timestamp': 1786550400.0}]",['HK.LIST1033'],"['HK.LIST1224', 'HK.LIST1233']"
HK.PEC260929P8750,HK.00857,PEC,2026-03-02 11:21:16,1772421676.0,BUY,0.55,250,275000.0,PUT,8.75,2026-09-29,1790611200.0,9,9.73,10.071,0.53,0.56,36.494,430,4112,0.10457,-0.281350045,0.126749633,0.024886604,-0.001891548,-0.015483085,BEARISH,['NORMAL'],SINGLE_LEG,N/A,N/A,"[{'action_type': 7, 'action_time': '2026-06-18', 'action_timestamp': 1781712000.0}, {'action_type': 7, 'action_time': '2026-09-10', 'action_timestamp': 1788969600.0}]",['HK.LIST1042'],"['HK.LIST1175', 'HK.LIST1205', 'HK.LIST1241', 'HK.LIST1305', 'HK.LIST1344', 'HK.LIST1348', 'HK.LIST1362', 'HK.LIST22928']"
HK.TCH270330P560000,HK.00700,TCH,2026-03-02 10:56:02,1772420162.0,BUY,81.08,200,1621600.0,PUT,560.0,2027-03-30,1806336000.0,191,510.0,-9.803,79.55,82.6,28.665,200,N/A,0.0,-0.546498254,0.002974593,2.04667748,-0.052495871,-2.448631413,BEARISH,['NORMAL'],MULTI_LEG,N/A,N/A,"[{'action_type': 7, 'action_time': '2026-05-15', 'action_timestamp': 1778774400.0}]",['HK.LIST23363'],"['HK.LIST1161', 'HK.LIST1190', 'HK.LIST1191', 'HK.LIST1208', 'HK.LIST1289', 'HK.LIST1305', 'HK.LIST1328', 'HK.LIST1351', 'HK.LIST22886', 'HK.LIST22928', 'HK.LIST23586', 'HK.LIST23589', 'HK.LIST24037', 'HK.LIST24062']"
HK.TCH270330P600000,HK.00700,TCH,2026-03-02 10:54:53,1772420093.0,BUY,110.82,200,2216400.0,PUT,600.0,2027-03-30,1806336000.0,191,509.5,-17.762,107.86,113.77,29.246,201,3,67.0,-0.64630814,0.00297508,1.891629137,-0.046749298,-2.615497196,BEARISH,['NORMAL'],MULTI_LEG,N/A,N/A,"[{'action_type': 7, 'action_time': '2026-05-15', 'action_timestamp': 1778774400.0}]",['HK.LIST23363'],"['HK.LIST1161', 'HK.LIST1190', 'HK.LIST1191', 'HK.LIST1208', 'HK.LIST1289', 'HK.LIST1305', 'HK.LIST1328', 'HK.LIST1351', 'HK.LIST22886', 'HK.LIST22928', 'HK.LIST23586', 'HK.LIST23589', 'HK.LIST24037', 'HK.LIST24062']"
HK.XBC261230P3800,HK.03988,XBC,2026-03-02 10:20:00,1772418000.0,BUY,0.083,200,16600.0,PUT,3.8,2026-12-30,1798560000.0,101,4.52,15.929,0.076,0.093,23.108,800,2176,0.36764,-0.147157781,0.244864971,0.009447768,-0.000302008,-0.00497106,BEARISH,['NORMAL'],SINGLE_LEG,N/A,N/A,"[{'action_type': 7, 'action_time': '2026-07-02', 'action_timestamp': 1782921600.0}]",['HK.LIST1079'],"['HK.LIST1239', 'HK.LIST1305', 'HK.LIST1344', 'HK.LIST1348']"
HK.XBC261230P3600,HK.03988,XBC,2026-03-02 10:18:40,1772417920.0,BUY,0.051,500,25500.0,PUT,3.6,2026-12-30,1798560000.0,101,4.53,20.529,0.047,0.063,23.554,1500,1882,0.79702,-0.097244818,0.177954041,0.007080539,-0.000236675,-0.003282957,BEARISH,['NORMAL'],SINGLE_LEG,N/A,N/A,"[{'action_type': 7, 'action_time': '2026-07-02', 'action_timestamp': 1782921600.0}]",['HK.LIST1079'],"['HK.LIST1239', 'HK.LIST1305', 'HK.LIST1344', 'HK.LIST1348']"
HK.XBC261230P3600,HK.03988,XBC,2026-03-02 10:14:49,1772417689.0,BUY,0.05,389,19450.0,PUT,3.6,2026-12-30,1798560000.0,101,4.53,20.529,0.047,0.051,23.62,1000,1882,0.53134,-0.095999912,0.175367788,0.007029634,-0.000235863,-0.003248336,BEARISH,['NORMAL'],SINGLE_LEG,N/A,N/A,"[{'action_type': 7, 'action_time': '2026-07-02', 'action_timestamp': 1782921600.0}]",['HK.LIST1079'],"['HK.LIST1239', 'HK.LIST1305', 'HK.LIST1344', 'HK.LIST1348']"
HK.XBC261230P3800,HK.03988,XBC,2026-03-02 10:13:24,1772417604.0,BUY,0.079,300,23700.0,PUT,3.8,2026-12-30,1798560000.0,101,4.54,16.299,0.074,0.083,23.311,600,2176,0.27573,-0.144027699,0.238069653,0.009354615,-0.000302487,-0.00489362,BEARISH,['NORMAL'],SINGLE_LEG,N/A,N/A,"[{'action_type': 7, 'action_time': '2026-07-02', 'action_timestamp': 1782921600.0}]",['HK.LIST1079'],"['HK.LIST1239', 'HK.LIST1305', 'HK.LIST1344', 'HK.LIST1348']"
HK.XBC261230P3800,HK.03988,XBC,2026-03-02 10:10:01,1772417401.0,BUY,0.079,300,23700.0,PUT,3.8,2026-12-30,1798560000.0,101,4.55,16.483,0.074,0.083,23.465,300,2176,0.13786,-0.142935943,0.234729207,0.009327882,-0.00030406,-0.00487233,BEARISH,['NORMAL'],SINGLE_LEG,N/A,N/A,"[{'action_type': 7, 'action_time': '2026-07-02', 'action_timestamp': 1782921600.0}]",['HK.LIST1079'],"['HK.LIST1239', 'HK.LIST1305', 'HK.LIST1344', 'HK.LIST1348']"
HK.XBC261230P3600,HK.03988,XBC,2026-03-02 10:09:26,1772417366.0,BUY,0.05,500,25000.0,PUT,3.6,2026-12-30,1798560000.0,101,4.55,20.879,0.047,0.051,23.827,500,1882,0.26567,-0.095879762,0.173285506,0.007039063,-0.000238537,-0.003255414,BEARISH,['NORMAL'],SINGLE_LEG,N/A,N/A,"[{'action_type': 7, 'action_time': '2026-07-02', 'action_timestamp': 1782921600.0}]",['HK.LIST1079'],"['HK.LIST1239', 'HK.LIST1305', 'HK.LIST1344', 'HK.LIST1348']"
HK.TCH260929P610000,HK.00700,TCH,2026-03-02 09:52:42,1772416362.0,BUY,112.98,490,5536020.0,PUT,610.0,2026-09-29,1790611200.0,9,511.0,-19.373,99.17,112.98,31.128,500,3168,0.15782,-0.742776509,0.003293809,1.208041505,-0.062921629,-1.553755029,BEARISH,['NORMAL'],SINGLE_LEG,N/A,N/A,"[{'action_type': 7, 'action_time': '2026-05-15', 'action_timestamp': 1778774400.0}]",['HK.LIST23363'],"['HK.LIST1161', 'HK.LIST1190', 'HK.LIST1191', 'HK.LIST1208', 'HK.LIST1289', 'HK.LIST1305', 'HK.LIST1328', 'HK.LIST1351', 'HK.LIST22886', 'HK.LIST22928', 'HK.LIST23586', 'HK.LIST23589', 'HK.LIST24037', 'HK.LIST24062']"
HK.TCH261230P500000,HK.00700,TCH,2026-03-02 09:47:51,1772416071.0,BUY,39.52,480,1896960.0,PUT,500.0,2026-12-30,1798560000.0,101,512.0,2.343,39.05,40.0,28.01,1921,8457,0.22714,-0.376450227,0.003023906,1.762527524,-0.064478879,-1.447046961,BEARISH,['NORMAL'],SINGLE_LEG,N/A,N/A,"[{'action_type': 7, 'action_time': '2026-05-15', 'action_timestamp': 1778774400.0}]",['HK.LIST23363'],"['HK.LIST1161', 'HK.LIST1190', 'HK.LIST1191', 'HK.LIST1208', 'HK.LIST1289', 'HK.LIST1305', 'HK.LIST1328', 'HK.LIST1351', 'HK.LIST22886', 'HK.LIST22928', 'HK.LIST23586', 'HK.LIST23589', 'HK.LIST24037', 'HK.LIST24062']"
HK.TCH261230P500000,HK.00700,TCH,2026-03-02 09:45:16,1772415916.0,BUY,39.1,432,1689120.0,PUT,500.0,2026-12-30,1798560000.0,101,513.5,2.629,38.56,39.52,27.861,1441,8457,0.17039,-0.374814951,0.003032594,1.761828188,-0.064087002,-1.440815072,BEARISH,['NORMAL'],SINGLE_LEG,N/A,N/A,"[{'action_type': 7, 'action_time': '2026-05-15', 'action_timestamp': 1778774400.0}]",['HK.LIST23363'],"['HK.LIST1161', 'HK.LIST1190', 'HK.LIST1191', 'HK.LIST1208', 'HK.LIST1289', 'HK.LIST1305', 'HK.LIST1328', 'HK.LIST1351', 'HK.LIST22886', 'HK.LIST22928', 'HK.LIST23586', 'HK.LIST23589', 'HK.LIST24037', 'HK.LIST24062']"
HK.TCH261230P500000,HK.00700,TCH,2026-03-02 09:38:55,1772415535.0,BUY,39.52,293,1157936.0,PUT,500.0,2026-12-30,1798560000.0,101,512.0,2.343,39.39,40.42,28.362,961,8457,0.11363,-0.381206631,0.003008092,1.764150406,-0.065380056,-1.463897658,BEARISH,['NORMAL'],SINGLE_LEG,N/A,N/A,"[{'action_type': 7, 'action_time': '2026-05-15', 'action_timestamp': 1778774400.0}]",['HK.LIST23363'],"['HK.LIST1161', 'HK.LIST1190', 'HK.LIST1191', 'HK.LIST1208', 'HK.LIST1289', 'HK.LIST1305', 'HK.LIST1328', 'HK.LIST1351', 'HK.LIST22886', 'HK.LIST22928', 'HK.LIST23586', 'HK.LIST23589', 'HK.LIST24037', 'HK.LIST24062']"
HK.SAN270330P14500,HK.01928,SAN,2026-02-27 14:47:06,1772174826.0,BUY,1.14,200,91200.0,PUT,14.5,2027-03-30,1806336000.0,191,17.63,17.753,1.12,1.18,39.111,200,N/A,0.0,-0.223622038,0.042341757,0.054770494,-0.00231519,-0.04348319,BEARISH,['NORMAL'],SINGLE_LEG,N/A,N/A,"[{'action_type': 7, 'action_time': '2026-05-20', 'action_timestamp': 1779206400.0}, {'action_type': 7, 'action_time': '2026-09-16', 'action_timestamp': 1789488000.0}]",['HK.LIST1069'],"['HK.LIST1305', 'HK.LIST22913']"
HK.HKG260929P6000,HK.00003,HKG,2026-02-27 10:05:32,1772157932.0,BUY,0.04,325,13000.0,PUT,6.0,2026-09-29,1790611200.0,9,7.51,20.106,0.01,0.05,20.864,600,785,0.76433,-0.054811981,0.092447404,0.006369657,-0.000275408,-0.002089182,BEARISH,['NORMAL'],SINGLE_LEG,N/A,N/A,"[{'action_type': 7, 'action_time': '2026-06-03', 'action_timestamp': 1780416000.0}, {'action_type': 7, 'action_time': '2026-08-31', 'action_timestamp': 1788105600.0}]",['HK.LIST1045'],['HK.LIST1245']
HK.XBC261230P4000,HK.03988,XBC,2026-02-26 15:52:12,1772092332.0,BUY,0.107,300,32100.0,PUT,4.0,2026-12-30,1798560000.0,101,4.65,13.978,0.099,0.123,23.266,900,2331,0.3861,-0.176153899,0.265173246,0.010990871,-0.000345025,-0.006199623,BEARISH,['NORMAL'],SINGLE_LEG,N/A,N/A,"[{'action_type': 7, 'action_time': '2026-07-02', 'action_timestamp': 1782921600.0}]",['HK.LIST1079'],"['HK.LIST1239', 'HK.LIST1305', 'HK.LIST1344', 'HK.LIST1348']"
HK.XBC261230P4000,HK.03988,XBC,2026-02-26 11:02:39,1772074959.0,BUY,0.106,300,31800.0,PUT,4.0,2026-12-30,1798560000.0,101,4.66,14.163,0.102,0.123,23.592,600,2331,0.2574,-0.176293351,0.260896625,0.011025117,-0.000351812,-0.006240014,BEARISH,['NORMAL'],SINGLE_LEG,N/A,N/A,"[{'action_type': 7, 'action_time': '2026-07-02', 'action_timestamp': 1782921600.0}]",['HK.LIST1079'],"['HK.LIST1239', 'HK.LIST1305', 'HK.LIST1344', 'HK.LIST1348']"
HK.PEC260929P8500,HK.00857,PEC,2026-02-26 10:19:22,1772072362.0,BUY,0.52,485,504400.0,PUT,8.5,2026-09-29,1790611200.0,9,9.45,10.052,0.49,0.54,35.266,485,7356,0.06593,-0.277453241,0.132780452,0.024257574,-0.001742064,-0.015024185,BEARISH,['NORMAL'],SINGLE_LEG,N/A,N/A,"[{'action_type': 7, 'action_time': '2026-06-18', 'action_timestamp': 1781712000.0}, {'action_type': 7, 'action_time': '2026-09-10', 'action_timestamp': 1788969600.0}]",['HK.LIST1042'],"['HK.LIST1175', 'HK.LIST1205', 'HK.LIST1241', 'HK.LIST1305', 'HK.LIST1344', 'HK.LIST1348', 'HK.LIST1362', 'HK.LIST22928']"
HK.SAN261230P15500,HK.01928,SAN,2026-02-25 13:26:18,1771997178.0,BUY,1.27,200,101600.0,PUT,15.5,2026-12-30,1798560000.0,101,17.89,13.359,1.25,1.32,40.504,200,559,0.35778,-0.261797823,0.049664892,0.053417576,-0.003051013,-0.040243967,BEARISH,['NORMAL'],SINGLE_LEG,N/A,N/A,"[{'action_type': 7, 'action_time': '2026-05-20', 'action_timestamp': 1779206400.0}, {'action_type': 7, 'action_time': '2026-09-16', 'action_timestamp': 1789488000.0}]",['HK.LIST1069'],"['HK.LIST1305', 'HK.LIST22913']"
HK.MET261230P72500,HK.03690,MET,2026-02-25 11:26:14,1771989974.0,BUY,6.3,200,630000.0,PUT,72.5,2026-12-30,1798560000.0,101,83.3,12.965,6.26,6.37,41.264,200,926,0.21598,-0.267889606,0.010601267,0.251546514,-0.014636882,-0.192730298,BEARISH,['NORMAL'],SINGLE_LEG,N/A,N/A,N/A,['HK.LIST23361'],"['HK.LIST1305', 'HK.LIST1998', 'HK.LIST22886', 'HK.LIST22928', 'HK.LIST23586', 'HK.LIST24037', 'HK.LIST24062']"
HK.SAN261230P15000,HK.01928,SAN,2026-02-24 14:13:29,1771913609.0,BUY,1.06,200,84800.0,PUT,15.0,2026-12-30,1798560000.0,101,18.07,16.989,1.04,1.09,40.561,200,523,0.3824,-0.225565606,0.045085298,0.049883876,-0.002873035,-0.03511255,BEARISH,['NORMAL'],SINGLE_LEG,N/A,N/A,"[{'action_type': 7, 'action_time': '2026-05-20', 'action_timestamp': 1779206400.0}, {'action_type': 7, 'action_time': '2026-09-16', 'action_timestamp': 1789488000.0}]",['HK.LIST1069'],"['HK.LIST1305', 'HK.LIST22913']"
HK.XBC261230P4000,HK.03988,XBC,2026-02-24 10:29:19,1771900159.0,BUY,0.1,200,20000.0,PUT,4.0,2026-12-30,1798560000.0,101,4.7,14.893,0.092,0.113,23.386,200,2031,0.09847,-0.162412005,0.245872711,0.010608838,-0.000334628,-0.005843187,BEARISH,['NORMAL'],SINGLE_LEG,N/A,N/A,"[{'action_type': 7, 'action_time': '2026-07-02', 'action_timestamp': 1782921600.0}]",['HK.LIST1079'],"['HK.LIST1239', 'HK.LIST1305', 'HK.LIST1344', 'HK.LIST1348']"
HK.PEC260929P8750,HK.00857,PEC,2026-02-24 10:25:51,1771899951.0,BUY,0.6,480,576000.0,PUT,8.75,2026-09-29,1790611200.0,9,9.58,8.663,0.58,0.61,36.244,480,4112,0.11673,-0.29705591,0.13092869,0.025566555,-0.001864672,-0.016582985,BEARISH,['NORMAL'],SINGLE_LEG,N/A,N/A,"[{'action_type': 7, 'action_time': '2026-06-18', 'action_timestamp': 1781712000.0}, {'action_type': 7, 'action_time': '2026-09-10', 'action_timestamp': 1788969600.0}]",['HK.LIST1042'],"['HK.LIST1175', 'HK.LIST1205', 'HK.LIST1241', 'HK.LIST1305', 'HK.LIST1344', 'HK.LIST1348', 'HK.LIST1362', 'HK.LIST22928']"
HK.XBC261230P3600,HK.03988,XBC,2026-02-24 10:00:11,1771898411.0,BUY,0.038,278,10564.0,PUT,3.6,2026-12-30,1798560000.0,101,4.7,23.404,0.032,0.057,23.714,278,1594,0.1744,-0.073400541,0.136221062,0.006011395,-0.000200788,-0.002602901,BEARISH,['NORMAL'],SINGLE_LEG,N/A,N/A,"[{'action_type': 7, 'action_time': '2026-07-02', 'action_timestamp': 1782921600.0}]",['HK.LIST1079'],"['HK.LIST1239', 'HK.LIST1305', 'HK.LIST1344', 'HK.LIST1348']"
HK.TCH260929P490000,HK.00700,TCH,2026-02-23 15:17:33,1771831053.0,BUY,21.3,299,636870.0,PUT,490.0,2026-09-29,1790611200.0,9,539.5,9.175,21.09,21.7,28.468,1117,3174,0.35192,-0.265366404,0.002807301,1.361726563,-0.076090804,-0.794340471,BEARISH,['NORMAL'],SINGLE_LEG,N/A,N/A,"[{'action_type': 7, 'action_time': '2026-05-15', 'action_timestamp': 1778774400.0}]",['HK.LIST23363'],"['HK.LIST1161', 'HK.LIST1190', 'HK.LIST1191', 'HK.LIST1208', 'HK.LIST1289', 'HK.LIST1305', 'HK.LIST1328', 'HK.LIST1351', 'HK.LIST22886', 'HK.LIST22928', 'HK.LIST23586', 'HK.LIST23589', 'HK.LIST24037', 'HK.LIST24062']"
HK.XBC260929P4000,HK.03988,XBC,2026-02-23 10:12:25,1771812745.0,BUY,0.068,900,61200.0,PUT,4.0,2026-09-29,1790611200.0,9,4.74,15.611,0.054,0.069,23.351,900,3298,0.27289,-0.131123923,0.251026829,0.00775961,-0.000361318,-0.003339926,BEARISH,['NORMAL'],SINGLE_LEG,N/A,N/A,"[{'action_type': 7, 'action_time': '2026-07-02', 'action_timestamp': 1782921600.0}]",['HK.LIST1079'],"['HK.LIST1239', 'HK.LIST1305', 'HK.LIST1344', 'HK.LIST1348']"
HK.SAN261230P15000,HK.01928,SAN,2026-02-23 10:01:55,1771812115.0,BUY,0.9,400,144000.0,PUT,15.0,2026-12-30,1798560000.0,101,18.74,19.957,0.89,0.95,40.502,400,123,3.25203,-0.198259795,0.040271335,0.047998221,-0.002769772,-0.031995695,BEARISH,['NORMAL'],SINGLE_LEG,N/A,N/A,"[{'action_type': 7, 'action_time': '2026-05-20', 'action_timestamp': 1779206400.0}, {'action_type': 7, 'action_time': '2026-09-16', 'action_timestamp': 1789488000.0}]",['HK.LIST1069'],"['HK.LIST1305', 'HK.LIST22913']"
HK.SAN261230P15500,HK.01928,SAN,2026-02-23 09:59:43,1771811983.0,BUY,1.08,300,129600.0,PUT,15.5,2026-12-30,1798560000.0,101,18.71,17.156,1.06,1.14,40.646,300,259,1.1583,-0.224339279,0.043232906,0.051589254,-0.002967041,-0.036319207,BEARISH,['NORMAL'],SINGLE_LEG,N/A,N/A,"[{'action_type': 7, 'action_time': '2026-05-20', 'action_timestamp': 1779206400.0}, {'action_type': 7, 'action_time': '2026-09-16', 'action_timestamp': 1789488000.0}]",['HK.LIST1069'],"['HK.LIST1305', 'HK.LIST22913']"
HK.XIC260929P5250,HK.01398,XIC,2026-02-20 15:29:26,1771572566.0,BUY,0.071,210,14910.0,PUT,5.25,2026-09-29,1790611200.0,9,6.44,18.478,0.063,0.073,24.735,210,1982,0.10595,-0.104570532,0.146963746,0.009063486,-0.000448435,-0.003685751,BEARISH,['NORMAL'],SINGLE_LEG,N/A,N/A,"[{'action_type': 7, 'action_time': '2026-05-04', 'action_timestamp': 1777824000.0}]",['HK.LIST1079'],"['HK.LIST1239', 'HK.LIST1305', 'HK.LIST1344', 'HK.LIST1348']"
HK.ALB261230P110000,HK.09988,ALB,2026-02-20 13:02:38,1771563758.0,BUY,5.3,299,792350.0,PUT,110.0,2026-12-30,1798560000.0,101,149.1,26.224,5.17,5.36,41.419,2098,402,5.2189,-0.145768609,0.004024146,0.315848099,-0.018766307,-0.188646,BEARISH,['NORMAL'],SINGLE_LEG,N/A,N/A,"[{'action_type': 7, 'action_time': '2026-06-10', 'action_timestamp': 1781020800.0}]",['HK.LIST23361'],"['HK.LIST1161', 'HK.LIST1191', 'HK.LIST1287', 'HK.LIST1289', 'HK.LIST1304', 'HK.LIST1328', 'HK.LIST22886', 'HK.LIST22928', 'HK.LIST23586', 'HK.LIST23589', 'HK.LIST23593', 'HK.LIST23674', 'HK.LIST24037', 'HK.LIST24062']"
HK.XBC260929P4000,HK.03988,XBC,2026-02-20 09:48:43,1771552123.0,BUY,0.08,200,16000.0,PUT,4.0,2026-09-29,1790611200.0,9,4.61,13.232,0.07,0.087,23.196,200,3098,0.06455,-0.163877314,0.299985267,0.008838873,-0.000397771,-0.004126785,BEARISH,['NORMAL'],SINGLE_LEG,N/A,N/A,"[{'action_type': 7, 'action_time': '2026-07-02', 'action_timestamp': 1782921600.0}]",['HK.LIST1079'],"['HK.LIST1239', 'HK.LIST1305', 'HK.LIST1344', 'HK.LIST1348']"
HK.TCH261230P560000,HK.00700,TCH,2026-02-13 15:56:06,1770969366.0,BUY,67.0,200,1340000.0,PUT,560.0,2026-12-30,1798560000.0,101,533.0,-5.065,65.77,67.43,29.698,402,3395,0.1184,-0.490241297,0.00290438,1.963407351,-0.069047032,-1.998997446,BEARISH,['NORMAL'],SINGLE_LEG,N/A,N/A,"[{'action_type': 7, 'action_time': '2026-05-15', 'action_timestamp': 1778774400.0}]",['HK.LIST23363'],"['HK.LIST1161', 'HK.LIST1190', 'HK.LIST1191', 'HK.LIST1208', 'HK.LIST1289', 'HK.LIST1305', 'HK.LIST1328', 'HK.LIST1351', 'HK.LIST22886', 'HK.LIST22928', 'HK.LIST23586', 'HK.LIST23589', 'HK.LIST24037', 'HK.LIST24062']"
HK.TCH261230P560000,HK.00700,TCH,2026-02-13 15:54:01,1770969241.0,BUY,66.9,200,1338000.0,PUT,560.0,2026-12-30,1798560000.0,101,533.0,-5.065,65.63,67.83,29.769,202,3395,0.05949,-0.48997603,0.00289655,1.963511332,-0.069259994,-1.999903533,BEARISH,['NORMAL'],SINGLE_LEG,N/A,N/A,"[{'action_type': 7, 'action_time': '2026-05-15', 'action_timestamp': 1778774400.0}]",['HK.LIST23363'],"['HK.LIST1161', 'HK.LIST1190', 'HK.LIST1191', 'HK.LIST1208', 'HK.LIST1289', 'HK.LIST1305', 'HK.LIST1328', 'HK.LIST1351', 'HK.LIST22886', 'HK.LIST22928', 'HK.LIST23586', 'HK.LIST23589', 'HK.LIST24037', 'HK.LIST24062']"
HK.XBC261230P4000,HK.03988,XBC,2026-02-13 10:44:30,1770950670.0,BUY,0.11,300,33000.0,PUT,4.0,2026-12-30,1798560000.0,101,4.66,14.163,0.107,0.11,23.545,300,1581,0.18975,-0.178604612,0.258435307,0.011347356,-0.000344733,-0.006585836,BEARISH,['NORMAL'],SINGLE_LEG,N/A,N/A,"[{'action_type': 7, 'action_time': '2026-07-02', 'action_timestamp': 1782921600.0}]",['HK.LIST1079'],"['HK.LIST1239', 'HK.LIST1305', 'HK.LIST1344', 'HK.LIST1348']"
HK.GWM261230P10000,HK.02333,GWM,2026-02-13 09:46:58,1770947218.0,BUY,0.66,200,66000.0,PUT,10.0,2026-12-30,1798560000.0,101,13.07,23.488,0.59,0.7,44.215,200,215,0.93023,-0.179048452,0.048713929,0.03201598,-0.001975673,-0.021310491,BEARISH,['NORMAL'],SINGLE_LEG,N/A,N/A,"[{'action_type': 7, 'action_time': '2026-07-02', 'action_timestamp': 1782921600.0}]",['HK.LIST1040'],"['HK.LIST1217', 'HK.LIST22910', 'HK.LIST23589']"
HK.PEC260929P8750,HK.00857,PEC,2026-02-12 15:16:43,1770880603.0,BUY,0.64,295,377600.0,PUT,8.75,2026-09-29,1790611200.0,9,9.47,7.602,0.59,0.64,35.056,399,3980,0.10025,-0.312865655,0.137161367,0.026485717,-0.001750473,-0.018009995,BEARISH,['NORMAL'],SINGLE_LEG,N/A,N/A,"[{'action_type': 7, 'action_time': '2026-06-18', 'action_timestamp': 1781712000.0}, {'action_type': 7, 'action_time': '2026-09-10', 'action_timestamp': 1788969600.0}]",['HK.LIST1042'],"['HK.LIST1175', 'HK.LIST1205', 'HK.LIST1241', 'HK.LIST1305', 'HK.LIST1344', 'HK.LIST1348', 'HK.LIST1362', 'HK.LIST22928']"
HK.BIU260929P95000,HK.09888,BIU,2026-02-12 10:28:47,1770863327.0,BUY,3.52,200,105600.0,PUT,95.0,2026-09-29,1790611200.0,9,140.1,32.191,N/A,N/A,50.207,450,684,0.65789,-0.11026072,0.00338844,0.209094912,-0.021360786,-0.099936028,BEARISH,['NORMAL'],SINGLE_LEG,N/A,N/A,N/A,['HK.LIST23360'],"['HK.LIST1304', 'HK.LIST22886', 'HK.LIST23586', 'HK.LIST23589', 'HK.LIST24037', 'HK.LIST24062']"
HK.BIU260929P95000,HK.09888,BIU,2026-02-12 10:27:42,1770863262.0,BUY,3.56,250,133500.0,PUT,95.0,2026-09-29,1790611200.0,9,140.1,32.191,N/A,N/A,46.937,250,684,0.36549,-0.0992653,0.003355412,0.193897025,-0.018491914,-0.088186379,BEARISH,['NORMAL'],SINGLE_LEG,N/A,N/A,N/A,['HK.LIST23360'],"['HK.LIST1304', 'HK.LIST22886', 'HK.LIST23586', 'HK.LIST23589', 'HK.LIST24037', 'HK.LIST24062']"
HK.BIU260929P95000,HK.09888,BIU,2026-02-11 15:02:21,1770793341.0,BUY,3.25,250,121875.0,PUT,95.0,2026-09-29,1790611200.0,9,143.7,33.89,N/A,N/A,49.238,250,284,0.88028,-0.096203781,0.003046026,0.19445618,-0.019448675,-0.088657065,BEARISH,['NORMAL'],SINGLE_LEG,N/A,N/A,N/A,['HK.LIST23360'],"['HK.LIST1304', 'HK.LIST22886', 'HK.LIST23586', 'HK.LIST23589', 'HK.LIST24037', 'HK.LIST24062']"
HK.TCH260929P540000,HK.00700,TCH,2026-02-11 14:45:22,1770792322.0,BUY,41.96,200,839200.0,PUT,540.0,2026-09-29,1790611200.0,9,545.5,1.008,41.51,42.46,29.152,211,1768,0.11934,-0.407894082,0.003188004,1.671334854,-0.086404052,-1.27287743,BEARISH,['NORMAL'],SINGLE_LEG,N/A,N/A,"[{'action_type': 7, 'action_time': '2026-05-15', 'action_timestamp': 1778774400.0}]",['HK.LIST23363'],"['HK.LIST1161', 'HK.LIST1190', 'HK.LIST1191', 'HK.LIST1208', 'HK.LIST1289', 'HK.LIST1305', 'HK.LIST1328', 'HK.LIST1351', 'HK.LIST22886', 'HK.LIST22928', 'HK.LIST23586', 'HK.LIST23589', 'HK.LIST24037', 'HK.LIST24062']"
HK.CRC261230P4300,HK.01186,CRC,2026-02-10 14:51:44,1770706304.0,BUY,0.05,232,5800.0,PUT,4.3,2026-12-30,1798560000.0,101,5.38,20.074,0.01,0.1,23.293,232,265,0.87547,-0.104599666,0.155036689,0.00915135,-0.000281184,-0.004471683,BEARISH,['NORMAL'],SINGLE_LEG,N/A,N/A,"[{'action_type': 7, 'action_time': '2026-07-20', 'action_timestamp': 1784476800.0}]",N/A,"['HK.LIST1175', 'HK.LIST1244', 'HK.LIST1348']"
HK.CRG261230P3400,HK.00390,CRG,2026-02-10 11:19:16,1770693556.0,BUY,0.08,294,23520.0,PUT,3.4,2026-12-30,1798560000.0,101,4.32,21.296,0.05,0.12,27.305,294,357,0.82352,-0.121818298,0.183656198,0.00819909,-0.000299426,-0.004304486,BEARISH,['NORMAL'],SINGLE_LEG,N/A,N/A,"[{'action_type': 7, 'action_time': '2026-07-22', 'action_timestamp': 1784649600.0}, {'action_type': 7, 'action_time': '2026-09-23', 'action_timestamp': 1790092800.0}]",['HK.LIST1073'],"['HK.LIST1175', 'HK.LIST1244', 'HK.LIST1348']"
HK.MET260929P115000,HK.03690,MET,2026-02-10 11:06:57,1770692817.0,BUY,28.8,300,4320000.0,PUT,115.0,2026-09-29,1790611200.0,9,89.1,-29.068,26.6,29.2,41.781,300,1351,0.22205,-0.729041197,0.013165056,0.229261682,-0.015485066,-0.342325496,BEARISH,['NORMAL'],SINGLE_LEG,N/A,N/A,N/A,['HK.LIST23361'],"['HK.LIST1305', 'HK.LIST1998', 'HK.LIST22886', 'HK.LIST22928', 'HK.LIST23586', 'HK.LIST24037', 'HK.LIST24062']"
HK.TCH261230P590000,HK.00700,TCH,2026-02-09 15:53:58,1770623638.0,BUY,71.2,200,1424000.0,PUT,590.0,2026-12-30,1798560000.0,101,561.0,-5.169,69.46,72.12,29.614,201,3616,0.05558,-0.492556564,0.002758603,2.07704354,-0.071678017,-2.132416757,BEARISH,['NORMAL'],SINGLE_LEG,N/A,N/A,"[{'action_type': 7, 'action_time': '2026-05-15', 'action_timestamp': 1778774400.0}]",['HK.LIST23363'],"['HK.LIST1161', 'HK.LIST1190', 'HK.LIST1191', 'HK.LIST1208', 'HK.LIST1289', 'HK.LIST1305', 'HK.LIST1328', 'HK.LIST1351', 'HK.LIST22886', 'HK.LIST22928', 'HK.LIST23586', 'HK.LIST23589', 'HK.LIST24037', 'HK.LIST24062']"
HK.XBC261230P4000,HK.03988,XBC,2026-02-09 13:52:22,1770616342.0,BUY,0.105,300,31500.0,PUT,4.0,2026-12-30,1798560000.0,101,4.69,14.712,0.101,0.125,24.021,300,1291,0.23237,-0.180481496,0.252921461,0.011516708,-0.000353177,-0.006773676,BEARISH,['NORMAL'],SINGLE_LEG,N/A,N/A,"[{'action_type': 7, 'action_time': '2026-07-02', 'action_timestamp': 1782921600.0}]",['HK.LIST1079'],"['HK.LIST1239', 'HK.LIST1305', 'HK.LIST1344', 'HK.LIST1348']"
HK.XBC260929P4000,HK.03988,XBC,2026-02-09 13:10:09,1770613809.0,BUY,0.07,500,35000.0,PUT,4.0,2026-09-29,1790611200.0,9,4.67,14.346,0.065,0.077,23.051,500,2598,0.19245,-0.149096361,0.273160217,0.008618335,-0.000367575,-0.003984634,BEARISH,['NORMAL'],SINGLE_LEG,N/A,N/A,"[{'action_type': 7, 'action_time': '2026-07-02', 'action_timestamp': 1782921600.0}]",['HK.LIST1079'],"['HK.LIST1239', 'HK.LIST1305', 'HK.LIST1344', 'HK.LIST1348']"
HK.MET261230P85000,HK.03690,MET,2026-02-04 10:40:35,1770172835.0,BUY,9.27,300,1390500.0,PUT,85.0,2026-12-30,1798560000.0,101,91.45,7.053,9.16,9.32,39.97,311,1774,0.17531,-0.327840209,0.010674829,0.312586079,-0.01604281,-0.27379077,BEARISH,['NORMAL'],SINGLE_LEG,N/A,N/A,N/A,['HK.LIST23361'],"['HK.LIST1305', 'HK.LIST1998', 'HK.LIST22886', 'HK.LIST22928', 'HK.LIST23586', 'HK.LIST24037', 'HK.LIST24062']"
HK.XBC260929P4700,HK.03988,XBC,2026-02-04 10:40:01,1770172801.0,BUY,0.361,800,288800.0,PUT,4.7,2026-09-29,1790611200.0,9,4.62,-1.731,0.341,0.362,24.131,800,80,10.0,-0.461590667,0.469141,0.014640065,-0.000570809,-0.011690807,BEARISH,['NORMAL'],SINGLE_LEG,N/A,N/A,"[{'action_type': 7, 'action_time': '2026-07-02', 'action_timestamp': 1782921600.0}]",['HK.LIST1079'],"['HK.LIST1239', 'HK.LIST1305', 'HK.LIST1344', 'HK.LIST1348']"
HK.CHU261230P7500,HK.00762,CHU,2026-02-03 09:37:53,1770082673.0,BUY,0.92,332,610880.0,PUT,7.5,2026-12-30,1798560000.0,101,7.4,-1.351,0.73,1.0,33.112,332,553,0.60036,-0.42636341,0.176820598,0.02740275,-0.001089035,-0.026631064,BEARISH,['NORMAL'],SINGLE_LEG,N/A,N/A,"[{'action_type': 7, 'action_time': '2026-06-03', 'action_timestamp': 1780416000.0}]",['HK.LIST1054'],"['HK.LIST1176', 'HK.LIST1180', 'HK.LIST1214', 'HK.LIST1305', 'HK.LIST1344', 'HK.LIST1348', 'HK.LIST22928', 'HK.LIST23586', 'HK.LIST23589']"
HK.XIC260929P5500,HK.01398,XIC,2026-02-02 13:48:00,1770011280.0,BUY,0.134,210,28140.0,PUT,5.5,2026-09-29,1790611200.0,9,6.37,13.657,0.126,0.141,24.653,210,22905,0.00916,-0.172765143,0.203149454,0.013157382,-0.000581713,-0.006568302,BEARISH,['NORMAL'],SINGLE_LEG,N/A,N/A,"[{'action_type': 7, 'action_time': '2026-05-04', 'action_timestamp': 1777824000.0}]",['HK.LIST1079'],"['HK.LIST1239', 'HK.LIST1305', 'HK.LIST1344', 'HK.LIST1348']"
HK.XIC260929P6000,HK.01398,XIC,2026-02-02 13:46:13,1770011173.0,BUY,0.292,205,59860.0,PUT,6.0,2026-09-29,1790611200.0,9,6.38,5.956,0.28,0.3,25.256,205,1353,0.15151,-0.308592863,0.276854348,0.018104004,-0.000785182,-0.011610447,BEARISH,['NORMAL'],SINGLE_LEG,N/A,N/A,"[{'action_type': 7, 'action_time': '2026-05-04', 'action_timestamp': 1777824000.0}]",['HK.LIST1079'],"['HK.LIST1239', 'HK.LIST1305', 'HK.LIST1344', 'HK.LIST1348']"
HK.PEC260929P8250,HK.00857,PEC,2026-02-02 11:01:10,1770001270.0,BUY,0.6,480,576000.0,PUT,8.25,2026-09-29,1790611200.0,9,8.98,8.129,0.58,0.62,35.034,480,1115,0.43049,-0.306294928,0.140341636,0.025430412,-0.001605132,-0.017482514,BEARISH,['NORMAL'],SINGLE_LEG,N/A,N/A,"[{'action_type': 7, 'action_time': '2026-06-18', 'action_timestamp': 1781712000.0}, {'action_type': 7, 'action_time': '2026-09-10', 'action_timestamp': 1788969600.0}]",['HK.LIST1042'],"['HK.LIST1175', 'HK.LIST1205', 'HK.LIST1241', 'HK.LIST1305', 'HK.LIST1344', 'HK.LIST1348', 'HK.LIST1362', 'HK.LIST22928']"
HK.CHU261230P7500,HK.00762,CHU,2026-02-02 09:39:44,1769996384.0,BUY,1.03,297,611820.0,PUT,7.5,2026-12-30,1798560000.0,101,7.1,-5.633,0.93,1.14,33.559,466,86,5.4186,-0.472262281,0.185634837,0.026819167,-0.001058414,-0.028151794,BEARISH,['NORMAL'],SINGLE_LEG,N/A,N/A,"[{'action_type': 7, 'action_time': '2026-06-03', 'action_timestamp': 1780416000.0}]",['HK.LIST1054'],"['HK.LIST1176', 'HK.LIST1180', 'HK.LIST1214', 'HK.LIST1305', 'HK.LIST1344', 'HK.LIST1348', 'HK.LIST22928', 'HK.LIST23586', 'HK.LIST23589']"
HK.CHU261230P8000,HK.00762,CHU,2026-02-02 09:38:02,1769996282.0,BUY,1.45,437,1267300.0,PUT,8.0,2026-12-30,1798560000.0,101,7.17,-11.576,1.27,1.55,18.819,438,667,0.65667,-0.703627989,0.389240476,0.021899499,-0.000355952,-0.025053706,BEARISH,['NORMAL'],SINGLE_LEG,N/A,N/A,"[{'action_type': 7, 'action_time': '2026-06-03', 'action_timestamp': 1780416000.0}]",['HK.LIST1054'],"['HK.LIST1176', 'HK.LIST1180', 'HK.LIST1214', 'HK.LIST1305', 'HK.LIST1344', 'HK.LIST1348', 'HK.LIST22928', 'HK.LIST23586', 'HK.LIST23589']"
HK.XIC260929P5250,HK.01398,XIC,2026-01-30 10:21:19,1769739679.0,BUY,0.069,210,14490.0,PUT,5.25,2026-09-29,1790611200.0,9,6.55,19.847,0.063,0.073,24.786,210,1772,0.11851,-0.096949052,0.130322595,0.009133076,-0.000411929,-0.003803356,BEARISH,['NORMAL'],SINGLE_LEG,N/A,N/A,"[{'action_type': 7, 'action_time': '2026-05-04', 'action_timestamp': 1777824000.0}]",['HK.LIST1079'],"['HK.LIST1239', 'HK.LIST1305', 'HK.LIST1344', 'HK.LIST1348']"
HK.XBC261230P3800,HK.03988,XBC,2026-01-30 10:18:27,1769739507.0,BUY,0.072,263,18936.0,PUT,3.8,2026-12-30,1798560000.0,101,4.7,19.148,0.066,0.088,24.472,263,1863,0.14117,-0.126416412,0.190469232,0.009302776,-0.000288524,-0.00493903,BEARISH,['NORMAL'],SINGLE_LEG,N/A,N/A,"[{'action_type': 7, 'action_time': '2026-07-02', 'action_timestamp': 1782921600.0}]",['HK.LIST1079'],"['HK.LIST1239', 'HK.LIST1305', 'HK.LIST1344', 'HK.LIST1348']"
HK.XIC260929P5250,HK.01398,XIC,2026-01-29 14:47:32,1769669252.0,BUY,0.062,210,13020.0,PUT,5.25,2026-09-29,1790611200.0,9,6.61,20.574,0.057,0.067,24.586,210,1562,0.13444,-0.088157916,0.121054046,0.008606139,-0.000384668,-0.003487847,BEARISH,['NORMAL'],SINGLE_LEG,N/A,N/A,"[{'action_type': 7, 'action_time': '2026-05-04', 'action_timestamp': 1777824000.0}]",['HK.LIST1079'],"['HK.LIST1239', 'HK.LIST1305', 'HK.LIST1344', 'HK.LIST1348']"
HK.XIC260929P5500,HK.01398,XIC,2026-01-29 14:08:39,1769666919.0,BUY,0.093,210,19530.0,PUT,5.5,2026-09-29,1790611200.0,9,6.62,16.918,0.088,0.098,24.349,470,22385,0.02099,-0.124897305,0.157073167,0.011116659,-0.000484388,-0.005001043,BEARISH,['NORMAL'],SINGLE_LEG,N/A,N/A,"[{'action_type': 7, 'action_time': '2026-05-04', 'action_timestamp': 1777824000.0}]",['HK.LIST1079'],"['HK.LIST1239', 'HK.LIST1305', 'HK.LIST1344', 'HK.LIST1348']"
HK.XIC260929P5500,HK.01398,XIC,2026-01-29 13:57:13,1769666233.0,BUY,0.092,210,19320.0,PUT,5.5,2026-09-29,1790611200.0,9,6.62,16.918,0.084,0.095,24.056,210,22385,0.00938,-0.12409702,0.158515473,0.011049717,-0.00047507,-0.004952301,BEARISH,['NORMAL'],SINGLE_LEG,N/A,N/A,"[{'action_type': 7, 'action_time': '2026-05-04', 'action_timestamp': 1777824000.0}]",['HK.LIST1079'],"['HK.LIST1239', 'HK.LIST1305', 'HK.LIST1344', 'HK.LIST1348']"
HK.XIC260929P6000,HK.01398,XIC,2026-01-29 13:47:22,1769665642.0,BUY,0.205,210,43050.0,PUT,6.0,2026-09-29,1790611200.0,9,6.65,9.774,0.193,0.21,24.199,210,1353,0.15521,-0.233865082,0.237347768,0.016581428,-0.000689748,-0.009364482,BEARISH,['NORMAL'],SINGLE_LEG,N/A,N/A,"[{'action_type': 7, 'action_time': '2026-05-04', 'action_timestamp': 1777824000.0}]",['HK.LIST1079'],"['HK.LIST1239', 'HK.LIST1305', 'HK.LIST1344', 'HK.LIST1348']"
HK.POP261230P205000,HK.09992,POP,2026-01-29 13:22:27,1769664147.0,BUY,27.0,400,2160000.0,PUT,205.0,2026-12-30,1798560000.0,101,231.4,11.408,26.92,27.51,50.351,600,340,1.7647,-0.293125192,0.00313859,0.76154958,-0.050023618,-0.683753908,BEARISH,['NORMAL'],SINGLE_LEG,N/A,N/A,"[{'action_type': 7, 'action_time': '2026-05-15', 'action_timestamp': 1778774400.0}]",['HK.LIST1047'],"['HK.LIST1328', 'HK.LIST23676']"
HK.TCH261230P600000,HK.00700,TCH,2026-01-29 13:07:51,1769663271.0,BUY,47.4,300,1422000.0,PUT,600.0,2026-12-30,1798560000.0,101,623.5,3.769,47.4,48.0,28.398,312,23432,0.01331,-0.358132053,0.002296678,2.213498938,-0.074158176,-1.863485087,BEARISH,['NORMAL'],SINGLE_LEG,N/A,N/A,"[{'action_type': 7, 'action_time': '2026-05-15', 'action_timestamp': 1778774400.0}]",['HK.LIST23363'],"['HK.LIST1161', 'HK.LIST1190', 'HK.LIST1191', 'HK.LIST1208', 'HK.LIST1289', 'HK.LIST1305', 'HK.LIST1328', 'HK.LIST1351', 'HK.LIST22886', 'HK.LIST22928', 'HK.LIST23586', 'HK.LIST23589', 'HK.LIST24037', 'HK.LIST24062']"
HK.POP261230P205000,HK.09992,POP,2026-01-29 13:07:43,1769663263.0,BUY,27.3,200,1092000.0,PUT,205.0,2026-12-30,1798560000.0,101,231.0,11.255,27.07,27.67,50.7,200,340,0.58823,-0.293903172,0.003123504,0.761855753,-0.050410006,-0.686780159,BEARISH,['NORMAL'],SINGLE_LEG,N/A,N/A,"[{'action_type': 7, 'action_time': '2026-05-15', 'action_timestamp': 1778774400.0}]",['HK.LIST1047'],"['HK.LIST1328', 'HK.LIST23676']"
HK.XIC260929P5750,HK.01398,XIC,2026-01-29 10:35:15,1769654115.0,BUY,0.139,210,29190.0,PUT,5.75,2026-09-29,1790611200.0,9,6.59,12.746,0.127,0.141,23.421,210,982,0.21384,-0.178284451,0.209394486,0.013998289,-0.000571702,-0.007071768,BEARISH,['NORMAL'],SINGLE_LEG,N/A,N/A,"[{'action_type': 7, 'action_time': '2026-05-04', 'action_timestamp': 1777824000.0}]",['HK.LIST1079'],"['HK.LIST1239', 'HK.LIST1305', 'HK.LIST1344', 'HK.LIST1348']"
HK.XBC260929P3900,HK.03988,XBC,2026-01-28 13:25:58,1769577958.0,BUY,0.059,900,53100.0,PUT,3.9,2026-09-29,1790611200.0,9,4.64,15.948,0.058,0.061,22.226,900,2929,0.30727,-0.120609785,0.239386735,0.007608968,-0.000298136,-0.003350258,BEARISH,['NORMAL'],SINGLE_LEG,N/A,N/A,"[{'action_type': 7, 'action_time': '2026-07-02', 'action_timestamp': 1782921600.0}]",['HK.LIST1079'],"['HK.LIST1239', 'HK.LIST1305', 'HK.LIST1344', 'HK.LIST1348']"
HK.XBC260929P4000,HK.03988,XBC,2026-01-28 10:07:22,1769566042.0,BUY,0.08,300,24000.0,PUT,4.0,2026-09-29,1790611200.0,9,4.59,12.854,0.073,0.085,21.761,300,2040,0.14705,-0.167722808,0.311756244,0.009359318,-0.000350962,-0.004583618,BEARISH,['NORMAL'],SINGLE_LEG,N/A,N/A,"[{'action_type': 7, 'action_time': '2026-07-02', 'action_timestamp': 1782921600.0}]",['HK.LIST1079'],"['HK.LIST1239', 'HK.LIST1305', 'HK.LIST1344', 'HK.LIST1348']"
HK.XIC260929P5500,HK.01398,XIC,2026-01-28 09:49:42,1769564982.0,BUY,0.107,210,22470.0,PUT,5.5,2026-09-29,1790611200.0,9,6.4,14.062,0.095,0.12,22.497,210,22175,0.00947,-0.152379208,0.202239938,0.012289593,-0.00048173,-0.005850822,BEARISH,['NORMAL'],SINGLE_LEG,N/A,N/A,"[{'action_type': 7, 'action_time': '2026-05-04', 'action_timestamp': 1777824000.0}]",['HK.LIST1079'],"['HK.LIST1239', 'HK.LIST1305', 'HK.LIST1344', 'HK.LIST1348']"
HK.XBC260929P3900,HK.03988,XBC,2026-01-27 14:56:30,1769496990.0,BUY,0.065,400,26000.0,PUT,3.9,2026-09-29,1790611200.0,9,4.51,13.525,0.06,0.072,20.873,400,2529,0.15816,-0.145786065,0.29996614,0.008418064,-0.000302388,-0.003913379,BEARISH,['NORMAL'],SINGLE_LEG,N/A,N/A,"[{'action_type': 7, 'action_time': '2026-07-02', 'action_timestamp': 1782921600.0}]",['HK.LIST1079'],"['HK.LIST1239', 'HK.LIST1305', 'HK.LIST1344', 'HK.LIST1348']"
HK.SAN261230P13500,HK.01928,SAN,2026-01-27 11:39:57,1769485197.0,BUY,0.49,200,39200.0,PUT,13.5,2026-12-30,1798560000.0,101,18.8,28.191,0.45,0.55,38.614,200,5,40.0,-0.124186202,0.029556876,0.036998079,-0.001894839,-0.021383894,BEARISH,['NORMAL'],SINGLE_LEG,N/A,N/A,"[{'action_type': 7, 'action_time': '2026-05-20', 'action_timestamp': 1779206400.0}, {'action_type': 7, 'action_time': '2026-09-16', 'action_timestamp': 1789488000.0}]",['HK.LIST1069'],"['HK.LIST1305', 'HK.LIST22913']"
HK.XBC260929P3800,HK.03988,XBC,2026-01-27 10:14:52,1769480092.0,BUY,0.051,900,45900.0,PUT,3.8,2026-09-29,1790611200.0,9,4.52,15.929,0.042,0.054,21.31,900,3445,0.26124,-0.115234617,0.248107731,0.007176818,-0.000267285,-0.003105986,BEARISH,['NORMAL'],SINGLE_LEG,N/A,N/A,"[{'action_type': 7, 'action_time': '2026-07-02', 'action_timestamp': 1782921600.0}]",['HK.LIST1079'],"['HK.LIST1239', 'HK.LIST1305', 'HK.LIST1344', 'HK.LIST1348']"
HK.PEC261230P8000,HK.00857,PEC,2026-01-27 09:42:34,1769478154.0,BUY,0.6,485,582000.0,PUT,8.0,2026-12-30,1798560000.0,101,8.84,9.502,0.55,0.61,31.957,578,177,3.26553,-0.284542156,0.127838339,0.02876481,-0.001130373,-0.022224208,BEARISH,['NORMAL'],SINGLE_LEG,N/A,N/A,"[{'action_type': 7, 'action_time': '2026-06-18', 'action_timestamp': 1781712000.0}, {'action_type': 7, 'action_time': '2026-09-10', 'action_timestamp': 1788969600.0}]",['HK.LIST1042'],"['HK.LIST1175', 'HK.LIST1205', 'HK.LIST1241', 'HK.LIST1305', 'HK.LIST1344', 'HK.LIST1348', 'HK.LIST1362', 'HK.LIST22928']"
HK.GWM261230P11000,HK.02333,GWM,2026-01-26 13:44:44,1769406284.0,BUY,0.95,200,95000.0,PUT,11.0,2026-12-30,1798560000.0,101,13.22,16.792,0.92,1.0,42.738,200,16,12.5,-0.234236003,0.057061507,0.03908356,-0.002159308,-0.029831349,BEARISH,['NORMAL'],SINGLE_LEG,N/A,N/A,"[{'action_type': 7, 'action_time': '2026-07-02', 'action_timestamp': 1782921600.0}]",['HK.LIST1040'],"['HK.LIST1217', 'HK.LIST22910', 'HK.LIST23589']"
HK.PEC261230P7250,HK.00857,PEC,2026-01-26 10:12:12,1769393532.0,BUY,0.35,500,350000.0,PUT,7.25,2026-12-30,1798560000.0,101,8.66,16.281,0.33,0.36,31.348,608,80,7.6,-0.203236351,0.109858101,0.023496392,-0.000926409,-0.015583258,BEARISH,['NORMAL'],SINGLE_LEG,N/A,N/A,"[{'action_type': 7, 'action_time': '2026-06-18', 'action_timestamp': 1781712000.0}, {'action_type': 7, 'action_time': '2026-09-10', 'action_timestamp': 1788969600.0}]",['HK.LIST1042'],"['HK.LIST1175', 'HK.LIST1205', 'HK.LIST1241', 'HK.LIST1305', 'HK.LIST1344', 'HK.LIST1348', 'HK.LIST1362', 'HK.LIST22928']"
HK.XIC260929P5500,HK.01398,XIC,2026-01-26 09:56:39,1769392599.0,BUY,0.139,210,29190.0,PUT,5.5,2026-09-29,1790611200.0,9,6.2,11.29,0.125,0.14,21.998,210,21965,0.00956,-0.193143711,0.248709989,0.013893519,-0.000516222,-0.007192913,BEARISH,['NORMAL'],SINGLE_LEG,N/A,N/A,"[{'action_type': 7, 'action_time': '2026-05-04', 'action_timestamp': 1777824000.0}]",['HK.LIST1079'],"['HK.LIST1239', 'HK.LIST1305', 'HK.LIST1344', 'HK.LIST1348']"
HK.SAN261230P16000,HK.01928,SAN,2026-01-26 09:56:38,1769392598.0,BUY,1.2,250,120000.0,PUT,16.0,2026-12-30,1798560000.0,101,18.75,14.666,1.15,1.26,38.161,250,20,12.5,-0.245958522,0.046568263,0.056691106,-0.002744736,-0.042809404,BEARISH,['NORMAL'],SINGLE_LEG,N/A,N/A,"[{'action_type': 7, 'action_time': '2026-05-20', 'action_timestamp': 1779206400.0}, {'action_type': 7, 'action_time': '2026-09-16', 'action_timestamp': 1789488000.0}]",['HK.LIST1069'],"['HK.LIST1305', 'HK.LIST22913']"
HK.GWM261230P11500,HK.02333,GWM,2026-01-23 10:52:25,1769136745.0,BUY,1.1,200,110000.0,PUT,11.5,2026-12-30,1798560000.0,101,13.4,14.179,1.0,1.19,42.935,200,N/A,0.0,-0.260956796,0.059460024,0.042018438,-0.002287512,-0.033940946,BEARISH,['NORMAL'],SINGLE_LEG,N/A,N/A,"[{'action_type': 7, 'action_time': '2026-07-02', 'action_timestamp': 1782921600.0}]",['HK.LIST1040'],"['HK.LIST1217', 'HK.LIST22910', 'HK.LIST23589']"
HK.XIC260929P5750,HK.01398,XIC,2026-01-23 09:53:06,1769133186.0,BUY,0.218,205,44690.0,PUT,5.75,2026-09-29,1790611200.0,9,6.19,7.108,0.201,0.219,22.417,205,682,0.30058,-0.272419421,0.297062419,0.016907563,-0.000614391,-0.010168486,BEARISH,['NORMAL'],SINGLE_LEG,N/A,N/A,"[{'action_type': 7, 'action_time': '2026-05-04', 'action_timestamp': 1777824000.0}]",['HK.LIST1079'],"['HK.LIST1239', 'HK.LIST1305', 'HK.LIST1344', 'HK.LIST1348']"
HK.LEN261230P7000,HK.00992,LEN,2026-01-22 10:48:06,1769050086.0,BUY,0.47,200,188000.0,PUT,7.0,2026-12-30,1798560000.0,101,8.6,18.604,0.44,0.52,39.6,200,741,0.2699,-0.211493169,0.088975718,0.024056962,-0.001211362,-0.017257386,BEARISH,['NORMAL'],SINGLE_LEG,N/A,N/A,"[{'action_type': 7, 'action_time': '2026-08-05', 'action_timestamp': 1785859200.0}]",N/A,"['HK.LIST1166', 'HK.LIST1348', 'HK.LIST23586', 'HK.LIST23699', 'HK.LIST24242']"
HK.PEC260929P7500,HK.00857,PEC,2026-01-22 10:08:22,1769047702.0,BUY,0.33,500,330000.0,PUT,7.5,2026-09-29,1790611200.0,9,8.73,14.089,0.31,0.34,31.89,500,4618,0.10827,-0.219837598,0.130500558,0.02126392,-0.001176431,-0.012496168,BEARISH,['NORMAL'],SINGLE_LEG,N/A,N/A,"[{'action_type': 7, 'action_time': '2026-06-18', 'action_timestamp': 1781712000.0}, {'action_type': 7, 'action_time': '2026-09-10', 'action_timestamp': 1788969600.0}]",['HK.LIST1042'],"['HK.LIST1175', 'HK.LIST1205', 'HK.LIST1241', 'HK.LIST1305', 'HK.LIST1344', 'HK.LIST1348', 'HK.LIST1362', 'HK.LIST22928']"
HK.XBC260929P4300,HK.03988,XBC,2026-01-22 09:58:52,1769047132.0,BUY,0.204,855,174420.0,PUT,4.3,2026-09-29,1790611200.0,9,4.47,3.803,0.183,0.211,21.494,855,2382,0.35894,-0.335849018,0.47627912,0.013406048,-0.000449109,-0.008851123,BEARISH,['NORMAL'],SINGLE_LEG,N/A,N/A,"[{'action_type': 7, 'action_time': '2026-07-02', 'action_timestamp': 1782921600.0}]",['HK.LIST1079'],"['HK.LIST1239', 'HK.LIST1305', 'HK.LIST1344', 'HK.LIST1348']"
HK.XIC260929P5500,HK.01398,XIC,2026-01-22 09:46:34,1769046394.0,BUY,0.137,210,28770.0,PUT,5.5,2026-09-29,1790611200.0,9,6.22,11.575,0.125,0.14,22.334,210,21755,0.00965,-0.189768091,0.239121325,0.01392469,-0.000518036,-0.00723643,BEARISH,['NORMAL'],SINGLE_LEG,N/A,N/A,"[{'action_type': 7, 'action_time': '2026-05-04', 'action_timestamp': 1777824000.0}]",['HK.LIST1079'],"['HK.LIST1239', 'HK.LIST1305', 'HK.LIST1344', 'HK.LIST1348']"
HK.ANA261230P75000,HK.02020,ANA,2026-01-21 10:00:22,1768960822.0,BUY,7.55,250,377500.0,PUT,75.0,2026-12-30,1798560000.0,101,78.15,4.03,7.41,7.81,34.212,250,233,1.07296,-0.357441894,0.014924526,0.281307036,-0.011389207,-0.251863218,BEARISH,['NORMAL'],SINGLE_LEG,N/A,N/A,"[{'action_type': 7, 'action_time': '2026-05-15', 'action_timestamp': 1778774400.0}, {'action_type': 7, 'action_time': '2026-09-08', 'action_timestamp': 1788796800.0}]",['HK.LIST1277'],"['HK.LIST1161', 'HK.LIST1185', 'HK.LIST1305', 'HK.LIST24231']"
HK.XIC260929P5250,HK.01398,XIC,2026-01-21 09:45:42,1768959942.0,BUY,0.075,210,15750.0,PUT,5.25,2026-09-29,1790611200.0,9,6.31,16.798,0.066,0.077,22.387,210,1337,0.15706,-0.113616088,0.165156683,0.01005833,-0.000385382,-0.004410522,BEARISH,['NORMAL'],SINGLE_LEG,N/A,N/A,"[{'action_type': 7, 'action_time': '2026-05-04', 'action_timestamp': 1777824000.0}]",['HK.LIST1079'],"['HK.LIST1239', 'HK.LIST1305', 'HK.LIST1344', 'HK.LIST1348']"
HK.XBC260929P3900,HK.03988,XBC,2026-01-21 09:42:34,1768959754.0,BUY,0.072,900,64800.0,PUT,3.9,2026-09-29,1790611200.0,9,4.49,13.14,0.059,0.074,20.972,900,2554,0.35238,-0.151248389,0.303198974,0.008715537,-0.000304747,-0.004150444,BEARISH,['NORMAL'],SINGLE_LEG,N/A,N/A,"[{'action_type': 7, 'action_time': '2026-07-02', 'action_timestamp': 1782921600.0}]",['HK.LIST1079'],"['HK.LIST1239', 'HK.LIST1305', 'HK.LIST1344', 'HK.LIST1348']"
HK.SAN261230P12500,HK.01928,SAN,2026-01-20 10:03:01,1768874581.0,BUY,0.36,400,57600.0,PUT,12.5,2026-12-30,1798560000.0,101,18.37,31.954,0.33,0.4,38.889,400,N/A,0.0,-0.099104938,0.025250058,0.031089679,-0.0015802,-0.016882579,BEARISH,['NORMAL'],SINGLE_LEG,N/A,N/A,"[{'action_type': 7, 'action_time': '2026-05-20', 'action_timestamp': 1779206400.0}, {'action_type': 7, 'action_time': '2026-09-16', 'action_timestamp': 1789488000.0}]",['HK.LIST1069'],"['HK.LIST1305', 'HK.LIST22913']"
HK.TCH261230P560000,HK.00700,TCH,2026-01-19 15:47:26,1768808846.0,BUY,34.95,200,699000.0,PUT,560.0,2026-12-30,1798560000.0,101,610.5,8.271,34.36,35.07,27.943,209,527,0.39658,-0.291117475,0.002134206,2.023014922,-0.065896535,-1.543337423,BEARISH,['NORMAL'],SINGLE_LEG,N/A,N/A,"[{'action_type': 7, 'action_time': '2026-05-15', 'action_timestamp': 1778774400.0}]",['HK.LIST23363'],"['HK.LIST1161', 'HK.LIST1190', 'HK.LIST1191', 'HK.LIST1208', 'HK.LIST1289', 'HK.LIST1305', 'HK.LIST1328', 'HK.LIST1351', 'HK.LIST22886', 'HK.LIST22928', 'HK.LIST23586', 'HK.LIST23589', 'HK.LIST24037', 'HK.LIST24062']"
HK.XIC260929P5250,HK.01398,XIC,2026-01-19 09:50:15,1768787415.0,BUY,0.076,210,15960.0,PUT,5.25,2026-09-29,1790611200.0,9,6.31,16.798,0.065,0.076,22.199,210,1127,0.18633,-0.114221145,0.166830268,0.010119808,-0.000380634,-0.004457413,BEARISH,['NORMAL'],SINGLE_LEG,N/A,N/A,"[{'action_type': 7, 'action_time': '2026-05-04', 'action_timestamp': 1777824000.0}]",['HK.LIST1079'],"['HK.LIST1239', 'HK.LIST1305', 'HK.LIST1344', 'HK.LIST1348']"
HK.CHT260929P75000,HK.00941,CHT,2026-01-16 10:56:53,1768532213.0,BUY,2.2,200,220000.0,PUT,75.0,2026-09-29,1790611200.0,9,80.0,6.25,2.15,2.24,18.672,200,1621,0.12338,-0.266875017,0.027161135,0.21857761,-0.006182353,-0.127668768,BEARISH,['NORMAL'],SINGLE_LEG,N/A,N/A,"[{'action_type': 7, 'action_time': '2026-06-05', 'action_timestamp': 1780588800.0}, {'action_type': 7, 'action_time': '2026-08-25', 'action_timestamp': 1787587200.0}]",['HK.LIST1054'],"['HK.LIST1176', 'HK.LIST1214', 'HK.LIST1305', 'HK.LIST1344', 'HK.LIST1348', 'HK.LIST22928', 'HK.LIST23586', 'HK.LIST23589', 'HK.LIST24231']"
HK.XIC260929P5750,HK.01398,XIC,2026-01-15 10:02:01,1768442521.0,BUY,0.185,210,38850.0,PUT,5.75,2026-09-29,1790611200.0,9,6.34,9.305,0.169,0.189,22.448,210,667,0.31484,-0.23228949,0.26074585,0.016187781,-0.000577933,-0.009235508,BEARISH,['NORMAL'],SINGLE_LEG,N/A,N/A,"[{'action_type': 7, 'action_time': '2026-05-04', 'action_timestamp': 1777824000.0}]",['HK.LIST1079'],"['HK.LIST1239', 'HK.LIST1305', 'HK.LIST1344', 'HK.LIST1348']"
HK.PAI260929P45000,HK.02318,PAI,2026-01-14 13:02:34,1768366954.0,BUY,0.62,200,62000.0,PUT,45.0,2026-09-29,1790611200.0,9,68.3,34.114,0.53,0.77,36.593,200,4280,0.04672,-0.056370993,0.005396083,0.065172554,-0.004263072,-0.025457237,BEARISH,['NORMAL'],SINGLE_LEG,N/A,N/A,"[{'action_type': 7, 'action_time': '2026-06-02', 'action_timestamp': 1780329600.0}, {'action_type': 7, 'action_time': '2026-09-02', 'action_timestamp': 1788278400.0}]",['HK.LIST1003'],"['HK.LIST1110', 'HK.LIST1178', 'HK.LIST1305']"
HK.XBC261230P3600,HK.03988,XBC,2026-01-14 10:30:06,1768357806.0,BUY,0.053,277,14681.0,PUT,3.6,2026-12-30,1798560000.0,101,4.44,18.918,0.046,0.068,21.259,277,1287,0.21522,-0.10507538,0.198777388,0.007884265,-0.000198824,-0.003965249,BEARISH,['NORMAL'],SINGLE_LEG,N/A,N/A,"[{'action_type': 7, 'action_time': '2026-07-02', 'action_timestamp': 1782921600.0}]",['HK.LIST1079'],"['HK.LIST1239', 'HK.LIST1305', 'HK.LIST1344', 'HK.LIST1348']"
HK.XBC261230P4400,HK.03988,XBC,2026-01-14 10:20:59,1768357259.0,BUY,0.32,200,64000.0,PUT,4.4,2026-12-30,1798560000.0,101,4.45,1.123,0.299,0.345,23.483,200,36,5.55555,-0.395975765,0.402989326,0.016566422,-0.000409204,-0.014275628,BEARISH,['NORMAL'],SINGLE_LEG,N/A,N/A,"[{'action_type': 7, 'action_time': '2026-07-02', 'action_timestamp': 1782921600.0}]",['HK.LIST1079'],"['HK.LIST1239', 'HK.LIST1305', 'HK.LIST1344', 'HK.LIST1348']"
HK.XIC260929P5500,HK.01398,XIC,2026-01-13 10:31:16,1768271476.0,BUY,0.127,210,26670.0,PUT,5.5,2026-09-29,1790611200.0,9,6.29,12.559,0.115,0.13,21.949,210,21575,0.00973,-0.17717341,0.227078376,0.013687383,-0.000482458,-0.007039472,BEARISH,['NORMAL'],SINGLE_LEG,N/A,N/A,"[{'action_type': 7, 'action_time': '2026-05-04', 'action_timestamp': 1777824000.0}]",['HK.LIST1079'],"['HK.LIST1239', 'HK.LIST1305', 'HK.LIST1344', 'HK.LIST1348']"
HK.PEC260929P7250,HK.00857,PEC,2026-01-13 10:13:52,1768270432.0,BUY,0.35,500,350000.0,PUT,7.25,2026-09-29,1790611200.0,9,8.27,12.333,0.32,0.36,30.86,500,307,1.62866,-0.230683155,0.142828391,0.021235704,-0.001086263,-0.012885949,BEARISH,['NORMAL'],SINGLE_LEG,N/A,N/A,"[{'action_type': 7, 'action_time': '2026-06-18', 'action_timestamp': 1781712000.0}, {'action_type': 7, 'action_time': '2026-09-10', 'action_timestamp': 1788969600.0}]",['HK.LIST1042'],"['HK.LIST1175', 'HK.LIST1205', 'HK.LIST1241', 'HK.LIST1305', 'HK.LIST1344', 'HK.LIST1348', 'HK.LIST1362', 'HK.LIST22928']"
HK.HKB260929P112500,HK.00005,HKB,2026-01-13 09:51:05,1768269065.0,BUY,4.52,300,542400.0,PUT,112.5,2026-09-29,1790611200.0,9,126.8,11.277,4.33,4.61,27.211,300,762,0.3937,-0.232013933,0.010667133,0.325057808,-0.014399503,-0.192808001,BEARISH,['NORMAL'],SINGLE_LEG,N/A,N/A,"[{'action_type': 7, 'action_time': '2026-03-12', 'action_timestamp': 1773244800.0}, {'action_type': 7, 'action_time': '2026-05-14', 'action_timestamp': 1778688000.0}, {'action_type': 7, 'action_time': '2026-08-13', 'action_timestamp': 1786550400.0}]",['HK.LIST1079'],"['HK.LIST1252', 'HK.LIST1305', 'HK.LIST23674']"
HK.HKB260929P112500,HK.00005,HKB,2026-01-12 13:10:32,1768194632.0,BUY,5.11,300,613200.0,PUT,112.5,2026-09-29,1790611200.0,9,124.0,9.274,4.89,5.13,26.841,300,442,0.67873,-0.261642338,0.011819369,0.339349864,-0.014593882,-0.211981949,BEARISH,['NORMAL'],SINGLE_LEG,N/A,N/A,"[{'action_type': 7, 'action_time': '2026-03-12', 'action_timestamp': 1773244800.0}, {'action_type': 7, 'action_time': '2026-05-14', 'action_timestamp': 1778688000.0}, {'action_type': 7, 'action_time': '2026-08-13', 'action_timestamp': 1786550400.0}]",['HK.LIST1079'],"['HK.LIST1252', 'HK.LIST1305', 'HK.LIST23674']"
HK.MET261230P100000,HK.03690,MET,2026-01-12 11:49:45,1768189785.0,BUY,11.8,209,1233100.0,PUT,100.0,2026-12-30,1798560000.0,101,105.9,5.571,11.78,11.93,40.262,336,3452,0.09733,-0.342094389,0.009039628,0.380447944,-0.018143306,-0.354229148,BEARISH,['NORMAL'],SINGLE_LEG,N/A,N/A,N/A,['HK.LIST23361'],"['HK.LIST1305', 'HK.LIST1998', 'HK.LIST22886', 'HK.LIST22928', 'HK.LIST23586', 'HK.LIST24037', 'HK.LIST24062']"
HK.XBC261230P3600,HK.03988,XBC,2026-01-12 10:35:41,1768185341.0,BUY,0.063,500,31500.0,PUT,3.6,2026-12-30,1798560000.0,101,4.35,17.241,0.056,0.068,21.432,500,787,0.63532,-0.124018616,0.225945799,0.008732829,-0.000218654,-0.004633957,BEARISH,['NORMAL'],SINGLE_LEG,N/A,N/A,"[{'action_type': 7, 'action_time': '2026-07-02', 'action_timestamp': 1782921600.0}]",['HK.LIST1079'],"['HK.LIST1239', 'HK.LIST1305', 'HK.LIST1344', 'HK.LIST1348']"
HK.XBC261230P3800,HK.03988,XBC,2026-01-12 10:34:35,1768185275.0,BUY,0.11,500,55000.0,PUT,3.8,2026-12-30,1798560000.0,101,4.36,12.844,0.098,0.121,21.559,500,1313,0.3808,-0.186818849,0.297553268,0.011436187,-0.000279329,-0.006956999,BEARISH,['NORMAL'],SINGLE_LEG,N/A,N/A,"[{'action_type': 7, 'action_time': '2026-07-02', 'action_timestamp': 1782921600.0}]",['HK.LIST1079'],"['HK.LIST1239', 'HK.LIST1305', 'HK.LIST1344', 'HK.LIST1348']"
HK.XIC260929P5750,HK.01398,XIC,2026-01-12 09:58:18,1768183098.0,BUY,0.237,205,48585.0,PUT,5.75,2026-09-29,1790611200.0,9,6.14,6.351,0.22,0.237,22.481,205,657,0.31202,-0.28628119,0.299891032,0.017573909,-0.000607189,-0.011045075,BEARISH,['NORMAL'],SINGLE_LEG,N/A,N/A,"[{'action_type': 7, 'action_time': '2026-05-04', 'action_timestamp': 1777824000.0}]",['HK.LIST1079'],"['HK.LIST1239', 'HK.LIST1305', 'HK.LIST1344', 'HK.LIST1348']"
HK.TCH261230P600000,HK.00700,TCH,2026-01-09 15:19:22,1767943162.0,BUY,50.6,400,2024000.0,PUT,600.0,2026-12-30,1798560000.0,101,612.0,1.96,49.68,51.01,27.024,447,20195,0.02213,-0.384308619,0.002478326,2.279933559,-0.066354111,-2.021406077,BEARISH,['NORMAL'],SINGLE_LEG,N/A,N/A,"[{'action_type': 7, 'action_time': '2026-05-15', 'action_timestamp': 1778774400.0}]",['HK.LIST23363'],"['HK.LIST1161', 'HK.LIST1190', 'HK.LIST1191', 'HK.LIST1208', 'HK.LIST1289', 'HK.LIST1305', 'HK.LIST1328', 'HK.LIST1351', 'HK.LIST22886', 'HK.LIST22928', 'HK.LIST23586', 'HK.LIST23589', 'HK.LIST24037', 'HK.LIST24062']"
HK.XIC260929P5500,HK.01398,XIC,2026-01-09 10:18:00,1767925080.0,BUY,0.159,210,33390.0,PUT,5.5,2026-09-29,1790611200.0,9,6.1,9.836,0.15,0.164,21.806,210,21365,0.00982,-0.218849124,0.266460982,0.015233028,-0.000515003,-0.008537916,BEARISH,['NORMAL'],SINGLE_LEG,N/A,N/A,"[{'action_type': 7, 'action_time': '2026-05-04', 'action_timestamp': 1777824000.0}]",['HK.LIST1079'],"['HK.LIST1239', 'HK.LIST1305', 'HK.LIST1344', 'HK.LIST1348']"
HK.XBC261230P3800,HK.03988,XBC,2026-01-08 14:20:14,1767853214.0,BUY,0.1,500,50000.0,PUT,3.8,2026-12-30,1798560000.0,101,4.41,13.832,0.09,0.106,21.554,500,813,0.615,-0.173036722,0.278334236,0.011087855,-0.000269279,-0.006600308,BEARISH,['NORMAL'],SINGLE_LEG,N/A,N/A,"[{'action_type': 7, 'action_time': '2026-07-02', 'action_timestamp': 1782921600.0}]",['HK.LIST1079'],"['HK.LIST1239', 'HK.LIST1305', 'HK.LIST1344', 'HK.LIST1348']"
HK.XBC261230P3700,HK.03988,XBC,2026-01-08 11:41:53,1767843713.0,BUY,0.079,500,39500.0,PUT,3.7,2026-12-30,1798560000.0,101,4.41,16.099,0.069,0.083,21.28,500,145,3.44827,-0.142339184,0.24731951,0.009738451,-0.000236499,-0.005420933,BEARISH,['NORMAL'],SINGLE_LEG,N/A,N/A,"[{'action_type': 7, 'action_time': '2026-07-02', 'action_timestamp': 1782921600.0}]",['HK.LIST1079'],"['HK.LIST1239', 'HK.LIST1305', 'HK.LIST1344', 'HK.LIST1348']"
HK.XBC261230P3600,HK.03988,XBC,2026-01-08 11:35:49,1767843349.0,BUY,0.062,500,31000.0,PUT,3.6,2026-12-30,1798560000.0,101,4.41,18.367,0.053,0.073,22.146,500,287,1.74216,-0.120257629,0.210174491,0.008695398,-0.00022396,-0.004618415,BEARISH,['NORMAL'],SINGLE_LEG,N/A,N/A,"[{'action_type': 7, 'action_time': '2026-07-02', 'action_timestamp': 1782921600.0}]",['HK.LIST1079'],"['HK.LIST1239', 'HK.LIST1305', 'HK.LIST1344', 'HK.LIST1348']"
HK.MIU261230P40000,HK.01810,MIU,2026-01-08 11:31:55,1767843115.0,BUY,6.3,200,1260000.0,PUT,40.0,2026-12-30,1798560000.0,101,37.52,-6.609,6.16,6.39,36.811,301,1383,0.21764,-0.475409767,0.031171936,0.146121821,-0.005892339,-0.164696315,BEARISH,['NORMAL'],SINGLE_LEG,N/A,N/A,N/A,['HK.LIST1055'],"['HK.LIST1161', 'HK.LIST1166', 'HK.LIST1217', 'HK.LIST1305', 'HK.LIST1328', 'HK.LIST1331', 'HK.LIST1351', 'HK.LIST22886', 'HK.LIST22910', 'HK.LIST22928', 'HK.LIST23586', 'HK.LIST23589', 'HK.LIST23593', 'HK.LIST23676', 'HK.LIST24037', 'HK.LIST24062']"
HK.CHT260929P85000,HK.00941,CHT,2026-01-08 11:02:10,1767841330.0,BUY,8.43,360,1517400.0,PUT,85.0,2026-09-29,1790611200.0,9,80.9,-5.067,8.4,8.54,25.876,761,368,2.06793,-0.518938431,0.024394333,0.26995296,-0.009822474,-0.250363319,BEARISH,['NORMAL'],SINGLE_LEG,N/A,N/A,"[{'action_type': 7, 'action_time': '2026-06-05', 'action_timestamp': 1780588800.0}, {'action_type': 7, 'action_time': '2026-08-25', 'action_timestamp': 1787587200.0}]",['HK.LIST1054'],"['HK.LIST1176', 'HK.LIST1214', 'HK.LIST1305', 'HK.LIST1344', 'HK.LIST1348', 'HK.LIST22928', 'HK.LIST23586', 'HK.LIST23589', 'HK.LIST24231']"
HK.CHT260929P85000,HK.00941,CHT,2026-01-08 10:49:20,1767840560.0,BUY,8.43,400,1686000.0,PUT,85.0,2026-09-29,1790611200.0,9,80.9,-5.067,8.38,8.56,25.916,401,368,1.08967,-0.517533115,0.024326369,0.270208055,-0.009857199,-0.250213823,BEARISH,['NORMAL'],SINGLE_LEG,N/A,N/A,"[{'action_type': 7, 'action_time': '2026-06-05', 'action_timestamp': 1780588800.0}, {'action_type': 7, 'action_time': '2026-08-25', 'action_timestamp': 1787587200.0}]",['HK.LIST1054'],"['HK.LIST1176', 'HK.LIST1214', 'HK.LIST1305', 'HK.LIST1344', 'HK.LIST1348', 'HK.LIST22928', 'HK.LIST23586', 'HK.LIST23589', 'HK.LIST24231']"
HK.ALB260929P132500,HK.09988,ALB,2026-01-07 10:22:00,1767752520.0,BUY,11.55,299,1726725.0,PUT,132.5,2026-09-29,1790611200.0,9,145.1,8.683,10.95,11.58,38.935,732,735,0.99591,-0.307117253,0.00743033,0.433630914,-0.027469996,-0.323300449,BEARISH,['NORMAL'],SINGLE_LEG,N/A,N/A,"[{'action_type': 7, 'action_time': '2026-06-10', 'action_timestamp': 1781020800.0}]",['HK.LIST23361'],"['HK.LIST1161', 'HK.LIST1191', 'HK.LIST1287', 'HK.LIST1289', 'HK.LIST1304', 'HK.LIST1328', 'HK.LIST22886', 'HK.LIST22928', 'HK.LIST23586', 'HK.LIST23589', 'HK.LIST23593', 'HK.LIST23674', 'HK.LIST24037', 'HK.LIST24062']"
HK.XBC260929P3900,HK.03988,XBC,2026-01-06 15:58:56,1767686336.0,BUY,0.079,200,15800.0,PUT,3.9,2026-09-29,1790611200.0,9,4.44,12.162,0.07,0.08,20.664,200,2354,0.08496,-0.164894952,0.32024486,0.009401719,-0.000301643,-0.004732099,BEARISH,['NORMAL'],SINGLE_LEG,N/A,N/A,"[{'action_type': 7, 'action_time': '2026-07-02', 'action_timestamp': 1782921600.0}]",['HK.LIST1079'],"['HK.LIST1239', 'HK.LIST1305', 'HK.LIST1344', 'HK.LIST1348']"
HK.XCC261230P6000,HK.00939,XCC,2026-01-06 15:35:53,1767684953.0,BUY,0.074,200,14800.0,PUT,6.0,2026-12-30,1798560000.0,101,7.73,22.38,0.067,0.078,22.479,412,685,0.60145,-0.081945406,0.0884068,0.011575344,-0.000308171,-0.005526026,BEARISH,['NORMAL'],SINGLE_LEG,N/A,N/A,"[{'action_type': 7, 'action_time': '2026-07-02', 'action_timestamp': 1782921600.0}]",['HK.LIST1079'],"['HK.LIST1239', 'HK.LIST1305', 'HK.LIST1344', 'HK.LIST1348']"
HK.MIU261230P40000,HK.01810,MIU,2026-01-06 14:07:45,1767679665.0,BUY,5.72,500,2860000.0,PUT,40.0,2026-12-30,1798560000.0,101,38.8,-3.092,5.71,5.8,37.257,636,747,0.8514,-0.435271742,0.028998742,0.150117214,-0.006207621,-0.15996756,BEARISH,['NORMAL'],SINGLE_LEG,N/A,N/A,N/A,['HK.LIST1055'],"['HK.LIST1161', 'HK.LIST1166', 'HK.LIST1217', 'HK.LIST1305', 'HK.LIST1328', 'HK.LIST1331', 'HK.LIST1351', 'HK.LIST22886', 'HK.LIST22910', 'HK.LIST22928', 'HK.LIST23586', 'HK.LIST23589', 'HK.LIST23593', 'HK.LIST23676', 'HK.LIST24037', 'HK.LIST24062']"
HK.XBC261230P3100,HK.03988,XBC,2026-01-05 14:59:38,1767596378.0,BUY,0.019,330,6270.0,PUT,3.1,2026-12-30,1798560000.0,101,4.46,30.493,0.016,0.027,24.947,330,138,2.3913,-0.042839728,0.082497893,0.004027379,-0.000123423,-0.001644386,BEARISH,['NORMAL'],SINGLE_LEG,N/A,N/A,"[{'action_type': 7, 'action_time': '2026-07-02', 'action_timestamp': 1782921600.0}]",['HK.LIST1079'],"['HK.LIST1239', 'HK.LIST1305', 'HK.LIST1344', 'HK.LIST1348']"
HK.XCC261230P6000,HK.00939,XCC,2026-01-05 14:43:50,1767595430.0,BUY,0.077,200,15400.0,PUT,6.0,2026-12-30,1798560000.0,101,7.67,21.773,0.07,0.083,22.309,270,415,0.6506,-0.085303535,0.092331485,0.011868322,-0.000311589,-0.005732294,BEARISH,['NORMAL'],SINGLE_LEG,N/A,N/A,"[{'action_type': 7, 'action_time': '2026-07-02', 'action_timestamp': 1782921600.0}]",['HK.LIST1079'],"['HK.LIST1239', 'HK.LIST1305', 'HK.LIST1344', 'HK.LIST1348']"
HK.XCC260929P7750,HK.00939,XCC,2026-01-05 11:31:28,1767583888.0,BUY,0.556,246,136776.0,PUT,7.75,2026-09-29,1790611200.0,9,7.72,-0.388,0.555,0.558,23.594,522,1544,0.33808,-0.433453561,0.26893766,0.025653348,-0.000856414,-0.020596431,BEARISH,['NORMAL'],SINGLE_LEG,N/A,N/A,"[{'action_type': 7, 'action_time': '2026-07-02', 'action_timestamp': 1782921600.0}]",['HK.LIST1079'],"['HK.LIST1239', 'HK.LIST1305', 'HK.LIST1344', 'HK.LIST1348']"
HK.XCC260929P7750,HK.00939,XCC,2026-01-05 11:31:27,1767583887.0,BUY,0.556,246,136776.0,PUT,7.75,2026-09-29,1790611200.0,9,7.71,-0.518,0.543,0.558,23.594,276,1544,0.17875,-0.433453561,0.26893766,0.025653348,-0.000856414,-0.020596431,BEARISH,['NORMAL'],SINGLE_LEG,N/A,N/A,"[{'action_type': 7, 'action_time': '2026-07-02', 'action_timestamp': 1782921600.0}]",['HK.LIST1079'],"['HK.LIST1239', 'HK.LIST1305', 'HK.LIST1344', 'HK.LIST1348']"
HK.XIC260929P5500,HK.01398,XIC,2026-01-05 10:58:11,1767581891.0,BUY,0.138,210,28980.0,PUT,5.5,2026-09-29,1790611200.0,9,6.24,11.858,0.127,0.143,22.103,210,21055,0.00997,-0.187431761,0.231537361,0.014322143,-0.000490157,-0.007640156,BEARISH,['NORMAL'],SINGLE_LEG,N/A,N/A,"[{'action_type': 7, 'action_time': '2026-05-04', 'action_timestamp': 1777824000.0}]",['HK.LIST1079'],"['HK.LIST1239', 'HK.LIST1305', 'HK.LIST1344', 'HK.LIST1348']"
HK.XIC260929P5250,HK.01398,XIC,2026-01-05 10:58:11,1767581891.0,BUY,0.086,210,18060.0,PUT,5.25,2026-09-29,1790611200.0,9,6.24,15.865,0.076,0.09,22.002,210,917,0.229,-0.126935717,0.178568575,0.011086672,-0.000387221,-0.005177127,BEARISH,['NORMAL'],SINGLE_LEG,N/A,N/A,"[{'action_type': 7, 'action_time': '2026-05-04', 'action_timestamp': 1777824000.0}]",['HK.LIST1079'],"['HK.LIST1239', 'HK.LIST1305', 'HK.LIST1344', 'HK.LIST1348']"
HK.HKB260929P112500,HK.00005,HKB,2026-01-05 10:45:52,1767581152.0,BUY,4.8,300,576000.0,PUT,112.5,2026-09-29,1790611200.0,9,124.6,9.711,4.63,4.83,26.144,300,142,2.11267,-0.252063709,0.011685524,0.338935494,-0.013770534,-0.209915927,BEARISH,['NORMAL'],SINGLE_LEG,N/A,N/A,"[{'action_type': 7, 'action_time': '2026-03-12', 'action_timestamp': 1773244800.0}, {'action_type': 7, 'action_time': '2026-05-14', 'action_timestamp': 1778688000.0}, {'action_type': 7, 'action_time': '2026-08-13', 'action_timestamp': 1786550400.0}]",['HK.LIST1079'],"['HK.LIST1252', 'HK.LIST1305', 'HK.LIST23674']"
HK.KST261230P70000,HK.01024,KST,2026-01-05 10:12:47,1767579167.0,BUY,10.0,300,1500000.0,PUT,70.0,2026-12-30,1798560000.0,101,74.55,6.103,9.76,10.25,47.071,1300,1208,1.07615,-0.331190172,0.010630413,0.269084403,-0.015011607,-0.262498033,BEARISH,['NORMAL'],SINGLE_LEG,N/A,N/A,"[{'action_type': 7, 'action_time': '2026-06-29', 'action_timestamp': 1782662400.0}]",N/A,"['HK.LIST1305', 'HK.LIST1306', 'HK.LIST1328', 'HK.LIST22886', 'HK.LIST23586', 'HK.LIST24037']"
HK.KST261230P70000,HK.01024,KST,2026-01-05 10:04:11,1767578651.0,BUY,10.0,985,4925000.0,PUT,70.0,2026-12-30,1798560000.0,101,74.4,5.913,9.8,10.27,46.458,1000,1208,0.82781,-0.334548081,0.010864791,0.269039039,-0.01477621,-0.262752458,BEARISH,['NORMAL'],SINGLE_LEG,N/A,N/A,"[{'action_type': 7, 'action_time': '2026-06-29', 'action_timestamp': 1782662400.0}]",N/A,"['HK.LIST1305', 'HK.LIST1306', 'HK.LIST1328', 'HK.LIST22886', 'HK.LIST23586', 'HK.LIST24037']"
HK.XIC260929P5750,HK.01398,XIC,2026-01-05 10:03:52,1767578632.0,BUY,0.209,205,42845.0,PUT,5.75,2026-09-29,1790611200.0,9,6.24,7.852,0.199,0.216,22.31,205,667,0.30734,-0.257357299,0.277245277,0.017173754,-0.000577486,-0.010410549,BEARISH,['NORMAL'],SINGLE_LEG,N/A,N/A,"[{'action_type': 7, 'action_time': '2026-05-04', 'action_timestamp': 1777824000.0}]",['HK.LIST1079'],"['HK.LIST1239', 'HK.LIST1305', 'HK.LIST1344', 'HK.LIST1348']"
HK.XBC261230P3800,HK.03988,XBC,2025-12-31 11:18:40,1767151120.0,BUY,0.09,500,45000.0,PUT,3.8,2026-12-30,1798560000.0,101,4.48,15.178,0.081,0.095,21.448,500,293,1.70648,-0.154962799,0.252832961,0.010609085,-0.000252028,-0.006147263,BEARISH,['NORMAL'],SINGLE_LEG,N/A,N/A,"[{'action_type': 7, 'action_time': '2026-07-02', 'action_timestamp': 1782921600.0}]",['HK.LIST1079'],"['HK.LIST1239', 'HK.LIST1305', 'HK.LIST1344', 'HK.LIST1348']"
HK.XIC260929P5500,HK.01398,XIC,2025-12-31 11:02:56,1767150176.0,BUY,0.132,210,27720.0,PUT,5.5,2026-09-29,1790611200.0,9,6.24,11.858,0.118,0.138,21.447,240,20815,0.01153,-0.182908093,0.232953774,0.014234731,-0.000461535,-0.007559022,BEARISH,['NORMAL'],SINGLE_LEG,N/A,N/A,"[{'action_type': 7, 'action_time': '2026-05-04', 'action_timestamp': 1777824000.0}]",['HK.LIST1079'],"['HK.LIST1239', 'HK.LIST1305', 'HK.LIST1344', 'HK.LIST1348']"
HK.XIC260929P5500,HK.01398,XIC,2025-12-29 15:59:11,1766995151.0,BUY,0.138,210,28980.0,PUT,5.5,2026-09-29,1790611200.0,9,6.21,11.433,0.124,0.141,21.383,240,20843,0.01151,-0.189857806,0.23974674,0.014542274,-0.000465049,-0.007849596,BEARISH,['NORMAL'],SINGLE_LEG,N/A,N/A,"[{'action_type': 7, 'action_time': '2026-05-04', 'action_timestamp': 1777824000.0}]",['HK.LIST1079'],"['HK.LIST1239', 'HK.LIST1305', 'HK.LIST1344', 'HK.LIST1348']"
HK.TCH260929P580000,HK.00700,TCH,2025-12-29 14:55:20,1766991320.0,BUY,39.16,491,1922756.0,PUT,580.0,2026-09-29,1790611200.0,9,597.0,2.847,38.73,39.71,26.303,491,1125,0.43644,-0.371900368,0.002897987,1.940267859,-0.073775343,-1.479638868,BEARISH,['NORMAL'],SINGLE_LEG,N/A,N/A,"[{'action_type': 7, 'action_time': '2026-05-15', 'action_timestamp': 1778774400.0}]",['HK.LIST23363'],"['HK.LIST1161', 'HK.LIST1190', 'HK.LIST1191', 'HK.LIST1208', 'HK.LIST1289', 'HK.LIST1305', 'HK.LIST1328', 'HK.LIST1351', 'HK.LIST22886', 'HK.LIST22928', 'HK.LIST23586', 'HK.LIST23589', 'HK.LIST24037', 'HK.LIST24062']"
HK.TCH260929P400000,HK.00700,TCH,2025-12-29 13:04:29,1766984669.0,BUY,3.3,500,165000.0,PUT,400.0,2026-09-29,1790611200.0,9,602.5,33.609,3.22,4.07,31.773,554,405,1.3679,-0.042852262,0.000547956,0.476410592,-0.02530159,-0.174547886,BEARISH,['NORMAL'],SINGLE_LEG,N/A,N/A,"[{'action_type': 7, 'action_time': '2026-05-15', 'action_timestamp': 1778774400.0}]",['HK.LIST23363'],"['HK.LIST1161', 'HK.LIST1190', 'HK.LIST1191', 'HK.LIST1208', 'HK.LIST1289', 'HK.LIST1305', 'HK.LIST1328', 'HK.LIST1351', 'HK.LIST22886', 'HK.LIST22928', 'HK.LIST23586', 'HK.LIST23589', 'HK.LIST24037', 'HK.LIST24062']"
HK.CHT260929P75000,HK.00941,CHT,2025-12-29 10:17:33,1766974653.0,BUY,1.71,300,256500.0,PUT,75.0,2026-09-29,1790611200.0,9,82.3,8.869,1.66,1.76,18.374,375,1162,0.32271,-0.211459883,0.022666874,0.204932599,-0.005400139,-0.112432145,BEARISH,['NORMAL'],SINGLE_LEG,N/A,N/A,"[{'action_type': 7, 'action_time': '2026-06-05', 'action_timestamp': 1780588800.0}, {'action_type': 7, 'action_time': '2026-08-25', 'action_timestamp': 1787587200.0}]",['HK.LIST1054'],"['HK.LIST1176', 'HK.LIST1214', 'HK.LIST1305', 'HK.LIST1344', 'HK.LIST1348', 'HK.LIST22928', 'HK.LIST23586', 'HK.LIST23589', 'HK.LIST24231']"
HK.HSB260929P155000,N/A.,HSB,2025-12-23 10:53:14,1766458394.0,BUY,4.66,300,139800.0,PUT,155.0,2026-09-29,1790611200.0,9,153.6,-0.911,N/A,N/A,7.955,300,300,1.0,-0.474573232,0.052141921,0.491653671,-0.003069701,-0.306392857,BEARISH,['NORMAL'],SINGLE_LEG,N/A,N/A,N/A,N/A,N/A
HK.HSB260929P155000,N/A.,HSB,2025-12-22 15:55:02,1766390102.0,BUY,2.3,300,69000.0,PUT,155.0,2026-09-29,1790611200.0,9,153.6,-0.911,N/A,N/A,5.48,300,N/A,0.0,-0.515111141,0.102665872,0.443584944,-0.001207559,-0.23874821,BEARISH,['NORMAL'],SINGLE_LEG,N/A,N/A,N/A,N/A,N/A
HK.ZJM260929P35000,HK.02899,ZJM,2025-12-22 13:26:20,1766381180.0,BUY,4.7,500,4700000.0,PUT,35.0,2026-09-29,1790611200.0,9,34.8,-0.574,4.66,4.85,41.864,500,1021,0.48971,-0.412261042,0.031541133,0.118272842,-0.007342815,-0.11078794,BEARISH,['NORMAL'],SINGLE_LEG,N/A,N/A,"[{'action_type': 7, 'action_time': '2026-06-09', 'action_timestamp': 1780934400.0}, {'action_type': 7, 'action_time': '2026-07-23', 'action_timestamp': 1784736000.0}]",['HK.LIST1084'],"['HK.LIST1222', 'HK.LIST1305', 'HK.LIST1312', 'HK.LIST1314', 'HK.LIST1348', 'HK.LIST1362', 'HK.LIST24039']"
HK.XBC260929P3800,HK.03988,XBC,2025-12-19 14:49:15,1766126955.0,BUY,0.073,200,14600.0,PUT,3.8,2026-09-29,1790611200.0,9,4.4,13.636,0.066,0.079,20.778,200,3175,0.06299,-0.152587825,0.29696204,0.009109236,-0.000273084,-0.004603473,BEARISH,['NORMAL'],SINGLE_LEG,N/A,N/A,"[{'action_type': 7, 'action_time': '2026-07-02', 'action_timestamp': 1782921600.0}]",['HK.LIST1079'],"['HK.LIST1239', 'HK.LIST1305', 'HK.LIST1344', 'HK.LIST1348']"
HK.XBC261230P4300,HK.03988,XBC,2025-12-18 15:32:38,1766043158.0,BUY,0.308,200,61600.0,PUT,4.3,2026-12-30,1798560000.0,101,4.37,1.601,0.294,0.324,23.009,203,39,5.20512,-0.384121143,0.402866044,0.016709365,-0.000366921,-0.014476397,BEARISH,['NORMAL'],SINGLE_LEG,N/A,N/A,"[{'action_type': 7, 'action_time': '2026-07-02', 'action_timestamp': 1782921600.0}]",['HK.LIST1079'],"['HK.LIST1239', 'HK.LIST1305', 'HK.LIST1344', 'HK.LIST1348']"
HK.XBC261230P4100,HK.03988,XBC,2025-12-18 15:29:29,1766042969.0,BUY,0.218,200,43600.0,PUT,4.1,2026-12-30,1798560000.0,101,4.36,5.963,0.208,0.22,22.551,200,30,6.66666,-0.302586586,0.366444389,0.015338874,-0.000342614,-0.011766301,BEARISH,['NORMAL'],SINGLE_LEG,N/A,N/A,"[{'action_type': 7, 'action_time': '2026-07-02', 'action_timestamp': 1782921600.0}]",['HK.LIST1079'],"['HK.LIST1239', 'HK.LIST1305', 'HK.LIST1344', 'HK.LIST1348']"
HK.XCC260929P7000,HK.00939,XCC,2025-12-18 15:01:50,1766041310.0,BUY,0.262,200,52400.0,PUT,7.0,2026-09-29,1790611200.0,9,7.51,6.79,0.253,0.273,21.046,200,9791,0.02042,-0.276504215,0.248346245,0.022017604,-0.000630542,-0.01398582,BEARISH,['NORMAL'],SINGLE_LEG,N/A,N/A,"[{'action_type': 7, 'action_time': '2026-07-02', 'action_timestamp': 1782921600.0}]",['HK.LIST1079'],"['HK.LIST1239', 'HK.LIST1305', 'HK.LIST1344', 'HK.LIST1348']"
HK.MIU261230P29000,HK.01810,MIU,2025-12-18 13:48:24,1766036904.0,BUY,1.45,200,290000.0,PUT,29.0,2026-12-30,1798560000.0,101,39.96,27.427,1.37,1.51,40.145,200,5,40.0,-0.142304173,0.013930947,0.091330511,-0.004278442,-0.059132706,BEARISH,['NORMAL'],SINGLE_LEG,N/A,N/A,N/A,['HK.LIST1055'],"['HK.LIST1161', 'HK.LIST1166', 'HK.LIST1217', 'HK.LIST1305', 'HK.LIST1328', 'HK.LIST1331', 'HK.LIST1351', 'HK.LIST22886', 'HK.LIST22910', 'HK.LIST22928', 'HK.LIST23586', 'HK.LIST23589', 'HK.LIST23593', 'HK.LIST23676', 'HK.LIST24037', 'HK.LIST24062']"
HK.ZJM260929P35000,HK.02899,ZJM,2025-12-17 11:02:52,1765940572.0,BUY,5.35,200,2140000.0,PUT,35.0,2026-09-29,1790611200.0,9,33.38,-4.853,5.06,5.53,41.66,200,921,0.21715,-0.45799056,0.033734246,0.116475912,-0.006936202,-0.118645031,BEARISH,['NORMAL'],SINGLE_LEG,N/A,N/A,"[{'action_type': 7, 'action_time': '2026-06-09', 'action_timestamp': 1780934400.0}, {'action_type': 7, 'action_time': '2026-07-23', 'action_timestamp': 1784736000.0}]",['HK.LIST1084'],"['HK.LIST1222', 'HK.LIST1305', 'HK.LIST1312', 'HK.LIST1314', 'HK.LIST1348', 'HK.LIST1362', 'HK.LIST24039']"
HK.MIU260929P37000,HK.01810,MIU,2025-12-16 15:53:56,1765871636.0,BUY,3.05,262,799100.0,PUT,37.0,2026-09-29,1790611200.0,9,40.92,9.579,3.04,3.09,37.92,1000,3758,0.26609,-0.295862549,0.025641965,0.124959147,-0.007036898,-0.094156417,BEARISH,['NORMAL'],SINGLE_LEG,N/A,N/A,N/A,['HK.LIST1055'],"['HK.LIST1161', 'HK.LIST1166', 'HK.LIST1217', 'HK.LIST1305', 'HK.LIST1328', 'HK.LIST1331', 'HK.LIST1351', 'HK.LIST22886', 'HK.LIST22910', 'HK.LIST22928', 'HK.LIST23586', 'HK.LIST23589', 'HK.LIST23593', 'HK.LIST23676', 'HK.LIST24037', 'HK.LIST24062']"
HK.XBC260929P3600,HK.03988,XBC,2025-12-16 14:46:53,1765867613.0,BUY,0.051,300,15300.0,PUT,3.6,2026-09-29,1790611200.0,9,4.32,16.666,0.049,0.053,21.452,600,2676,0.22421,-0.11538981,0.23857379,0.007443183,-0.000233203,-0.003477092,BEARISH,['NORMAL'],SINGLE_LEG,N/A,N/A,"[{'action_type': 7, 'action_time': '2026-07-02', 'action_timestamp': 1782921600.0}]",['HK.LIST1079'],"['HK.LIST1239', 'HK.LIST1305', 'HK.LIST1344', 'HK.LIST1348']"
HK.HKB260929P110000,HK.00005,HKB,2025-12-16 14:27:14,1765866434.0,BUY,6.56,225,590400.0,PUT,110.0,2026-09-29,1790611200.0,9,115.6,4.844,6.48,6.59,25.619,600,603,0.99502,-0.334035961,0.014407853,0.370095956,-0.013028313,-0.269200635,BEARISH,['NORMAL'],SINGLE_LEG,N/A,N/A,"[{'action_type': 7, 'action_time': '2026-03-12', 'action_timestamp': 1773244800.0}, {'action_type': 7, 'action_time': '2026-05-14', 'action_timestamp': 1778688000.0}, {'action_type': 7, 'action_time': '2026-08-13', 'action_timestamp': 1786550400.0}]",['HK.LIST1079'],"['HK.LIST1252', 'HK.LIST1305', 'HK.LIST23674']"
HK.HKB260929P110000,HK.00005,HKB,2025-12-16 14:26:33,1765866393.0,BUY,6.51,285,742140.0,PUT,110.0,2026-09-29,1790611200.0,9,115.6,4.844,6.51,6.52,25.389,315,603,0.52238,-0.333366249,0.014530728,0.369769915,-0.01287968,-0.268118342,BEARISH,['NORMAL'],SINGLE_LEG,N/A,N/A,"[{'action_type': 7, 'action_time': '2026-03-12', 'action_timestamp': 1773244800.0}, {'action_type': 7, 'action_time': '2026-05-14', 'action_timestamp': 1778688000.0}, {'action_type': 7, 'action_time': '2026-08-13', 'action_timestamp': 1786550400.0}]",['HK.LIST1079'],"['HK.LIST1252', 'HK.LIST1305', 'HK.LIST23674']"
HK.KST261230P70000,HK.01024,KST,2025-12-16 14:15:58,1765865758.0,BUY,14.27,200,1427000.0,PUT,70.0,2026-12-30,1798560000.0,101,63.85,-9.631,14.09,14.55,45.982,232,1006,0.23061,-0.467152413,0.014132462,0.256597338,-0.012417486,-0.320330379,BEARISH,['NORMAL'],SINGLE_LEG,N/A,N/A,"[{'action_type': 7, 'action_time': '2026-06-29', 'action_timestamp': 1782662400.0}]",N/A,"['HK.LIST1305', 'HK.LIST1306', 'HK.LIST1328', 'HK.LIST22886', 'HK.LIST23586', 'HK.LIST24037']"
HK.CTC260929P5750,HK.00728,CTC,2025-12-16 13:59:50,1765864790.0,BUY,0.57,500,570000.0,PUT,5.75,2026-09-29,1790611200.0,9,5.55,-3.603,0.55,0.6,26.418,500,325,1.53846,-0.487995125,0.333813737,0.019284493,-0.000657296,-0.017741639,BEARISH,['NORMAL'],SINGLE_LEG,N/A,N/A,"[{'action_type': 7, 'action_time': '2026-06-02', 'action_timestamp': 1780329600.0}, {'action_type': 7, 'action_time': '2026-09-02', 'action_timestamp': 1788278400.0}]",['HK.LIST1054'],"['HK.LIST1176', 'HK.LIST1214', 'HK.LIST1305', 'HK.LIST1344', 'HK.LIST1348', 'HK.LIST22928', 'HK.LIST23586', 'HK.LIST23589']"
HK.XCC261230P6250,HK.00939,XCC,2025-12-16 13:07:53,1765861673.0,BUY,0.139,200,27800.0,PUT,6.25,2026-12-30,1798560000.0,101,7.41,15.654,0.13,0.156,21.278,200,613,0.32626,-0.147175197,0.145849283,0.017320917,-0.000387916,-0.010025544,BEARISH,['NORMAL'],SINGLE_LEG,N/A,N/A,"[{'action_type': 7, 'action_time': '2026-07-02', 'action_timestamp': 1782921600.0}]",['HK.LIST1079'],"['HK.LIST1239', 'HK.LIST1305', 'HK.LIST1344', 'HK.LIST1348']"
HK.XBC260929P3600,HK.03988,XBC,2025-12-16 10:43:05,1765852985.0,BUY,0.046,300,13800.0,PUT,3.6,2026-09-29,1790611200.0,9,4.36,17.431,0.046,0.054,21.145,300,2676,0.1121,-0.105652566,0.225329255,0.007038752,-0.000217803,-0.003197955,BEARISH,['NORMAL'],SINGLE_LEG,N/A,N/A,"[{'action_type': 7, 'action_time': '2026-07-02', 'action_timestamp': 1782921600.0}]",['HK.LIST1079'],"['HK.LIST1239', 'HK.LIST1305', 'HK.LIST1344', 'HK.LIST1348']"
HK.TCH260929P600000,HK.00700,TCH,2025-12-12 13:09:32,1765516172.0,BUY,44.4,200,888000.0,PUT,600.0,2026-09-29,1790611200.0,9,608.5,1.396,44.4,44.88,26.059,200,11483,0.01741,-0.394036296,0.002862912,2.07104891,-0.071390842,-1.667414947,BEARISH,['NORMAL'],SINGLE_LEG,N/A,N/A,"[{'action_type': 7, 'action_time': '2026-05-15', 'action_timestamp': 1778774400.0}]",['HK.LIST23363'],"['HK.LIST1161', 'HK.LIST1190', 'HK.LIST1191', 'HK.LIST1208', 'HK.LIST1289', 'HK.LIST1305', 'HK.LIST1328', 'HK.LIST1351', 'HK.LIST22886', 'HK.LIST22928', 'HK.LIST23586', 'HK.LIST23589', 'HK.LIST24037', 'HK.LIST24062']"
HK.CPC261230P3500,HK.00386,CPC,2025-12-11 15:24:28,1765437868.0,BUY,0.08,2856,456960.0,PUT,3.5,2026-12-30,1798560000.0,101,4.28,18.224,0.07,0.09,22.957,5000,32,156.25,-0.132966989,0.216491823,0.009394936,-0.000228968,-0.005362815,BEARISH,['NORMAL'],SINGLE_LEG,N/A,N/A,"[{'action_type': 7, 'action_time': '2026-06-08', 'action_timestamp': 1780848000.0}, {'action_type': 7, 'action_time': '2026-09-21', 'action_timestamp': 1789920000.0}]",['HK.LIST1042'],"['HK.LIST1175', 'HK.LIST1205', 'HK.LIST1241', 'HK.LIST1305', 'HK.LIST1342', 'HK.LIST1344', 'HK.LIST1348', 'HK.LIST22928']"
HK.ANA261230P80000,HK.02020,ANA,2025-12-11 13:04:07,1765429447.0,BUY,9.6,250,480000.0,PUT,80.0,2026-12-30,1798560000.0,101,80.1,0.124,8.46,9.79,33.704,256,10,25.6,-0.401134327,0.014762107,0.314770884,-0.010743243,-0.316371994,BEARISH,['NORMAL'],SINGLE_LEG,N/A,N/A,"[{'action_type': 7, 'action_time': '2026-05-15', 'action_timestamp': 1778774400.0}, {'action_type': 7, 'action_time': '2026-09-08', 'action_timestamp': 1788796800.0}]",['HK.LIST1277'],"['HK.LIST1161', 'HK.LIST1185', 'HK.LIST1305', 'HK.LIST24231']"
HK.CRC260929P4300,HK.01186,CRC,2025-12-11 11:26:48,1765423608.0,BUY,0.04,232,4640.0,PUT,4.3,2026-09-29,1790611200.0,9,5.38,20.074,0.01,0.09,23.825,232,232,1.0,-0.10038273,0.154543467,0.00844778,-0.000295197,-0.003873781,BEARISH,['NORMAL'],SINGLE_LEG,N/A,N/A,"[{'action_type': 7, 'action_time': '2026-07-20', 'action_timestamp': 1784476800.0}]",N/A,"['HK.LIST1175', 'HK.LIST1244', 'HK.LIST1348']"
HK.MIU260929P41000,HK.01810,MIU,2025-12-10 13:48:38,1765345718.0,BUY,4.86,270,1312200.0,PUT,41.0,2026-09-29,1790611200.0,9,41.42,1.014,4.78,4.86,38.081,1080,1195,0.90376,-0.396741939,0.02829896,0.142266725,-0.007610234,-0.128695436,BEARISH,['NORMAL'],SINGLE_LEG,N/A,N/A,N/A,['HK.LIST1055'],"['HK.LIST1161', 'HK.LIST1166', 'HK.LIST1217', 'HK.LIST1305', 'HK.LIST1328', 'HK.LIST1331', 'HK.LIST1351', 'HK.LIST22886', 'HK.LIST22910', 'HK.LIST22928', 'HK.LIST23586', 'HK.LIST23589', 'HK.LIST23593', 'HK.LIST23676', 'HK.LIST24037', 'HK.LIST24062']"
HK.MIU260929P41000,HK.01810,MIU,2025-12-10 13:42:47,1765345367.0,BUY,4.86,270,1312200.0,PUT,41.0,2026-09-29,1790611200.0,9,41.38,0.918,4.79,4.86,37.899,810,1195,0.67782,-0.400886595,0.028637364,0.142152459,-0.007551228,-0.129270433,BEARISH,['NORMAL'],SINGLE_LEG,N/A,N/A,N/A,['HK.LIST1055'],"['HK.LIST1161', 'HK.LIST1166', 'HK.LIST1217', 'HK.LIST1305', 'HK.LIST1328', 'HK.LIST1331', 'HK.LIST1351', 'HK.LIST22886', 'HK.LIST22910', 'HK.LIST22928', 'HK.LIST23586', 'HK.LIST23589', 'HK.LIST23593', 'HK.LIST23676', 'HK.LIST24037', 'HK.LIST24062']"
HK.MIU260929P41000,HK.01810,MIU,2025-12-10 13:41:03,1765345263.0,BUY,4.88,270,1317600.0,PUT,41.0,2026-09-29,1790611200.0,9,41.3,0.726,4.83,4.89,37.864,540,1195,0.45188,-0.400919193,0.028665604,0.142154163,-0.007543163,-0.129240806,BEARISH,['NORMAL'],SINGLE_LEG,N/A,N/A,N/A,['HK.LIST1055'],"['HK.LIST1161', 'HK.LIST1166', 'HK.LIST1217', 'HK.LIST1305', 'HK.LIST1328', 'HK.LIST1331', 'HK.LIST1351', 'HK.LIST22886', 'HK.LIST22910', 'HK.LIST22928', 'HK.LIST23586', 'HK.LIST23589', 'HK.LIST23593', 'HK.LIST23676', 'HK.LIST24037', 'HK.LIST24062']"
HK.MIU260929P41000,HK.01810,MIU,2025-12-10 13:39:39,1765345179.0,BUY,4.9,270,1323000.0,PUT,41.0,2026-09-29,1790611200.0,9,41.28,0.678,4.82,4.9,38.018,270,1195,0.22594,-0.401346148,0.028569339,0.142128782,-0.007575981,-0.129476214,BEARISH,['NORMAL'],SINGLE_LEG,N/A,N/A,N/A,['HK.LIST1055'],"['HK.LIST1161', 'HK.LIST1166', 'HK.LIST1217', 'HK.LIST1305', 'HK.LIST1328', 'HK.LIST1331', 'HK.LIST1351', 'HK.LIST22886', 'HK.LIST22910', 'HK.LIST22928', 'HK.LIST23586', 'HK.LIST23589', 'HK.LIST23593', 'HK.LIST23676', 'HK.LIST24037', 'HK.LIST24062']"
HK.VNK261230P2600,HK.02202,VNK,2025-12-10 13:28:35,1765344515.0,BUY,0.5,416,208000.0,PUT,2.6,2026-12-30,1798560000.0,101,3.64,28.571,0.49,0.68,78.052,601,25,24.04,-0.195186587,0.0956081,0.010326194,-0.000951147,-0.00989497,BEARISH,['NORMAL'],SINGLE_LEG,N/A,N/A,N/A,N/A,"['HK.LIST1178', 'HK.LIST1234']"
HK.BIU260929P80000,HK.09888,BIU,2025-12-09 15:06:39,1765263999.0,BUY,2.7,243,98415.0,PUT,80.0,2026-09-29,1790611200.0,9,121.8,34.318,2.18,4.89,43.868,350,3546,0.0987,-0.091457146,0.003438225,0.179626121,-0.012266309,-0.089440395,BEARISH,['NORMAL'],SINGLE_LEG,N/A,N/A,N/A,['HK.LIST23360'],"['HK.LIST1304', 'HK.LIST22886', 'HK.LIST23586', 'HK.LIST23589', 'HK.LIST24037', 'HK.LIST24062']"
HK.CTC260929P5750,HK.00728,CTC,2025-12-09 13:56:52,1765259812.0,BUY,0.56,210,235200.0,PUT,5.75,2026-09-29,1790611200.0,9,5.71,-0.7,0.46,0.56,28.098,500,542,0.9225,-0.430013145,0.289384466,0.019909127,-0.000731721,-0.017342845,BEARISH,['NORMAL'],SINGLE_LEG,N/A,N/A,"[{'action_type': 7, 'action_time': '2026-06-02', 'action_timestamp': 1780329600.0}, {'action_type': 7, 'action_time': '2026-09-02', 'action_timestamp': 1788278400.0}]",['HK.LIST1054'],"['HK.LIST1176', 'HK.LIST1214', 'HK.LIST1305', 'HK.LIST1344', 'HK.LIST1348', 'HK.LIST22928', 'HK.LIST23586', 'HK.LIST23589']"
HK.CTC260929P5750,HK.00728,CTC,2025-12-09 13:56:52,1765259812.0,BUY,0.56,290,324800.0,PUT,5.75,2026-09-29,1790611200.0,9,5.71,-0.7,0.46,0.56,28.098,500,542,0.9225,-0.430013145,0.289384466,0.019909127,-0.000731721,-0.017342845,BEARISH,['NORMAL'],SINGLE_LEG,N/A,N/A,"[{'action_type': 7, 'action_time': '2026-06-02', 'action_timestamp': 1780329600.0}, {'action_type': 7, 'action_time': '2026-09-02', 'action_timestamp': 1788278400.0}]",['HK.LIST1054'],"['HK.LIST1176', 'HK.LIST1214', 'HK.LIST1305', 'HK.LIST1344', 'HK.LIST1348', 'HK.LIST22928', 'HK.LIST23586', 'HK.LIST23589']"
HK.PEC260929P8000,HK.00857,PEC,2025-12-09 11:38:36,1765251516.0,BUY,0.62,200,248000.0,PUT,8.0,2026-09-29,1790611200.0,9,8.42,4.988,0.61,0.63,30.768,400,220,1.81818,-0.342898106,0.16355055,0.02761348,-0.001171476,-0.021571675,BEARISH,['NORMAL'],SINGLE_LEG,N/A,N/A,"[{'action_type': 7, 'action_time': '2026-06-18', 'action_timestamp': 1781712000.0}, {'action_type': 7, 'action_time': '2026-09-10', 'action_timestamp': 1788969600.0}]",['HK.LIST1042'],"['HK.LIST1175', 'HK.LIST1205', 'HK.LIST1241', 'HK.LIST1305', 'HK.LIST1344', 'HK.LIST1348', 'HK.LIST1362', 'HK.LIST22928']"
HK.PEC260929P8000,HK.00857,PEC,2025-12-09 11:10:35,1765249835.0,BUY,0.61,200,244000.0,PUT,8.0,2026-09-29,1790611200.0,9,8.44,5.213,0.6,0.63,30.652,200,220,0.90909,-0.339445093,0.163065386,0.027575445,-0.001166113,-0.021402548,BEARISH,['NORMAL'],SINGLE_LEG,N/A,N/A,"[{'action_type': 7, 'action_time': '2026-06-18', 'action_timestamp': 1781712000.0}, {'action_type': 7, 'action_time': '2026-09-10', 'action_timestamp': 1788969600.0}]",['HK.LIST1042'],"['HK.LIST1175', 'HK.LIST1205', 'HK.LIST1241', 'HK.LIST1305', 'HK.LIST1344', 'HK.LIST1348', 'HK.LIST1362', 'HK.LIST22928']"
HK.HNP260929P7500,HK.00902,HNP,2025-12-09 11:04:05,1765249445.0,BUY,1.68,200,672000.0,PUT,7.5,2026-09-29,1790611200.0,9,6.18,-21.359,1.64,1.75,40.672,1400,1400,1.0,-0.629156589,0.189196154,0.020569983,-0.001068527,-0.027923117,BEARISH,['NORMAL'],SINGLE_LEG,N/A,N/A,"[{'action_type': 7, 'action_time': '2026-06-24', 'action_timestamp': 1782230400.0}]",['HK.LIST1051'],"['HK.LIST1207', 'HK.LIST1329', 'HK.LIST1348']"
HK.HNP260929P7500,HK.00902,HNP,2025-12-09 11:02:55,1765249375.0,BUY,1.68,200,672000.0,PUT,7.5,2026-09-29,1790611200.0,9,6.19,-21.163,1.6,1.68,40.976,1200,1400,0.85714,-0.625117913,0.18749977,0.020687454,-0.001086513,-0.027987808,BEARISH,['NORMAL'],SINGLE_LEG,N/A,N/A,"[{'action_type': 7, 'action_time': '2026-06-24', 'action_timestamp': 1782230400.0}]",['HK.LIST1051'],"['HK.LIST1207', 'HK.LIST1329', 'HK.LIST1348']"
HK.LEN261230P7500,HK.00992,LEN,2025-12-09 10:44:56,1765248296.0,BUY,0.43,200,172000.0,PUT,7.5,2026-12-30,1798560000.0,101,9.79,23.391,0.41,0.49,39.081,200,17,11.7647,-0.171469551,0.065401035,0.02561486,-0.001123791,-0.01788791,BEARISH,['NORMAL'],SINGLE_LEG,N/A,N/A,"[{'action_type': 7, 'action_time': '2025-12-10', 'action_timestamp': 1765296000.0}, {'action_type': 7, 'action_time': '2026-08-05', 'action_timestamp': 1785859200.0}]",N/A,"['HK.LIST1166', 'HK.LIST1348', 'HK.LIST23586', 'HK.LIST23699', 'HK.LIST24242']"
HK.XBC260929P3800,HK.03988,XBC,2025-12-08 15:57:32,1765180652.0,BUY,0.067,200,13400.0,PUT,3.8,2026-09-29,1790611200.0,9,4.44,14.414,0.062,0.086,20.715,200,2975,0.06722,-0.140426706,0.273034987,0.008881311,-0.000255893,-0.004449543,BEARISH,['NORMAL'],SINGLE_LEG,N/A,N/A,"[{'action_type': 7, 'action_time': '2026-07-02', 'action_timestamp': 1782921600.0}]",['HK.LIST1079'],"['HK.LIST1239', 'HK.LIST1305', 'HK.LIST1344', 'HK.LIST1348']"
HK.CHT261230P85000,HK.00941,CHT,2025-12-08 15:50:40,1765180240.0,BUY,5.21,200,521000.0,PUT,85.0,2026-12-30,1798560000.0,101,86.1,1.277,5.18,5.25,19.953,209,61,3.42622,-0.387570101,0.023768582,0.332720932,-0.005866123,-0.281805309,BEARISH,['NORMAL'],SINGLE_LEG,N/A,N/A,"[{'action_type': 7, 'action_time': '2026-06-05', 'action_timestamp': 1780588800.0}, {'action_type': 7, 'action_time': '2026-08-25', 'action_timestamp': 1787587200.0}]",['HK.LIST1054'],"['HK.LIST1176', 'HK.LIST1214', 'HK.LIST1305', 'HK.LIST1344', 'HK.LIST1348', 'HK.LIST22928', 'HK.LIST23586', 'HK.LIST23589', 'HK.LIST24231']"
HK.XCC261230P6250,HK.00939,XCC,2025-12-08 14:48:51,1765176531.0,BUY,0.11,200,22000.0,PUT,6.25,2026-12-30,1798560000.0,101,7.68,18.619,0.107,0.111,21.645,205,118,1.73728,-0.116659051,0.116004123,0.015466254,-0.00035154,-0.008439526,BEARISH,['NORMAL'],SINGLE_LEG,N/A,N/A,"[{'action_type': 7, 'action_time': '2026-07-02', 'action_timestamp': 1782921600.0}]",['HK.LIST1079'],"['HK.LIST1239', 'HK.LIST1305', 'HK.LIST1344', 'HK.LIST1348']"
HK.TCH261230P580000,HK.00700,TCH,2025-12-08 14:44:18,1765176258.0,BUY,43.37,200,867400.0,PUT,580.0,2026-12-30,1798560000.0,101,607.5,4.526,42.72,43.67,26.492,204,238,0.85714,-0.341238923,0.002333342,2.27235518,-0.059034187,-1.947901171,BEARISH,['NORMAL'],SINGLE_LEG,N/A,N/A,"[{'action_type': 7, 'action_time': '2026-05-15', 'action_timestamp': 1778774400.0}]",['HK.LIST23363'],"['HK.LIST1161', 'HK.LIST1190', 'HK.LIST1191', 'HK.LIST1208', 'HK.LIST1289', 'HK.LIST1305', 'HK.LIST1328', 'HK.LIST1351', 'HK.LIST22886', 'HK.LIST22928', 'HK.LIST23586', 'HK.LIST23589', 'HK.LIST24037', 'HK.LIST24062']"
HK.PEC261230P8750,HK.00857,PEC,2025-12-08 10:40:17,1765161617.0,BUY,1.0,230,460000.0,PUT,8.75,2026-12-30,1798560000.0,101,8.68,-0.806,0.99,1.02,31.159,230,N/A,0.0,-0.415570365,0.149419079,0.034470147,-0.001053809,-0.034639801,BEARISH,['NORMAL'],SINGLE_LEG,N/A,N/A,"[{'action_type': 7, 'action_time': '2026-06-18', 'action_timestamp': 1781712000.0}, {'action_type': 7, 'action_time': '2026-09-10', 'action_timestamp': 1788969600.0}]",['HK.LIST1042'],"['HK.LIST1175', 'HK.LIST1205', 'HK.LIST1241', 'HK.LIST1305', 'HK.LIST1344', 'HK.LIST1348', 'HK.LIST1362', 'HK.LIST22928']"
HK.MET260929P115000,HK.03690,MET,2025-12-08 09:39:52,1765157992.0,BUY,22.6,200,2260000.0,PUT,115.0,2026-09-29,1790611200.0,9,100.1,-14.885,21.24,24.27,42.636,200,352,0.56818,-0.54957906,0.011084465,0.353796827,-0.020124419,-0.430077256,BEARISH,['NORMAL'],SINGLE_LEG,N/A,N/A,N/A,['HK.LIST23361'],"['HK.LIST1305', 'HK.LIST1998', 'HK.LIST22886', 'HK.LIST22928', 'HK.LIST23586', 'HK.LIST24037', 'HK.LIST24062']"
HK.CHT260929P77500,HK.00941,CHT,2025-12-05 15:05:40,1764918340.0,BUY,1.42,200,142000.0,PUT,77.5,2026-09-29,1790611200.0,9,86.75,10.662,1.41,1.47,17.914,200,838,0.23866,-0.174535504,0.018762056,0.200424546,-0.0047028,-0.106176025,BEARISH,['NORMAL'],SINGLE_LEG,N/A,N/A,"[{'action_type': 7, 'action_time': '2026-06-05', 'action_timestamp': 1780588800.0}, {'action_type': 7, 'action_time': '2026-08-25', 'action_timestamp': 1787587200.0}]",['HK.LIST1054'],"['HK.LIST1176', 'HK.LIST1214', 'HK.LIST1305', 'HK.LIST1344', 'HK.LIST1348', 'HK.LIST22928', 'HK.LIST23586', 'HK.LIST23589', 'HK.LIST24231']"
HK.XBC260929P3600,HK.03988,XBC,2025-12-04 13:18:28,1764825508.0,BUY,0.036,500,18000.0,PUT,3.6,2026-09-29,1790611200.0,9,4.51,20.177,0.033,0.042,21.323,500,2058,0.24295,-0.082261757,0.175809815,0.00616659,-0.000186713,-0.002666227,BEARISH,['NORMAL'],SINGLE_LEG,N/A,N/A,"[{'action_type': 7, 'action_time': '2026-07-02', 'action_timestamp': 1782921600.0}]",['HK.LIST1079'],"['HK.LIST1239', 'HK.LIST1305', 'HK.LIST1344', 'HK.LIST1348']"
HK.KST261230P70000,HK.01024,KST,2025-12-04 11:16:43,1764818203.0,BUY,13.0,200,1300000.0,PUT,70.0,2026-12-30,1798560000.0,101,67.05,-4.399,13.0,13.31,46.147,302,500,0.604,-0.419724041,0.012803742,0.270002287,-0.012904813,-0.31747254,BEARISH,['NORMAL'],SINGLE_LEG,N/A,N/A,"[{'action_type': 7, 'action_time': '2026-06-29', 'action_timestamp': 1782662400.0}]",N/A,"['HK.LIST1305', 'HK.LIST1306', 'HK.LIST1328', 'HK.LIST22886', 'HK.LIST23586', 'HK.LIST24037']"
HK.MET261230P100000,HK.03690,MET,2025-12-04 10:48:50,1764816530.0,BUY,15.72,200,1572000.0,PUT,100.0,2026-12-30,1798560000.0,101,97.65,-2.406,15.67,15.96,40.464,800,218,3.66972,-0.416508293,0.010064165,0.391243765,-0.016103431,-0.434047537,BEARISH,['NORMAL'],SINGLE_LEG,N/A,N/A,N/A,['HK.LIST23361'],"['HK.LIST1305', 'HK.LIST1998', 'HK.LIST22886', 'HK.LIST22928', 'HK.LIST23586', 'HK.LIST24037', 'HK.LIST24062']"
HK.MET261230P100000,HK.03690,MET,2025-12-04 10:31:19,1764815479.0,BUY,15.9,600,4770000.0,PUT,100.0,2026-12-30,1798560000.0,101,97.3,-2.774,15.84,16.04,40.646,600,218,2.75229,-0.418137836,0.010050999,0.390781516,-0.016157013,-0.435429398,BEARISH,['NORMAL'],SINGLE_LEG,N/A,N/A,N/A,['HK.LIST23361'],"['HK.LIST1305', 'HK.LIST1998', 'HK.LIST22886', 'HK.LIST22928', 'HK.LIST23586', 'HK.LIST24037', 'HK.LIST24062']"
HK.WXB261230P35000,HK.02269,WXB,2025-12-03 13:36:49,1764740209.0,BUY,7.94,200,794000.0,PUT,35.0,2026-12-30,1798560000.0,101,30.9,-13.268,7.61,8.05,46.432,200,N/A,0.0,-0.490836022,0.028807807,0.126583823,-0.00589942,-0.168028856,BEARISH,['NORMAL'],SINGLE_LEG,N/A,N/A,N/A,['HK.LIST24340'],"['HK.LIST1261', 'HK.LIST1305', 'HK.LIST22911', 'HK.LIST23598', 'HK.LIST23675']"
HK.KST261230P70000,HK.01024,KST,2025-12-03 13:23:10,1764739390.0,BUY,12.97,200,1297000.0,PUT,70.0,2026-12-30,1798560000.0,101,67.45,-3.78,12.63,13.06,45.662,200,300,0.66666,-0.416845477,0.012843611,0.271108468,-0.012783878,-0.316243329,BEARISH,['NORMAL'],SINGLE_LEG,N/A,N/A,"[{'action_type': 7, 'action_time': '2026-06-29', 'action_timestamp': 1782662400.0}]",['HK.LIST23360'],"['HK.LIST1305', 'HK.LIST1306', 'HK.LIST1328', 'HK.LIST22886', 'HK.LIST23586', 'HK.LIST24037']"
HK.ZJM260929P35000,HK.02899,ZJM,2025-12-03 11:19:24,1764731964.0,BUY,5.54,200,2216000.0,PUT,35.0,2026-09-29,1790611200.0,9,32.92,-6.318,5.52,5.72,41.416,400,621,0.64412,-0.470084459,0.033864854,0.11793426,-0.006582415,-0.125362684,BEARISH,['NORMAL'],SINGLE_LEG,N/A,N/A,"[{'action_type': 7, 'action_time': '2026-06-09', 'action_timestamp': 1780934400.0}, {'action_type': 7, 'action_time': '2026-07-23', 'action_timestamp': 1784736000.0}]",['HK.LIST1084'],"['HK.LIST1222', 'HK.LIST1305', 'HK.LIST1312', 'HK.LIST1314', 'HK.LIST1348', 'HK.LIST1362', 'HK.LIST24039']"
HK.VNK261230P2700,HK.02202,VNK,2025-12-03 10:42:21,1764729741.0,BUY,0.55,200,110000.0,PUT,2.7,2026-12-30,1798560000.0,101,3.59,24.791,0.55,0.66,78.087,800,N/A,0.0,-0.213456623,0.101458943,0.010839444,-0.000974988,-0.010998117,BEARISH,['NORMAL'],SINGLE_LEG,N/A,N/A,N/A,['HK.LIST1019'],"['HK.LIST1178', 'HK.LIST1234']"
HK.VNK261230P2700,HK.02202,VNK,2025-12-03 10:41:20,1764729680.0,BUY,0.55,261,143550.0,PUT,2.7,2026-12-30,1798560000.0,101,3.59,24.791,0.55,0.66,71.821,300,N/A,0.0,-0.211711032,0.109456325,0.01081446,-0.000891261,-0.010449189,BEARISH,['NORMAL'],SINGLE_LEG,N/A,N/A,N/A,['HK.LIST1019'],"['HK.LIST1178', 'HK.LIST1234']"
HK.XBC261230P4000,HK.03988,XBC,2025-12-03 10:11:16,1764727876.0,BUY,0.141,200,28200.0,PUT,4.0,2026-12-30,1798560000.0,101,4.55,12.087,0.132,0.151,22.222,210,30,7.0,-0.210701019,0.284747136,0.013496073,-0.0002964,-0.009065196,BEARISH,['NORMAL'],SINGLE_LEG,N/A,N/A,"[{'action_type': 7, 'action_time': '2026-07-02', 'action_timestamp': 1782921600.0}]",['HK.LIST1079'],"['HK.LIST1239', 'HK.LIST1305', 'HK.LIST1344', 'HK.LIST1348']"
HK.XBC260929P3800,HK.03988,XBC,2025-12-02 11:34:38,1764646478.0,BUY,0.062,200,12400.0,PUT,3.8,2026-09-29,1790611200.0,9,4.55,16.483,0.057,0.065,21.627,200,2424,0.0825,-0.122941621,0.229746655,0.008395326,-0.000250914,-0.004100631,BEARISH,['NORMAL'],SINGLE_LEG,N/A,N/A,"[{'action_type': 7, 'action_time': '2026-07-02', 'action_timestamp': 1782921600.0}]",['HK.LIST1079'],"['HK.LIST1239', 'HK.LIST1305', 'HK.LIST1344', 'HK.LIST1348']"
HK.XBC260929P3800,HK.03988,XBC,2025-12-01 14:03:07,1764568987.0,BUY,0.061,200,12200.0,PUT,3.8,2026-09-29,1790611200.0,9,4.69,18.976,0.059,0.069,23.569,400,1914,0.20898,-0.112595488,0.191847223,0.008132396,-0.000269101,-0.003919358,BEARISH,['NORMAL'],SINGLE_LEG,N/A,N/A,"[{'action_type': 7, 'action_time': '2025-12-02', 'action_timestamp': 1764604800.0}, {'action_type': 7, 'action_time': '2026-07-02', 'action_timestamp': 1782921600.0}]",['HK.LIST1079'],"['HK.LIST1239', 'HK.LIST1305', 'HK.LIST1344', 'HK.LIST1348']"
HK.VNK261230P2800,HK.02202,VNK,2025-12-01 13:42:40,1764567760.0,BUY,0.54,200,108000.0,PUT,2.8,2026-12-30,1798560000.0,101,3.56,21.348,0.46,0.55,68.204,600,N/A,0.0,-0.22940325,0.121625582,0.011251934,-0.00086941,-0.011064842,BEARISH,['NORMAL'],SINGLE_LEG,N/A,N/A,N/A,['HK.LIST1019'],"['HK.LIST1178', 'HK.LIST1234']"
HK.VNK261230P2800,HK.02202,VNK,2025-12-01 13:42:37,1764567757.0,BUY,0.54,200,108000.0,PUT,2.8,2026-12-30,1798560000.0,101,3.57,21.568,0.46,0.58,68.204,400,N/A,0.0,-0.22940325,0.121625582,0.011251934,-0.00086941,-0.011064842,BEARISH,['NORMAL'],SINGLE_LEG,N/A,N/A,N/A,['HK.LIST1019'],"['HK.LIST1178', 'HK.LIST1234']"
HK.XBC260929P3800,HK.03988,XBC,2025-12-01 13:04:53,1764565493.0,BUY,0.062,200,12400.0,PUT,3.8,2026-09-29,1790611200.0,9,4.68,18.803,0.059,0.076,24.269,200,1914,0.10449,-0.120154473,0.195620936,0.00849872,-0.000289781,-0.004196847,BEARISH,['NORMAL'],SINGLE_LEG,N/A,N/A,"[{'action_type': 7, 'action_time': '2025-12-02', 'action_timestamp': 1764604800.0}, {'action_type': 7, 'action_time': '2026-07-02', 'action_timestamp': 1782921600.0}]",['HK.LIST1079'],"['HK.LIST1239', 'HK.LIST1305', 'HK.LIST1344', 'HK.LIST1348']"
HK.XBC260929P4400,HK.03988,XBC,2025-11-28 15:28:23,1764314903.0,BUY,0.24,200,48000.0,PUT,4.4,2026-09-29,1790611200.0,9,4.67,5.781,0.231,0.249,24.501,200,27,7.4074,-0.314546802,0.353047519,0.015031585,-0.000471913,-0.01081223,BEARISH,['NORMAL'],SINGLE_LEG,N/A,N/A,"[{'action_type': 7, 'action_time': '2025-12-02', 'action_timestamp': 1764604800.0}, {'action_type': 7, 'action_time': '2026-07-02', 'action_timestamp': 1782921600.0}]",['HK.LIST1079'],"['HK.LIST1239', 'HK.LIST1305', 'HK.LIST1344', 'HK.LIST1348']"
HK.JDC260929P105000,HK.09618,JDC,2025-11-28 15:27:48,1764314868.0,BUY,10.1,340,1717000.0,PUT,105.0,2026-09-29,1790611200.0,9,117.1,10.333,9.97,10.11,41.296,540,1587,0.34026,-0.293803213,0.007952179,0.36762785,-0.021329435,-0.292136471,BEARISH,['NORMAL'],SINGLE_LEG,N/A,N/A,"[{'action_type': 7, 'action_time': '2026-04-08', 'action_timestamp': 1775577600.0}]",['HK.LIST23361'],"['HK.LIST1161', 'HK.LIST1304', 'HK.LIST22886', 'HK.LIST23586', 'HK.LIST23674', 'HK.LIST24037', 'HK.LIST24062']"
HK.SNO260929P65000,HK.02382,SNO,2025-11-28 13:57:39,1764309459.0,BUY,10.3,200,2060000.0,PUT,65.0,2026-09-29,1790611200.0,9,63.65,-2.12,10.13,10.41,45.151,200,860,0.23255,-0.417832896,0.015418337,0.226254975,-0.013945392,-0.229600621,BEARISH,['NORMAL'],SINGLE_LEG,N/A,N/A,"[{'action_type': 7, 'action_time': '2026-06-05', 'action_timestamp': 1780588800.0}]",['HK.LIST1055'],"['HK.LIST1166', 'HK.LIST1328', 'HK.LIST1351', 'HK.LIST23589', 'HK.LIST23593', 'HK.LIST24024']"
HK.XIC260929P6000,HK.01398,XIC,2025-11-28 10:59:00,1764298740.0,BUY,0.32,200,64000.0,PUT,6.0,2026-09-29,1790611200.0,9,6.45,6.976,N/A,N/A,25.601,200,49,4.08163,-0.298567697,0.237775351,0.020317852,-0.000676733,-0.014398758,BEARISH,['NORMAL'],SINGLE_LEG,N/A,N/A,"[{'action_type': 7, 'action_time': '2025-12-04', 'action_timestamp': 1764777600.0}, {'action_type': 7, 'action_time': '2026-05-04', 'action_timestamp': 1777824000.0}]",['HK.LIST1079'],"['HK.LIST1239', 'HK.LIST1305', 'HK.LIST1344', 'HK.LIST1348']"
HK.PAI260929P43000,HK.02318,PAI,2025-11-28 09:54:13,1764294853.0,BUY,1.2,500,300000.0,PUT,43.0,2026-09-29,1790611200.0,9,56.9,24.428,1.1,1.21,32.672,1000,317,3.15457,-0.120073628,0.011863276,0.103886399,-0.004899746,-0.054197054,BEARISH,['NORMAL'],SINGLE_LEG,N/A,N/A,"[{'action_type': 7, 'action_time': '2026-06-02', 'action_timestamp': 1780329600.0}, {'action_type': 7, 'action_time': '2026-09-02', 'action_timestamp': 1788278400.0}]",N/A,"['HK.LIST1110', 'HK.LIST1178', 'HK.LIST1305']"
HK.PAI260929P43000,HK.02318,PAI,2025-11-28 09:54:13,1764294853.0,BUY,1.2,500,300000.0,PUT,43.0,2026-09-29,1790611200.0,9,56.9,24.428,1.1,1.21,32.672,1000,317,3.15457,-0.120073628,0.011863276,0.103886399,-0.004899746,-0.054197054,BEARISH,['NORMAL'],SINGLE_LEG,N/A,N/A,"[{'action_type': 7, 'action_time': '2026-06-02', 'action_timestamp': 1780329600.0}, {'action_type': 7, 'action_time': '2026-09-02', 'action_timestamp': 1788278400.0}]",N/A,"['HK.LIST1110', 'HK.LIST1178', 'HK.LIST1305']"
HK.XBC260929P3800,HK.03988,XBC,2025-11-26 11:57:13,1764129433.0,BUY,0.059,500,29500.0,PUT,3.8,2026-09-29,1790611200.0,9,4.74,19.831,0.054,0.065,23.644,500,1414,0.3536,-0.105170932,0.178524719,0.007892721,-0.000258327,-0.003759902,BEARISH,['NORMAL'],SINGLE_LEG,N/A,N/A,"[{'action_type': 7, 'action_time': '2025-12-02', 'action_timestamp': 1764604800.0}, {'action_type': 7, 'action_time': '2026-07-02', 'action_timestamp': 1782921600.0}]",['HK.LIST1079'],"['HK.LIST1239', 'HK.LIST1305', 'HK.LIST1344', 'HK.LIST1348']"
HK.PEC260929P6000,HK.00857,PEC,2025-11-26 10:12:00,1764123120.0,BUY,0.09,500,90000.0,PUT,6.0,2026-09-29,1790611200.0,9,8.7,31.034,0.07,0.1,33.009,500,571,0.87565,-0.071333023,0.051897522,0.010853088,-0.000524012,-0.004861132,BEARISH,['NORMAL'],SINGLE_LEG,N/A,N/A,"[{'action_type': 7, 'action_time': '2026-06-18', 'action_timestamp': 1781712000.0}, {'action_type': 7, 'action_time': '2026-09-10', 'action_timestamp': 1788969600.0}]",['HK.LIST1042'],"['HK.LIST1175', 'HK.LIST1205', 'HK.LIST1241', 'HK.LIST1305', 'HK.LIST1344', 'HK.LIST1348', 'HK.LIST1362', 'HK.LIST22928']"
HK.XBC260929P3900,HK.03988,XBC,2025-11-25 13:25:30,1764048330.0,BUY,0.075,500,37500.0,PUT,3.9,2026-09-29,1790611200.0,9,4.74,17.721,0.071,0.083,23.771,500,789,0.63371,-0.130138401,0.206810998,0.009187574,-0.000297999,-0.004684505,BEARISH,['NORMAL'],SINGLE_LEG,N/A,N/A,"[{'action_type': 7, 'action_time': '2025-12-02', 'action_timestamp': 1764604800.0}, {'action_type': 7, 'action_time': '2026-07-02', 'action_timestamp': 1782921600.0}]",['HK.LIST1079'],"['HK.LIST1239', 'HK.LIST1305', 'HK.LIST1344', 'HK.LIST1348']"
HK.XIC260929P5500,HK.01398,XIC,2025-11-25 11:45:10,1764042310.0,BUY,0.134,200,26800.0,PUT,5.5,2026-09-29,1790611200.0,9,6.49,15.254,0.129,0.144,23.822,200,20623,0.00969,-0.160086317,0.173666076,0.014477993,-0.000464304,-0.007909854,BEARISH,['NORMAL'],SINGLE_LEG,N/A,N/A,"[{'action_type': 7, 'action_time': '2025-12-04', 'action_timestamp': 1764777600.0}, {'action_type': 7, 'action_time': '2026-05-04', 'action_timestamp': 1777824000.0}]",['HK.LIST1079'],"['HK.LIST1239', 'HK.LIST1305', 'HK.LIST1344', 'HK.LIST1348']"
HK.PAI260929P42000,HK.02318,PAI,2025-11-25 10:32:26,1764037946.0,BUY,1.1,500,275000.0,PUT,42.0,2026-09-29,1790611200.0,9,57.35,26.765,1.0,1.18,34.28,1000,94,10.63829,-0.108667127,0.010376455,0.098118988,-0.004849702,-0.050275205,BEARISH,['NORMAL'],SINGLE_LEG,N/A,N/A,"[{'action_type': 7, 'action_time': '2026-06-02', 'action_timestamp': 1780329600.0}, {'action_type': 7, 'action_time': '2026-09-02', 'action_timestamp': 1788278400.0}]",N/A,"['HK.LIST1110', 'HK.LIST1178', 'HK.LIST1305']"
HK.PAI260929P42000,HK.02318,PAI,2025-11-25 10:32:26,1764037946.0,BUY,1.1,500,275000.0,PUT,42.0,2026-09-29,1790611200.0,9,57.35,26.765,1.0,1.18,34.28,1000,94,10.63829,-0.108667127,0.010376455,0.098118988,-0.004849702,-0.050275205,BEARISH,['NORMAL'],SINGLE_LEG,N/A,N/A,"[{'action_type': 7, 'action_time': '2026-06-02', 'action_timestamp': 1780329600.0}, {'action_type': 7, 'action_time': '2026-09-02', 'action_timestamp': 1788278400.0}]",N/A,"['HK.LIST1110', 'HK.LIST1178', 'HK.LIST1305']"
HK.PEC260929P6500,HK.00857,PEC,2025-11-21 11:39:34,1763696374.0,BUY,0.15,500,150000.0,PUT,6.5,2026-09-29,1790611200.0,9,8.72,25.458,0.13,0.16,30.702,500,55,9.0909,-0.101193552,0.071910203,0.014254189,-0.000616984,-0.007048094,BEARISH,['NORMAL'],SINGLE_LEG,N/A,N/A,"[{'action_type': 7, 'action_time': '2026-06-18', 'action_timestamp': 1781712000.0}, {'action_type': 7, 'action_time': '2026-09-10', 'action_timestamp': 1788969600.0}]",['HK.LIST1042'],"['HK.LIST1175', 'HK.LIST1205', 'HK.LIST1241', 'HK.LIST1305', 'HK.LIST1344', 'HK.LIST1348', 'HK.LIST1362', 'HK.LIST22928']"
HK.PEN260929P87500,HK.09868,PEN,2025-11-21 10:33:23,1763692403.0,BUY,22.27,200,890800.0,PUT,87.5,2026-09-29,1790611200.0,9,78.75,-11.111,22.27,22.77,62.535,200,10,20.0,-0.444810262,0.009013208,0.28680577,-0.024463597,-0.356129695,BEARISH,['NORMAL'],SINGLE_LEG,N/A,N/A,N/A,N/A,"['HK.LIST1217', 'HK.LIST1304', 'HK.LIST22910', 'HK.LIST23589', 'HK.LIST23593', 'HK.LIST23676']"
HK.BIU260929P92500,HK.09888,BIU,2025-11-20 10:00:04,1763604004.0,BUY,7.06,346,366414.0,PUT,92.5,2026-09-29,1790611200.0,9,113.7,18.645,6.7,7.18,43.253,420,199,2.11055,-0.217179614,0.006534437,0.309119104,-0.018742906,-0.218152881,BEARISH,['NORMAL'],SINGLE_LEG,N/A,N/A,N/A,['HK.LIST23360'],"['HK.LIST1304', 'HK.LIST22886', 'HK.LIST23586', 'HK.LIST23589', 'HK.LIST24037', 'HK.LIST24062']"
HK.PEN260929P85000,HK.09868,PEN,2025-11-19 15:18:56,1763536736.0,BUY,17.58,216,759456.0,PUT,85.0,2026-09-29,1790611200.0,9,85.75,0.874,17.32,17.98,62.47,432,41,10.53658,-0.366195702,0.007770521,0.2985918,-0.025882188,-0.321415082,BEARISH,['NORMAL'],SINGLE_LEG,N/A,N/A,N/A,N/A,"['HK.LIST1217', 'HK.LIST1304', 'HK.LIST22910', 'HK.LIST23589', 'HK.LIST23593', 'HK.LIST23676']"
HK.PEN260929P82500,HK.09868,PEN,2025-11-19 15:18:37,1763536717.0,BUY,16.14,216,697248.0,PUT,82.5,2026-09-29,1790611200.0,9,85.75,3.79,16.14,16.68,62.301,432,21,20.57142,-0.346709442,0.007623703,0.292988974,-0.025458405,-0.303612187,BEARISH,['NORMAL'],SINGLE_LEG,N/A,N/A,N/A,N/A,"['HK.LIST1217', 'HK.LIST1304', 'HK.LIST22910', 'HK.LIST23589', 'HK.LIST23593', 'HK.LIST23676']"
HK.PEN260929P85000,HK.09868,PEN,2025-11-19 15:18:29,1763536709.0,BUY,17.61,216,760752.0,PUT,85.0,2026-09-29,1790611200.0,9,85.75,0.874,17.34,18.19,62.47,216,41,5.26829,-0.366195702,0.007770521,0.2985918,-0.025882188,-0.321415082,BEARISH,['NORMAL'],SINGLE_LEG,N/A,N/A,N/A,N/A,"['HK.LIST1217', 'HK.LIST1304', 'HK.LIST22910', 'HK.LIST23589', 'HK.LIST23593', 'HK.LIST23676']"
HK.PEN260929P82500,HK.09868,PEN,2025-11-19 15:18:13,1763536693.0,BUY,16.15,216,697680.0,PUT,82.5,2026-09-29,1790611200.0,9,85.75,3.79,15.91,16.68,62.301,216,21,10.28571,-0.346709442,0.007623703,0.292988974,-0.025458405,-0.303612187,BEARISH,['NORMAL'],SINGLE_LEG,N/A,N/A,N/A,N/A,"['HK.LIST1217', 'HK.LIST1304', 'HK.LIST22910', 'HK.LIST23589', 'HK.LIST23593', 'HK.LIST23676']"
HK.CPC260929P3800,HK.00386,CPC,2025-11-19 14:07:48,1763532468.0,BUY,0.11,250,55000.0,PUT,3.8,2026-09-29,1790611200.0,9,4.58,17.03,0.09,0.11,26.362,250,906,0.27593,-0.15928321,0.219560906,0.010271957,-0.000362744,-0.005752289,BEARISH,['NORMAL'],SINGLE_LEG,N/A,N/A,"[{'action_type': 7, 'action_time': '2026-06-08', 'action_timestamp': 1780848000.0}, {'action_type': 7, 'action_time': '2026-09-21', 'action_timestamp': 1789920000.0}]",['HK.LIST1042'],"['HK.LIST1175', 'HK.LIST1205', 'HK.LIST1241', 'HK.LIST1305', 'HK.LIST1342', 'HK.LIST1344', 'HK.LIST1348', 'HK.LIST22928']"
HK.CRG260929P3200,HK.00390,CRG,2025-11-18 14:24:13,1763447053.0,BUY,0.1,300,30000.0,PUT,3.2,2026-09-29,1790611200.0,9,3.88,17.525,0.07,0.12,26.351,760,310,2.45161,-0.153473945,0.252459647,0.008505775,-0.000299922,-0.004709258,BEARISH,['NORMAL'],SINGLE_LEG,N/A,N/A,"[{'action_type': 7, 'action_time': '2025-12-01', 'action_timestamp': 1764518400.0}, {'action_type': 7, 'action_time': '2026-07-22', 'action_timestamp': 1784649600.0}, {'action_type': 7, 'action_time': '2026-09-23', 'action_timestamp': 1790092800.0}]",['HK.LIST1073'],"['HK.LIST1175', 'HK.LIST1244', 'HK.LIST1348']"
HK.CRG260929P3200,HK.00390,CRG,2025-11-18 14:24:13,1763447053.0,BUY,0.1,300,30000.0,PUT,3.2,2026-09-29,1790611200.0,9,3.88,17.525,0.07,0.12,26.351,760,310,2.45161,-0.153473945,0.252459647,0.008505775,-0.000299922,-0.004709258,BEARISH,['NORMAL'],SINGLE_LEG,N/A,N/A,"[{'action_type': 7, 'action_time': '2025-12-01', 'action_timestamp': 1764518400.0}, {'action_type': 7, 'action_time': '2026-07-22', 'action_timestamp': 1784649600.0}, {'action_type': 7, 'action_time': '2026-09-23', 'action_timestamp': 1790092800.0}]",['HK.LIST1073'],"['HK.LIST1175', 'HK.LIST1244', 'HK.LIST1348']"
HK.ALB260929P150000,HK.09988,ALB,2025-11-17 15:51:11,1763365871.0,BUY,19.45,300,2917500.0,PUT,150.0,2026-09-29,1790611200.0,9,154.6,2.975,19.3,19.72,42.402,303,4552,0.06656,-0.368509771,0.006373223,0.540759441,-0.030338333,-0.502727633,BEARISH,['NORMAL'],SINGLE_LEG,N/A,N/A,"[{'action_type': 7, 'action_time': '2026-06-10', 'action_timestamp': 1781020800.0}]",['HK.LIST23361'],"['HK.LIST1161', 'HK.LIST1191', 'HK.LIST1287', 'HK.LIST1289', 'HK.LIST1304', 'HK.LIST1328', 'HK.LIST22886', 'HK.LIST22928', 'HK.LIST23586', 'HK.LIST23589', 'HK.LIST23593', 'HK.LIST23674', 'HK.LIST24037', 'HK.LIST24062']"
HK.BIU260929P87500,HK.09888,BIU,2025-11-17 14:50:26,1763362226.0,BUY,5.79,200,173700.0,PUT,87.5,2026-09-29,1790611200.0,9,114.0,23.245,5.7,6.1,45.241,200,2,100.0,-0.183008969,0.005579181,0.281009694,-0.017898093,-0.187602017,BEARISH,['NORMAL'],SINGLE_LEG,N/A,N/A,N/A,['HK.LIST23360'],"['HK.LIST1304', 'HK.LIST22886', 'HK.LIST23586', 'HK.LIST23589', 'HK.LIST24037', 'HK.LIST24062']"
HK.LEN260929P8000,HK.00992,LEN,2025-11-17 09:55:44,1763344544.0,BUY,0.46,200,184000.0,PUT,8.0,2026-09-29,1790611200.0,9,10.17,21.337,0.44,0.51,40.874,455,90,5.05555,-0.185940965,0.069959496,0.025314486,-0.001440478,-0.016560397,BEARISH,['NORMAL'],SINGLE_LEG,N/A,N/A,"[{'action_type': 7, 'action_time': '2025-12-10', 'action_timestamp': 1765296000.0}, {'action_type': 7, 'action_time': '2026-08-05', 'action_timestamp': 1785859200.0}]",['HK.LIST1053'],"['HK.LIST1166', 'HK.LIST1348', 'HK.LIST23586', 'HK.LIST23699', 'HK.LIST24242']"
HK.LEN260929P8000,HK.00992,LEN,2025-11-17 09:53:25,1763344405.0,BUY,0.44,250,220000.0,PUT,8.0,2026-09-29,1790611200.0,9,10.18,21.414,0.41,0.51,40.353,250,90,2.77777,-0.183442071,0.070194585,0.025126458,-0.001410735,-0.016294452,BEARISH,['NORMAL'],SINGLE_LEG,N/A,N/A,"[{'action_type': 7, 'action_time': '2025-12-10', 'action_timestamp': 1765296000.0}, {'action_type': 7, 'action_time': '2026-08-05', 'action_timestamp': 1785859200.0}]",['HK.LIST1053'],"['HK.LIST1166', 'HK.LIST1348', 'HK.LIST23586', 'HK.LIST23699', 'HK.LIST24242']"
HK.GWM260929P15500,HK.02333,GWM,2025-11-14 10:34:58,1763087698.0,BUY,2.31,210,242550.0,PUT,15.5,2026-09-29,1790611200.0,9,16.14,3.965,2.17,2.35,47.518,210,15,14.0,-0.356025416,0.053353649,0.056139059,-0.003552916,-0.053469006,BEARISH,['NORMAL'],SINGLE_LEG,N/A,N/A,"[{'action_type': 7, 'action_time': '2026-07-02', 'action_timestamp': 1782921600.0}]",N/A,"['HK.LIST1217', 'HK.LIST22910', 'HK.LIST23589']"
HK.MIU260929P40000,HK.01810,MIU,2025-11-13 15:19:20,1763018360.0,BUY,3.94,350,1379000.0,PUT,40.0,2026-09-29,1790611200.0,9,43.36,7.749,3.93,3.98,38.686,400,547,0.73126,-0.316372212,0.023216154,0.144206016,-0.007316697,-0.119914004,BEARISH,['NORMAL'],SINGLE_LEG,N/A,N/A,N/A,N/A,"['HK.LIST1161', 'HK.LIST1166', 'HK.LIST1217', 'HK.LIST1305', 'HK.LIST1328', 'HK.LIST1331', 'HK.LIST1351', 'HK.LIST22886', 'HK.LIST22910', 'HK.LIST22928', 'HK.LIST23586', 'HK.LIST23589', 'HK.LIST23593', 'HK.LIST23676', 'HK.LIST24037', 'HK.LIST24062']"
HK.XBC260929P3000,HK.03988,XBC,2025-11-13 14:34:49,1763015689.0,BUY,0.013,200,2600.0,PUT,3.0,2026-09-29,1790611200.0,9,4.77,37.106,0.011,0.018,29.036,400,N/A,0.0,-0.026215582,0.0467994,0.002712511,-0.00011191,-0.000936358,BEARISH,['NORMAL'],SINGLE_LEG,N/A,N/A,"[{'action_type': 7, 'action_time': '2025-12-02', 'action_timestamp': 1764604800.0}, {'action_type': 7, 'action_time': '2026-07-02', 'action_timestamp': 1782921600.0}]",['HK.LIST1079'],"['HK.LIST1239', 'HK.LIST1305', 'HK.LIST1344', 'HK.LIST1348']"
HK.XBC260929P3000,HK.03988,XBC,2025-11-13 14:32:40,1763015560.0,BUY,0.013,200,2600.0,PUT,3.0,2026-09-29,1790611200.0,9,4.77,37.106,0.011,0.018,28.266,200,N/A,0.0,-0.023582411,0.043950527,0.00248269,-9.9714e-05,-0.000831823,BEARISH,['NORMAL'],SINGLE_LEG,N/A,N/A,"[{'action_type': 7, 'action_time': '2025-12-02', 'action_timestamp': 1764604800.0}, {'action_type': 7, 'action_time': '2026-07-02', 'action_timestamp': 1782921600.0}]",['HK.LIST1079'],"['HK.LIST1239', 'HK.LIST1305', 'HK.LIST1344', 'HK.LIST1348']"
HK.XIC260929P5250,HK.01398,XIC,2025-11-12 14:21:52,1762928512.0,BUY,0.093,210,19530.0,PUT,5.25,2026-09-29,1790611200.0,9,6.57,20.091,0.083,0.095,24.42,210,872,0.24082,-0.109132601,0.124971766,0.01152293,-0.000371958,-0.005701295,BEARISH,['NORMAL'],SINGLE_LEG,N/A,N/A,"[{'action_type': 7, 'action_time': '2025-12-04', 'action_timestamp': 1764777600.0}, {'action_type': 7, 'action_time': '2026-05-04', 'action_timestamp': 1777824000.0}]",['HK.LIST1079'],"['HK.LIST1239', 'HK.LIST1305', 'HK.LIST1344', 'HK.LIST1348']"
HK.XIC260929P5500,HK.01398,XIC,2025-11-12 14:18:42,1762928322.0,BUY,0.138,210,28980.0,PUT,5.5,2026-09-29,1790611200.0,9,6.59,16.54,0.129,0.14,24.391,520,20486,0.02538,-0.152290961,0.158485596,0.014501392,-0.000458108,-0.007978927,BEARISH,['NORMAL'],SINGLE_LEG,N/A,N/A,"[{'action_type': 7, 'action_time': '2025-12-04', 'action_timestamp': 1764777600.0}, {'action_type': 7, 'action_time': '2026-05-04', 'action_timestamp': 1777824000.0}]",['HK.LIST1079'],"['HK.LIST1239', 'HK.LIST1305', 'HK.LIST1344', 'HK.LIST1348']"
HK.CRP260929P22000,HK.00836,CRP,2025-11-12 14:03:05,1762927385.0,BUY,3.29,244,1605520.0,PUT,22.0,2026-09-29,1790611200.0,9,19.32,-13.871,3.21,3.59,25.958,300,N/A,0.0,-0.654060077,0.097871719,0.064086018,-0.001693111,-0.077074761,BEARISH,['NORMAL'],SINGLE_LEG,N/A,N/A,"[{'action_type': 7, 'action_time': '2026-06-10', 'action_timestamp': 1781020800.0}, {'action_type': 7, 'action_time': '2026-09-10', 'action_timestamp': 1788969600.0}]",['HK.LIST1051'],"['HK.LIST1207', 'HK.LIST1314', 'HK.LIST1329', 'HK.LIST1348']"
HK.XIC260929P5500,HK.01398,XIC,2025-11-12 13:54:49,1762926889.0,BUY,0.136,210,28560.0,PUT,5.5,2026-09-29,1790611200.0,9,6.59,16.54,0.125,0.136,24.078,310,20486,0.01513,-0.15143837,0.160204951,0.014424733,-0.000449012,-0.007905049,BEARISH,['NORMAL'],SINGLE_LEG,N/A,N/A,"[{'action_type': 7, 'action_time': '2025-12-04', 'action_timestamp': 1764777600.0}, {'action_type': 7, 'action_time': '2026-05-04', 'action_timestamp': 1777824000.0}]",['HK.LIST1079'],"['HK.LIST1239', 'HK.LIST1305', 'HK.LIST1344', 'HK.LIST1348']"
HK.HNP260929P8250,HK.00902,HNP,2025-11-12 10:34:08,1762914848.0,BUY,2.04,500,2040000.0,PUT,8.25,2026-09-29,1790611200.0,9,6.48,-27.314,2.0,2.12,39.202,1500,N/A,0.0,-0.683739315,0.18035214,0.020984331,-0.000909753,-0.031821787,BEARISH,['NORMAL'],SINGLE_LEG,N/A,N/A,"[{'action_type': 7, 'action_time': '2026-06-24', 'action_timestamp': 1782230400.0}]",['HK.LIST1051'],"['HK.LIST1207', 'HK.LIST1329', 'HK.LIST1348']"
HK.HNP260929P8250,HK.00902,HNP,2025-11-12 10:16:34,1762913794.0,BUY,2.06,500,2060000.0,PUT,8.25,2026-09-29,1790611200.0,9,6.45,-27.906,1.96,2.15,38.2,500,N/A,0.0,-0.698558307,0.18592578,0.020375072,-0.000847592,-0.031236567,BEARISH,['NORMAL'],SINGLE_LEG,N/A,N/A,"[{'action_type': 7, 'action_time': '2026-06-24', 'action_timestamp': 1782230400.0}]",['HK.LIST1051'],"['HK.LIST1207', 'HK.LIST1329', 'HK.LIST1348']"
HK.PEN260929P100000,HK.09868,PEN,2025-11-11 14:30:26,1762842626.0,BUY,18.99,371,1409058.0,PUT,100.0,2026-09-29,1790611200.0,9,107.6,7.063,18.52,19.1,62.601,5451,99,55.0606,-0.322386402,0.005780495,0.362504036,-0.031006313,-0.364938789,BEARISH,['NORMAL'],SINGLE_LEG,N/A,N/A,N/A,N/A,"['HK.LIST1217', 'HK.LIST1304', 'HK.LIST22910', 'HK.LIST23589', 'HK.LIST23593', 'HK.LIST23676']"
HK.PEN260929P100000,HK.09868,PEN,2025-11-11 13:28:23,1762838903.0,BUY,19.51,500,1951000.0,PUT,100.0,2026-09-29,1790611200.0,9,105.6,5.303,19.43,19.51,62.69,4954,99,50.0404,-0.334063876,0.005974452,0.360891197,-0.03081502,-0.371839491,BEARISH,['NORMAL'],SINGLE_LEG,N/A,N/A,N/A,N/A,"['HK.LIST1217', 'HK.LIST1304', 'HK.LIST22910', 'HK.LIST23589', 'HK.LIST23593', 'HK.LIST23676']"
HK.PEN260929P100000,HK.09868,PEN,2025-11-11 10:23:03,1762827783.0,BUY,19.3,1000,3860000.0,PUT,100.0,2026-09-29,1790611200.0,9,105.7,5.392,19.02,19.88,62.024,3001,99,30.31313,-0.334042116,0.00603205,0.361276572,-0.030482141,-0.370493483,BEARISH,['NORMAL'],SINGLE_LEG,N/A,N/A,N/A,N/A,"['HK.LIST1217', 'HK.LIST1304', 'HK.LIST22910', 'HK.LIST23589', 'HK.LIST23593', 'HK.LIST23676']"
HK.PEN260929P100000,HK.09868,PEN,2025-11-11 10:13:17,1762827197.0,BUY,19.6,500,1960000.0,PUT,100.0,2026-09-29,1790611200.0,9,105.5,5.213,19.6,19.91,62.992,1000,99,10.10101,-0.334962445,0.005962657,0.360668617,-0.030933735,-0.373174384,BEARISH,['NORMAL'],SINGLE_LEG,N/A,N/A,N/A,N/A,"['HK.LIST1217', 'HK.LIST1304', 'HK.LIST22910', 'HK.LIST23589', 'HK.LIST23593', 'HK.LIST23676']"
HK.PEN260929P100000,HK.09868,PEN,2025-11-11 10:13:15,1762827195.0,BUY,19.6,500,1960000.0,PUT,100.0,2026-09-29,1790611200.0,9,105.5,5.213,19.6,19.91,62.992,1000,99,10.10101,-0.334962445,0.005962657,0.360668617,-0.030933735,-0.373174384,BEARISH,['NORMAL'],SINGLE_LEG,N/A,N/A,N/A,N/A,"['HK.LIST1217', 'HK.LIST1304', 'HK.LIST22910', 'HK.LIST23589', 'HK.LIST23593', 'HK.LIST23676']"
HK.XIC260929P5250,HK.01398,XIC,2025-11-10 11:59:50,1762747190.0,BUY,0.108,210,22680.0,PUT,5.25,2026-09-29,1790611200.0,9,6.4,17.968,0.101,0.113,23.957,210,872,0.24082,-0.132007673,0.149992236,0.012829982,-0.00039778,-0.006737656,BEARISH,['NORMAL'],SINGLE_LEG,N/A,N/A,"[{'action_type': 7, 'action_time': '2025-12-04', 'action_timestamp': 1764777600.0}, {'action_type': 7, 'action_time': '2026-05-04', 'action_timestamp': 1777824000.0}]",['HK.LIST1079'],"['HK.LIST1239', 'HK.LIST1305', 'HK.LIST1344', 'HK.LIST1348']"
HK.XBC260929P3800,HK.03988,XBC,2025-11-06 13:37:54,1762407474.0,BUY,0.07,300,21000.0,PUT,3.8,2026-09-29,1790611200.0,9,4.56,16.666,0.064,0.073,21.754,300,1114,0.26929,-0.129902165,0.228225422,0.009089015,-0.000248557,-0.004709308,BEARISH,['NORMAL'],SINGLE_LEG,N/A,N/A,"[{'action_type': 7, 'action_time': '2025-12-02', 'action_timestamp': 1764604800.0}, {'action_type': 7, 'action_time': '2026-07-02', 'action_timestamp': 1782921600.0}]",['HK.LIST1079'],"['HK.LIST1239', 'HK.LIST1305', 'HK.LIST1344', 'HK.LIST1348']"
HK.HNP260929P8000,HK.00902,HNP,2025-11-06 10:21:11,1762395671.0,BUY,1.76,1000,3520000.0,PUT,8.0,2026-09-29,1790611200.0,9,6.64,-20.481,1.69,1.83,38.66,1000,1000,1.0,-0.620307489,0.179216166,0.023420923,-0.001015962,-0.032142945,BEARISH,['NORMAL'],SINGLE_LEG,N/A,N/A,"[{'action_type': 7, 'action_time': '2026-06-24', 'action_timestamp': 1782230400.0}]",['HK.LIST1051'],"['HK.LIST1207', 'HK.LIST1329', 'HK.LIST1348']"
HK.XIC260929P6500,HK.01398,XIC,2025-11-05 15:53:44,1762329224.0,BUY,0.707,400,282800.0,PUT,6.5,2026-09-29,1790611200.0,9,6.24,-4.166,0.681,0.73,27.836,400,30,13.33333,-0.480453497,0.263845209,0.023193515,-0.000724247,-0.022790457,BEARISH,['NORMAL'],MULTI_LEG,N/A,N/A,"[{'action_type': 7, 'action_time': '2025-12-04', 'action_timestamp': 1764777600.0}, {'action_type': 7, 'action_time': '2026-05-04', 'action_timestamp': 1777824000.0}]",['HK.LIST1079'],"['HK.LIST1239', 'HK.LIST1305', 'HK.LIST1344', 'HK.LIST1348']"
HK.HNP260929P8000,HK.00902,HNP,2025-11-04 09:52:33,1762221153.0,BUY,1.81,1000,3620000.0,PUT,8.0,2026-09-29,1790611200.0,9,6.54,-22.324,1.69,1.89,36.958,1000,N/A,0.0,-0.649568969,0.190096908,0.022434809,-0.000899281,-0.031666485,BEARISH,['NORMAL'],SINGLE_LEG,N/A,N/A,"[{'action_type': 7, 'action_time': '2026-06-24', 'action_timestamp': 1782230400.0}]",['HK.LIST1051'],"['HK.LIST1207', 'HK.LIST1329', 'HK.LIST1348']"
HK.HNP260929P7500,HK.00902,HNP,2025-11-04 09:42:48,1762220568.0,BUY,1.4,1000,2800000.0,PUT,7.5,2026-09-29,1790611200.0,9,6.53,-14.854,1.34,1.52,40.169,1000,N/A,0.0,-0.554148955,0.173938863,0.024168397,-0.001128293,-0.030448162,BEARISH,['NORMAL'],SINGLE_LEG,N/A,N/A,"[{'action_type': 7, 'action_time': '2026-06-24', 'action_timestamp': 1782230400.0}]",['HK.LIST1051'],"['HK.LIST1207', 'HK.LIST1329', 'HK.LIST1348']"
HK.CPC260929P3800,HK.00386,CPC,2025-11-03 15:49:51,1762156191.0,BUY,0.16,500,160000.0,PUT,3.8,2026-09-29,1790611200.0,9,4.21,9.738,0.14,0.17,23.382,500,355,1.40845,-0.244115034,0.34553106,0.012474673,-0.000348745,-0.008233571,BEARISH,['NORMAL'],SINGLE_LEG,N/A,N/A,"[{'action_type': 7, 'action_time': '2026-06-08', 'action_timestamp': 1780848000.0}, {'action_type': 7, 'action_time': '2026-09-21', 'action_timestamp': 1789920000.0}]",['HK.LIST1042'],"['HK.LIST1175', 'HK.LIST1205', 'HK.LIST1241', 'HK.LIST1305', 'HK.LIST1342', 'HK.LIST1344', 'HK.LIST1348', 'HK.LIST22928']"
HK.CPC260929P3900,HK.00386,CPC,2025-11-03 15:49:51,1762156191.0,BUY,0.2,500,200000.0,PUT,3.9,2026-09-29,1790611200.0,9,4.21,7.363,0.18,0.22,23.891,500,377,1.32625,-0.286127277,0.369350816,0.013506912,-0.00038029,-0.009592823,BEARISH,['NORMAL'],SINGLE_LEG,N/A,N/A,"[{'action_type': 7, 'action_time': '2026-06-08', 'action_timestamp': 1780848000.0}, {'action_type': 7, 'action_time': '2026-09-21', 'action_timestamp': 1789920000.0}]",['HK.LIST1042'],"['HK.LIST1175', 'HK.LIST1205', 'HK.LIST1241', 'HK.LIST1305', 'HK.LIST1342', 'HK.LIST1344', 'HK.LIST1348', 'HK.LIST22928']"
HK.BIU260929P80000,HK.09888,BIU,2025-11-03 10:30:17,1762137017.0,BUY,4.2,250,157500.0,PUT,80.0,2026-09-29,1790611200.0,9,116.9,31.565,N/A,N/A,45.972,250,91,2.74725,-0.12442119,0.004038232,0.228100637,-0.014344746,-0.135469286,BEARISH,['NORMAL'],SINGLE_LEG,N/A,N/A,N/A,['HK.LIST23360'],"['HK.LIST1304', 'HK.LIST22886', 'HK.LIST23586', 'HK.LIST23589', 'HK.LIST24037', 'HK.LIST24062']"
HK.TCH260929P660000,HK.00700,TCH,2025-10-30 11:45:31,1761795931.0,BUY,63.27,200,1265400.0,PUT,660.0,2026-09-29,1790611200.0,9,659.5,-0.075,62.83,63.97,28.967,206,208,0.99038,-0.414161709,0.002264598,2.431773057,-0.080577224,-2.217551746,BEARISH,['NORMAL'],SINGLE_LEG,N/A,N/A,"[{'action_type': 7, 'action_time': '2026-05-15', 'action_timestamp': 1778774400.0}]",['HK.LIST23363'],"['HK.LIST1161', 'HK.LIST1190', 'HK.LIST1191', 'HK.LIST1208', 'HK.LIST1289', 'HK.LIST1305', 'HK.LIST1328', 'HK.LIST1351', 'HK.LIST22886', 'HK.LIST22928', 'HK.LIST23586', 'HK.LIST23589', 'HK.LIST24037', 'HK.LIST24062']"
HK.ZJM260929P35000,HK.02899,ZJM,2025-10-30 09:59:53,1761789593.0,BUY,6.2,200,2480000.0,PUT,35.0,2026-09-29,1790611200.0,9,32.46,-7.825,5.79,6.36,44.52,500,1,500.0,-0.4672426,0.030374678,0.122569943,-0.006585576,-0.141008781,BEARISH,['NORMAL'],SINGLE_LEG,N/A,N/A,"[{'action_type': 7, 'action_time': '2026-06-09', 'action_timestamp': 1780934400.0}, {'action_type': 7, 'action_time': '2026-07-23', 'action_timestamp': 1784736000.0}]",['HK.LIST1084'],"['HK.LIST1222', 'HK.LIST1305', 'HK.LIST1312', 'HK.LIST1314', 'HK.LIST1348', 'HK.LIST1362', 'HK.LIST24039']"
HK.ZJM260929P35000,HK.02899,ZJM,2025-10-30 09:34:46,1761788086.0,BUY,6.3,300,3780000.0,PUT,35.0,2026-09-29,1790611200.0,9,32.18,-8.763,6.33,6.56,43.564,300,1,300.0,-0.480331406,0.031567783,0.12152076,-0.006334813,-0.141594207,BEARISH,['NORMAL'],SINGLE_LEG,N/A,N/A,"[{'action_type': 7, 'action_time': '2026-06-09', 'action_timestamp': 1780934400.0}, {'action_type': 7, 'action_time': '2026-07-23', 'action_timestamp': 1784736000.0}]",['HK.LIST1084'],"['HK.LIST1222', 'HK.LIST1305', 'HK.LIST1312', 'HK.LIST1314', 'HK.LIST1348', 'HK.LIST1362', 'HK.LIST24039']"
HK.XIC260929P4900,HK.01398,XIC,2025-10-27 11:49:13,1761536953.0,BUY,0.091,210,19110.0,PUT,4.9,2026-09-29,1790611200.0,9,6.06,19.141,0.079,0.094,23.309,210,220,0.95454,-0.116499092,0.145875225,0.011371554,-0.000328413,-0.005843653,BEARISH,['NORMAL'],SINGLE_LEG,N/A,N/A,"[{'action_type': 7, 'action_time': '2025-12-04', 'action_timestamp': 1764777600.0}, {'action_type': 7, 'action_time': '2026-05-04', 'action_timestamp': 1777824000.0}]",['HK.LIST1079'],"['HK.LIST1239', 'HK.LIST1305', 'HK.LIST1344', 'HK.LIST1348']"
HK.XIC260929P4800,HK.01398,XIC,2025-10-27 11:49:13,1761536953.0,BUY,0.075,210,15750.0,PUT,4.8,2026-09-29,1790611200.0,9,6.06,20.792,0.063,0.078,23.266,210,530,0.39622,-0.098946712,0.129602215,0.010113374,-0.000294162,-0.004949148,BEARISH,['NORMAL'],SINGLE_LEG,N/A,N/A,"[{'action_type': 7, 'action_time': '2025-12-04', 'action_timestamp': 1764777600.0}, {'action_type': 7, 'action_time': '2026-05-04', 'action_timestamp': 1777824000.0}]",['HK.LIST1079'],"['HK.LIST1239', 'HK.LIST1305', 'HK.LIST1344', 'HK.LIST1348']"
HK.TCH260929P600000,HK.00700,TCH,2025-10-24 13:07:47,1761282467.0,BUY,44.0,200,880000.0,PUT,600.0,2026-09-29,1790611200.0,9,635.5,5.586,44.0,44.8,28.639,200,637,0.31397,-0.332357935,0.002156474,2.207503527,-0.073289957,-1.787756133,BEARISH,['NORMAL'],SINGLE_LEG,N/A,N/A,"[{'action_type': 7, 'action_time': '2026-05-15', 'action_timestamp': 1778774400.0}]",['HK.LIST23363'],"['HK.LIST1161', 'HK.LIST1190', 'HK.LIST1191', 'HK.LIST1208', 'HK.LIST1289', 'HK.LIST1305', 'HK.LIST1328', 'HK.LIST1351', 'HK.LIST22886', 'HK.LIST22928', 'HK.LIST23586', 'HK.LIST23589', 'HK.LIST24037', 'HK.LIST24062']"
HK.XIC260929P4800,HK.01398,XIC,2025-10-23 15:48:05,1761205685.0,BUY,0.079,210,16590.0,PUT,4.8,2026-09-29,1790611200.0,9,6.05,20.661,0.071,0.081,23.637,210,320,0.65625,-0.104009156,0.131845976,0.010529302,-0.000307258,-0.005270514,BEARISH,['NORMAL'],SINGLE_LEG,N/A,N/A,"[{'action_type': 7, 'action_time': '2025-12-04', 'action_timestamp': 1764777600.0}, {'action_type': 7, 'action_time': '2026-05-04', 'action_timestamp': 1777824000.0}]",['HK.LIST1079'],"['HK.LIST1239', 'HK.LIST1305', 'HK.LIST1344', 'HK.LIST1348']"
HK.TCH260929P560000,HK.00700,TCH,2025-10-21 15:51:11,1761033071.0,BUY,30.75,200,615000.0,PUT,560.0,2026-09-29,1790611200.0,9,632.0,11.392,30.0,30.78,28.856,200,214,0.93457,-0.250636665,0.001846727,1.939887792,-0.066553385,-1.381234073,BEARISH,['NORMAL'],SINGLE_LEG,N/A,N/A,"[{'action_type': 7, 'action_time': '2026-05-15', 'action_timestamp': 1778774400.0}]",['HK.LIST23363'],"['HK.LIST1161', 'HK.LIST1190', 'HK.LIST1191', 'HK.LIST1208', 'HK.LIST1289', 'HK.LIST1305', 'HK.LIST1328', 'HK.LIST1351', 'HK.LIST22886', 'HK.LIST22928', 'HK.LIST23586', 'HK.LIST23589', 'HK.LIST24037', 'HK.LIST24062']"
HK.XIC260929P4600,HK.01398,XIC,2025-10-20 10:04:18,1760925858.0,BUY,0.081,210,17010.0,PUT,4.6,2026-09-29,1790611200.0,9,5.83,21.097,0.07,0.082,24.084,210,410,0.51219,-0.103261384,0.132978531,0.010141898,-0.000298111,-0.005095445,BEARISH,['NORMAL'],SINGLE_LEG,N/A,N/A,"[{'action_type': 7, 'action_time': '2025-12-04', 'action_timestamp': 1764777600.0}, {'action_type': 7, 'action_time': '2026-05-04', 'action_timestamp': 1777824000.0}]",['HK.LIST1079'],"['HK.LIST1239', 'HK.LIST1305', 'HK.LIST1344', 'HK.LIST1348']"
HK.TCH260929P500000,HK.00700,TCH,2025-10-17 15:34:09,1760686449.0,BUY,20.3,250,507500.0,PUT,500.0,2026-09-29,1790611200.0,9,605.0,17.355,19.42,20.31,29.638,259,1955,0.13248,-0.182349981,0.00153965,1.554120007,-0.055532801,-0.981536778,BEARISH,['NORMAL'],SINGLE_LEG,N/A,N/A,"[{'action_type': 7, 'action_time': '2026-05-15', 'action_timestamp': 1778774400.0}]",['HK.LIST23363'],"['HK.LIST1161', 'HK.LIST1190', 'HK.LIST1191', 'HK.LIST1208', 'HK.LIST1289', 'HK.LIST1305', 'HK.LIST1328', 'HK.LIST1351', 'HK.LIST22886', 'HK.LIST22928', 'HK.LIST23586', 'HK.LIST23589', 'HK.LIST24037', 'HK.LIST24062']"
HK.HKB260929P102500,HK.00005,HKB,2025-10-17 09:36:11,1760664971.0,BUY,8.76,235,823440.0,PUT,102.5,2026-09-29,1790611200.0,9,102.0,-0.49,8.76,9.52,20.751,235,62,3.79032,-0.426085011,0.021009963,0.381887315,-0.007813142,-0.325479789,BEARISH,['NORMAL'],SINGLE_LEG,N/A,N/A,"[{'action_type': 7, 'action_time': '2025-11-06', 'action_timestamp': 1762358400.0}, {'action_type': 7, 'action_time': '2026-03-12', 'action_timestamp': 1773244800.0}, {'action_type': 7, 'action_time': '2026-05-14', 'action_timestamp': 1778688000.0}, {'action_type': 7, 'action_time': '2026-08-13', 'action_timestamp': 1786550400.0}]",['HK.LIST1079'],"['HK.LIST1252', 'HK.LIST1305', 'HK.LIST23674']"
HK.XIC260929P4900,HK.01398,XIC,2025-10-15 10:17:31,1760494651.0,BUY,0.147,210,30870.0,PUT,4.9,2026-09-29,1790611200.0,9,5.78,15.224,0.133,0.151,24.137,210,10,21.0,-0.171852607,0.190408471,0.014339286,-0.000401816,-0.008547132,BEARISH,['NORMAL'],SINGLE_LEG,N/A,N/A,"[{'action_type': 7, 'action_time': '2025-12-04', 'action_timestamp': 1764777600.0}, {'action_type': 7, 'action_time': '2026-05-04', 'action_timestamp': 1777824000.0}]",['HK.LIST1079'],"['HK.LIST1239', 'HK.LIST1305', 'HK.LIST1344', 'HK.LIST1348']"
HK.XIC260929P4600,HK.01398,XIC,2025-10-15 09:41:15,1760492475.0,BUY,0.079,210,16590.0,PUT,4.6,2026-09-29,1790611200.0,9,5.78,20.415,0.072,0.08,23.423,210,200,1.05,-0.107302069,0.141176412,0.010392106,-0.000290407,-0.005298571,BEARISH,['NORMAL'],SINGLE_LEG,N/A,N/A,"[{'action_type': 7, 'action_time': '2025-12-04', 'action_timestamp': 1764777600.0}, {'action_type': 7, 'action_time': '2026-05-04', 'action_timestamp': 1777824000.0}]",['HK.LIST1079'],"['HK.LIST1239', 'HK.LIST1305', 'HK.LIST1344', 'HK.LIST1348']"
HK.XBC260929P3600,HK.03988,XBC,2025-10-14 14:08:20,1760422100.0,BUY,0.082,500,41000.0,PUT,3.6,2026-09-29,1790611200.0,9,4.2,14.285,0.072,0.089,20.829,500,1535,0.32573,-0.156794501,0.286165632,0.009820585,-0.00023158,-0.005543324,BEARISH,['NORMAL'],SINGLE_LEG,N/A,N/A,"[{'action_type': 7, 'action_time': '2025-12-02', 'action_timestamp': 1764604800.0}, {'action_type': 7, 'action_time': '2026-07-02', 'action_timestamp': 1782921600.0}]",['HK.LIST1079'],"['HK.LIST1239', 'HK.LIST1305', 'HK.LIST1344', 'HK.LIST1348']"
HK.TCH260929P650000,HK.00700,TCH,2025-10-10 11:47:35,1760068055.0,BUY,59.95,200,1199000.0,PUT,650.0,2026-09-29,1790611200.0,9,656.0,0.914,59.49,61.17,28.69,201,336,0.59821,-0.39701662,0.002211934,2.463294828,-0.075544818,-2.236174821,BEARISH,['NORMAL'],SINGLE_LEG,N/A,N/A,"[{'action_type': 7, 'action_time': '2026-05-15', 'action_timestamp': 1778774400.0}]",['HK.LIST23363'],"['HK.LIST1161', 'HK.LIST1190', 'HK.LIST1191', 'HK.LIST1208', 'HK.LIST1289', 'HK.LIST1305', 'HK.LIST1328', 'HK.LIST1351', 'HK.LIST22886', 'HK.LIST22928', 'HK.LIST23586', 'HK.LIST23589', 'HK.LIST24037', 'HK.LIST24062']"
HK.XBC260929P3500,HK.03988,XBC,2025-10-10 10:02:31,1760061751.0,BUY,0.053,500,26500.0,PUT,3.5,2026-09-29,1790611200.0,9,4.2,16.666,0.048,0.056,19.913,500,2938,0.17018,-0.114982716,0.238459637,0.008012375,-0.000180866,-0.004107371,BEARISH,['NORMAL'],SINGLE_LEG,N/A,N/A,"[{'action_type': 7, 'action_time': '2025-12-02', 'action_timestamp': 1764604800.0}, {'action_type': 7, 'action_time': '2026-07-02', 'action_timestamp': 1782921600.0}]",['HK.LIST1079'],"['HK.LIST1239', 'HK.LIST1305', 'HK.LIST1344', 'HK.LIST1348']"
HK.XBC260929P3600,HK.03988,XBC,2025-10-10 09:58:20,1760061500.0,BUY,0.072,500,36000.0,PUT,3.6,2026-09-29,1790611200.0,9,4.2,14.285,0.066,0.078,20.218,500,1030,0.48543,-0.14607729,0.278020676,0.009469901,-0.000213752,-0.005232014,BEARISH,['NORMAL'],SINGLE_LEG,N/A,N/A,"[{'action_type': 7, 'action_time': '2025-12-02', 'action_timestamp': 1764604800.0}, {'action_type': 7, 'action_time': '2026-07-02', 'action_timestamp': 1782921600.0}]",['HK.LIST1079'],"['HK.LIST1239', 'HK.LIST1305', 'HK.LIST1344', 'HK.LIST1348']"
HK.HKB260929P80000,HK.00005,HKB,2025-10-09 15:01:20,1759993280.0,BUY,2.13,300,255600.0,PUT,80.0,2026-09-29,1790611200.0,9,103.3,22.555,2.05,2.15,28.908,461,25,18.44,-0.124116742,0.007019665,0.208412183,-0.007233421,-0.11597556,BEARISH,['NORMAL'],SINGLE_LEG,N/A,N/A,"[{'action_type': 7, 'action_time': '2025-11-06', 'action_timestamp': 1762358400.0}, {'action_type': 7, 'action_time': '2026-03-12', 'action_timestamp': 1773244800.0}, {'action_type': 7, 'action_time': '2026-05-14', 'action_timestamp': 1778688000.0}, {'action_type': 7, 'action_time': '2026-08-13', 'action_timestamp': 1786550400.0}]",['HK.LIST1079'],"['HK.LIST1252', 'HK.LIST1305', 'HK.LIST23674']"
HK.XBC260929P3600,HK.03988,XBC,2025-10-09 14:00:25,1759989625.0,BUY,0.072,500,36000.0,PUT,3.6,2026-09-29,1790611200.0,9,4.21,14.489,0.067,0.077,20.358,1000,30,33.33333,-0.150390948,0.282063818,0.009643667,-0.000218395,-0.005389509,BEARISH,['NORMAL'],SINGLE_LEG,N/A,N/A,"[{'action_type': 7, 'action_time': '2025-12-02', 'action_timestamp': 1764604800.0}, {'action_type': 7, 'action_time': '2026-07-02', 'action_timestamp': 1782921600.0}]",['HK.LIST1079'],"['HK.LIST1239', 'HK.LIST1305', 'HK.LIST1344', 'HK.LIST1348']"
HK.BIU260929P110000,HK.09888,BIU,2025-10-09 10:12:11,1759975931.0,BUY,10.0,200,300000.0,PUT,110.0,2026-09-29,1790611200.0,9,133.9,17.849,10.0,10.55,44.703,400,315,1.26984,-0.231281968,0.005243734,0.401695294,-0.021878548,-0.314945434,BEARISH,['NORMAL'],SINGLE_LEG,N/A,N/A,N/A,['HK.LIST23360'],"['HK.LIST1304', 'HK.LIST22886', 'HK.LIST23586', 'HK.LIST23589', 'HK.LIST24037', 'HK.LIST24062']"
HK.XIC260929P4800,HK.01398,XIC,2025-10-08 15:06:47,1759907207.0,BUY,0.139,210,29190.0,PUT,4.8,2026-09-29,1790611200.0,9,5.59,14.132,0.136,0.141,22.775,310,10,31.0,-0.176940308,0.211101857,0.014253668,-0.000363652,-0.008578408,BEARISH,['NORMAL'],SINGLE_LEG,N/A,N/A,"[{'action_type': 7, 'action_time': '2025-12-04', 'action_timestamp': 1764777600.0}, {'action_type': 7, 'action_time': '2026-05-04', 'action_timestamp': 1777824000.0}]",['HK.LIST1079'],"['HK.LIST1239', 'HK.LIST1305', 'HK.LIST1344', 'HK.LIST1348']"
HK.XBC260929P3500,HK.03988,XBC,2025-10-08 10:02:58,1759888978.0,BUY,0.061,900,54900.0,PUT,3.5,2026-09-29,1790611200.0,9,4.15,15.662,0.054,0.062,20.059,900,2038,0.4416,-0.131896791,0.264447933,0.008715251,-0.000195213,-0.004672348,BEARISH,['NORMAL'],SINGLE_LEG,N/A,N/A,"[{'action_type': 7, 'action_time': '2025-12-02', 'action_timestamp': 1764604800.0}, {'action_type': 7, 'action_time': '2026-07-02', 'action_timestamp': 1782921600.0}]",['HK.LIST1079'],"['HK.LIST1239', 'HK.LIST1305', 'HK.LIST1344', 'HK.LIST1348']"
HK.XBC260929P4200,HK.03988,XBC,2025-10-03 13:02:37,1759467757.0,BUY,0.34,200,68000.0,PUT,4.2,2026-09-29,1790611200.0,9,4.23,0.709,0.317,0.344,24.186,200,1250,0.16,-0.404716903,0.41296113,0.016011817,-0.000386274,-0.014108029,BEARISH,['NORMAL'],SINGLE_LEG,N/A,N/A,"[{'action_type': 7, 'action_time': '2025-12-02', 'action_timestamp': 1764604800.0}, {'action_type': 7, 'action_time': '2026-07-02', 'action_timestamp': 1782921600.0}]",['HK.LIST1079'],"['HK.LIST1239', 'HK.LIST1305', 'HK.LIST1344', 'HK.LIST1348']"
HK.XBC260929P3500,HK.03988,XBC,2025-10-03 10:03:04,1759456984.0,BUY,0.054,900,48600.0,PUT,3.5,2026-09-29,1790611200.0,9,4.25,17.647,0.041,0.055,19.875,900,1138,0.79086,-0.106754657,0.221956896,0.007746925,-0.000171571,-0.003924663,BEARISH,['NORMAL'],SINGLE_LEG,N/A,N/A,"[{'action_type': 7, 'action_time': '2025-12-02', 'action_timestamp': 1764604800.0}, {'action_type': 7, 'action_time': '2026-07-02', 'action_timestamp': 1782921600.0}]",['HK.LIST1079'],"['HK.LIST1239', 'HK.LIST1305', 'HK.LIST1344', 'HK.LIST1348']"
HK.MIU260929P62500,HK.01810,MIU,2025-09-30 15:04:32,1759215872.0,BUY,13.2,300,3960000.0,PUT,62.5,2026-09-29,1790611200.0,9,53.9,-15.955,12.54,13.39,42.5,300,786,0.38167,-0.539156124,0.019050321,0.2109132,-0.009381598,-0.277923934,BEARISH,['NORMAL'],SINGLE_LEG,N/A,N/A,N/A,N/A,"['HK.LIST1161', 'HK.LIST1166', 'HK.LIST1217', 'HK.LIST1305', 'HK.LIST1328', 'HK.LIST1331', 'HK.LIST1351', 'HK.LIST22886', 'HK.LIST22910', 'HK.LIST22928', 'HK.LIST23586', 'HK.LIST23589', 'HK.LIST23593', 'HK.LIST23676', 'HK.LIST24037', 'HK.LIST24062']"
HK.XCC260929P6000,HK.00939,XCC,2025-09-25 15:14:41,1758784481.0,BUY,0.104,200,20800.0,PUT,6.0,2026-09-29,1790611200.0,9,7.31,17.92,0.102,0.112,21.243,250,247,1.01214,-0.119271053,0.129634597,0.014557941,-0.000338493,-0.00776872,BEARISH,['NORMAL'],SINGLE_LEG,N/A,N/A,"[{'action_type': 7, 'action_time': '2025-12-03', 'action_timestamp': 1764691200.0}, {'action_type': 7, 'action_time': '2026-07-02', 'action_timestamp': 1782921600.0}]",['HK.LIST1079'],"['HK.LIST1239', 'HK.LIST1305', 'HK.LIST1344', 'HK.LIST1348']"
HK.XIC260929P5250,HK.01398,XIC,2025-09-25 10:27:35,1758767255.0,BUY,0.27,200,54000.0,PUT,5.25,2026-09-29,1790611200.0,9,5.69,7.732,0.252,0.281,23.591,225,50,4.5,-0.275143864,0.2568992,0.018998949,-0.000462425,-0.013918387,BEARISH,['NORMAL'],SINGLE_LEG,N/A,N/A,"[{'action_type': 7, 'action_time': '2025-12-04', 'action_timestamp': 1764777600.0}, {'action_type': 7, 'action_time': '2026-05-04', 'action_timestamp': 1777824000.0}]",['HK.LIST1079'],"['HK.LIST1239', 'HK.LIST1305', 'HK.LIST1344', 'HK.LIST1348']"
HK.XIC260929P4600,HK.01398,XIC,2025-09-25 10:27:35,1758767255.0,BUY,0.072,200,14400.0,PUT,4.6,2026-09-29,1790611200.0,9,5.69,19.156,0.063,0.074,21.476,200,N/A,0.0,-0.103478478,0.147604031,0.01029499,-0.000244713,-0.005279244,BEARISH,['NORMAL'],SINGLE_LEG,N/A,N/A,"[{'action_type': 7, 'action_time': '2025-12-04', 'action_timestamp': 1764777600.0}, {'action_type': 7, 'action_time': '2026-05-04', 'action_timestamp': 1777824000.0}]",['HK.LIST1079'],"['HK.LIST1239', 'HK.LIST1305', 'HK.LIST1344', 'HK.LIST1348']"
HK.XBC260929P3400,HK.03988,XBC,2025-09-25 10:21:32,1758766892.0,BUY,0.035,900,31500.0,PUT,3.4,2026-09-29,1790611200.0,9,4.2,19.047,0.028,0.037,18.676,908,N/A,0.0,-0.079534583,0.188903886,0.006244596,-0.000127579,-0.002931838,BEARISH,['NORMAL'],SINGLE_LEG,N/A,N/A,"[{'action_type': 7, 'action_time': '2025-12-02', 'action_timestamp': 1764604800.0}, {'action_type': 7, 'action_time': '2026-07-02', 'action_timestamp': 1782921600.0}]",['HK.LIST1079'],"['HK.LIST1239', 'HK.LIST1305', 'HK.LIST1344', 'HK.LIST1348']"
HK.XBC260929P4000,HK.03988,XBC,2025-09-24 11:00:26,1758682826.0,BUY,0.198,200,39600.0,PUT,4.0,2026-09-29,1790611200.0,9,4.25,5.882,0.184,0.212,21.651,220,182,1.20879,-0.294268187,0.389921407,0.014655176,-0.000316091,-0.010856643,BEARISH,['NORMAL'],SINGLE_LEG,N/A,N/A,"[{'action_type': 7, 'action_time': '2025-12-02', 'action_timestamp': 1764604800.0}, {'action_type': 7, 'action_time': '2026-07-02', 'action_timestamp': 1782921600.0}]",['HK.LIST1079'],"['HK.LIST1239', 'HK.LIST1305', 'HK.LIST1344', 'HK.LIST1348']"
HK.XIC260929P5500,HK.01398,XIC,2025-09-24 10:09:31,1758679771.0,BUY,0.332,200,66400.0,PUT,5.5,2026-09-29,1790611200.0,9,5.83,5.66,0.313,0.348,24.129,200,135,1.48148,-0.316258376,0.264401773,0.020675906,-0.000505479,-0.016239612,BEARISH,['NORMAL'],SINGLE_LEG,N/A,N/A,"[{'action_type': 7, 'action_time': '2025-12-04', 'action_timestamp': 1764777600.0}, {'action_type': 7, 'action_time': '2026-05-04', 'action_timestamp': 1777824000.0}]",['HK.LIST1079'],"['HK.LIST1239', 'HK.LIST1305', 'HK.LIST1344', 'HK.LIST1348']"
HK.MET260929P80000,HK.03690,MET,2025-09-23 11:47:49,1758599269.0,BUY,6.15,200,615000.0,PUT,80.0,2026-09-29,1790611200.0,9,101.3,21.026,6.09,6.23,42.943,200,1299,0.15396,-0.201685623,0.006508611,0.287019943,-0.014390416,-0.214405816,BEARISH,['NORMAL'],SINGLE_LEG,N/A,N/A,N/A,['HK.LIST23361'],"['HK.LIST1305', 'HK.LIST1998', 'HK.LIST22886', 'HK.LIST22928', 'HK.LIST23586', 'HK.LIST24037', 'HK.LIST24062']"
