code,name,time_key,open,close,high,low,pe_ratio,turnover_rate,volume,turnover,change_rate,last_close,owner_code
HK.00004,WHARF HOLDINGS,2026-08-03 00:00:00,19.4,19.1,19.4,18.83,1218.75,0.00023,714192.0,13892306.0,-0.7792207792207718,19.25,HK.00004
HK.00004,WHARF HOLDINGS,2026-08-04 00:00:00,19.48,19.04,19.48,18.9,1215.0,0.00015,455482.0,8833904.0,-0.31413612565446214,19.1,HK.00004
HK.00004,WHARF HOLDINGS,2026-08-05 00:00:00,18.91,19.09,19.22,18.85,1218.125,0.00028,846000.0,16457800.0,0.26260504201681045,19.04,HK.00004
HK.00004,WHARF HOLDINGS,2026-08-06 00:00:00,18.9,19.96,20.16,18.17,1272.5,0.00204,6241895.0,122114919.0,4.557359874279733,19.09,HK.00004
HK.00004,WHARF HOLDINGS,2026-08-07 00:00:00,19.88,21.18,21.32,19.62,1348.75,0.00169,5175314.0,109451718.0,6.1122244488977895,19.96,HK.00004
HK.00004,WHARF HOLDINGS,2026-08-10 00:00:00,21.36,21.04,21.94,20.92,1340.0,0.00093,2844087.0,61599717.0,-0.6610009442870659,21.18,HK.00004
HK.00004,WHARF HOLDINGS,2026-08-11 00:00:00,20.92,20.12,21.42,19.9,1282.5,0.00112,3432288.0,71581323.0,-4.3726235741444786,21.04,HK.00004
HK.00004,WHARF HOLDINGS,2026-08-12 00:00:00,20.12,20.92,21.02,19.48,1332.5,0.00068,2067545.0,43241157.0,3.976143141153085,20.12,HK.00004
HK.00004,WHARF HOLDINGS,2026-08-13 00:00:00,21.04,20.68,21.04,20.48,1317.5,0.00036,1113108.0,23409848.0,-1.1472275334608124,20.92,HK.00004
HK.00004,WHARF HOLDINGS,2026-08-14 00:00:00,20.94,20.1,20.94,19.92,1281.25,0.00045,1375619.0,28234339.0,-2.8046421663442858,20.68,HK.00004
HK.00004,WHARF HOLDINGS,2026-08-17 00:00:00,20.1,19.7,20.44,19.7,1256.25,0.00065,1972555.0,39923636.0,-1.9900497512437916,20.1,HK.00004
HK.00004,WHARF HOLDINGS,2026-08-18 00:00:00,19.7,19.52,19.76,19.31,1245.0,0.00032,969148.0,19268345.0,-0.9137055837563437,19.7,HK.00004
HK.00004,WHARF HOLDINGS,2026-08-19 00:00:00,19.6,19.86,19.92,19.47,1266.25,0.00018,544848.0,10978983.0,1.7418032786885238,19.52,HK.00004
HK.00004,WHARF HOLDINGS,2026-08-20 00:00:00,19.86,20.24,20.3,19.86,1290.0,0.0002,608620.0,12519427.0,1.9133937562940535,19.86,HK.00004
HK.00004,WHARF HOLDINGS,2026-08-21 00:00:00,20.5,20.84,20.84,20.4,1327.5,0.00022,678574.0,14327306.0,2.964426877470363,20.24,HK.00004
HK.00004,WHARF HOLDINGS,2026-08-24 00:00:00,20.98,20.42,21.06,20.18,1301.25,0.0003,909523.0,19006213.0,-2.015355086372352,20.84,HK.00004
HK.00004,WHARF HOLDINGS,2026-08-25 00:00:00,20.3,19.94,20.32,19.78,1271.25,0.00025,770717.0,15687131.0,-2.3506366307541646,20.42,HK.00004
HK.00004,WHARF HOLDINGS,2026-08-26 00:00:00,19.9,20.14,20.14,19.84,1283.75,0.00021,628275.0,12829724.0,1.00300902708124,19.94,HK.00004
HK.00004,WHARF HOLDINGS,2026-08-27 00:00:00,20.08,19.86,20.08,19.7,1266.25,0.00023,716464.0,14498621.0,-1.3902681231380394,20.14,HK.00004
HK.00004,WHARF HOLDINGS,2026-08-28 00:00:00,20.02,19.56,20.02,19.45,1222.5,0.00034,1026000.0,20093545.0,-1.5105740181268918,19.86,HK.00004
HK.00004,WHARF HOLDINGS,2026-08-31 00:00:00,19.55,18.82,19.55,18.73,1176.25,0.00065,1976136.0,37261125.0,-3.783231083844573,19.56,HK.00004
HK.00004,WHARF HOLDINGS,2026-09-01 00:00:00,18.82,18.45,18.86,18.3,1153.125,0.0005,1514591.0,28079713.0,-1.9659936238044688,18.82,HK.00004
HK.00004,WHARF HOLDINGS,2026-09-02 00:00:00,18.45,18.66,18.75,18.1,1166.25,0.00018,548136.0,10133311.0,1.1382113821138258,18.45,HK.00004
HK.00004,WHARF HOLDINGS,2026-09-03 00:00:00,18.7,18.81,18.99,18.62,1175.625,0.00011,339002.0,6364004.0,0.8038585209003138,18.66,HK.00004
HK.00004,WHARF HOLDINGS,2026-09-04 00:00:00,18.81,19.13,19.46,18.81,1195.625,0.00041,1266220.0,24397892.0,1.7012227538543343,18.81,HK.00004
HK.00004,WHARF HOLDINGS,2026-09-07 00:00:00,19.31,19.05,19.34,19.0,1190.625,0.00016,479400.0,9163464.0,-0.41819132253004865,19.13,HK.00004
HK.00004,WHARF HOLDINGS,2026-09-08 00:00:00,19.05,19.02,19.36,18.9,1188.75,0.00108,3300005.0,62978022.0,-0.1574803149606359,19.05,HK.00004
HK.00004,WHARF HOLDINGS,2026-09-09 00:00:00,19.02,19.11,19.29,18.8,1194.375,0.00077,2348056.0,44736246.0,0.47318611987381626,19.02,HK.00004
HK.00004,WHARF HOLDINGS,2026-09-10 00:00:00,19.38,18.88,19.38,18.68,1180.0,0.0002,623634.0,11753091.0,-1.2035583464154915,19.11,HK.00004
HK.00004,WHARF HOLDINGS,2026-09-11 00:00:00,19.02,18.58,19.02,18.33,1161.25,0.00038,1151933.0,21348870.0,-1.5889830508474614,18.88,HK.00004
HK.00004,WHARF HOLDINGS,2026-09-14 00:00:00,18.63,18.63,18.7,18.24,1164.375,0.00027,812000.0,15048645.0,0.2691065662002191,18.58,HK.00004
HK.00004,WHARF HOLDINGS,2026-09-15 00:00:00,18.63,18.74,18.8,18.47,1171.25,0.00099,3035583.0,56611982.0,0.5904455179817468,18.63,HK.00004
HK.00004,WHARF HOLDINGS,2026-09-16 00:00:00,18.83,19.23,19.23,18.45,1201.875,0.00042,1270749.0,24088851.0,2.614727854855934,18.74,HK.00004
HK.00004,WHARF HOLDINGS,2026-09-17 00:00:00,19.23,19.25,19.25,18.68,1203.125,0.00043,1312280.0,24994539.0,0.10400416016640443,19.23,HK.00004
HK.00004,WHARF HOLDINGS,2026-09-18 00:00:00,19.25,19.28,19.47,19.02,1205.0,0.00074,2275959.0,43744849.0,0.15584415584416175,19.25,HK.00004
HK.00005,HSBC HOLDINGS,2026-08-03 00:00:00,167.21577,167.41577,167.91577,165.61577,17.601,0.00072,12417142.0,2080225850.0,0.0,167.41577,HK.00005
HK.00005,HSBC HOLDINGS,2026-08-04 00:00:00,167.61577,165.71577,168.91577,163.21577,17.423,0.0016,27429003.0,4592038175.0,-1.015436001041011,167.41577,HK.00005
HK.00005,HSBC HOLDINGS,2026-08-05 00:00:00,164.71577,161.31577,165.21577,161.21577,16.963,0.00135,23150626.0,3784105995.0,-2.655148631901482,165.71577,HK.00005
HK.00005,HSBC HOLDINGS,2026-08-06 00:00:00,158.81577,159.31577,159.41577,156.71577,16.753,0.00119,20372701.0,3233768534.0,-1.2398043911019985,161.31577,HK.00005
HK.00005,HSBC HOLDINGS,2026-08-07 00:00:00,158.91577,160.41577,160.41577,158.41577,16.868,0.00068,11750647.0,1885603820.0,0.6904526777230043,159.31577,HK.00005
HK.00005,HSBC HOLDINGS,2026-08-10 00:00:00,161.01577,161.71577,162.01577,160.51577,17.005,0.00048,8270003.0,1341985776.0,0.8103941401771054,160.41577,HK.00005
HK.00005,HSBC HOLDINGS,2026-08-11 00:00:00,161.91577,160.91577,162.11577,160.81577,16.921,0.00057,9756226.0,1581940756.0,-0.4946951061111622,161.71577,HK.00005
HK.00005,HSBC HOLDINGS,2026-08-12 00:00:00,160.21577,160.61577,161.21577,159.81577,16.889,0.00042,7210163.0,1162597944.0,-0.18643293941918268,160.91577,HK.00005
HK.00005,HSBC HOLDINGS,2026-08-13 00:00:00,161.2,163.0,163.0,161.2,17.057,0.00046,7977764.0,1296077058.0,1.4844308251923222,160.61577,HK.00005
HK.00005,HSBC HOLDINGS,2026-08-14 00:00:00,162.8,160.8,162.8,160.6,16.825,0.00039,6724838.0,1086336537.0,-1.3496932515337354,163.0,HK.00005
HK.00005,HSBC HOLDINGS,2026-08-17 00:00:00,161.9,163.5,163.9,161.8,17.106,0.00044,7607874.0,1242587853.0,1.679104477611933,160.8,HK.00005
HK.00005,HSBC HOLDINGS,2026-08-18 00:00:00,162.9,162.1,162.9,161.8,16.957,0.00033,5696185.0,924739344.0,-0.8562691131498505,163.5,HK.00005
HK.00005,HSBC HOLDINGS,2026-08-19 00:00:00,161.6,161.2,161.6,159.6,16.861,0.00049,8430459.0,1351924067.0,-0.5552128315854445,162.1,HK.00005
HK.00005,HSBC HOLDINGS,2026-08-20 00:00:00,160.3,160.3,161.0,159.5,16.767,0.00055,9506422.0,1523233201.0,-0.5583126550868346,161.2,HK.00005
HK.00005,HSBC HOLDINGS,2026-08-21 00:00:00,160.3,162.9,163.9,160.3,17.037,0.00066,11360351.0,1850295827.0,1.6219588271989982,160.3,HK.00005
HK.00005,HSBC HOLDINGS,2026-08-24 00:00:00,162.9,161.5,162.9,160.3,16.888,0.00062,10625499.0,1711652018.0,-0.8594229588704763,162.9,HK.00005
HK.00005,HSBC HOLDINGS,2026-08-25 00:00:00,162.4,163.2,164.2,162.4,17.065,0.00044,7585911.0,1238385761.0,1.0526315789473615,161.5,HK.00005
HK.00005,HSBC HOLDINGS,2026-08-26 00:00:00,162.7,161.7,163.2,161.0,16.907,0.00048,8201958.0,1330536910.0,-0.9191176470588236,163.2,HK.00005
HK.00005,HSBC HOLDINGS,2026-08-27 00:00:00,162.3,161.8,162.4,161.2,16.917,0.00027,4651498.0,752637161.0,0.061842918985790196,161.7,HK.00005
HK.00005,HSBC HOLDINGS,2026-08-28 00:00:00,160.6,161.4,162.2,160.2,16.875,0.00042,7128635.0,1149367564.0,-0.24721878862793922,161.8,HK.00005
HK.00005,HSBC HOLDINGS,2026-08-31 00:00:00,160.5,161.0,161.2,159.5,16.833,0.00038,6579275.0,1056020493.0,-0.24783147459727736,161.4,HK.00005
HK.00005,HSBC HOLDINGS,2026-09-01 00:00:00,161.0,160.6,161.3,158.8,16.792,0.00067,11434136.0,1828542012.0,-0.24844720496894762,161.0,HK.00005
HK.00005,HSBC HOLDINGS,2026-09-02 00:00:00,161.5,162.6,162.6,160.2,16.997,0.00055,9489389.0,1531733777.0,1.2453300124533002,160.6,HK.00005
HK.00005,HSBC HOLDINGS,2026-09-03 00:00:00,162.7,163.5,164.8,162.7,17.091,0.00081,13990143.0,2288639958.0,0.553505535055354,162.6,HK.00005
HK.00005,HSBC HOLDINGS,2026-09-04 00:00:00,166.0,166.7,167.7,165.0,17.426,0.0018,30851316.0,5147847604.0,1.9571865443425005,163.5,HK.00005
HK.00005,HSBC HOLDINGS,2026-09-07 00:00:00,166.7,167.6,167.9,166.5,17.513,0.001,17178832.0,2869867817.0,0.5398920215956843,166.7,HK.00005
HK.00005,HSBC HOLDINGS,2026-09-08 00:00:00,166.0,164.9,167.0,164.8,17.23,0.00042,7225458.0,1197313962.0,-1.6109785202863893,167.6,HK.00005
HK.00005,HSBC HOLDINGS,2026-09-09 00:00:00,166.5,166.0,166.7,165.5,17.345,0.00036,6256877.0,1039178588.0,0.6670709520921736,164.9,HK.00005
HK.00005,HSBC HOLDINGS,2026-09-10 00:00:00,163.7,164.7,165.1,163.5,17.21,0.00036,6179267.0,1015627972.0,-0.7831325301204888,166.0,HK.00005
HK.00005,HSBC HOLDINGS,2026-09-11 00:00:00,163.3,163.3,163.6,161.5,17.063,0.00057,9758966.0,1586979746.0,-0.8500303582270657,164.7,HK.00005
HK.00005,HSBC HOLDINGS,2026-09-14 00:00:00,163.0,164.9,165.0,163.0,17.23,0.00039,6722791.0,1103349049.0,0.9797917942437198,163.3,HK.00005
HK.00005,HSBC HOLDINGS,2026-09-15 00:00:00,163.0,159.6,163.1,159.4,16.677,0.00085,14661444.0,2356749760.0,-3.214069132807769,164.9,HK.00005
HK.00005,HSBC HOLDINGS,2026-09-16 00:00:00,160.8,160.9,161.4,160.1,16.812,0.00036,6192853.0,995518960.0,0.8145363408521374,159.6,HK.00005
HK.00005,HSBC HOLDINGS,2026-09-17 00:00:00,159.0,159.8,160.3,158.4,16.698,0.00048,8154668.0,1297721340.0,-0.6836544437538808,160.9,HK.00005
HK.00005,HSBC HOLDINGS,2026-09-18 00:00:00,161.3,161.6,164.2,161.0,16.879,0.00071,12240089.0,1989026410.0,1.126408010012505,159.8,HK.00005
HK.00006,POWER ASSETS,2026-08-03 00:00:00,58.32,58.02,58.97,57.92,20.095,0.00091,1929975.0,113865337.0,-0.4290372404324695,58.27,HK.00006
HK.00006,POWER ASSETS,2026-08-04 00:00:00,58.62,57.42,58.62,57.27,19.89,0.00119,2532114.0,147821488.0,-1.0341261633919363,58.02,HK.00006
HK.00006,POWER ASSETS,2026-08-05 00:00:00,57.77,57.42,57.87,56.92,19.89,0.00119,2527758.0,146629705.0,0.0,57.42,HK.00006
HK.00006,POWER ASSETS,2026-08-06 00:00:00,57.42,56.82,57.42,56.57,19.685,0.00096,2046490.0,117874443.0,-1.0449320794148405,57.42,HK.00006
HK.00006,POWER ASSETS,2026-08-07 00:00:00,56.82,56.92,57.12,56.52,19.719,0.00099,2107481.0,121542159.0,0.17599436818022074,56.82,HK.00006
HK.00006,POWER ASSETS,2026-08-10 00:00:00,56.97,56.87,56.97,56.12,19.702,0.00098,2098537.0,120521885.0,-0.08784258608574184,56.92,HK.00006
HK.00006,POWER ASSETS,2026-08-11 00:00:00,56.87,56.72,56.87,56.37,19.651,0.00071,1513026.0,86832575.0,-0.2637594513803387,56.87,HK.00006
HK.00006,POWER ASSETS,2026-08-12 00:00:00,56.72,56.52,56.72,56.12,19.583,0.00091,1938383.0,110858081.0,-0.35260930888574704,56.72,HK.00006
HK.00006,POWER ASSETS,2026-08-13 00:00:00,56.52,58.27,58.27,56.42,20.181,0.00203,4332133.0,253995175.0,3.0962491153573954,56.52,HK.00006
HK.00006,POWER ASSETS,2026-08-14 00:00:00,58.27,58.87,58.92,57.92,20.386,0.00192,4092312.0,243101525.0,1.0296893770379172,58.27,HK.00006
HK.00006,POWER ASSETS,2026-08-17 00:00:00,59.02,59.57,60.22,59.02,20.625,0.00135,2884677.0,174127703.0,1.1890606420927516,58.87,HK.00006
HK.00006,POWER ASSETS,2026-08-18 00:00:00,59.77,59.87,59.97,58.87,20.727,0.00111,2370144.0,143154033.0,0.5036091992613684,59.57,HK.00006
HK.00006,POWER ASSETS,2026-08-19 00:00:00,59.87,60.07,60.27,59.62,20.796,0.00123,2626115.0,159656435.0,0.33405712376816915,59.87,HK.00006
HK.00006,POWER ASSETS,2026-08-20 00:00:00,60.07,60.57,60.62,60.02,20.967,0.00109,2314525.0,141713831.0,0.83236224404861,60.07,HK.00006
HK.00006,POWER ASSETS,2026-08-21 00:00:00,60.17,61.67,61.67,60.12,21.343,0.00139,2971622.0,184294550.0,1.8160805679379253,60.57,HK.00006
HK.00006,POWER ASSETS,2026-08-24 00:00:00,61.67,60.72,61.67,60.17,21.018,0.00138,2932568.0,180110086.0,-1.540457272579865,61.67,HK.00006
HK.00006,POWER ASSETS,2026-08-25 00:00:00,60.87,59.77,61.02,59.52,20.693,0.00117,2502906.0,152179528.0,-1.5645586297760143,60.72,HK.00006
HK.00006,POWER ASSETS,2026-08-26 00:00:00,59.77,59.82,60.07,59.32,20.71,0.00162,3443281.0,208159875.0,0.08365400702693183,59.77,HK.00006
HK.00006,POWER ASSETS,2026-08-27 00:00:00,59.62,59.47,59.92,59.32,20.591,0.0008,1698967.0,102322319.0,-0.5850885991307279,59.82,HK.00006
HK.00006,POWER ASSETS,2026-08-28 00:00:00,59.32,59.22,59.52,59.02,20.505,0.00126,2683916.0,161030636.0,-0.4203800235412813,59.47,HK.00006
HK.00006,POWER ASSETS,2026-08-31 00:00:00,59.02,59.42,59.42,58.52,20.574,0.00215,4579111.0,274997487.0,0.3377237419790659,59.22,HK.00006
HK.00006,POWER ASSETS,2026-09-01 00:00:00,59.17,58.27,59.32,58.27,20.181,0.00142,3022436.0,179852955.0,-1.9353752945136293,59.42,HK.00006
HK.00006,POWER ASSETS,2026-09-02 00:00:00,58.27,59.12,59.17,58.07,20.471,0.00119,2525427.0,150443778.0,1.4587266174703866,58.27,HK.00006
HK.00006,POWER ASSETS,2026-09-03 00:00:00,58.97,59.22,60.07,58.97,20.505,0.00159,3391514.0,204001906.0,0.16914749661705247,59.12,HK.00006
HK.00006,POWER ASSETS,2026-09-04 00:00:00,59.32,59.52,59.82,59.32,20.608,0.00173,3693153.0,222889248.0,0.5065856129685989,59.22,HK.00006
HK.00006,POWER ASSETS,2026-09-07 00:00:00,59.57,59.77,60.07,59.22,20.693,0.00127,2708034.0,164049301.0,0.42002688172043007,59.52,HK.00006
HK.00006,POWER ASSETS,2026-09-08 00:00:00,59.77,59.87,60.07,59.02,20.727,0.00146,3103690.0,187985858.0,0.16730801405386367,59.77,HK.00006
HK.00006,POWER ASSETS,2026-09-09 00:00:00,59.95,61.15,61.15,59.95,20.898,0.00173,3682603.0,223282860.0,2.137965592116254,59.87,HK.00006
HK.00006,POWER ASSETS,2026-09-10 00:00:00,61.0,61.15,61.3,60.3,20.898,0.00109,2323848.0,141838302.0,0.0,61.15,HK.00006
HK.00006,POWER ASSETS,2026-09-11 00:00:00,61.15,61.2,61.55,60.4,20.915,0.00247,5258931.0,321351943.0,0.08176614881439781,61.15,HK.00006
HK.00006,POWER ASSETS,2026-09-14 00:00:00,60.9,61.5,61.5,60.75,21.018,0.00095,2033989.0,124665639.0,0.49019607843136787,61.2,HK.00006
HK.00006,POWER ASSETS,2026-09-15 00:00:00,61.5,59.6,61.5,59.55,20.369,0.00161,3439473.0,206181599.0,-3.089430894308941,61.5,HK.00006
HK.00006,POWER ASSETS,2026-09-16 00:00:00,59.6,60.15,60.55,59.4,20.557,0.00102,2173629.0,130614353.0,0.9228187919463039,59.6,HK.00006
HK.00006,POWER ASSETS,2026-09-17 00:00:00,60.15,59.95,60.4,59.0,20.488,0.0011,2338321.0,139459458.0,-0.33250207813798127,60.15,HK.00006
HK.00006,POWER ASSETS,2026-09-18 00:00:00,59.85,59.85,60.45,59.7,20.454,0.00329,7017446.0,420428071.0,-0.1668056713928297,59.95,HK.00006
HK.00016,SHK PPT,2026-08-03 00:00:00,124.5,122.2,125.1,121.1,18.37,0.00104,3003452.0,368372761.0,-0.8116883116883116,123.2,HK.00016
HK.00016,SHK PPT,2026-08-04 00:00:00,122.2,122.6,125.2,122.2,18.43,0.00115,3322869.0,409152055.0,0.3273322422258523,122.2,HK.00016
HK.00016,SHK PPT,2026-08-05 00:00:00,122.6,121.7,122.6,121.1,18.295,0.00138,3992459.0,485736915.0,-0.7340946166394711,122.6,HK.00016
HK.00016,SHK PPT,2026-08-06 00:00:00,119.5,116.0,119.6,114.6,17.438,0.00444,12855034.0,1490027814.0,-4.683648315529994,121.7,HK.00016
HK.00016,SHK PPT,2026-08-07 00:00:00,115.5,115.4,115.5,112.3,17.348,0.00245,7101922.0,810488390.0,-0.51724137931034,116.0,HK.00016
HK.00016,SHK PPT,2026-08-10 00:00:00,115.4,116.7,116.8,113.8,17.543,0.00122,3535433.0,410573328.0,1.1265164644714012,115.4,HK.00016
HK.00016,SHK PPT,2026-08-11 00:00:00,117.0,116.4,117.9,115.2,17.498,0.00146,4218703.0,491615679.0,-0.25706940874035744,116.7,HK.00016
HK.00016,SHK PPT,2026-08-12 00:00:00,116.4,117.6,117.6,115.3,17.678,0.00144,4186034.0,487757744.0,1.0309278350515367,116.4,HK.00016
HK.00016,SHK PPT,2026-08-13 00:00:00,116.5,117.6,118.7,116.1,17.678,0.00087,2514529.0,295929542.0,0.0,117.6,HK.00016
HK.00016,SHK PPT,2026-08-14 00:00:00,117.0,116.5,117.5,114.6,17.513,0.00066,1915805.0,222637443.0,-0.9353741496598591,117.6,HK.00016
HK.00016,SHK PPT,2026-08-17 00:00:00,116.5,117.2,118.0,116.1,17.618,0.00081,2360017.0,276693150.0,0.6008583690987149,116.5,HK.00016
HK.00016,SHK PPT,2026-08-18 00:00:00,116.4,117.3,117.4,115.4,17.633,0.00085,2466771.0,287612664.0,0.08532423208190641,117.2,HK.00016
HK.00016,SHK PPT,2026-08-19 00:00:00,118.0,120.2,120.3,117.5,18.069,0.00147,4264482.0,509305215.0,2.4722932651321448,117.3,HK.00016
HK.00016,SHK PPT,2026-08-20 00:00:00,123.0,124.7,125.1,121.2,18.746,0.00332,9619841.0,1195038276.0,3.743760399334443,120.2,HK.00016
HK.00016,SHK PPT,2026-08-21 00:00:00,125.2,128.2,128.7,125.2,19.272,0.00299,8674565.0,1108185884.0,2.8067361668003095,124.7,HK.00016
HK.00016,SHK PPT,2026-08-24 00:00:00,128.2,126.3,128.7,126.0,18.986,0.00126,3661211.0,464968432.0,-1.4820592823712884,128.2,HK.00016
HK.00016,SHK PPT,2026-08-25 00:00:00,127.2,125.0,128.5,124.4,18.791,0.00115,3327733.0,417105932.0,-1.0292953285827373,126.3,HK.00016
HK.00016,SHK PPT,2026-08-26 00:00:00,124.7,124.6,125.3,123.3,18.731,0.00094,2718821.0,337961756.0,-0.32000000000000456,125.0,HK.00016
HK.00016,SHK PPT,2026-08-27 00:00:00,124.6,123.5,125.0,122.8,18.565,0.00064,1845351.0,228358509.0,-0.8828250401284065,124.6,HK.00016
HK.00016,SHK PPT,2026-08-28 00:00:00,122.8,121.9,123.1,121.3,18.325,0.00162,4686150.0,571724147.0,-1.2955465587044488,123.5,HK.00016
HK.00016,SHK PPT,2026-08-31 00:00:00,119.9,116.2,120.9,115.0,17.468,0.00273,7912552.0,920547070.0,-4.675963904840035,121.9,HK.00016
HK.00016,SHK PPT,2026-09-01 00:00:00,116.2,113.6,116.3,113.0,17.077,0.00178,5153791.0,588288800.0,-2.2375215146299556,116.2,HK.00016
HK.00016,SHK PPT,2026-09-02 00:00:00,111.5,114.8,114.9,110.7,17.257,0.00278,8049822.0,913842871.0,1.0563380281690167,113.6,HK.00016
HK.00016,SHK PPT,2026-09-03 00:00:00,115.7,115.3,116.6,114.6,17.333,0.00167,4852410.0,559839205.0,0.4355400696864111,114.8,HK.00016
HK.00016,SHK PPT,2026-09-04 00:00:00,117.2,119.5,120.8,116.8,17.964,0.00292,8457514.0,1011128472.0,3.6426712922810087,115.3,HK.00016
HK.00016,SHK PPT,2026-09-07 00:00:00,120.6,119.2,120.7,118.3,17.919,0.0015,4353661.0,519870452.0,-0.2510460251046001,119.5,HK.00016
HK.00016,SHK PPT,2026-09-08 00:00:00,119.0,119.8,120.6,117.6,18.009,0.00116,3371132.0,403461556.0,0.5033557046979817,119.2,HK.00016
HK.00016,SHK PPT,2026-09-09 00:00:00,118.7,118.3,119.3,116.8,17.784,0.00196,5684653.0,669966187.0,-1.2520868113522539,119.8,HK.00016
HK.00016,SHK PPT,2026-09-10 00:00:00,117.0,116.7,117.9,116.2,15.783,0.00183,5301798.0,619289286.0,-1.3524936601859632,118.3,HK.00016
HK.00016,SHK PPT,2026-09-11 00:00:00,113.2,108.2,113.8,106.2,14.633,0.0055,15931969.0,1729345126.0,-7.28363324764353,116.7,HK.00016
HK.00016,SHK PPT,2026-09-14 00:00:00,108.2,110.4,110.9,106.2,14.931,0.00206,5980350.0,652953958.0,2.0332717190388196,108.2,HK.00016
HK.00016,SHK PPT,2026-09-15 00:00:00,110.0,108.9,110.0,107.9,14.728,0.0018,5212442.0,566845153.0,-1.358695652173913,110.4,HK.00016
HK.00016,SHK PPT,2026-09-16 00:00:00,108.6,109.6,109.9,107.4,14.822,0.00159,4602263.0,502061994.0,0.6427915518824505,108.9,HK.00016
HK.00016,SHK PPT,2026-09-17 00:00:00,108.5,108.2,108.8,105.9,14.633,0.00266,7700043.0,825342969.0,-1.277372262773715,109.6,HK.00016
HK.00016,SHK PPT,2026-09-18 00:00:00,108.2,107.7,109.0,107.1,14.565,0.00393,11382512.0,1225560386.0,-0.4621072088724584,108.2,HK.00016
HK.00020,SENSETIME-W,2026-08-03 00:00:00,1.46,1.505,1.545,1.455,0.0,0.0131,553035584.0,832849375.0,3.7931034482758577,1.45,HK.00020
HK.00020,SENSETIME-W,2026-08-04 00:00:00,1.52,1.535,1.555,1.51,0.0,0.00986,416046030.0,637219283.0,1.9933554817275767,1.505,HK.00020
HK.00020,SENSETIME-W,2026-08-05 00:00:00,1.54,1.57,1.62,1.53,0.0,0.0145,612280681.0,969901318.0,2.2801302931596186,1.535,HK.00020
HK.00020,SENSETIME-W,2026-08-06 00:00:00,1.56,1.52,1.575,1.51,0.0,0.00812,342792580.0,526322557.0,-3.184713375796181,1.57,HK.00020
HK.00020,SENSETIME-W,2026-08-07 00:00:00,1.51,1.46,1.515,1.42,0.0,0.0129,544606505.0,789203909.0,-3.947368421052635,1.52,HK.00020
HK.00020,SENSETIME-W,2026-08-10 00:00:00,1.465,1.48,1.495,1.45,0.0,0.00726,306442197.0,450648869.0,1.3698630136986314,1.46,HK.00020
HK.00020,SENSETIME-W,2026-08-11 00:00:00,1.485,1.425,1.485,1.42,0.0,0.00791,333801685.0,482181777.0,-3.7162162162162122,1.48,HK.00020
HK.00020,SENSETIME-W,2026-08-12 00:00:00,1.415,1.44,1.445,1.395,0.0,0.00506,213563134.0,304890504.0,1.0526315789473615,1.425,HK.00020
HK.00020,SENSETIME-W,2026-08-13 00:00:00,1.425,1.43,1.465,1.415,0.0,0.00655,276572309.0,397277085.0,-0.6944444444444451,1.44,HK.00020
HK.00020,SENSETIME-W,2026-08-14 00:00:00,1.43,1.405,1.44,1.4,0.0,0.0061,257530500.0,363966096.0,-1.7482517482517421,1.43,HK.00020
HK.00020,SENSETIME-W,2026-08-17 00:00:00,1.505,1.53,1.59,1.5,0.0,0.03522,1486668149.0,2290911833.0,8.896797153024911,1.405,HK.00020
HK.00020,SENSETIME-W,2026-08-18 00:00:00,1.53,1.465,1.53,1.425,0.0,0.01958,826783919.0,1208308721.0,-4.248366013071892,1.53,HK.00020
HK.00020,SENSETIME-W,2026-08-19 00:00:00,1.45,1.43,1.45,1.415,0.0,0.00973,410900641.0,588124172.0,-2.3890784982935247,1.465,HK.00020
HK.00020,SENSETIME-W,2026-08-20 00:00:00,1.47,1.485,1.51,1.45,0.0,0.01444,609804765.0,905455544.0,3.8461538461538574,1.43,HK.00020
HK.00020,SENSETIME-W,2026-08-21 00:00:00,1.48,1.515,1.545,1.48,0.0,0.01307,551701518.0,835773372.0,2.020202020202007,1.485,HK.00020
HK.00020,SENSETIME-W,2026-08-24 00:00:00,1.525,1.47,1.525,1.465,0.0,0.01762,743742938.0,1103351195.0,-2.970297029702966,1.515,HK.00020
HK.00020,SENSETIME-W,2026-08-25 00:00:00,1.485,1.51,1.55,1.46,0.0,0.03481,1469632361.0,2227818644.0,2.721088435374152,1.47,HK.00020
HK.00020,SENSETIME-W,2026-08-26 00:00:00,1.51,1.47,1.53,1.465,0.0,0.00999,421843090.0,625243794.0,-2.6490066225165587,1.51,HK.00020
HK.00020,SENSETIME-W,2026-08-27 00:00:00,1.49,1.425,1.495,1.42,0.0,0.01511,638068880.0,913768803.0,-3.0612244897959133,1.47,HK.00020
HK.00020,SENSETIME-W,2026-08-28 00:00:00,1.43,1.48,1.54,1.42,0.0,0.02238,944651365.0,1409443795.0,3.8596491228070127,1.425,HK.00020
HK.00020,SENSETIME-W,2026-08-31 00:00:00,1.475,1.44,1.475,1.4,0.0,0.01471,621117409.0,884898342.0,-2.7027027027027053,1.48,HK.00020
HK.00020,SENSETIME-W,2026-09-01 00:00:00,1.435,1.425,1.5,1.42,0.0,0.01111,469024050.0,681153982.0,-1.0416666666666599,1.44,HK.00020
HK.00020,SENSETIME-W,2026-09-02 00:00:00,1.415,1.395,1.42,1.365,0.0,0.00879,370893362.0,514268460.0,-2.1052631578947385,1.425,HK.00020
HK.00020,SENSETIME-W,2026-09-03 00:00:00,1.405,1.365,1.45,1.36,0.0,0.00962,406204134.0,568182371.0,-2.1505376344086042,1.395,HK.00020
HK.00020,SENSETIME-W,2026-09-04 00:00:00,1.395,1.445,1.465,1.395,0.0,0.0186,785135493.0,1131165530.0,5.860805860805867,1.365,HK.00020
HK.00020,SENSETIME-W,2026-09-07 00:00:00,1.435,1.4,1.46,1.39,0.0,0.01297,547547815.0,773224701.0,-3.114186851211083,1.445,HK.00020
HK.00020,SENSETIME-W,2026-09-08 00:00:00,1.4,1.365,1.41,1.36,0.0,0.00937,395713538.0,544697096.0,-2.4999999999999947,1.4,HK.00020
HK.00020,SENSETIME-W,2026-09-09 00:00:00,1.36,1.33,1.365,1.33,0.0,0.00827,348935055.0,466943604.0,-2.564102564102558,1.365,HK.00020
HK.00020,SENSETIME-W,2026-09-10 00:00:00,1.325,1.305,1.325,1.29,0.0,0.00756,318973227.0,415069492.0,-1.8796992481203108,1.33,HK.00020
HK.00020,SENSETIME-W,2026-09-11 00:00:00,1.29,1.31,1.315,1.27,0.0,0.00693,292703985.0,379104524.0,0.3831417624521162,1.305,HK.00020
HK.00020,SENSETIME-W,2026-09-14 00:00:00,1.285,1.265,1.305,1.265,0.0,0.00682,287951208.0,367611050.0,-3.435114503816805,1.31,HK.00020
HK.00020,SENSETIME-W,2026-09-15 00:00:00,1.265,1.23,1.275,1.23,0.0,0.00776,327421549.0,410449155.0,-2.766798418972326,1.265,HK.00020
HK.00020,SENSETIME-W,2026-09-16 00:00:00,1.24,1.21,1.245,1.18,0.0,0.00832,351155131.0,422502845.0,-1.6260162601626031,1.23,HK.00020
HK.00020,SENSETIME-W,2026-09-17 00:00:00,1.2,1.205,1.225,1.19,0.0,0.00683,288395864.0,347667385.0,-0.41322314049585895,1.21,HK.00020
HK.00020,SENSETIME-W,2026-09-18 00:00:00,1.215,1.275,1.275,1.215,0.0,0.0155,654381682.0,822330287.0,5.809128630705381,1.205,HK.00020
HK.00027,GALAXY ENT,2026-08-03 00:00:00,33.1,32.7,33.48,32.52,13.787,0.0028,12261047.0,412846016.0,-1.8018018018017847,33.3,HK.00027
HK.00027,GALAXY ENT,2026-08-04 00:00:00,32.96,32.38,33.039999999,32.12,13.656,0.00235,10308755.0,342659970.0,-0.9785932721712546,32.7,HK.00027
HK.00027,GALAXY ENT,2026-08-05 00:00:00,32.24,32.7,32.7,32.079999999,13.787,0.0023,10077980.0,336481276.0,0.9882643607164924,32.38,HK.00027
HK.00027,GALAXY ENT,2026-08-06 00:00:00,32.66,32.64,32.66,31.96,13.762,0.00213,9318016.0,310141720.0,-0.183486238532117,32.7,HK.00027
HK.00027,GALAXY ENT,2026-08-07 00:00:00,32.64,31.98,32.64,31.859999999,13.491,0.00151,6619535.0,217805512.0,-2.022058823529412,32.64,HK.00027
HK.00027,GALAXY ENT,2026-08-10 00:00:00,31.98,32.219999999,32.38,31.859999999,13.59,0.00113,4926852.0,162903152.0,0.7504690400250216,31.98,HK.00027
HK.00027,GALAXY ENT,2026-08-11 00:00:00,32.2,32.079999999,32.42,31.96,13.533,0.00131,5756365.0,189941881.0,-0.43451272502900584,32.219999999,HK.00027
HK.00027,GALAXY ENT,2026-08-12 00:00:00,31.7,33.3,33.3,31.42,14.033,0.00339,14849488.0,498879311.0,3.802992521938982,32.079999999,HK.00027
HK.00027,GALAXY ENT,2026-08-13 00:00:00,33.3,34.04,34.22,32.94,14.337,0.00486,21277026.0,738126693.0,2.2222222222222285,33.3,HK.00027
HK.00027,GALAXY ENT,2026-08-14 00:00:00,34.04,33.84,34.04,33.46,14.255,0.00308,13489282.0,467787599.0,-0.5875440658049229,34.04,HK.00027
HK.00027,GALAXY ENT,2026-08-17 00:00:00,33.84,33.64,34.7,33.62,14.173,0.00214,9350657.0,325490839.0,-0.5910165484633653,33.84,HK.00027
HK.00027,GALAXY ENT,2026-08-18 00:00:00,33.9,33.98,34.06,33.64,14.312,0.00209,9171254.0,319745960.0,1.0107015457788238,33.64,HK.00027
HK.00027,GALAXY ENT,2026-08-19 00:00:00,33.7,34.2,34.2,33.52,14.402,0.00217,9523620.0,332935808.0,0.6474396703943672,33.98,HK.00027
HK.00027,GALAXY ENT,2026-08-20 00:00:00,34.5,34.48,34.64,34.14,14.517,0.00282,12338652.0,436034987.0,0.8187134502923802,34.2,HK.00027
HK.00027,GALAXY ENT,2026-08-21 00:00:00,34.6,35.1,35.16,34.6,14.772,0.0064,28028209.0,1005190834.0,1.798143851508134,34.48,HK.00027
HK.00027,GALAXY ENT,2026-08-24 00:00:00,34.88,34.98,35.18,34.34,14.723,0.00289,12659526.0,453342747.0,-0.3418803418803548,35.1,HK.00027
HK.00027,GALAXY ENT,2026-08-25 00:00:00,35.3,34.74,35.4,34.22,14.255,0.00267,11711998.0,405554948.0,-0.6861063464836904,34.98,HK.00027
HK.00027,GALAXY ENT,2026-08-26 00:00:00,34.74,34.74,35.0,34.62,14.255,0.00254,11136349.0,387661276.0,0.0,34.74,HK.00027
HK.00027,GALAXY ENT,2026-08-27 00:00:00,34.74,34.36,34.9,34.24,14.099,0.00263,11514033.0,396011735.0,-1.0938399539435881,34.74,HK.00027
HK.00027,GALAXY ENT,2026-08-28 00:00:00,34.36,33.86,34.36,33.62,13.894,0.00222,9723285.0,329336516.0,-1.4551804423748544,34.36,HK.00027
HK.00027,GALAXY ENT,2026-08-31 00:00:00,33.98,34.16,34.16,33.38,14.017,0.00178,7795697.0,264877647.0,0.8860011813349,33.86,HK.00027
HK.00027,GALAXY ENT,2026-09-01 00:00:00,34.16,33.08,34.18,33.04,13.574,0.00227,9923732.0,330175343.0,-3.161592505854796,34.16,HK.00027
HK.00027,GALAXY ENT,2026-09-02 00:00:00,33.12,33.46,33.52,32.52,13.729,0.00172,7524985.0,249482643.0,1.1487303506650621,33.08,HK.00027
HK.00027,GALAXY ENT,2026-09-03 00:00:00,33.44,33.44,33.86,33.18,13.721,0.00159,6982408.0,233623193.0,-0.05977286312015279,33.46,HK.00027
HK.00027,GALAXY ENT,2026-09-04 00:00:00,33.52,33.9,34.14,33.52,13.91,0.00157,6875132.0,233183167.0,1.3755980861244046,33.44,HK.00027
HK.00027,GALAXY ENT,2026-09-07 00:00:00,33.9,33.7,33.9,33.44,13.828,0.00098,4284451.0,144235652.0,-0.5899705014749137,33.9,HK.00027
HK.00027,GALAXY ENT,2026-09-08 00:00:00,33.1,33.72,33.98,33.1,13.836,0.00099,4318633.0,145799609.0,0.05934718100889027,33.7,HK.00027
HK.00027,GALAXY ENT,2026-09-09 00:00:00,33.56,33.22,33.68,33.02,13.631,0.0027,11805140.0,394337319.0,-1.482799525504152,33.72,HK.00027
HK.00027,GALAXY ENT,2026-09-10 00:00:00,33.18,32.08,33.18,31.74,13.163,0.00432,18935937.0,610388548.0,-3.431667670078268,33.22,HK.00027
HK.00027,GALAXY ENT,2026-09-11 00:00:00,32.08,32.78,32.8,32.0,13.45,0.00212,9285036.0,301945951.0,2.182044887780558,32.08,HK.00027
HK.00027,GALAXY ENT,2026-09-14 00:00:00,32.9,32.86,33.36,32.14,13.483,0.00295,12933969.0,422451855.0,0.24405125076265494,32.78,HK.00027
HK.00027,GALAXY ENT,2026-09-15 00:00:00,32.9,32.48,32.9,32.32,13.327,0.00337,14773071.0,480327255.0,-1.1564211807668976,32.86,HK.00027
HK.00027,GALAXY ENT,2026-09-16 00:00:00,32.66,32.36,32.66,31.9,13.278,0.00253,11074085.0,357906651.0,-0.3694581280788099,32.48,HK.00027
HK.00027,GALAXY ENT,2026-09-17 00:00:00,32.36,32.7,32.74,31.8,13.418,0.00384,16831883.0,544132443.0,1.0506798516687375,32.36,HK.00027
HK.00027,GALAXY ENT,2026-09-18 00:00:00,32.7,32.62,33.04,32.4,13.385,0.00657,28775592.0,940748062.0,-0.24464831804282997,32.7,HK.00027
HK.00100,MINIMAX-W,2026-08-03 00:00:00,235.2,247.2,256.8,226.4,0.0,0.02105,7351109.0,1819562455.0,7.198612315698176,230.6,HK.00100
HK.00100,MINIMAX-W,2026-08-04 00:00:00,242.6,230.2,246.4,223.4,0.0,0.01905,6653531.0,1539760608.0,-6.877022653721683,247.2,HK.00100
HK.00100,MINIMAX-W,2026-08-05 00:00:00,238.0,253.8,264.0,230.2,0.0,0.02272,7935246.0,2008303421.0,10.251954821894016,230.2,HK.00100
HK.00100,MINIMAX-W,2026-08-06 00:00:00,267.8,297.2,311.6,255.0,0.0,0.08449,29506085.0,8595437401.0,17.100078802206454,253.8,HK.00100
HK.00100,MINIMAX-W,2026-08-07 00:00:00,288.6,326.4,374.4,287.0,0.0,0.09634,33646013.0,11396096136.0,9.825033647375502,297.2,HK.00100
HK.00100,MINIMAX-W,2026-08-10 00:00:00,342.0,322.4,353.8,303.6,0.0,0.05446,19019433.0,6160666063.0,-1.2254901960784315,326.4,HK.00100
HK.00100,MINIMAX-W,2026-08-11 00:00:00,336.0,328.0,337.8,319.0,0.0,0.02906,10148376.0,3335649828.0,1.7369727047146473,322.4,HK.00100
HK.00100,MINIMAX-W,2026-08-12 00:00:00,337.8,357.4,364.6,333.0,0.0,0.0557,19450862.0,6774855456.0,8.963414634146334,328.0,HK.00100
HK.00100,MINIMAX-W,2026-08-13 00:00:00,358.0,376.8,388.6,355.2,0.0,0.05162,18026989.0,6762227281.0,5.428091773922786,357.4,HK.00100
HK.00100,MINIMAX-W,2026-08-14 00:00:00,390.0,329.0,395.0,318.0,0.0,0.09389,32789893.0,11458211732.0,-12.685774946921446,376.8,HK.00100
HK.00100,MINIMAX-W,2026-08-17 00:00:00,337.0,333.8,344.2,324.2,0.0,0.02906,10150291.0,3395807923.0,1.4589665653495474,329.0,HK.00100
HK.00100,MINIMAX-W,2026-08-18 00:00:00,335.0,318.8,336.6,286.6,0.0,0.06157,21502807.0,6576913320.0,-4.493708807669263,333.8,HK.00100
HK.00100,MINIMAX-W,2026-08-19 00:00:00,300.6,292.4,313.0,286.2,0.0,0.02948,10295918.0,3052634611.0,-8.281053952321214,318.8,HK.00100
HK.00100,MINIMAX-W,2026-08-20 00:00:00,303.2,310.4,321.8,291.6,0.0,0.03401,11879225.0,3686911452.0,6.155950752393982,292.4,HK.00100
HK.00100,MINIMAX-W,2026-08-21 00:00:00,305.2,347.2,355.8,300.0,0.0,0.05372,18762099.0,6346010303.0,11.85567010309279,310.4,HK.00100
HK.00100,MINIMAX-W,2026-08-24 00:00:00,343.0,312.2,343.0,308.8,0.0,0.03134,10943376.0,3494761672.0,-10.080645161290324,347.2,HK.00100
HK.00100,MINIMAX-W,2026-08-25 00:00:00,312.0,299.6,323.6,290.4,0.0,0.03475,12136215.0,3721219427.0,-4.035874439461873,312.2,HK.00100
HK.00100,MINIMAX-W,2026-08-26 00:00:00,304.2,303.0,313.8,296.4,0.0,0.02114,7381383.0,2252400442.0,1.134846461949258,299.6,HK.00100
HK.00100,MINIMAX-W,2026-08-27 00:00:00,318.0,314.6,325.2,306.2,0.0,0.03774,13179538.0,4139371525.0,3.8283828382838356,303.0,HK.00100
HK.00100,MINIMAX-W,2026-08-28 00:00:00,317.0,300.4,329.6,297.2,0.0,0.03202,11182735.0,3517503596.0,-4.5136681500318,314.6,HK.00100
HK.00100,MINIMAX-W,2026-08-31 00:00:00,299.0,349.0,360.0,296.0,0.0,0.07055,24636986.0,8243771642.0,16.17842876165114,300.4,HK.00100
HK.00100,MINIMAX-W,2026-09-01 00:00:00,353.0,336.8,381.4,332.2,0.0,0.0744,25982113.0,9318096431.0,-3.495702005730656,349.0,HK.00100
HK.00100,MINIMAX-W,2026-09-02 00:00:00,342.8,342.6,351.0,327.0,0.0,0.03048,10644744.0,3620256379.0,1.7220902612826636,336.8,HK.00100
HK.00100,MINIMAX-W,2026-09-03 00:00:00,333.0,355.0,365.0,333.0,0.0,0.04358,15218876.0,5373261468.0,3.619381202568586,342.6,HK.00100
HK.00100,MINIMAX-W,2026-09-04 00:00:00,364.6,361.4,395.0,353.8,0.0,0.07119,24862826.0,9282718161.0,1.8028169014084443,355.0,HK.00100
HK.00100,MINIMAX-W,2026-09-07 00:00:00,367.0,350.8,393.0,333.4,0.0,0.06833,23863660.0,8665579487.0,-2.933038184836737,361.4,HK.00100
HK.00100,MINIMAX-W,2026-09-08 00:00:00,350.0,331.2,360.6,319.6,0.0,0.04893,17089189.0,5699775568.0,-5.5872291904218985,350.8,HK.00100
HK.00100,MINIMAX-W,2026-09-09 00:00:00,334.8,320.8,349.4,320.4,0.0,0.04024,14052362.0,4684979023.0,-3.140096618357481,331.2,HK.00100
HK.00100,MINIMAX-W,2026-09-10 00:00:00,315.8,292.0,318.4,288.6,0.0,0.04294,14996278.0,4488677346.0,-8.977556109725688,320.8,HK.00100
HK.00100,MINIMAX-W,2026-09-11 00:00:00,285.0,270.0,296.8,263.4,0.0,0.04935,17235735.0,4714514495.0,-7.534246575342466,292.0,HK.00100
HK.00100,MINIMAX-W,2026-09-14 00:00:00,255.0,252.4,258.8,249.0,0.0,0.02749,9599572.0,2431961069.0,-6.518518518518516,270.0,HK.00100
HK.00100,MINIMAX-W,2026-09-15 00:00:00,256.0,234.6,259.2,231.4,0.0,0.03819,13336917.0,3226765566.0,-7.052297939778135,252.4,HK.00100
HK.00100,MINIMAX-W,2026-09-16 00:00:00,236.6,238.0,251.8,233.0,0.0,0.04257,14866249.0,3623722212.0,1.449275362318843,234.6,HK.00100
HK.00100,MINIMAX-W,2026-09-17 00:00:00,242.0,254.8,255.8,242.0,0.0,0.03398,11866811.0,2976882532.0,7.05882352941177,238.0,HK.00100
HK.00100,MINIMAX-W,2026-09-18 00:00:00,264.8,303.0,303.0,263.6,0.0,0.06357,22202172.0,6424366749.0,18.916797488226052,254.8,HK.00100
HK.00268,KINGDEE INT'L,2026-08-03 00:00:00,8.455,8.655,8.905,8.425,298.448,0.01885,66245694.0,575712483.0,3.9015606242496914,8.33,HK.00268
HK.00268,KINGDEE INT'L,2026-08-04 00:00:00,8.72,8.56,8.96,8.375,295.172,0.01569,55130893.0,470452889.0,-1.0976314269208418,8.655,HK.00268
HK.00268,KINGDEE INT'L,2026-08-05 00:00:00,8.56,8.785,9.05,8.41,302.931,0.01313,46144678.0,405101357.0,2.628504672897192,8.56,HK.00268
HK.00268,KINGDEE INT'L,2026-08-06 00:00:00,8.61,8.49,8.77,8.405,292.758,0.00849,29828614.0,254465033.0,-3.3579965850882174,8.785,HK.00268
HK.00268,KINGDEE INT'L,2026-08-07 00:00:00,8.45,8.545,8.605,8.14,294.655,0.011,38666635.0,323216902.0,0.6478209658421639,8.49,HK.00268
HK.00268,KINGDEE INT'L,2026-08-10 00:00:00,8.545,8.76,8.8,8.485,302.068,0.00957,33641230.0,292165107.0,2.516091281451139,8.545,HK.00268
HK.00268,KINGDEE INT'L,2026-08-11 00:00:00,8.8,8.99,9.34,8.775,310.0,0.01176,41317490.0,372440368.0,2.625570776255713,8.76,HK.00268
HK.00268,KINGDEE INT'L,2026-08-12 00:00:00,8.935,8.21,8.935,8.12,283.103,0.0205,72058550.0,598473973.0,-8.676307007786423,8.99,HK.00268
HK.00268,KINGDEE INT'L,2026-08-13 00:00:00,8.2,7.855,8.215,7.7,270.862,0.02268,79703305.0,626531196.0,-4.323995127892818,8.21,HK.00268
HK.00268,KINGDEE INT'L,2026-08-14 00:00:00,7.975,7.85,8.545,7.825,270.689,0.01361,47819500.0,385344950.0,-0.0636537237428489,7.855,HK.00268
HK.00268,KINGDEE INT'L,2026-08-17 00:00:00,7.8,7.97,8.08,7.75,274.827,0.00994,34924716.0,278777801.0,1.528662420382167,7.85,HK.00268
HK.00268,KINGDEE INT'L,2026-08-18 00:00:00,7.93,7.755,7.93,7.455,267.413,0.01374,48296964.0,368072098.0,-2.697616060225845,7.97,HK.00268
HK.00268,KINGDEE INT'L,2026-08-19 00:00:00,7.755,7.72,7.86,7.5,266.206,0.0106,37253754.0,286953044.0,-0.4513217279174744,7.755,HK.00268
HK.00268,KINGDEE INT'L,2026-08-20 00:00:00,8.04,8.31,8.385,7.815,286.551,0.02327,81766105.0,672505104.0,7.642487046632135,7.72,HK.00268
HK.00268,KINGDEE INT'L,2026-08-21 00:00:00,8.23,8.25,8.315,8.12,284.482,0.00865,30412648.0,249949915.0,-0.7220216606498254,8.31,HK.00268
HK.00268,KINGDEE INT'L,2026-08-24 00:00:00,8.18,8.155,8.22,7.98,281.206,0.00854,30026841.0,243988342.0,-1.1515151515151594,8.25,HK.00268
HK.00268,KINGDEE INT'L,2026-08-25 00:00:00,8.155,8.495,8.495,8.04,292.931,0.0284,99822671.0,833897482.0,4.169221336603309,8.155,HK.00268
HK.00268,KINGDEE INT'L,2026-08-26 00:00:00,8.495,8.24,8.495,8.115,284.137,0.01482,52099830.0,427836918.0,-3.0017657445556094,8.495,HK.00268
HK.00268,KINGDEE INT'L,2026-08-27 00:00:00,8.24,8.425,8.49,8.18,290.517,0.01234,43363437.0,361707450.0,2.245145631067967,8.24,HK.00268
HK.00268,KINGDEE INT'L,2026-08-28 00:00:00,8.9,8.95,9.48,8.85,308.62,0.02632,92510046.0,850977837.0,6.231454005934701,8.425,HK.00268
HK.00268,KINGDEE INT'L,2026-08-31 00:00:00,8.76,8.66,8.975,8.465,298.62,0.09891,347639907.0,3016404651.0,-3.240223463687142,8.95,HK.00268
HK.00268,KINGDEE INT'L,2026-09-01 00:00:00,8.64,8.84,9.18,8.61,304.827,0.02283,80243140.0,702449105.0,2.0785219399538075,8.66,HK.00268
HK.00268,KINGDEE INT'L,2026-09-02 00:00:00,8.58,8.13,8.64,8.07,280.344,0.01556,54677074.0,446858133.0,-8.031674208144786,8.84,HK.00268
HK.00268,KINGDEE INT'L,2026-09-03 00:00:00,8.13,8.26,8.31,8.025,284.827,0.00967,33995375.0,278213166.0,1.5990159901598893,8.13,HK.00268
HK.00268,KINGDEE INT'L,2026-09-04 00:00:00,8.39,8.895,9.05,8.385,306.724,0.01925,67649457.0,595373971.0,7.687651331719126,8.26,HK.00268
HK.00268,KINGDEE INT'L,2026-09-07 00:00:00,8.895,8.375,8.895,8.365,288.793,0.00969,34039135.0,287592697.0,-5.845980888139399,8.895,HK.00268
HK.00268,KINGDEE INT'L,2026-09-08 00:00:00,8.495,8.15,8.495,8.12,281.034,0.00875,30763740.0,252097699.0,-2.6865671641791002,8.375,HK.00268
HK.00268,KINGDEE INT'L,2026-09-09 00:00:00,8.25,7.855,8.25,7.765,270.862,0.01277,44869117.0,353761476.0,-3.61963190184049,8.15,HK.00268
HK.00268,KINGDEE INT'L,2026-09-10 00:00:00,7.73,7.52,7.825,7.475,259.31,0.00708,24871403.0,187771367.0,-4.264799490770221,7.855,HK.00268
HK.00268,KINGDEE INT'L,2026-09-11 00:00:00,7.45,7.57,7.62,7.315,261.034,0.00936,32892756.0,247071429.0,0.664893617021286,7.52,HK.00268
HK.00268,KINGDEE INT'L,2026-09-14 00:00:00,7.45,7.52,7.805,7.45,259.31,0.00775,27243243.0,206382625.0,-0.660501981505954,7.57,HK.00268
HK.00268,KINGDEE INT'L,2026-09-15 00:00:00,7.785,7.52,7.965,7.49,259.31,0.01395,49026924.0,375428099.0,0.0,7.52,HK.00268
HK.00268,KINGDEE INT'L,2026-09-16 00:00:00,7.35,7.33,7.485,7.26,252.758,0.00928,32618458.0,238815074.0,-2.5265957446808445,7.52,HK.00268
HK.00268,KINGDEE INT'L,2026-09-17 00:00:00,7.2,7.265,7.355,7.175,250.517,0.00699,24562826.0,178084750.0,-0.886766712141888,7.33,HK.00268
HK.00268,KINGDEE INT'L,2026-09-18 00:00:00,7.25,7.555,7.555,7.25,260.517,0.01318,46335210.0,347146166.0,3.9917412250516184,7.265,HK.00268
HK.00358,JIANGXI COPPER,2026-08-03 00:00:00,35.18,34.8,35.18,34.22,14.764,0.00508,7051357.0,244142745.0,-1.0801591813530487,35.18,HK.00358
HK.00358,JIANGXI COPPER,2026-08-04 00:00:00,34.86,35.48,35.56,34.48,15.053,0.00744,10318035.0,363836271.0,1.9540229885057463,34.8,HK.00358
HK.00358,JIANGXI COPPER,2026-08-05 00:00:00,36.0,38.08,38.4,35.98,16.156,0.01739,24129736.0,903568671.0,7.328072153325822,35.48,HK.00358
HK.00358,JIANGXI COPPER,2026-08-06 00:00:00,39.4,38.3,39.5,38.02,16.249,0.00967,13418066.0,520117366.0,0.5777310924369718,38.08,HK.00358
HK.00358,JIANGXI COPPER,2026-08-07 00:00:00,38.52,39.82,40.36,38.16,16.894,0.01519,21074744.0,836925202.0,3.9686684073107132,38.3,HK.00358
HK.00358,JIANGXI COPPER,2026-08-10 00:00:00,39.82,39.0,39.82,38.36,16.546,0.00713,9898174.0,384519821.0,-2.059266700150679,39.82,HK.00358
HK.00358,JIANGXI COPPER,2026-08-11 00:00:00,39.38,37.64,39.6,37.34,15.969,0.00945,13105035.0,497699237.0,-3.4871794871794854,39.0,HK.00358
HK.00358,JIANGXI COPPER,2026-08-12 00:00:00,37.46,37.98,38.16,37.34,16.113,0.00366,5072330.0,191646807.0,0.9032943676939328,37.64,HK.00358
HK.00358,JIANGXI COPPER,2026-08-13 00:00:00,37.68,36.46,37.92,36.0,15.468,0.00638,8853605.0,324318520.0,-4.002106371774608,37.98,HK.00358
HK.00358,JIANGXI COPPER,2026-08-14 00:00:00,35.84,36.14,36.76,35.68,15.333,0.00484,6717676.0,242838979.0,-0.8776741634668137,36.46,HK.00358
HK.00358,JIANGXI COPPER,2026-08-17 00:00:00,36.22,37.52,37.84,36.22,15.918,0.0069,9573760.0,358781938.0,3.81848367459879,36.14,HK.00358
HK.00358,JIANGXI COPPER,2026-08-18 00:00:00,37.48,36.52,37.48,35.8,15.494,0.00569,7901584.0,287518566.0,-2.6652452025586353,37.52,HK.00358
HK.00358,JIANGXI COPPER,2026-08-19 00:00:00,35.78,35.74,36.46,35.26,15.163,0.00459,6369439.0,227372482.0,-2.135815991237681,36.52,HK.00358
HK.00358,JIANGXI COPPER,2026-08-20 00:00:00,36.66,36.16,37.16,36.16,15.341,0.00595,8260943.0,302005539.0,1.175153889199761,35.74,HK.00358
HK.00358,JIANGXI COPPER,2026-08-21 00:00:00,36.8,37.44,37.6,36.74,15.884,0.00488,6764295.0,252023098.0,3.539823008849561,36.16,HK.00358
HK.00358,JIANGXI COPPER,2026-08-24 00:00:00,38.8,37.1,38.86,36.64,15.74,0.00635,8808374.0,328686461.0,-0.9081196581196483,37.44,HK.00358
HK.00358,JIANGXI COPPER,2026-08-25 00:00:00,37.0,36.3,37.38,35.82,15.4,0.00677,9397487.0,340769531.0,-2.1563342318059413,37.1,HK.00358
HK.00358,JIANGXI COPPER,2026-08-26 00:00:00,37.34,39.9,41.36,37.24,16.928,0.02986,41427602.0,1655621094.0,9.91735537190083,36.3,HK.00358
HK.00358,JIANGXI COPPER,2026-08-27 00:00:00,39.5,39.02,40.12,38.96,16.554,0.00955,13257185.0,522245011.0,-2.2055137844611417,39.9,HK.00358
HK.00358,JIANGXI COPPER,2026-08-28 00:00:00,39.5,39.32,39.64,38.3,16.682,0.00893,12387512.0,484568067.0,0.7688364941055795,39.02,HK.00358
HK.00358,JIANGXI COPPER,2026-08-31 00:00:00,38.1,37.42,38.16,36.08,15.876,0.01895,26290245.0,975520920.0,-4.832146490335703,39.32,HK.00358
HK.00358,JIANGXI COPPER,2026-09-01 00:00:00,37.92,37.2,38.96,37.12,15.782,0.00903,12534700.0,471245684.0,-0.5879208979155501,37.42,HK.00358
HK.00358,JIANGXI COPPER,2026-09-02 00:00:00,36.5,36.46,36.64,35.3,15.468,0.00812,11269057.0,405527036.0,-1.9892473118279623,37.2,HK.00358
HK.00358,JIANGXI COPPER,2026-09-03 00:00:00,36.8,37.16,37.68,36.8,15.765,0.00571,7927191.0,295700619.0,1.9199122325836415,36.46,HK.00358
HK.00358,JIANGXI COPPER,2026-09-04 00:00:00,37.9,36.58,37.9,36.5,15.519,0.00691,9586968.0,354511169.0,-1.5608180839612442,37.16,HK.00358
HK.00358,JIANGXI COPPER,2026-09-07 00:00:00,36.74,36.6,36.82,35.9,15.528,0.00403,5593419.0,203699402.0,0.05467468562056623,36.58,HK.00358
HK.00358,JIANGXI COPPER,2026-09-08 00:00:00,37.74,38.4,39.14,37.7,16.291,0.01277,17716908.0,680776885.0,4.918032786885238,36.6,HK.00358
HK.00358,JIANGXI COPPER,2026-09-09 00:00:00,38.76,39.28,39.72,38.28,16.665,0.01081,14995597.0,585116418.0,2.2916666666666736,38.4,HK.00358
HK.00358,JIANGXI COPPER,2026-09-10 00:00:00,39.28,38.5,39.98,38.3,16.334,0.00865,12006951.0,467447185.0,-1.9857433808554,39.28,HK.00358
HK.00358,JIANGXI COPPER,2026-09-11 00:00:00,36.0,34.96,36.2,33.62,14.832,0.02631,36502370.0,1266828695.0,-9.194805194805193,38.5,HK.00358
HK.00358,JIANGXI COPPER,2026-09-14 00:00:00,34.2,33.82,34.6,33.6,14.348,0.00948,13149937.0,447712248.0,-3.2608695652173925,34.96,HK.00358
HK.00358,JIANGXI COPPER,2026-09-15 00:00:00,33.82,32.64,33.82,32.52,13.848,0.00908,12596808.0,414099062.0,-3.4890597279716133,33.82,HK.00358
HK.00358,JIANGXI COPPER,2026-09-16 00:00:00,33.02,33.62,33.82,32.62,14.263,0.0075,10401686.0,346996479.0,3.002450980392147,32.64,HK.00358
HK.00358,JIANGXI COPPER,2026-09-17 00:00:00,33.1,33.36,33.68,32.62,14.153,0.00602,8347516.0,276199794.0,-0.7733491969065973,33.62,HK.00358
HK.00358,JIANGXI COPPER,2026-09-18 00:00:00,34.0,34.0,34.26,33.56,14.425,0.00925,12837188.0,435345440.0,1.9184652278177474,33.36,HK.00358
HK.00386,SINOPEC CORP,2026-08-03 00:00:00,4.43,4.385,4.45,4.365,14.764,0.00353,84040617.0,369045438.0,-1.0158013544018043,4.43,HK.00386
HK.00386,SINOPEC CORP,2026-08-04 00:00:00,4.385,4.345,4.41,4.31,14.629,0.00389,92451417.0,401370073.0,-0.912200684150514,4.385,HK.00386
HK.00386,SINOPEC CORP,2026-08-05 00:00:00,4.345,4.325,4.355,4.28,14.562,0.00367,87278167.0,376352013.0,-0.4602991944763999,4.345,HK.00386
HK.00386,SINOPEC CORP,2026-08-06 00:00:00,4.3,4.265,4.355,4.25,14.36,0.00514,122301944.0,522861723.0,-1.3872832369942312,4.325,HK.00386
HK.00386,SINOPEC CORP,2026-08-07 00:00:00,4.265,4.36,4.395,4.26,14.68,0.00411,97842804.0,425266553.0,2.227432590855818,4.265,HK.00386
HK.00386,SINOPEC CORP,2026-08-10 00:00:00,4.38,4.32,4.38,4.285,14.545,0.00297,70524932.0,305145219.0,-0.9174311926605512,4.36,HK.00386
HK.00386,SINOPEC CORP,2026-08-11 00:00:00,4.34,4.31,4.395,4.31,14.511,0.00338,80274220.0,347984810.0,-0.23148148148149708,4.32,HK.00386
HK.00386,SINOPEC CORP,2026-08-12 00:00:00,4.32,4.255,4.335,4.225,14.326,0.00376,89440447.0,380357008.0,-1.2761020881670468,4.31,HK.00386
HK.00386,SINOPEC CORP,2026-08-13 00:00:00,4.24,4.22,4.26,4.21,14.208,0.00478,113666186.0,480491956.0,-0.8225616921269129,4.255,HK.00386
HK.00386,SINOPEC CORP,2026-08-14 00:00:00,4.22,4.235,4.25,4.195,14.259,0.00171,40587481.0,171754155.0,0.35545023696683814,4.22,HK.00386
HK.00386,SINOPEC CORP,2026-08-17 00:00:00,4.255,4.29,4.315,4.245,14.444,0.00275,65482172.0,281156033.0,1.2987012987012918,4.235,HK.00386
HK.00386,SINOPEC CORP,2026-08-18 00:00:00,4.29,4.31,4.31,4.265,14.511,0.00246,58429965.0,251084111.0,0.46620046620045624,4.29,HK.00386
HK.00386,SINOPEC CORP,2026-08-19 00:00:00,4.27,4.36,4.37,4.27,14.68,0.00256,60941920.0,264578883.0,1.1600928074246106,4.31,HK.00386
HK.00386,SINOPEC CORP,2026-08-20 00:00:00,4.37,4.37,4.395,4.34,14.713,0.00289,68729735.0,300380834.0,0.22935779816513271,4.36,HK.00386
HK.00386,SINOPEC CORP,2026-08-21 00:00:00,4.35,4.405,4.435,4.35,14.831,0.00406,96597404.0,425163791.0,0.8009153318077835,4.37,HK.00386
HK.00386,SINOPEC CORP,2026-08-24 00:00:00,4.445,4.665,4.675,4.425,15.707,0.01832,435740270.0,2015051243.0,5.902383654937566,4.405,HK.00386
HK.00386,SINOPEC CORP,2026-08-25 00:00:00,4.67,4.7,4.745,4.67,15.824,0.00971,230910212.0,1085992012.0,0.7502679528403031,4.665,HK.00386
HK.00386,SINOPEC CORP,2026-08-26 00:00:00,4.7,4.71,4.76,4.69,15.858,0.00432,102829513.0,484786955.0,0.21276595744680396,4.7,HK.00386
HK.00386,SINOPEC CORP,2026-08-27 00:00:00,4.74,4.68,4.75,4.65,15.757,0.00312,74300139.0,347839266.0,-0.636942675159241,4.71,HK.00386
HK.00386,SINOPEC CORP,2026-08-28 00:00:00,4.65,4.765,4.8,4.64,16.043,0.00779,185236387.0,881181659.0,1.8162393162393158,4.68,HK.00386
HK.00386,SINOPEC CORP,2026-08-31 00:00:00,4.73,4.785,4.79,4.71,16.111,0.00596,141831030.0,675788881.0,0.41972717733474213,4.765,HK.00386
HK.00386,SINOPEC CORP,2026-09-01 00:00:00,4.73,4.765,4.81,4.73,16.043,0.00339,80505200.0,384053751.0,-0.4179728317659449,4.785,HK.00386
HK.00386,SINOPEC CORP,2026-09-02 00:00:00,4.795,4.75,4.835,4.68,15.993,0.00406,96563631.0,457789910.0,-0.31479538300104265,4.765,HK.00386
HK.00386,SINOPEC CORP,2026-09-03 00:00:00,4.785,4.725,4.785,4.69,15.909,0.00348,82648410.0,390315405.0,-0.5263157894736916,4.75,HK.00386
HK.00386,SINOPEC CORP,2026-09-04 00:00:00,4.74,4.79,4.81,4.74,16.127,0.0048,114136267.0,546747252.0,1.375661375661384,4.725,HK.00386
HK.00386,SINOPEC CORP,2026-09-07 00:00:00,4.75,4.725,4.79,4.685,15.909,0.00364,86535660.0,409142460.0,-1.3569937369519915,4.79,HK.00386
HK.00386,SINOPEC CORP,2026-09-08 00:00:00,4.685,4.915,4.915,4.685,16.548,0.01079,256547591.0,1252847719.0,4.021164021164029,4.725,HK.00386
HK.00386,SINOPEC CORP,2026-09-09 00:00:00,4.885,4.92,4.925,4.855,16.565,0.00366,86994744.0,426186049.0,0.10172939979653903,4.915,HK.00386
HK.00386,SINOPEC CORP,2026-09-10 00:00:00,4.865,4.845,4.91,4.82,16.313,0.00413,98290151.0,477042018.0,-1.5243902439024426,4.92,HK.00386
HK.00386,SINOPEC CORP,2026-09-11 00:00:00,4.845,4.775,4.855,4.76,16.077,0.00388,92333506.0,442868376.0,-1.4447884416924541,4.845,HK.00386
HK.00386,SINOPEC CORP,2026-09-14 00:00:00,4.77,4.745,4.795,4.69,15.976,0.00376,89388654.0,424075274.0,-0.6282722513089056,4.775,HK.00386
HK.00386,SINOPEC CORP,2026-09-15 00:00:00,4.745,4.63,4.745,4.6,15.536,0.00543,129185363.0,599506488.0,-2.4236037934668118,4.745,HK.00386
HK.00386,SINOPEC CORP,2026-09-16 00:00:00,4.645,4.605,4.665,4.52,15.453,0.00741,176292957.0,806030787.0,-0.5399568034557121,4.63,HK.00386
HK.00386,SINOPEC CORP,2026-09-17 00:00:00,4.54,4.505,4.555,4.43,15.117,0.00545,129682143.0,581675854.0,-2.17155266015202,4.605,HK.00386
HK.00386,SINOPEC CORP,2026-09-18 00:00:00,4.505,4.51,4.55,4.46,15.134,0.00608,143980366.0,650456608.0,0.11098779134294992,4.505,HK.00386
HK.00388,HKEX,2026-08-03 00:00:00,397.77,401.57,402.97,397.77,29.208,0.00195,2469232.0,1008110480.0,0.09970835306727253,401.17,HK.00388
HK.00388,HKEX,2026-08-04 00:00:00,400.37,400.57,403.57,398.57,29.136,0.00285,3607681.0,1470740114.0,-0.2490225863485818,401.57,HK.00388
HK.00388,HKEX,2026-08-05 00:00:00,402.77,407.17,407.17,401.37,29.607,0.00385,4877275.0,2012935021.0,1.6476520957635428,400.57,HK.00388
HK.00388,HKEX,2026-08-06 00:00:00,402.17,402.57,402.57,398.17,29.279,0.00342,4335360.0,1768917025.0,-1.1297492447871953,407.17,HK.00388
HK.00388,HKEX,2026-08-07 00:00:00,401.57,404.17,405.57,400.17,29.393,0.00224,2834288.0,1162358445.0,0.39744640683608384,402.57,HK.00388
HK.00388,HKEX,2026-08-10 00:00:00,406.57,409.37,409.37,404.37,29.765,0.00318,4026940.0,1671897901.0,1.2865873271148252,404.17,HK.00388
HK.00388,HKEX,2026-08-11 00:00:00,410.57,397.97,410.57,397.37,28.95,0.00346,4385595.0,1791625929.0,-2.7847668368468566,409.37,HK.00388
HK.00388,HKEX,2026-08-12 00:00:00,397.97,399.17,399.57,393.17,29.036,0.00208,2638644.0,1070128909.0,0.30153026610045697,397.97,HK.00388
HK.00388,HKEX,2026-08-13 00:00:00,397.57,400.77,403.37,395.57,29.15,0.00233,2959034.0,1208082918.0,0.400831725831091,399.17,HK.00388
HK.00388,HKEX,2026-08-14 00:00:00,396.17,398.97,400.57,396.17,29.022,0.00196,2486918.0,1009934355.0,-0.4491354143274084,400.77,HK.00388
HK.00388,HKEX,2026-08-17 00:00:00,400.37,398.77,401.97,397.97,29.008,0.00178,2259609.0,919770494.0,-0.0501290823871583,398.97,HK.00388
HK.00388,HKEX,2026-08-18 00:00:00,397.57,397.57,398.17,394.17,28.922,0.00234,2969622.0,1199212954.0,-0.3009253454372166,398.77,HK.00388
HK.00388,HKEX,2026-08-19 00:00:00,397.57,407.17,407.37,394.97,29.607,0.00379,4798907.0,1971604863.0,2.4146691148728583,397.57,HK.00388
HK.00388,HKEX,2026-08-20 00:00:00,410.57,410.37,412.37,406.17,29.836,0.00359,4547450.0,1899459857.0,0.7859125181128248,407.17,HK.00388
HK.00388,HKEX,2026-08-21 00:00:00,410.57,413.57,415.57,409.57,30.064,0.00412,5219503.0,2196366831.0,0.7797840972780633,410.37,HK.00388
HK.00388,HKEX,2026-08-24 00:00:00,412.77,410.37,413.77,408.37,29.836,0.00278,3530752.0,1476682478.0,-0.7737505138186979,413.57,HK.00388
HK.00388,HKEX,2026-08-25 00:00:00,410.77,410.37,412.97,408.17,29.836,0.00144,1823637.0,761041911.0,0.0,410.37,HK.00388
HK.00388,HKEX,2026-08-26 00:00:00,410.37,413.37,415.17,410.37,30.05,0.00261,3308530.0,1393218214.0,0.731047591198187,410.37,HK.00388
HK.00388,HKEX,2026-08-27 00:00:00,413.37,414.77,414.77,410.17,30.15,0.00174,2212156.0,930128947.0,0.33867963325833444,413.37,HK.00388
HK.00388,HKEX,2026-08-28 00:00:00,414.77,416.57,418.57,412.77,30.279,0.0033,4179918.0,1773124523.0,0.43397545627697554,414.77,HK.00388
HK.00388,HKEX,2026-08-31 00:00:00,414.37,417.77,417.77,412.17,30.364,0.00317,4023783.0,1703592924.0,0.2880668315049064,416.57,HK.00388
HK.00388,HKEX,2026-09-01 00:00:00,417.2,405.6,417.2,404.0,28.965,0.00418,5303894.0,2166222809.0,-2.913086147880403,417.77,HK.00388
HK.00388,HKEX,2026-09-02 00:00:00,403.2,404.4,404.4,398.4,28.879,0.00294,3724134.0,1495900949.0,-0.29585798816569164,405.6,HK.00388
HK.00388,HKEX,2026-09-03 00:00:00,408.0,403.4,409.6,402.0,28.808,0.00188,2389483.0,966208357.0,-0.24727992087042536,404.4,HK.00388
HK.00388,HKEX,2026-09-04 00:00:00,408.8,408.8,412.4,408.4,29.193,0.00283,3586406.0,1470717956.0,1.3386217154189477,403.4,HK.00388
HK.00388,HKEX,2026-09-07 00:00:00,408.8,404.0,409.8,403.6,28.85,0.00139,1761452.0,713738904.0,-1.1741682974559713,408.8,HK.00388
HK.00388,HKEX,2026-09-08 00:00:00,400.8,402.0,403.4,400.4,28.708,0.00138,1743699.0,701120851.0,-0.49504950495049505,404.0,HK.00388
HK.00388,HKEX,2026-09-09 00:00:00,401.8,400.4,402.6,399.6,28.593,0.00174,2210836.0,885667019.0,-0.39800995024876185,402.0,HK.00388
HK.00388,HKEX,2026-09-10 00:00:00,399.6,397.0,399.6,395.6,28.351,0.0022,2784343.0,1104895378.0,-0.8491508491508435,400.4,HK.00388
HK.00388,HKEX,2026-09-11 00:00:00,391.0,392.6,394.2,389.0,28.036,0.00294,3729107.0,1461910109.0,-1.1083123425692638,397.0,HK.00388
HK.00388,HKEX,2026-09-14 00:00:00,392.6,397.4,397.6,391.0,28.379,0.00255,3229089.0,1278741280.0,1.222618441161476,392.6,HK.00388
HK.00388,HKEX,2026-09-15 00:00:00,397.4,393.8,397.4,393.8,28.122,0.0023,2913036.0,1151478027.0,-0.9058882737795586,397.4,HK.00388
HK.00388,HKEX,2026-09-16 00:00:00,395.4,395.6,396.8,393.0,28.251,0.00166,2108865.0,833343431.0,0.4570848146267169,393.8,HK.00388
HK.00388,HKEX,2026-09-17 00:00:00,391.4,388.6,392.4,384.2,27.751,0.00484,6134905.0,2379148839.0,-1.7694641051567237,395.6,HK.00388
HK.00388,HKEX,2026-09-18 00:00:00,391.8,388.0,392.6,387.8,27.708,0.0032,4061874.0,1580763360.0,-0.15440041173443714,388.6,HK.00388
HK.00625,SHEIN-W,2026-09-01 00:00:00,48.56,48.5,48.56,43.72,12.763,0.01136,48014883.0,2230255427.0,-0.12355848434926332,48.56,HK.00625
HK.00625,SHEIN-W,2026-09-02 00:00:00,48.28,46.0,48.28,46.0,12.159,0.00186,7902852.0,370786196.0,-5.154639175257731,48.5,HK.00625
HK.00625,SHEIN-W,2026-09-03 00:00:00,45.7,42.0,45.7,41.24,11.102,0.00199,8469917.0,366715510.0,-8.695652173913043,46.0,HK.00625
HK.00625,SHEIN-W,2026-09-04 00:00:00,41.0,38.14,41.88,37.84,10.081,0.00244,10354141.0,407337460.0,-9.19047619047619,42.0,HK.00625
HK.00625,SHEIN-W,2026-09-07 00:00:00,38.5,39.34,39.84,38.26,10.399,0.0008,3396812.0,132715293.0,3.1463030938647165,38.14,HK.00625
HK.00625,SHEIN-W,2026-09-08 00:00:00,39.34,40.46,41.16,38.34,10.695,0.00068,2896600.0,117246463.0,2.8469750889679646,39.34,HK.00625
HK.00625,SHEIN-W,2026-09-09 00:00:00,40.5,40.88,40.92,39.4,10.806,0.00039,1657814.0,66708243.0,1.0380622837370284,40.46,HK.00625
HK.00625,SHEIN-W,2026-09-10 00:00:00,40.88,41.5,41.5,39.48,10.97,0.00057,2438000.0,98121655.0,1.51663405088062,40.88,HK.00625
HK.00625,SHEIN-W,2026-09-11 00:00:00,41.8,40.06,42.42,40.0,10.589,0.00105,4439710.0,183346570.0,-3.469879518072284,41.5,HK.00625
HK.00625,SHEIN-W,2026-09-14 00:00:00,40.0,36.4,41.0,35.86,9.621,0.00121,5141890.0,189650288.0,-9.136295556665011,40.06,HK.00625
HK.00625,SHEIN-W,2026-09-15 00:00:00,36.44,37.72,38.5,36.4,9.97,0.00057,2438050.0,91375243.0,3.6263736263736273,36.4,HK.00625
HK.00625,SHEIN-W,2026-09-16 00:00:00,37.02,38.84,39.1,36.94,10.266,0.00059,2486130.0,95960541.0,2.9692470837751976,37.72,HK.00625
HK.00625,SHEIN-W,2026-09-17 00:00:00,38.8,39.66,40.16,38.56,10.483,0.00024,1016728.0,40129692.0,2.111225540679694,38.84,HK.00625
HK.00625,SHEIN-W,2026-09-18 00:00:00,39.8,37.76,41.0,37.3,9.981,0.00075,3187651.0,125134051.0,-4.790721129601611,39.66,HK.00625
HK.00700,TENCENT,2026-08-03 00:00:00,482.0,490.4,491.0,480.6,17.912,0.00425,38649910.0,18865174458.0,3.1986531986531967,475.2,HK.00700
HK.00700,TENCENT,2026-08-04 00:00:00,491.0,487.6,494.8,480.8,17.809,0.00273,24860019.0,12089378281.0,-0.5709624796084736,490.4,HK.00700
HK.00700,TENCENT,2026-08-05 00:00:00,493.4,492.2,497.8,482.2,17.977,0.00282,25662478.0,12621365447.0,0.9433962264150874,487.6,HK.00700
HK.00700,TENCENT,2026-08-06 00:00:00,491.0,479.2,491.0,479.0,17.503,0.0024,21801977.0,10511587031.0,-2.6412027631044293,492.2,HK.00700
HK.00700,TENCENT,2026-08-07 00:00:00,479.0,478.8,483.2,475.4,17.469,0.0018,16319939.0,7803757295.0,-0.0834724540901455,479.2,HK.00700
HK.00700,TENCENT,2026-08-10 00:00:00,479.0,481.4,483.6,476.4,17.564,0.00171,15508724.0,7437285186.0,0.5430242272347464,478.8,HK.00700
HK.00700,TENCENT,2026-08-11 00:00:00,481.2,470.8,483.8,469.6,17.178,0.00215,19558079.0,9250170997.0,-2.201911092646441,481.4,HK.00700
HK.00700,TENCENT,2026-08-12 00:00:00,464.6,461.6,467.2,456.2,16.842,0.00304,27593015.0,12679743589.0,-1.9541206457094284,470.8,HK.00700
HK.00700,TENCENT,2026-08-13 00:00:00,446.4,441.0,452.2,439.6,16.126,0.0073,66424623.0,29545597907.0,-4.462738301559797,461.6,HK.00700
HK.00700,TENCENT,2026-08-14 00:00:00,436.0,440.0,445.0,436.0,16.09,0.00336,30601060.0,13498062501.0,-0.22675736961451248,441.0,HK.00700
HK.00700,TENCENT,2026-08-17 00:00:00,444.8,446.4,450.4,442.6,16.324,0.00218,19842808.0,8866410095.0,1.4545454545454493,440.0,HK.00700
HK.00700,TENCENT,2026-08-18 00:00:00,444.2,442.4,446.2,437.6,16.177,0.00255,23218078.0,10242501001.0,-0.896057347670251,446.4,HK.00700
HK.00700,TENCENT,2026-08-19 00:00:00,438.2,447.2,449.4,438.2,16.353,0.00217,19773887.0,8808981959.0,1.0849909584086825,442.4,HK.00700
HK.00700,TENCENT,2026-08-20 00:00:00,454.6,451.4,457.4,448.8,16.506,0.00216,19621298.0,8900586055.0,0.9391771019677971,447.2,HK.00700
HK.00700,TENCENT,2026-08-21 00:00:00,451.0,457.0,457.2,445.0,16.711,0.00245,22326906.0,10067717614.0,1.2405848471422292,451.4,HK.00700
HK.00700,TENCENT,2026-08-24 00:00:00,450.0,440.0,451.4,438.4,16.09,0.00321,29180102.0,12881851919.0,-3.7199124726477026,457.0,HK.00700
HK.00700,TENCENT,2026-08-25 00:00:00,440.0,442.0,444.6,438.0,16.163,0.00143,13032108.0,5740979449.0,0.45454545454545453,440.0,HK.00700
HK.00700,TENCENT,2026-08-26 00:00:00,445.0,445.4,450.0,443.2,16.287,0.00161,14643242.0,6541897337.0,0.769230769230764,442.0,HK.00700
HK.00700,TENCENT,2026-08-27 00:00:00,450.8,447.8,451.8,446.6,16.375,0.00126,11487100.0,5154143304.0,0.5388414907947989,445.4,HK.00700
HK.00700,TENCENT,2026-08-28 00:00:00,444.0,455.2,462.2,443.4,16.645,0.00305,27742475.0,12655334445.0,1.6525234479678377,447.8,HK.00700
HK.00700,TENCENT,2026-08-31 00:00:00,451.0,453.0,456.2,446.0,16.565,0.00221,20149770.0,9093176711.0,-0.48330404217925943,455.2,HK.00700
HK.00700,TENCENT,2026-09-01 00:00:00,446.4,441.4,447.6,440.6,16.141,0.00223,20289781.0,8990301596.0,-2.5607064017660095,453.0,HK.00700
HK.00700,TENCENT,2026-09-02 00:00:00,439.0,438.2,441.4,435.0,16.024,0.00234,21341328.0,9336637626.0,-0.7249660172179403,441.4,HK.00700
HK.00700,TENCENT,2026-09-03 00:00:00,444.2,433.0,445.6,433.0,15.834,0.00191,17387096.0,7597753829.0,-1.1866727521679574,438.2,HK.00700
HK.00700,TENCENT,2026-09-04 00:00:00,442.4,442.8,447.6,440.0,16.192,0.00264,24025286.0,10664922337.0,2.2632794457274854,433.0,HK.00700
HK.00700,TENCENT,2026-09-07 00:00:00,440.6,438.4,442.6,438.2,16.031,0.00115,10442987.0,4591565063.0,-0.9936766034327086,442.8,HK.00700
HK.00700,TENCENT,2026-09-08 00:00:00,437.0,435.4,439.8,435.0,15.921,0.00114,10414838.0,4546501813.0,-0.6843065693430658,438.4,HK.00700
HK.00700,TENCENT,2026-09-09 00:00:00,436.2,434.0,438.4,432.8,15.87,0.00194,17643957.0,7667747289.0,-0.3215434083601234,435.4,HK.00700
HK.00700,TENCENT,2026-09-10 00:00:00,430.0,425.6,430.8,425.0,15.563,0.00245,22333165.0,9533189194.0,-1.9354838709677369,434.0,HK.00700
HK.00700,TENCENT,2026-09-11 00:00:00,419.4,428.4,430.8,419.4,15.665,0.00172,15628379.0,6674835081.0,0.6578947368420945,425.6,HK.00700
HK.00700,TENCENT,2026-09-14 00:00:00,423.8,430.6,435.4,423.8,15.746,0.00125,11363985.0,4892459820.0,0.5135387488328771,428.4,HK.00700
HK.00700,TENCENT,2026-09-15 00:00:00,428.0,438.8,446.0,428.0,16.032,0.0024,21791117.0,9577534755.0,1.9043195541105407,430.6,HK.00700
HK.00700,TENCENT,2026-09-16 00:00:00,438.8,433.4,438.8,432.6,15.834,0.00139,12686315.0,5516910125.0,-1.2306289881495065,438.8,HK.00700
HK.00700,TENCENT,2026-09-17 00:00:00,426.2,426.0,431.0,425.0,15.564,0.00178,16185147.0,6905586668.0,-1.7074296262113469,433.4,HK.00700
HK.00700,TENCENT,2026-09-18 00:00:00,428.0,419.0,430.4,419.0,15.308,0.00317,28796138.0,12180786280.0,-1.643192488262911,426.0,HK.00700
HK.00762,CHINA UNICOM,2026-08-03 00:00:00,6.72,6.705,6.83,6.67,8.904,0.00095,29133402.0,195628060.0,-0.22321428571428098,6.72,HK.00762
HK.00762,CHINA UNICOM,2026-08-04 00:00:00,6.755,6.64,6.765,6.58,8.818,0.00078,23762374.0,157286295.0,-0.9694258016405725,6.705,HK.00762
HK.00762,CHINA UNICOM,2026-08-05 00:00:00,6.64,6.59,6.675,6.56,8.751,0.00106,32488116.0,214202155.0,-0.7530120481927685,6.64,HK.00762
HK.00762,CHINA UNICOM,2026-08-06 00:00:00,6.55,6.485,6.615,6.455,8.612,0.00118,36159362.0,235661270.0,-1.5933232169954408,6.59,HK.00762
HK.00762,CHINA UNICOM,2026-08-07 00:00:00,6.485,6.395,6.5,6.375,8.492,0.00089,27190864.0,174023510.0,-1.3878180416345527,6.485,HK.00762
HK.00762,CHINA UNICOM,2026-08-10 00:00:00,6.43,6.37,6.465,6.37,8.459,0.00091,27882768.0,178402993.0,-0.390930414386231,6.395,HK.00762
HK.00762,CHINA UNICOM,2026-08-11 00:00:00,6.405,6.34,6.425,6.34,8.419,0.00088,27037841.0,172440105.0,-0.47095761381476053,6.37,HK.00762
HK.00762,CHINA UNICOM,2026-08-12 00:00:00,6.36,6.325,6.36,6.285,8.399,0.0007,21347053.0,135014516.0,-0.2365930599369035,6.34,HK.00762
HK.00762,CHINA UNICOM,2026-08-13 00:00:00,6.35,6.265,6.355,6.255,8.32,0.00089,27213006.0,171021477.0,-0.9486166007905217,6.325,HK.00762
HK.00762,CHINA UNICOM,2026-08-14 00:00:00,6.27,6.335,6.38,6.25,8.413,0.00117,35877715.0,227611785.0,1.1173184357541945,6.265,HK.00762
HK.00762,CHINA UNICOM,2026-08-17 00:00:00,6.38,6.33,6.53,6.32,8.406,0.00108,33107984.0,212233542.0,-0.07892659826361316,6.335,HK.00762
HK.00762,CHINA UNICOM,2026-08-18 00:00:00,6.33,6.27,6.33,6.26,8.326,0.00092,28303240.0,177975866.0,-0.947867298578207,6.33,HK.00762
HK.00762,CHINA UNICOM,2026-08-19 00:00:00,5.785,5.495,5.84,5.42,7.297,0.01033,316075482.0,1773632285.0,-12.36044657097288,6.27,HK.00762
HK.00762,CHINA UNICOM,2026-08-20 00:00:00,5.54,5.695,5.74,5.505,7.563,0.00346,105771546.0,600045486.0,3.63967242948135,5.495,HK.00762
HK.00762,CHINA UNICOM,2026-08-21 00:00:00,5.7,5.81,5.81,5.7,7.715,0.00207,63466168.0,365661013.0,2.01931518876206,5.695,HK.00762
HK.00762,CHINA UNICOM,2026-08-24 00:00:00,5.81,5.805,5.845,5.725,7.709,0.00142,43518666.0,252112087.0,-0.08605851979345772,5.81,HK.00762
HK.00762,CHINA UNICOM,2026-08-25 00:00:00,5.82,5.78,5.825,5.71,7.675,0.00117,35747342.0,205413449.0,-0.43066322136088664,5.805,HK.00762
HK.00762,CHINA UNICOM,2026-08-26 00:00:00,5.795,5.78,5.815,5.73,7.675,0.00146,44690850.0,257666335.0,0.0,5.78,HK.00762
HK.00762,CHINA UNICOM,2026-08-27 00:00:00,5.78,5.665,5.795,5.64,7.523,0.0009,27684111.0,157501771.0,-1.9896193771626336,5.78,HK.00762
HK.00762,CHINA UNICOM,2026-08-28 00:00:00,5.65,5.63,5.65,5.58,7.476,0.0008,24339442.0,136625913.0,-0.6178287731685814,5.665,HK.00762
HK.00762,CHINA UNICOM,2026-08-31 00:00:00,5.63,5.59,5.645,5.56,7.423,0.00066,20219181.0,113166316.0,-0.7104795737122565,5.63,HK.00762
HK.00762,CHINA UNICOM,2026-09-01 00:00:00,5.59,5.63,5.685,5.565,7.476,0.00088,26890270.0,151484992.0,0.7155635062611813,5.59,HK.00762
HK.00762,CHINA UNICOM,2026-09-02 00:00:00,5.67,5.57,5.67,5.54,7.397,0.00108,32946109.0,183656607.0,-1.0657193605683768,5.63,HK.00762
HK.00762,CHINA UNICOM,2026-09-03 00:00:00,5.57,5.605,5.67,5.57,7.443,0.00123,37758974.0,211538241.0,0.6283662477558374,5.57,HK.00762
HK.00762,CHINA UNICOM,2026-09-04 00:00:00,5.615,5.63,5.695,5.61,7.476,0.0009,27675851.0,156369802.0,0.4460303300624347,5.605,HK.00762
HK.00762,CHINA UNICOM,2026-09-07 00:00:00,5.655,5.665,5.695,5.62,7.523,0.00148,45180443.0,255928184.0,0.6216696269982263,5.63,HK.00762
HK.00762,CHINA UNICOM,2026-09-08 00:00:00,5.66,5.735,5.82,5.65,7.616,0.00291,89133818.0,514138066.0,1.2356575463371628,5.665,HK.00762
HK.00762,CHINA UNICOM,2026-09-09 00:00:00,5.77,5.775,5.82,5.71,7.669,0.003,91667592.0,529334637.0,0.6974716652136013,5.735,HK.00762
HK.00762,CHINA UNICOM,2026-09-10 00:00:00,5.76,5.865,5.95,5.735,7.788,0.00311,95271590.0,558309168.0,1.5584415584415559,5.775,HK.00762
HK.00762,CHINA UNICOM,2026-09-11 00:00:00,5.84,5.825,5.865,5.705,7.735,0.00332,101448726.0,589186697.0,-0.6820119352088667,5.865,HK.00762
HK.00762,CHINA UNICOM,2026-09-14 00:00:00,5.825,6.02,6.1,5.825,7.994,0.00227,69498911.0,418401221.0,3.3476394849785303,5.825,HK.00762
HK.00762,CHINA UNICOM,2026-09-15 00:00:00,6.085,5.81,6.135,5.78,7.715,0.00134,41110933.0,239850456.0,-3.488372093023256,6.02,HK.00762
HK.00762,CHINA UNICOM,2026-09-16 00:00:00,5.815,5.78,5.845,5.725,7.675,0.00062,18983506.0,109257071.0,-0.5163511187607464,5.81,HK.00762
HK.00762,CHINA UNICOM,2026-09-17 00:00:00,5.73,5.855,5.875,5.71,7.775,0.00149,45680461.0,265078108.0,1.2975778546712833,5.78,HK.00762
HK.00762,CHINA UNICOM,2026-09-18 00:00:00,5.86,5.73,5.895,5.705,7.609,0.00127,38900986.0,224137633.0,-2.134927412467976,5.855,HK.00762
HK.00857,PETROCHINA,2026-08-03 00:00:00,9.58953,9.50953,9.68453,9.42453,10.304,0.00387,81719701.0,803192420.0,-1.348613469743865,9.63953,HK.00857
HK.00857,PETROCHINA,2026-08-04 00:00:00,9.49953,9.34453,9.54953,9.28953,10.131,0.00513,108176834.0,1044534921.0,-1.7351015244707062,9.50953,HK.00857
HK.00857,PETROCHINA,2026-08-05 00:00:00,9.15953,9.18953,9.22453,9.04953,9.968,0.00637,134354167.0,1269835749.0,-1.658724408825282,9.34453,HK.00857
HK.00857,PETROCHINA,2026-08-06 00:00:00,9.09953,9.11453,9.24953,8.99953,9.889,0.00544,114819264.0,1080155692.0,-0.8161462011658843,9.18953,HK.00857
HK.00857,PETROCHINA,2026-08-07 00:00:00,9.17953,9.20453,9.33453,9.17953,9.984,0.00387,81601981.0,777022253.0,0.987434349330134,9.11453,HK.00857
HK.00857,PETROCHINA,2026-08-10 00:00:00,9.20953,9.26453,9.31453,9.11953,10.047,0.00272,57320630.0,547011349.0,0.6518529463210017,9.20453,HK.00857
HK.00857,PETROCHINA,2026-08-11 00:00:00,9.43953,9.43453,9.58953,9.36453,10.225,0.00447,94255133.0,917271709.0,1.8349554699482857,9.26453,HK.00857
HK.00857,PETROCHINA,2026-08-12 00:00:00,9.32953,9.20953,9.42953,9.15453,9.989,0.0038,80269353.0,763092943.0,-2.3848564793370697,9.43453,HK.00857
HK.00857,PETROCHINA,2026-08-13 00:00:00,9.18953,9.09953,9.21953,9.08453,9.873,0.00327,68924015.0,650545225.0,-1.1944149158534823,9.20953,HK.00857
HK.00857,PETROCHINA,2026-08-14 00:00:00,9.04953,9.15453,9.17453,9.01453,9.931,0.00256,53940581.0,508546363.0,0.6044268220446519,9.09953,HK.00857
HK.00857,PETROCHINA,2026-08-17 00:00:00,9.23453,9.26453,9.38953,9.16453,10.047,0.00212,44627901.0,428807118.0,1.201590906360034,9.15453,HK.00857
HK.00857,PETROCHINA,2026-08-18 00:00:00,9.29453,9.50453,9.55953,9.24953,10.299,0.0049,103311199.0,1008460344.0,2.5905253693387595,9.26453,HK.00857
HK.00857,PETROCHINA,2026-08-19 00:00:00,9.49953,9.66453,9.77953,9.46953,10.467,0.0052,109613721.0,1090683687.0,1.6834078065932598,9.50453,HK.00857
HK.00857,PETROCHINA,2026-08-20 00:00:00,9.66453,9.72953,9.75953,9.54953,10.535,0.00277,58517703.0,584109725.0,0.6725624525972943,9.66453,HK.00857
HK.00857,PETROCHINA,2026-08-21 00:00:00,9.80953,9.82953,10.01953,9.72953,10.64,0.00378,79763906.0,810198358.0,1.027798876204705,9.72953,HK.00857
HK.00857,PETROCHINA,2026-08-24 00:00:00,9.82953,9.83953,9.91953,9.65953,10.651,0.00323,68188473.0,689690474.0,0.10173426399837822,9.82953,HK.00857
HK.00857,PETROCHINA,2026-08-25 00:00:00,9.87953,9.75953,9.87953,9.73953,10.567,0.00208,43820465.0,442281210.0,-0.8130469646416045,9.83953,HK.00857
HK.00857,PETROCHINA,2026-08-26 00:00:00,9.59953,9.61953,9.67953,9.51453,10.42,0.00389,82027175.0,814240938.0,-1.4344953086880268,9.75953,HK.00857
HK.00857,PETROCHINA,2026-08-27 00:00:00,9.70953,9.66953,9.78953,9.57953,10.472,0.00158,33354555.0,332576055.0,0.5197759142078742,9.61953,HK.00857
HK.00857,PETROCHINA,2026-08-28 00:00:00,9.57953,9.88953,9.89953,9.55453,10.703,0.00316,66590360.0,673255098.0,2.275188142546749,9.66953,HK.00857
HK.00857,PETROCHINA,2026-08-31 00:00:00,9.95953,9.86953,10.09953,9.80953,10.682,0.00552,116498995.0,1189315846.0,-0.20223407988045286,9.88953,HK.00857
HK.00857,PETROCHINA,2026-09-01 00:00:00,9.86953,9.89953,10.04953,9.82953,10.714,0.00303,63918073.0,652104262.0,0.3039658423450877,9.86953,HK.00857
HK.00857,PETROCHINA,2026-09-02 00:00:00,9.96953,9.79953,10.12953,9.66453,10.609,0.00284,59846967.0,605727016.0,-1.010148966668111,9.89953,HK.00857
HK.00857,PETROCHINA,2026-09-03 00:00:00,9.77953,9.71953,9.90953,9.68953,10.525,0.00213,44941208.0,452487430.0,-0.8163656828439738,9.79953,HK.00857
HK.00857,PETROCHINA,2026-09-04 00:00:00,9.71953,9.85953,9.92953,9.71953,10.672,0.00389,82167712.0,833980559.0,1.440398867023393,9.71953,HK.00857
HK.00857,PETROCHINA,2026-09-07 00:00:00,9.86953,9.65953,9.92953,9.60453,10.462,0.00313,66055997.0,660875279.0,-2.0284942588541166,9.85953,HK.00857
HK.00857,PETROCHINA,2026-09-08 00:00:00,9.60953,10.04953,10.05953,9.60953,10.871,0.00389,82065706.0,839879784.0,4.037463520481851,9.65953,HK.00857
HK.00857,PETROCHINA,2026-09-09 00:00:00,10.04953,10.12953,10.20953,9.95953,10.955,0.00348,73524945.0,765828142.0,0.7960571290398661,10.04953,HK.00857
HK.00857,PETROCHINA,2026-09-10 00:00:00,10.12,10.09,10.31,10.05,10.598,0.00485,102263412.0,1038958493.0,-0.39024515451359487,10.12953,HK.00857
HK.00857,PETROCHINA,2026-09-11 00:00:00,10.16,9.98,10.24,9.96,10.483,0.0047,99082498.0,995549914.0,-1.09018830525272,10.09,HK.00857
HK.00857,PETROCHINA,2026-09-14 00:00:00,10.0,9.92,10.09,9.815,10.42,0.00257,54303804.0,540458052.0,-0.6012024048096242,9.98,HK.00857
HK.00857,PETROCHINA,2026-09-15 00:00:00,9.92,9.975,10.0,9.87,10.477,0.00287,60580284.0,602378817.0,0.5544354838709649,9.92,HK.00857
HK.00857,PETROCHINA,2026-09-16 00:00:00,10.03,9.79,10.07,9.775,10.283,0.00295,62278437.0,612473065.0,-1.854636591478702,9.975,HK.00857
HK.00857,PETROCHINA,2026-09-17 00:00:00,9.69,9.56,9.785,9.485,10.042,0.00348,73391122.0,701503562.0,-2.3493360572012123,9.79,HK.00857
HK.00857,PETROCHINA,2026-09-18 00:00:00,9.535,9.49,9.6,9.465,9.968,0.0043,90669356.0,862697375.0,-0.7322175732217603,9.56,HK.00857
HK.00883,CNOOC,2026-08-03 00:00:00,22.42,22.8,22.92,22.42,8.347,0.00122,54447012.0,1289817224.0,-0.3496503496503422,22.88,HK.00883
HK.00883,CNOOC,2026-08-04 00:00:00,22.66,22.64,22.88,22.42,8.291,0.00109,48769813.0,1148102232.0,-0.7017543859649129,22.8,HK.00883
HK.00883,CNOOC,2026-08-05 00:00:00,22.26,22.02,22.36,21.8,8.073,0.00253,112853000.0,2588710088.0,-2.738515901060075,22.64,HK.00883
HK.00883,CNOOC,2026-08-06 00:00:00,21.74,21.76,22.02,21.58,7.981,0.00159,70718846.0,1605282541.0,-1.1807447774750137,22.02,HK.00883
HK.00883,CNOOC,2026-08-07 00:00:00,22.0,22.32,22.42,21.96,8.178,0.00153,68081143.0,1575836462.0,2.5735294117647,21.76,HK.00883
HK.00883,CNOOC,2026-08-10 00:00:00,22.58,22.46,22.78,22.32,8.227,0.0009,40294974.0,947576768.0,0.6272401433691782,22.32,HK.00883
HK.00883,CNOOC,2026-08-11 00:00:00,22.92,23.3,23.52,22.82,8.523,0.00178,79197736.0,1917576864.0,3.7399821905609967,22.46,HK.00883
HK.00883,CNOOC,2026-08-12 00:00:00,23.24,23.02,23.24,22.86,8.424,0.00071,31708759.0,758655883.0,-1.2017167381974299,23.3,HK.00883
HK.00883,CNOOC,2026-08-13 00:00:00,22.7,22.92,23.16,22.48,8.389,0.00101,44862368.0,1068550400.0,-0.43440486533448247,23.02,HK.00883
HK.00883,CNOOC,2026-08-14 00:00:00,22.68,22.88,23.02,22.5,8.375,0.00068,30333866.0,721000228.0,-0.1745200698080397,22.92,HK.00883
HK.00883,CNOOC,2026-08-17 00:00:00,22.9,22.98,23.36,22.9,8.41,0.00087,38850073.0,936798552.0,0.43706293706294325,22.88,HK.00883
HK.00883,CNOOC,2026-08-18 00:00:00,23.22,23.48,23.72,23.14,8.586,0.00168,74838852.0,1828929438.0,2.175805047867711,22.98,HK.00883
HK.00883,CNOOC,2026-08-19 00:00:00,23.66,23.52,23.86,23.24,8.6,0.00097,43129372.0,1058541595.0,0.1703577512776795,23.48,HK.00883
HK.00883,CNOOC,2026-08-20 00:00:00,23.46,23.72,23.86,23.26,8.67,0.00119,52849248.0,1294025799.0,0.8503401360544187,23.52,HK.00883
HK.00883,CNOOC,2026-08-21 00:00:00,23.78,24.24,24.24,23.76,8.853,0.00157,69928959.0,1750998924.0,2.192242833052275,23.72,HK.00883
HK.00883,CNOOC,2026-08-24 00:00:00,24.0,24.46,24.56,23.92,8.931,0.00134,59516954.0,1502122486.0,0.9075907590759176,24.24,HK.00883
HK.00883,CNOOC,2026-08-25 00:00:00,24.46,24.18,24.6,24.12,8.832,0.00095,42255503.0,1066944137.0,-1.1447260834014765,24.46,HK.00883
HK.00883,CNOOC,2026-08-26 00:00:00,23.68,23.98,24.2,23.42,8.762,0.00183,81532492.0,2021612510.0,-0.8271298593879209,24.18,HK.00883
HK.00883,CNOOC,2026-08-27 00:00:00,23.86,24.18,24.36,23.82,8.832,0.0014,62542266.0,1565210131.0,0.8340283569641338,23.98,HK.00883
HK.00883,CNOOC,2026-08-28 00:00:00,24.06,24.5,24.62,23.96,8.945,0.00109,48704241.0,1231985289.0,1.3234077750206794,24.18,HK.00883
HK.00883,CNOOC,2026-08-31 00:00:00,24.46,24.36,24.72,24.36,8.895,0.00096,42894143.0,1090736350.0,-0.5714285714285737,24.5,HK.00883
HK.00883,CNOOC,2026-09-01 00:00:00,24.52,24.12,24.66,24.06,8.811,0.00104,46433741.0,1170863397.0,-0.9852216748768409,24.36,HK.00883
HK.00883,CNOOC,2026-09-02 00:00:00,24.62,24.08,24.72,23.98,8.797,0.00109,48390062.0,1216228993.0,-0.16583747927032627,24.12,HK.00883
HK.00883,CNOOC,2026-09-03 00:00:00,24.22,23.8,24.34,23.72,8.699,0.00081,36210406.0,901767910.0,-1.1627906976744087,24.08,HK.00883
HK.00883,CNOOC,2026-09-04 00:00:00,23.86,24.12,24.28,23.86,8.811,0.0013,57971398.0,1450448120.0,1.3445378151260516,23.8,HK.00883
HK.00883,CNOOC,2026-09-07 00:00:00,24.12,23.94,24.18,23.7,8.748,0.00126,56129163.0,1393933024.0,-0.7462686567164167,24.12,HK.00883
HK.00883,CNOOC,2026-09-08 00:00:00,23.94,24.92,25.06,23.9,9.092,0.00241,107258270.0,2749369013.0,4.09356725146199,23.94,HK.00883
HK.00883,CNOOC,2026-09-09 00:00:00,25.06,24.88,25.06,24.74,9.078,0.00179,79570411.0,2058559170.0,-0.1605136436597219,24.92,HK.00883
HK.00883,CNOOC,2026-09-10 00:00:00,25.24,25.02,25.42,24.88,8.797,0.00138,61330900.0,1540376561.0,0.5627009646302273,24.88,HK.00883
HK.00883,CNOOC,2026-09-11 00:00:00,25.4,24.38,25.4,24.28,8.572,0.00196,87290204.0,2155395340.0,-2.55795363709033,25.02,HK.00883
HK.00883,CNOOC,2026-09-14 00:00:00,24.52,24.46,24.86,24.34,8.6,0.00138,61329505.0,1502574621.0,0.3281378178835187,24.38,HK.00883
HK.00883,CNOOC,2026-09-15 00:00:00,24.6,24.48,24.72,24.26,8.607,0.00118,52335328.0,1279850070.0,0.0817661488143891,24.46,HK.00883
HK.00883,CNOOC,2026-09-16 00:00:00,24.7,24.36,24.98,24.16,8.565,0.00133,59272481.0,1449115053.0,-0.49019607843137664,24.48,HK.00883
HK.00883,CNOOC,2026-09-17 00:00:00,23.98,23.88,24.1,23.72,8.396,0.00157,69712888.0,1661643345.0,-1.9704433497536964,24.36,HK.00883
HK.00883,CNOOC,2026-09-18 00:00:00,23.86,23.6,23.9,23.5,8.298,0.00111,49515676.0,1170480668.0,-1.1725293132328207,23.88,HK.00883
HK.00939,CCB,2026-08-03 00:00:00,9.23,9.2,9.295,9.055,6.415,0.00082,197114261.0,1805305732.0,-0.1085776330076174,9.21,HK.00939
HK.00939,CCB,2026-08-04 00:00:00,9.195,8.89,9.22,8.86,6.199,0.00122,292774577.0,2624530094.0,-3.3695652173912904,9.2,HK.00939
HK.00939,CCB,2026-08-05 00:00:00,8.89,8.8,8.95,8.74,6.136,0.00103,247913281.0,2183546047.0,-1.0123734533183335,8.89,HK.00939
HK.00939,CCB,2026-08-06 00:00:00,8.77,8.86,8.91,8.71,6.178,0.00086,207908592.0,1835098711.0,0.6818181818181672,8.8,HK.00939
HK.00939,CCB,2026-08-07 00:00:00,8.85,8.79,8.88,8.67,6.129,0.00074,177039304.0,1552259548.0,-0.7900677200902968,8.86,HK.00939
HK.00939,CCB,2026-08-10 00:00:00,8.82,8.855,8.88,8.72,6.175,0.00055,131531154.0,1162618964.0,0.7394766780432456,8.79,HK.00939
HK.00939,CCB,2026-08-11 00:00:00,8.89,8.825,8.925,8.77,6.154,0.00052,125902991.0,1111725726.0,-0.33879164313948207,8.855,HK.00939
HK.00939,CCB,2026-08-12 00:00:00,8.805,8.75,8.805,8.71,6.101,0.00047,113781045.0,995381024.0,-0.8498583569405018,8.825,HK.00939
HK.00939,CCB,2026-08-13 00:00:00,8.725,8.825,8.825,8.685,6.154,0.00062,149555111.0,1312487364.0,0.857142857142849,8.75,HK.00939
HK.00939,CCB,2026-08-14 00:00:00,8.8,8.74,8.84,8.73,6.094,0.00057,137015813.0,1202858705.0,-0.9631728045325675,8.825,HK.00939
HK.00939,CCB,2026-08-17 00:00:00,8.825,8.9,8.955,8.8,6.206,0.00068,164139134.0,1462205759.0,1.8306636155606424,8.74,HK.00939
HK.00939,CCB,2026-08-18 00:00:00,8.9,8.96,9.015,8.82,6.248,0.00071,171060452.0,1533867284.0,0.674157303370792,8.9,HK.00939
HK.00939,CCB,2026-08-19 00:00:00,8.925,9.05,9.115,8.89,6.311,0.00078,187692158.0,1699464872.0,1.004464285714284,8.96,HK.00939
HK.00939,CCB,2026-08-20 00:00:00,9.1,9.2,9.23,9.02,6.415,0.00099,237837061.0,2178416228.0,1.6574585635358958,9.05,HK.00939
HK.00939,CCB,2026-08-21 00:00:00,9.2,9.245,9.29,9.155,6.447,0.00099,238009878.0,2196602262.0,0.489130434782608,9.2,HK.00939
HK.00939,CCB,2026-08-24 00:00:00,9.14,9.175,9.25,9.14,6.398,0.001,239549549.0,2199708313.0,-0.7571660356949542,9.245,HK.00939
HK.00939,CCB,2026-08-25 00:00:00,9.3,9.18,9.325,9.155,6.401,0.0008,192023330.0,1768686308.0,0.05449591280652866,9.175,HK.00939
HK.00939,CCB,2026-08-26 00:00:00,9.24,9.215,9.345,9.19,6.426,0.00058,138820273.0,1284619144.0,0.3812636165577358,9.18,HK.00939
HK.00939,CCB,2026-08-27 00:00:00,9.235,9.135,9.29,9.04,6.37,0.00083,199164189.0,1816159168.0,-0.8681497558328819,9.215,HK.00939
HK.00939,CCB,2026-08-28 00:00:00,9.1,9.14,9.205,9.055,6.373,0.00089,212816907.0,1945998319.0,0.054734537493166736,9.135,HK.00939
HK.00939,CCB,2026-08-31 00:00:00,9.135,9.5,9.5,9.1,6.624,0.00219,526344475.0,4960560601.0,3.9387308533916783,9.14,HK.00939
HK.00939,CCB,2026-09-01 00:00:00,9.38,9.6,9.6,9.38,6.694,0.00128,308088718.0,2935868516.0,1.0526315789473648,9.5,HK.00939
HK.00939,CCB,2026-09-02 00:00:00,9.7,9.67,9.7,9.49,6.743,0.00077,184552050.0,1770825079.0,0.7291666666666696,9.6,HK.00939
HK.00939,CCB,2026-09-03 00:00:00,9.7,9.565,9.815,9.52,6.67,0.00102,245665410.0,2368452551.0,-1.0858324715615348,9.67,HK.00939
HK.00939,CCB,2026-09-04 00:00:00,9.59,9.76,9.825,9.59,6.806,0.00133,320533344.0,3130961829.0,2.0386826973340337,9.565,HK.00939
HK.00939,CCB,2026-09-07 00:00:00,9.88,9.535,9.88,9.49,6.649,0.001,240035949.0,2306362206.0,-2.3053278688524554,9.76,HK.00939
HK.00939,CCB,2026-09-08 00:00:00,9.41,9.56,9.58,9.41,6.666,0.00067,161529808.0,1536694475.0,0.26219192448872947,9.535,HK.00939
HK.00939,CCB,2026-09-09 00:00:00,9.515,9.61,9.67,9.49,6.701,0.0008,191158722.0,1833720804.0,0.523012552301244,9.56,HK.00939
HK.00939,CCB,2026-09-10 00:00:00,9.53,9.765,9.795,9.49,6.809,0.00103,247730515.0,2407032936.0,1.6129032258064637,9.61,HK.00939
HK.00939,CCB,2026-09-11 00:00:00,9.705,9.75,9.84,9.67,6.799,0.00106,255012158.0,2489905373.0,-0.15360983102919168,9.765,HK.00939
HK.00939,CCB,2026-09-14 00:00:00,9.78,9.89,9.9,9.715,6.896,0.00115,275714018.0,2711718964.0,1.435897435897442,9.75,HK.00939
HK.00939,CCB,2026-09-15 00:00:00,9.89,9.61,9.89,9.56,6.701,0.00066,159001874.0,1533457170.0,-2.83114256825077,9.89,HK.00939
HK.00939,CCB,2026-09-16 00:00:00,9.65,9.635,9.675,9.57,6.718,0.00051,122938726.0,1183556208.0,0.2601456815816895,9.61,HK.00939
HK.00939,CCB,2026-09-17 00:00:00,9.585,9.675,9.695,9.495,6.746,0.00066,159200847.0,1532772834.0,0.4151530877010994,9.635,HK.00939
HK.00939,CCB,2026-09-18 00:00:00,9.665,9.59,9.705,9.57,6.687,0.00111,266413782.0,2558546404.0,-0.8785529715762361,9.675,HK.00939
HK.00941,CHINA MOBILE,2026-08-03 00:00:00,80.6497,80.6997,81.5997,80.1997,11.942,0.00056,11533633.0,964001996.0,-0.061919734686317285,80.7497,HK.00941
HK.00941,CHINA MOBILE,2026-08-04 00:00:00,80.8497,79.5997,81.0997,79.4997,11.787,0.00077,16037829.0,1325475598.0,-1.3630781774901375,80.6997,HK.00941
HK.00941,CHINA MOBILE,2026-08-05 00:00:00,79.5997,79.7997,80.0497,79.1497,11.815,0.00044,9081504.0,749047662.0,0.25125722835639186,79.5997,HK.00941
HK.00941,CHINA MOBILE,2026-08-06 00:00:00,79.4497,79.4997,79.7497,79.2997,11.773,0.00027,5662767.0,466691766.0,-0.37594126293707514,79.7997,HK.00941
HK.00941,CHINA MOBILE,2026-08-07 00:00:00,79.8497,78.9497,79.8497,78.7997,11.694,0.00061,12717730.0,1041437349.0,-0.6918265100371411,79.4997,HK.00941
HK.00941,CHINA MOBILE,2026-08-10 00:00:00,79.2997,79.1497,79.3497,78.4497,11.723,0.00067,13990171.0,1144686727.0,0.25332585177649647,78.9497,HK.00941
HK.00941,CHINA MOBILE,2026-08-11 00:00:00,78.7497,78.7997,79.4497,78.7497,11.673,0.00046,9581014.0,784489686.0,-0.4422000336071954,79.1497,HK.00941
HK.00941,CHINA MOBILE,2026-08-12 00:00:00,78.7997,78.7997,79.2497,78.4997,11.673,0.00059,12188243.0,996828271.0,0.0,78.7997,HK.00941
HK.00941,CHINA MOBILE,2026-08-13 00:00:00,78.5997,78.2997,79.2997,78.2997,11.601,0.00053,11033008.0,899404963.0,-0.6345201821834348,78.7997,HK.00941
HK.00941,CHINA MOBILE,2026-08-14 00:00:00,78.6497,79.1497,79.6497,78.4497,11.723,0.00095,19671786.0,1614702150.0,1.0855724862291865,78.2997,HK.00941
HK.00941,CHINA MOBILE,2026-08-17 00:00:00,79.4997,79.4997,81.0997,79.1997,11.773,0.00065,13550445.0,1124406877.0,0.4422000336072133,79.1497,HK.00941
HK.00941,CHINA MOBILE,2026-08-18 00:00:00,79.4997,79.1997,79.5497,78.9497,11.73,0.0007,14596983.0,1198438848.0,-0.3773599145657117,79.4997,HK.00941
HK.00941,CHINA MOBILE,2026-08-19 00:00:00,78.9997,79.1997,79.4997,78.5997,11.73,0.00079,16357969.0,1340056895.0,0.0,79.1997,HK.00941
HK.00941,CHINA MOBILE,2026-08-20 00:00:00,79.2497,79.4997,79.7997,78.8997,11.773,0.00068,14147857.0,1164056855.0,0.3787893135958812,79.1997,HK.00941
HK.00941,CHINA MOBILE,2026-08-21 00:00:00,79.2997,79.8997,80.0497,79.1997,11.83,0.00079,16486267.0,1364814465.0,0.5031465527542763,79.4997,HK.00941
HK.00941,CHINA MOBILE,2026-08-24 00:00:00,80.0997,79.4497,80.0997,79.3997,11.765,0.00084,17492262.0,1444891292.0,-0.5632061196725252,79.8997,HK.00941
HK.00941,CHINA MOBILE,2026-08-25 00:00:00,80.0,80.15,80.7,79.9,11.451,0.00093,19381793.0,1555243542.0,0.8814381929698898,79.4497,HK.00941
HK.00941,CHINA MOBILE,2026-08-26 00:00:00,80.6,80.1,80.7,80.05,11.444,0.00051,10593216.0,850215037.0,-0.06238303181536041,80.15,HK.00941
HK.00941,CHINA MOBILE,2026-08-27 00:00:00,80.1,79.45,80.25,79.0,11.351,0.00062,12917270.0,1026859197.0,-0.8114856429463067,80.1,HK.00941
HK.00941,CHINA MOBILE,2026-08-28 00:00:00,79.45,79.4,79.85,78.95,11.344,0.00056,11541778.0,916599694.0,-0.0629326620516012,79.45,HK.00941
HK.00941,CHINA MOBILE,2026-08-31 00:00:00,79.05,79.25,79.7,78.95,11.323,0.00049,10100845.0,800877064.0,-0.18891687657431447,79.4,HK.00941
HK.00941,CHINA MOBILE,2026-09-01 00:00:00,79.25,79.5,79.75,79.0,11.358,0.00062,12785695.0,1014621769.0,0.31545741324921134,79.25,HK.00941
HK.00941,CHINA MOBILE,2026-09-02 00:00:00,79.6,79.5,79.8,79.15,11.36,0.00044,9164882.0,727254172.0,0.0,79.5,HK.00941
HK.00941,CHINA MOBILE,2026-09-03 00:00:00,79.5,79.25,80.0,78.9,11.324,0.00049,10236370.0,811809799.0,-0.3144654088050315,79.5,HK.00941
HK.00941,CHINA MOBILE,2026-09-04 00:00:00,79.65,79.65,80.45,79.45,11.381,0.00091,18913307.0,1511801532.0,0.5047318611987454,79.25,HK.00941
HK.00941,CHINA MOBILE,2026-09-07 00:00:00,79.55,79.1,79.65,78.9,11.303,0.00069,14343965.0,1134443081.0,-0.6905210295040946,79.65,HK.00941
HK.00941,CHINA MOBILE,2026-09-08 00:00:00,79.0,78.9,79.1,78.8,11.274,0.00058,11983558.0,945269417.0,-0.2528445006320969,79.1,HK.00941
HK.00941,CHINA MOBILE,2026-09-09 00:00:00,79.1,78.95,79.25,78.7,11.281,0.0004,8352516.0,659605738.0,0.06337135614701794,78.9,HK.00941
HK.00941,CHINA MOBILE,2026-09-10 00:00:00,78.8,78.85,79.3,78.55,11.267,0.0004,8317620.0,656188221.0,-0.1266624445851913,78.95,HK.00941
HK.00941,CHINA MOBILE,2026-09-11 00:00:00,78.85,78.9,79.0,78.35,11.274,0.00041,8580702.0,676186826.0,0.06341154090045831,78.85,HK.00941
HK.00941,CHINA MOBILE,2026-09-14 00:00:00,79.0,79.2,79.45,78.65,11.317,0.00056,11551884.0,913491704.0,0.38022813688212564,78.9,HK.00941
HK.00941,CHINA MOBILE,2026-09-15 00:00:00,79.4,79.05,79.4,79.0,11.296,0.00038,7995001.0,632864358.0,-0.18939393939394655,79.2,HK.00941
HK.00941,CHINA MOBILE,2026-09-16 00:00:00,78.95,79.35,79.4,78.95,11.338,0.00035,7243081.0,573522978.0,0.3795066413662203,79.05,HK.00941
HK.00941,CHINA MOBILE,2026-09-17 00:00:00,78.8,79.2,79.2,78.65,11.317,0.00042,8656990.0,683228177.0,-0.18903591682418586,79.35,HK.00941
HK.00941,CHINA MOBILE,2026-09-18 00:00:00,79.2,79.05,79.65,79.05,11.296,0.00037,7791951.0,616882604.0,-0.18939393939394655,79.2,HK.00941
HK.00981,SMIC,2026-08-03 00:00:00,63.1,62.2,63.8,61.3,99.839,0.01378,82857600.0,5152916238.0,-1.6600790513833947,63.25,HK.00981
HK.00981,SMIC,2026-08-04 00:00:00,62.8,65.3,65.9,62.45,104.815,0.01676,100800218.0,6484977075.0,4.983922829581984,62.2,HK.00981
HK.00981,SMIC,2026-08-05 00:00:00,66.0,68.0,69.05,65.5,109.149,0.01623,97601659.0,6630787769.0,4.134762633996942,65.3,HK.00981
HK.00981,SMIC,2026-08-06 00:00:00,66.15,65.35,67.1,64.2,104.895,0.0151,90801605.0,5947607829.0,-3.89705882352942,68.0,HK.00981
HK.00981,SMIC,2026-08-07 00:00:00,65.8,66.9,67.4,64.75,107.383,0.01321,79420452.0,5275960164.0,2.371843917368036,65.35,HK.00981
HK.00981,SMIC,2026-08-10 00:00:00,67.8,66.2,67.85,65.1,106.26,0.00833,50125070.0,3306357352.0,-1.0463378176382703,66.9,HK.00981
HK.00981,SMIC,2026-08-11 00:00:00,65.75,65.3,67.05,65.05,104.815,0.00635,38174544.0,2516513327.0,-1.3595166163142078,66.2,HK.00981
HK.00981,SMIC,2026-08-12 00:00:00,65.65,67.4,68.5,65.35,108.186,0.01113,66915912.0,4494039481.0,3.2159264931087423,65.3,HK.00981
HK.00981,SMIC,2026-08-13 00:00:00,68.3,67.55,70.3,67.4,108.426,0.01499,90173791.0,6230698950.0,0.22255192878337013,67.4,HK.00981
HK.00981,SMIC,2026-08-14 00:00:00,70.75,70.8,72.35,68.8,113.643,0.02832,170311814.0,12060974616.0,4.811250925240563,67.55,HK.00981
HK.00981,SMIC,2026-08-17 00:00:00,71.3,75.15,76.6,71.2,120.626,0.02284,137337142.0,10267149649.0,6.144067796610182,70.8,HK.00981
HK.00981,SMIC,2026-08-18 00:00:00,75.3,75.85,77.75,73.6,121.749,0.01856,111652601.0,8460817435.0,0.9314703925482217,75.15,HK.00981
HK.00981,SMIC,2026-08-19 00:00:00,73.5,73.0,74.9,70.25,117.174,0.02322,139632626.0,10085281609.0,-3.7574159525378965,75.85,HK.00981
HK.00981,SMIC,2026-08-20 00:00:00,73.7,72.1,74.5,71.5,115.73,0.00958,57616924.0,4190147151.0,-1.232876712328775,73.0,HK.00981
HK.00981,SMIC,2026-08-21 00:00:00,72.2,72.5,73.9,71.65,116.372,0.00642,38617319.0,2806675239.0,0.5547850208044461,72.1,HK.00981
HK.00981,SMIC,2026-08-24 00:00:00,72.45,66.75,72.45,66.3,107.142,0.02123,127672431.0,8687796235.0,-7.931034482758621,72.5,HK.00981
HK.00981,SMIC,2026-08-25 00:00:00,66.75,67.85,68.2,65.55,108.908,0.00993,59743673.0,4006641112.0,1.6479400749063584,66.75,HK.00981
HK.00981,SMIC,2026-08-26 00:00:00,68.15,69.7,71.5,68.15,111.878,0.01121,67433794.0,4723857405.0,2.7266028002947804,67.85,HK.00981
HK.00981,SMIC,2026-08-27 00:00:00,71.0,71.3,72.25,70.3,114.446,0.00763,45895527.0,3273502068.0,2.2955523672883706,69.7,HK.00981
HK.00981,SMIC,2026-08-28 00:00:00,71.6,70.15,72.9,69.85,112.6,0.00635,38194303.0,2710829310.0,-1.6129032258064397,71.3,HK.00981
HK.00981,SMIC,2026-08-31 00:00:00,69.0,70.75,71.35,67.75,113.563,0.0071,42704651.0,2967283170.0,0.8553100498930781,70.15,HK.00981
HK.00981,SMIC,2026-09-01 00:00:00,69.9,68.85,70.65,68.55,110.513,0.00492,29611213.0,2047976475.0,-2.685512367491174,70.75,HK.00981
HK.00981,SMIC,2026-09-02 00:00:00,68.05,68.25,68.65,66.75,109.55,0.00632,37991615.0,2569185168.0,-0.8714596949890985,68.85,HK.00981
HK.00981,SMIC,2026-09-03 00:00:00,69.0,68.05,69.2,67.1,109.229,0.00528,31739622.0,2160073450.0,-0.2930402930402972,68.25,HK.00981
HK.00981,SMIC,2026-09-04 00:00:00,69.0,67.2,69.3,66.0,107.865,0.01412,84932765.0,5709198816.0,-1.2490815576781695,68.05,HK.00981
HK.00981,SMIC,2026-09-07 00:00:00,67.85,68.3,69.3,67.45,109.63,0.00946,56877350.0,3887193129.0,1.6369047619047534,67.2,HK.00981
HK.00981,SMIC,2026-09-08 00:00:00,68.15,65.35,68.45,64.95,104.895,0.01245,74893984.0,4945797224.0,-4.319180087847735,68.3,HK.00981
HK.00981,SMIC,2026-09-09 00:00:00,65.95,65.0,66.45,64.6,104.333,0.00669,40250604.0,2629483870.0,-0.5355776587605116,65.35,HK.00981
HK.00981,SMIC,2026-09-10 00:00:00,64.3,63.45,64.7,63.0,101.845,0.00904,54397287.0,3457849037.0,-2.38461538461538,65.0,HK.00981
HK.00981,SMIC,2026-09-11 00:00:00,62.6,63.15,63.5,61.5,101.364,0.00714,42953970.0,2677862689.0,-0.47281323877069226,63.45,HK.00981
HK.00981,SMIC,2026-09-14 00:00:00,61.95,61.3,62.3,60.95,98.394,0.00825,49639101.0,3050632469.0,-2.9295328582739533,63.15,HK.00981
HK.00981,SMIC,2026-09-15 00:00:00,61.3,60.75,62.85,60.55,97.512,0.00627,37725627.0,2317303295.0,-0.8972267536704684,61.3,HK.00981
HK.00981,SMIC,2026-09-16 00:00:00,61.45,63.65,63.95,60.75,102.166,0.00954,57375226.0,3615674289.0,4.773662551440327,60.75,HK.00981
HK.00981,SMIC,2026-09-17 00:00:00,62.75,62.4,63.6,61.55,100.16,0.00553,33287998.0,2073137651.0,-1.9638648860958365,63.65,HK.00981
HK.00981,SMIC,2026-09-18 00:00:00,63.95,65.15,65.5,62.75,104.574,0.01213,72927685.0,4703328405.0,4.4070512820512935,62.4,HK.00981
HK.00992,LENOVO GROUP,2026-08-03 00:00:00,23.543,24.403,24.443,23.223,20.48,0.00619,76826724.0,1872560032.0,3.74101942779407,23.523,HK.00992
HK.00992,LENOVO GROUP,2026-08-04 00:00:00,24.643,24.823,24.903,23.423,20.827,0.00595,73854710.0,1824967706.0,1.721099864770732,24.403,HK.00992
HK.00992,LENOVO GROUP,2026-08-05 00:00:00,25.7,26.28,26.9,25.14,21.754,0.01091,135314427.0,3528370263.0,5.869556459734926,24.823,HK.00992
HK.00992,LENOVO GROUP,2026-08-06 00:00:00,25.62,25.94,26.34,25.18,21.473,0.00508,62996722.0,1627270920.0,-1.2937595129375945,26.28,HK.00992
HK.00992,LENOVO GROUP,2026-08-07 00:00:00,26.12,28.1,28.14,25.34,23.261,0.00951,118021162.0,3212120927.0,8.326908249807248,25.94,HK.00992
HK.00992,LENOVO GROUP,2026-08-10 00:00:00,27.88,29.0,29.12,27.28,24.006,0.00947,117515740.0,3303321098.0,3.2028469750889625,28.1,HK.00992
HK.00992,LENOVO GROUP,2026-08-11 00:00:00,29.0,28.54,29.38,28.36,23.625,0.00758,93994513.0,2701851945.0,-1.586206896551727,29.0,HK.00992
HK.00992,LENOVO GROUP,2026-08-12 00:00:00,27.96,29.04,29.18,27.96,24.039,0.00748,92827925.0,2670764591.0,1.751927119831815,28.54,HK.00992
HK.00992,LENOVO GROUP,2026-08-13 00:00:00,29.96,34.9,35.46,29.6,28.89,0.02886,358030791.0,11847861172.0,20.179063360881543,29.04,HK.00992
HK.00992,LENOVO GROUP,2026-08-14 00:00:00,33.42,33.6,36.16,33.38,27.814,0.02286,283554366.0,9761828092.0,-3.7249283667621693,34.9,HK.00992
HK.00992,LENOVO GROUP,2026-08-17 00:00:00,34.48,33.02,34.94,32.96,27.334,0.01037,128614814.0,4294138655.0,-1.7261904761904712,33.6,HK.00992
HK.00992,LENOVO GROUP,2026-08-18 00:00:00,33.02,31.34,33.04,31.16,25.943,0.0102,126506445.0,4022482486.0,-5.087825560266515,33.02,HK.00992
HK.00992,LENOVO GROUP,2026-08-19 00:00:00,30.6,30.12,31.48,29.6,24.933,0.01077,133629195.0,4064586282.0,-3.8927887683471565,31.34,HK.00992
HK.00992,LENOVO GROUP,2026-08-20 00:00:00,30.64,29.72,30.68,29.34,24.602,0.00857,106313207.0,3175125791.0,-1.3280212483399805,30.12,HK.00992
HK.00992,LENOVO GROUP,2026-08-21 00:00:00,29.6,29.78,30.52,29.28,24.652,0.0064,79370532.0,2366295897.0,0.20188425302827148,29.72,HK.00992
HK.00992,LENOVO GROUP,2026-08-24 00:00:00,30.7,29.64,31.12,29.02,24.536,0.00762,94515511.0,2815936760.0,-0.4701141705842867,29.78,HK.00992
HK.00992,LENOVO GROUP,2026-08-25 00:00:00,29.06,30.8,30.86,28.8,25.496,0.01261,156458501.0,4753883739.0,3.913630229419703,29.64,HK.00992
HK.00992,LENOVO GROUP,2026-08-26 00:00:00,30.8,30.56,31.06,30.34,25.298,0.00482,59783770.0,1837423657.0,-0.7792207792207856,30.8,HK.00992
HK.00992,LENOVO GROUP,2026-08-27 00:00:00,31.1,30.72,31.28,30.34,25.43,0.00676,83804495.0,2584730438.0,0.5235602094240842,30.56,HK.00992
HK.00992,LENOVO GROUP,2026-08-28 00:00:00,30.38,29.96,31.0,29.76,24.801,0.00634,78606329.0,2367616730.0,-2.473958333333327,30.72,HK.00992
HK.00992,LENOVO GROUP,2026-08-31 00:00:00,29.1,30.04,30.14,29.1,24.867,0.00886,109965925.0,3282046652.0,0.2670226969292333,29.96,HK.00992
HK.00992,LENOVO GROUP,2026-09-01 00:00:00,29.98,30.58,30.78,29.68,25.314,0.00476,59040958.0,1787993039.0,1.797603195739012,30.04,HK.00992
HK.00992,LENOVO GROUP,2026-09-02 00:00:00,31.2,30.6,31.2,29.56,25.331,0.00648,80406143.0,2452231628.0,0.0654022236756152,30.58,HK.00992
HK.00992,LENOVO GROUP,2026-09-03 00:00:00,31.62,30.54,32.14,30.2,25.281,0.00681,84505503.0,2618566886.0,-0.19607843137255643,30.6,HK.00992
HK.00992,LENOVO GROUP,2026-09-04 00:00:00,31.52,32.4,32.68,31.4,26.843,0.01254,155714533.0,5019042890.0,6.090373280943024,30.54,HK.00992
HK.00992,LENOVO GROUP,2026-09-07 00:00:00,32.4,32.36,33.12,31.76,26.81,0.00491,60978518.0,1974454700.0,-0.12345679012345416,32.4,HK.00992
HK.00992,LENOVO GROUP,2026-09-08 00:00:00,31.9,30.36,32.0,28.62,25.153,0.00953,118255780.0,3557942677.0,-6.180469715698393,32.36,HK.00992
HK.00992,LENOVO GROUP,2026-09-09 00:00:00,30.92,32.42,32.58,30.78,26.859,0.00796,98772530.0,3142073872.0,6.7852437417654885,30.36,HK.00992
HK.00992,LENOVO GROUP,2026-09-10 00:00:00,32.32,32.26,32.4,31.7,26.727,0.00448,55611359.0,1786006956.0,-0.4935225169648479,32.42,HK.00992
HK.00992,LENOVO GROUP,2026-09-11 00:00:00,31.48,31.3,31.72,30.6,25.932,0.0063,78226415.0,2436047495.0,-2.975821450712949,32.26,HK.00992
HK.00992,LENOVO GROUP,2026-09-14 00:00:00,31.8,32.14,33.04,31.32,26.628,0.00681,84594530.0,2744332492.0,2.6837060702875393,31.3,HK.00992
HK.00992,LENOVO GROUP,2026-09-15 00:00:00,32.58,31.2,32.74,31.0,25.849,0.00429,53242498.0,1684868337.0,-2.924704418170508,32.14,HK.00992
HK.00992,LENOVO GROUP,2026-09-16 00:00:00,31.9,33.8,34.0,31.64,28.003,0.00854,106001594.0,3518276389.0,8.333333333333327,31.2,HK.00992
HK.00992,LENOVO GROUP,2026-09-17 00:00:00,34.0,34.32,34.74,33.52,28.434,0.00459,56955171.0,1944771481.0,1.5384615384615479,33.8,HK.00992
HK.00992,LENOVO GROUP,2026-09-18 00:00:00,34.4,37.58,37.88,34.4,31.135,0.01219,151365631.0,5561689553.0,9.498834498834494,34.32,HK.00992
HK.01024,KUAISHOU-W,2026-08-03 00:00:00,44.18,45.02,45.58,43.64,9.45,0.00986,42666995.0,1918707400.0,3.0205949656750577,43.7,HK.01024
HK.01024,KUAISHOU-W,2026-08-04 00:00:00,45.14,45.52,45.88,44.0,9.554,0.00947,40959210.0,1838566669.0,1.1106175033318524,45.02,HK.01024
HK.01024,KUAISHOU-W,2026-08-05 00:00:00,45.56,45.48,46.28,44.9,9.546,0.00767,33205906.0,1511422297.0,-0.08787346221442498,45.52,HK.01024
HK.01024,KUAISHOU-W,2026-08-06 00:00:00,44.98,44.24,45.52,44.04,9.286,0.00749,32397693.0,1444514513.0,-2.7264731750219764,45.48,HK.01024
HK.01024,KUAISHOU-W,2026-08-07 00:00:00,44.2,44.18,45.0,43.72,9.273,0.00541,23414357.0,1036184015.0,-0.13562386980109012,44.24,HK.01024
HK.01024,KUAISHOU-W,2026-08-10 00:00:00,44.52,44.32,44.94,43.8,9.303,0.00505,21862682.0,969445032.0,0.3168854685378012,44.18,HK.01024
HK.01024,KUAISHOU-W,2026-08-11 00:00:00,44.4,42.64,44.42,42.38,8.95,0.01032,44645983.0,1920864324.0,-3.7906137184115516,44.32,HK.01024
HK.01024,KUAISHOU-W,2026-08-12 00:00:00,42.46,41.54,42.46,41.38,8.719,0.01089,47119678.0,1962797846.0,-2.5797373358349,42.64,HK.01024
HK.01024,KUAISHOU-W,2026-08-13 00:00:00,41.4,40.82,41.52,40.66,8.568,0.00869,37601319.0,1543625523.0,-1.7332691381800647,41.54,HK.01024
HK.01024,KUAISHOU-W,2026-08-14 00:00:00,40.8,40.06,40.82,40.0,8.408,0.01083,46867792.0,1885116793.0,-1.8618324350808377,40.82,HK.01024
HK.01024,KUAISHOU-W,2026-08-17 00:00:00,40.5,40.08,40.6,39.6,8.413,0.00986,42639971.0,1710772775.0,0.049925112331492806,40.06,HK.01024
HK.01024,KUAISHOU-W,2026-08-18 00:00:00,40.08,39.38,40.24,38.12,8.266,0.01622,70189209.0,2736405147.0,-1.7465069860279336,40.08,HK.01024
HK.01024,KUAISHOU-W,2026-08-19 00:00:00,38.84,37.8,38.86,37.42,7.934,0.01913,82788886.0,3142240576.0,-4.012188928390059,39.38,HK.01024
HK.01024,KUAISHOU-W,2026-08-20 00:00:00,36.0,33.64,36.02,33.2,7.061,0.05766,249499220.0,8436433472.0,-11.005291005290998,37.8,HK.01024
HK.01024,KUAISHOU-W,2026-08-21 00:00:00,33.66,34.42,34.52,33.42,7.225,0.02124,91903282.0,3124198233.0,2.3186682520808595,33.64,HK.01024
HK.01024,KUAISHOU-W,2026-08-24 00:00:00,34.38,33.02,34.38,32.96,6.931,0.01451,62778591.0,2088809783.0,-4.067402672864609,34.42,HK.01024
HK.01024,KUAISHOU-W,2026-08-25 00:00:00,33.2,33.26,33.52,33.04,6.981,0.00993,42965299.0,1429699006.0,0.7268322228951994,33.02,HK.01024
HK.01024,KUAISHOU-W,2026-08-26 00:00:00,33.54,33.62,34.14,33.54,7.057,0.00771,33367737.0,1129732124.0,1.0823812387251937,33.26,HK.01024
HK.01024,KUAISHOU-W,2026-08-27 00:00:00,33.64,33.66,33.98,33.46,7.065,0.00636,27498686.0,925709313.0,0.11897679952409027,33.62,HK.01024
HK.01024,KUAISHOU-W,2026-08-28 00:00:00,33.5,33.46,34.2,33.4,7.023,0.00858,37133829.0,1254247663.0,-0.5941770647652875,33.66,HK.01024
HK.01024,KUAISHOU-W,2026-08-31 00:00:00,33.06,33.58,33.84,32.52,7.048,0.01063,46005034.0,1526913275.0,0.35863717872085304,33.46,HK.01024
HK.01024,KUAISHOU-W,2026-09-01 00:00:00,34.52,34.64,36.02,34.44,7.271,0.0229,99066503.0,3475491276.0,3.156640857653372,33.58,HK.01024
HK.01024,KUAISHOU-W,2026-09-02 00:00:00,34.4,33.64,34.42,33.46,7.061,0.00913,39510016.0,1332137456.0,-2.886836027713626,34.64,HK.01024
HK.01024,KUAISHOU-W,2026-09-03 00:00:00,33.42,32.76,33.6,32.66,6.876,0.01052,45500096.0,1501694536.0,-2.6159334126040505,33.64,HK.01024
HK.01024,KUAISHOU-W,2026-09-04 00:00:00,33.14,33.66,34.24,33.14,7.065,0.0116,50211242.0,1701649904.0,2.747252747252743,32.76,HK.01024
HK.01024,KUAISHOU-W,2026-09-07 00:00:00,33.7,33.98,34.12,33.5,7.132,0.00739,31984447.0,1081288983.0,0.9506833036244811,33.66,HK.01024
HK.01024,KUAISHOU-W,2026-09-08 00:00:00,33.92,33.04,34.0,33.02,6.935,0.00635,27480111.0,918311967.0,-2.7663331371394873,33.98,HK.01024
HK.01024,KUAISHOU-W,2026-09-09 00:00:00,33.0,32.32,33.08,31.94,6.784,0.01285,55588759.0,1796636546.0,-2.1791767554479384,33.04,HK.01024
HK.01024,KUAISHOU-W,2026-09-10 00:00:00,31.8,31.66,31.8,31.3,6.645,0.00896,38763619.0,1221460434.0,-2.0420792079207923,32.32,HK.01024
HK.01024,KUAISHOU-W,2026-09-11 00:00:00,31.02,31.26,31.68,30.94,6.561,0.00666,28811241.0,900370617.0,-1.2634238787113032,31.66,HK.01024
HK.01024,KUAISHOU-W,2026-09-14 00:00:00,30.96,30.58,31.18,30.4,6.418,0.00772,33408413.0,1023740287.0,-2.1753039027511303,31.26,HK.01024
HK.01024,KUAISHOU-W,2026-09-15 00:00:00,30.68,29.8,30.9,29.76,6.255,0.00833,36063615.0,1088508650.0,-2.550686723348586,30.58,HK.01024
HK.01024,KUAISHOU-W,2026-09-16 00:00:00,29.8,29.66,29.94,29.16,6.225,0.00743,32147093.0,950809021.0,-0.4697986577181227,29.8,HK.01024
HK.01024,KUAISHOU-W,2026-09-17 00:00:00,29.2,29.94,30.48,29.14,6.284,0.00955,41304463.0,1233629693.0,0.9440323668240093,29.66,HK.01024
HK.01024,KUAISHOU-W,2026-09-18 00:00:00,29.94,30.74,30.78,29.94,6.452,0.01654,71585657.0,2190996543.0,2.6720106880427426,29.94,HK.01024
HK.01093,CSPC PHARMA,2026-08-03 00:00:00,8.52,8.465,8.675,8.305,22.694,0.00457,52658947.0,442958419.0,-1.3403263403263428,8.58,HK.01093
HK.01093,CSPC PHARMA,2026-08-04 00:00:00,8.45,8.485,8.755,8.42,22.747,0.00474,54632240.0,466117594.0,0.23626698168930388,8.465,HK.01093
HK.01093,CSPC PHARMA,2026-08-05 00:00:00,8.42,8.375,8.605,8.27,22.453,0.00647,74502825.0,624325307.0,-1.2964054213317553,8.485,HK.01093
HK.01093,CSPC PHARMA,2026-08-06 00:00:00,8.45,8.5,8.515,8.21,22.788,0.00478,55113724.0,461861307.0,1.4925373134328357,8.375,HK.01093
HK.01093,CSPC PHARMA,2026-08-07 00:00:00,8.485,8.69,8.75,8.365,23.297,0.00661,76165703.0,654115740.0,2.235294117647053,8.5,HK.01093
HK.01093,CSPC PHARMA,2026-08-10 00:00:00,8.945,8.625,9.1,8.6,23.123,0.0075,86457309.0,763218317.0,-0.74798619102416,8.69,HK.01093
HK.01093,CSPC PHARMA,2026-08-11 00:00:00,8.605,8.7,8.99,8.605,23.324,0.00627,72200336.0,634831754.0,0.869565217391296,8.625,HK.01093
HK.01093,CSPC PHARMA,2026-08-12 00:00:00,8.655,8.675,8.76,8.52,23.257,0.00442,50923111.0,438643404.0,-0.2873563218390641,8.7,HK.01093
HK.01093,CSPC PHARMA,2026-08-13 00:00:00,8.615,8.85,9.22,8.58,23.726,0.00918,105733552.0,948441475.0,2.017291066282408,8.675,HK.01093
HK.01093,CSPC PHARMA,2026-08-14 00:00:00,8.79,8.69,8.86,8.64,23.297,0.00342,39418434.0,343602711.0,-1.8079096045197758,8.85,HK.01093
HK.01093,CSPC PHARMA,2026-08-17 00:00:00,8.78,8.755,9.045,8.61,23.471,0.00611,70421131.0,621450126.0,0.7479861910241805,8.69,HK.01093
HK.01093,CSPC PHARMA,2026-08-18 00:00:00,8.75,8.8,8.89,8.625,23.592,0.00428,49361265.0,432876059.0,0.513992004568817,8.755,HK.01093
HK.01093,CSPC PHARMA,2026-08-19 00:00:00,8.8,8.685,8.955,8.655,23.284,0.00585,67351804.0,588920958.0,-1.306818181818184,8.8,HK.01093
HK.01093,CSPC PHARMA,2026-08-20 00:00:00,9.5,9.52,10.17,9.43,25.522,0.03816,439742523.0,4309950359.0,9.614277489925147,8.685,HK.01093
HK.01093,CSPC PHARMA,2026-08-21 00:00:00,9.51,9.19,9.51,9.015,24.638,0.01175,135368018.0,1244479229.0,-3.4663865546218497,9.52,HK.01093
HK.01093,CSPC PHARMA,2026-08-24 00:00:00,9.5,9.395,9.68,9.16,25.187,0.01229,141570805.0,1326684883.0,2.2306855277475526,9.19,HK.01093
HK.01093,CSPC PHARMA,2026-08-25 00:00:00,9.305,9.41,9.5,9.185,25.227,0.01099,126608259.0,1184229841.0,0.15965939329431156,9.395,HK.01093
HK.01093,CSPC PHARMA,2026-08-26 00:00:00,9.505,9.525,9.98,9.43,25.536,0.01651,190279844.0,1839619539.0,1.222104144527101,9.41,HK.01093
HK.01093,CSPC PHARMA,2026-08-27 00:00:00,9.8,9.68,9.8,9.405,25.951,0.01057,121784743.0,1173084739.0,1.6272965879265027,9.525,HK.01093
HK.01093,CSPC PHARMA,2026-08-28 00:00:00,9.625,9.53,9.715,9.505,25.549,0.00646,74458266.0,712878622.0,-1.5495867768595077,9.68,HK.01093
HK.01093,CSPC PHARMA,2026-08-31 00:00:00,9.435,9.24,9.44,9.08,24.772,0.01184,136476279.0,1253855250.0,-3.043022035676801,9.53,HK.01093
HK.01093,CSPC PHARMA,2026-09-01 00:00:00,9.13,9.23,9.32,9.11,24.745,0.00517,59562215.0,549934900.0,-0.1082251082251059,9.24,HK.01093
HK.01093,CSPC PHARMA,2026-09-02 00:00:00,9.33,9.17,9.375,9.1,24.584,0.00571,65804858.0,605411086.0,-0.6500541711809371,9.23,HK.01093
HK.01093,CSPC PHARMA,2026-09-03 00:00:00,9.26,9.61,9.75,9.19,25.764,0.01171,134922261.0,1289177031.0,4.798255179934563,9.17,HK.01093
HK.01093,CSPC PHARMA,2026-09-04 00:00:00,9.7,9.685,9.76,9.54,25.965,0.00786,90538571.0,876131353.0,0.7804370447450684,9.61,HK.01093
HK.01093,CSPC PHARMA,2026-09-07 00:00:00,9.685,9.68,9.76,9.6,25.951,0.00354,40817260.0,395081443.0,-0.05162622612287849,9.685,HK.01093
HK.01093,CSPC PHARMA,2026-09-08 00:00:00,9.59,9.42,9.635,9.4,25.254,0.00623,71809561.0,680741368.0,-2.6859504132231384,9.68,HK.01093
HK.01093,CSPC PHARMA,2026-09-09 00:00:00,9.385,9.1,9.42,8.56,24.396,0.01764,203238486.0,1826677989.0,-3.3970276008492597,9.42,HK.01093
HK.01093,CSPC PHARMA,2026-09-10 00:00:00,8.9,8.77,9.09,8.705,23.512,0.01305,150348516.0,1324112347.0,-3.6263736263736273,9.1,HK.01093
HK.01093,CSPC PHARMA,2026-09-11 00:00:00,8.67,8.71,8.765,8.555,23.351,0.00968,111543206.0,963533040.0,-0.6841505131128702,8.77,HK.01093
HK.01093,CSPC PHARMA,2026-09-14 00:00:00,8.58,8.865,8.89,8.52,23.766,0.00832,95912466.0,839322080.0,1.7795637198622198,8.71,HK.01093
HK.01093,CSPC PHARMA,2026-09-15 00:00:00,8.865,8.7,8.905,8.685,23.324,0.00446,51434626.0,450063860.0,-1.861252115059232,8.865,HK.01093
HK.01093,CSPC PHARMA,2026-09-16 00:00:00,8.82,8.805,8.85,8.685,23.605,0.00483,55660393.0,489536921.0,1.206896551724143,8.7,HK.01093
HK.01093,CSPC PHARMA,2026-09-17 00:00:00,8.625,8.85,8.945,8.625,23.726,0.00434,49971379.0,442757441.0,0.5110732538330486,8.805,HK.01093
HK.01093,CSPC PHARMA,2026-09-18 00:00:00,8.9,8.93,9.235,8.87,23.941,0.00687,79109517.0,711704841.0,0.9039548022598879,8.85,HK.01093
HK.01211,BYD COMPANY,2026-08-03 00:00:00,95.05,94.9,96.65,94.2,23.958,0.00481,17725391.0,1688969158.0,0.7966011683483802,94.15,HK.01211
HK.01211,BYD COMPANY,2026-08-04 00:00:00,94.9,93.45,95.45,93.05,23.592,0.00364,13394026.0,1254857353.0,-1.5279241306638596,94.9,HK.01211
HK.01211,BYD COMPANY,2026-08-05 00:00:00,93.35,93.8,94.65,92.1,23.68,0.00428,15746998.0,1474070456.0,0.3745318352059864,93.45,HK.01211
HK.01211,BYD COMPANY,2026-08-06 00:00:00,93.4,89.85,94.45,89.55,22.683,0.00645,23763501.0,2158190419.0,-4.211087420042647,93.8,HK.01211
HK.01211,BYD COMPANY,2026-08-07 00:00:00,90.05,90.15,90.4,88.6,22.759,0.00398,14668177.0,1316498670.0,0.33388981636061366,89.85,HK.01211
HK.01211,BYD COMPANY,2026-08-10 00:00:00,91.8,92.3,92.65,90.5,23.302,0.00307,11298055.0,1038043167.0,2.384914032168598,90.15,HK.01211
HK.01211,BYD COMPANY,2026-08-11 00:00:00,92.9,89.7,92.9,89.6,22.645,0.00269,9909509.0,895070086.0,-2.8169014084506983,92.3,HK.01211
HK.01211,BYD COMPANY,2026-08-12 00:00:00,89.55,89.6,90.65,88.8,22.62,0.00279,10265962.0,919368014.0,-0.11148272017838184,89.7,HK.01211
HK.01211,BYD COMPANY,2026-08-13 00:00:00,89.8,88.4,91.2,88.2,22.317,0.00325,11978574.0,1063240360.0,-1.3392857142857018,89.6,HK.01211
HK.01211,BYD COMPANY,2026-08-14 00:00:00,88.0,88.25,88.4,86.9,22.279,0.00324,11917106.0,1048883539.0,-0.16968325791855846,88.4,HK.01211
HK.01211,BYD COMPANY,2026-08-17 00:00:00,88.35,90.05,91.15,88.3,22.734,0.00352,12966274.0,1169257591.0,2.0396600566572207,88.25,HK.01211
HK.01211,BYD COMPANY,2026-08-18 00:00:00,90.2,90.0,91.4,89.35,22.721,0.00336,12363089.0,1114131082.0,-0.05552470849527725,90.05,HK.01211
HK.01211,BYD COMPANY,2026-08-19 00:00:00,89.6,89.4,89.9,88.1,22.57,0.00255,9393261.0,839487296.0,-0.6666666666666604,90.0,HK.01211
HK.01211,BYD COMPANY,2026-08-20 00:00:00,90.6,91.8,92.9,90.25,23.175,0.004,14723923.0,1351702261.0,2.684563758389252,89.4,HK.01211
HK.01211,BYD COMPANY,2026-08-21 00:00:00,92.5,93.15,93.65,92.0,23.516,0.00389,14344823.0,1333438995.0,1.470588235294127,91.8,HK.01211
HK.01211,BYD COMPANY,2026-08-24 00:00:00,92.6,92.8,93.45,90.7,23.428,0.00494,18188485.0,1678548156.0,-0.3757380568974863,93.15,HK.01211
HK.01211,BYD COMPANY,2026-08-25 00:00:00,92.5,93.6,94.85,90.8,23.63,0.00532,19589015.0,1829112950.0,0.8620689655172384,92.8,HK.01211
HK.01211,BYD COMPANY,2026-08-26 00:00:00,92.8,92.6,94.1,91.75,23.377,0.00509,18751286.0,1746632997.0,-1.0683760683760684,93.6,HK.01211
HK.01211,BYD COMPANY,2026-08-27 00:00:00,92.6,91.25,93.4,90.65,23.037,0.00491,18103804.0,1658276761.0,-1.4578833693304476,92.6,HK.01211
HK.01211,BYD COMPANY,2026-08-28 00:00:00,90.05,91.95,93.0,89.95,23.213,0.00297,10946448.0,1006339992.0,0.7671232876712359,91.25,HK.01211
HK.01211,BYD COMPANY,2026-08-31 00:00:00,91.55,87.2,91.95,85.5,22.014,0.01175,43267505.0,3767071957.0,-5.165851005981511,91.95,HK.01211
HK.01211,BYD COMPANY,2026-09-01 00:00:00,87.95,88.25,90.85,87.3,22.279,0.00861,31697020.0,2828955035.0,1.2041284403669692,87.2,HK.01211
HK.01211,BYD COMPANY,2026-09-02 00:00:00,88.1,85.25,88.55,84.2,21.522,0.00724,26678930.0,2279051983.0,-3.39943342776204,88.25,HK.01211
HK.01211,BYD COMPANY,2026-09-03 00:00:00,85.15,85.7,86.3,85.0,21.635,0.00468,17224379.0,1474116933.0,0.5278592375366602,85.25,HK.01211
HK.01211,BYD COMPANY,2026-09-04 00:00:00,85.7,86.15,86.9,85.4,21.749,0.0057,20988366.0,1808162118.0,0.5250875145857676,85.7,HK.01211
HK.01211,BYD COMPANY,2026-09-07 00:00:00,85.3,84.5,85.75,83.8,21.332,0.00377,13868455.0,1172078620.0,-1.9152640742890372,86.15,HK.01211
HK.01211,BYD COMPANY,2026-09-08 00:00:00,83.6,83.85,84.4,83.0,21.168,0.00456,16813986.0,1406430203.0,-0.7692307692307759,84.5,HK.01211
HK.01211,BYD COMPANY,2026-09-09 00:00:00,83.35,81.8,83.5,81.45,20.651,0.00749,27604650.0,2266832404.0,-2.4448419797256973,83.85,HK.01211
HK.01211,BYD COMPANY,2026-09-10 00:00:00,80.5,79.55,80.85,79.05,20.083,0.00713,26256339.0,2091009655.0,-2.7506112469437656,81.8,HK.01211
HK.01211,BYD COMPANY,2026-09-11 00:00:00,78.4,79.85,80.5,78.0,20.159,0.00578,21297640.0,1691010420.0,0.37712130735386196,79.55,HK.01211
HK.01211,BYD COMPANY,2026-09-14 00:00:00,79.0,80.2,81.05,78.6,20.247,0.00537,19787726.0,1587830530.0,0.43832185347527686,79.85,HK.01211
HK.01211,BYD COMPANY,2026-09-15 00:00:00,80.85,79.05,81.0,78.85,19.957,0.00349,12856800.0,1023009067.0,-1.4339152119700818,80.2,HK.01211
HK.01211,BYD COMPANY,2026-09-16 00:00:00,79.45,79.2,79.75,78.3,19.994,0.0027,9957180.0,788692900.0,0.18975332068311915,79.05,HK.01211
HK.01211,BYD COMPANY,2026-09-17 00:00:00,79.2,81.15,81.25,77.8,20.487,0.00461,16968843.0,1358661508.0,2.4621212121212155,79.2,HK.01211
HK.01211,BYD COMPANY,2026-09-18 00:00:00,79.6,81.5,81.6,79.4,20.575,0.00599,22056501.0,1786072555.0,0.43130006161428747,81.15,HK.01211
HK.01357,MEITU,2026-08-03 00:00:00,4.813,4.703,4.823,4.508,33.356,0.01995,90217751.0,426323835.0,1.0745755426606642,4.653,HK.01357
HK.01357,MEITU,2026-08-04 00:00:00,4.798,4.753,4.963,4.663,33.706,0.01955,88407500.0,427266323.0,1.0631511800978062,4.703,HK.01357
HK.01357,MEITU,2026-08-05 00:00:00,4.813,4.833,4.958,4.713,34.265,0.01622,73372907.0,360227852.0,1.6831474857984445,4.753,HK.01357
HK.01357,MEITU,2026-08-06 00:00:00,4.793,4.663,4.878,4.633,33.076,0.01146,51840169.0,248647925.0,-3.5174839644113374,4.833,HK.01357
HK.01357,MEITU,2026-08-07 00:00:00,4.648,4.683,4.703,4.483,33.216,0.01113,50320622.0,234677015.0,0.4289084280506021,4.663,HK.01357
HK.01357,MEITU,2026-08-10 00:00:00,4.768,4.763,4.808,4.673,33.776,0.0084,37995000.0,183124805.0,1.7083066410420689,4.683,HK.01357
HK.01357,MEITU,2026-08-11 00:00:00,4.813,4.693,4.853,4.653,33.286,0.00726,32846000.0,157653685.0,-1.4696619777451247,4.763,HK.01357
HK.01357,MEITU,2026-08-12 00:00:00,4.703,4.573,4.703,4.513,32.447,0.00919,41581179.0,192840814.0,-2.556999786916668,4.693,HK.01357
HK.01357,MEITU,2026-08-13 00:00:00,4.538,4.423,4.608,4.378,31.398,0.01225,55421668.0,251625561.0,-3.2801224579051027,4.573,HK.01357
HK.01357,MEITU,2026-08-14 00:00:00,4.488,4.428,4.598,4.403,31.433,0.0081,36657270.0,166509063.0,0.11304544426859356,4.423,HK.01357
HK.01357,MEITU,2026-08-17 00:00:00,4.483,4.468,4.558,4.398,31.713,0.00752,34018000.0,154605006.0,0.9033423667570017,4.428,HK.01357
HK.01357,MEITU,2026-08-18 00:00:00,4.433,4.318,4.438,4.202999999,30.664,0.01164,52671594.0,229247742.0,-3.3572068039391305,4.468,HK.01357
HK.01357,MEITU,2026-08-19 00:00:00,4.333,4.283,4.333,4.202999999,30.419,0.00781,35311323.0,152527429.0,-0.8105604446502839,4.318,HK.01357
HK.01357,MEITU,2026-08-20 00:00:00,4.358,4.308,4.468,4.197999999,30.594,0.01214,54898122.0,241529847.0,0.5837030119075289,4.283,HK.01357
HK.01357,MEITU,2026-08-21 00:00:00,4.233,4.363,4.373,4.168,30.979,0.01057,47825428.0,206621351.0,1.2766945218198842,4.308,HK.01357
HK.01357,MEITU,2026-08-24 00:00:00,4.328,4.193,4.328,4.178,29.79,0.00794,35920760.0,153963707.0,-3.8964015585606413,4.363,HK.01357
HK.01357,MEITU,2026-08-25 00:00:00,4.197999999,4.268,4.303,4.112999999,30.314,0.01638,74087917.0,319451848.0,1.7886954447889383,4.193,HK.01357
HK.01357,MEITU,2026-08-26 00:00:00,4.278,4.278,4.358,4.253,30.384,0.00958,43349538.0,189440873.0,0.23430178069352828,4.268,HK.01357
HK.01357,MEITU,2026-08-27 00:00:00,4.433,4.398,4.633,4.243,31.223,0.02449,110756098.0,500547148.0,2.805049088359049,4.278,HK.01357
HK.01357,MEITU,2026-08-28 00:00:00,4.533,4.713,4.933,4.533,33.426,0.04047,183058201.0,889001250.0,7.1623465211459845,4.398,HK.01357
HK.01357,MEITU,2026-08-31 00:00:00,4.653,4.673,4.828,4.503,33.146,0.01634,73912388.0,350092310.0,-0.8487163165711868,4.713,HK.01357
HK.01357,MEITU,2026-09-01 00:00:00,4.718,4.793,4.928,4.658,33.986,0.02369,107144314.0,523918704.0,2.567943505242887,4.673,HK.01357
HK.01357,MEITU,2026-09-02 00:00:00,4.733,4.618,4.733,4.583,32.762,0.00828,37442000.0,175917817.0,-3.651157938660543,4.793,HK.01357
HK.01357,MEITU,2026-09-03 00:00:00,4.678,4.613,4.793,4.583,32.727,0.00985,44568330.0,211387129.0,-0.10827197921177767,4.618,HK.01357
HK.01357,MEITU,2026-09-04 00:00:00,4.733,4.883,5.063,4.718,34.615,0.02742,124035855.0,621715046.0,5.8530240624322465,4.613,HK.01357
HK.01357,MEITU,2026-09-07 00:00:00,4.813,4.753,4.833,4.698,33.706,0.01501,67913500.0,326735839.0,-2.6622977677657156,4.883,HK.01357
HK.01357,MEITU,2026-09-08 00:00:00,4.78,4.75,4.95,4.725,33.216,0.01324,59902043.0,289737264.0,-0.063118030717444,4.753,HK.01357
HK.01357,MEITU,2026-09-09 00:00:00,4.68,4.43,4.68,4.36,30.979,0.0245,110837200.0,495044590.0,-6.736842105263163,4.75,HK.01357
HK.01357,MEITU,2026-09-10 00:00:00,4.36,4.24,4.41,4.205,29.65,0.013,58800356.0,251095440.0,-4.2889390519187245,4.43,HK.01357
HK.01357,MEITU,2026-09-11 00:00:00,4.2,4.205,4.26,4.11,29.405,0.01147,51868709.0,217162510.0,-0.8254716981132109,4.24,HK.01357
HK.01357,MEITU,2026-09-14 00:00:00,4.235,4.22,4.345,4.16,29.51,0.00862,39002592.0,165359937.0,0.3567181926278164,4.205,HK.01357
HK.01357,MEITU,2026-09-15 00:00:00,4.235,3.88,4.275,3.8,27.132,0.0409,184854655.0,726512444.0,-8.056872037914689,4.22,HK.01357
HK.01357,MEITU,2026-09-16 00:00:00,3.965,3.815,3.98,3.81,26.678,0.0138,62381400.0,240784236.0,-1.6752577319587614,3.88,HK.01357
HK.01357,MEITU,2026-09-17 00:00:00,3.78,3.815,3.83,3.71,26.678,0.01042,47084046.0,177446352.0,0.0,3.815,HK.01357
HK.01357,MEITU,2026-09-18 00:00:00,3.865,4.035,4.035,3.855,28.216,0.01995,90178595.0,357701101.0,5.766710353866323,3.815,HK.01357
HK.01810,XIAOMI-W,2026-08-03 00:00:00,28.74,27.96,28.76,27.2,15.672,0.01127,291271451.0,8060075268.0,-2.84920083391244,28.78,HK.01810
HK.01810,XIAOMI-W,2026-08-04 00:00:00,27.86,27.96,28.34,27.18,15.672,0.00598,154554311.0,4288599476.0,0.0,27.96,HK.01810
HK.01810,XIAOMI-W,2026-08-05 00:00:00,28.0,27.64,28.4,27.46,15.493,0.00543,140378692.0,3899053190.0,-1.1444921316165961,27.96,HK.01810
HK.01810,XIAOMI-W,2026-08-06 00:00:00,27.64,26.86,28.04,26.64,15.056,0.00772,199623572.0,5405325041.0,-2.821997105643998,27.64,HK.01810
HK.01810,XIAOMI-W,2026-08-07 00:00:00,26.66,27.06,27.16,26.06,15.168,0.00574,148233931.0,3943841696.0,0.7446016381236013,26.86,HK.01810
HK.01810,XIAOMI-W,2026-08-10 00:00:00,27.1,27.62,27.82,26.82,15.482,0.00579,149650782.0,4095128209.0,2.0694752402069563,27.06,HK.01810
HK.01810,XIAOMI-W,2026-08-11 00:00:00,27.38,26.66,27.56,26.6,14.893,0.00467,120335468.0,3241082708.0,-3.4757422157856652,27.62,HK.01810
HK.01810,XIAOMI-W,2026-08-12 00:00:00,26.46,26.36,26.52,26.12,14.726,0.00415,106974043.0,2811399117.0,-1.1252813203300853,26.66,HK.01810
HK.01810,XIAOMI-W,2026-08-13 00:00:00,26.1,25.88,26.48,25.8,14.458,0.00452,116473440.0,3035049760.0,-1.8209408194233705,26.36,HK.01810
HK.01810,XIAOMI-W,2026-08-14 00:00:00,25.86,25.62,26.12,25.44,14.312,0.00353,91055676.0,2336618319.0,-1.00463678516228,25.88,HK.01810
HK.01810,XIAOMI-W,2026-08-17 00:00:00,25.8,25.88,26.24,25.8,14.458,0.00389,100082735.0,2605495496.0,1.0148321623731382,25.62,HK.01810
HK.01810,XIAOMI-W,2026-08-18 00:00:00,25.5,26.18,26.54,25.22,14.625,0.00696,179217011.0,4643917456.0,1.159196290571873,25.88,HK.01810
HK.01810,XIAOMI-W,2026-08-19 00:00:00,26.96,27.44,28.08,26.38,15.329,0.01319,339866011.0,9342327307.0,4.812834224598936,26.18,HK.01810
HK.01810,XIAOMI-W,2026-08-20 00:00:00,27.78,27.76,28.64,27.5,15.508,0.00694,178685384.0,5029318235.0,1.1661807580174937,27.44,HK.01810
HK.01810,XIAOMI-W,2026-08-21 00:00:00,28.4,29.02,29.1,28.0,16.212,0.007,180377953.0,5186567492.0,4.5389048991354395,27.76,HK.01810
HK.01810,XIAOMI-W,2026-08-24 00:00:00,28.6,27.82,28.84,27.54,15.541,0.00614,158110022.0,4420448288.0,-4.135079255685731,29.02,HK.01810
HK.01810,XIAOMI-W,2026-08-25 00:00:00,28.32,27.76,28.48,27.64,15.508,0.00316,81489138.0,2276165932.0,-0.2156721782889961,27.82,HK.01810
HK.01810,XIAOMI-W,2026-08-26 00:00:00,28.0,28.46,29.14,27.8,15.899,0.00553,142477417.0,4084230893.0,2.5216138328530233,27.76,HK.01810
HK.01810,XIAOMI-W,2026-08-27 00:00:00,28.46,27.48,28.64,27.36,15.351,0.00566,145686928.0,4044528775.0,-3.4434293745607887,28.46,HK.01810
HK.01810,XIAOMI-W,2026-08-28 00:00:00,27.48,27.82,28.26,27.36,15.541,0.00331,85331331.0,2382728747.0,1.2372634643376996,27.48,HK.01810
HK.01810,XIAOMI-W,2026-08-31 00:00:00,27.88,27.62,27.96,27.42,15.43,0.00351,90434800.0,2499213008.0,-0.7189072609633332,27.82,HK.01810
HK.01810,XIAOMI-W,2026-09-01 00:00:00,27.52,27.56,28.12,27.36,15.396,0.00336,86622519.0,2402419123.0,-0.21723388848661213,27.62,HK.01810
HK.01810,XIAOMI-W,2026-09-02 00:00:00,27.5,28.06,28.14,27.08,15.675,0.00449,115694198.0,3223104705.0,1.8142235123367199,27.56,HK.01810
HK.01810,XIAOMI-W,2026-09-03 00:00:00,28.3,27.44,28.56,27.02,15.329,0.00456,117455962.0,3243885114.0,-2.209550962223797,28.06,HK.01810
HK.01810,XIAOMI-W,2026-09-04 00:00:00,27.68,28.44,28.76,27.66,15.888,0.00694,178857691.0,5074292002.0,3.6443148688046643,27.44,HK.01810
HK.01810,XIAOMI-W,2026-09-07 00:00:00,28.22,27.5,28.4,27.12,15.363,0.0067,172668949.0,4741582511.0,-3.305203938115335,28.44,HK.01810
HK.01810,XIAOMI-W,2026-09-08 00:00:00,27.26,26.92,27.36,26.56,15.039,0.00659,169791507.0,4566112341.0,-2.1090909090909027,27.5,HK.01810
HK.01810,XIAOMI-W,2026-09-09 00:00:00,26.7,26.38,26.8,26.1,14.737,0.00467,120334499.0,3171350909.0,-2.0059435364041702,26.92,HK.01810
HK.01810,XIAOMI-W,2026-09-10 00:00:00,26.04,25.92,26.4,25.68,14.48,0.00577,148663013.0,3850950160.0,-1.7437452615617792,26.38,HK.01810
HK.01810,XIAOMI-W,2026-09-11 00:00:00,25.66,26.36,26.66,25.44,14.726,0.00441,113533443.0,2969552851.0,1.6975308641975222,25.92,HK.01810
HK.01810,XIAOMI-W,2026-09-14 00:00:00,26.42,27.16,27.34,26.42,15.173,0.00428,110183277.0,2982997983.0,3.0349013657056174,26.36,HK.01810
HK.01810,XIAOMI-W,2026-09-15 00:00:00,27.12,26.5,27.4,26.5,14.804,0.003,77282311.0,2075358460.0,-2.4300441826215025,27.16,HK.01810
HK.01810,XIAOMI-W,2026-09-16 00:00:00,26.5,26.18,26.66,25.92,14.625,0.00288,74216945.0,1940843649.0,-1.2075471698113218,26.5,HK.01810
HK.01810,XIAOMI-W,2026-09-17 00:00:00,25.7,26.14,26.44,25.56,14.603,0.00347,89304650.0,2318929892.0,-0.15278838808250247,26.18,HK.01810
HK.01810,XIAOMI-W,2026-09-18 00:00:00,26.16,26.4,26.66,25.98,14.748,0.00426,109848697.0,2889628005.0,0.9946442234123871,26.14,HK.01810
HK.01818,ZHAOJIN MINING,2026-08-03 00:00:00,21.28,21.14,21.28,20.42,18.707,0.0033,9515567.0,199545548.0,-0.2830188679245223,21.2,HK.01818
HK.01818,ZHAOJIN MINING,2026-08-04 00:00:00,20.74,21.18,21.42,20.74,18.743,0.00385,11096500.0,234278952.0,0.18921475875117855,21.14,HK.01818
HK.01818,ZHAOJIN MINING,2026-08-05 00:00:00,21.38,22.76,23.08,21.38,20.141,0.00884,25474585.0,576431323.0,7.459867799811152,21.18,HK.01818
HK.01818,ZHAOJIN MINING,2026-08-06 00:00:00,24.3,23.36,24.34,23.02,20.672,0.01042,30021849.0,713005484.0,2.6362038664323277,22.76,HK.01818
HK.01818,ZHAOJIN MINING,2026-08-07 00:00:00,23.36,23.92,24.32,23.14,21.168,0.00802,23122287.0,550216062.0,2.3972602739726128,23.36,HK.01818
HK.01818,ZHAOJIN MINING,2026-08-10 00:00:00,24.6,24.88,25.1,23.84,22.017,0.009,25941830.0,640543236.0,4.013377926421393,23.92,HK.01818
HK.01818,ZHAOJIN MINING,2026-08-11 00:00:00,25.44,23.62,25.8,23.36,20.902,0.01122,32341571.0,782994868.0,-5.064308681672018,24.88,HK.01818
HK.01818,ZHAOJIN MINING,2026-08-12 00:00:00,23.66,23.88,24.16,23.6,21.132,0.00477,13750524.0,327989783.0,1.1007620660457156,23.62,HK.01818
HK.01818,ZHAOJIN MINING,2026-08-13 00:00:00,23.96,22.48,24.16,22.3,19.893,0.00881,25372964.0,577823220.0,-5.862646566164149,23.88,HK.01818
HK.01818,ZHAOJIN MINING,2026-08-14 00:00:00,21.94,22.68,22.9,21.84,20.07,0.00425,12233799.0,275980130.0,0.8896797153024879,22.48,HK.01818
HK.01818,ZHAOJIN MINING,2026-08-17 00:00:00,23.18,23.56,23.72,23.0,20.849,0.00475,13675268.0,320887772.0,3.880070546737209,22.68,HK.01818
HK.01818,ZHAOJIN MINING,2026-08-18 00:00:00,23.86,23.74,24.08,23.42,21.008,0.00379,10921842.0,258940772.0,0.7640067911714759,23.56,HK.01818
HK.01818,ZHAOJIN MINING,2026-08-19 00:00:00,23.14,23.8,24.3,22.78,21.061,0.00645,18579505.0,440044597.0,0.2527379949452497,23.74,HK.01818
HK.01818,ZHAOJIN MINING,2026-08-20 00:00:00,25.66,25.26,26.7,25.14,22.353,0.0111,31992948.0,828674886.0,6.134453781512608,23.8,HK.01818
HK.01818,ZHAOJIN MINING,2026-08-21 00:00:00,25.82,25.52,25.98,23.94,22.584,0.01876,54044192.0,1348906882.0,1.0292953285827315,25.26,HK.01818
HK.01818,ZHAOJIN MINING,2026-08-24 00:00:00,26.12,26.14,27.56,25.8,23.132,0.02088,60162693.0,1598418462.0,2.4294670846395023,25.52,HK.01818
HK.01818,ZHAOJIN MINING,2026-08-25 00:00:00,26.5,24.82,26.72,24.52,21.964,0.01199,34559564.0,863710630.0,-5.04973221117062,26.14,HK.01818
HK.01818,ZHAOJIN MINING,2026-08-26 00:00:00,24.98,23.44,25.7,23.38,20.743,0.015,43230624.0,1047928297.0,-5.560032232070906,24.82,HK.01818
HK.01818,ZHAOJIN MINING,2026-08-27 00:00:00,23.58,23.12,24.26,23.0,20.46,0.01092,31458141.0,737396810.0,-1.3651877133105812,23.44,HK.01818
HK.01818,ZHAOJIN MINING,2026-08-28 00:00:00,23.12,23.94,24.1,22.76,21.185,0.00592,17052803.0,402289941.0,3.546712802768167,23.12,HK.01818
HK.01818,ZHAOJIN MINING,2026-08-31 00:00:00,22.66,23.16,23.4,21.8,20.495,0.01248,35964651.0,814563379.0,-3.258145363408526,23.94,HK.01818
HK.01818,ZHAOJIN MINING,2026-09-01 00:00:00,23.16,22.14,23.16,21.94,19.592,0.00741,21342796.0,477224123.0,-4.404145077720205,23.16,HK.01818
HK.01818,ZHAOJIN MINING,2026-09-02 00:00:00,21.5,21.96,22.16,20.74,19.433,0.01279,36853483.0,786958938.0,-0.8130081300812995,22.14,HK.01818
HK.01818,ZHAOJIN MINING,2026-09-03 00:00:00,22.2,22.36,22.7,21.9,19.787,0.0075,21617266.0,481523202.0,1.8214936247723068,21.96,HK.01818
HK.01818,ZHAOJIN MINING,2026-09-04 00:00:00,22.86,22.12,23.0,21.94,19.575,0.00494,14249116.0,317384808.0,-1.073345259391764,22.36,HK.01818
HK.01818,ZHAOJIN MINING,2026-09-07 00:00:00,21.64,21.88,22.16,21.56,19.362,0.00227,6540144.0,143191570.0,-1.084990958408689,22.12,HK.01818
HK.01818,ZHAOJIN MINING,2026-09-08 00:00:00,21.96,22.12,22.58,21.86,19.575,0.00394,11363159.0,252742266.0,1.0968921389396802,21.88,HK.01818
HK.01818,ZHAOJIN MINING,2026-09-09 00:00:00,21.92,22.04,22.12,21.56,19.504,0.00546,15739598.0,344171968.0,-0.36166365280290164,22.12,HK.01818
HK.01818,ZHAOJIN MINING,2026-09-10 00:00:00,21.7,21.5,21.92,21.3,19.026,0.00495,14272839.0,306947009.0,-2.4500907441016295,22.04,HK.01818
HK.01818,ZHAOJIN MINING,2026-09-11 00:00:00,20.94,21.3,21.46,20.42,18.849,0.00561,16178185.0,337824597.0,-0.9302325581395315,21.5,HK.01818
HK.01818,ZHAOJIN MINING,2026-09-14 00:00:00,21.3,21.24,21.64,20.9,18.796,0.00342,9848498.0,209998050.0,-0.2816901408450811,21.3,HK.01818
HK.01818,ZHAOJIN MINING,2026-09-15 00:00:00,21.08,20.28,21.16,20.1,17.946,0.00525,15138377.0,310020701.0,-4.519774011299423,21.24,HK.01818
HK.01818,ZHAOJIN MINING,2026-09-16 00:00:00,20.2,21.24,21.3,20.06,18.796,0.00587,16909000.0,352320041.0,4.7337278106508744,20.28,HK.01818
HK.01818,ZHAOJIN MINING,2026-09-17 00:00:00,20.82,20.46,21.02,19.54,18.106,0.01067,30738904.0,616589354.0,-3.67231638418078,21.24,HK.01818
HK.01818,ZHAOJIN MINING,2026-09-18 00:00:00,20.8,20.16,21.06,19.58,17.84,0.00966,27833222.0,558426558.0,-1.4662756598240503,20.46,HK.01818
HK.01919,COSCO SHIP HOLD,2026-08-03 00:00:00,15.74,15.45,15.74,15.41,6.903,0.00503,13644100.0,211855809.0,-2.0291693088142058,15.77,HK.01919
HK.01919,COSCO SHIP HOLD,2026-08-04 00:00:00,15.45,15.23,15.64,15.11,6.805,0.00655,17760457.0,270615621.0,-1.4239482200647176,15.45,HK.01919
HK.01919,COSCO SHIP HOLD,2026-08-05 00:00:00,15.2,15.19,15.28,15.06,6.787,0.00581,15747202.0,238516582.0,-0.262639527248857,15.23,HK.01919
HK.01919,COSCO SHIP HOLD,2026-08-06 00:00:00,15.05,15.13,15.24,14.96,6.76,0.00439,11891884.0,179340952.0,-0.3949967083607553,15.19,HK.01919
HK.01919,COSCO SHIP HOLD,2026-08-07 00:00:00,15.1,15.42,15.44,15.1,6.89,0.00373,10116711.0,155243799.0,1.9167217448777207,15.13,HK.01919
HK.01919,COSCO SHIP HOLD,2026-08-10 00:00:00,15.44,15.52,15.65,15.37,6.934,0.0045,12192953.0,189187263.0,0.6485084306095956,15.42,HK.01919
HK.01919,COSCO SHIP HOLD,2026-08-11 00:00:00,15.53,15.43,15.75,15.32,6.894,0.00377,10229190.0,158488748.0,-0.5798969072164939,15.52,HK.01919
HK.01919,COSCO SHIP HOLD,2026-08-12 00:00:00,15.32,15.28,15.43,15.14,6.827,0.00512,13883063.0,211843381.0,-0.9721322099805597,15.43,HK.01919
HK.01919,COSCO SHIP HOLD,2026-08-13 00:00:00,15.38,15.23,15.38,15.15,6.805,0.00557,15113206.0,230131338.0,-0.3272251308900454,15.28,HK.01919
HK.01919,COSCO SHIP HOLD,2026-08-14 00:00:00,15.28,15.49,15.6,15.23,6.921,0.00487,13201804.0,204239495.0,1.7071569271175295,15.23,HK.01919
HK.01919,COSCO SHIP HOLD,2026-08-17 00:00:00,15.5,16.44,16.45,15.5,7.345,0.015,40675035.0,660035301.0,6.13298902517754,15.49,HK.01919
HK.01919,COSCO SHIP HOLD,2026-08-18 00:00:00,16.43,16.7,16.76,16.36,7.462,0.01043,28282919.0,470922664.0,1.5815085158150728,16.44,HK.01919
HK.01919,COSCO SHIP HOLD,2026-08-19 00:00:00,16.67,17.0,17.0,16.62,7.596,0.00989,26829418.0,452995679.0,1.796407185628747,16.7,HK.01919
HK.01919,COSCO SHIP HOLD,2026-08-20 00:00:00,17.0,17.03,17.27,16.8,7.609,0.0087,23593023.0,401529996.0,0.1764705882353008,17.0,HK.01919
HK.01919,COSCO SHIP HOLD,2026-08-21 00:00:00,17.03,17.95,17.95,17.03,8.02,0.01917,51978658.0,918102974.0,5.4022313564298186,17.03,HK.01919
HK.01919,COSCO SHIP HOLD,2026-08-24 00:00:00,17.8,17.94,18.04,17.57,8.016,0.01036,28084776.0,500175633.0,-0.05571030640667416,17.95,HK.01919
HK.01919,COSCO SHIP HOLD,2026-08-25 00:00:00,17.65,17.49,17.9,17.32,7.815,0.00929,25185275.0,440642769.0,-2.5083612040133936,17.94,HK.01919
HK.01919,COSCO SHIP HOLD,2026-08-26 00:00:00,17.14,17.55,17.59,17.03,7.841,0.00987,26761290.0,466478669.0,0.3430531732418655,17.49,HK.01919
HK.01919,COSCO SHIP HOLD,2026-08-27 00:00:00,17.6,17.59,17.78,17.48,7.859,0.00566,15343511.0,270305252.0,0.22792022792022304,17.55,HK.01919
HK.01919,COSCO SHIP HOLD,2026-08-28 00:00:00,17.3,17.2,17.42,17.01,7.685,0.0137,37143724.0,637911559.0,-2.2171688459351935,17.59,HK.01919
HK.01919,COSCO SHIP HOLD,2026-08-31 00:00:00,17.1,17.22,17.4,16.97,7.694,0.01459,39560487.0,679335453.0,0.11627906976743939,17.2,HK.01919
HK.01919,COSCO SHIP HOLD,2026-09-01 00:00:00,17.29,17.3,17.55,17.14,7.73,0.00818,22174626.0,385788624.0,0.4645760743321826,17.22,HK.01919
HK.01919,COSCO SHIP HOLD,2026-09-02 00:00:00,17.25,16.79,17.25,16.61,7.502,0.00879,23834860.0,400629768.0,-2.947976878612726,17.3,HK.01919
HK.01919,COSCO SHIP HOLD,2026-09-03 00:00:00,16.87,17.03,17.21,16.84,7.609,0.0063,17094319.0,290626482.0,1.4294222751638,16.79,HK.01919
HK.01919,COSCO SHIP HOLD,2026-09-04 00:00:00,16.89,16.22,17.02,16.01,7.247,0.01233,33421075.0,543860917.0,-4.756312389900189,17.03,HK.01919
HK.01919,COSCO SHIP HOLD,2026-09-07 00:00:00,16.43,16.27,16.51,16.21,7.269,0.00518,14059090.0,229577083.0,0.30826140567201427,16.22,HK.01919
HK.01919,COSCO SHIP HOLD,2026-09-08 00:00:00,16.27,16.55,16.63,16.0,7.394,0.00631,17104669.0,280006074.0,1.7209588199139592,16.27,HK.01919
HK.01919,COSCO SHIP HOLD,2026-09-09 00:00:00,16.5,16.89,16.93,16.38,7.546,0.00747,20259958.0,339505212.0,2.0543806646525673,16.55,HK.01919
HK.01919,COSCO SHIP HOLD,2026-09-10 00:00:00,17.0,16.62,17.0,16.47,7.426,0.0054,14653732.0,243119291.0,-1.598579040852573,16.89,HK.01919
HK.01919,COSCO SHIP HOLD,2026-09-11 00:00:00,16.58,16.44,16.68,16.33,7.345,0.00826,22391630.0,368887803.0,-1.0830324909747275,16.62,HK.01919
HK.01919,COSCO SHIP HOLD,2026-09-14 00:00:00,16.7,16.43,16.84,16.31,7.341,0.00919,24924004.0,410188425.0,-0.06082725060828201,16.44,HK.01919
HK.01919,COSCO SHIP HOLD,2026-09-15 00:00:00,16.43,16.31,16.58,16.09,7.287,0.00467,12653666.0,205321058.0,-0.7303712720633049,16.43,HK.01919
HK.01919,COSCO SHIP HOLD,2026-09-16 00:00:00,16.57,16.68,16.92,16.51,7.453,0.00468,12688680.0,211503729.0,2.268546903740043,16.31,HK.01919
HK.01919,COSCO SHIP HOLD,2026-09-17 00:00:00,16.9,16.79,16.9,16.22,7.502,0.00503,13644132.0,226737023.0,0.6594724220623467,16.68,HK.01919
HK.01919,COSCO SHIP HOLD,2026-09-18 00:00:00,16.82,16.58,16.86,16.58,7.408,0.00461,12501050.0,208098875.0,-1.2507444907683196,16.79,HK.01919
HK.01928,SANDS CHINA LTD,2026-08-03 00:00:00,14.22,13.99,14.22,13.83,16.809,0.00163,13159199.0,190197614.0,-1.6174402250351647,14.22,HK.01928
HK.01928,SANDS CHINA LTD,2026-08-04 00:00:00,14.02,13.72,14.08,13.56,16.496,0.00212,17156845.0,243557280.0,-1.9299499642601827,13.99,HK.01928
HK.01928,SANDS CHINA LTD,2026-08-05 00:00:00,13.7,13.92,13.93,13.56,16.728,0.00162,13074622.0,186771294.0,1.4577259475218607,13.72,HK.01928
HK.01928,SANDS CHINA LTD,2026-08-06 00:00:00,13.77,13.98,14.07,13.74,16.798,0.00152,12296070.0,178019061.0,0.4310344827586242,13.92,HK.01928
HK.01928,SANDS CHINA LTD,2026-08-07 00:00:00,13.98,13.7,13.98,13.66,16.473,0.00189,15277013.0,217426846.0,-2.0028612303290494,13.98,HK.01928
HK.01928,SANDS CHINA LTD,2026-08-10 00:00:00,13.8,13.81,13.85,13.63,16.6,0.00068,5541843.0,79231676.0,0.802919708029206,13.7,HK.01928
HK.01928,SANDS CHINA LTD,2026-08-11 00:00:00,13.83,13.9,13.99,13.72,16.705,0.00104,8411067.0,121047125.0,0.6517016654598107,13.81,HK.01928
HK.01928,SANDS CHINA LTD,2026-08-12 00:00:00,13.76,14.07,14.14,13.68,16.902,0.00153,12399050.0,179440427.0,1.2230215827338125,13.9,HK.01928
HK.01928,SANDS CHINA LTD,2026-08-13 00:00:00,13.9,13.84,14.16,13.8,16.635,0.00165,13382770.0,192871890.0,-1.634683724235966,14.07,HK.01928
HK.01928,SANDS CHINA LTD,2026-08-14 00:00:00,13.94,13.66,13.94,13.62,16.426,0.00086,6990479.0,99286200.0,-1.3005780346820788,13.84,HK.01928
HK.01928,SANDS CHINA LTD,2026-08-17 00:00:00,13.9,14.01,14.49,13.79,16.832,0.00181,14637545.0,214199624.0,2.5622254758418714,13.66,HK.01928
HK.01928,SANDS CHINA LTD,2026-08-18 00:00:00,13.98,13.87,13.98,13.8,16.67,0.00151,12222076.0,175604086.0,-0.9992862241256286,14.01,HK.01928
HK.01928,SANDS CHINA LTD,2026-08-19 00:00:00,13.88,13.95,14.09,13.73,16.763,0.00112,9046620.0,130668081.0,0.5767844268204764,13.87,HK.01928
HK.01928,SANDS CHINA LTD,2026-08-20 00:00:00,14.23,13.98,14.23,13.86,16.798,0.00094,7587024.0,110052293.0,0.21505376344086838,13.95,HK.01928
HK.01928,SANDS CHINA LTD,2026-08-21 00:00:00,13.98,14.15,14.35,13.96,16.995,0.00115,9299734.0,135851658.0,1.2160228898426317,13.98,HK.01928
HK.01928,SANDS CHINA LTD,2026-08-24 00:00:00,14.15,14.13,14.24,13.97,16.972,0.00129,10413197.0,152009934.0,-0.14134275618374256,14.15,HK.01928
HK.01928,SANDS CHINA LTD,2026-08-25 00:00:00,14.26,13.98,14.26,13.72,16.798,0.00126,10177678.0,146651459.0,-1.0615711252653952,14.13,HK.01928
HK.01928,SANDS CHINA LTD,2026-08-26 00:00:00,14.12,13.91,14.14,13.91,16.716,0.00167,13542969.0,196396503.0,-0.5007153075822623,13.98,HK.01928
HK.01928,SANDS CHINA LTD,2026-08-27 00:00:00,14.13,13.62,14.13,13.55,16.38,0.00211,17058006.0,241424831.0,-2.0848310567936803,13.91,HK.01928
HK.01928,SANDS CHINA LTD,2026-08-28 00:00:00,13.52,13.5,13.59,13.27,16.241,0.00188,15255792.0,213191066.0,-0.8810572687224614,13.62,HK.01928
HK.01928,SANDS CHINA LTD,2026-08-31 00:00:00,13.5,13.55,13.59,13.27,16.299,0.00207,16719315.0,233745419.0,0.3703703703703756,13.5,HK.01928
HK.01928,SANDS CHINA LTD,2026-09-01 00:00:00,13.55,13.28,13.65,13.25,15.986,0.00173,13965275.0,193060553.0,-1.9926199261992719,13.55,HK.01928
HK.01928,SANDS CHINA LTD,2026-09-02 00:00:00,13.28,13.46,13.53,13.02,16.194,0.00284,23025071.0,317354469.0,1.3554216867469993,13.28,HK.01928
HK.01928,SANDS CHINA LTD,2026-09-03 00:00:00,13.6,13.6,13.76,13.54,16.357,0.0017,13733999.0,194022476.0,1.0401188707280742,13.46,HK.01928
HK.01928,SANDS CHINA LTD,2026-09-04 00:00:00,13.68,13.63,13.8,13.62,16.392,0.00213,17267951.0,244704223.0,0.22058823529412602,13.6,HK.01928
HK.01928,SANDS CHINA LTD,2026-09-07 00:00:00,13.8,13.68,13.8,13.57,16.45,0.00084,6823634.0,96739123.0,0.3668378576669034,13.63,HK.01928
HK.01928,SANDS CHINA LTD,2026-09-08 00:00:00,13.51,13.53,13.69,13.45,16.276,0.0013,10499202.0,147694324.0,-1.096491228070178,13.68,HK.01928
HK.01928,SANDS CHINA LTD,2026-09-09 00:00:00,13.36,13.29,13.5,13.15,15.997,0.00254,20548068.0,283150436.0,-1.7738359201773852,13.53,HK.01928
HK.01928,SANDS CHINA LTD,2026-09-10 00:00:00,13.14,12.88,13.16,12.88,15.522,0.00288,23309572.0,313574281.0,-3.0850263355906575,13.29,HK.01928
HK.01928,SANDS CHINA LTD,2026-09-11 00:00:00,12.82,12.86,12.97,12.77,15.498,0.00172,13889629.0,185705639.0,-0.1552795031056005,12.88,HK.01928
HK.01928,SANDS CHINA LTD,2026-09-14 00:00:00,12.88,12.5,12.88,12.35,15.081,0.00419,33883939.0,442367500.0,-2.799377916018658,12.86,HK.01928
HK.01928,SANDS CHINA LTD,2026-09-15 00:00:00,12.57,12.3,12.57,12.27,14.849,0.00271,21961016.0,282472737.0,-1.5999999999999945,12.5,HK.01928
HK.01928,SANDS CHINA LTD,2026-09-16 00:00:00,12.37,12.08,12.37,12.03,14.013,0.00323,26162149.0,317225438.0,-1.7886178861788666,12.3,HK.01928
HK.01928,SANDS CHINA LTD,2026-09-17 00:00:00,12.0,12.2,12.22,11.88,14.153,0.00311,25199276.0,304519723.0,0.993377483443702,12.08,HK.01928
HK.01928,SANDS CHINA LTD,2026-09-18 00:00:00,12.2,12.24,12.36,12.18,14.199,0.00386,31209186.0,382801254.0,0.327868852459024,12.2,HK.01928
HK.02018,AAC TECH,2026-08-03 00:00:00,38.54,40.28,40.6,37.58,16.741,0.00556,6427849.0,256956497.0,4.514789828749357,38.54,HK.02018
HK.02018,AAC TECH,2026-08-04 00:00:00,40.28,41.06,41.3,40.1,17.065,0.00398,4604989.0,188180101.0,1.936444885799407,40.28,HK.02018
HK.02018,AAC TECH,2026-08-05 00:00:00,41.06,41.94,41.94,40.9,17.431,0.0031,3584404.0,149150111.0,2.143205065757417,41.06,HK.02018
HK.02018,AAC TECH,2026-08-06 00:00:00,41.22,41.04,42.24,40.6,17.057,0.00297,3436995.0,141692955.0,-2.1459227467811126,41.94,HK.02018
HK.02018,AAC TECH,2026-08-07 00:00:00,40.8,41.38,42.06,40.46,17.198,0.00362,4179328.0,171868298.0,0.828460038986363,41.04,HK.02018
HK.02018,AAC TECH,2026-08-10 00:00:00,41.4,41.88,42.2,40.92,17.406,0.00246,2847465.0,118291771.0,1.208313194780087,41.38,HK.02018
HK.02018,AAC TECH,2026-08-11 00:00:00,41.88,42.72,43.04,41.54,17.755,0.00578,6685386.0,285138518.0,2.005730659025779,41.88,HK.02018
HK.02018,AAC TECH,2026-08-12 00:00:00,42.26,42.68,42.94,41.38,17.738,0.00356,4110382.0,173878160.0,-0.09363295880149614,42.72,HK.02018
HK.02018,AAC TECH,2026-08-13 00:00:00,42.68,41.82,43.5,41.58,17.381,0.00461,5325304.0,225634343.0,-2.0149953139643846,42.68,HK.02018
HK.02018,AAC TECH,2026-08-14 00:00:00,42.76,42.9,43.5,41.42,17.83,0.005,5784472.0,246650009.0,2.582496413199422,41.82,HK.02018
HK.02018,AAC TECH,2026-08-17 00:00:00,42.76,43.36,43.6,42.36,18.021,0.00322,3721035.0,160715820.0,1.0722610722610741,42.9,HK.02018
HK.02018,AAC TECH,2026-08-18 00:00:00,43.36,43.04,44.92,42.26,17.888,0.00403,4652336.0,200852058.0,-0.7380073800738014,43.36,HK.02018
HK.02018,AAC TECH,2026-08-19 00:00:00,43.0,41.66,43.0,41.1,17.315,0.00318,3678319.0,152624040.0,-3.2063197026022365,43.04,HK.02018
HK.02018,AAC TECH,2026-08-20 00:00:00,41.66,39.12,42.46,38.34,16.259,0.00756,8738065.0,346424865.0,-6.096975516082572,41.66,HK.02018
HK.02018,AAC TECH,2026-08-21 00:00:00,39.12,40.1,40.52,38.44,16.659,0.00554,6402954.0,255064608.0,2.505112474437638,39.12,HK.02018
HK.02018,AAC TECH,2026-08-24 00:00:00,40.86,39.38,41.02,38.46,16.353,0.00783,9042074.0,355530557.0,-1.7955112219451341,40.1,HK.02018
HK.02018,AAC TECH,2026-08-25 00:00:00,39.38,39.84,40.18,37.76,16.544,0.00915,10566319.0,416337121.0,1.1681056373793823,39.38,HK.02018
HK.02018,AAC TECH,2026-08-26 00:00:00,40.4,40.16,40.68,39.6,16.67,0.00327,3780536.0,152095923.0,0.8032128514056053,39.84,HK.02018
HK.02018,AAC TECH,2026-08-27 00:00:00,41.04,41.16,41.68,40.18,17.085,0.00711,8207473.0,336794615.0,2.49003984063745,40.16,HK.02018
HK.02018,AAC TECH,2026-08-28 00:00:00,40.94,41.0,41.66,40.72,17.019,0.00327,3776461.0,154796826.0,-0.388726919339156,41.16,HK.02018
HK.02018,AAC TECH,2026-08-31 00:00:00,41.0,44.5,44.8,40.58,18.472,0.01363,15736259.0,689489103.0,8.536585365853659,41.0,HK.02018
HK.02018,AAC TECH,2026-09-01 00:00:00,44.48,44.04,45.18,43.76,18.281,0.00505,5835660.0,257917640.0,-1.0337078651685412,44.5,HK.02018
HK.02018,AAC TECH,2026-09-02 00:00:00,44.04,43.26,44.04,42.7,17.957,0.00334,3862117.0,166605930.0,-1.7711171662125367,44.04,HK.02018
HK.02018,AAC TECH,2026-09-03 00:00:00,42.82,42.32,43.26,42.0,17.567,0.00269,3109461.0,131726426.0,-2.1729079981507113,43.26,HK.02018
HK.02018,AAC TECH,2026-09-04 00:00:00,42.9,42.96,45.0,42.02,17.833,0.00545,6294257.0,272314467.0,1.5122873345935741,42.32,HK.02018
HK.02018,AAC TECH,2026-09-07 00:00:00,43.0,43.5,43.68,42.56,18.057,0.00271,3130893.0,135454639.0,1.2569832402234618,42.96,HK.02018
HK.02018,AAC TECH,2026-09-08 00:00:00,43.5,40.9,43.78,40.58,16.977,0.00596,6883311.0,284164499.0,-5.977011494252877,43.5,HK.02018
HK.02018,AAC TECH,2026-09-09 00:00:00,41.0,42.48,43.12,40.58,17.633,0.00433,4998092.0,212316773.0,3.8630806845965733,40.9,HK.02018
HK.02018,AAC TECH,2026-09-10 00:00:00,42.4,41.5,42.4,41.2,17.227,0.00232,2673515.0,111071549.0,-2.3069679849340794,42.48,HK.02018
HK.02018,AAC TECH,2026-09-11 00:00:00,41.3,42.0,42.66,40.6,17.434,0.00378,4369680.0,182945784.0,1.2048192771084338,41.5,HK.02018
HK.02018,AAC TECH,2026-09-14 00:00:00,41.8,41.24,42.0,40.7,17.119,0.00232,2680209.0,110568214.0,-1.8095238095238046,42.0,HK.02018
HK.02018,AAC TECH,2026-09-15 00:00:00,41.04,40.48,41.54,40.16,16.803,0.00264,3045493.0,123412366.0,-1.84287099903008,41.24,HK.02018
HK.02018,AAC TECH,2026-09-16 00:00:00,40.48,40.64,40.88,39.88,16.87,0.00222,2560804.0,103507511.0,0.3952569169960566,40.48,HK.02018
HK.02018,AAC TECH,2026-09-17 00:00:00,40.1,40.4,40.62,39.76,16.763,0.00253,2915660.0,116963768.0,-0.590551181102367,40.64,HK.02018
HK.02018,AAC TECH,2026-09-18 00:00:00,40.04,40.62,40.84,39.8,16.854,0.00401,4633436.0,186928080.0,0.5445544554455417,40.4,HK.02018
HK.02259,ZIJIN GOLD INTL,2026-08-03 00:00:00,116.7,115.5,116.7,111.2,25.123,0.00167,4456760.0,516167592.0,-1.028277634961442,116.7,HK.02259
HK.02259,ZIJIN GOLD INTL,2026-08-04 00:00:00,115.5,115.6,117.1,113.5,25.144,0.00118,3145525.0,366938405.0,0.08658008658008166,115.5,HK.02259
HK.02259,ZIJIN GOLD INTL,2026-08-05 00:00:00,117.1,127.5,129.8,116.7,27.7,0.00477,12753469.0,1610988084.0,10.294117647058828,115.6,HK.02259
HK.02259,ZIJIN GOLD INTL,2026-08-06 00:00:00,137.5,129.9,137.5,127.8,28.215,0.00633,16932332.0,2262518659.0,1.882352941176475,127.5,HK.02259
HK.02259,ZIJIN GOLD INTL,2026-08-07 00:00:00,129.9,135.6,138.5,126.699999999,29.439,0.00455,12186561.0,1656523607.0,4.387990762124702,129.9,HK.02259
HK.02259,ZIJIN GOLD INTL,2026-08-10 00:00:00,136.9,142.5,144.7,135.199999999,30.921,0.00762,20390074.0,2920216784.0,5.088495575221243,135.6,HK.02259
HK.02259,ZIJIN GOLD INTL,2026-08-11 00:00:00,147.0,132.3,147.5,131.6,28.73,0.00551,14758894.0,2065806907.0,-7.157894736842098,142.5,HK.02259
HK.02259,ZIJIN GOLD INTL,2026-08-12 00:00:00,135.9,134.1,136.3,132.199999999,29.117,0.00217,5818110.0,788009286.0,1.3605442176870617,132.3,HK.02259
HK.02259,ZIJIN GOLD INTL,2026-08-13 00:00:00,135.6,126.699999999,136.2,125.0,27.528,0.00354,9481323.0,1231212984.0,-5.518269948545858,134.1,HK.02259
HK.02259,ZIJIN GOLD INTL,2026-08-14 00:00:00,123.7,126.0,128.8,122.4,27.378,0.003,8024824.0,1023085581.0,-0.5524861870603979,126.699999999,HK.02259
HK.02259,ZIJIN GOLD INTL,2026-08-17 00:00:00,130.699999999,133.6,134.5,128.9,29.01,0.0028,7495518.0,1001537898.0,6.031746031746027,126.0,HK.02259
HK.02259,ZIJIN GOLD INTL,2026-08-18 00:00:00,140.3,136.3,140.3,132.9,29.589,0.00356,9540890.0,1310443709.0,2.020958083832348,133.6,HK.02259
HK.02259,ZIJIN GOLD INTL,2026-08-19 00:00:00,132.5,131.8,136.0,128.8,28.623,0.00239,6404369.0,854162033.0,-3.301540719002201,136.3,HK.02259
HK.02259,ZIJIN GOLD INTL,2026-08-20 00:00:00,143.5,146.8,153.9,142.6,31.844,0.00768,20554036.0,3098107219.0,11.380880121396054,131.8,HK.02259
HK.02259,ZIJIN GOLD INTL,2026-08-21 00:00:00,152.7,158.8,160.6,150.5,34.421,0.005,13389384.0,2107913162.0,8.174386920980927,146.8,HK.02259
HK.02259,ZIJIN GOLD INTL,2026-08-24 00:00:00,163.5,157.9,164.3,155.3,34.228,0.00516,13802174.0,2222870209.0,-0.5667506297229254,158.8,HK.02259
HK.02259,ZIJIN GOLD INTL,2026-08-25 00:00:00,160.7,158.0,165.3,152.7,34.249,0.00407,10900489.0,1726960253.0,0.06333122229258664,157.9,HK.02259
HK.02259,ZIJIN GOLD INTL,2026-08-26 00:00:00,157.5,157.1,163.5,154.8,34.056,0.00242,6485020.0,1039432354.0,-0.5696202531645606,158.0,HK.02259
HK.02259,ZIJIN GOLD INTL,2026-08-27 00:00:00,157.9,155.9,161.8,155.1,33.476,0.00173,4634844.0,730630330.0,-0.7638446849140602,157.1,HK.02259
HK.02259,ZIJIN GOLD INTL,2026-08-28 00:00:00,155.9,161.2,163.2,153.9,34.614,0.00234,6249469.0,1001128976.0,3.3996151379089046,155.9,HK.02259
HK.02259,ZIJIN GOLD INTL,2026-08-31 00:00:00,147.8,152.0,153.4,144.2,32.639,0.00502,13425022.0,2016788137.0,-5.707196029776669,161.2,HK.02259
HK.02259,ZIJIN GOLD INTL,2026-09-01 00:00:00,152.1,151.3,159.2,150.8,32.488,0.00165,4411335.0,678188132.0,-0.4605263157894662,152.0,HK.02259
HK.02259,ZIJIN GOLD INTL,2026-09-02 00:00:00,145.0,149.6,150.0,141.3,32.123,0.00325,8693899.0,1267594716.0,-1.1235955056179887,151.3,HK.02259
HK.02259,ZIJIN GOLD INTL,2026-09-03 00:00:00,155.0,160.2,162.7,153.2,34.399,0.00346,9261148.0,1480499287.0,7.0855614973262,149.6,HK.02259
HK.02259,ZIJIN GOLD INTL,2026-09-04 00:00:00,166.8,162.9,167.7,161.5,34.979,0.00265,7079727.0,1162410319.0,1.685393258426977,160.2,HK.02259
HK.02259,ZIJIN GOLD INTL,2026-09-07 00:00:00,159.8,159.7,165.0,156.5,34.292,0.00181,4853233.0,782472134.0,-1.9643953345610907,162.9,HK.02259
HK.02259,ZIJIN GOLD INTL,2026-09-08 00:00:00,160.0,160.0,166.2,159.8,34.356,0.00174,4659379.0,760496417.0,0.18785222291797832,159.7,HK.02259
HK.02259,ZIJIN GOLD INTL,2026-09-09 00:00:00,160.8,163.2,166.5,158.1,35.044,0.00235,6285608.0,1025862148.0,1.9999999999999927,160.0,HK.02259
HK.02259,ZIJIN GOLD INTL,2026-09-10 00:00:00,163.2,164.3,165.8,162.3,35.28,0.00155,4136338.0,679528477.0,0.6740196078431513,163.2,HK.02259
HK.02259,ZIJIN GOLD INTL,2026-09-11 00:00:00,159.5,160.1,161.7,156.5,34.378,0.00204,5468412.0,869267090.0,-2.5562994522215563,164.3,HK.02259
HK.02259,ZIJIN GOLD INTL,2026-09-14 00:00:00,156.0,160.7,165.0,155.4,34.507,0.00186,4986024.0,805115651.0,0.3747657713928759,160.1,HK.02259
HK.02259,ZIJIN GOLD INTL,2026-09-15 00:00:00,160.7,155.8,160.7,152.9,33.455,0.00215,5760399.0,899850274.0,-3.049159925326682,160.7,HK.02259
HK.02259,ZIJIN GOLD INTL,2026-09-16 00:00:00,155.8,161.6,163.0,153.3,34.7,0.00219,5858902.0,938019143.0,3.7227214377406823,155.8,HK.02259
HK.02259,ZIJIN GOLD INTL,2026-09-17 00:00:00,161.6,155.0,161.6,150.5,33.283,0.00281,7526778.0,1159598615.0,-4.084158415841581,161.6,HK.02259
HK.02259,ZIJIN GOLD INTL,2026-09-18 00:00:00,158.6,159.1,160.9,155.0,34.163,0.0023,6151877.0,975725753.0,2.645161290322577,155.0,HK.02259
HK.02318,PING AN,2026-08-03 00:00:00,57.86653,57.31653,57.86653,56.91653,7.092,0.00315,23426906.0,1368066571.0,-0.3477261232553543,57.51653,HK.02318
HK.02318,PING AN,2026-08-04 00:00:00,57.61653,56.71653,57.76653,56.21653,7.019,0.00305,22745009.0,1314193808.0,-1.046818430913388,57.31653,HK.02318
HK.02318,PING AN,2026-08-05 00:00:00,56.86653,56.86653,57.06653,56.16653,7.037,0.00379,28219220.0,1631411585.0,0.2644731615280388,56.71653,HK.02318
HK.02318,PING AN,2026-08-06 00:00:00,56.66653,56.16653,56.66653,55.56653,6.953,0.00358,26643590.0,1522422335.0,-1.2309525480102192,56.86653,HK.02318
HK.02318,PING AN,2026-08-07 00:00:00,56.01653,56.01653,56.21653,55.56653,6.934,0.00261,19466760.0,1109798245.0,-0.2670629643668544,56.16653,HK.02318
HK.02318,PING AN,2026-08-10 00:00:00,56.01653,55.61653,56.31653,55.41653,6.886,0.00198,14758825.0,838264251.0,-0.7140749346666165,56.01653,HK.02318
HK.02318,PING AN,2026-08-11 00:00:00,55.86653,54.76653,55.91653,54.66653,6.783,0.00329,24466095.0,1372358072.0,-1.5283226048083085,55.61653,HK.02318
HK.02318,PING AN,2026-08-12 00:00:00,54.61653,54.41653,54.61653,53.91653,6.74,0.00492,36609206.0,2026913436.0,-0.6390764578292643,54.76653,HK.02318
HK.02318,PING AN,2026-08-13 00:00:00,54.21653,54.36653,54.61653,54.01653,6.734,0.00437,32549351.0,1804482765.0,-0.09188384485376827,54.41653,HK.02318
HK.02318,PING AN,2026-08-14 00:00:00,54.01653,53.46653,54.36653,53.41653,6.625,0.00528,39346266.0,2154310013.0,-1.6554302803581518,54.36653,HK.02318
HK.02318,PING AN,2026-08-17 00:00:00,53.36653,53.66653,54.26653,53.36653,6.649,0.0037,27524647.0,1513614329.0,0.37406579405845647,53.46653,HK.02318
HK.02318,PING AN,2026-08-18 00:00:00,53.36653,52.76653,53.51653,52.31653,6.54,0.0075,55829826.0,3003936174.0,-1.6770229042198155,53.66653,HK.02318
HK.02318,PING AN,2026-08-19 00:00:00,52.71653,53.16653,53.26653,52.36653,6.589,0.00465,34599738.0,1870758862.0,0.7580562906069407,52.76653,HK.02318
HK.02318,PING AN,2026-08-20 00:00:00,53.56653,52.96653,53.81653,52.61653,6.564,0.00453,33721396.0,1826209871.0,-0.37617651556346227,53.16653,HK.02318
HK.02318,PING AN,2026-08-21 00:00:00,53.96653,55.06653,55.16653,53.76653,6.819,0.0076,56598869.0,3159584180.0,3.9647679393005384,52.96653,HK.02318
HK.02318,PING AN,2026-08-24 00:00:00,55.41653,55.46653,56.06653,54.86653,6.868,0.00671,49991884.0,2833964595.0,0.7263940546099392,55.06653,HK.02318
HK.02318,PING AN,2026-08-25 00:00:00,55.91653,55.26653,56.01653,54.86653,6.843,0.00347,25817944.0,1456258289.0,-0.3605778115198404,55.46653,HK.02318
HK.02318,PING AN,2026-08-26 00:00:00,55.26653,56.51653,56.66653,55.11653,6.995,0.0053,39504067.0,2268228211.0,2.261766751051676,55.26653,HK.02318
HK.02318,PING AN,2026-08-27 00:00:00,56.36653,56.06653,56.76653,55.56653,6.94,0.0043,32016603.0,1828183178.0,-0.7962272276801191,56.51653,HK.02318
HK.02318,PING AN,2026-08-28 00:00:00,55.76653,55.76653,56.16653,55.31653,6.904,0.00326,24247818.0,1380838769.0,-0.5350785932355671,56.06653,HK.02318
HK.02318,PING AN,2026-08-31 00:00:00,55.26653,55.41653,55.56653,54.71653,6.862,0.01075,80049112.0,4513033160.0,-0.6276166008535969,55.76653,HK.02318
HK.02318,PING AN,2026-09-01 00:00:00,54.96653,55.61653,56.06653,54.76653,6.886,0.00678,50478810.0,2860773936.0,0.36090314568594556,55.41653,HK.02318
HK.02318,PING AN,2026-09-02 00:00:00,55.4,55.45,56.0,54.6,6.728,0.00522,38852591.0,2141189590.0,-0.2994253686808482,55.61653,HK.02318
HK.02318,PING AN,2026-09-03 00:00:00,55.85,56.95,57.7,55.75,6.91,0.00804,59878415.0,3414576217.0,2.7051397655545535,55.45,HK.02318
HK.02318,PING AN,2026-09-04 00:00:00,57.3,57.15,58.2,57.1,6.934,0.00584,43512900.0,2504771022.0,0.35118525021948327,56.95,HK.02318
HK.02318,PING AN,2026-09-07 00:00:00,57.25,56.25,57.6,55.95,6.825,0.00398,29665873.0,1670820365.0,-1.5748031496062969,57.15,HK.02318
HK.02318,PING AN,2026-09-08 00:00:00,55.75,55.25,56.2,55.25,6.704,0.00393,29263616.0,1626350054.0,-1.7777777777777777,56.25,HK.02318
HK.02318,PING AN,2026-09-09 00:00:00,55.25,55.45,55.55,54.65,6.728,0.00435,32396575.0,1790608673.0,0.3619909502262495,55.25,HK.02318
HK.02318,PING AN,2026-09-10 00:00:00,54.8,54.85,55.05,54.5,6.655,0.00514,38273658.0,2093892884.0,-1.082055906221824,55.45,HK.02318
HK.02318,PING AN,2026-09-11 00:00:00,54.15,54.0,54.25,53.25,6.552,0.00643,47856853.0,2576616799.0,-1.549680948040112,54.85,HK.02318
HK.02318,PING AN,2026-09-14 00:00:00,53.55,53.6,53.8,53.25,6.504,0.00489,36401115.0,1946810446.0,-0.740740740740738,54.0,HK.02318
HK.02318,PING AN,2026-09-15 00:00:00,53.9,53.05,53.9,52.85,6.437,0.00405,30160574.0,1601330117.0,-1.0261194029850826,53.6,HK.02318
HK.02318,PING AN,2026-09-16 00:00:00,53.3,52.8,53.45,52.7,6.406,0.00316,23551736.0,1244887103.0,-0.4712535344015081,53.05,HK.02318
HK.02318,PING AN,2026-09-17 00:00:00,52.55,52.85,53.0,52.2,6.413,0.00308,22920343.0,1207089495.0,0.09469696969697777,52.8,HK.02318
HK.02318,PING AN,2026-09-18 00:00:00,52.85,53.2,53.45,52.8,6.455,0.00679,50545785.0,2685219391.0,0.6622516556291418,52.85,HK.02318
HK.02331,LI NING,2026-08-03 00:00:00,14.5939,14.4839,14.7339,14.4039,11.845,0.00622,16072796.0,239213173.0,-1.7634411519340187,14.7439,HK.02331
HK.02331,LI NING,2026-08-04 00:00:00,14.6039,14.2239,14.6139,14.0739,11.638,0.01143,29541111.0,431547206.0,-1.7950966245279227,14.4839,HK.02331
HK.02331,LI NING,2026-08-05 00:00:00,14.2239,14.4339,14.4339,14.0439,11.805,0.00788,20362495.0,299742241.0,1.4763883323139158,14.2239,HK.02331
HK.02331,LI NING,2026-08-06 00:00:00,14.2039,14.3039,14.4739,14.1539,11.702,0.00647,16711681.0,244918017.0,-0.9006574799603642,14.4339,HK.02331
HK.02331,LI NING,2026-08-07 00:00:00,14.3039,14.1239,14.3039,14.0439,11.559,0.00558,14431577.0,209886910.0,-1.2583980592705466,14.3039,HK.02331
HK.02331,LI NING,2026-08-10 00:00:00,14.1939,14.4839,14.5739,14.1939,11.845,0.00552,14270964.0,212049650.0,2.5488710625252193,14.1239,HK.02331
HK.02331,LI NING,2026-08-11 00:00:00,14.4739,14.3439,14.6339,14.3239,11.734,0.0074,19139907.0,284287773.0,-0.9665904901304246,14.4839,HK.02331
HK.02331,LI NING,2026-08-12 00:00:00,14.2339,14.1839,14.2639,13.9839,11.607,0.00719,18578449.0,269699331.0,-1.1154567446789239,14.3439,HK.02331
HK.02331,LI NING,2026-08-13 00:00:00,14.0939,14.1139,14.2639,14.0139,11.551,0.00695,17956957.0,261327196.0,-0.4935172977812893,14.1839,HK.02331
HK.02331,LI NING,2026-08-14 00:00:00,14.0539,14.0239,14.1939,13.9739,11.479,0.00606,15674786.0,226737971.0,-0.6376692480462514,14.1139,HK.02331
HK.02331,LI NING,2026-08-17 00:00:00,14.0839,14.0439,14.3839,14.0039,11.495,0.00555,14343079.0,208441778.0,0.1426136809304213,14.0239,HK.02331
HK.02331,LI NING,2026-08-18 00:00:00,14.0439,13.8439,14.0439,13.5239,11.336,0.01008,26047496.0,369325277.0,-1.4241058395460024,14.0439,HK.02331
HK.02331,LI NING,2026-08-19 00:00:00,13.7139,13.8039,14.0639,13.6739,11.304,0.00869,22454860.0,320558353.0,-0.2889359212360617,13.8439,HK.02331
HK.02331,LI NING,2026-08-20 00:00:00,13.9839,14.0539,14.1539,13.8839,11.503,0.00921,23811214.0,344178620.0,1.8110823752707568,13.8039,HK.02331
HK.02331,LI NING,2026-08-21 00:00:00,14.3139,13.8439,14.3139,13.6639,11.336,0.02048,52930699.0,758639311.0,-1.4942471484783644,14.0539,HK.02331
HK.02331,LI NING,2026-08-24 00:00:00,13.7439,13.2539,13.7439,13.0739,10.867,0.01516,39183667.0,534553757.0,-4.261804838232,13.8439,HK.02331
HK.02331,LI NING,2026-08-25 00:00:00,13.3039,13.1639,13.4539,12.8439,10.795,0.01275,32965054.0,443813788.0,-0.6790454130482338,13.2539,HK.02331
HK.02331,LI NING,2026-08-26 00:00:00,13.2839,13.1639,13.2839,12.9539,10.795,0.01449,37456420.0,507004658.0,0.0,13.1639,HK.02331
HK.02331,LI NING,2026-08-27 00:00:00,13.1239,13.2739,13.2939,12.9339,10.883,0.02393,61846679.0,837088724.0,0.8356186236601572,13.1639,HK.02331
HK.02331,LI NING,2026-08-28 00:00:00,13.3239,13.2439,13.6939,13.1239,10.859,0.01288,33304075.0,454876029.0,-0.2260074281107991,13.2739,HK.02331
HK.02331,LI NING,2026-08-31 00:00:00,13.2439,13.2239,13.2839,12.9539,10.843,0.01239,32017651.0,434130511.0,-0.15101291915523052,13.2439,HK.02331
HK.02331,LI NING,2026-09-01 00:00:00,13.1939,12.9839,13.2039,12.9439,10.652,0.01606,41514712.0,556727362.0,-1.814895756924963,13.2239,HK.02331
HK.02331,LI NING,2026-09-02 00:00:00,12.8739,12.8339,13.0539,12.6539,10.533,0.02209,57097258.0,754582869.0,-1.1552769198776973,12.9839,HK.02331
HK.02331,LI NING,2026-09-03 00:00:00,13.04,13.24,13.39,13.04,10.533,0.01373,35482466.0,468819196.0,3.1642758631437085,12.8339,HK.02331
HK.02331,LI NING,2026-09-04 00:00:00,13.18,13.53,13.6,13.13,10.763,0.01542,39850230.0,536110564.0,2.1903323262839813,13.24,HK.02331
HK.02331,LI NING,2026-09-07 00:00:00,13.63,13.75,13.8,13.46,10.938,0.0162,41864645.0,572144017.0,1.6260162601626063,13.53,HK.02331
HK.02331,LI NING,2026-09-08 00:00:00,13.87,14.23,14.27,13.66,11.32,0.01643,42476650.0,600053833.0,3.490909090909094,13.75,HK.02331
HK.02331,LI NING,2026-09-09 00:00:00,14.01,13.37,14.19,13.23,10.636,0.02364,61093368.0,820642432.0,-6.043569922698532,14.23,HK.02331
HK.02331,LI NING,2026-09-10 00:00:00,13.37,13.06,13.43,13.01,10.389,0.01642,42432912.0,557136424.0,-2.3186237845923614,13.37,HK.02331
HK.02331,LI NING,2026-09-11 00:00:00,13.04,13.01,13.13,12.73,10.35,0.01576,40726048.0,527884345.0,-0.38284839203675886,13.06,HK.02331
HK.02331,LI NING,2026-09-14 00:00:00,12.91,12.93,13.23,12.85,10.286,0.00704,18195652.0,236217965.0,-0.6149116064565724,13.01,HK.02331
HK.02331,LI NING,2026-09-15 00:00:00,12.95,12.8,13.07,12.72,10.182,0.00694,17938156.0,229775641.0,-1.0054137664346403,12.93,HK.02331
HK.02331,LI NING,2026-09-16 00:00:00,12.68,12.65,12.81,12.48,10.063,0.00909,23503270.0,297757509.0,-1.1718750000000027,12.8,HK.02331
HK.02331,LI NING,2026-09-17 00:00:00,12.52,12.58,12.64,12.44,10.007,0.00643,16624700.0,208397954.0,-0.5533596837944686,12.65,HK.02331
HK.02331,LI NING,2026-09-18 00:00:00,12.67,12.57,12.84,12.55,10.0,0.00517,13355135.0,168537738.0,-0.0794912559618425,12.58,HK.02331
HK.02338,WEICHAI POWER,2026-08-03 00:00:00,32.78,33.44,34.28,32.72,23.868,0.01009,19601087.0,659385913.0,1.517911353976928,32.94,HK.02338
HK.02338,WEICHAI POWER,2026-08-04 00:00:00,33.44,33.68,33.9,33.04,24.039,0.00815,15845120.0,530641952.0,0.7177033492823026,33.44,HK.02338
HK.02338,WEICHAI POWER,2026-08-05 00:00:00,34.2,35.32,35.96,32.66,25.21,0.00757,14706596.0,516783276.0,4.869358669833731,33.68,HK.02338
HK.02338,WEICHAI POWER,2026-08-06 00:00:00,34.72,34.34,35.24,34.08,24.511,0.00434,8429519.0,290278373.0,-2.774631936579832,35.32,HK.02338
HK.02338,WEICHAI POWER,2026-08-07 00:00:00,35.1,35.04,35.38,34.14,25.01,0.00608,11805477.0,411314682.0,2.0384391380314377,34.34,HK.02338
HK.02338,WEICHAI POWER,2026-08-10 00:00:00,35.1,36.38,37.02,34.74,25.967,0.00736,14303833.0,516478171.0,3.8242009132420187,35.04,HK.02338
HK.02338,WEICHAI POWER,2026-08-11 00:00:00,37.12,35.6,37.2,35.5,25.41,0.00344,6682646.0,241109645.0,-2.144035184167128,36.38,HK.02338
HK.02338,WEICHAI POWER,2026-08-12 00:00:00,35.6,36.4,36.66,35.1,25.981,0.00505,9810433.0,354976733.0,2.2471910112359472,35.6,HK.02338
HK.02338,WEICHAI POWER,2026-08-13 00:00:00,37.0,35.64,37.22,35.36,25.438,0.00616,11966074.0,433952229.0,-2.0879120879120827,36.4,HK.02338
HK.02338,WEICHAI POWER,2026-08-14 00:00:00,36.44,35.02,36.44,34.76,24.996,0.00602,11690029.0,411940795.0,-1.7396184062850657,35.64,HK.02338
HK.02338,WEICHAI POWER,2026-08-17 00:00:00,34.8,35.7,36.1,34.38,25.481,0.00793,15416373.0,548139069.0,1.9417475728155331,35.02,HK.02338
HK.02338,WEICHAI POWER,2026-08-18 00:00:00,35.1,35.3,36.44,34.98,25.196,0.00501,9733066.0,344572519.0,-1.1204481792717245,35.7,HK.02338
HK.02338,WEICHAI POWER,2026-08-19 00:00:00,35.1,32.2,35.1,31.78,22.983,0.01126,21883577.0,713800343.0,-8.781869688385253,35.3,HK.02338
HK.02338,WEICHAI POWER,2026-08-20 00:00:00,32.2,32.1,32.82,31.7,22.912,0.00801,15565281.0,499774257.0,-0.31055900621118454,32.2,HK.02338
HK.02338,WEICHAI POWER,2026-08-21 00:00:00,32.56,33.42,33.54,31.96,23.854,0.00657,12774032.0,422809474.0,4.112149532710281,32.1,HK.02338
HK.02338,WEICHAI POWER,2026-08-24 00:00:00,33.98,31.18,34.2,30.9,22.255,0.01333,25897700.0,815883756.0,-6.702573309395578,33.42,HK.02338
HK.02338,WEICHAI POWER,2026-08-25 00:00:00,31.18,31.5,31.76,30.9,22.483,0.0089,17301533.0,543203207.0,1.0262989095574095,31.18,HK.02338
HK.02338,WEICHAI POWER,2026-08-26 00:00:00,31.6,32.12,32.68,31.52,22.926,0.00663,12879653.0,415212884.0,1.96825396825396,31.5,HK.02338
HK.02338,WEICHAI POWER,2026-08-27 00:00:00,32.8,31.6,32.8,31.08,22.555,0.00869,16893512.0,533574173.0,-1.618929016189278,32.12,HK.02338
HK.02338,WEICHAI POWER,2026-08-28 00:00:00,31.3,32.76,32.98,30.72,23.383,0.01559,30295060.0,968560980.0,3.670886075949356,31.6,HK.02338
HK.02338,WEICHAI POWER,2026-08-31 00:00:00,32.18,31.84,32.56,31.4,22.726,0.008,15535843.0,495129016.0,-2.8083028083028028,32.76,HK.02338
HK.02338,WEICHAI POWER,2026-09-01 00:00:00,32.04,31.6,32.46,31.5,22.555,0.00626,12171103.0,388551491.0,-0.7537688442211007,31.84,HK.02338
HK.02338,WEICHAI POWER,2026-09-02 00:00:00,31.6,30.3,31.6,29.94,21.627,0.01322,25690843.0,778310385.0,-4.113924050632913,31.6,HK.02338
HK.02338,WEICHAI POWER,2026-09-03 00:00:00,30.78,31.26,31.96,30.58,22.312,0.01306,25384196.0,791907455.0,3.168316831683171,30.3,HK.02338
HK.02338,WEICHAI POWER,2026-09-04 00:00:00,31.82,32.14,32.58,31.52,22.94,0.02323,45140414.0,1445978566.0,2.8150991682661513,31.26,HK.02338
HK.02338,WEICHAI POWER,2026-09-07 00:00:00,32.0,32.96,33.26,31.76,23.526,0.01294,25140812.0,816280029.0,2.55133789670193,32.14,HK.02338
HK.02338,WEICHAI POWER,2026-09-08 00:00:00,33.02,31.96,33.18,31.76,22.812,0.00793,15414679.0,496011782.0,-3.033980582524272,32.96,HK.02338
HK.02338,WEICHAI POWER,2026-09-09 00:00:00,32.6,34.02,34.32,32.58,24.282,0.01078,20937542.0,707935277.0,6.445556946182736,31.96,HK.02338
HK.02338,WEICHAI POWER,2026-09-10 00:00:00,33.2,31.62,33.8,31.6,22.569,0.01328,25809194.0,825909539.0,-7.054673721340393,34.02,HK.02338
HK.02338,WEICHAI POWER,2026-09-11 00:00:00,31.36,31.34,31.54,30.74,22.369,0.00609,11827506.0,368912850.0,-0.8855154965211927,31.62,HK.02338
HK.02338,WEICHAI POWER,2026-09-14 00:00:00,30.02,30.68,31.16,29.74,21.898,0.00646,12545899.0,385324291.0,-2.105934907466497,31.34,HK.02338
HK.02338,WEICHAI POWER,2026-09-15 00:00:00,30.54,30.38,31.3,30.2,21.684,0.00758,14722703.0,450806478.0,-0.9778357235984377,30.68,HK.02338
HK.02338,WEICHAI POWER,2026-09-16 00:00:00,30.52,29.56,30.9,28.92,21.099,0.01043,20268406.0,594470586.0,-2.699144173798553,30.38,HK.02338
HK.02338,WEICHAI POWER,2026-09-17 00:00:00,32.52,31.14,32.54,30.68,22.226,0.01938,37659398.0,1173523157.0,5.345060893098789,29.56,HK.02338
HK.02338,WEICHAI POWER,2026-09-18 00:00:00,31.2,31.7,32.02,30.5,22.626,0.01131,21980961.0,691051080.0,1.79833012202954,31.14,HK.02338
HK.02382,SUNNY OPTICAL,2026-08-03 00:00:00,55.1,56.55,56.55,54.55,11.88,0.01504,16231806.0,906807404.0,0.8920606601248885,56.05,HK.02382
HK.02382,SUNNY OPTICAL,2026-08-04 00:00:00,56.95,57.8,58.3,56.2,12.142,0.01164,12557312.0,722639811.0,2.2104332449160036,56.55,HK.02382
HK.02382,SUNNY OPTICAL,2026-08-05 00:00:00,58.0,59.45,59.8,57.5,12.489,0.01257,13565405.0,801564251.0,2.854671280276827,57.8,HK.02382
HK.02382,SUNNY OPTICAL,2026-08-06 00:00:00,58.55,58.45,59.2,58.2,12.279,0.00892,9623476.0,563963536.0,-1.682085786375105,59.45,HK.02382
HK.02382,SUNNY OPTICAL,2026-08-07 00:00:00,58.6,58.95,59.0,57.65,12.384,0.00519,5597449.0,327898378.0,0.8554319931565441,58.45,HK.02382
HK.02382,SUNNY OPTICAL,2026-08-10 00:00:00,59.15,59.0,59.45,58.05,12.394,0.00535,5767929.0,339186584.0,0.08481764206954565,58.95,HK.02382
HK.02382,SUNNY OPTICAL,2026-08-11 00:00:00,59.0,57.7,59.0,57.6,12.121,0.00618,6664398.0,387660967.0,-2.2033898305084696,59.0,HK.02382
HK.02382,SUNNY OPTICAL,2026-08-12 00:00:00,57.25,58.85,58.9,57.0,12.363,0.0043,4642270.0,271669602.0,1.9930675909878657,57.7,HK.02382
HK.02382,SUNNY OPTICAL,2026-08-13 00:00:00,58.05,58.6,59.5,58.05,12.31,0.00562,6060807.0,356221221.0,-0.4248088360237893,58.85,HK.02382
HK.02382,SUNNY OPTICAL,2026-08-14 00:00:00,58.95,58.75,59.7,58.25,12.342,0.00476,5133941.0,301795567.0,0.2559726962457314,58.6,HK.02382
HK.02382,SUNNY OPTICAL,2026-08-17 00:00:00,58.75,59.8,60.3,58.7,12.563,0.00607,6547016.0,391012429.0,1.7872340425531867,58.75,HK.02382
HK.02382,SUNNY OPTICAL,2026-08-18 00:00:00,59.7,60.4,63.35,58.9,12.689,0.01858,20046589.0,1230091012.0,1.0033444816053536,59.8,HK.02382
HK.02382,SUNNY OPTICAL,2026-08-19 00:00:00,59.5,58.4,60.7,57.9,12.268,0.00916,9879661.0,576701094.0,-3.3112582781456954,60.4,HK.02382
HK.02382,SUNNY OPTICAL,2026-08-20 00:00:00,58.5,58.75,59.5,58.3,12.342,0.00658,7099839.0,419188156.0,0.5993150684931532,58.4,HK.02382
HK.02382,SUNNY OPTICAL,2026-08-21 00:00:00,59.0,61.75,62.55,58.4,12.972,0.01341,14463853.0,887901991.0,5.106382978723404,58.75,HK.02382
HK.02382,SUNNY OPTICAL,2026-08-24 00:00:00,61.75,60.2,62.75,59.25,12.647,0.01039,11209010.0,675312104.0,-2.510121457489874,61.75,HK.02382
HK.02382,SUNNY OPTICAL,2026-08-25 00:00:00,60.1,61.1,62.5,58.75,12.836,0.00723,7802206.0,474675423.0,1.4950166112956786,60.2,HK.02382
HK.02382,SUNNY OPTICAL,2026-08-26 00:00:00,61.15,62.6,65.0,61.15,13.151,0.0164,17691222.0,1119952392.0,2.454991816693944,61.1,HK.02382
HK.02382,SUNNY OPTICAL,2026-08-27 00:00:00,65.0,64.1,66.4,61.9,13.466,0.02475,26702704.0,1723840276.0,2.396166134185292,62.6,HK.02382
HK.02382,SUNNY OPTICAL,2026-08-28 00:00:00,64.1,66.2,67.5,63.65,13.907,0.0148,15963539.0,1054333459.0,3.276131045241823,64.1,HK.02382
HK.02382,SUNNY OPTICAL,2026-08-31 00:00:00,65.95,71.1,71.3,65.4,14.936,0.02418,26090433.0,1830914777.0,7.401812688821739,66.2,HK.02382
HK.02382,SUNNY OPTICAL,2026-09-01 00:00:00,71.1,71.9,74.1,70.7,15.105,0.01917,20686635.0,1506281485.0,1.1251758087201287,71.1,HK.02382
HK.02382,SUNNY OPTICAL,2026-09-02 00:00:00,71.9,71.7,72.65,70.4,15.063,0.00945,10195615.0,728583997.0,-0.278164116828933,71.9,HK.02382
HK.02382,SUNNY OPTICAL,2026-09-03 00:00:00,71.6,70.6,71.7,70.2,14.831,0.00929,10019213.0,709305856.0,-1.5341701534170271,71.7,HK.02382
HK.02382,SUNNY OPTICAL,2026-09-04 00:00:00,71.0,70.5,71.85,69.85,14.81,0.01352,14585658.0,1028004568.0,-0.14164305949007694,70.6,HK.02382
HK.02382,SUNNY OPTICAL,2026-09-07 00:00:00,70.5,69.55,70.6,68.65,14.611,0.0073,7876918.0,546948454.0,-1.3475177304964578,70.5,HK.02382
HK.02382,SUNNY OPTICAL,2026-09-08 00:00:00,69.3,67.3,69.75,66.6,14.138,0.01111,11985434.0,808349017.0,-3.235082674335011,69.55,HK.02382
HK.02382,SUNNY OPTICAL,2026-09-09 00:00:00,67.55,69.6,69.75,67.25,14.621,0.00919,9911811.0,681213146.0,3.4175334323922697,67.3,HK.02382
HK.02382,SUNNY OPTICAL,2026-09-10 00:00:00,68.0,68.8,69.45,68.0,14.453,0.00735,7929954.0,546252266.0,-1.1494252873563178,69.6,HK.02382
HK.02382,SUNNY OPTICAL,2026-09-11 00:00:00,68.75,69.1,70.95,67.45,14.516,0.0128,13808297.0,961110186.0,0.43604651162790287,68.8,HK.02382
HK.02382,SUNNY OPTICAL,2026-09-14 00:00:00,68.9,66.95,69.5,66.35,14.065,0.00935,10093483.0,677642603.0,-3.1114327062228533,69.1,HK.02382
HK.02382,SUNNY OPTICAL,2026-09-15 00:00:00,67.55,67.15,69.2,67.0,14.107,0.00929,10024763.0,682783740.0,0.29873039581777866,66.95,HK.02382
HK.02382,SUNNY OPTICAL,2026-09-16 00:00:00,68.75,68.5,68.85,66.9,14.39,0.00398,4289085.0,292398481.0,2.010424422933722,67.15,HK.02382
HK.02382,SUNNY OPTICAL,2026-09-17 00:00:00,68.5,67.5,68.8,67.05,14.18,0.00385,4156618.0,280679637.0,-1.4598540145985401,68.5,HK.02382
HK.02382,SUNNY OPTICAL,2026-09-18 00:00:00,68.0,67.05,68.8,66.8,14.086,0.00659,7114166.0,478165901.0,-0.6666666666666708,67.5,HK.02382
HK.02388,BOC HONG KONG,2026-08-03 00:00:00,51.1712,51.1212,51.8212,50.7712,13.61,0.00086,9111358.0,470911564.0,-1.0644227345213526,51.6712,HK.02388
HK.02388,BOC HONG KONG,2026-08-04 00:00:00,51.4712,50.3712,51.4712,50.0212,13.412,0.0013,13787120.0,701609490.0,-1.467101711227436,51.1212,HK.02388
HK.02388,BOC HONG KONG,2026-08-05 00:00:00,50.2712,50.1212,50.3712,49.5212,13.346,0.00089,9412384.0,474846642.0,-0.4963153548059208,50.3712,HK.02388
HK.02388,BOC HONG KONG,2026-08-06 00:00:00,49.2712,49.8712,49.8712,48.2912,13.28,0.00145,15355056.0,765235027.0,-0.49879093078378006,50.1212,HK.02388
HK.02388,BOC HONG KONG,2026-08-07 00:00:00,49.2712,49.6712,49.7712,48.8512,13.227,0.00084,8874233.0,443135993.0,-0.4010330611655682,49.8712,HK.02388
HK.02388,BOC HONG KONG,2026-08-10 00:00:00,49.8712,50.0212,50.1212,49.1312,13.32,0.00092,9771128.0,491184276.0,0.7046336710206346,49.6712,HK.02388
HK.02388,BOC HONG KONG,2026-08-11 00:00:00,50.0212,49.8212,50.0212,49.4712,13.267,0.0006,6379432.0,320868356.0,-0.3998304718799286,50.0212,HK.02388
HK.02388,BOC HONG KONG,2026-08-12 00:00:00,49.3512,49.2912,49.6712,49.1312,13.127,0.00073,7704614.0,384131033.0,-1.0638041636893412,49.8212,HK.02388
HK.02388,BOC HONG KONG,2026-08-13 00:00:00,48.9712,50.2212,50.2212,48.5912,13.372,0.0008,8421578.0,424487238.0,1.8867465186483585,49.2912,HK.02388
HK.02388,BOC HONG KONG,2026-08-14 00:00:00,49.8712,49.6712,50.0712,49.5212,13.227,0.00058,6160272.0,309451287.0,-1.0951550341290217,50.2212,HK.02388
HK.02388,BOC HONG KONG,2026-08-17 00:00:00,49.6212,49.8712,50.2712,49.5712,13.28,0.00059,6267884.0,316457746.0,0.4026478120117953,49.6712,HK.02388
HK.02388,BOC HONG KONG,2026-08-18 00:00:00,49.5712,49.4712,49.8212,49.0912,13.175,0.00068,7192745.0,358990468.0,-0.8020661223311221,49.8712,HK.02388
HK.02388,BOC HONG KONG,2026-08-19 00:00:00,49.4712,49.6712,49.8712,49.0912,13.227,0.00058,6166984.0,309161277.0,0.404275618945964,49.4712,HK.02388
HK.02388,BOC HONG KONG,2026-08-20 00:00:00,49.9712,49.6212,50.1212,48.9512,13.214,0.00071,7514855.0,375395465.0,-0.10066195300294167,49.6712,HK.02388
HK.02388,BOC HONG KONG,2026-08-21 00:00:00,49.7212,50.4712,50.6212,49.4712,13.438,0.00091,9662152.0,490757977.0,1.7129775176739002,49.6212,HK.02388
HK.02388,BOC HONG KONG,2026-08-24 00:00:00,50.3212,49.8212,50.3712,49.5712,13.267,0.00072,7628594.0,384831937.0,-1.2878631774160425,50.4712,HK.02388
HK.02388,BOC HONG KONG,2026-08-25 00:00:00,49.8212,49.8712,50.1712,49.5212,13.28,0.00064,6816164.0,342804698.0,0.10035888336692868,49.8212,HK.02388
HK.02388,BOC HONG KONG,2026-08-26 00:00:00,50.0712,49.4712,50.1212,48.9712,13.175,0.00147,15531144.0,777212058.0,-0.8020661223311221,49.8712,HK.02388
HK.02388,BOC HONG KONG,2026-08-27 00:00:00,49.4712,49.2912,49.7212,49.0312,13.127,0.00079,8369957.0,417011687.0,-0.36384805705137474,49.4712,HK.02388
HK.02388,BOC HONG KONG,2026-08-28 00:00:00,49.0512,50.4212,50.8212,49.0512,13.425,0.00113,11910037.0,605366423.0,2.2924984581426204,49.2912,HK.02388
HK.02388,BOC HONG KONG,2026-08-31 00:00:00,50.4712,52.1712,52.1712,50.3212,13.886,0.00282,29776360.0,1558529938.0,3.470762298398293,50.4212,HK.02388
HK.02388,BOC HONG KONG,2026-09-01 00:00:00,51.5712,51.7212,52.1212,51.3712,13.768,0.0013,13777355.0,720598061.0,-0.862544852332313,52.1712,HK.02388
HK.02388,BOC HONG KONG,2026-09-02 00:00:00,51.7212,52.1212,52.2212,50.9712,13.873,0.00111,11755167.0,614746587.0,0.7733772611617645,51.7212,HK.02388
HK.02388,BOC HONG KONG,2026-09-03 00:00:00,52.1212,51.5712,52.4712,51.3212,13.728,0.00109,11495279.0,600580373.0,-1.0552328035425207,52.1212,HK.02388
HK.02388,BOC HONG KONG,2026-09-04 00:00:00,52.1212,52.3212,52.5712,51.9712,13.926,0.00196,20698935.0,1092934336.0,1.454300074460164,51.5712,HK.02388
HK.02388,BOC HONG KONG,2026-09-07 00:00:00,52.0712,52.2712,52.5212,51.6212,13.913,0.00098,10339801.0,543390864.0,-0.09556355741075732,52.3212,HK.02388
HK.02388,BOC HONG KONG,2026-09-08 00:00:00,51.6712,51.1212,52.0712,51.0712,13.61,0.00107,11262234.0,585022032.0,-2.2000642801389647,52.2712,HK.02388
HK.02388,BOC HONG KONG,2026-09-09 00:00:00,51.1212,51.4212,51.8212,50.7212,13.689,0.00113,11998915.0,623804426.0,0.5868406844909688,51.1212,HK.02388
HK.02388,BOC HONG KONG,2026-09-10 00:00:00,51.0,51.7,51.75,50.75,13.623,0.00078,8206302.0,422430007.0,0.5421888248426795,51.4212,HK.02388
HK.02388,BOC HONG KONG,2026-09-11 00:00:00,51.0,52.3,52.3,51.0,13.781,0.00141,14914779.0,775673747.0,1.16054158607349,51.7,HK.02388
HK.02388,BOC HONG KONG,2026-09-14 00:00:00,52.25,53.65,53.85,52.15,14.137,0.00146,15420719.0,822598572.0,2.5812619502868097,52.3,HK.02388
HK.02388,BOC HONG KONG,2026-09-15 00:00:00,53.7,51.2,53.7,50.8,13.491,0.00156,16490571.0,854048408.0,-4.566635601118351,53.65,HK.02388
HK.02388,BOC HONG KONG,2026-09-16 00:00:00,52.0,51.35,52.0,50.95,13.53,0.00094,9914517.0,508555926.0,0.2929687499999972,51.2,HK.02388
HK.02388,BOC HONG KONG,2026-09-17 00:00:00,51.0,51.95,52.05,50.4,13.689,0.00118,12505637.0,641915054.0,1.1684518013631966,51.35,HK.02388
HK.02388,BOC HONG KONG,2026-09-18 00:00:00,52.45,52.05,52.5,51.85,13.715,0.00162,17180751.0,894402311.0,0.192492781520682,51.95,HK.02388
HK.02513,Z.AI,2026-08-03 00:00:00,940.0,940.0,953.5,851.0,0.0,0.02552,6153411.0,5607212690.0,-4.810126582278481,987.5,HK.02513
HK.02513,Z.AI,2026-08-04 00:00:00,940.0,1010.0,1061.0,940.0,0.0,0.02589,6241386.0,6314710201.0,7.446808510638298,940.0,HK.02513
HK.02513,Z.AI,2026-08-05 00:00:00,1050.0,1041.0,1110.0,1018.0,0.0,0.02541,6126187.0,6561188044.0,3.0693069306930694,1010.0,HK.02513
HK.02513,Z.AI,2026-08-06 00:00:00,1010.0,1087.0,1145.0,996.5,0.0,0.02206,5319352.0,5799749702.0,4.418828049951969,1041.0,HK.02513
HK.02513,Z.AI,2026-08-07 00:00:00,1120.0,1246.0,1300.0,1108.0,0.0,0.03606,8692718.0,10636511625.0,14.627414903403862,1087.0,HK.02513
HK.02513,Z.AI,2026-08-10 00:00:00,1292.0,1252.0,1327.0,1184.0,0.0,0.02051,4946041.0,6215960991.0,0.4815409309791332,1246.0,HK.02513
HK.02513,Z.AI,2026-08-11 00:00:00,1290.0,1192.0,1298.0,1172.0,0.0,0.01373,3310753.0,4047105336.0,-4.792332268370607,1252.0,HK.02513
HK.02513,Z.AI,2026-08-12 00:00:00,1208.0,1208.0,1285.0,1190.0,0.0,0.01886,4546219.0,5625532045.0,1.342281879194631,1192.0,HK.02513
HK.02513,Z.AI,2026-08-13 00:00:00,1230.0,1317.0,1324.0,1225.0,0.0,0.02784,6711885.0,8607359920.0,9.023178807947021,1208.0,HK.02513
HK.02513,Z.AI,2026-08-14 00:00:00,1356.0,1270.0,1435.0,1199.0,0.0,0.04724,11389648.0,14990618947.0,-3.568716780561883,1317.0,HK.02513
HK.02513,Z.AI,2026-08-17 00:00:00,1288.0,1203.0,1300.0,1170.0,0.0,0.02779,6700423.0,8071147543.0,-5.275590551181102,1270.0,HK.02513
HK.02513,Z.AI,2026-08-18 00:00:00,1211.0,1043.0,1211.0,990.0,0.0,0.04428,10675443.0,11222326277.0,-13.300083125519535,1203.0,HK.02513
HK.02513,Z.AI,2026-08-19 00:00:00,998.0,1012.0,1054.0,983.0,0.0,0.01828,4407740.0,4484081947.0,-2.972195589645254,1043.0,HK.02513
HK.02513,Z.AI,2026-08-20 00:00:00,1029.0,1023.0,1042.0,993.0,0.0,0.01343,3236815.0,3305615392.0,1.0869565217391304,1012.0,HK.02513
HK.02513,Z.AI,2026-08-21 00:00:00,1016.0,1129.0,1149.0,992.5,0.0,0.03657,8817394.0,9442663164.0,10.361681329423265,1023.0,HK.02513
HK.02513,Z.AI,2026-08-24 00:00:00,1150.0,1007.0,1150.0,1000.0,0.0,0.01698,4093470.0,4289237499.0,-10.806023029229408,1129.0,HK.02513
HK.02513,Z.AI,2026-08-25 00:00:00,1007.0,1059.0,1065.0,971.0,0.0,0.01657,3995645.0,4131920882.0,5.163853028798411,1007.0,HK.02513
HK.02513,Z.AI,2026-08-26 00:00:00,1072.0,1030.0,1072.0,1012.0,0.0,0.01201,2896566.0,2994033440.0,-2.7384324834749765,1059.0,HK.02513
HK.02513,Z.AI,2026-08-27 00:00:00,1115.0,1160.0,1163.0,1071.0,0.0,0.0284,6847777.0,7654003404.0,12.62135922330097,1030.0,HK.02513
HK.02513,Z.AI,2026-08-28 00:00:00,1155.0,1090.0,1171.0,1063.0,0.0,0.01602,3862891.0,4292486797.0,-6.0344827586206895,1160.0,HK.02513
HK.02513,Z.AI,2026-08-31 00:00:00,1079.0,1195.0,1195.0,1038.0,0.0,0.04597,11083749.0,12754554865.0,9.63302752293578,1090.0,HK.02513
HK.02513,Z.AI,2026-09-01 00:00:00,1143.0,1179.0,1263.0,1141.0,0.0,0.03102,7477963.0,9043119352.0,-1.3389121338912133,1195.0,HK.02513
HK.02513,Z.AI,2026-09-02 00:00:00,1155.0,1117.0,1155.0,1090.0,0.0,0.01251,3016695.0,3367712153.0,-5.258693808312128,1179.0,HK.02513
HK.02513,Z.AI,2026-09-03 00:00:00,1117.0,1108.0,1129.0,1073.0,0.0,0.01231,2968297.0,3269169539.0,-0.8057296329453895,1117.0,HK.02513
HK.02513,Z.AI,2026-09-04 00:00:00,1124.0,1075.0,1146.0,1061.0,0.0,0.01986,4788912.0,5286186870.0,-2.9783393501805056,1108.0,HK.02513
HK.02513,Z.AI,2026-09-07 00:00:00,1096.0,1018.0,1107.0,1006.0,0.0,0.02333,5624875.0,5874890223.0,-5.3023255813953485,1075.0,HK.02513
HK.02513,Z.AI,2026-09-08 00:00:00,1008.0,916.0,1020.0,893.5,0.0,0.03823,9217283.0,8663497058.0,-10.019646365422396,1018.0,HK.02513
HK.02513,Z.AI,2026-09-09 00:00:00,924.0,913.5,933.5,897.0,0.0,0.0142,3423259.0,3125907874.0,-0.2729257641921397,916.0,HK.02513
HK.02513,Z.AI,2026-09-10 00:00:00,908.0,819.0,908.0,807.0,0.0,0.02989,7205778.0,6059495820.0,-10.344827586206897,913.5,HK.02513
HK.02513,Z.AI,2026-09-11 00:00:00,800.0,793.0,847.5,766.0,0.0,0.02888,6963960.0,5541862725.0,-3.1746031746031744,819.0,HK.02513
HK.02513,Z.AI,2026-09-14 00:00:00,748.0,721.0,751.5,710.0,0.0,0.04501,10850685.0,7967199648.0,-9.079445145018916,793.0,HK.02513
HK.02513,Z.AI,2026-09-15 00:00:00,727.0,680.0,731.5,659.0,0.0,0.03525,8499372.0,5856808045.0,-5.6865464632454925,721.0,HK.02513
HK.02513,Z.AI,2026-09-16 00:00:00,656.0,720.0,768.5,655.0,0.0,0.07137,18775530.0,13581212727.0,5.88235294117647,680.0,HK.02513
HK.02513,Z.AI,2026-09-17 00:00:00,740.0,740.0,787.5,732.0,0.0,0.03817,10040172.0,7569671693.0,2.7777777777777777,720.0,HK.02513
HK.02513,Z.AI,2026-09-18 00:00:00,766.5,780.0,795.0,746.0,0.0,0.03205,8432084.0,6533032356.0,5.405405405405405,740.0,HK.02513
HK.02600,CHALCO,2026-08-03 00:00:00,8.076,7.941,8.091,7.845999999,10.097,0.01073,42316279.0,348691142.0,-2.4567006510256744,8.141,HK.02600
HK.02600,CHALCO,2026-08-04 00:00:00,7.946,8.071,8.076,7.921,10.256,0.00834,32895644.0,273649302.0,1.63707341644629,7.941,HK.02600
HK.02600,CHALCO,2026-08-05 00:00:00,8.031,8.326,8.371,8.031,10.568,0.00944,37219952.0,319153308.0,3.159459794325372,8.071,HK.02600
HK.02600,CHALCO,2026-08-06 00:00:00,8.411,8.085999999,8.481,8.005999999,10.275,0.01063,41918971.0,355344903.0,-2.8825366442469407,8.326,HK.02600
HK.02600,CHALCO,2026-08-07 00:00:00,8.120999999,8.281,8.296,8.046,10.513,0.00887,34983172.0,298820094.0,2.411575575366264,8.085999999,HK.02600
HK.02600,CHALCO,2026-08-10 00:00:00,8.316,8.406,8.616,8.296,10.666,0.00859,33871357.0,295737101.0,1.5094795314575533,8.281,HK.02600
HK.02600,CHALCO,2026-08-11 00:00:00,8.491,8.231,8.641,8.201,10.452,0.00962,37948581.0,329706731.0,-2.0818463002617262,8.406,HK.02600
HK.02600,CHALCO,2026-08-12 00:00:00,8.341,8.461,8.811,8.336,10.733,0.01438,56719638.0,504952813.0,2.794314178107161,8.231,HK.02600
HK.02600,CHALCO,2026-08-13 00:00:00,8.336,7.915999999,8.456,7.906,10.067,0.01844,72719181.0,606618865.0,-6.441319004845762,8.461,HK.02600
HK.02600,CHALCO,2026-08-14 00:00:00,7.816,7.866,7.951,7.720999999,10.006,0.00642,25302707.0,206933216.0,-0.6316321248903101,7.915999999,HK.02600
HK.02600,CHALCO,2026-08-17 00:00:00,7.880999999,8.241,8.291,7.880999999,10.464,0.0092,36298941.0,307106317.0,4.767353165522501,7.866,HK.02600
HK.02600,CHALCO,2026-08-18 00:00:00,8.181,8.026,8.206,7.936,10.201,0.0084,33126549.0,276618393.0,-2.6089066860817844,8.241,HK.02600
HK.02600,CHALCO,2026-08-19 00:00:00,8.011,7.891,8.011,7.806,10.036,0.0074,29180727.0,239464558.0,-1.6820333914776948,8.026,HK.02600
HK.02600,CHALCO,2026-08-20 00:00:00,8.061,7.761,8.171,7.761,9.877,0.0084,33112834.0,272819300.0,-1.6474464579901138,7.891,HK.02600
HK.02600,CHALCO,2026-08-21 00:00:00,7.876,8.081,8.120999999,7.876,10.268,0.01095,43177692.0,360422465.0,4.123180002576979,7.761,HK.02600
HK.02600,CHALCO,2026-08-24 00:00:00,8.181,8.255999999,8.316,8.056,10.482,0.01288,50808245.0,433502866.0,2.165573555253071,8.081,HK.02600
HK.02600,CHALCO,2026-08-25 00:00:00,8.255999999,8.161,8.276,8.001,10.366,0.00829,32685924.0,276535640.0,-1.1506782826006219,8.255999999,HK.02600
HK.02600,CHALCO,2026-08-26 00:00:00,8.210999999,8.261,8.531,8.210999999,10.488,0.00923,36384210.0,316073499.0,1.2253400318588366,8.161,HK.02600
HK.02600,CHALCO,2026-08-27 00:00:00,8.361,8.141,8.361,8.130999999,10.342,0.00553,21822701.0,185898142.0,-1.4526086430214167,8.261,HK.02600
HK.02600,CHALCO,2026-08-28 00:00:00,8.301,8.446,8.541,8.241,10.715,0.01201,47363110.0,412846591.0,3.746468492814147,8.141,HK.02600
HK.02600,CHALCO,2026-08-31 00:00:00,8.281,8.251,8.336,8.136,10.476,0.00993,39145371.0,334815510.0,-2.3087852237745716,8.446,HK.02600
HK.02600,CHALCO,2026-09-01 00:00:00,8.281,8.341,8.471,8.231,10.586,0.00845,33310481.0,289549420.0,1.0907768755302372,8.251,HK.02600
HK.02600,CHALCO,2026-09-02 00:00:00,8.311,8.201,8.366,7.960999999,10.415,0.00773,30475932.0,257163550.0,-1.6784558206449922,8.341,HK.02600
HK.02600,CHALCO,2026-09-03 00:00:00,8.331,8.441,8.611,8.311,10.709,0.01003,39553028.0,349259722.0,2.9264723814169025,8.201,HK.02600
HK.02600,CHALCO,2026-09-04 00:00:00,8.531,8.441,8.581,8.341,10.709,0.01293,50998458.0,447550276.0,0.0,8.441,HK.02600
HK.02600,CHALCO,2026-09-07 00:00:00,8.461,8.506,8.651,8.296,10.788,0.01386,54678806.0,482291646.0,0.7700509418315306,8.441,HK.02600
HK.02600,CHALCO,2026-09-08 00:00:00,8.531,8.711,8.861,8.521,11.039,0.01074,42358576.0,384301999.0,2.410063484599107,8.506,HK.02600
HK.02600,CHALCO,2026-09-09 00:00:00,8.78,8.9,8.975,8.68,10.88,0.01065,41983854.0,371126236.0,2.169670531511882,8.711,HK.02600
HK.02600,CHALCO,2026-09-10 00:00:00,8.9,8.755,8.95,8.66,10.702,0.00956,37691314.0,330071881.0,-1.6292134831460625,8.9,HK.02600
HK.02600,CHALCO,2026-09-11 00:00:00,8.53,8.345,8.53,8.18,10.201,0.0115,45349027.0,376519464.0,-4.68303826384923,8.755,HK.02600
HK.02600,CHALCO,2026-09-14 00:00:00,8.22,8.145,8.3,8.125,9.957,0.00706,27852057.0,228042179.0,-2.3966446974236195,8.345,HK.02600
HK.02600,CHALCO,2026-09-15 00:00:00,8.2,7.995,8.23,7.885,9.773,0.01212,47817639.0,382140053.0,-1.8416206261510064,8.145,HK.02600
HK.02600,CHALCO,2026-09-16 00:00:00,8.05,8.125,8.15,7.835,9.932,0.00914,36057977.0,290018664.0,1.6260162601626005,7.995,HK.02600
HK.02600,CHALCO,2026-09-17 00:00:00,8.11,8.01,8.135,7.845,9.792,0.00875,34510662.0,275436409.0,-1.415384615384618,8.125,HK.02600
HK.02600,CHALCO,2026-09-18 00:00:00,8.1,8.12,8.17,8.0,9.926,0.01356,53478132.0,431911253.0,1.3732833957552988,8.01,HK.02600
HK.02800,TRACKER FUND OF HONG KONG,2026-08-03 00:00:00,26.4,26.46,26.62,26.3,0.0,0.16411,892735000.0,23610036690.0,0.2272727272727359,26.4,HK.02800
HK.02800,TRACKER FUND OF HONG KONG,2026-08-04 00:00:00,26.5,26.32,26.68,26.26,0.0,0.11775,632532917.0,16673813446.0,-0.5291005291005313,26.46,HK.02800
HK.02800,TRACKER FUND OF HONG KONG,2026-08-05 00:00:00,26.34,26.4,26.46,26.22,0.0,0.11202,601640264.0,15868153688.0,0.30395136778114856,26.32,HK.02800
HK.02800,TRACKER FUND OF HONG KONG,2026-08-06 00:00:00,26.2,26.0,26.2,25.88,0.0,0.09273,492296783.0,12780725488.0,-1.5151515151515098,26.4,HK.02800
HK.02800,TRACKER FUND OF HONG KONG,2026-08-07 00:00:00,26.0,26.16,26.16,25.88,0.0,0.10063,530828374.0,13816828526.0,0.6153846153846159,26.0,HK.02800
HK.02800,TRACKER FUND OF HONG KONG,2026-08-10 00:00:00,26.28,26.42,26.46,26.2,0.0,0.09583,505112277.0,13299615891.0,0.9938837920489355,26.16,HK.02800
HK.02800,TRACKER FUND OF HONG KONG,2026-08-11 00:00:00,26.44,26.14,26.54,26.12,0.0,0.07146,373935262.0,9831858813.0,-1.0598031794095424,26.42,HK.02800
HK.02800,TRACKER FUND OF HONG KONG,2026-08-12 00:00:00,26.0,25.88,26.0,25.8,0.0,0.0824,427516328.0,11060369473.0,-0.9946442234124008,26.14,HK.02800
HK.02800,TRACKER FUND OF HONG KONG,2026-08-13 00:00:00,25.8,25.88,26.02,25.78,0.0,0.10525,544270807.0,14103978580.0,0.0,25.88,HK.02800
HK.02800,TRACKER FUND OF HONG KONG,2026-08-14 00:00:00,25.74,25.6,25.82,25.58,0.0,0.08817,455308722.0,11694712882.0,-1.0819165378670696,25.88,HK.02800
HK.02800,TRACKER FUND OF HONG KONG,2026-08-17 00:00:00,25.8,25.96,26.1,25.8,0.0,0.05357,276510099.0,7183643552.0,1.4062499999999978,25.6,HK.02800
HK.02800,TRACKER FUND OF HONG KONG,2026-08-18 00:00:00,25.86,25.96,26.02,25.72,0.0,0.11788,608833980.0,15771748644.0,0.0,25.96,HK.02800
HK.02800,TRACKER FUND OF HONG KONG,2026-08-19 00:00:00,25.82,26.0,26.04,25.78,0.0,0.12736,666205629.0,17295655303.0,0.15408320493065927,25.96,HK.02800
HK.02800,TRACKER FUND OF HONG KONG,2026-08-20 00:00:00,26.28,26.22,26.36,26.12,0.0,0.1137,598155100.0,15714135824.0,0.8461538461538418,26.0,HK.02800
HK.02800,TRACKER FUND OF HONG KONG,2026-08-21 00:00:00,26.26,26.5,26.54,26.26,0.0,0.1009,526474920.0,13901055062.0,1.0678871090770448,26.22,HK.02800
HK.02800,TRACKER FUND OF HONG KONG,2026-08-24 00:00:00,26.28,25.98,26.28,25.94,0.0,0.12997,680640521.0,17699980999.0,-1.9622641509433947,26.5,HK.02800
HK.02800,TRACKER FUND OF HONG KONG,2026-08-25 00:00:00,26.16,26.02,26.2,25.92,0.0,0.15697,826921923.0,21514602140.0,0.15396458814472344,25.98,HK.02800
HK.02800,TRACKER FUND OF HONG KONG,2026-08-26 00:00:00,26.18,26.14,26.34,26.14,0.0,0.15274,817600735.0,21469575188.0,0.46118370484243276,26.02,HK.02800
HK.02800,TRACKER FUND OF HONG KONG,2026-08-27 00:00:00,26.28,26.1,26.3,26.04,0.0,0.1424,751587441.0,19618851241.0,-0.15302218821728825,26.14,HK.02800
HK.02800,TRACKER FUND OF HONG KONG,2026-08-28 00:00:00,25.94,26.12,26.24,25.88,0.0,0.20143,1069004005.0,27950907072.0,0.07662835249041983,26.1,HK.02800
HK.02800,TRACKER FUND OF HONG KONG,2026-08-31 00:00:00,25.96,26.08,26.12,25.8,0.0,0.14908,798640624.0,20734837967.0,-0.15313935681471172,26.12,HK.02800
HK.02800,TRACKER FUND OF HONG KONG,2026-09-01 00:00:00,25.96,25.86,26.04,25.78,0.0,0.12636,675379147.0,17481921740.0,-0.8435582822085846,26.08,HK.02800
HK.02800,TRACKER FUND OF HONG KONG,2026-09-02 00:00:00,25.82,25.86,25.88,25.56,0.0,0.07746,412256388.0,10607480654.0,0.0,25.86,HK.02800
HK.02800,TRACKER FUND OF HONG KONG,2026-09-03 00:00:00,26.06,25.76,26.12,25.72,0.0,0.06561,345308448.0,8957508796.0,-0.3866976024748564,25.86,HK.02800
HK.02800,TRACKER FUND OF HONG KONG,2026-09-04 00:00:00,26.1,26.26,26.4,26.1,0.0,0.14053,738639376.0,19420818450.0,1.9409937888198756,25.76,HK.02800
HK.02800,TRACKER FUND OF HONG KONG,2026-09-07 00:00:00,26.26,26.0,26.26,25.94,0.0,0.0678,354942108.0,9247686292.0,-0.990099009900996,26.26,HK.02800
HK.02800,TRACKER FUND OF HONG KONG,2026-09-08 00:00:00,25.86,25.88,25.96,25.8,0.0,0.06182,323377528.0,8374575930.0,-0.4615384615384654,26.0,HK.02800
HK.02800,TRACKER FUND OF HONG KONG,2026-09-09 00:00:00,25.9,25.84,25.94,25.72,0.0,0.06455,337893889.0,8736141725.0,-0.15455950540957938,25.88,HK.02800
HK.02800,TRACKER FUND OF HONG KONG,2026-09-10 00:00:00,25.6,25.58,25.64,25.48,0.0,0.0819,428605178.0,10958648575.0,-1.0061919504644024,25.84,HK.02800
HK.02800,TRACKER FUND OF HONG KONG,2026-09-11 00:00:00,25.36,25.42,25.48,25.2,0.0,0.10345,541476189.0,13728588395.0,-0.6254886630179696,25.58,HK.02800
HK.02800,TRACKER FUND OF HONG KONG,2026-09-14 00:00:00,25.34,25.56,25.56,25.28,0.0,0.12953,677855531.0,17261036817.0,0.5507474429582887,25.42,HK.02800
HK.02800,TRACKER FUND OF HONG KONG,2026-09-15 00:00:00,25.6,25.3,25.6,25.28,0.0,0.07423,388568462.0,9878281908.0,-1.01721439749608,25.56,HK.02800
HK.02800,TRACKER FUND OF HONG KONG,2026-09-16 00:00:00,25.4,25.34,25.42,25.2,0.0,0.06242,333338612.0,8438118890.0,0.1581027667984156,25.3,HK.02800
HK.02800,TRACKER FUND OF HONG KONG,2026-09-17 00:00:00,25.06,25.22,25.26,24.96,0.0,0.08537,451672117.0,11361176750.0,-0.473559589581693,25.34,HK.02800
HK.02800,TRACKER FUND OF HONG KONG,2026-09-18 00:00:00,25.32,25.38,25.5,25.32,0.0,0.10676,564021122.0,14337850107.0,0.6344171292624907,25.22,HK.02800
HK.02899,ZIJIN MINING,2026-08-03 00:00:00,33.1,32.92,33.16,32.46,15.269,0.00553,33128264.0,1091074586.0,-0.9626955475330934,33.24,HK.02899
HK.02899,ZIJIN MINING,2026-08-04 00:00:00,33.04,33.08,33.42,32.68,15.343,0.00637,38154266.0,1263659925.0,0.4860267314702205,32.92,HK.02899
HK.02899,ZIJIN MINING,2026-08-05 00:00:00,33.74,35.2,35.38,33.58,16.326,0.01361,81506224.0,2838627010.0,6.408706166868212,33.08,HK.02899
HK.02899,ZIJIN MINING,2026-08-06 00:00:00,36.96,35.3,36.96,35.04,16.372,0.01919,114956529.0,4107843774.0,0.2840909090908929,35.2,HK.02899
HK.02899,ZIJIN MINING,2026-08-07 00:00:00,35.24,36.4,36.72,34.92,16.883,0.01298,77750298.0,2808720013.0,3.116147308781874,35.3,HK.02899
HK.02899,ZIJIN MINING,2026-08-10 00:00:00,36.6,37.56,37.78,36.28,17.421,0.01405,84143906.0,3133862416.0,3.186813186813197,36.4,HK.02899
HK.02899,ZIJIN MINING,2026-08-11 00:00:00,37.5,35.38,38.04,35.14,16.41,0.01484,88848493.0,3206424008.0,-5.804046858359956,37.56,HK.02899
HK.02899,ZIJIN MINING,2026-08-12 00:00:00,35.3,35.92,36.3,35.12,16.66,0.00645,38628011.0,1383923221.0,1.5262860373092118,35.38,HK.02899
HK.02899,ZIJIN MINING,2026-08-13 00:00:00,35.9,34.46,36.12,34.14,15.983,0.01033,61844562.0,2150138799.0,-4.0645879732739445,35.92,HK.02899
HK.02899,ZIJIN MINING,2026-08-14 00:00:00,34.06,34.8,35.16,33.8,16.141,0.00783,46912130.0,1628002269.0,0.9866511897852476,34.46,HK.02899
HK.02899,ZIJIN MINING,2026-08-17 00:00:00,35.56,35.92,36.02,35.4,16.66,0.0071,42498266.0,1520993627.0,3.218390804597714,34.8,HK.02899
HK.02899,ZIJIN MINING,2026-08-18 00:00:00,35.68,35.5,35.94,35.2,16.465,0.00489,29309453.0,1040866333.0,-1.1692650334075771,35.92,HK.02899
HK.02899,ZIJIN MINING,2026-08-19 00:00:00,34.46,34.9,35.4,34.34,16.187,0.00666,39860013.0,1388503250.0,-1.6901408450704265,35.5,HK.02899
HK.02899,ZIJIN MINING,2026-08-20 00:00:00,36.44,36.76,37.68,36.26,17.05,0.01344,80500285.0,2982602325.0,5.329512893982806,34.9,HK.02899
HK.02899,ZIJIN MINING,2026-08-21 00:00:00,37.76,38.56,38.56,37.02,17.884,0.01309,78415386.0,2979850479.0,4.896626768226345,36.76,HK.02899
HK.02899,ZIJIN MINING,2026-08-24 00:00:00,39.88,38.44,39.88,38.12,17.829,0.01127,67495761.0,2610949977.0,-0.31120331950208646,38.56,HK.02899
HK.02899,ZIJIN MINING,2026-08-25 00:00:00,38.56,37.04,38.9,36.72,17.179,0.01298,77718483.0,2895137637.0,-3.642039542143597,38.44,HK.02899
HK.02899,ZIJIN MINING,2026-08-26 00:00:00,37.74,38.08,39.46,37.52,17.662,0.01076,64436272.0,2483171188.0,2.8077753779697603,37.04,HK.02899
HK.02899,ZIJIN MINING,2026-08-27 00:00:00,38.08,37.66,38.3,37.56,17.467,0.00591,35424286.0,1341333818.0,-1.1029411764705928,38.08,HK.02899
HK.02899,ZIJIN MINING,2026-08-28 00:00:00,37.66,38.28,38.28,37.06,17.755,0.0059,35343480.0,1337471856.0,1.6463090812533314,37.66,HK.02899
HK.02899,ZIJIN MINING,2026-08-31 00:00:00,36.5,36.62,36.84,35.7,16.985,0.01213,72617074.0,2636506578.0,-4.336468129571587,38.28,HK.02899
HK.02899,ZIJIN MINING,2026-09-01 00:00:00,36.92,36.42,37.16,36.38,16.892,0.0053,31725170.0,1162401911.0,-0.5461496450027191,36.62,HK.02899
HK.02899,ZIJIN MINING,2026-09-02 00:00:00,35.42,35.8,35.88,34.62,16.604,0.0094,56324743.0,1990316852.0,-1.7023613399231314,36.42,HK.02899
HK.02899,ZIJIN MINING,2026-09-03 00:00:00,36.3,36.34,36.82,35.88,16.855,0.00651,39017728.0,1418163113.0,1.508379888268174,35.8,HK.02899
HK.02899,ZIJIN MINING,2026-09-04 00:00:00,37.8,36.6,37.8,36.26,16.975,0.01044,62499196.0,2300652807.0,0.715465052283979,36.34,HK.02899
HK.02899,ZIJIN MINING,2026-09-07 00:00:00,36.5,35.92,36.6,35.9,16.66,0.0042,25157464.0,910678440.0,-1.8579234972677587,36.6,HK.02899
HK.02899,ZIJIN MINING,2026-09-08 00:00:00,36.2,36.96,37.52,36.2,17.142,0.00554,33159826.0,1226776417.0,2.895322939866367,35.92,HK.02899
HK.02899,ZIJIN MINING,2026-09-09 00:00:00,37.3,37.6,37.9,36.86,17.439,0.00562,33639021.0,1260551855.0,1.731601731601733,36.96,HK.02899
HK.02899,ZIJIN MINING,2026-09-10 00:00:00,36.78,37.34,37.54,36.78,17.319,0.00336,20144555.0,750537398.0,-0.6914893617021223,37.6,HK.02899
HK.02899,ZIJIN MINING,2026-09-11 00:00:00,35.9,34.82,35.9,33.94,16.15,0.01595,95547294.0,3318885061.0,-6.748794858061068,37.34,HK.02899
HK.02899,ZIJIN MINING,2026-09-14 00:00:00,34.6,34.62,35.1,34.3,16.057,0.00699,41835615.0,1449654760.0,-0.5743825387708296,34.82,HK.02899
HK.02899,ZIJIN MINING,2026-09-15 00:00:00,34.62,33.3,34.7,33.14,15.445,0.00759,45479148.0,1530288725.0,-3.812824956672445,34.62,HK.02899
HK.02899,ZIJIN MINING,2026-09-16 00:00:00,33.88,34.42,34.46,33.18,15.964,0.00495,29619612.0,1006807930.0,3.3633633633633773,33.3,HK.02899
HK.02899,ZIJIN MINING,2026-09-17 00:00:00,33.9,33.86,34.14,33.0,15.705,0.00654,39179588.0,1312078883.0,-1.6269610691458518,34.42,HK.02899
HK.02899,ZIJIN MINING,2026-09-18 00:00:00,34.7,34.14,34.8,33.7,15.834,0.00544,32589835.0,1112504760.0,0.8269344359125845,33.86,HK.02899
HK.03308,ZJ INNOLIGHT,2026-08-03 00:00:00,1029.61234,1004.61234,1076.61234,994.61234,98.434,0.03137,1709717.0,1771651455.0,-2.1429705393956096,1026.61234,HK.03308
HK.03308,ZJ INNOLIGHT,2026-08-04 00:00:00,1098.61234,1175.61234,1186.61234,1049.61234,115.166,0.08367,4559763.0,5222223070.0,17.021491095759373,1004.61234,HK.03308
HK.03308,ZJ INNOLIGHT,2026-08-05 00:00:00,999.61234,1114.61234,1141.61234,986.61234,109.197,0.08274,4509181.0,4872486710.0,-5.188785275935434,1175.61234,HK.03308
HK.03308,ZJ INNOLIGHT,2026-08-06 00:00:00,1093.61234,1149.61234,1247.61234,1066.61234,112.622,0.04505,2455295.0,2832396457.0,3.14010519567727,1114.61234,HK.03308
HK.03308,ZJ INNOLIGHT,2026-08-07 00:00:00,1168.61234,1108.61234,1234.61234,1072.61234,108.61,0.04362,2377250.0,2740418669.0,-3.566419615850679,1149.61234,HK.03308
HK.03308,ZJ INNOLIGHT,2026-08-10 00:00:00,1096.61234,1031.61234,1108.61234,1007.61234,101.076,0.04952,2698913.0,2826274936.0,-6.945619963061208,1108.61234,HK.03308
HK.03308,ZJ INNOLIGHT,2026-08-11 00:00:00,1066.61234,1017.61234,1067.61234,1011.61234,99.706,0.03432,1870353.0,1945799879.0,-1.3570989272966518,1031.61234,HK.03308
HK.03308,ZJ INNOLIGHT,2026-08-12 00:00:00,1027.61234,1107.61234,1116.61234,1018.61234,108.512,0.0285,1553480.0,1681316268.0,8.844232372417956,1017.61234,HK.03308
HK.03308,ZJ INNOLIGHT,2026-08-13 00:00:00,1148.61234,1139.61234,1198.61234,1124.61234,111.643,0.03737,2036872.0,2355685125.0,2.8890974616624443,1107.61234,HK.03308
HK.03308,ZJ INNOLIGHT,2026-08-14 00:00:00,1139.61234,1172.61234,1184.61234,1113.61234,114.872,0.01624,885107.0,1028780316.0,2.8957215398352045,1139.61234,HK.03308
HK.03308,ZJ INNOLIGHT,2026-08-17 00:00:00,1177.61234,1268.61234,1298.61234,1158.61234,124.266,0.03289,1792453.0,2221134066.0,8.186848860894642,1172.61234,HK.03308
HK.03308,ZJ INNOLIGHT,2026-08-18 00:00:00,1317.61234,1221.61234,1317.61234,1213.61234,119.667,0.01974,1075780.0,1339408411.0,-3.704835474010918,1268.61234,HK.03308
HK.03308,ZJ INNOLIGHT,2026-08-19 00:00:00,1148.61234,1098.61234,1194.61234,1054.61234,107.632,0.03329,1814141.0,2008536447.0,-10.068660570340999,1221.61234,HK.03308
HK.03308,ZJ INNOLIGHT,2026-08-20 00:00:00,1106.61234,1097.61234,1112.61234,1061.61234,107.534,0.0202,1101099.0,1198146814.0,-0.09102391840965486,1098.61234,HK.03308
HK.03308,ZJ INNOLIGHT,2026-08-21 00:00:00,1114.61234,1138.61234,1147.61234,1091.61234,111.545,0.01799,980392.0,1111027884.0,3.7353807447172107,1097.61234,HK.03308
HK.03308,ZJ INNOLIGHT,2026-08-24 00:00:00,1137.61234,1009.61234,1140.61234,998.61234,98.923,0.03289,1792444.0,1847839384.0,-11.329580355681014,1138.61234,HK.03308
HK.03308,ZJ INNOLIGHT,2026-08-25 00:00:00,1009.61234,1007.61234,1018.61234,979.11234,98.727,0.01755,956226.0,957045656.0,-0.1980958354768128,1009.61234,HK.03308
HK.03308,ZJ INNOLIGHT,2026-08-26 00:00:00,995.61234,1013.61234,1031.61234,982.61234,99.315,0.01221,665298.0,670891317.0,0.5954671019610578,1007.61234,HK.03308
HK.03308,ZJ INNOLIGHT,2026-08-27 00:00:00,1063.61234,1044.61234,1079.61234,1030.61234,102.348,0.03103,1691105.0,1791222637.0,3.058368448829252,1013.61234,HK.03308
HK.03308,ZJ INNOLIGHT,2026-08-28 00:00:00,1038.61234,1038.61234,1107.61234,1030.61234,102.473,0.02742,1718438.0,1842594567.0,-0.5743757535929549,1044.61234,HK.03308
HK.03308,ZJ INNOLIGHT,2026-08-31 00:00:00,1008.61234,1027.61234,1093.61234,1003.61234,101.389,0.02704,1694476.0,1768332403.0,-1.0591054598869876,1038.61234,HK.03308
HK.03308,ZJ INNOLIGHT,2026-09-01 00:00:00,1030.61234,1033.61234,1101.61234,1008.61234,101.98,0.0319,1999599.0,2109006474.0,0.5838777685367227,1027.61234,HK.03308
HK.03308,ZJ INNOLIGHT,2026-09-02 00:00:00,1023.61234,994.61234,1032.61234,986.11234,98.137,0.03219,2017199.0,2025456317.0,-3.7731747668569717,1033.61234,HK.03308
HK.03308,ZJ INNOLIGHT,2026-09-03 00:00:00,1010.0,995.0,1027.0,986.5,98.039,0.02135,1337835.0,1341099955.0,0.03897598937893557,994.61234,HK.03308
HK.03308,ZJ INNOLIGHT,2026-09-04 00:00:00,1011.0,1006.0,1047.0,996.5,99.123,0.02066,1294735.0,1321343158.0,1.105527638190955,995.0,HK.03308
HK.03308,ZJ INNOLIGHT,2026-09-07 00:00:00,1041.0,1203.0,1203.0,1041.0,118.533,0.06313,3956974.0,4479023430.0,19.582504970178928,1006.0,HK.03308
HK.03308,ZJ INNOLIGHT,2026-09-08 00:00:00,1190.0,1161.0,1235.0,1143.0,114.395,0.03242,2031927.0,2411600716.0,-3.4912718204488775,1203.0,HK.03308
HK.03308,ZJ INNOLIGHT,2026-09-09 00:00:00,1230.0,1173.0,1239.0,1163.0,115.577,0.03045,1908191.0,2294769558.0,1.03359173126615,1161.0,HK.03308
HK.03308,ZJ INNOLIGHT,2026-09-10 00:00:00,1152.0,1121.0,1204.0,1114.0,110.454,0.0255,1597976.0,1835747608.0,-4.433077578857629,1173.0,HK.03308
HK.03308,ZJ INNOLIGHT,2026-09-11 00:00:00,1121.0,1170.0,1203.0,1118.0,115.282,0.05194,3255086.0,3787480156.0,4.371097234611954,1121.0,HK.03308
HK.03308,ZJ INNOLIGHT,2026-09-14 00:00:00,1134.0,1070.0,1135.0,1070.0,105.429,0.02852,1787716.0,1968727277.0,-8.547008547008547,1170.0,HK.03308
HK.03308,ZJ INNOLIGHT,2026-09-15 00:00:00,1080.0,1085.0,1116.0,1071.0,106.907,0.01536,962623.0,1049639756.0,1.4018691588785046,1070.0,HK.03308
HK.03308,ZJ INNOLIGHT,2026-09-16 00:00:00,1087.0,1137.0,1179.0,1082.0,112.03,0.03315,2077866.0,2360249019.0,4.7926267281106,1085.0,HK.03308
HK.03308,ZJ INNOLIGHT,2026-09-17 00:00:00,1150.0,1150.0,1187.0,1120.0,113.311,0.02192,1373999.0,1578253443.0,1.1433597185576077,1137.0,HK.03308
HK.03308,ZJ INNOLIGHT,2026-09-18 00:00:00,1180.0,1205.0,1218.0,1153.0,118.73,0.038,2381345.0,2819171700.0,4.782608695652174,1150.0,HK.03308
HK.03690,MEITUAN-W,2026-08-03 00:00:00,93.0,93.45,94.15,91.6,0.0,0.00633,39105188.0,3644256687.0,1.02702702702703,92.5,HK.03690
HK.03690,MEITUAN-W,2026-08-04 00:00:00,92.95,92.7,94.7,91.3,0.0,0.00731,45144070.0,4169546372.0,-0.8025682182985553,93.45,HK.03690
HK.03690,MEITUAN-W,2026-08-05 00:00:00,91.65,93.05,93.65,91.1,0.0,0.00648,39987699.0,3699851716.0,0.3775620280474588,92.7,HK.03690
HK.03690,MEITUAN-W,2026-08-06 00:00:00,92.95,92.2,93.9,91.4,0.0,0.00414,25553923.0,2363298396.0,-0.9134873723804346,93.05,HK.03690
HK.03690,MEITUAN-W,2026-08-07 00:00:00,92.25,92.2,93.2,90.85,0.0,0.0046,28419007.0,2610847684.0,0.0,92.2,HK.03690
HK.03690,MEITUAN-W,2026-08-10 00:00:00,92.2,93.9,93.95,90.7,0.0,0.00408,25201362.0,2348320469.0,1.843817787418658,92.2,HK.03690
HK.03690,MEITUAN-W,2026-08-11 00:00:00,94.0,93.05,96.45,93.0,0.0,0.00541,33413204.0,3151043030.0,-0.9052183173589015,93.9,HK.03690
HK.03690,MEITUAN-W,2026-08-12 00:00:00,92.3,91.65,92.3,89.8,0.0,0.00542,33443066.0,3047456599.0,-1.504567436861893,93.05,HK.03690
HK.03690,MEITUAN-W,2026-08-13 00:00:00,90.6,91.25,92.2,90.5,0.0,0.00348,21499771.0,1961745459.0,-0.4364429896344852,91.65,HK.03690
HK.03690,MEITUAN-W,2026-08-14 00:00:00,90.0,87.2,90.15,85.7,0.0,0.0122,75329330.0,6581505138.0,-4.438356164383558,91.25,HK.03690
HK.03690,MEITUAN-W,2026-08-17 00:00:00,87.2,87.65,88.75,87.15,0.0,0.00436,26917411.0,2368622225.0,0.5160550458715629,87.2,HK.03690
HK.03690,MEITUAN-W,2026-08-18 00:00:00,86.4,85.55,87.5,84.05,0.0,0.00857,52928312.0,4512235283.0,-2.395892755276678,87.65,HK.03690
HK.03690,MEITUAN-W,2026-08-19 00:00:00,85.6,87.05,88.2,85.5,0.0,0.00595,36756666.0,3206552251.0,1.7533606078316772,85.55,HK.03690
HK.03690,MEITUAN-W,2026-08-20 00:00:00,88.8,85.85,89.4,85.8,0.0,0.00463,28598752.0,2490645752.0,-1.3785180930499745,87.05,HK.03690
HK.03690,MEITUAN-W,2026-08-21 00:00:00,85.7,85.0,85.9,83.3,0.0,0.00695,42935990.0,3614753796.0,-0.9900990099009835,85.85,HK.03690
HK.03690,MEITUAN-W,2026-08-24 00:00:00,82.9,82.7,83.85,81.8,0.0,0.00745,46001232.0,3802200574.0,-2.705882352941173,85.0,HK.03690
HK.03690,MEITUAN-W,2026-08-25 00:00:00,82.9,77.2,83.2,77.1,0.0,0.01474,91016673.0,7132169310.0,-6.6505441354292625,82.7,HK.03690
HK.03690,MEITUAN-W,2026-08-26 00:00:00,78.2,78.05,79.45,77.75,0.0,0.00493,30472291.0,2397850333.0,1.1010362694300444,77.2,HK.03690
HK.03690,MEITUAN-W,2026-08-27 00:00:00,78.5,77.5,78.5,76.9,0.0,0.00447,27630800.0,2137782519.0,-0.7046764894298491,78.05,HK.03690
HK.03690,MEITUAN-W,2026-08-28 00:00:00,76.55,77.5,78.4,76.2,0.0,0.00541,33410203.0,2590045302.0,0.0,77.5,HK.03690
HK.03690,MEITUAN-W,2026-08-31 00:00:00,79.45,78.9,80.3,76.35,0.0,0.0149,92013016.0,7238905038.0,1.8064516129032333,77.5,HK.03690
HK.03690,MEITUAN-W,2026-09-01 00:00:00,78.3,76.65,79.45,76.05,0.0,0.00857,52924730.0,4084379628.0,-2.8517110266159693,78.9,HK.03690
HK.03690,MEITUAN-W,2026-09-02 00:00:00,75.95,78.75,78.9,74.45,0.0,0.0083,51240708.0,3961668555.0,2.7397260273972526,76.65,HK.03690
HK.03690,MEITUAN-W,2026-09-03 00:00:00,78.7,77.65,79.5,77.5,0.0,0.00502,31028252.0,2423340640.0,-1.3968253968253896,78.75,HK.03690
HK.03690,MEITUAN-W,2026-09-04 00:00:00,78.7,81.75,81.8,78.55,0.0,0.00905,55906440.0,4540000254.0,5.280103026400507,77.65,HK.03690
HK.03690,MEITUAN-W,2026-09-07 00:00:00,81.5,80.05,81.5,79.75,0.0,0.00356,21973574.0,1765058123.0,-2.0795107033639177,81.75,HK.03690
HK.03690,MEITUAN-W,2026-09-08 00:00:00,79.4,80.6,82.4,79.35,0.0,0.00357,22046144.0,1789242170.0,0.6870705808869422,80.05,HK.03690
HK.03690,MEITUAN-W,2026-09-09 00:00:00,80.2,77.8,80.2,77.1,0.0,0.00516,31841713.0,2487959045.0,-3.473945409429277,80.6,HK.03690
HK.03690,MEITUAN-W,2026-09-10 00:00:00,76.25,74.75,76.7,74.4,0.0,0.00769,47472674.0,3573822929.0,-3.920308483290485,77.8,HK.03690
HK.03690,MEITUAN-W,2026-09-11 00:00:00,74.0,75.1,75.6,73.4,0.0,0.00421,25980880.0,1941836907.0,0.4682274247491563,74.75,HK.03690
HK.03690,MEITUAN-W,2026-09-14 00:00:00,74.15,75.05,75.3,73.75,0.0,0.00279,17247251.0,1287551849.0,-0.06657789613847824,75.1,HK.03690
HK.03690,MEITUAN-W,2026-09-15 00:00:00,76.0,74.75,76.3,74.7,0.0,0.0024,14849739.0,1119551551.0,-0.39973351099266774,75.05,HK.03690
HK.03690,MEITUAN-W,2026-09-16 00:00:00,74.75,74.45,75.6,73.55,0.0,0.00271,16747522.0,1243129736.0,-0.4013377926421367,74.75,HK.03690
HK.03690,MEITUAN-W,2026-09-17 00:00:00,73.05,72.9,73.7,72.15,0.0,0.00443,27345155.0,1989415034.0,-2.0819341840161143,74.45,HK.03690
HK.03690,MEITUAN-W,2026-09-18 00:00:00,72.9,73.2,74.05,72.65,0.0,0.00553,34129761.0,2500179829.0,0.411522633744852,72.9,HK.03690
HK.03750,CATL,2026-08-03 00:00:00,626.371,623.371,628.371,615.871,36.173,0.00462,1009501.0,629742556.0,0.4026601339086541,620.871,HK.03750
HK.03750,CATL,2026-08-04 00:00:00,630.371,647.871,651.371,627.371,37.591,0.01313,2865413.0,1843185095.0,3.9302437874074987,623.371,HK.03750
HK.03750,CATL,2026-08-05 00:00:00,653.871,661.371,670.371,647.371,38.372,0.01007,2197966.0,1456728222.0,2.0837481535676083,647.871,HK.03750
HK.03750,CATL,2026-08-06 00:00:00,692.0,628.0,692.0,623.0,36.346,0.01781,3887480.0,2502768645.0,-5.04573076231041,661.371,HK.03750
HK.03750,CATL,2026-08-07 00:00:00,627.0,632.5,643.5,625.0,36.607,0.00805,1757466.0,1114070842.0,0.7165605095541402,628.0,HK.03750
HK.03750,CATL,2026-08-10 00:00:00,631.0,641.0,643.0,626.5,37.099,0.00551,1202424.0,765065577.0,1.3438735177865613,632.5,HK.03750
HK.03750,CATL,2026-08-11 00:00:00,641.0,651.5,667.0,641.0,37.706,0.01106,2414318.0,1580955468.0,1.6380655226209049,641.0,HK.03750
HK.03750,CATL,2026-08-12 00:00:00,644.0,654.0,655.0,632.0,37.851,0.00644,1405896.0,911641161.0,0.38372985418265537,651.5,HK.03750
HK.03750,CATL,2026-08-13 00:00:00,651.0,652.5,664.5,647.0,37.764,0.00682,1489867.0,978519877.0,-0.22935779816513763,654.0,HK.03750
HK.03750,CATL,2026-08-14 00:00:00,652.5,641.5,658.0,639.0,37.128,0.00533,1163891.0,750547039.0,-1.6858237547892718,652.5,HK.03750
HK.03750,CATL,2026-08-17 00:00:00,641.5,652.0,658.5,638.0,37.735,0.00498,1087767.0,709252676.0,1.6367887763055338,641.5,HK.03750
HK.03750,CATL,2026-08-18 00:00:00,650.0,650.5,660.0,635.5,37.649,0.00633,1381038.0,891583472.0,-0.23006134969325154,652.0,HK.03750
HK.03750,CATL,2026-08-19 00:00:00,643.0,628.5,649.5,626.5,36.375,0.00715,1560633.0,985300364.0,-3.3820138355111453,650.5,HK.03750
HK.03750,CATL,2026-08-20 00:00:00,633.5,629.0,636.0,627.0,36.404,0.00463,1010503.0,637072007.0,0.07955449482895784,628.5,HK.03750
HK.03750,CATL,2026-08-21 00:00:00,638.0,652.5,655.5,630.5,37.764,0.00819,1788699.0,1159087198.0,3.7360890302066774,629.0,HK.03750
HK.03750,CATL,2026-08-24 00:00:00,652.5,638.5,653.0,636.0,36.954,0.00507,1105834.0,708605461.0,-2.1455938697318007,652.5,HK.03750
HK.03750,CATL,2026-08-25 00:00:00,638.5,621.0,640.5,618.0,35.941,0.00853,1863051.0,1164328617.0,-2.74079874706343,638.5,HK.03750
HK.03750,CATL,2026-08-26 00:00:00,621.0,618.0,632.0,616.5,35.768,0.00729,1590742.0,990641498.0,-0.4830917874396135,621.0,HK.03750
HK.03750,CATL,2026-08-27 00:00:00,617.5,613.5,620.0,609.0,35.507,0.00859,1876198.0,1148616830.0,-0.7281553398058253,618.0,HK.03750
HK.03750,CATL,2026-08-28 00:00:00,620.0,616.5,622.0,608.0,35.681,0.0076,1659287.0,1019427111.0,0.4889975550122249,613.5,HK.03750
HK.03750,CATL,2026-08-31 00:00:00,608.0,599.5,610.5,590.0,34.697,0.01084,2367199.0,1416461712.0,-2.75750202757502,616.5,HK.03750
HK.03750,CATL,2026-09-01 00:00:00,599.5,592.0,602.0,590.0,34.263,0.00995,2172493.0,1287717009.0,-1.2510425354462051,599.5,HK.03750
HK.03750,CATL,2026-09-02 00:00:00,588.0,564.5,590.0,563.5,32.671,0.02046,4467209.0,2537862444.0,-4.64527027027027,592.0,HK.03750
HK.03750,CATL,2026-09-03 00:00:00,574.5,567.5,579.0,565.0,32.847,0.00811,1770817.0,1009541441.0,0.5314437555358724,564.5,HK.03750
HK.03750,CATL,2026-09-04 00:00:00,578.0,574.5,582.0,572.5,33.252,0.00897,1958719.0,1128909755.0,1.2334801762114538,567.5,HK.03750
HK.03750,CATL,2026-09-07 00:00:00,578.0,572.5,578.5,570.5,33.136,0.00911,1988567.0,1142381227.0,-0.34812880765883375,574.5,HK.03750
HK.03750,CATL,2026-09-08 00:00:00,570.5,562.0,574.0,546.5,32.528,0.01692,3693894.0,2066015609.0,-1.8340611353711789,572.5,HK.03750
HK.03750,CATL,2026-09-09 00:00:00,562.0,562.0,564.0,552.0,32.528,0.01244,2715447.0,1513308588.0,0.0,562.0,HK.03750
HK.03750,CATL,2026-09-10 00:00:00,555.5,561.5,563.0,552.0,32.499,0.00661,1443963.0,807190102.0,-0.0889679715302491,562.0,HK.03750
HK.03750,CATL,2026-09-11 00:00:00,554.0,547.5,555.0,540.0,31.689,0.01134,2475275.0,1350367097.0,-2.4933214603739984,561.5,HK.03750
HK.03750,CATL,2026-09-14 00:00:00,547.5,549.0,557.0,545.0,31.776,0.00624,1361328.0,750341857.0,0.273972602739726,547.5,HK.03750
HK.03750,CATL,2026-09-15 00:00:00,545.5,516.0,547.5,510.0,29.869,0.02642,5768204.0,3008761832.0,-6.0109289617486334,549.0,HK.03750
HK.03750,CATL,2026-09-16 00:00:00,505.5,501.0,508.0,486.4,29.001,0.03473,7580754.0,3757029185.0,-2.9069767441860463,516.0,HK.03750
HK.03750,CATL,2026-09-17 00:00:00,498.0,507.0,511.5,496.6,29.348,0.01404,3065147.0,1544509976.0,1.1976047904191618,501.0,HK.03750
HK.03750,CATL,2026-09-18 00:00:00,511.0,507.0,518.0,501.0,29.348,0.01626,3550167.0,1798180019.0,0.0,507.0,HK.03750
HK.03968,CM BANK,2026-08-03 00:00:00,50.9,50.9,51.3,50.25,7.72,0.00264,12107184.0,614059889.0,0.0,50.9,HK.03968
HK.03968,CM BANK,2026-08-04 00:00:00,51.0,49.46,51.1,49.22,7.501,0.00376,17265690.0,857925116.0,-2.829076620825143,50.9,HK.03968
HK.03968,CM BANK,2026-08-05 00:00:00,49.66,48.76,49.92,48.7,7.395,0.00257,11781394.0,576109317.0,-1.415285078851603,49.46,HK.03968
HK.03968,CM BANK,2026-08-06 00:00:00,48.74,48.9,49.06,48.1,7.416,0.00253,11624469.0,564739434.0,0.2871205906480734,48.76,HK.03968
HK.03968,CM BANK,2026-08-07 00:00:00,48.84,48.68,49.06,48.1,7.383,0.00232,10657650.0,518083770.0,-0.44989775051124514,48.9,HK.03968
HK.03968,CM BANK,2026-08-10 00:00:00,48.68,49.0,49.02,48.0,7.432,0.00156,7139738.0,348303429.0,0.6573541495480696,48.68,HK.03968
HK.03968,CM BANK,2026-08-11 00:00:00,49.0,48.34,49.12,48.3,7.332,0.00128,5884896.0,285486617.0,-1.3469387755101971,49.0,HK.03968
HK.03968,CM BANK,2026-08-12 00:00:00,48.34,48.02,48.34,47.78,7.283,0.0022,10122418.0,486280201.0,-0.6619776582540345,48.34,HK.03968
HK.03968,CM BANK,2026-08-13 00:00:00,48.02,48.38,48.4,47.68,7.338,0.00156,7159863.0,345427749.0,0.7496876301541012,48.02,HK.03968
HK.03968,CM BANK,2026-08-14 00:00:00,47.94,47.96,48.28,47.8,7.274,0.00116,5341119.0,256726771.0,-0.8681273253410535,48.38,HK.03968
HK.03968,CM BANK,2026-08-17 00:00:00,48.28,47.82,48.3,47.7,7.253,0.00165,7576583.0,362921946.0,-0.29190992493744905,47.96,HK.03968
HK.03968,CM BANK,2026-08-18 00:00:00,47.68,48.0,48.08,47.4,7.28,0.00275,12618161.0,603694191.0,0.37641154328732684,47.82,HK.03968
HK.03968,CM BANK,2026-08-19 00:00:00,47.8,48.7,48.98,47.44,7.386,0.00236,10856081.0,525498204.0,1.4583333333333393,48.0,HK.03968
HK.03968,CM BANK,2026-08-20 00:00:00,48.82,49.0,49.06,48.1,7.432,0.00189,8676898.0,422685757.0,0.6160164271047169,48.7,HK.03968
HK.03968,CM BANK,2026-08-21 00:00:00,48.6,49.44,49.64,48.6,7.498,0.00239,10981362.0,541963282.0,0.8979591836734647,49.0,HK.03968
HK.03968,CM BANK,2026-08-24 00:00:00,48.84,49.52,49.7,48.84,7.51,0.0026,11925588.0,590143211.0,0.16181229773463876,49.44,HK.03968
HK.03968,CM BANK,2026-08-25 00:00:00,49.9,49.38,50.3,49.3,7.489,0.00244,11201375.0,555261353.0,-0.2827140549273032,49.52,HK.03968
HK.03968,CM BANK,2026-08-26 00:00:00,49.44,49.42,49.9,49.3,7.495,0.0025,11499400.0,570691882.0,0.08100445524503674,49.38,HK.03968
HK.03968,CM BANK,2026-08-27 00:00:00,49.7,49.52,49.92,48.86,7.51,0.00239,10974090.0,541038776.0,0.2023472278429814,49.42,HK.03968
HK.03968,CM BANK,2026-08-28 00:00:00,48.96,49.02,49.8,48.7,7.435,0.0033,15154641.0,744526213.0,-1.0096930533117932,49.52,HK.03968
HK.03968,CM BANK,2026-08-31 00:00:00,48.28,50.95,50.95,48.28,7.727,0.00588,26971865.0,1361383678.0,3.9371685026519785,49.02,HK.03968
HK.03968,CM BANK,2026-09-01 00:00:00,50.45,51.45,51.65,50.45,7.803,0.00299,13743008.0,704824972.0,0.9813542688910696,50.95,HK.03968
HK.03968,CM BANK,2026-09-02 00:00:00,51.3,51.75,51.75,50.95,7.849,0.00215,9869098.0,507603129.0,0.5830903790087408,51.45,HK.03968
HK.03968,CM BANK,2026-09-03 00:00:00,51.8,51.9,52.6,51.55,7.871,0.0036,16532312.0,859695513.0,0.2898550724637654,51.75,HK.03968
HK.03968,CM BANK,2026-09-04 00:00:00,52.25,53.35,53.45,51.95,8.091,0.0049,22482422.0,1192608233.0,2.7938342967244756,51.9,HK.03968
HK.03968,CM BANK,2026-09-07 00:00:00,53.25,51.9,53.55,51.7,7.871,0.00214,9816170.0,513618074.0,-2.717900656044991,53.35,HK.03968
HK.03968,CM BANK,2026-09-08 00:00:00,51.4,51.9,52.05,51.4,7.871,0.00201,9240748.0,477850318.0,0.0,51.9,HK.03968
HK.03968,CM BANK,2026-09-09 00:00:00,51.55,51.85,51.85,51.1,7.864,0.00303,13911886.0,718869587.0,-0.09633911368014866,51.9,HK.03968
HK.03968,CM BANK,2026-09-10 00:00:00,51.4,52.15,52.2,51.3,7.909,0.00201,9206044.0,478291861.0,0.5785920925747293,51.85,HK.03968
HK.03968,CM BANK,2026-09-11 00:00:00,52.15,51.95,52.65,51.35,7.879,0.00248,11376560.0,590676716.0,-0.3835091083413149,52.15,HK.03968
HK.03968,CM BANK,2026-09-14 00:00:00,51.55,52.75,52.75,51.55,8.0,0.00249,11437716.0,600065955.0,1.5399422521655382,51.95,HK.03968
HK.03968,CM BANK,2026-09-15 00:00:00,52.75,51.2,52.75,51.1,7.765,0.00261,11968853.0,615870559.0,-2.938388625592412,52.75,HK.03968
HK.03968,CM BANK,2026-09-16 00:00:00,51.45,51.35,51.65,50.95,7.788,0.0019,8728071.0,447095571.0,0.2929687499999972,51.2,HK.03968
HK.03968,CM BANK,2026-09-17 00:00:00,50.7,51.3,51.4,50.5,7.78,0.00164,7525033.0,384540097.0,-0.09737098344694112,51.35,HK.03968
HK.03968,CM BANK,2026-09-18 00:00:00,51.7,51.2,51.7,50.9,7.765,0.00275,12618701.0,647179223.0,-0.19493177387913124,51.3,HK.03968
HK.03988,BANK OF CHINA,2026-08-03 00:00:00,5.54,5.485,5.58,5.435,6.568,0.00166,139140074.0,764892914.0,-0.45372050816695947,5.51,HK.03988
HK.03988,BANK OF CHINA,2026-08-04 00:00:00,5.485,5.335,5.5,5.305,6.389,0.00226,189325159.0,1013775387.0,-2.73473108477667,5.485,HK.03988
HK.03988,BANK OF CHINA,2026-08-05 00:00:00,5.3,5.27,5.33,5.245,6.311,0.00153,127551965.0,672285256.0,-1.2183692596063804,5.335,HK.03988
HK.03988,BANK OF CHINA,2026-08-06 00:00:00,5.23,5.28,5.285,5.205,6.323,0.00129,108240492.0,568981220.0,0.18975332068312478,5.27,HK.03988
HK.03988,BANK OF CHINA,2026-08-07 00:00:00,5.28,5.23,5.3,5.2,6.263,0.00147,123003835.0,643686063.0,-0.9469696969696936,5.28,HK.03988
HK.03988,BANK OF CHINA,2026-08-10 00:00:00,5.265,5.285,5.3,5.2,6.329,0.00149,124277895.0,654913678.0,1.0516252390057306,5.23,HK.03988
HK.03988,BANK OF CHINA,2026-08-11 00:00:00,5.29,5.26,5.32,5.235,6.299,0.00111,92865345.0,488062330.0,-0.47303689687796313,5.285,HK.03988
HK.03988,BANK OF CHINA,2026-08-12 00:00:00,5.26,5.205,5.26,5.185,6.233,0.00099,82813812.0,431130379.0,-1.0456273764258501,5.26,HK.03988
HK.03988,BANK OF CHINA,2026-08-13 00:00:00,5.205,5.285,5.285,5.18,6.329,0.00178,148667106.0,780497040.0,1.5369836695485124,5.205,HK.03988
HK.03988,BANK OF CHINA,2026-08-14 00:00:00,5.275,5.25,5.285,5.235,6.287,0.00104,86970517.0,457664706.0,-0.6622516556291418,5.285,HK.03988
HK.03988,BANK OF CHINA,2026-08-17 00:00:00,5.29,5.305,5.335,5.28,6.353,0.00117,97641843.0,518614657.0,1.0476190476190421,5.25,HK.03988
HK.03988,BANK OF CHINA,2026-08-18 00:00:00,5.285,5.32,5.36,5.255,6.371,0.00162,135126369.0,718978839.0,0.28275212064091554,5.305,HK.03988
HK.03988,BANK OF CHINA,2026-08-19 00:00:00,5.335,5.41,5.425,5.315,6.479,0.00273,228368357.0,1233787348.0,1.6917293233082678,5.32,HK.03988
HK.03988,BANK OF CHINA,2026-08-20 00:00:00,5.415,5.44,5.46,5.38,6.514,0.00163,136658132.0,742598133.0,0.5545286506469547,5.41,HK.03988
HK.03988,BANK OF CHINA,2026-08-21 00:00:00,5.44,5.505,5.525,5.44,6.592,0.0025,208720032.0,1147349993.0,1.1948529411764612,5.44,HK.03988
HK.03988,BANK OF CHINA,2026-08-24 00:00:00,5.485,5.485,5.515,5.46,6.568,0.00158,132371685.0,727072858.0,-0.3633060853769223,5.505,HK.03988
HK.03988,BANK OF CHINA,2026-08-25 00:00:00,5.52,5.545,5.595,5.505,6.64,0.00261,218637850.0,1213553914.0,1.0938924339106582,5.485,HK.03988
HK.03988,BANK OF CHINA,2026-08-26 00:00:00,5.56,5.555,5.625,5.545,6.652,0.0015,125530428.0,700907140.0,0.1803426510369664,5.545,HK.03988
HK.03988,BANK OF CHINA,2026-08-27 00:00:00,5.555,5.505,5.6,5.455,6.592,0.00133,111103682.0,611442223.0,-0.900090009000897,5.555,HK.03988
HK.03988,BANK OF CHINA,2026-08-28 00:00:00,5.48,5.58,5.595,5.47,6.682,0.00192,160754166.0,894274795.0,1.362397820163491,5.505,HK.03988
HK.03988,BANK OF CHINA,2026-08-31 00:00:00,5.58,5.9,5.9,5.56,7.065,0.00816,682624195.0,3985906923.0,5.734767025089611,5.58,HK.03988
HK.03988,BANK OF CHINA,2026-09-01 00:00:00,5.86,5.975,5.98,5.835,7.155,0.00377,315242158.0,1867065575.0,1.271186440677954,5.9,HK.03988
HK.03988,BANK OF CHINA,2026-09-02 00:00:00,5.975,6.0,6.03,5.94,7.185,0.00263,219609111.0,1311719237.0,0.41841004184101016,5.975,HK.03988
HK.03988,BANK OF CHINA,2026-09-03 00:00:00,6.03,5.95,6.07,5.93,7.125,0.00226,189102730.0,1133659971.0,-0.8333333333333304,6.0,HK.03988
HK.03988,BANK OF CHINA,2026-09-04 00:00:00,6.005,6.065,6.14,6.005,7.263,0.00378,316017412.0,1923914798.0,1.932773109243701,5.95,HK.03988
HK.03988,BANK OF CHINA,2026-09-07 00:00:00,6.1,5.945,6.1,5.91,7.119,0.00219,183083517.0,1094011568.0,-1.9785655399835136,6.065,HK.03988
HK.03988,BANK OF CHINA,2026-09-08 00:00:00,5.865,5.875,5.92,5.855,7.035,0.00144,120469011.0,708259525.0,-1.1774600504625783,5.945,HK.03988
HK.03988,BANK OF CHINA,2026-09-09 00:00:00,5.87,5.915,5.975,5.835,7.083,0.0015,125144800.0,739831958.0,0.6808510638297879,5.875,HK.03988
HK.03988,BANK OF CHINA,2026-09-10 00:00:00,5.9,5.97,5.985,5.865,7.149,0.00173,144773828.0,860598857.0,0.929839391377848,5.915,HK.03988
HK.03988,BANK OF CHINA,2026-09-11 00:00:00,5.93,6.045,6.045,5.895,7.239,0.00352,294765807.0,1770851314.0,1.2562814070351789,5.97,HK.03988
HK.03988,BANK OF CHINA,2026-09-14 00:00:00,6.07,6.085,6.115,6.02,7.287,0.00199,166636475.0,1010804881.0,0.6617038875103397,6.045,HK.03988
HK.03988,BANK OF CHINA,2026-09-15 00:00:00,6.08,5.955,6.08,5.93,7.131,0.00139,116170238.0,694010003.0,-2.136400986031223,6.085,HK.03988
HK.03988,BANK OF CHINA,2026-09-16 00:00:00,5.975,5.98,6.005,5.92,7.161,0.00119,99198149.0,591400381.0,0.41981528127624446,5.955,HK.03988
HK.03988,BANK OF CHINA,2026-09-17 00:00:00,5.94,5.99,6.005,5.865,7.173,0.00181,150946336.0,899761835.0,0.16722408026755495,5.98,HK.03988
HK.03988,BANK OF CHINA,2026-09-18 00:00:00,6.03,5.985,6.03,5.945,7.167,0.00241,201122653.0,1202895902.0,-0.08347245409014846,5.99,HK.03988
HK.03993,CMOC,2026-08-03 00:00:00,16.6002,16.6402,16.7802,16.3202,15.906,0.00445,17503602.0,292565007.0,-0.8343166350818259,16.7802,HK.03993
HK.03993,CMOC,2026-08-04 00:00:00,16.8702,16.8902,17.1502,16.6502,16.144,0.00837,32934969.0,560288076.0,1.5023857886323482,16.6402,HK.03993
HK.03993,CMOC,2026-08-05 00:00:00,17.2902,18.3602,18.5402,17.2502,17.54,0.01555,61172075.0,1112310679.0,8.703271719695438,16.8902,HK.03993
HK.03993,CMOC,2026-08-06 00:00:00,18.9102,18.7002,19.5302,18.5502,17.863,0.02148,84504543.0,1614583523.0,1.85183167939347,18.3602,HK.03993
HK.03993,CMOC,2026-08-07 00:00:00,18.7702,18.9902,19.1602,18.5802,18.138,0.01307,51429457.0,976733098.0,1.5507855530957033,18.7002,HK.03993
HK.03993,CMOC,2026-08-10 00:00:00,19.0802,18.7802,19.1202,18.2502,17.939,0.01119,44005782.0,824450999.0,-1.1058335351918402,18.9902,HK.03993
HK.03993,CMOC,2026-08-11 00:00:00,18.8402,17.7902,19.1002,17.6702,16.999,0.01046,41124984.0,747084819.0,-5.271509355597927,18.7802,HK.03993
HK.03993,CMOC,2026-08-12 00:00:00,17.8902,17.9902,18.0502,17.5602,17.188,0.00604,23770904.0,425693381.0,1.1242144551494804,17.7902,HK.03993
HK.03993,CMOC,2026-08-13 00:00:00,17.9902,17.2202,17.9902,17.0802,16.457,0.00843,33141132.0,579489978.0,-4.280108058832048,17.9902,HK.03993
HK.03993,CMOC,2026-08-14 00:00:00,17.1802,16.9002,17.3302,16.860199999,16.153,0.00777,30559112.0,522312614.0,-1.8582827144864564,17.2202,HK.03993
HK.03993,CMOC,2026-08-17 00:00:00,17.2302,17.5302,17.8002,17.2302,16.752,0.0105,41310669.0,730884119.0,3.727766535307268,16.9002,HK.03993
HK.03993,CMOC,2026-08-18 00:00:00,17.5302,16.9802,17.5302,16.7102,16.229,0.0082,32235963.0,550424123.0,-3.137442812974186,17.5302,HK.03993
HK.03993,CMOC,2026-08-19 00:00:00,16.270199999,16.3902,16.8102,16.2302,15.669,0.01079,42450152.0,702341660.0,-3.4746351633078523,16.9802,HK.03993
HK.03993,CMOC,2026-08-20 00:00:00,17.2102,16.610199999,17.3502,16.6002,15.878,0.00926,36412534.0,620776463.0,1.3422654940147085,16.3902,HK.03993
HK.03993,CMOC,2026-08-21 00:00:00,16.9302,16.8902,17.2002,16.700199999,16.144,0.01,39321056.0,669909008.0,1.685711195631951,16.610199999,HK.03993
HK.03993,CMOC,2026-08-24 00:00:00,17.4802,17.1902,17.7402,17.0102,16.429,0.01174,46194951.0,806599023.0,1.7761779019786663,16.8902,HK.03993
HK.03993,CMOC,2026-08-25 00:00:00,17.2002,16.7502,17.3802,16.3702,16.011,0.00827,32524693.0,546612813.0,-2.559597910437349,17.1902,HK.03993
HK.03993,CMOC,2026-08-26 00:00:00,17.1402,17.9802,18.0202,17.0502,17.179,0.02159,84909222.0,1517772156.0,7.3431959021384845,16.7502,HK.03993
HK.03993,CMOC,2026-08-27 00:00:00,17.9502,17.4202,17.9802,17.3602,16.647,0.01126,44300590.0,782092878.0,-3.1145371019232195,17.9802,HK.03993
HK.03993,CMOC,2026-08-28 00:00:00,17.5102,17.5802,17.8402,17.2702,16.799,0.00764,30035784.0,530843226.0,0.9184739555228993,17.4202,HK.03993
HK.03993,CMOC,2026-08-31 00:00:00,16.9902,16.7402,16.9902,16.270199999,16.001,0.01687,66339484.0,1109683995.0,-4.778102638195241,17.5802,HK.03993
HK.03993,CMOC,2026-09-01 00:00:00,16.96,16.62,17.05,16.6,15.783,0.00542,21335269.0,358331395.0,-0.7180320426279286,16.7402,HK.03993
HK.03993,CMOC,2026-09-02 00:00:00,16.03,16.06,16.3,15.67,15.251,0.00852,33501014.0,534002246.0,-3.369434416365838,16.62,HK.03993
HK.03993,CMOC,2026-09-03 00:00:00,16.19,16.62,16.8,16.19,15.783,0.00681,26783516.0,443680199.0,3.486924034869255,16.06,HK.03993
HK.03993,CMOC,2026-09-04 00:00:00,17.07,16.45,17.08,16.45,15.622,0.00791,31130427.0,517972272.0,-1.0228640192539211,16.62,HK.03993
HK.03993,CMOC,2026-09-07 00:00:00,16.49,16.37,16.66,16.21,15.546,0.00472,18566460.0,304540331.0,-0.48632218844983766,16.45,HK.03993
HK.03993,CMOC,2026-09-08 00:00:00,16.7,17.61,17.66,16.65,16.723,0.0162,63732848.0,1105142186.0,7.574832009773967,16.37,HK.03993
HK.03993,CMOC,2026-09-09 00:00:00,17.78,17.8,17.94,17.5,16.904,0.0077,30290444.0,537392654.0,1.0789324247586671,17.61,HK.03993
HK.03993,CMOC,2026-09-10 00:00:00,17.53,17.34,17.8,17.24,16.467,0.00692,27229671.0,473868846.0,-2.584269662921353,17.8,HK.03993
HK.03993,CMOC,2026-09-11 00:00:00,16.6,16.0,16.8,15.18,15.194,0.02523,99258630.0,1567719173.0,-7.727797001153401,17.34,HK.03993
HK.03993,CMOC,2026-09-14 00:00:00,15.9,15.62,15.95,15.56,14.833,0.0089,34990617.0,551542127.0,-2.375000000000005,16.0,HK.03993
HK.03993,CMOC,2026-09-15 00:00:00,15.54,15.19,15.55,15.06,14.425,0.0085,33431579.0,510141313.0,-2.7528809218950046,15.62,HK.03993
HK.03993,CMOC,2026-09-16 00:00:00,15.31,15.67,15.73,15.18,14.881,0.00681,26798813.0,416343688.0,3.1599736668861125,15.19,HK.03993
HK.03993,CMOC,2026-09-17 00:00:00,15.45,15.52,15.54,14.93,14.738,0.00766,30143772.0,461871357.0,-0.9572431397575007,15.67,HK.03993
HK.03993,CMOC,2026-09-18 00:00:00,15.68,15.69,15.78,15.48,14.9,0.00741,29136076.0,455823504.0,1.0953608247422677,15.52,HK.03993
HK.06060,ZA ONLINE,2026-08-03 00:00:00,11.0,11.18,11.22,10.92,15.441,0.00362,5924688.0,65701243.0,0.8115419296663648,11.09,HK.06060
HK.06060,ZA ONLINE,2026-08-04 00:00:00,11.26,11.43,11.66,11.26,15.787,0.00575,9393902.0,107543841.0,2.23613595706619,11.18,HK.06060
HK.06060,ZA ONLINE,2026-08-05 00:00:00,11.43,11.37,11.49,11.21,15.704,0.00263,4293109.0,48778177.0,-0.5249343832021041,11.43,HK.06060
HK.06060,ZA ONLINE,2026-08-06 00:00:00,11.21,11.19,11.42,11.15,15.455,0.00297,4856859.0,54517495.0,-1.5831134564643776,11.37,HK.06060
HK.06060,ZA ONLINE,2026-08-07 00:00:00,11.18,11.11,11.2,10.98,15.345,0.00305,4983390.0,55129858.0,-0.7149240393208228,11.19,HK.06060
HK.06060,ZA ONLINE,2026-08-10 00:00:00,11.11,11.1,11.24,11.02,15.331,0.00205,3355109.0,37256902.0,-0.0900090009000881,11.11,HK.06060
HK.06060,ZA ONLINE,2026-08-11 00:00:00,11.12,10.91,11.12,10.86,15.069,0.00294,4798518.0,52509129.0,-1.7117117117117073,11.1,HK.06060
HK.06060,ZA ONLINE,2026-08-12 00:00:00,10.91,10.88,10.91,10.69,15.027,0.00216,3534009.0,38184001.0,-0.27497708524289055,10.91,HK.06060
HK.06060,ZA ONLINE,2026-08-13 00:00:00,10.88,10.88,11.02,10.78,15.027,0.00266,4354917.0,47412478.0,0.0,10.88,HK.06060
HK.06060,ZA ONLINE,2026-08-14 00:00:00,10.86,10.54,10.9,10.41,14.558,0.00305,4985010.0,52427836.0,-3.1250000000000147,10.88,HK.06060
HK.06060,ZA ONLINE,2026-08-17 00:00:00,10.5,10.69,10.72,10.5,14.765,0.00264,4322008.0,45992204.0,1.4231499051233432,10.54,HK.06060
HK.06060,ZA ONLINE,2026-08-18 00:00:00,10.75,10.49,10.75,10.33,14.488,0.00202,3304567.0,34561980.0,-1.8709073900841842,10.69,HK.06060
HK.06060,ZA ONLINE,2026-08-19 00:00:00,10.55,10.43,10.55,10.31,14.406,0.0036,5879166.0,61067043.0,-0.5719733079123022,10.49,HK.06060
HK.06060,ZA ONLINE,2026-08-20 00:00:00,10.6,10.02,10.61,9.97,13.839,0.00871,14235110.0,143890562.0,-3.9309683604985635,10.43,HK.06060
HK.06060,ZA ONLINE,2026-08-21 00:00:00,10.16,10.52,10.57,10.15,14.53,0.00746,12193120.0,127423209.0,4.990019960079841,10.02,HK.06060
HK.06060,ZA ONLINE,2026-08-24 00:00:00,10.5,10.74,10.9,10.38,14.834,0.00801,13097684.0,139718601.0,2.091254752851717,10.52,HK.06060
HK.06060,ZA ONLINE,2026-08-25 00:00:00,10.7,10.92,10.92,10.55,15.082,0.01579,25820093.0,280018302.0,1.675977653631282,10.74,HK.06060
HK.06060,ZA ONLINE,2026-08-26 00:00:00,11.4,12.31,12.38,11.39,17.002,0.02939,48053597.0,574566594.0,12.728937728937733,10.92,HK.06060
HK.06060,ZA ONLINE,2026-08-27 00:00:00,12.13,11.72,12.36,11.63,16.187,0.01137,18583261.0,220258052.0,-4.792851340373678,12.31,HK.06060
HK.06060,ZA ONLINE,2026-08-28 00:00:00,11.72,11.74,11.98,11.6,16.215,0.00778,12719294.0,150106289.0,0.17064846416381887,11.72,HK.06060
HK.06060,ZA ONLINE,2026-08-31 00:00:00,11.62,11.42,11.66,11.31,15.773,0.00808,13206859.0,150811937.0,-2.7257240204429327,11.74,HK.06060
HK.06060,ZA ONLINE,2026-09-01 00:00:00,11.42,11.41,11.65,11.34,15.759,0.00562,9181000.0,104971366.0,-0.08756567425568991,11.42,HK.06060
HK.06060,ZA ONLINE,2026-09-02 00:00:00,11.38,11.4,11.4,11.14,15.745,0.00298,4875809.0,55047210.0,-0.08764241893076062,11.41,HK.06060
HK.06060,ZA ONLINE,2026-09-03 00:00:00,11.4,11.5,11.8,11.39,15.883,0.00496,8101100.0,93747749.0,0.8771929824561372,11.4,HK.06060
HK.06060,ZA ONLINE,2026-09-04 00:00:00,11.78,11.64,12.07,11.6,16.077,0.00768,12563000.0,148764699.0,1.217391304347831,11.5,HK.06060
HK.06060,ZA ONLINE,2026-09-07 00:00:00,11.64,11.27,11.71,11.25,15.566,0.00652,10663709.0,121375521.0,-3.1786941580756096,11.64,HK.06060
HK.06060,ZA ONLINE,2026-09-08 00:00:00,11.4,11.14,11.4,11.07,15.386,0.00404,6602444.0,73688931.0,-1.153504880212946,11.27,HK.06060
HK.06060,ZA ONLINE,2026-09-09 00:00:00,11.13,10.7,11.13,10.6,14.779,0.00779,12741609.0,136996835.0,-3.9497307001795448,11.14,HK.06060
HK.06060,ZA ONLINE,2026-09-10 00:00:00,10.6,10.37,10.62,10.27,14.323,0.00431,7046335.0,73134891.0,-3.0841121495327113,10.7,HK.06060
HK.06060,ZA ONLINE,2026-09-11 00:00:00,10.35,10.16,10.35,10.0,14.033,0.00434,7095730.0,71860304.0,-2.025072324011563,10.37,HK.06060
HK.06060,ZA ONLINE,2026-09-14 00:00:00,10.07,10.11,10.16,9.97,13.964,0.00385,6298920.0,63459914.0,-0.4921259842519755,10.16,HK.06060
HK.06060,ZA ONLINE,2026-09-15 00:00:00,10.16,9.98,10.16,9.8,13.784,0.00466,7616597.0,75672863.0,-1.285855588526202,10.11,HK.06060
HK.06060,ZA ONLINE,2026-09-16 00:00:00,9.99,10.08,10.13,9.87,13.922,0.00585,9560610.0,95687591.0,1.0020040080160284,9.98,HK.06060
HK.06060,ZA ONLINE,2026-09-17 00:00:00,10.09,9.9,10.09,9.875,13.674,0.00391,6389260.0,63384489.0,-1.785714285714283,10.08,HK.06060
HK.06060,ZA ONLINE,2026-09-18 00:00:00,9.95,10.09,10.09,9.875,13.936,0.00966,15790939.0,158466412.0,1.9191919191919142,9.9,HK.06060
HK.06181,LAOPU GOLD,2026-08-03 00:00:00,323.8,320.0,324.4,313.8,10.494,0.00668,958711.0,305896935.0,-1.4778325123152742,324.8,HK.06181
HK.06181,LAOPU GOLD,2026-08-04 00:00:00,315.0,318.8,320.0,310.0,10.454,0.00734,1053749.0,331934902.0,-0.37499999999999645,320.0,HK.06181
HK.06181,LAOPU GOLD,2026-08-05 00:00:00,317.2,340.2,340.6,317.2,11.156,0.01154,1655835.0,552976243.0,6.712672521957333,318.8,HK.06181
HK.06181,LAOPU GOLD,2026-08-06 00:00:00,361.2,351.2,371.8,350.0,11.517,0.01384,1986350.0,712664601.0,3.2333921222810114,340.2,HK.06181
HK.06181,LAOPU GOLD,2026-08-07 00:00:00,350.0,352.0,356.4,338.4,11.543,0.00939,1347745.0,465856080.0,0.22779043280182557,351.2,HK.06181
HK.06181,LAOPU GOLD,2026-08-10 00:00:00,366.0,395.6,397.0,365.0,12.973,0.02672,3835902.0,1478560780.0,12.386363636363642,352.0,HK.06181
HK.06181,LAOPU GOLD,2026-08-11 00:00:00,402.8,362.0,411.6,362.0,11.871,0.02062,2959935.0,1139981718.0,-8.49342770475228,395.6,HK.06181
HK.06181,LAOPU GOLD,2026-08-12 00:00:00,368.4,359.2,368.4,357.2,11.779,0.00707,1015487.0,367003774.0,-0.7734806629834285,362.0,HK.06181
HK.06181,LAOPU GOLD,2026-08-13 00:00:00,363.0,346.4,367.6,341.2,11.359,0.01134,1627715.0,575133769.0,-3.563474387527843,359.2,HK.06181
HK.06181,LAOPU GOLD,2026-08-14 00:00:00,340.0,333.6,344.6,333.2,10.94,0.00853,1223733.0,414208693.0,-3.6951501154734285,346.4,HK.06181
HK.06181,LAOPU GOLD,2026-08-17 00:00:00,337.0,350.8,353.0,337.0,11.504,0.00651,934565.0,325104593.0,5.155875299760188,333.6,HK.06181
HK.06181,LAOPU GOLD,2026-08-18 00:00:00,357.2,342.8,357.8,337.2,11.241,0.00475,682331.0,235469588.0,-2.280501710376283,350.8,HK.06181
HK.06181,LAOPU GOLD,2026-08-19 00:00:00,335.6,342.4,345.6,330.2,11.228,0.0042,602285.0,204558844.0,-0.116686114352402,342.8,HK.06181
HK.06181,LAOPU GOLD,2026-08-20 00:00:00,365.8,370.2,384.8,363.8,12.14,0.01677,2406635.0,903888553.0,8.119158878504678,342.4,HK.06181
HK.06181,LAOPU GOLD,2026-08-21 00:00:00,378.0,397.8,402.2,371.2,13.045,0.01735,2489825.0,972787614.0,7.455429497568888,370.2,HK.06181
HK.06181,LAOPU GOLD,2026-08-24 00:00:00,405.0,398.2,422.2,393.6,13.058,0.01665,2389857.0,969121122.0,0.1005530417295066,397.8,HK.06181
HK.06181,LAOPU GOLD,2026-08-25 00:00:00,401.0,389.8,407.2,381.0,12.783,0.00841,1207019.0,469714036.0,-2.109492717227518,398.2,HK.06181
HK.06181,LAOPU GOLD,2026-08-26 00:00:00,395.0,405.4,411.4,383.0,13.294,0.0173,2483400.0,997118953.0,4.00205233453052,389.8,HK.06181
HK.06181,LAOPU GOLD,2026-08-27 00:00:00,402.4,407.4,419.8,398.0,13.36,0.01116,1602596.0,656231156.0,0.493339911198816,405.4,HK.06181
HK.06181,LAOPU GOLD,2026-08-28 00:00:00,400.0,409.6,417.8,398.0,13.432,0.00914,1312648.0,534570159.0,0.540009818360345,407.4,HK.06181
HK.06181,LAOPU GOLD,2026-08-31 00:00:00,390.0,397.8,409.0,374.6,13.045,0.01673,2401479.0,942953431.0,-2.8808593750000027,409.6,HK.06181
HK.06181,LAOPU GOLD,2026-09-01 00:00:00,396.8,387.6,397.4,386.0,12.711,0.00486,698205.0,272004798.0,-2.564102564102561,397.8,HK.06181
HK.06181,LAOPU GOLD,2026-09-02 00:00:00,375.0,385.0,388.8,365.0,12.625,0.00974,1397787.0,525880349.0,-0.6707946336429367,387.6,HK.06181
HK.06181,LAOPU GOLD,2026-09-03 00:00:00,395.0,385.8,397.0,384.8,12.652,0.00556,798123.0,312335669.0,0.20779220779221075,385.0,HK.06181
HK.06181,LAOPU GOLD,2026-09-04 00:00:00,395.0,398.4,407.2,393.0,13.065,0.0086,1234740.0,493760056.0,3.265940902021764,385.8,HK.06181
HK.06181,LAOPU GOLD,2026-09-07 00:00:00,395.4,389.8,397.6,385.0,12.783,0.00587,842863.0,328311206.0,-2.1586345381526018,398.4,HK.06181
HK.06181,LAOPU GOLD,2026-09-08 00:00:00,393.0,393.6,413.0,392.8,12.907,0.00689,989566.0,399684673.0,0.9748589020010291,389.8,HK.06181
HK.06181,LAOPU GOLD,2026-09-09 00:00:00,395.0,401.0,402.8,382.4,13.15,0.00834,1196617.0,471201753.0,1.8800813008130024,393.6,HK.06181
HK.06181,LAOPU GOLD,2026-09-10 00:00:00,400.0,387.6,404.2,382.6,12.711,0.00594,853034.0,332439784.0,-3.3416458852867774,401.0,HK.06181
HK.06181,LAOPU GOLD,2026-09-11 00:00:00,378.0,369.6,378.0,362.4,12.12,0.00867,1244041.0,458050467.0,-4.643962848297213,387.6,HK.06181
HK.06181,LAOPU GOLD,2026-09-14 00:00:00,369.4,369.0,379.0,365.2,12.101,0.00383,549287.0,204096729.0,-0.1623376623376685,369.6,HK.06181
HK.06181,LAOPU GOLD,2026-09-15 00:00:00,367.0,355.8,368.0,355.0,11.668,0.00503,721586.0,259008642.0,-3.5772357723577204,369.0,HK.06181
HK.06181,LAOPU GOLD,2026-09-16 00:00:00,359.8,374.4,376.8,357.0,12.278,0.00705,1012058.0,374181208.0,5.227655986509265,355.8,HK.06181
HK.06181,LAOPU GOLD,2026-09-17 00:00:00,365.8,363.0,373.2,357.0,11.904,0.00954,1370050.0,496213203.0,-3.044871794871789,374.4,HK.06181
HK.06181,LAOPU GOLD,2026-09-18 00:00:00,372.0,383.0,383.0,367.6,12.56,0.00721,1035189.0,387114732.0,5.5096418732782375,363.0,HK.06181
HK.06618,JD HEALTH,2026-08-03 00:00:00,39.96,39.8,40.06,38.78,21.329,0.00217,6936201.0,274406797.0,1.0152284263959355,39.4,HK.06618
HK.06618,JD HEALTH,2026-08-04 00:00:00,40.32,39.2,40.46,39.08,21.007,0.00203,6483917.0,256231438.0,-1.507537688442197,39.8,HK.06618
HK.06618,JD HEALTH,2026-08-05 00:00:00,39.06,39.36,39.86,38.9,21.093,0.0012,3837999.0,150831499.0,0.40816326530611374,39.2,HK.06618
HK.06618,JD HEALTH,2026-08-06 00:00:00,39.0,39.2,39.96,38.62,21.007,0.00239,7632761.0,300061745.0,-0.4065040650406418,39.36,HK.06618
HK.06618,JD HEALTH,2026-08-07 00:00:00,39.22,38.94,39.38,38.38,20.868,0.00191,6089930.0,236186750.0,-0.6632653061224619,39.2,HK.06618
HK.06618,JD HEALTH,2026-08-10 00:00:00,39.38,40.08,40.44,38.84,21.479,0.00281,8967821.0,358173903.0,2.92758089368259,38.94,HK.06618
HK.06618,JD HEALTH,2026-08-11 00:00:00,40.08,39.44,40.46,39.42,21.136,0.00233,7441196.0,296549751.0,-1.5968063872255505,40.08,HK.06618
HK.06618,JD HEALTH,2026-08-12 00:00:00,39.44,38.86,39.7,38.76,20.825,0.00173,5528179.0,215699151.0,-1.4705882352941135,39.44,HK.06618
HK.06618,JD HEALTH,2026-08-13 00:00:00,39.0,39.52,39.9,38.74,21.178,0.00256,8176851.0,322098073.0,1.6984045290787537,38.86,HK.06618
HK.06618,JD HEALTH,2026-08-14 00:00:00,40.74,39.5,42.3,37.02,21.168,0.01105,35253860.0,1384390066.0,-0.050607287449400615,39.52,HK.06618
HK.06618,JD HEALTH,2026-08-17 00:00:00,39.7,39.12,39.96,38.86,20.964,0.00351,11190206.0,439154017.0,-0.9620253164557027,39.5,HK.06618
HK.06618,JD HEALTH,2026-08-18 00:00:00,38.44,38.5,38.96,36.88,20.632,0.00334,10648531.0,403945292.0,-1.584867075664615,39.12,HK.06618
HK.06618,JD HEALTH,2026-08-19 00:00:00,38.0,38.9,39.34,37.92,20.846,0.0026,8279418.0,321634956.0,1.0389610389610353,38.5,HK.06618
HK.06618,JD HEALTH,2026-08-20 00:00:00,39.84,38.04,39.84,38.0,20.385,0.00419,13374699.0,517631340.0,-2.210796915167094,38.9,HK.06618
HK.06618,JD HEALTH,2026-08-21 00:00:00,37.7,38.66,39.06,37.7,20.718,0.00286,9137143.0,351172630.0,1.6298633017875854,38.04,HK.06618
HK.06618,JD HEALTH,2026-08-24 00:00:00,38.1,37.32,38.72,36.94,20.0,0.00354,11276588.0,421446592.0,-3.4661148473874714,38.66,HK.06618
HK.06618,JD HEALTH,2026-08-25 00:00:00,37.32,37.94,37.96,36.84,20.332,0.00658,20974643.0,791474349.0,1.6613076098606576,37.32,HK.06618
HK.06618,JD HEALTH,2026-08-26 00:00:00,37.64,37.3,38.78,37.26,19.989,0.0032,10203072.0,385522600.0,-1.6868740115972602,37.94,HK.06618
HK.06618,JD HEALTH,2026-08-27 00:00:00,37.3,36.74,37.54,36.32,19.689,0.00194,6186646.0,226340734.0,-1.5013404825737138,37.3,HK.06618
HK.06618,JD HEALTH,2026-08-28 00:00:00,36.06,36.68,36.74,36.06,19.657,0.00175,5593509.0,204229473.0,-0.16330974414807367,36.74,HK.06618
HK.06618,JD HEALTH,2026-08-31 00:00:00,36.02,36.5,36.5,35.56,19.56,0.00298,9520610.0,344796666.0,-0.49073064340239836,36.68,HK.06618
HK.06618,JD HEALTH,2026-09-01 00:00:00,35.92,36.46,36.56,35.92,19.539,0.00222,7073897.0,257067279.0,-0.10958904109588809,36.5,HK.06618
HK.06618,JD HEALTH,2026-09-02 00:00:00,36.24,37.0,37.28,36.02,19.828,0.00218,6968547.0,255498384.0,1.4810751508502444,36.46,HK.06618
HK.06618,JD HEALTH,2026-09-03 00:00:00,37.9,36.0,37.9,35.9,19.292,0.00218,6961006.0,254009577.0,-2.7027027027027026,37.0,HK.06618
HK.06618,JD HEALTH,2026-09-04 00:00:00,36.36,37.06,37.48,36.3,19.871,0.00233,7437595.0,276235961.0,2.944444444444451,36.0,HK.06618
HK.06618,JD HEALTH,2026-09-07 00:00:00,37.04,36.74,37.4,36.52,19.699,0.00146,4646949.0,170677481.0,-0.8634646519158129,37.06,HK.06618
HK.06618,JD HEALTH,2026-09-08 00:00:00,36.74,36.6,36.88,36.24,19.624,0.00168,5356471.0,195343746.0,-0.3810560696788257,36.74,HK.06618
HK.06618,JD HEALTH,2026-09-09 00:00:00,35.96,35.26,36.14,34.44,18.906,0.00634,20231176.0,706585653.0,-3.6612021857923587,36.6,HK.06618
HK.06618,JD HEALTH,2026-09-10 00:00:00,34.56,34.64,35.14,34.24,18.573,0.003,9579747.0,331227087.0,-1.758366420873504,35.26,HK.06618
HK.06618,JD HEALTH,2026-09-11 00:00:00,34.0,34.74,34.82,34.0,18.627,0.00198,6316205.0,218289739.0,0.2886836027713667,34.64,HK.06618
HK.06618,JD HEALTH,2026-09-14 00:00:00,34.86,34.8,34.92,34.22,18.659,0.00155,4942184.0,171270910.0,0.17271157167528833,34.74,HK.06618
HK.06618,JD HEALTH,2026-09-15 00:00:00,34.86,34.8,35.46,34.5,18.659,0.0017,5431550.0,189374396.0,0.0,34.8,HK.06618
HK.06618,JD HEALTH,2026-09-16 00:00:00,35.8,34.3,35.8,33.88,18.391,0.00196,6265773.0,214654970.0,-1.4367816091954024,34.8,HK.06618
HK.06618,JD HEALTH,2026-09-17 00:00:00,33.48,34.7,34.74,33.38,18.605,0.00275,8775234.0,302272172.0,1.1661807580175094,34.3,HK.06618
HK.06618,JD HEALTH,2026-09-18 00:00:00,34.7,36.28,36.28,34.7,19.453,0.00445,14194821.0,510654411.0,4.553314121037459,34.7,HK.06618
HK.09626,BILIBILI-W,2026-08-03 00:00:00,150.0,149.8,153.8,148.5,47.45,0.00653,2733892.0,411401246.0,1.4218009478673141,147.7,HK.09626
HK.09626,BILIBILI-W,2026-08-04 00:00:00,149.8,149.7,151.7,146.3,47.418,0.00461,1930897.0,286613080.0,-0.06675567423232492,149.8,HK.09626
HK.09626,BILIBILI-W,2026-08-05 00:00:00,149.0,150.1,151.6,146.0,47.545,0.00474,1985630.0,295852966.0,0.2672010688042791,149.7,HK.09626
HK.09626,BILIBILI-W,2026-08-06 00:00:00,147.1,147.3,148.9,145.5,46.658,0.00688,2880493.0,425045617.0,-1.8654230512991226,150.1,HK.09626
HK.09626,BILIBILI-W,2026-08-07 00:00:00,147.3,144.5,147.3,143.3,45.771,0.00744,3115599.0,450112903.0,-1.900882552613721,147.3,HK.09626
HK.09626,BILIBILI-W,2026-08-10 00:00:00,146.0,147.9,148.8,145.3,46.848,0.00393,1646709.0,242320066.0,2.352941176470592,144.5,HK.09626
HK.09626,BILIBILI-W,2026-08-11 00:00:00,148.2,143.5,148.2,142.9,45.454,0.00465,1944683.0,281262867.0,-2.9749830966869544,147.9,HK.09626
HK.09626,BILIBILI-W,2026-08-12 00:00:00,141.9,138.7,141.9,137.4,43.934,0.00932,3900190.0,540432549.0,-3.3449477351916452,143.5,HK.09626
HK.09626,BILIBILI-W,2026-08-13 00:00:00,137.0,134.9,137.9,134.4,42.73,0.00817,3420753.0,464019718.0,-2.739726027397248,138.7,HK.09626
HK.09626,BILIBILI-W,2026-08-14 00:00:00,134.2,133.5,135.5,133.0,42.286,0.00541,2263648.0,303050136.0,-1.03780578206079,134.9,HK.09626
HK.09626,BILIBILI-W,2026-08-17 00:00:00,135.6,136.0,137.6,135.5,43.078,0.00494,2068297.0,282149273.0,1.8726591760299627,133.5,HK.09626
HK.09626,BILIBILI-W,2026-08-18 00:00:00,135.7,133.0,135.7,131.0,42.128,0.00627,2622066.0,347508413.0,-2.2058823529411766,136.0,HK.09626
HK.09626,BILIBILI-W,2026-08-19 00:00:00,132.4,134.2,136.1,131.0,42.508,0.00612,2560657.0,343294703.0,0.9022556390977358,133.0,HK.09626
HK.09626,BILIBILI-W,2026-08-20 00:00:00,134.8,130.2,135.6,128.6,41.241,0.01358,5681678.0,744313533.0,-2.980625931445604,134.2,HK.09626
HK.09626,BILIBILI-W,2026-08-21 00:00:00,129.8,133.4,133.5,129.5,42.255,0.00824,3450413.0,454852806.0,2.457757296466987,130.2,HK.09626
HK.09626,BILIBILI-W,2026-08-24 00:00:00,133.0,129.6,133.0,129.2,41.051,0.00985,4124308.0,536099745.0,-2.8485757121439366,133.4,HK.09626
HK.09626,BILIBILI-W,2026-08-25 00:00:00,129.6,129.9,130.0,125.7,41.146,0.02225,9313113.0,1195271629.0,0.23148148148149028,129.6,HK.09626
HK.09626,BILIBILI-W,2026-08-26 00:00:00,129.6,127.5,131.1,126.8,40.386,0.00912,3816855.0,493035459.0,-1.8475750577367247,129.9,HK.09626
HK.09626,BILIBILI-W,2026-08-27 00:00:00,127.8,129.7,129.8,126.2,41.083,0.00743,3109871.0,399975978.0,1.7254901960784226,127.5,HK.09626
HK.09626,BILIBILI-W,2026-08-28 00:00:00,132.0,131.8,135.3,131.1,41.748,0.00963,4031535.0,534286377.0,1.619121048573649,129.7,HK.09626
HK.09626,BILIBILI-W,2026-08-31 00:00:00,131.2,129.1,131.2,125.5,40.893,0.01015,4246623.0,542743447.0,-2.0485584218513027,131.8,HK.09626
HK.09626,BILIBILI-W,2026-09-01 00:00:00,127.5,125.4,128.3,125.4,39.721,0.0074,3097183.0,390987816.0,-2.86599535243996,129.1,HK.09626
HK.09626,BILIBILI-W,2026-09-02 00:00:00,125.0,121.7,125.3,120.7,38.549,0.00801,3351522.0,407763149.0,-2.9505582137161106,125.4,HK.09626
HK.09626,BILIBILI-W,2026-09-03 00:00:00,121.7,119.7,122.9,119.3,37.915,0.00884,3700371.0,445654145.0,-1.6433853738701727,121.7,HK.09626
HK.09626,BILIBILI-W,2026-09-04 00:00:00,121.1,121.4,124.2,120.9,38.454,0.00884,3698617.0,452418218.0,1.4202172096908963,119.7,HK.09626
HK.09626,BILIBILI-W,2026-09-07 00:00:00,118.1,123.8,125.7,116.4,39.226,0.09267,38800400.0,4566162597.0,1.9769357495881312,121.4,HK.09626
HK.09626,BILIBILI-W,2026-09-08 00:00:00,123.8,124.0,125.9,122.4,39.29,0.01389,5815745.0,722223434.0,0.16155088852988922,123.8,HK.09626
HK.09626,BILIBILI-W,2026-09-09 00:00:00,127.4,125.0,127.9,123.6,39.607,0.0132,5526480.0,692248264.0,0.8064516129032258,124.0,HK.09626
HK.09626,BILIBILI-W,2026-09-10 00:00:00,122.8,121.8,124.4,120.6,38.593,0.01099,4599593.0,561558832.0,-2.5600000000000023,125.0,HK.09626
HK.09626,BILIBILI-W,2026-09-11 00:00:00,120.0,121.9,122.0,117.7,38.624,0.01463,6125376.0,734342859.0,0.08210180623974428,121.8,HK.09626
HK.09626,BILIBILI-W,2026-09-14 00:00:00,121.5,121.8,123.3,119.9,38.593,0.00575,2406364.0,293171792.0,-0.08203445447088475,121.9,HK.09626
HK.09626,BILIBILI-W,2026-09-15 00:00:00,122.3,121.4,125.3,121.2,38.466,0.01633,6835809.0,838586551.0,-0.3284072249589421,121.8,HK.09626
HK.09626,BILIBILI-W,2026-09-16 00:00:00,122.5,118.1,122.5,115.3,37.42,0.01213,5079462.0,598662800.0,-2.7182866556836998,121.4,HK.09626
HK.09626,BILIBILI-W,2026-09-17 00:00:00,117.0,114.6,117.0,113.3,36.311,0.01631,6827691.0,781497200.0,-2.963590177815411,118.1,HK.09626
HK.09626,BILIBILI-W,2026-09-18 00:00:00,113.0,116.8,116.8,112.9,37.008,0.01437,6018841.0,698290737.0,1.9197207678883097,114.6,HK.09626
HK.09868,XPENG-W,2026-08-03 00:00:00,50.45,49.04,50.5,48.82,0.0,0.00647,12381496.0,609005758.0,-3.0830039525691744,50.6,HK.09868
HK.09868,XPENG-W,2026-08-04 00:00:00,49.04,47.0,49.04,46.32,0.0,0.01288,24656282.0,1159061998.0,-4.159869494290374,49.04,HK.09868
HK.09868,XPENG-W,2026-08-05 00:00:00,47.0,47.24,47.54,46.32,0.0,0.00979,18745852.0,881460323.0,0.5106382978723446,47.0,HK.09868
HK.09868,XPENG-W,2026-08-06 00:00:00,46.28,46.04,46.98,45.74,0.0,0.00649,12426211.0,574129660.0,-2.540220152413215,47.24,HK.09868
HK.09868,XPENG-W,2026-08-07 00:00:00,45.8,46.64,46.7,44.7,0.0,0.00641,12287267.0,563444442.0,1.3032145960034782,46.04,HK.09868
HK.09868,XPENG-W,2026-08-10 00:00:00,47.3,47.12,48.3,46.5,0.0,0.0048,9200656.0,433968215.0,1.0291595197255508,46.64,HK.09868
HK.09868,XPENG-W,2026-08-11 00:00:00,47.0,45.74,47.1,45.7,0.0,0.00524,10033070.0,463036902.0,-2.928692699490653,47.12,HK.09868
HK.09868,XPENG-W,2026-08-12 00:00:00,46.1,45.74,46.24,45.38,0.0,0.0044,8426752.0,385632700.0,0.0,45.74,HK.09868
HK.09868,XPENG-W,2026-08-13 00:00:00,45.64,45.38,46.14,45.3,0.0,0.00509,9748316.0,445238869.0,-0.7870572802798413,45.74,HK.09868
HK.09868,XPENG-W,2026-08-14 00:00:00,45.7,45.52,46.02,45.24,0.0,0.00454,8694304.0,396209397.0,0.3085059497576037,45.38,HK.09868
HK.09868,XPENG-W,2026-08-17 00:00:00,45.62,46.62,47.06,45.62,0.0,0.00443,8481355.0,395918293.0,2.4165202108962966,45.52,HK.09868
HK.09868,XPENG-W,2026-08-18 00:00:00,47.22,47.26,47.78,46.3,0.0,0.00586,11226097.0,528411055.0,1.372801372801374,46.62,HK.09868
HK.09868,XPENG-W,2026-08-19 00:00:00,45.7,45.94,46.14,45.4,0.0,0.00423,8114133.0,371899860.0,-2.7930596699111305,47.26,HK.09868
HK.09868,XPENG-W,2026-08-20 00:00:00,47.0,47.82,48.36,46.48,0.0,0.00738,14133297.0,674688842.0,4.092294296909017,45.94,HK.09868
HK.09868,XPENG-W,2026-08-21 00:00:00,47.2,48.1,48.28,47.08,0.0,0.00431,8265757.0,395876306.0,0.5855290673358451,47.82,HK.09868
HK.09868,XPENG-W,2026-08-24 00:00:00,47.56,47.68,48.54,46.44,0.0,0.00659,12626054.0,601306491.0,-0.8731808731808767,48.1,HK.09868
HK.09868,XPENG-W,2026-08-25 00:00:00,43.78,43.3,45.28,42.66,0.0,0.01997,38268341.0,1669723248.0,-9.18624161073826,47.68,HK.09868
HK.09868,XPENG-W,2026-08-26 00:00:00,44.74,46.68,46.92,44.72,0.0,0.01448,27747197.0,1281701755.0,7.806004618937651,43.3,HK.09868
HK.09868,XPENG-W,2026-08-27 00:00:00,46.38,45.12,46.38,44.66,0.0,0.00616,11804980.0,533021159.0,-3.3419023136246833,46.68,HK.09868
HK.09868,XPENG-W,2026-08-28 00:00:00,44.5,44.82,45.12,44.26,0.0,0.00421,8067970.0,360585426.0,-0.6648936170212704,45.12,HK.09868
HK.09868,XPENG-W,2026-08-31 00:00:00,44.42,44.9,45.18,43.64,0.0,0.00782,14990387.0,665640168.0,0.17849174475680119,44.82,HK.09868
HK.09868,XPENG-W,2026-09-01 00:00:00,44.2,44.44,45.16,43.94,0.0,0.00357,6842017.0,304582946.0,-1.0244988864142557,44.9,HK.09868
HK.09868,XPENG-W,2026-09-02 00:00:00,43.8,43.4,43.88,42.84,0.0,0.00539,10335923.0,446279176.0,-2.3402340234023384,44.44,HK.09868
HK.09868,XPENG-W,2026-09-03 00:00:00,43.38,42.8,44.02,42.52,0.0,0.00449,8607079.0,369408696.0,-1.3824884792626762,43.4,HK.09868
HK.09868,XPENG-W,2026-09-04 00:00:00,43.6,43.4,44.38,43.26,0.0,0.00563,10785198.0,472784241.0,1.4018691588785082,42.8,HK.09868
HK.09868,XPENG-W,2026-09-07 00:00:00,42.6,42.0,42.98,41.8,0.0,0.0059,11304547.0,476420531.0,-3.2258064516129004,43.4,HK.09868
HK.09868,XPENG-W,2026-09-08 00:00:00,42.2,42.38,42.94,41.6,0.0,0.0045,8630895.0,365617727.0,0.9047619047619108,42.0,HK.09868
HK.09868,XPENG-W,2026-09-09 00:00:00,42.6,42.3,42.76,42.04,0.0,0.00317,6071810.0,257047661.0,-0.18876828692780886,42.38,HK.09868
HK.09868,XPENG-W,2026-09-10 00:00:00,41.2,41.6,41.8,40.36,0.0,0.00679,13019120.0,533001040.0,-1.6548463356973895,42.3,HK.09868
HK.09868,XPENG-W,2026-09-11 00:00:00,40.5,41.34,41.52,40.2,0.0,0.00536,10265104.0,420242117.0,-0.6249999999999952,41.6,HK.09868
HK.09868,XPENG-W,2026-09-14 00:00:00,41.34,42.02,42.16,40.62,0.0,0.00448,8590613.0,357845398.0,1.6448959845186253,41.34,HK.09868
HK.09868,XPENG-W,2026-09-15 00:00:00,41.8,40.38,41.8,40.34,0.0,0.00487,9335821.0,380012004.0,-3.902903379343171,42.02,HK.09868
HK.09868,XPENG-W,2026-09-16 00:00:00,40.24,40.42,40.68,39.54,0.0,0.00368,7060930.0,284400306.0,0.09905894006933914,40.38,HK.09868
HK.09868,XPENG-W,2026-09-17 00:00:00,40.02,41.18,41.24,39.78,0.0,0.00336,6451092.0,262523762.0,1.8802572983671402,40.42,HK.09868
HK.09868,XPENG-W,2026-09-18 00:00:00,41.22,42.04,42.14,41.12,0.0,0.00641,12301353.0,513894586.0,2.0883924235065554,41.18,HK.09868
HK.09926,AKESO,2026-08-03 00:00:00,93.5,91.85,93.8,91.45,0.0,0.00741,6828355.0,629533110.0,-2.2352315061202854,93.95,HK.09926
HK.09926,AKESO,2026-08-04 00:00:00,93.3,93.85,94.8,91.85,0.0,0.00723,6662843.0,622327757.0,2.1774632553075666,91.85,HK.09926
HK.09926,AKESO,2026-08-05 00:00:00,94.8,95.5,96.8,93.95,0.0,0.00588,5412559.0,517131554.0,1.7581246670218493,93.85,HK.09926
HK.09926,AKESO,2026-08-06 00:00:00,96.7,96.05,98.2,94.2,0.0,0.00678,6245040.0,597130887.0,0.5759162303664892,95.5,HK.09926
HK.09926,AKESO,2026-08-07 00:00:00,95.5,100.0,101.4,95.25,0.0,0.0099,9119553.0,902402078.0,4.112441436751695,96.05,HK.09926
HK.09926,AKESO,2026-08-10 00:00:00,101.6,101.5,105.5,101.1,0.0,0.00973,8959128.0,923879215.0,1.5,100.0,HK.09926
HK.09926,AKESO,2026-08-11 00:00:00,103.0,101.9,105.8,101.1,0.0,0.00958,8820549.0,912982333.0,0.39408866995074454,101.5,HK.09926
HK.09926,AKESO,2026-08-12 00:00:00,101.4,102.1,104.5,101.1,0.0,0.00689,6344631.0,650143544.0,0.19627085377820278,101.9,HK.09926
HK.09926,AKESO,2026-08-13 00:00:00,102.9,103.6,106.2,102.2,0.0,0.00971,8947974.0,936474082.0,1.4691478942213516,102.1,HK.09926
HK.09926,AKESO,2026-08-14 00:00:00,103.4,96.0,103.4,95.7,0.0,0.01302,11995449.0,1174837570.0,-7.335907335907331,103.6,HK.09926
HK.09926,AKESO,2026-08-17 00:00:00,95.5,90.5,95.6,88.6,0.0,0.02465,22704262.0,2055136569.0,-5.729166666666666,96.0,HK.09926
HK.09926,AKESO,2026-08-18 00:00:00,89.5,91.0,91.6,87.65,0.0,0.01165,10727973.0,962881202.0,0.5524861878453038,90.5,HK.09926
HK.09926,AKESO,2026-08-19 00:00:00,91.0,89.3,92.5,89.3,0.0,0.00831,7650870.0,692912157.0,-1.8681318681318713,91.0,HK.09926
HK.09926,AKESO,2026-08-20 00:00:00,94.55,93.9,99.45,93.35,0.0,0.02731,25159611.0,2423903875.0,5.15117581187011,89.3,HK.09926
HK.09926,AKESO,2026-08-21 00:00:00,92.4,90.25,93.5,89.0,0.0,0.01867,17194089.0,1563993606.0,-3.8871139510117203,93.9,HK.09926
HK.09926,AKESO,2026-08-24 00:00:00,91.85,88.35,93.6,88.05,0.0,0.01099,10123965.0,904579339.0,-2.105263157894743,90.25,HK.09926
HK.09926,AKESO,2026-08-25 00:00:00,88.35,88.9,90.05,86.65,0.0,0.00897,8261213.0,733300617.0,0.6225240520656609,88.35,HK.09926
HK.09926,AKESO,2026-08-26 00:00:00,92.8,94.2,96.9,92.75,0.0,0.01576,14513269.0,1378861663.0,5.961754780652415,88.9,HK.09926
HK.09926,AKESO,2026-08-27 00:00:00,94.75,101.2,101.6,93.95,0.0,0.01883,17342389.0,1716551198.0,7.43099787685775,94.2,HK.09926
HK.09926,AKESO,2026-08-28 00:00:00,95.0,95.35,97.95,91.9,0.0,0.02341,21568359.0,2042884732.0,-5.780632411067202,101.2,HK.09926
HK.09926,AKESO,2026-08-31 00:00:00,93.6,89.9,93.7,89.6,0.0,0.0153,14096740.0,1280587722.0,-5.71578395385421,95.35,HK.09926
HK.09926,AKESO,2026-09-01 00:00:00,89.9,85.65,90.3,85.2,0.0,0.01674,15421307.0,1332745613.0,-4.727474972191324,89.9,HK.09926
HK.09926,AKESO,2026-09-02 00:00:00,86.35,87.8,88.2,85.55,0.0,0.0083,7647955.0,665722260.0,2.510215995329821,85.65,HK.09926
HK.09926,AKESO,2026-09-03 00:00:00,91.0,90.8,92.75,86.75,0.0,0.01879,17307125.0,1557012506.0,3.416856492027335,87.8,HK.09926
HK.09926,AKESO,2026-09-04 00:00:00,94.75,101.2,101.6,94.6,0.0,0.03871,35660579.0,3551696095.0,11.453744493392078,90.8,HK.09926
HK.09926,AKESO,2026-09-07 00:00:00,100.7,96.0,101.5,95.8,0.0,0.0121,11148834.0,1094717108.0,-5.13833992094862,101.2,HK.09926
HK.09926,AKESO,2026-09-08 00:00:00,95.25,96.2,97.3,94.75,0.0,0.00623,5740376.0,550919069.0,0.20833333333333628,96.0,HK.09926
HK.09926,AKESO,2026-09-09 00:00:00,96.3,95.05,97.8,94.4,0.0,0.00779,7174741.0,685539314.0,-1.1954261954262013,96.2,HK.09926
HK.09926,AKESO,2026-09-10 00:00:00,95.05,93.6,96.0,93.4,0.0,0.00776,7151000.0,672647500.0,-1.5255128879537116,95.05,HK.09926
HK.09926,AKESO,2026-09-11 00:00:00,92.45,90.3,92.7,90.25,0.0,0.01197,11025875.0,1002807067.0,-3.525641025641023,93.6,HK.09926
HK.09926,AKESO,2026-09-14 00:00:00,94.35,95.7,96.55,89.85,0.0,0.01803,16606160.0,1558370670.0,5.980066445182731,90.3,HK.09926
HK.09926,AKESO,2026-09-15 00:00:00,95.6,95.25,96.4,93.6,0.0,0.00927,8539067.0,811961059.0,-0.47021943573668007,95.7,HK.09926
HK.09926,AKESO,2026-09-16 00:00:00,93.4,90.4,94.6,89.9,0.0,0.01369,12607145.0,1148749583.0,-5.091863517060362,95.25,HK.09926
HK.09926,AKESO,2026-09-17 00:00:00,91.0,90.75,92.2,90.3,0.0,0.00542,4995881.0,455282170.0,0.3871681415929141,90.4,HK.09926
HK.09926,AKESO,2026-09-18 00:00:00,92.05,90.5,93.45,90.3,0.0,0.00941,8665667.0,790359832.0,-0.27548209366391185,90.75,HK.09926
HK.09961,TRIP.COM-S,2026-08-03 00:00:00,369.6,363.6,369.6,361.4,6.211,0.0028,1761150.0,640604695.0,-0.764192139737979,366.4,HK.09961
HK.09961,TRIP.COM-S,2026-08-04 00:00:00,373.0,364.8,375.2,362.2,6.231,0.00266,1674314.0,611933101.0,0.33003300330032687,363.6,HK.09961
HK.09961,TRIP.COM-S,2026-08-05 00:00:00,366.4,366.6,371.0,365.0,6.262,0.00291,1831819.0,672155431.0,0.49342105263158204,364.8,HK.09961
HK.09961,TRIP.COM-S,2026-08-06 00:00:00,363.0,360.2,365.6,359.4,6.153,0.0027,1700632.0,613964163.0,-1.7457719585379252,366.6,HK.09961
HK.09961,TRIP.COM-S,2026-08-07 00:00:00,360.2,357.2,361.8,354.2,6.102,0.00211,1327787.0,474081735.0,-0.8328706274292059,360.2,HK.09961
HK.09961,TRIP.COM-S,2026-08-10 00:00:00,362.0,364.6,365.6,359.4,6.228,0.00183,1155209.0,419772549.0,2.071668533034724,357.2,HK.09961
HK.09961,TRIP.COM-S,2026-08-11 00:00:00,366.0,362.6,373.2,362.2,6.194,0.00281,1770797.0,647996226.0,-0.5485463521667581,364.6,HK.09961
HK.09961,TRIP.COM-S,2026-08-12 00:00:00,360.0,360.4,362.6,358.0,6.156,0.00176,1107714.0,398791897.0,-0.6067291781577621,362.6,HK.09961
HK.09961,TRIP.COM-S,2026-08-13 00:00:00,357.8,354.2,360.0,352.6,6.05,0.00282,1774634.0,628337876.0,-1.7203107658157573,360.4,HK.09961
HK.09961,TRIP.COM-S,2026-08-14 00:00:00,350.4,349.2,354.4,348.6,5.965,0.00402,2533861.0,886689308.0,-1.4116318464144553,354.2,HK.09961
HK.09961,TRIP.COM-S,2026-08-17 00:00:00,350.0,355.2,357.6,349.8,6.067,0.00289,1820666.0,647314999.0,1.718213058419244,349.2,HK.09961
HK.09961,TRIP.COM-S,2026-08-18 00:00:00,354.2,350.2,354.2,347.6,5.982,0.00317,1996257.0,702020727.0,-1.4076576576576576,355.2,HK.09961
HK.09961,TRIP.COM-S,2026-08-19 00:00:00,348.2,352.4,354.8,348.0,6.02,0.00245,1541119.0,542395855.0,0.6282124500285519,350.2,HK.09961
HK.09961,TRIP.COM-S,2026-08-20 00:00:00,364.2,361.6,368.0,360.8,6.177,0.00324,2037512.0,739661131.0,2.6106696935300926,352.4,HK.09961
HK.09961,TRIP.COM-S,2026-08-21 00:00:00,363.0,363.0,367.8,359.2,6.201,0.00225,1417363.0,514971641.0,0.3871681415929141,361.6,HK.09961
HK.09961,TRIP.COM-S,2026-08-24 00:00:00,359.8,359.8,362.4,354.6,6.146,0.004,2516929.0,905742634.0,-0.8815426997245147,363.0,HK.09961
HK.09961,TRIP.COM-S,2026-08-25 00:00:00,362.2,355.8,366.0,353.8,6.078,0.00297,1870430.0,666857142.0,-1.1117287381878822,359.8,HK.09961
HK.09961,TRIP.COM-S,2026-08-26 00:00:00,357.6,358.0,363.2,357.0,6.115,0.00292,1840249.0,660860157.0,0.6183249016301261,355.8,HK.09961
HK.09961,TRIP.COM-S,2026-08-27 00:00:00,359.6,355.0,361.2,353.0,6.064,0.00247,1553483.0,551441510.0,-0.8379888268156425,358.0,HK.09961
HK.09961,TRIP.COM-S,2026-08-28 00:00:00,356.2,348.8,356.2,348.4,5.958,0.00301,1893810.0,665549948.0,-1.7464788732394334,355.0,HK.09961
HK.09961,TRIP.COM-S,2026-08-31 00:00:00,350.0,359.2,359.6,348.8,6.136,0.00463,2914839.0,1041183329.0,2.9816513761467824,348.8,HK.09961
HK.09961,TRIP.COM-S,2026-09-01 00:00:00,350.0,349.0,353.4,347.4,5.961,0.00593,3736929.0,1308975367.0,-2.8396436525612443,359.2,HK.09961
HK.09961,TRIP.COM-S,2026-09-02 00:00:00,344.4,343.8,346.4,340.2,5.873,0.0046,2897267.0,994396205.0,-1.4899713467048679,349.0,HK.09961
HK.09961,TRIP.COM-S,2026-09-03 00:00:00,343.8,325.2,345.6,323.2,5.555,0.008,5038542.0,1661454986.0,-5.410122164048873,343.8,HK.09961
HK.09961,TRIP.COM-S,2026-09-04 00:00:00,325.2,325.6,330.4,324.4,5.562,0.0108,6800992.0,2218335612.0,0.12300123001231063,325.2,HK.09961
HK.09961,TRIP.COM-S,2026-09-07 00:00:00,322.0,326.6,327.0,322.0,5.579,0.00596,3755941.0,1220240900.0,0.3071253071253071,325.6,HK.09961
HK.09961,TRIP.COM-S,2026-09-08 00:00:00,325.6,324.2,328.6,323.2,5.538,0.00283,1780436.0,578030816.0,-0.7348438456828028,326.6,HK.09961
HK.09961,TRIP.COM-S,2026-09-09 00:00:00,320.0,316.6,322.6,315.0,5.408,0.0045,2835564.0,898104282.0,-2.344231955582963,324.2,HK.09961
HK.09961,TRIP.COM-S,2026-09-10 00:00:00,308.6,308.8,310.0,304.2,5.275,0.00671,4225250.0,1299664387.0,-2.4636765634870534,316.6,HK.09961
HK.09961,TRIP.COM-S,2026-09-11 00:00:00,304.8,305.8,307.4,303.8,5.223,0.00577,3630367.0,1108109219.0,-0.9715025906735751,308.8,HK.09961
HK.09961,TRIP.COM-S,2026-09-14 00:00:00,303.6,310.6,310.6,300.4,5.305,0.00424,2667388.0,818393590.0,1.5696533682145228,305.8,HK.09961
HK.09961,TRIP.COM-S,2026-09-15 00:00:00,307.2,311.2,312.8,305.8,5.316,0.00606,3812973.0,1184910304.0,0.19317450096586153,310.6,HK.09961
HK.09961,TRIP.COM-S,2026-09-16 00:00:00,309.0,323.2,324.8,301.6,5.521,0.00967,6090813.0,1943002881.0,3.8560411311053984,311.2,HK.09961
HK.09961,TRIP.COM-S,2026-09-17 00:00:00,317.0,316.8,321.4,310.4,5.411,0.00563,3548381.0,1118612084.0,-1.9801980198019733,323.2,HK.09961
HK.09961,TRIP.COM-S,2026-09-18 00:00:00,316.8,319.4,321.6,314.8,5.456,0.00502,3163277.0,1010593586.0,0.8207070707070598,316.8,HK.09961
HK.09988,BABA-W,2026-08-03 00:00:00,121.0,125.2,126.0,120.1,20.015,0.01003,192268809.0,23935012441.0,7.008547008547011,117.0,HK.09988
HK.09988,BABA-W,2026-08-04 00:00:00,126.8,125.8,129.2,124.7,20.111,0.00654,125358922.0,15834149010.0,0.47923322683705616,125.2,HK.09988
HK.09988,BABA-W,2026-08-05 00:00:00,128.4,128.1,129.0,125.6,20.479,0.00487,93382622.0,11950363003.0,1.8282988871224142,125.8,HK.09988
HK.09988,BABA-W,2026-08-06 00:00:00,126.5,124.4,126.5,123.7,19.888,0.0035,67212277.0,8365358088.0,-2.888368462138945,128.1,HK.09988
HK.09988,BABA-W,2026-08-07 00:00:00,125.3,123.8,125.8,121.6,19.792,0.00304,58259425.0,7185130922.0,-0.4823151125401997,124.4,HK.09988
HK.09988,BABA-W,2026-08-10 00:00:00,125.4,126.7,127.5,124.2,20.255,0.0028,53629555.0,6772683643.0,2.342487883683365,123.8,HK.09988
HK.09988,BABA-W,2026-08-11 00:00:00,129.4,126.4,130.3,125.9,20.207,0.00387,74286963.0,9505493713.0,-0.23677979479084227,126.7,HK.09988
HK.09988,BABA-W,2026-08-12 00:00:00,124.4,122.6,124.9,121.3,19.6,0.00339,65057854.0,7967252052.0,-3.0063291139240595,126.4,HK.09988
HK.09988,BABA-W,2026-08-13 00:00:00,121.2,121.9,124.1,121.1,19.488,0.00303,58154432.0,7128159159.0,-0.5709624796084736,122.6,HK.09988
HK.09988,BABA-W,2026-08-14 00:00:00,120.3,119.9,120.8,118.5,19.168,0.00297,56905091.0,6805551124.0,-1.6406890894175554,121.9,HK.09988
HK.09988,BABA-W,2026-08-17 00:00:00,122.0,122.2,123.4,120.8,19.536,0.00253,48563292.0,5947873105.0,1.9182652210175122,119.9,HK.09988
HK.09988,BABA-W,2026-08-18 00:00:00,122.0,126.7,128.3,121.0,20.255,0.00628,120433806.0,15107198487.0,3.6824877250409163,122.2,HK.09988
HK.09988,BABA-W,2026-08-19 00:00:00,124.6,124.2,126.5,123.2,19.856,0.00369,70727616.0,8821998554.0,-1.973164956590371,126.7,HK.09988
HK.09988,BABA-W,2026-08-20 00:00:00,126.6,126.2,129.0,124.3,20.175,0.0048,92028319.0,11675957748.0,1.610305958132045,124.2,HK.09988
HK.09988,BABA-W,2026-08-21 00:00:00,129.2,123.0,129.8,121.5,19.664,0.00766,146890540.0,18249523099.0,-2.5356576862123634,126.2,HK.09988
HK.09988,BABA-W,2026-08-24 00:00:00,113.1,112.5,113.5,110.1,17.985,0.01893,362953456.0,40582490038.0,-8.536585365853659,123.0,HK.09988
HK.09988,BABA-W,2026-08-25 00:00:00,114.8,114.2,115.0,112.2,18.257,0.00648,124296637.0,14126312436.0,1.5111111111111135,112.5,HK.09988
HK.09988,BABA-W,2026-08-26 00:00:00,115.7,116.6,117.8,115.6,19.33,0.00673,133860910.0,15581136692.0,2.101576182136595,114.2,HK.09988
HK.09988,BABA-W,2026-08-27 00:00:00,117.4,115.5,117.4,115.1,19.147,0.00418,83206714.0,9656341302.0,-0.9433962264150895,116.6,HK.09988
HK.09988,BABA-W,2026-08-28 00:00:00,113.1,113.9,114.8,112.5,18.882,0.00368,73086522.0,8318480257.0,-1.3852813852813803,115.5,HK.09988
HK.09988,BABA-W,2026-08-31 00:00:00,115.0,114.2,115.0,112.2,18.932,0.00415,82619229.0,9386469847.0,0.2633889376646156,113.9,HK.09988
HK.09988,BABA-W,2026-09-01 00:00:00,112.2,110.4,112.7,109.5,18.302,0.00502,99751649.0,11022005788.0,-3.3274956217162845,114.2,HK.09988
HK.09988,BABA-W,2026-09-02 00:00:00,110.2,109.9,110.4,107.3,18.219,0.00385,76466094.0,8327632326.0,-0.4528985507246377,110.4,HK.09988
HK.09988,BABA-W,2026-09-03 00:00:00,110.5,107.5,110.7,106.5,17.821,0.00352,69972408.0,7556332414.0,-2.1838034576888132,109.9,HK.09988
HK.09988,BABA-W,2026-09-04 00:00:00,109.5,110.1,111.9,109.5,18.252,0.00521,103698738.0,11455734830.0,2.4186046511627852,107.5,HK.09988
HK.09988,BABA-W,2026-09-07 00:00:00,110.3,109.6,111.0,109.1,18.169,0.00203,40367117.0,4438102348.0,-0.4541326067211626,110.1,HK.09988
HK.09988,BABA-W,2026-09-08 00:00:00,109.0,109.5,111.7,108.6,18.153,0.00222,44150465.0,4842859321.0,-0.09124087591240357,109.6,HK.09988
HK.09988,BABA-W,2026-09-09 00:00:00,110.5,109.8,110.9,108.6,18.202,0.00234,46572012.0,5110169353.0,0.2739726027397234,109.5,HK.09988
HK.09988,BABA-W,2026-09-10 00:00:00,107.2,106.9,107.2,105.2,17.722,0.00331,65902181.0,7007811998.0,-2.6411657559198467,109.8,HK.09988
HK.09988,BABA-W,2026-09-11 00:00:00,105.0,107.5,107.7,104.7,17.821,0.00283,56226973.0,5982146557.0,0.5612722170252519,106.9,HK.09988
HK.09988,BABA-W,2026-09-14 00:00:00,105.5,105.9,106.6,104.7,17.556,0.00244,48442049.0,5122264377.0,-1.4883720930232505,107.5,HK.09988
HK.09988,BABA-W,2026-09-15 00:00:00,107.0,107.2,108.8,105.8,17.771,0.00237,47161376.0,5068162368.0,1.2275731822474005,105.9,HK.09988
HK.09988,BABA-W,2026-09-16 00:00:00,107.7,106.2,107.7,106.1,17.606,0.00171,34061594.0,3631544345.0,-0.9328358208955223,107.2,HK.09988
HK.09988,BABA-W,2026-09-17 00:00:00,105.0,105.1,106.0,104.2,17.423,0.00255,50647519.0,5312054998.0,-1.0357815442561287,106.2,HK.09988
HK.09988,BABA-W,2026-09-18 00:00:00,106.4,109.3,110.7,106.1,18.12,0.00453,90084892.0,9828739036.0,3.9961941008563304,105.1,HK.09988
HK.09992,POP MART,2026-08-03 00:00:00,162.6,159.9,163.6,159.8,15.055,0.01013,13490332.0,2168501788.0,-1.6605166051660447,162.6,HK.09992
HK.09992,POP MART,2026-08-04 00:00:00,160.0,160.2,162.5,157.3,15.083,0.00629,8381789.0,1342938862.0,0.18761726078798183,159.9,HK.09992
HK.09992,POP MART,2026-08-05 00:00:00,161.0,161.4,162.3,159.3,15.196,0.00498,6638049.0,1066922854.0,0.7490636704119957,160.2,HK.09992
HK.09992,POP MART,2026-08-06 00:00:00,156.0,157.3,157.8,151.0,14.81,0.01465,19505149.0,3038165484.0,-2.540272614622053,161.4,HK.09992
HK.09992,POP MART,2026-08-07 00:00:00,157.8,157.8,159.8,155.9,14.857,0.00627,8351920.0,1315488794.0,0.31786395422759056,157.3,HK.09992
HK.09992,POP MART,2026-08-10 00:00:00,157.8,154.4,158.6,153.3,14.537,0.01007,13414139.0,2076502727.0,-2.154626108998736,157.8,HK.09992
HK.09992,POP MART,2026-08-11 00:00:00,154.3,152.7,155.5,152.5,14.377,0.00616,8205640.0,1257948624.0,-1.1010362694300628,154.4,HK.09992
HK.09992,POP MART,2026-08-12 00:00:00,153.0,151.0,153.7,150.7,14.217,0.00904,12043127.0,1825461912.0,-1.1132940406024812,152.7,HK.09992
HK.09992,POP MART,2026-08-13 00:00:00,153.9,154.2,156.6,152.1,14.518,0.01034,13775057.0,2125190724.0,2.119205298013237,151.0,HK.09992
HK.09992,POP MART,2026-08-14 00:00:00,153.2,154.1,156.1,152.9,14.508,0.00406,5403919.0,836364839.0,-0.06485084306095612,154.2,HK.09992
HK.09992,POP MART,2026-08-17 00:00:00,154.1,153.5,156.9,153.2,14.452,0.00581,7731506.0,1195753578.0,-0.3893575600259535,154.1,HK.09992
HK.09992,POP MART,2026-08-18 00:00:00,152.6,150.1,153.2,149.2,14.132,0.01176,15655340.0,2354492592.0,-2.2149837133550525,153.5,HK.09992
HK.09992,POP MART,2026-08-19 00:00:00,150.8,150.5,152.2,150.2,14.17,0.00541,7205744.0,1089356519.0,0.2664890073284515,150.1,HK.09992
HK.09992,POP MART,2026-08-20 00:00:00,152.0,153.7,156.0,150.8,14.471,0.00814,10846769.0,1667094956.0,2.1262458471760723,150.5,HK.09992
HK.09992,POP MART,2026-08-21 00:00:00,141.1,149.0,149.6,140.1,14.028,0.03312,44114816.0,6421514919.0,-3.0579050097592644,153.7,HK.09992
HK.09992,POP MART,2026-08-24 00:00:00,149.0,155.0,155.6,148.1,14.593,0.01484,19765924.0,3046624368.0,4.026845637583892,149.0,HK.09992
HK.09992,POP MART,2026-08-25 00:00:00,155.8,155.2,159.9,154.2,14.612,0.00887,11808812.0,1854472125.0,0.1290322580645088,155.0,HK.09992
HK.09992,POP MART,2026-08-26 00:00:00,155.2,154.3,157.1,153.8,14.527,0.00376,5004657.0,776463003.0,-0.5798969072164802,155.2,HK.09992
HK.09992,POP MART,2026-08-27 00:00:00,155.3,154.0,156.0,153.1,14.499,0.00512,6812939.0,1050924861.0,-0.19442644199611883,154.3,HK.09992
HK.09992,POP MART,2026-08-28 00:00:00,154.0,158.7,159.4,153.1,14.942,0.00795,10584923.0,1666052573.0,3.0519480519480444,154.0,HK.09992
HK.09992,POP MART,2026-08-31 00:00:00,156.6,156.1,158.5,155.7,14.697,0.00559,7439378.0,1166484844.0,-1.6383112791430336,158.7,HK.09992
HK.09992,POP MART,2026-09-01 00:00:00,156.1,155.2,157.1,155.0,14.612,0.00278,3707025.0,577289099.0,-0.5765534913517013,156.1,HK.09992
HK.09992,POP MART,2026-09-02 00:00:00,154.4,154.2,155.0,152.1,14.518,0.00556,7398520.0,1134478399.0,-0.6443298969072165,155.2,HK.09992
HK.09992,POP MART,2026-09-03 00:00:00,154.2,153.4,155.5,152.4,14.443,0.00234,3111043.0,478304496.0,-0.5188067444876673,154.2,HK.09992
HK.09992,POP MART,2026-09-04 00:00:00,154.9,154.0,157.2,154.0,14.499,0.00373,4968517.0,772204257.0,0.3911342894393705,153.4,HK.09992
HK.09992,POP MART,2026-09-07 00:00:00,154.0,156.2,157.8,153.6,14.706,0.00448,5964957.0,932251938.0,1.4285714285714213,154.0,HK.09992
HK.09992,POP MART,2026-09-08 00:00:00,155.3,155.7,157.4,155.2,14.659,0.00229,3055867.0,476822679.0,-0.32010243277848915,156.2,HK.09992
HK.09992,POP MART,2026-09-09 00:00:00,155.6,156.1,157.7,154.9,14.697,0.00273,3632227.0,567246168.0,0.2569043031470814,155.7,HK.09992
HK.09992,POP MART,2026-09-10 00:00:00,154.0,152.7,154.6,152.3,14.377,0.00463,6170207.0,944776752.0,-2.1780909673286395,156.1,HK.09992
HK.09992,POP MART,2026-09-11 00:00:00,152.7,153.0,153.9,150.7,14.405,0.00351,4675776.0,712631409.0,0.19646365422397602,152.7,HK.09992
HK.09992,POP MART,2026-09-14 00:00:00,153.0,152.9,155.8,151.5,14.396,0.00354,4717314.0,722468824.0,-0.06535947712417929,153.0,HK.09992
HK.09992,POP MART,2026-09-15 00:00:00,152.9,152.2,153.5,151.7,14.33,0.00276,3674091.0,560720681.0,-0.457815565729246,152.9,HK.09992
HK.09992,POP MART,2026-09-16 00:00:00,152.8,152.6,154.2,151.3,14.367,0.00298,3965646.0,605282206.0,0.2628120893561141,152.2,HK.09992
HK.09992,POP MART,2026-09-17 00:00:00,151.7,153.2,154.8,150.2,14.424,0.00379,5052189.0,770014499.0,0.39318479685451796,152.6,HK.09992
HK.09992,POP MART,2026-09-18 00:00:00,153.2,155.1,155.5,153.1,14.603,0.00448,5970736.0,923125839.0,1.2402088772845992,153.2,HK.09992
HK.09999,NTES,2026-08-03 00:00:00,207.04724,207.24724,209.84724,205.44724,17.755,0.0018,5732394.0,1190854928.0,0.09659631299601824,207.04724,HK.09999
HK.09999,NTES,2026-08-04 00:00:00,205.44724,204.84724,208.24724,203.64724,17.55,0.00142,4519405.0,929282982.0,-1.1580371347768035,207.24724,HK.09999
HK.09999,NTES,2026-08-05 00:00:00,202.84724,201.84724,206.84724,201.04724,17.294,0.0016,5103188.0,1037830215.0,-1.464505941110068,204.84724,HK.09999
HK.09999,NTES,2026-08-06 00:00:00,201.84724,202.24724,202.44724,198.64724,17.328,0.00221,7037758.0,1419965370.0,0.19816966533701708,201.84724,HK.09999
HK.09999,NTES,2026-08-07 00:00:00,204.64724,204.44724,206.64724,203.04724,17.516,0.00171,5442569.0,1116495237.0,1.0877775142938853,202.24724,HK.09999
HK.09999,NTES,2026-08-10 00:00:00,207.24724,204.84724,207.44724,203.24724,17.55,0.00168,5371020.0,1103735246.0,0.19564949861881514,204.44724,HK.09999
HK.09999,NTES,2026-08-11 00:00:00,208.84724,202.04724,209.84724,202.04724,17.311,0.00153,4894481.0,1003798320.0,-1.3668722117027359,204.84724,HK.09999
HK.09999,NTES,2026-08-12 00:00:00,199.24724,191.74724,200.04724,191.04724,16.431,0.00182,5818946.0,1132111629.0,-5.097817718272213,202.04724,HK.09999
HK.09999,NTES,2026-08-13 00:00:00,194.04724,190.94724,195.24724,189.64724,16.363,0.00246,7858685.0,1509763872.0,-0.4172159140335013,191.74724,HK.09999
HK.09999,NTES,2026-08-14 00:00:00,191.24724,192.84724,196.04724,189.94724,16.525,0.0021,6687718.0,1300138150.0,0.9950392579646639,190.94724,HK.09999
HK.09999,NTES,2026-08-17 00:00:00,195.84724,193.44724,197.44724,193.24724,16.577,0.00122,3880137.0,757016183.0,0.3111270869108598,192.84724,HK.09999
HK.09999,NTES,2026-08-18 00:00:00,194.14724,193.04724,194.44724,189.34724,16.542,0.00152,4862664.0,937989802.0,-0.20677472575985353,193.44724,HK.09999
HK.09999,NTES,2026-08-19 00:00:00,194.14724,193.64724,194.44724,191.04724,16.594,0.0019,6061287.0,1175216257.0,0.31080475431817767,193.04724,HK.09999
HK.09999,NTES,2026-08-20 00:00:00,200.64724,192.64724,201.04724,192.54724,16.508,0.00235,7509503.0,1475578629.0,-0.5164029190397963,193.64724,HK.09999
HK.09999,NTES,2026-08-21 00:00:00,189.64724,201.24724,201.24724,187.64724,17.242,0.00457,14590195.0,2879416395.0,4.46411793908908,192.64724,HK.09999
HK.09999,NTES,2026-08-24 00:00:00,199.64724,194.14724,199.64724,190.24724,16.636,0.00249,7951435.0,1542204374.0,-3.5279986945411,201.24724,HK.09999
HK.09999,NTES,2026-08-25 00:00:00,194.04724,198.24724,199.64724,192.44724,16.986,0.00251,7995973.0,1578288290.0,2.1117992715219613,194.14724,HK.09999
HK.09999,NTES,2026-08-26 00:00:00,201.64724,194.74724,207.04724,194.54724,16.688,0.00241,7684963.0,1523500004.0,-1.7654722456665728,198.24724,HK.09999
HK.09999,NTES,2026-08-27 00:00:00,195.74724,192.44724,196.94724,191.94724,16.491,0.0013,4139494.0,804100559.0,-1.181018021102641,194.74724,HK.09999
HK.09999,NTES,2026-08-28 00:00:00,189.44724,191.44724,195.94724,189.34724,16.406,0.00164,5243494.0,1012192586.0,-0.519622936655262,192.44724,HK.09999
HK.09999,NTES,2026-08-31 00:00:00,189.54724,191.64724,191.94724,187.24724,16.423,0.00238,7586986.0,1453904223.0,0.1044674240276418,191.44724,HK.09999
HK.09999,NTES,2026-09-01 00:00:00,190.64724,188.04724,191.54724,187.44724,16.116,0.0016,5100774.0,966782226.0,-1.8784512628514882,191.64724,HK.09999
HK.09999,NTES,2026-09-02 00:00:00,187.1,186.8,188.2,183.6,15.945,0.00146,4670723.0,867059074.0,-0.6632588704838085,188.04724,HK.09999
HK.09999,NTES,2026-09-03 00:00:00,190.2,183.0,190.2,182.0,15.62,0.00187,5965927.0,1097512239.0,-2.0342612419700274,186.8,HK.09999
HK.09999,NTES,2026-09-04 00:00:00,184.5,189.1,190.1,184.4,16.141,0.00404,12902067.0,2436127232.0,3.3333333333333304,183.0,HK.09999
HK.09999,NTES,2026-09-07 00:00:00,185.0,187.7,188.7,185.0,16.022,0.00227,7255504.0,1363638858.0,-0.740349021681653,189.1,HK.09999
HK.09999,NTES,2026-09-08 00:00:00,185.8,188.2,190.9,185.8,16.064,0.00195,6231066.0,1174686113.0,0.26638252530633993,187.7,HK.09999
HK.09999,NTES,2026-09-09 00:00:00,186.1,183.2,186.7,181.8,15.638,0.002,6379871.0,1170601973.0,-2.656748140276302,188.2,HK.09999
HK.09999,NTES,2026-09-10 00:00:00,181.0,183.1,183.2,180.0,15.629,0.00238,7598885.0,1382886435.0,-0.05458515283842484,183.2,HK.09999
HK.09999,NTES,2026-09-11 00:00:00,182.3,182.1,184.4,180.3,15.544,0.00247,7879704.0,1435222513.0,-0.5461496450027308,183.1,HK.09999
HK.09999,NTES,2026-09-14 00:00:00,182.1,182.1,183.0,181.0,15.544,0.00144,4597035.0,837107866.0,0.0,182.1,HK.09999
HK.09999,NTES,2026-09-15 00:00:00,184.1,187.1,188.8,183.5,15.97,0.00191,6092672.0,1137179500.0,2.7457440966501925,182.1,HK.09999
HK.09999,NTES,2026-09-16 00:00:00,187.1,186.8,187.2,182.8,15.945,0.00145,4633508.0,863392496.0,-0.16034206306786905,187.1,HK.09999
HK.09999,NTES,2026-09-17 00:00:00,184.2,185.1,186.5,183.4,15.8,0.00156,4979145.0,919614264.0,-0.9100642398287029,186.8,HK.09999
HK.09999,NTES,2026-09-18 00:00:00,184.5,183.6,184.9,182.8,15.672,0.00223,7105157.0,1304569769.0,-0.8103727714748784,185.1,HK.09999
