date,symbol,direction,traded,entry_index,exit_index,entry_signal_close_minute,entry_minute,exit_signal_close_minute,exit_minute,exit_time_exact,entry_price,exit_price,pnl_points,gross_return,exit_reason,eod_flatten,unclosed,signal_minutes,execution_minutes,rule_id
2026-05-14,US.AAPL,LONG,False,-1,-1,-1,-1,-1,-1,True,,,0.0,0.0,no_entry,False,False,5,1,7d887372b1e0
2026-05-14,US.AAPL,SHORT,False,-1,-1,-1,-1,-1,-1,True,,,0.0,0.0,no_entry,False,False,5,1,7d887372b1e0
2026-05-14,US.AMD,LONG,False,-1,-1,-1,-1,-1,-1,True,,,0.0,0.0,no_entry,False,False,5,1,7d887372b1e0
2026-05-14,US.AMD,SHORT,False,-1,-1,-1,-1,-1,-1,True,,,0.0,0.0,no_entry,False,False,5,1,7d887372b1e0
2026-05-14,US.IWM,LONG,False,-1,-1,-1,-1,-1,-1,True,,,0.0,0.0,no_entry,False,False,5,1,7d887372b1e0
2026-05-14,US.IWM,SHORT,False,-1,-1,-1,-1,-1,-1,True,,,0.0,0.0,no_entry,False,False,5,1,7d887372b1e0
2026-05-14,US.META,LONG,False,-1,-1,-1,-1,-1,-1,True,,,0.0,0.0,no_entry,False,False,5,1,7d887372b1e0
2026-05-14,US.META,SHORT,False,-1,-1,-1,-1,-1,-1,True,,,0.0,0.0,no_entry,False,False,5,1,7d887372b1e0
2026-05-14,US.MSFT,LONG,False,-1,-1,-1,-1,-1,-1,True,,,0.0,0.0,no_entry,False,False,5,1,7d887372b1e0
2026-05-14,US.MSFT,SHORT,False,-1,-1,-1,-1,-1,-1,True,,,0.0,0.0,no_entry,False,False,5,1,7d887372b1e0
2026-05-14,US.MU,LONG,False,-1,-1,-1,-1,-1,-1,True,,,0.0,0.0,no_entry,False,False,5,1,7d887372b1e0
2026-05-14,US.MU,SHORT,False,-1,-1,-1,-1,-1,-1,True,,,0.0,0.0,no_entry,False,False,5,1,7d887372b1e0
2026-05-14,US.NVDA,LONG,False,-1,-1,-1,-1,-1,-1,True,,,0.0,0.0,no_entry,False,False,5,1,7d887372b1e0
2026-05-14,US.NVDA,SHORT,False,-1,-1,-1,-1,-1,-1,True,,,0.0,0.0,no_entry,False,False,5,1,7d887372b1e0
2026-05-14,US.QQQ,LONG,False,-1,-1,-1,-1,-1,-1,True,,,0.0,0.0,no_entry,False,False,5,1,7d887372b1e0
2026-05-14,US.QQQ,SHORT,False,-1,-1,-1,-1,-1,-1,True,,,0.0,0.0,no_entry,False,False,5,1,7d887372b1e0
2026-05-14,US.SPY,LONG,False,-1,-1,-1,-1,-1,-1,True,,,0.0,0.0,no_entry,False,False,5,1,7d887372b1e0
2026-05-14,US.SPY,SHORT,False,-1,-1,-1,-1,-1,-1,True,,,0.0,0.0,no_entry,False,False,5,1,7d887372b1e0
2026-05-14,US.TSLA,LONG,False,-1,-1,-1,-1,-1,-1,True,,,0.0,0.0,no_entry,False,False,5,1,7d887372b1e0
2026-05-14,US.TSLA,SHORT,False,-1,-1,-1,-1,-1,-1,True,,,0.0,0.0,no_entry,False,False,5,1,7d887372b1e0
2026-05-15,US.AAPL,LONG,False,-1,-1,-1,-1,-1,-1,True,,,0.0,0.0,no_entry,False,False,5,1,7d887372b1e0
2026-05-15,US.AAPL,SHORT,False,-1,-1,-1,-1,-1,-1,True,,,0.0,0.0,no_entry,False,False,5,1,7d887372b1e0
2026-05-15,US.AMD,LONG,False,-1,-1,-1,-1,-1,-1,True,,,0.0,0.0,no_entry,False,False,5,1,7d887372b1e0
2026-05-15,US.AMD,SHORT,False,-1,-1,-1,-1,-1,-1,True,,,0.0,0.0,no_entry,False,False,5,1,7d887372b1e0
2026-05-15,US.IWM,LONG,False,-1,-1,-1,-1,-1,-1,True,,,0.0,0.0,no_entry,False,False,5,1,7d887372b1e0
2026-05-15,US.IWM,SHORT,False,-1,-1,-1,-1,-1,-1,True,,,0.0,0.0,no_entry,False,False,5,1,7d887372b1e0
2026-05-15,US.META,LONG,False,-1,-1,-1,-1,-1,-1,True,,,0.0,0.0,no_entry,False,False,5,1,7d887372b1e0
2026-05-15,US.META,SHORT,False,-1,-1,-1,-1,-1,-1,True,,,0.0,0.0,no_entry,False,False,5,1,7d887372b1e0
2026-05-15,US.MSFT,LONG,False,-1,-1,-1,-1,-1,-1,True,,,0.0,0.0,no_entry,False,False,5,1,7d887372b1e0
2026-05-15,US.MSFT,SHORT,False,-1,-1,-1,-1,-1,-1,True,,,0.0,0.0,no_entry,False,False,5,1,7d887372b1e0
2026-05-15,US.MU,LONG,False,-1,-1,-1,-1,-1,-1,True,,,0.0,0.0,no_entry,False,False,5,1,7d887372b1e0
2026-05-15,US.MU,SHORT,False,-1,-1,-1,-1,-1,-1,True,,,0.0,0.0,no_entry,False,False,5,1,7d887372b1e0
2026-05-15,US.NVDA,LONG,False,-1,-1,-1,-1,-1,-1,True,,,0.0,0.0,no_entry,False,False,5,1,7d887372b1e0
2026-05-15,US.NVDA,SHORT,False,-1,-1,-1,-1,-1,-1,True,,,0.0,0.0,no_entry,False,False,5,1,7d887372b1e0
2026-05-15,US.QQQ,LONG,False,-1,-1,-1,-1,-1,-1,True,,,0.0,0.0,no_entry,False,False,5,1,7d887372b1e0
2026-05-15,US.QQQ,SHORT,False,-1,-1,-1,-1,-1,-1,True,,,0.0,0.0,no_entry,False,False,5,1,7d887372b1e0
2026-05-15,US.SPY,LONG,False,-1,-1,-1,-1,-1,-1,True,,,0.0,0.0,no_entry,False,False,5,1,7d887372b1e0
2026-05-15,US.SPY,SHORT,False,-1,-1,-1,-1,-1,-1,True,,,0.0,0.0,no_entry,False,False,5,1,7d887372b1e0
2026-05-15,US.TSLA,LONG,False,-1,-1,-1,-1,-1,-1,True,,,0.0,0.0,no_entry,False,False,5,1,7d887372b1e0
2026-05-15,US.TSLA,SHORT,False,-1,-1,-1,-1,-1,-1,True,,,0.0,0.0,no_entry,False,False,5,1,7d887372b1e0
2026-05-18,US.AAPL,LONG,False,-1,-1,-1,-1,-1,-1,True,,,0.0,0.0,no_entry,False,False,5,1,7d887372b1e0
2026-05-18,US.AAPL,SHORT,False,-1,-1,-1,-1,-1,-1,True,,,0.0,0.0,no_entry,False,False,5,1,7d887372b1e0
2026-05-18,US.AMD,LONG,False,-1,-1,-1,-1,-1,-1,True,,,0.0,0.0,no_entry,False,False,5,1,7d887372b1e0
2026-05-18,US.AMD,SHORT,False,-1,-1,-1,-1,-1,-1,True,,,0.0,0.0,no_entry,False,False,5,1,7d887372b1e0
2026-05-18,US.IWM,LONG,False,-1,-1,-1,-1,-1,-1,True,,,0.0,0.0,no_entry,False,False,5,1,7d887372b1e0
2026-05-18,US.IWM,SHORT,False,-1,-1,-1,-1,-1,-1,True,,,0.0,0.0,no_entry,False,False,5,1,7d887372b1e0
2026-05-18,US.META,LONG,False,-1,-1,-1,-1,-1,-1,True,,,0.0,0.0,no_entry,False,False,5,1,7d887372b1e0
2026-05-18,US.META,SHORT,False,-1,-1,-1,-1,-1,-1,True,,,0.0,0.0,no_entry,False,False,5,1,7d887372b1e0
2026-05-18,US.MSFT,LONG,False,-1,-1,-1,-1,-1,-1,True,,,0.0,0.0,no_entry,False,False,5,1,7d887372b1e0
2026-05-18,US.MSFT,SHORT,False,-1,-1,-1,-1,-1,-1,True,,,0.0,0.0,no_entry,False,False,5,1,7d887372b1e0
2026-05-18,US.MU,LONG,False,-1,-1,-1,-1,-1,-1,True,,,0.0,0.0,no_entry,False,False,5,1,7d887372b1e0
2026-05-18,US.MU,SHORT,False,-1,-1,-1,-1,-1,-1,True,,,0.0,0.0,no_entry,False,False,5,1,7d887372b1e0
2026-05-18,US.NVDA,LONG,False,-1,-1,-1,-1,-1,-1,True,,,0.0,0.0,no_entry,False,False,5,1,7d887372b1e0
2026-05-18,US.NVDA,SHORT,False,-1,-1,-1,-1,-1,-1,True,,,0.0,0.0,no_entry,False,False,5,1,7d887372b1e0
2026-05-18,US.QQQ,LONG,False,-1,-1,-1,-1,-1,-1,True,,,0.0,0.0,no_entry,False,False,5,1,7d887372b1e0
2026-05-18,US.QQQ,SHORT,False,-1,-1,-1,-1,-1,-1,True,,,0.0,0.0,no_entry,False,False,5,1,7d887372b1e0
2026-05-18,US.SPY,LONG,False,-1,-1,-1,-1,-1,-1,True,,,0.0,0.0,no_entry,False,False,5,1,7d887372b1e0
2026-05-18,US.SPY,SHORT,False,-1,-1,-1,-1,-1,-1,True,,,0.0,0.0,no_entry,False,False,5,1,7d887372b1e0
2026-05-18,US.TSLA,LONG,False,-1,-1,-1,-1,-1,-1,True,,,0.0,0.0,no_entry,False,False,5,1,7d887372b1e0
2026-05-18,US.TSLA,SHORT,False,-1,-1,-1,-1,-1,-1,True,,,0.0,0.0,no_entry,False,False,5,1,7d887372b1e0
2026-05-19,US.AAPL,LONG,False,-1,-1,-1,-1,-1,-1,True,,,0.0,0.0,no_entry,False,False,5,1,7d887372b1e0
2026-05-19,US.AAPL,SHORT,False,-1,-1,-1,-1,-1,-1,True,,,0.0,0.0,no_entry,False,False,5,1,7d887372b1e0
2026-05-19,US.AMD,LONG,False,-1,-1,-1,-1,-1,-1,True,,,0.0,0.0,no_entry,False,False,5,1,7d887372b1e0
2026-05-19,US.AMD,SHORT,False,-1,-1,-1,-1,-1,-1,True,,,0.0,0.0,no_entry,False,False,5,1,7d887372b1e0
2026-05-19,US.IWM,LONG,False,-1,-1,-1,-1,-1,-1,True,,,0.0,0.0,no_entry,False,False,5,1,7d887372b1e0
2026-05-19,US.IWM,SHORT,False,-1,-1,-1,-1,-1,-1,True,,,0.0,0.0,no_entry,False,False,5,1,7d887372b1e0
2026-05-19,US.META,LONG,False,-1,-1,-1,-1,-1,-1,True,,,0.0,0.0,no_entry,False,False,5,1,7d887372b1e0
2026-05-19,US.META,SHORT,False,-1,-1,-1,-1,-1,-1,True,,,0.0,0.0,no_entry,False,False,5,1,7d887372b1e0
2026-05-19,US.MSFT,LONG,False,-1,-1,-1,-1,-1,-1,True,,,0.0,0.0,no_entry,False,False,5,1,7d887372b1e0
2026-05-19,US.MSFT,SHORT,False,-1,-1,-1,-1,-1,-1,True,,,0.0,0.0,no_entry,False,False,5,1,7d887372b1e0
2026-05-19,US.MU,LONG,False,-1,-1,-1,-1,-1,-1,True,,,0.0,0.0,no_entry,False,False,5,1,7d887372b1e0
2026-05-19,US.MU,SHORT,False,-1,-1,-1,-1,-1,-1,True,,,0.0,0.0,no_entry,False,False,5,1,7d887372b1e0
2026-05-19,US.NVDA,LONG,False,-1,-1,-1,-1,-1,-1,True,,,0.0,0.0,no_entry,False,False,5,1,7d887372b1e0
2026-05-19,US.NVDA,SHORT,False,-1,-1,-1,-1,-1,-1,True,,,0.0,0.0,no_entry,False,False,5,1,7d887372b1e0
2026-05-19,US.QQQ,LONG,False,-1,-1,-1,-1,-1,-1,True,,,0.0,0.0,no_entry,False,False,5,1,7d887372b1e0
2026-05-19,US.QQQ,SHORT,False,-1,-1,-1,-1,-1,-1,True,,,0.0,0.0,no_entry,False,False,5,1,7d887372b1e0
2026-05-19,US.SPY,LONG,False,-1,-1,-1,-1,-1,-1,True,,,0.0,0.0,no_entry,False,False,5,1,7d887372b1e0
2026-05-19,US.SPY,SHORT,False,-1,-1,-1,-1,-1,-1,True,,,0.0,0.0,no_entry,False,False,5,1,7d887372b1e0
2026-05-19,US.TSLA,LONG,False,-1,-1,-1,-1,-1,-1,True,,,0.0,0.0,no_entry,False,False,5,1,7d887372b1e0
2026-05-19,US.TSLA,SHORT,False,-1,-1,-1,-1,-1,-1,True,,,0.0,0.0,no_entry,False,False,5,1,7d887372b1e0
2026-05-20,US.AAPL,LONG,False,-1,-1,-1,-1,-1,-1,True,,,0.0,0.0,no_entry,False,False,5,1,7d887372b1e0
2026-05-20,US.AAPL,SHORT,False,-1,-1,-1,-1,-1,-1,True,,,0.0,0.0,no_entry,False,False,5,1,7d887372b1e0
2026-05-20,US.AMD,LONG,False,-1,-1,-1,-1,-1,-1,True,,,0.0,0.0,no_entry,False,False,5,1,7d887372b1e0
2026-05-20,US.AMD,SHORT,False,-1,-1,-1,-1,-1,-1,True,,,0.0,0.0,no_entry,False,False,5,1,7d887372b1e0
2026-05-20,US.IWM,LONG,False,-1,-1,-1,-1,-1,-1,True,,,0.0,0.0,no_entry,False,False,5,1,7d887372b1e0
2026-05-20,US.IWM,SHORT,False,-1,-1,-1,-1,-1,-1,True,,,0.0,0.0,no_entry,False,False,5,1,7d887372b1e0
2026-05-20,US.META,LONG,False,-1,-1,-1,-1,-1,-1,True,,,0.0,0.0,no_entry,False,False,5,1,7d887372b1e0
2026-05-20,US.META,SHORT,False,-1,-1,-1,-1,-1,-1,True,,,0.0,0.0,no_entry,False,False,5,1,7d887372b1e0
2026-05-20,US.MSFT,LONG,False,-1,-1,-1,-1,-1,-1,True,,,0.0,0.0,no_entry,False,False,5,1,7d887372b1e0
2026-05-20,US.MSFT,SHORT,False,-1,-1,-1,-1,-1,-1,True,,,0.0,0.0,no_entry,False,False,5,1,7d887372b1e0
2026-05-20,US.MU,LONG,False,-1,-1,-1,-1,-1,-1,True,,,0.0,0.0,no_entry,False,False,5,1,7d887372b1e0
2026-05-20,US.MU,SHORT,False,-1,-1,-1,-1,-1,-1,True,,,0.0,0.0,no_entry,False,False,5,1,7d887372b1e0
2026-05-20,US.NVDA,LONG,False,-1,-1,-1,-1,-1,-1,True,,,0.0,0.0,no_entry,False,False,5,1,7d887372b1e0
2026-05-20,US.NVDA,SHORT,False,-1,-1,-1,-1,-1,-1,True,,,0.0,0.0,no_entry,False,False,5,1,7d887372b1e0
2026-05-20,US.QQQ,LONG,False,-1,-1,-1,-1,-1,-1,True,,,0.0,0.0,no_entry,False,False,5,1,7d887372b1e0
2026-05-20,US.QQQ,SHORT,False,-1,-1,-1,-1,-1,-1,True,,,0.0,0.0,no_entry,False,False,5,1,7d887372b1e0
2026-05-20,US.SPY,LONG,False,-1,-1,-1,-1,-1,-1,True,,,0.0,0.0,no_entry,False,False,5,1,7d887372b1e0
2026-05-20,US.SPY,SHORT,False,-1,-1,-1,-1,-1,-1,True,,,0.0,0.0,no_entry,False,False,5,1,7d887372b1e0
2026-05-20,US.TSLA,LONG,False,-1,-1,-1,-1,-1,-1,True,,,0.0,0.0,no_entry,False,False,5,1,7d887372b1e0
2026-05-20,US.TSLA,SHORT,False,-1,-1,-1,-1,-1,-1,True,,,0.0,0.0,no_entry,False,False,5,1,7d887372b1e0
2026-05-21,US.AAPL,LONG,False,-1,-1,-1,-1,-1,-1,True,,,0.0,0.0,no_entry,False,False,5,1,7d887372b1e0
2026-05-21,US.AAPL,SHORT,False,-1,-1,-1,-1,-1,-1,True,,,0.0,0.0,no_entry,False,False,5,1,7d887372b1e0
2026-05-21,US.AMD,LONG,False,-1,-1,-1,-1,-1,-1,True,,,0.0,0.0,no_entry,False,False,5,1,7d887372b1e0
2026-05-21,US.AMD,SHORT,False,-1,-1,-1,-1,-1,-1,True,,,0.0,0.0,no_entry,False,False,5,1,7d887372b1e0
2026-05-21,US.IWM,LONG,False,-1,-1,-1,-1,-1,-1,True,,,0.0,0.0,no_entry,False,False,5,1,7d887372b1e0
2026-05-21,US.IWM,SHORT,False,-1,-1,-1,-1,-1,-1,True,,,0.0,0.0,no_entry,False,False,5,1,7d887372b1e0
2026-05-21,US.META,LONG,False,-1,-1,-1,-1,-1,-1,True,,,0.0,0.0,no_entry,False,False,5,1,7d887372b1e0
2026-05-21,US.META,SHORT,True,25,90,595,595,660,660,True,597.810938542,599.044794983,-1.2338564409999435,-0.0020639576184557505,failed_followthrough,False,False,5,1,7d887372b1e0
2026-05-21,US.MSFT,LONG,False,-1,-1,-1,-1,-1,-1,True,,,0.0,0.0,no_entry,False,False,5,1,7d887372b1e0
2026-05-21,US.MSFT,SHORT,False,-1,-1,-1,-1,-1,-1,True,,,0.0,0.0,no_entry,False,False,5,1,7d887372b1e0
2026-05-21,US.MU,LONG,False,-1,-1,-1,-1,-1,-1,True,,,0.0,0.0,no_entry,False,False,5,1,7d887372b1e0
2026-05-21,US.MU,SHORT,False,-1,-1,-1,-1,-1,-1,True,,,0.0,0.0,no_entry,False,False,5,1,7d887372b1e0
2026-05-21,US.NVDA,LONG,False,-1,-1,-1,-1,-1,-1,True,,,0.0,0.0,no_entry,False,False,5,1,7d887372b1e0
2026-05-21,US.NVDA,SHORT,False,-1,-1,-1,-1,-1,-1,True,,,0.0,0.0,no_entry,False,False,5,1,7d887372b1e0
2026-05-21,US.QQQ,LONG,False,-1,-1,-1,-1,-1,-1,True,,,0.0,0.0,no_entry,False,False,5,1,7d887372b1e0
2026-05-21,US.QQQ,SHORT,False,-1,-1,-1,-1,-1,-1,True,,,0.0,0.0,no_entry,False,False,5,1,7d887372b1e0
2026-05-21,US.SPY,LONG,True,105,115,675,675,685,685,True,737.051643361,736.981823191,-0.06982016999995722,-9.4729006615565e-05,failed_followthrough,False,False,5,1,7d887372b1e0
2026-05-21,US.SPY,SHORT,False,-1,-1,-1,-1,-1,-1,True,,,0.0,0.0,no_entry,False,False,5,1,7d887372b1e0
2026-05-21,US.TSLA,LONG,False,-1,-1,-1,-1,-1,-1,True,,,0.0,0.0,no_entry,False,False,5,1,7d887372b1e0
2026-05-21,US.TSLA,SHORT,False,-1,-1,-1,-1,-1,-1,True,,,0.0,0.0,no_entry,False,False,5,1,7d887372b1e0
2026-05-22,US.AAPL,LONG,False,-1,-1,-1,-1,-1,-1,True,,,0.0,0.0,no_entry,False,False,5,1,7d887372b1e0
2026-05-22,US.AAPL,SHORT,False,-1,-1,-1,-1,-1,-1,True,,,0.0,0.0,no_entry,False,False,5,1,7d887372b1e0
2026-05-22,US.AMD,LONG,False,-1,-1,-1,-1,-1,-1,True,,,0.0,0.0,no_entry,False,False,5,1,7d887372b1e0
2026-05-22,US.AMD,SHORT,False,-1,-1,-1,-1,-1,-1,True,,,0.0,0.0,no_entry,False,False,5,1,7d887372b1e0
2026-05-22,US.IWM,LONG,False,-1,-1,-1,-1,-1,-1,True,,,0.0,0.0,no_entry,False,False,5,1,7d887372b1e0
2026-05-22,US.IWM,SHORT,False,-1,-1,-1,-1,-1,-1,True,,,0.0,0.0,no_entry,False,False,5,1,7d887372b1e0
2026-05-22,US.META,LONG,False,-1,-1,-1,-1,-1,-1,True,,,0.0,0.0,no_entry,False,False,5,1,7d887372b1e0
2026-05-22,US.META,SHORT,False,-1,-1,-1,-1,-1,-1,True,,,0.0,0.0,no_entry,False,False,5,1,7d887372b1e0
2026-05-22,US.MSFT,LONG,False,-1,-1,-1,-1,-1,-1,True,,,0.0,0.0,no_entry,False,False,5,1,7d887372b1e0
2026-05-22,US.MSFT,SHORT,False,-1,-1,-1,-1,-1,-1,True,,,0.0,0.0,no_entry,False,False,5,1,7d887372b1e0
2026-05-22,US.MU,LONG,False,-1,-1,-1,-1,-1,-1,True,,,0.0,0.0,no_entry,False,False,5,1,7d887372b1e0
2026-05-22,US.MU,SHORT,False,-1,-1,-1,-1,-1,-1,True,,,0.0,0.0,no_entry,False,False,5,1,7d887372b1e0
2026-05-22,US.NVDA,LONG,False,-1,-1,-1,-1,-1,-1,True,,,0.0,0.0,no_entry,False,False,5,1,7d887372b1e0
2026-05-22,US.NVDA,SHORT,True,140,145,710,710,715,715,True,216.441263785,217.013954741,-0.5726909560000024,-0.0026459416563418326,soft_failure_loss,False,False,5,1,7d887372b1e0
2026-05-22,US.QQQ,LONG,False,-1,-1,-1,-1,-1,-1,True,,,0.0,0.0,no_entry,False,False,5,1,7d887372b1e0
2026-05-22,US.QQQ,SHORT,False,-1,-1,-1,-1,-1,-1,True,,,0.0,0.0,no_entry,False,False,5,1,7d887372b1e0
2026-05-22,US.SPY,LONG,False,-1,-1,-1,-1,-1,-1,True,,,0.0,0.0,no_entry,False,False,5,1,7d887372b1e0
2026-05-22,US.SPY,SHORT,False,-1,-1,-1,-1,-1,-1,True,,,0.0,0.0,no_entry,False,False,5,1,7d887372b1e0
2026-05-22,US.TSLA,LONG,False,-1,-1,-1,-1,-1,-1,True,,,0.0,0.0,no_entry,False,False,5,1,7d887372b1e0
2026-05-22,US.TSLA,SHORT,False,-1,-1,-1,-1,-1,-1,True,,,0.0,0.0,no_entry,False,False,5,1,7d887372b1e0
2026-05-26,US.AAPL,LONG,False,-1,-1,-1,-1,-1,-1,True,,,0.0,0.0,no_entry,False,False,5,1,7d887372b1e0
2026-05-26,US.AAPL,SHORT,False,-1,-1,-1,-1,-1,-1,True,,,0.0,0.0,no_entry,False,False,5,1,7d887372b1e0
2026-05-26,US.AMD,LONG,False,-1,-1,-1,-1,-1,-1,True,,,0.0,0.0,no_entry,False,False,5,1,7d887372b1e0
2026-05-26,US.AMD,SHORT,False,-1,-1,-1,-1,-1,-1,True,,,0.0,0.0,no_entry,False,False,5,1,7d887372b1e0
2026-05-26,US.IWM,LONG,False,-1,-1,-1,-1,-1,-1,True,,,0.0,0.0,no_entry,False,False,5,1,7d887372b1e0
2026-05-26,US.IWM,SHORT,False,-1,-1,-1,-1,-1,-1,True,,,0.0,0.0,no_entry,False,False,5,1,7d887372b1e0
2026-05-26,US.META,LONG,False,-1,-1,-1,-1,-1,-1,True,,,0.0,0.0,no_entry,False,False,5,1,7d887372b1e0
2026-05-26,US.META,SHORT,False,-1,-1,-1,-1,-1,-1,True,,,0.0,0.0,no_entry,False,False,5,1,7d887372b1e0
2026-05-26,US.MSFT,LONG,False,-1,-1,-1,-1,-1,-1,True,,,0.0,0.0,no_entry,False,False,5,1,7d887372b1e0
2026-05-26,US.MSFT,SHORT,False,-1,-1,-1,-1,-1,-1,True,,,0.0,0.0,no_entry,False,False,5,1,7d887372b1e0
2026-05-26,US.MU,LONG,False,-1,-1,-1,-1,-1,-1,True,,,0.0,0.0,no_entry,False,False,5,1,7d887372b1e0
2026-05-26,US.MU,SHORT,False,-1,-1,-1,-1,-1,-1,True,,,0.0,0.0,no_entry,False,False,5,1,7d887372b1e0
2026-05-26,US.NVDA,LONG,False,-1,-1,-1,-1,-1,-1,True,,,0.0,0.0,no_entry,False,False,5,1,7d887372b1e0
2026-05-26,US.NVDA,SHORT,False,-1,-1,-1,-1,-1,-1,True,,,0.0,0.0,no_entry,False,False,5,1,7d887372b1e0
2026-05-26,US.QQQ,LONG,False,-1,-1,-1,-1,-1,-1,True,,,0.0,0.0,no_entry,False,False,5,1,7d887372b1e0
2026-05-26,US.QQQ,SHORT,False,-1,-1,-1,-1,-1,-1,True,,,0.0,0.0,no_entry,False,False,5,1,7d887372b1e0
2026-05-26,US.SPY,LONG,False,-1,-1,-1,-1,-1,-1,True,,,0.0,0.0,no_entry,False,False,5,1,7d887372b1e0
2026-05-26,US.SPY,SHORT,False,-1,-1,-1,-1,-1,-1,True,,,0.0,0.0,no_entry,False,False,5,1,7d887372b1e0
2026-05-26,US.TSLA,LONG,False,-1,-1,-1,-1,-1,-1,True,,,0.0,0.0,no_entry,False,False,5,1,7d887372b1e0
2026-05-26,US.TSLA,SHORT,False,-1,-1,-1,-1,-1,-1,True,,,0.0,0.0,no_entry,False,False,5,1,7d887372b1e0
2026-05-27,US.AAPL,LONG,True,65,360,635,635,930,930,True,311.526322506,309.553024388,-1.9732981180000024,-0.006334290156049323,trailing,False,False,5,1,7d887372b1e0
2026-05-27,US.AAPL,SHORT,False,-1,-1,-1,-1,-1,-1,True,,,0.0,0.0,no_entry,False,False,5,1,7d887372b1e0
2026-05-27,US.AMD,LONG,False,-1,-1,-1,-1,-1,-1,True,,,0.0,0.0,no_entry,False,False,5,1,7d887372b1e0
2026-05-27,US.AMD,SHORT,False,-1,-1,-1,-1,-1,-1,True,,,0.0,0.0,no_entry,False,False,5,1,7d887372b1e0
2026-05-27,US.IWM,LONG,False,-1,-1,-1,-1,-1,-1,True,,,0.0,0.0,no_entry,False,False,5,1,7d887372b1e0
2026-05-27,US.IWM,SHORT,False,-1,-1,-1,-1,-1,-1,True,,,0.0,0.0,no_entry,False,False,5,1,7d887372b1e0
2026-05-27,US.META,LONG,False,-1,-1,-1,-1,-1,-1,True,,,0.0,0.0,no_entry,False,False,5,1,7d887372b1e0
2026-05-27,US.META,SHORT,False,-1,-1,-1,-1,-1,-1,True,,,0.0,0.0,no_entry,False,False,5,1,7d887372b1e0
2026-05-27,US.MSFT,LONG,False,-1,-1,-1,-1,-1,-1,True,,,0.0,0.0,no_entry,False,False,5,1,7d887372b1e0
2026-05-27,US.MSFT,SHORT,False,-1,-1,-1,-1,-1,-1,True,,,0.0,0.0,no_entry,False,False,5,1,7d887372b1e0
2026-05-27,US.MU,LONG,False,-1,-1,-1,-1,-1,-1,True,,,0.0,0.0,no_entry,False,False,5,1,7d887372b1e0
2026-05-27,US.MU,SHORT,False,-1,-1,-1,-1,-1,-1,True,,,0.0,0.0,no_entry,False,False,5,1,7d887372b1e0
2026-05-27,US.NVDA,LONG,False,-1,-1,-1,-1,-1,-1,True,,,0.0,0.0,no_entry,False,False,5,1,7d887372b1e0
2026-05-27,US.NVDA,SHORT,False,-1,-1,-1,-1,-1,-1,True,,,0.0,0.0,no_entry,False,False,5,1,7d887372b1e0
2026-05-27,US.QQQ,LONG,False,-1,-1,-1,-1,-1,-1,True,,,0.0,0.0,no_entry,False,False,5,1,7d887372b1e0
2026-05-27,US.QQQ,SHORT,False,-1,-1,-1,-1,-1,-1,True,,,0.0,0.0,no_entry,False,False,5,1,7d887372b1e0
2026-05-27,US.SPY,LONG,False,-1,-1,-1,-1,-1,-1,True,,,0.0,0.0,no_entry,False,False,5,1,7d887372b1e0
2026-05-27,US.SPY,SHORT,False,-1,-1,-1,-1,-1,-1,True,,,0.0,0.0,no_entry,False,False,5,1,7d887372b1e0
2026-05-27,US.TSLA,LONG,False,-1,-1,-1,-1,-1,-1,True,,,0.0,0.0,no_entry,False,False,5,1,7d887372b1e0
2026-05-27,US.TSLA,SHORT,False,-1,-1,-1,-1,-1,-1,True,,,0.0,0.0,no_entry,False,False,5,1,7d887372b1e0
2026-05-28,US.AAPL,LONG,False,-1,-1,-1,-1,-1,-1,True,,,0.0,0.0,no_entry,False,False,5,1,7d887372b1e0
2026-05-28,US.AAPL,SHORT,False,-1,-1,-1,-1,-1,-1,True,,,0.0,0.0,no_entry,False,False,5,1,7d887372b1e0
2026-05-28,US.AMD,LONG,False,-1,-1,-1,-1,-1,-1,True,,,0.0,0.0,no_entry,False,False,5,1,7d887372b1e0
2026-05-28,US.AMD,SHORT,False,-1,-1,-1,-1,-1,-1,True,,,0.0,0.0,no_entry,False,False,5,1,7d887372b1e0
2026-05-28,US.IWM,LONG,False,-1,-1,-1,-1,-1,-1,True,,,0.0,0.0,no_entry,False,False,5,1,7d887372b1e0
2026-05-28,US.IWM,SHORT,False,-1,-1,-1,-1,-1,-1,True,,,0.0,0.0,no_entry,False,False,5,1,7d887372b1e0
2026-05-28,US.META,LONG,False,-1,-1,-1,-1,-1,-1,True,,,0.0,0.0,no_entry,False,False,5,1,7d887372b1e0
2026-05-28,US.META,SHORT,False,-1,-1,-1,-1,-1,-1,True,,,0.0,0.0,no_entry,False,False,5,1,7d887372b1e0
2026-05-28,US.MSFT,LONG,False,-1,-1,-1,-1,-1,-1,True,,,0.0,0.0,no_entry,False,False,5,1,7d887372b1e0
2026-05-28,US.MSFT,SHORT,False,-1,-1,-1,-1,-1,-1,True,,,0.0,0.0,no_entry,False,False,5,1,7d887372b1e0
2026-05-28,US.MU,LONG,False,-1,-1,-1,-1,-1,-1,True,,,0.0,0.0,no_entry,False,False,5,1,7d887372b1e0
2026-05-28,US.MU,SHORT,False,-1,-1,-1,-1,-1,-1,True,,,0.0,0.0,no_entry,False,False,5,1,7d887372b1e0
2026-05-28,US.NVDA,LONG,False,-1,-1,-1,-1,-1,-1,True,,,0.0,0.0,no_entry,False,False,5,1,7d887372b1e0
2026-05-28,US.NVDA,SHORT,False,-1,-1,-1,-1,-1,-1,True,,,0.0,0.0,no_entry,False,False,5,1,7d887372b1e0
2026-05-28,US.QQQ,LONG,False,-1,-1,-1,-1,-1,-1,True,,,0.0,0.0,no_entry,False,False,5,1,7d887372b1e0
2026-05-28,US.QQQ,SHORT,False,-1,-1,-1,-1,-1,-1,True,,,0.0,0.0,no_entry,False,False,5,1,7d887372b1e0
2026-05-28,US.SPY,LONG,False,-1,-1,-1,-1,-1,-1,True,,,0.0,0.0,no_entry,False,False,5,1,7d887372b1e0
2026-05-28,US.SPY,SHORT,False,-1,-1,-1,-1,-1,-1,True,,,0.0,0.0,no_entry,False,False,5,1,7d887372b1e0
2026-05-28,US.TSLA,LONG,False,-1,-1,-1,-1,-1,-1,True,,,0.0,0.0,no_entry,False,False,5,1,7d887372b1e0
2026-05-28,US.TSLA,SHORT,False,-1,-1,-1,-1,-1,-1,True,,,0.0,0.0,no_entry,False,False,5,1,7d887372b1e0
2026-05-29,US.AAPL,LONG,False,-1,-1,-1,-1,-1,-1,True,,,0.0,0.0,no_entry,False,False,5,1,7d887372b1e0
2026-05-29,US.AAPL,SHORT,False,-1,-1,-1,-1,-1,-1,True,,,0.0,0.0,no_entry,False,False,5,1,7d887372b1e0
2026-05-29,US.AMD,LONG,False,-1,-1,-1,-1,-1,-1,True,,,0.0,0.0,no_entry,False,False,5,1,7d887372b1e0
2026-05-29,US.AMD,SHORT,False,-1,-1,-1,-1,-1,-1,True,,,0.0,0.0,no_entry,False,False,5,1,7d887372b1e0
2026-05-29,US.IWM,LONG,False,-1,-1,-1,-1,-1,-1,True,,,0.0,0.0,no_entry,False,False,5,1,7d887372b1e0
2026-05-29,US.IWM,SHORT,False,-1,-1,-1,-1,-1,-1,True,,,0.0,0.0,no_entry,False,False,5,1,7d887372b1e0
2026-05-29,US.META,LONG,False,-1,-1,-1,-1,-1,-1,True,,,0.0,0.0,no_entry,False,False,5,1,7d887372b1e0
2026-05-29,US.META,SHORT,False,-1,-1,-1,-1,-1,-1,True,,,0.0,0.0,no_entry,False,False,5,1,7d887372b1e0
2026-05-29,US.MSFT,LONG,False,-1,-1,-1,-1,-1,-1,True,,,0.0,0.0,no_entry,False,False,5,1,7d887372b1e0
2026-05-29,US.MSFT,SHORT,False,-1,-1,-1,-1,-1,-1,True,,,0.0,0.0,no_entry,False,False,5,1,7d887372b1e0
2026-05-29,US.MU,LONG,False,-1,-1,-1,-1,-1,-1,True,,,0.0,0.0,no_entry,False,False,5,1,7d887372b1e0
2026-05-29,US.MU,SHORT,False,-1,-1,-1,-1,-1,-1,True,,,0.0,0.0,no_entry,False,False,5,1,7d887372b1e0
2026-05-29,US.NVDA,LONG,False,-1,-1,-1,-1,-1,-1,True,,,0.0,0.0,no_entry,False,False,5,1,7d887372b1e0
2026-05-29,US.NVDA,SHORT,False,-1,-1,-1,-1,-1,-1,True,,,0.0,0.0,no_entry,False,False,5,1,7d887372b1e0
2026-05-29,US.QQQ,LONG,False,-1,-1,-1,-1,-1,-1,True,,,0.0,0.0,no_entry,False,False,5,1,7d887372b1e0
2026-05-29,US.QQQ,SHORT,False,-1,-1,-1,-1,-1,-1,True,,,0.0,0.0,no_entry,False,False,5,1,7d887372b1e0
2026-05-29,US.SPY,LONG,False,-1,-1,-1,-1,-1,-1,True,,,0.0,0.0,no_entry,False,False,5,1,7d887372b1e0
2026-05-29,US.SPY,SHORT,False,-1,-1,-1,-1,-1,-1,True,,,0.0,0.0,no_entry,False,False,5,1,7d887372b1e0
2026-05-29,US.TSLA,LONG,False,-1,-1,-1,-1,-1,-1,True,,,0.0,0.0,no_entry,False,False,5,1,7d887372b1e0
2026-05-29,US.TSLA,SHORT,False,-1,-1,-1,-1,-1,-1,True,,,0.0,0.0,no_entry,False,False,5,1,7d887372b1e0
2026-06-01,US.AAPL,LONG,False,-1,-1,-1,-1,-1,-1,True,,,0.0,0.0,no_entry,False,False,5,1,7d887372b1e0
2026-06-01,US.AAPL,SHORT,False,-1,-1,-1,-1,-1,-1,True,,,0.0,0.0,no_entry,False,False,5,1,7d887372b1e0
2026-06-01,US.AMD,LONG,False,-1,-1,-1,-1,-1,-1,True,,,0.0,0.0,no_entry,False,False,5,1,7d887372b1e0
2026-06-01,US.AMD,SHORT,False,-1,-1,-1,-1,-1,-1,True,,,0.0,0.0,no_entry,False,False,5,1,7d887372b1e0
2026-06-01,US.IWM,LONG,False,-1,-1,-1,-1,-1,-1,True,,,0.0,0.0,no_entry,False,False,5,1,7d887372b1e0
2026-06-01,US.IWM,SHORT,False,-1,-1,-1,-1,-1,-1,True,,,0.0,0.0,no_entry,False,False,5,1,7d887372b1e0
2026-06-01,US.META,LONG,False,-1,-1,-1,-1,-1,-1,True,,,0.0,0.0,no_entry,False,False,5,1,7d887372b1e0
2026-06-01,US.META,SHORT,False,-1,-1,-1,-1,-1,-1,True,,,0.0,0.0,no_entry,False,False,5,1,7d887372b1e0
2026-06-01,US.MSFT,LONG,False,-1,-1,-1,-1,-1,-1,True,,,0.0,0.0,no_entry,False,False,5,1,7d887372b1e0
2026-06-01,US.MSFT,SHORT,False,-1,-1,-1,-1,-1,-1,True,,,0.0,0.0,no_entry,False,False,5,1,7d887372b1e0
2026-06-01,US.MU,LONG,False,-1,-1,-1,-1,-1,-1,True,,,0.0,0.0,no_entry,False,False,5,1,7d887372b1e0
2026-06-01,US.MU,SHORT,False,-1,-1,-1,-1,-1,-1,True,,,0.0,0.0,no_entry,False,False,5,1,7d887372b1e0
2026-06-01,US.NVDA,LONG,False,-1,-1,-1,-1,-1,-1,True,,,0.0,0.0,no_entry,False,False,5,1,7d887372b1e0
2026-06-01,US.NVDA,SHORT,False,-1,-1,-1,-1,-1,-1,True,,,0.0,0.0,no_entry,False,False,5,1,7d887372b1e0
2026-06-01,US.QQQ,LONG,False,-1,-1,-1,-1,-1,-1,True,,,0.0,0.0,no_entry,False,False,5,1,7d887372b1e0
2026-06-01,US.QQQ,SHORT,False,-1,-1,-1,-1,-1,-1,True,,,0.0,0.0,no_entry,False,False,5,1,7d887372b1e0
2026-06-01,US.SPY,LONG,False,-1,-1,-1,-1,-1,-1,True,,,0.0,0.0,no_entry,False,False,5,1,7d887372b1e0
2026-06-01,US.SPY,SHORT,False,-1,-1,-1,-1,-1,-1,True,,,0.0,0.0,no_entry,False,False,5,1,7d887372b1e0
2026-06-01,US.TSLA,LONG,False,-1,-1,-1,-1,-1,-1,True,,,0.0,0.0,no_entry,False,False,5,1,7d887372b1e0
2026-06-01,US.TSLA,SHORT,False,-1,-1,-1,-1,-1,-1,True,,,0.0,0.0,no_entry,False,False,5,1,7d887372b1e0
2026-06-02,US.AAPL,LONG,False,-1,-1,-1,-1,-1,-1,True,,,0.0,0.0,no_entry,False,False,5,1,7d887372b1e0
2026-06-02,US.AAPL,SHORT,False,-1,-1,-1,-1,-1,-1,True,,,0.0,0.0,no_entry,False,False,5,1,7d887372b1e0
2026-06-02,US.AMD,LONG,False,-1,-1,-1,-1,-1,-1,True,,,0.0,0.0,no_entry,False,False,5,1,7d887372b1e0
2026-06-02,US.AMD,SHORT,False,-1,-1,-1,-1,-1,-1,True,,,0.0,0.0,no_entry,False,False,5,1,7d887372b1e0
2026-06-02,US.IWM,LONG,False,-1,-1,-1,-1,-1,-1,True,,,0.0,0.0,no_entry,False,False,5,1,7d887372b1e0
2026-06-02,US.IWM,SHORT,False,-1,-1,-1,-1,-1,-1,True,,,0.0,0.0,no_entry,False,False,5,1,7d887372b1e0
2026-06-02,US.META,LONG,False,-1,-1,-1,-1,-1,-1,True,,,0.0,0.0,no_entry,False,False,5,1,7d887372b1e0
2026-06-02,US.META,SHORT,False,-1,-1,-1,-1,-1,-1,True,,,0.0,0.0,no_entry,False,False,5,1,7d887372b1e0
2026-06-02,US.MSFT,LONG,False,-1,-1,-1,-1,-1,-1,True,,,0.0,0.0,no_entry,False,False,5,1,7d887372b1e0
2026-06-02,US.MSFT,SHORT,False,-1,-1,-1,-1,-1,-1,True,,,0.0,0.0,no_entry,False,False,5,1,7d887372b1e0
2026-06-02,US.MU,LONG,False,-1,-1,-1,-1,-1,-1,True,,,0.0,0.0,no_entry,False,False,5,1,7d887372b1e0
2026-06-02,US.MU,SHORT,False,-1,-1,-1,-1,-1,-1,True,,,0.0,0.0,no_entry,False,False,5,1,7d887372b1e0
2026-06-02,US.NVDA,LONG,False,-1,-1,-1,-1,-1,-1,True,,,0.0,0.0,no_entry,False,False,5,1,7d887372b1e0
2026-06-02,US.NVDA,SHORT,False,-1,-1,-1,-1,-1,-1,True,,,0.0,0.0,no_entry,False,False,5,1,7d887372b1e0
2026-06-02,US.QQQ,LONG,False,-1,-1,-1,-1,-1,-1,True,,,0.0,0.0,no_entry,False,False,5,1,7d887372b1e0
2026-06-02,US.QQQ,SHORT,False,-1,-1,-1,-1,-1,-1,True,,,0.0,0.0,no_entry,False,False,5,1,7d887372b1e0
2026-06-02,US.SPY,LONG,False,-1,-1,-1,-1,-1,-1,True,,,0.0,0.0,no_entry,False,False,5,1,7d887372b1e0
2026-06-02,US.SPY,SHORT,False,-1,-1,-1,-1,-1,-1,True,,,0.0,0.0,no_entry,False,False,5,1,7d887372b1e0
2026-06-02,US.TSLA,LONG,False,-1,-1,-1,-1,-1,-1,True,,,0.0,0.0,no_entry,False,False,5,1,7d887372b1e0
2026-06-02,US.TSLA,SHORT,False,-1,-1,-1,-1,-1,-1,True,,,0.0,0.0,no_entry,False,False,5,1,7d887372b1e0
2026-06-03,US.AAPL,LONG,False,-1,-1,-1,-1,-1,-1,True,,,0.0,0.0,no_entry,False,False,5,1,7d887372b1e0
2026-06-03,US.AAPL,SHORT,False,-1,-1,-1,-1,-1,-1,True,,,0.0,0.0,no_entry,False,False,5,1,7d887372b1e0
2026-06-03,US.AMD,LONG,False,-1,-1,-1,-1,-1,-1,True,,,0.0,0.0,no_entry,False,False,5,1,7d887372b1e0
2026-06-03,US.AMD,SHORT,False,-1,-1,-1,-1,-1,-1,True,,,0.0,0.0,no_entry,False,False,5,1,7d887372b1e0
2026-06-03,US.IWM,LONG,False,-1,-1,-1,-1,-1,-1,True,,,0.0,0.0,no_entry,False,False,5,1,7d887372b1e0
2026-06-03,US.IWM,SHORT,False,-1,-1,-1,-1,-1,-1,True,,,0.0,0.0,no_entry,False,False,5,1,7d887372b1e0
2026-06-03,US.META,LONG,False,-1,-1,-1,-1,-1,-1,True,,,0.0,0.0,no_entry,False,False,5,1,7d887372b1e0
2026-06-03,US.META,SHORT,False,-1,-1,-1,-1,-1,-1,True,,,0.0,0.0,no_entry,False,False,5,1,7d887372b1e0
2026-06-03,US.MSFT,LONG,False,-1,-1,-1,-1,-1,-1,True,,,0.0,0.0,no_entry,False,False,5,1,7d887372b1e0
2026-06-03,US.MSFT,SHORT,False,-1,-1,-1,-1,-1,-1,True,,,0.0,0.0,no_entry,False,False,5,1,7d887372b1e0
2026-06-03,US.MU,LONG,False,-1,-1,-1,-1,-1,-1,True,,,0.0,0.0,no_entry,False,False,5,1,7d887372b1e0
2026-06-03,US.MU,SHORT,False,-1,-1,-1,-1,-1,-1,True,,,0.0,0.0,no_entry,False,False,5,1,7d887372b1e0
2026-06-03,US.NVDA,LONG,False,-1,-1,-1,-1,-1,-1,True,,,0.0,0.0,no_entry,False,False,5,1,7d887372b1e0
2026-06-03,US.NVDA,SHORT,False,-1,-1,-1,-1,-1,-1,True,,,0.0,0.0,no_entry,False,False,5,1,7d887372b1e0
2026-06-03,US.QQQ,LONG,False,-1,-1,-1,-1,-1,-1,True,,,0.0,0.0,no_entry,False,False,5,1,7d887372b1e0
2026-06-03,US.QQQ,SHORT,False,-1,-1,-1,-1,-1,-1,True,,,0.0,0.0,no_entry,False,False,5,1,7d887372b1e0
2026-06-03,US.SPY,LONG,False,-1,-1,-1,-1,-1,-1,True,,,0.0,0.0,no_entry,False,False,5,1,7d887372b1e0
2026-06-03,US.SPY,SHORT,True,30,35,600,600,605,605,True,754.007970497,754.41691721,-0.40894671299997754,-0.0005423639125862591,soft_failure_loss,False,False,5,1,7d887372b1e0
2026-06-03,US.TSLA,LONG,False,-1,-1,-1,-1,-1,-1,True,,,0.0,0.0,no_entry,False,False,5,1,7d887372b1e0
2026-06-03,US.TSLA,SHORT,False,-1,-1,-1,-1,-1,-1,True,,,0.0,0.0,no_entry,False,False,5,1,7d887372b1e0
2026-06-04,US.AAPL,LONG,False,-1,-1,-1,-1,-1,-1,True,,,0.0,0.0,no_entry,False,False,5,1,7d887372b1e0
2026-06-04,US.AAPL,SHORT,False,-1,-1,-1,-1,-1,-1,True,,,0.0,0.0,no_entry,False,False,5,1,7d887372b1e0
2026-06-04,US.AMD,LONG,False,-1,-1,-1,-1,-1,-1,True,,,0.0,0.0,no_entry,False,False,5,1,7d887372b1e0
2026-06-04,US.AMD,SHORT,False,-1,-1,-1,-1,-1,-1,True,,,0.0,0.0,no_entry,False,False,5,1,7d887372b1e0
2026-06-04,US.IWM,LONG,False,-1,-1,-1,-1,-1,-1,True,,,0.0,0.0,no_entry,False,False,5,1,7d887372b1e0
2026-06-04,US.IWM,SHORT,False,-1,-1,-1,-1,-1,-1,True,,,0.0,0.0,no_entry,False,False,5,1,7d887372b1e0
2026-06-04,US.META,LONG,False,-1,-1,-1,-1,-1,-1,True,,,0.0,0.0,no_entry,False,False,5,1,7d887372b1e0
2026-06-04,US.META,SHORT,False,-1,-1,-1,-1,-1,-1,True,,,0.0,0.0,no_entry,False,False,5,1,7d887372b1e0
2026-06-04,US.MSFT,LONG,False,-1,-1,-1,-1,-1,-1,True,,,0.0,0.0,no_entry,False,False,5,1,7d887372b1e0
2026-06-04,US.MSFT,SHORT,False,-1,-1,-1,-1,-1,-1,True,,,0.0,0.0,no_entry,False,False,5,1,7d887372b1e0
2026-06-04,US.MU,LONG,False,-1,-1,-1,-1,-1,-1,True,,,0.0,0.0,no_entry,False,False,5,1,7d887372b1e0
2026-06-04,US.MU,SHORT,False,-1,-1,-1,-1,-1,-1,True,,,0.0,0.0,no_entry,False,False,5,1,7d887372b1e0
2026-06-04,US.NVDA,LONG,False,-1,-1,-1,-1,-1,-1,True,,,0.0,0.0,no_entry,False,False,5,1,7d887372b1e0
2026-06-04,US.NVDA,SHORT,False,-1,-1,-1,-1,-1,-1,True,,,0.0,0.0,no_entry,False,False,5,1,7d887372b1e0
2026-06-04,US.QQQ,LONG,False,-1,-1,-1,-1,-1,-1,True,,,0.0,0.0,no_entry,False,False,5,1,7d887372b1e0
2026-06-04,US.QQQ,SHORT,False,-1,-1,-1,-1,-1,-1,True,,,0.0,0.0,no_entry,False,False,5,1,7d887372b1e0
2026-06-04,US.SPY,LONG,False,-1,-1,-1,-1,-1,-1,True,,,0.0,0.0,no_entry,False,False,5,1,7d887372b1e0
2026-06-04,US.SPY,SHORT,False,-1,-1,-1,-1,-1,-1,True,,,0.0,0.0,no_entry,False,False,5,1,7d887372b1e0
2026-06-04,US.TSLA,LONG,False,-1,-1,-1,-1,-1,-1,True,,,0.0,0.0,no_entry,False,False,5,1,7d887372b1e0
2026-06-04,US.TSLA,SHORT,False,-1,-1,-1,-1,-1,-1,True,,,0.0,0.0,no_entry,False,False,5,1,7d887372b1e0
2026-06-05,US.AAPL,LONG,False,-1,-1,-1,-1,-1,-1,True,,,0.0,0.0,no_entry,False,False,5,1,7d887372b1e0
2026-06-05,US.AAPL,SHORT,False,-1,-1,-1,-1,-1,-1,True,,,0.0,0.0,no_entry,False,False,5,1,7d887372b1e0
2026-06-05,US.AMD,LONG,False,-1,-1,-1,-1,-1,-1,True,,,0.0,0.0,no_entry,False,False,5,1,7d887372b1e0
2026-06-05,US.AMD,SHORT,True,25,375,595,595,-1,945,True,493.73,472.085,21.64500000000004,0.04383975047090523,scheduled_flatten,True,False,5,1,7d887372b1e0
2026-06-05,US.IWM,LONG,False,-1,-1,-1,-1,-1,-1,True,,,0.0,0.0,no_entry,False,False,5,1,7d887372b1e0
2026-06-05,US.IWM,SHORT,True,55,65,625,625,635,635,True,286.25913069,286.747967987,-0.488837296999975,-0.0017076740777549344,failed_followthrough,False,False,5,1,7d887372b1e0
2026-06-05,US.META,LONG,False,-1,-1,-1,-1,-1,-1,True,,,0.0,0.0,no_entry,False,False,5,1,7d887372b1e0
2026-06-05,US.META,SHORT,False,-1,-1,-1,-1,-1,-1,True,,,0.0,0.0,no_entry,False,False,5,1,7d887372b1e0
2026-06-05,US.MSFT,LONG,False,-1,-1,-1,-1,-1,-1,True,,,0.0,0.0,no_entry,False,False,5,1,7d887372b1e0
2026-06-05,US.MSFT,SHORT,False,-1,-1,-1,-1,-1,-1,True,,,0.0,0.0,no_entry,False,False,5,1,7d887372b1e0
2026-06-05,US.MU,LONG,False,-1,-1,-1,-1,-1,-1,True,,,0.0,0.0,no_entry,False,False,5,1,7d887372b1e0
2026-06-05,US.MU,SHORT,False,-1,-1,-1,-1,-1,-1,True,,,0.0,0.0,no_entry,False,False,5,1,7d887372b1e0
2026-06-05,US.NVDA,LONG,False,-1,-1,-1,-1,-1,-1,True,,,0.0,0.0,no_entry,False,False,5,1,7d887372b1e0
2026-06-05,US.NVDA,SHORT,False,-1,-1,-1,-1,-1,-1,True,,,0.0,0.0,no_entry,False,False,5,1,7d887372b1e0
2026-06-05,US.QQQ,LONG,False,-1,-1,-1,-1,-1,-1,True,,,0.0,0.0,no_entry,False,False,5,1,7d887372b1e0
2026-06-05,US.QQQ,SHORT,False,-1,-1,-1,-1,-1,-1,True,,,0.0,0.0,no_entry,False,False,5,1,7d887372b1e0
2026-06-05,US.SPY,LONG,False,-1,-1,-1,-1,-1,-1,True,,,0.0,0.0,no_entry,False,False,5,1,7d887372b1e0
2026-06-05,US.SPY,SHORT,True,75,85,645,645,655,655,True,747.604463426,747.684257906,-0.07979447999991862,-0.00010673355217042106,soft_failure_loss,False,False,5,1,7d887372b1e0
2026-06-05,US.TSLA,LONG,False,-1,-1,-1,-1,-1,-1,True,,,0.0,0.0,no_entry,False,False,5,1,7d887372b1e0
2026-06-05,US.TSLA,SHORT,False,-1,-1,-1,-1,-1,-1,True,,,0.0,0.0,no_entry,False,False,5,1,7d887372b1e0
2026-06-08,US.AAPL,LONG,False,-1,-1,-1,-1,-1,-1,True,,,0.0,0.0,no_entry,False,False,5,1,7d887372b1e0
2026-06-08,US.AAPL,SHORT,False,-1,-1,-1,-1,-1,-1,True,,,0.0,0.0,no_entry,False,False,5,1,7d887372b1e0
2026-06-08,US.AMD,LONG,False,-1,-1,-1,-1,-1,-1,True,,,0.0,0.0,no_entry,False,False,5,1,7d887372b1e0
2026-06-08,US.AMD,SHORT,False,-1,-1,-1,-1,-1,-1,True,,,0.0,0.0,no_entry,False,False,5,1,7d887372b1e0
2026-06-08,US.IWM,LONG,False,-1,-1,-1,-1,-1,-1,True,,,0.0,0.0,no_entry,False,False,5,1,7d887372b1e0
2026-06-08,US.IWM,SHORT,False,-1,-1,-1,-1,-1,-1,True,,,0.0,0.0,no_entry,False,False,5,1,7d887372b1e0
2026-06-08,US.META,LONG,False,-1,-1,-1,-1,-1,-1,True,,,0.0,0.0,no_entry,False,False,5,1,7d887372b1e0
2026-06-08,US.META,SHORT,False,-1,-1,-1,-1,-1,-1,True,,,0.0,0.0,no_entry,False,False,5,1,7d887372b1e0
2026-06-08,US.MSFT,LONG,False,-1,-1,-1,-1,-1,-1,True,,,0.0,0.0,no_entry,False,False,5,1,7d887372b1e0
2026-06-08,US.MSFT,SHORT,False,-1,-1,-1,-1,-1,-1,True,,,0.0,0.0,no_entry,False,False,5,1,7d887372b1e0
2026-06-08,US.MU,LONG,False,-1,-1,-1,-1,-1,-1,True,,,0.0,0.0,no_entry,False,False,5,1,7d887372b1e0
2026-06-08,US.MU,SHORT,False,-1,-1,-1,-1,-1,-1,True,,,0.0,0.0,no_entry,False,False,5,1,7d887372b1e0
2026-06-08,US.NVDA,LONG,False,-1,-1,-1,-1,-1,-1,True,,,0.0,0.0,no_entry,False,False,5,1,7d887372b1e0
2026-06-08,US.NVDA,SHORT,False,-1,-1,-1,-1,-1,-1,True,,,0.0,0.0,no_entry,False,False,5,1,7d887372b1e0
2026-06-08,US.QQQ,LONG,False,-1,-1,-1,-1,-1,-1,True,,,0.0,0.0,no_entry,False,False,5,1,7d887372b1e0
2026-06-08,US.QQQ,SHORT,False,-1,-1,-1,-1,-1,-1,True,,,0.0,0.0,no_entry,False,False,5,1,7d887372b1e0
2026-06-08,US.SPY,LONG,False,-1,-1,-1,-1,-1,-1,True,,,0.0,0.0,no_entry,False,False,5,1,7d887372b1e0
2026-06-08,US.SPY,SHORT,False,-1,-1,-1,-1,-1,-1,True,,,0.0,0.0,no_entry,False,False,5,1,7d887372b1e0
2026-06-08,US.TSLA,LONG,False,-1,-1,-1,-1,-1,-1,True,,,0.0,0.0,no_entry,False,False,5,1,7d887372b1e0
2026-06-08,US.TSLA,SHORT,False,-1,-1,-1,-1,-1,-1,True,,,0.0,0.0,no_entry,False,False,5,1,7d887372b1e0
2026-06-09,US.AAPL,LONG,False,-1,-1,-1,-1,-1,-1,True,,,0.0,0.0,no_entry,False,False,5,1,7d887372b1e0
2026-06-09,US.AAPL,SHORT,False,-1,-1,-1,-1,-1,-1,True,,,0.0,0.0,no_entry,False,False,5,1,7d887372b1e0
2026-06-09,US.AMD,LONG,False,-1,-1,-1,-1,-1,-1,True,,,0.0,0.0,no_entry,False,False,5,1,7d887372b1e0
2026-06-09,US.AMD,SHORT,False,-1,-1,-1,-1,-1,-1,True,,,0.0,0.0,no_entry,False,False,5,1,7d887372b1e0
2026-06-09,US.IWM,LONG,False,-1,-1,-1,-1,-1,-1,True,,,0.0,0.0,no_entry,False,False,5,1,7d887372b1e0
2026-06-09,US.IWM,SHORT,False,-1,-1,-1,-1,-1,-1,True,,,0.0,0.0,no_entry,False,False,5,1,7d887372b1e0
2026-06-09,US.META,LONG,False,-1,-1,-1,-1,-1,-1,True,,,0.0,0.0,no_entry,False,False,5,1,7d887372b1e0
2026-06-09,US.META,SHORT,False,-1,-1,-1,-1,-1,-1,True,,,0.0,0.0,no_entry,False,False,5,1,7d887372b1e0
2026-06-09,US.MSFT,LONG,False,-1,-1,-1,-1,-1,-1,True,,,0.0,0.0,no_entry,False,False,5,1,7d887372b1e0
2026-06-09,US.MSFT,SHORT,False,-1,-1,-1,-1,-1,-1,True,,,0.0,0.0,no_entry,False,False,5,1,7d887372b1e0
2026-06-09,US.MU,LONG,False,-1,-1,-1,-1,-1,-1,True,,,0.0,0.0,no_entry,False,False,5,1,7d887372b1e0
2026-06-09,US.MU,SHORT,False,-1,-1,-1,-1,-1,-1,True,,,0.0,0.0,no_entry,False,False,5,1,7d887372b1e0
2026-06-09,US.NVDA,LONG,False,-1,-1,-1,-1,-1,-1,True,,,0.0,0.0,no_entry,False,False,5,1,7d887372b1e0
2026-06-09,US.NVDA,SHORT,False,-1,-1,-1,-1,-1,-1,True,,,0.0,0.0,no_entry,False,False,5,1,7d887372b1e0
2026-06-09,US.QQQ,LONG,False,-1,-1,-1,-1,-1,-1,True,,,0.0,0.0,no_entry,False,False,5,1,7d887372b1e0
2026-06-09,US.QQQ,SHORT,False,-1,-1,-1,-1,-1,-1,True,,,0.0,0.0,no_entry,False,False,5,1,7d887372b1e0
2026-06-09,US.SPY,LONG,False,-1,-1,-1,-1,-1,-1,True,,,0.0,0.0,no_entry,False,False,5,1,7d887372b1e0
2026-06-09,US.SPY,SHORT,False,-1,-1,-1,-1,-1,-1,True,,,0.0,0.0,no_entry,False,False,5,1,7d887372b1e0
2026-06-09,US.TSLA,LONG,False,-1,-1,-1,-1,-1,-1,True,,,0.0,0.0,no_entry,False,False,5,1,7d887372b1e0
2026-06-09,US.TSLA,SHORT,False,-1,-1,-1,-1,-1,-1,True,,,0.0,0.0,no_entry,False,False,5,1,7d887372b1e0
2026-06-10,US.AAPL,LONG,False,-1,-1,-1,-1,-1,-1,True,,,0.0,0.0,no_entry,False,False,5,1,7d887372b1e0
2026-06-10,US.AAPL,SHORT,False,-1,-1,-1,-1,-1,-1,True,,,0.0,0.0,no_entry,False,False,5,1,7d887372b1e0
2026-06-10,US.AMD,LONG,False,-1,-1,-1,-1,-1,-1,True,,,0.0,0.0,no_entry,False,False,5,1,7d887372b1e0
2026-06-10,US.AMD,SHORT,False,-1,-1,-1,-1,-1,-1,True,,,0.0,0.0,no_entry,False,False,5,1,7d887372b1e0
2026-06-10,US.IWM,LONG,False,-1,-1,-1,-1,-1,-1,True,,,0.0,0.0,no_entry,False,False,5,1,7d887372b1e0
2026-06-10,US.IWM,SHORT,False,-1,-1,-1,-1,-1,-1,True,,,0.0,0.0,no_entry,False,False,5,1,7d887372b1e0
2026-06-10,US.META,LONG,False,-1,-1,-1,-1,-1,-1,True,,,0.0,0.0,no_entry,False,False,5,1,7d887372b1e0
2026-06-10,US.META,SHORT,False,-1,-1,-1,-1,-1,-1,True,,,0.0,0.0,no_entry,False,False,5,1,7d887372b1e0
2026-06-10,US.MSFT,LONG,False,-1,-1,-1,-1,-1,-1,True,,,0.0,0.0,no_entry,False,False,5,1,7d887372b1e0
2026-06-10,US.MSFT,SHORT,False,-1,-1,-1,-1,-1,-1,True,,,0.0,0.0,no_entry,False,False,5,1,7d887372b1e0
2026-06-10,US.MU,LONG,False,-1,-1,-1,-1,-1,-1,True,,,0.0,0.0,no_entry,False,False,5,1,7d887372b1e0
2026-06-10,US.MU,SHORT,False,-1,-1,-1,-1,-1,-1,True,,,0.0,0.0,no_entry,False,False,5,1,7d887372b1e0
2026-06-10,US.NVDA,LONG,False,-1,-1,-1,-1,-1,-1,True,,,0.0,0.0,no_entry,False,False,5,1,7d887372b1e0
2026-06-10,US.NVDA,SHORT,False,-1,-1,-1,-1,-1,-1,True,,,0.0,0.0,no_entry,False,False,5,1,7d887372b1e0
2026-06-10,US.QQQ,LONG,False,-1,-1,-1,-1,-1,-1,True,,,0.0,0.0,no_entry,False,False,5,1,7d887372b1e0
2026-06-10,US.QQQ,SHORT,False,-1,-1,-1,-1,-1,-1,True,,,0.0,0.0,no_entry,False,False,5,1,7d887372b1e0
2026-06-10,US.SPY,LONG,False,-1,-1,-1,-1,-1,-1,True,,,0.0,0.0,no_entry,False,False,5,1,7d887372b1e0
2026-06-10,US.SPY,SHORT,False,-1,-1,-1,-1,-1,-1,True,,,0.0,0.0,no_entry,False,False,5,1,7d887372b1e0
2026-06-10,US.TSLA,LONG,False,-1,-1,-1,-1,-1,-1,True,,,0.0,0.0,no_entry,False,False,5,1,7d887372b1e0
2026-06-10,US.TSLA,SHORT,False,-1,-1,-1,-1,-1,-1,True,,,0.0,0.0,no_entry,False,False,5,1,7d887372b1e0
2026-06-11,US.AAPL,LONG,False,-1,-1,-1,-1,-1,-1,True,,,0.0,0.0,no_entry,False,False,5,1,7d887372b1e0
2026-06-11,US.AAPL,SHORT,False,-1,-1,-1,-1,-1,-1,True,,,0.0,0.0,no_entry,False,False,5,1,7d887372b1e0
2026-06-11,US.AMD,LONG,False,-1,-1,-1,-1,-1,-1,True,,,0.0,0.0,no_entry,False,False,5,1,7d887372b1e0
2026-06-11,US.AMD,SHORT,False,-1,-1,-1,-1,-1,-1,True,,,0.0,0.0,no_entry,False,False,5,1,7d887372b1e0
2026-06-11,US.IWM,LONG,True,100,145,670,670,715,715,True,285.012096769,284.80259507,-0.20950169899998627,-0.0007350624811191285,failed_followthrough,False,False,5,1,7d887372b1e0
2026-06-11,US.IWM,SHORT,False,-1,-1,-1,-1,-1,-1,True,,,0.0,0.0,no_entry,False,False,5,1,7d887372b1e0
2026-06-11,US.META,LONG,False,-1,-1,-1,-1,-1,-1,True,,,0.0,0.0,no_entry,False,False,5,1,7d887372b1e0
2026-06-11,US.META,SHORT,False,-1,-1,-1,-1,-1,-1,True,,,0.0,0.0,no_entry,False,False,5,1,7d887372b1e0
2026-06-11,US.MSFT,LONG,False,-1,-1,-1,-1,-1,-1,True,,,0.0,0.0,no_entry,False,False,5,1,7d887372b1e0
2026-06-11,US.MSFT,SHORT,False,-1,-1,-1,-1,-1,-1,True,,,0.0,0.0,no_entry,False,False,5,1,7d887372b1e0
2026-06-11,US.MU,LONG,True,135,210,705,705,780,780,True,916.439068492,915.268248542,-1.1708199500000092,-0.001277575335070113,failed_followthrough,False,False,5,1,7d887372b1e0
2026-06-11,US.MU,SHORT,False,-1,-1,-1,-1,-1,-1,True,,,0.0,0.0,no_entry,False,False,5,1,7d887372b1e0
2026-06-11,US.NVDA,LONG,False,-1,-1,-1,-1,-1,-1,True,,,0.0,0.0,no_entry,False,False,5,1,7d887372b1e0
2026-06-11,US.NVDA,SHORT,False,-1,-1,-1,-1,-1,-1,True,,,0.0,0.0,no_entry,False,False,5,1,7d887372b1e0
2026-06-11,US.QQQ,LONG,False,-1,-1,-1,-1,-1,-1,True,,,0.0,0.0,no_entry,False,False,5,1,7d887372b1e0
2026-06-11,US.QQQ,SHORT,False,-1,-1,-1,-1,-1,-1,True,,,0.0,0.0,no_entry,False,False,5,1,7d887372b1e0
2026-06-11,US.SPY,LONG,True,70,75,640,640,645,645,True,727.266845173,726.698309498,-0.568535675000021,-0.0007817428757731689,soft_failure_loss,False,False,5,1,7d887372b1e0
2026-06-11,US.SPY,SHORT,False,-1,-1,-1,-1,-1,-1,True,,,0.0,0.0,no_entry,False,False,5,1,7d887372b1e0
2026-06-11,US.TSLA,LONG,False,-1,-1,-1,-1,-1,-1,True,,,0.0,0.0,no_entry,False,False,5,1,7d887372b1e0
2026-06-11,US.TSLA,SHORT,False,-1,-1,-1,-1,-1,-1,True,,,0.0,0.0,no_entry,False,False,5,1,7d887372b1e0
2026-06-12,US.AAPL,LONG,False,-1,-1,-1,-1,-1,-1,True,,,0.0,0.0,no_entry,False,False,5,1,7d887372b1e0
2026-06-12,US.AAPL,SHORT,False,-1,-1,-1,-1,-1,-1,True,,,0.0,0.0,no_entry,False,False,5,1,7d887372b1e0
2026-06-12,US.AMD,LONG,False,-1,-1,-1,-1,-1,-1,True,,,0.0,0.0,no_entry,False,False,5,1,7d887372b1e0
2026-06-12,US.AMD,SHORT,False,-1,-1,-1,-1,-1,-1,True,,,0.0,0.0,no_entry,False,False,5,1,7d887372b1e0
2026-06-12,US.IWM,LONG,False,-1,-1,-1,-1,-1,-1,True,,,0.0,0.0,no_entry,False,False,5,1,7d887372b1e0
2026-06-12,US.IWM,SHORT,False,-1,-1,-1,-1,-1,-1,True,,,0.0,0.0,no_entry,False,False,5,1,7d887372b1e0
2026-06-12,US.META,LONG,False,-1,-1,-1,-1,-1,-1,True,,,0.0,0.0,no_entry,False,False,5,1,7d887372b1e0
2026-06-12,US.META,SHORT,False,-1,-1,-1,-1,-1,-1,True,,,0.0,0.0,no_entry,False,False,5,1,7d887372b1e0
2026-06-12,US.MSFT,LONG,False,-1,-1,-1,-1,-1,-1,True,,,0.0,0.0,no_entry,False,False,5,1,7d887372b1e0
2026-06-12,US.MSFT,SHORT,False,-1,-1,-1,-1,-1,-1,True,,,0.0,0.0,no_entry,False,False,5,1,7d887372b1e0
2026-06-12,US.MU,LONG,True,85,90,655,655,660,660,True,993.328244348,991.187573544,-2.140670804000024,-0.0021550487627633257,soft_failure_loss,False,False,5,1,7d887372b1e0
2026-06-12,US.MU,SHORT,False,-1,-1,-1,-1,-1,-1,True,,,0.0,0.0,no_entry,False,False,5,1,7d887372b1e0
2026-06-12,US.NVDA,LONG,False,-1,-1,-1,-1,-1,-1,True,,,0.0,0.0,no_entry,False,False,5,1,7d887372b1e0
2026-06-12,US.NVDA,SHORT,False,-1,-1,-1,-1,-1,-1,True,,,0.0,0.0,no_entry,False,False,5,1,7d887372b1e0
2026-06-12,US.QQQ,LONG,False,-1,-1,-1,-1,-1,-1,True,,,0.0,0.0,no_entry,False,False,5,1,7d887372b1e0
2026-06-12,US.QQQ,SHORT,False,-1,-1,-1,-1,-1,-1,True,,,0.0,0.0,no_entry,False,False,5,1,7d887372b1e0
2026-06-12,US.SPY,LONG,False,-1,-1,-1,-1,-1,-1,True,,,0.0,0.0,no_entry,False,False,5,1,7d887372b1e0
2026-06-12,US.SPY,SHORT,False,-1,-1,-1,-1,-1,-1,True,,,0.0,0.0,no_entry,False,False,5,1,7d887372b1e0
2026-06-12,US.TSLA,LONG,False,-1,-1,-1,-1,-1,-1,True,,,0.0,0.0,no_entry,False,False,5,1,7d887372b1e0
2026-06-12,US.TSLA,SHORT,False,-1,-1,-1,-1,-1,-1,True,,,0.0,0.0,no_entry,False,False,5,1,7d887372b1e0
2026-06-15,US.AAPL,LONG,False,-1,-1,-1,-1,-1,-1,True,,,0.0,0.0,no_entry,False,False,5,1,7d887372b1e0
2026-06-15,US.AAPL,SHORT,False,-1,-1,-1,-1,-1,-1,True,,,0.0,0.0,no_entry,False,False,5,1,7d887372b1e0
2026-06-15,US.AMD,LONG,False,-1,-1,-1,-1,-1,-1,True,,,0.0,0.0,no_entry,False,False,5,1,7d887372b1e0
2026-06-15,US.AMD,SHORT,False,-1,-1,-1,-1,-1,-1,True,,,0.0,0.0,no_entry,False,False,5,1,7d887372b1e0
2026-06-15,US.IWM,LONG,False,-1,-1,-1,-1,-1,-1,True,,,0.0,0.0,no_entry,False,False,5,1,7d887372b1e0
2026-06-15,US.IWM,SHORT,False,-1,-1,-1,-1,-1,-1,True,,,0.0,0.0,no_entry,False,False,5,1,7d887372b1e0
2026-06-15,US.META,LONG,False,-1,-1,-1,-1,-1,-1,True,,,0.0,0.0,no_entry,False,False,5,1,7d887372b1e0
2026-06-15,US.META,SHORT,False,-1,-1,-1,-1,-1,-1,True,,,0.0,0.0,no_entry,False,False,5,1,7d887372b1e0
2026-06-15,US.MSFT,LONG,True,100,115,670,670,685,685,True,397.682263479,397.312060386,-0.3702030930000433,-0.0009309016946379159,soft_failure_loss,False,False,5,1,7d887372b1e0
2026-06-15,US.MSFT,SHORT,False,-1,-1,-1,-1,-1,-1,True,,,0.0,0.0,no_entry,False,False,5,1,7d887372b1e0
2026-06-15,US.MU,LONG,False,-1,-1,-1,-1,-1,-1,True,,,0.0,0.0,no_entry,False,False,5,1,7d887372b1e0
2026-06-15,US.MU,SHORT,False,-1,-1,-1,-1,-1,-1,True,,,0.0,0.0,no_entry,False,False,5,1,7d887372b1e0
2026-06-15,US.NVDA,LONG,False,-1,-1,-1,-1,-1,-1,True,,,0.0,0.0,no_entry,False,False,5,1,7d887372b1e0
2026-06-15,US.NVDA,SHORT,False,-1,-1,-1,-1,-1,-1,True,,,0.0,0.0,no_entry,False,False,5,1,7d887372b1e0
2026-06-15,US.QQQ,LONG,False,-1,-1,-1,-1,-1,-1,True,,,0.0,0.0,no_entry,False,False,5,1,7d887372b1e0
2026-06-15,US.QQQ,SHORT,False,-1,-1,-1,-1,-1,-1,True,,,0.0,0.0,no_entry,False,False,5,1,7d887372b1e0
2026-06-15,US.SPY,LONG,False,-1,-1,-1,-1,-1,-1,True,,,0.0,0.0,no_entry,False,False,5,1,7d887372b1e0
2026-06-15,US.SPY,SHORT,False,-1,-1,-1,-1,-1,-1,True,,,0.0,0.0,no_entry,False,False,5,1,7d887372b1e0
2026-06-15,US.TSLA,LONG,False,-1,-1,-1,-1,-1,-1,True,,,0.0,0.0,no_entry,False,False,5,1,7d887372b1e0
2026-06-15,US.TSLA,SHORT,False,-1,-1,-1,-1,-1,-1,True,,,0.0,0.0,no_entry,False,False,5,1,7d887372b1e0
2026-06-16,US.AAPL,LONG,False,-1,-1,-1,-1,-1,-1,True,,,0.0,0.0,no_entry,False,False,5,1,7d887372b1e0
2026-06-16,US.AAPL,SHORT,False,-1,-1,-1,-1,-1,-1,True,,,0.0,0.0,no_entry,False,False,5,1,7d887372b1e0
2026-06-16,US.AMD,LONG,False,-1,-1,-1,-1,-1,-1,True,,,0.0,0.0,no_entry,False,False,5,1,7d887372b1e0
2026-06-16,US.AMD,SHORT,False,-1,-1,-1,-1,-1,-1,True,,,0.0,0.0,no_entry,False,False,5,1,7d887372b1e0
2026-06-16,US.IWM,LONG,False,-1,-1,-1,-1,-1,-1,True,,,0.0,0.0,no_entry,False,False,5,1,7d887372b1e0
2026-06-16,US.IWM,SHORT,False,-1,-1,-1,-1,-1,-1,True,,,0.0,0.0,no_entry,False,False,5,1,7d887372b1e0
2026-06-16,US.META,LONG,False,-1,-1,-1,-1,-1,-1,True,,,0.0,0.0,no_entry,False,False,5,1,7d887372b1e0
2026-06-16,US.META,SHORT,False,-1,-1,-1,-1,-1,-1,True,,,0.0,0.0,no_entry,False,False,5,1,7d887372b1e0
2026-06-16,US.MSFT,LONG,False,-1,-1,-1,-1,-1,-1,True,,,0.0,0.0,no_entry,False,False,5,1,7d887372b1e0
2026-06-16,US.MSFT,SHORT,False,-1,-1,-1,-1,-1,-1,True,,,0.0,0.0,no_entry,False,False,5,1,7d887372b1e0
2026-06-16,US.MU,LONG,False,-1,-1,-1,-1,-1,-1,True,,,0.0,0.0,no_entry,False,False,5,1,7d887372b1e0
2026-06-16,US.MU,SHORT,False,-1,-1,-1,-1,-1,-1,True,,,0.0,0.0,no_entry,False,False,5,1,7d887372b1e0
2026-06-16,US.NVDA,LONG,False,-1,-1,-1,-1,-1,-1,True,,,0.0,0.0,no_entry,False,False,5,1,7d887372b1e0
2026-06-16,US.NVDA,SHORT,False,-1,-1,-1,-1,-1,-1,True,,,0.0,0.0,no_entry,False,False,5,1,7d887372b1e0
2026-06-16,US.QQQ,LONG,False,-1,-1,-1,-1,-1,-1,True,,,0.0,0.0,no_entry,False,False,5,1,7d887372b1e0
2026-06-16,US.QQQ,SHORT,False,-1,-1,-1,-1,-1,-1,True,,,0.0,0.0,no_entry,False,False,5,1,7d887372b1e0
2026-06-16,US.SPY,LONG,False,-1,-1,-1,-1,-1,-1,True,,,0.0,0.0,no_entry,False,False,5,1,7d887372b1e0
2026-06-16,US.SPY,SHORT,False,-1,-1,-1,-1,-1,-1,True,,,0.0,0.0,no_entry,False,False,5,1,7d887372b1e0
2026-06-16,US.TSLA,LONG,False,-1,-1,-1,-1,-1,-1,True,,,0.0,0.0,no_entry,False,False,5,1,7d887372b1e0
2026-06-16,US.TSLA,SHORT,False,-1,-1,-1,-1,-1,-1,True,,,0.0,0.0,no_entry,False,False,5,1,7d887372b1e0
2026-06-17,US.AAPL,LONG,False,-1,-1,-1,-1,-1,-1,True,,,0.0,0.0,no_entry,False,False,5,1,7d887372b1e0
2026-06-17,US.AAPL,SHORT,False,-1,-1,-1,-1,-1,-1,True,,,0.0,0.0,no_entry,False,False,5,1,7d887372b1e0
2026-06-17,US.AMD,LONG,False,-1,-1,-1,-1,-1,-1,True,,,0.0,0.0,no_entry,False,False,5,1,7d887372b1e0
2026-06-17,US.AMD,SHORT,False,-1,-1,-1,-1,-1,-1,True,,,0.0,0.0,no_entry,False,False,5,1,7d887372b1e0
2026-06-17,US.IWM,LONG,False,-1,-1,-1,-1,-1,-1,True,,,0.0,0.0,no_entry,False,False,5,1,7d887372b1e0
2026-06-17,US.IWM,SHORT,False,-1,-1,-1,-1,-1,-1,True,,,0.0,0.0,no_entry,False,False,5,1,7d887372b1e0
2026-06-17,US.META,LONG,False,-1,-1,-1,-1,-1,-1,True,,,0.0,0.0,no_entry,False,False,5,1,7d887372b1e0
2026-06-17,US.META,SHORT,False,-1,-1,-1,-1,-1,-1,True,,,0.0,0.0,no_entry,False,False,5,1,7d887372b1e0
2026-06-17,US.MSFT,LONG,False,-1,-1,-1,-1,-1,-1,True,,,0.0,0.0,no_entry,False,False,5,1,7d887372b1e0
2026-06-17,US.MSFT,SHORT,False,-1,-1,-1,-1,-1,-1,True,,,0.0,0.0,no_entry,False,False,5,1,7d887372b1e0
2026-06-17,US.MU,LONG,False,-1,-1,-1,-1,-1,-1,True,,,0.0,0.0,no_entry,False,False,5,1,7d887372b1e0
2026-06-17,US.MU,SHORT,False,-1,-1,-1,-1,-1,-1,True,,,0.0,0.0,no_entry,False,False,5,1,7d887372b1e0
2026-06-17,US.NVDA,LONG,False,-1,-1,-1,-1,-1,-1,True,,,0.0,0.0,no_entry,False,False,5,1,7d887372b1e0
2026-06-17,US.NVDA,SHORT,False,-1,-1,-1,-1,-1,-1,True,,,0.0,0.0,no_entry,False,False,5,1,7d887372b1e0
2026-06-17,US.QQQ,LONG,False,-1,-1,-1,-1,-1,-1,True,,,0.0,0.0,no_entry,False,False,5,1,7d887372b1e0
2026-06-17,US.QQQ,SHORT,False,-1,-1,-1,-1,-1,-1,True,,,0.0,0.0,no_entry,False,False,5,1,7d887372b1e0
2026-06-17,US.SPY,LONG,False,-1,-1,-1,-1,-1,-1,True,,,0.0,0.0,no_entry,False,False,5,1,7d887372b1e0
2026-06-17,US.SPY,SHORT,True,70,75,640,640,645,645,True,748.11315324,748.262767891,-0.14961465099997895,-0.00019998933363491006,soft_failure_loss,False,False,5,1,7d887372b1e0
2026-06-17,US.TSLA,LONG,False,-1,-1,-1,-1,-1,-1,True,,,0.0,0.0,no_entry,False,False,5,1,7d887372b1e0
2026-06-17,US.TSLA,SHORT,False,-1,-1,-1,-1,-1,-1,True,,,0.0,0.0,no_entry,False,False,5,1,7d887372b1e0
2026-06-18,US.AAPL,LONG,False,-1,-1,-1,-1,-1,-1,True,,,0.0,0.0,no_entry,False,False,5,1,7d887372b1e0
2026-06-18,US.AAPL,SHORT,False,-1,-1,-1,-1,-1,-1,True,,,0.0,0.0,no_entry,False,False,5,1,7d887372b1e0
2026-06-18,US.AMD,LONG,False,-1,-1,-1,-1,-1,-1,True,,,0.0,0.0,no_entry,False,False,5,1,7d887372b1e0
2026-06-18,US.AMD,SHORT,False,-1,-1,-1,-1,-1,-1,True,,,0.0,0.0,no_entry,False,False,5,1,7d887372b1e0
2026-06-18,US.IWM,LONG,False,-1,-1,-1,-1,-1,-1,True,,,0.0,0.0,no_entry,False,False,5,1,7d887372b1e0
2026-06-18,US.IWM,SHORT,False,-1,-1,-1,-1,-1,-1,True,,,0.0,0.0,no_entry,False,False,5,1,7d887372b1e0
2026-06-18,US.META,LONG,False,-1,-1,-1,-1,-1,-1,True,,,0.0,0.0,no_entry,False,False,5,1,7d887372b1e0
2026-06-18,US.META,SHORT,False,-1,-1,-1,-1,-1,-1,True,,,0.0,0.0,no_entry,False,False,5,1,7d887372b1e0
2026-06-18,US.MSFT,LONG,False,-1,-1,-1,-1,-1,-1,True,,,0.0,0.0,no_entry,False,False,5,1,7d887372b1e0
2026-06-18,US.MSFT,SHORT,False,-1,-1,-1,-1,-1,-1,True,,,0.0,0.0,no_entry,False,False,5,1,7d887372b1e0
2026-06-18,US.MU,LONG,False,-1,-1,-1,-1,-1,-1,True,,,0.0,0.0,no_entry,False,False,5,1,7d887372b1e0
2026-06-18,US.MU,SHORT,False,-1,-1,-1,-1,-1,-1,True,,,0.0,0.0,no_entry,False,False,5,1,7d887372b1e0
2026-06-18,US.NVDA,LONG,False,-1,-1,-1,-1,-1,-1,True,,,0.0,0.0,no_entry,False,False,5,1,7d887372b1e0
2026-06-18,US.NVDA,SHORT,False,-1,-1,-1,-1,-1,-1,True,,,0.0,0.0,no_entry,False,False,5,1,7d887372b1e0
2026-06-18,US.QQQ,LONG,False,-1,-1,-1,-1,-1,-1,True,,,0.0,0.0,no_entry,False,False,5,1,7d887372b1e0
2026-06-18,US.QQQ,SHORT,False,-1,-1,-1,-1,-1,-1,True,,,0.0,0.0,no_entry,False,False,5,1,7d887372b1e0
2026-06-18,US.SPY,LONG,False,-1,-1,-1,-1,-1,-1,True,,,0.0,0.0,no_entry,False,False,5,1,7d887372b1e0
2026-06-18,US.SPY,SHORT,False,-1,-1,-1,-1,-1,-1,True,,,0.0,0.0,no_entry,False,False,5,1,7d887372b1e0
2026-06-18,US.TSLA,LONG,False,-1,-1,-1,-1,-1,-1,True,,,0.0,0.0,no_entry,False,False,5,1,7d887372b1e0
2026-06-18,US.TSLA,SHORT,False,-1,-1,-1,-1,-1,-1,True,,,0.0,0.0,no_entry,False,False,5,1,7d887372b1e0
2026-06-22,US.AAPL,LONG,False,-1,-1,-1,-1,-1,-1,True,,,0.0,0.0,no_entry,False,False,5,1,7d887372b1e0
2026-06-22,US.AAPL,SHORT,False,-1,-1,-1,-1,-1,-1,True,,,0.0,0.0,no_entry,False,False,5,1,7d887372b1e0
2026-06-22,US.AMD,LONG,False,-1,-1,-1,-1,-1,-1,True,,,0.0,0.0,no_entry,False,False,5,1,7d887372b1e0
2026-06-22,US.AMD,SHORT,False,-1,-1,-1,-1,-1,-1,True,,,0.0,0.0,no_entry,False,False,5,1,7d887372b1e0
2026-06-22,US.IWM,LONG,True,35,40,605,605,610,610,True,298.87,298.65,-0.22000000000002728,-0.0007361059992639853,soft_failure_loss,False,False,5,1,7d887372b1e0
2026-06-22,US.IWM,SHORT,False,-1,-1,-1,-1,-1,-1,True,,,0.0,0.0,no_entry,False,False,5,1,7d887372b1e0
2026-06-22,US.META,LONG,False,-1,-1,-1,-1,-1,-1,True,,,0.0,0.0,no_entry,False,False,5,1,7d887372b1e0
2026-06-22,US.META,SHORT,False,-1,-1,-1,-1,-1,-1,True,,,0.0,0.0,no_entry,False,False,5,1,7d887372b1e0
2026-06-22,US.MSFT,LONG,False,-1,-1,-1,-1,-1,-1,True,,,0.0,0.0,no_entry,False,False,5,1,7d887372b1e0
2026-06-22,US.MSFT,SHORT,False,-1,-1,-1,-1,-1,-1,True,,,0.0,0.0,no_entry,False,False,5,1,7d887372b1e0
2026-06-22,US.MU,LONG,False,-1,-1,-1,-1,-1,-1,True,,,0.0,0.0,no_entry,False,False,5,1,7d887372b1e0
2026-06-22,US.MU,SHORT,False,-1,-1,-1,-1,-1,-1,True,,,0.0,0.0,no_entry,False,False,5,1,7d887372b1e0
2026-06-22,US.NVDA,LONG,False,-1,-1,-1,-1,-1,-1,True,,,0.0,0.0,no_entry,False,False,5,1,7d887372b1e0
2026-06-22,US.NVDA,SHORT,False,-1,-1,-1,-1,-1,-1,True,,,0.0,0.0,no_entry,False,False,5,1,7d887372b1e0
2026-06-22,US.QQQ,LONG,False,-1,-1,-1,-1,-1,-1,True,,,0.0,0.0,no_entry,False,False,5,1,7d887372b1e0
2026-06-22,US.QQQ,SHORT,False,-1,-1,-1,-1,-1,-1,True,,,0.0,0.0,no_entry,False,False,5,1,7d887372b1e0
2026-06-22,US.SPY,LONG,False,-1,-1,-1,-1,-1,-1,True,,,0.0,0.0,no_entry,False,False,5,1,7d887372b1e0
2026-06-22,US.SPY,SHORT,False,-1,-1,-1,-1,-1,-1,True,,,0.0,0.0,no_entry,False,False,5,1,7d887372b1e0
2026-06-22,US.TSLA,LONG,False,-1,-1,-1,-1,-1,-1,True,,,0.0,0.0,no_entry,False,False,5,1,7d887372b1e0
2026-06-22,US.TSLA,SHORT,False,-1,-1,-1,-1,-1,-1,True,,,0.0,0.0,no_entry,False,False,5,1,7d887372b1e0
2026-06-23,US.AAPL,LONG,False,-1,-1,-1,-1,-1,-1,True,,,0.0,0.0,no_entry,False,False,5,1,7d887372b1e0
2026-06-23,US.AAPL,SHORT,False,-1,-1,-1,-1,-1,-1,True,,,0.0,0.0,no_entry,False,False,5,1,7d887372b1e0
2026-06-23,US.AMD,LONG,False,-1,-1,-1,-1,-1,-1,True,,,0.0,0.0,no_entry,False,False,5,1,7d887372b1e0
2026-06-23,US.AMD,SHORT,False,-1,-1,-1,-1,-1,-1,True,,,0.0,0.0,no_entry,False,False,5,1,7d887372b1e0
2026-06-23,US.IWM,LONG,False,-1,-1,-1,-1,-1,-1,True,,,0.0,0.0,no_entry,False,False,5,1,7d887372b1e0
2026-06-23,US.IWM,SHORT,False,-1,-1,-1,-1,-1,-1,True,,,0.0,0.0,no_entry,False,False,5,1,7d887372b1e0
2026-06-23,US.META,LONG,False,-1,-1,-1,-1,-1,-1,True,,,0.0,0.0,no_entry,False,False,5,1,7d887372b1e0
2026-06-23,US.META,SHORT,False,-1,-1,-1,-1,-1,-1,True,,,0.0,0.0,no_entry,False,False,5,1,7d887372b1e0
2026-06-23,US.MSFT,LONG,False,-1,-1,-1,-1,-1,-1,True,,,0.0,0.0,no_entry,False,False,5,1,7d887372b1e0
2026-06-23,US.MSFT,SHORT,False,-1,-1,-1,-1,-1,-1,True,,,0.0,0.0,no_entry,False,False,5,1,7d887372b1e0
2026-06-23,US.MU,LONG,False,-1,-1,-1,-1,-1,-1,True,,,0.0,0.0,no_entry,False,False,5,1,7d887372b1e0
2026-06-23,US.MU,SHORT,False,-1,-1,-1,-1,-1,-1,True,,,0.0,0.0,no_entry,False,False,5,1,7d887372b1e0
2026-06-23,US.NVDA,LONG,False,-1,-1,-1,-1,-1,-1,True,,,0.0,0.0,no_entry,False,False,5,1,7d887372b1e0
2026-06-23,US.NVDA,SHORT,False,-1,-1,-1,-1,-1,-1,True,,,0.0,0.0,no_entry,False,False,5,1,7d887372b1e0
2026-06-23,US.QQQ,LONG,False,-1,-1,-1,-1,-1,-1,True,,,0.0,0.0,no_entry,False,False,5,1,7d887372b1e0
2026-06-23,US.QQQ,SHORT,False,-1,-1,-1,-1,-1,-1,True,,,0.0,0.0,no_entry,False,False,5,1,7d887372b1e0
2026-06-23,US.SPY,LONG,False,-1,-1,-1,-1,-1,-1,True,,,0.0,0.0,no_entry,False,False,5,1,7d887372b1e0
2026-06-23,US.SPY,SHORT,False,-1,-1,-1,-1,-1,-1,True,,,0.0,0.0,no_entry,False,False,5,1,7d887372b1e0
2026-06-23,US.TSLA,LONG,False,-1,-1,-1,-1,-1,-1,True,,,0.0,0.0,no_entry,False,False,5,1,7d887372b1e0
2026-06-23,US.TSLA,SHORT,False,-1,-1,-1,-1,-1,-1,True,,,0.0,0.0,no_entry,False,False,5,1,7d887372b1e0
2026-06-24,US.AAPL,LONG,False,-1,-1,-1,-1,-1,-1,True,,,0.0,0.0,no_entry,False,False,5,1,7d887372b1e0
2026-06-24,US.AAPL,SHORT,False,-1,-1,-1,-1,-1,-1,True,,,0.0,0.0,no_entry,False,False,5,1,7d887372b1e0
2026-06-24,US.AMD,LONG,False,-1,-1,-1,-1,-1,-1,True,,,0.0,0.0,no_entry,False,False,5,1,7d887372b1e0
2026-06-24,US.AMD,SHORT,False,-1,-1,-1,-1,-1,-1,True,,,0.0,0.0,no_entry,False,False,5,1,7d887372b1e0
2026-06-24,US.IWM,LONG,False,-1,-1,-1,-1,-1,-1,True,,,0.0,0.0,no_entry,False,False,5,1,7d887372b1e0
2026-06-24,US.IWM,SHORT,False,-1,-1,-1,-1,-1,-1,True,,,0.0,0.0,no_entry,False,False,5,1,7d887372b1e0
2026-06-24,US.META,LONG,False,-1,-1,-1,-1,-1,-1,True,,,0.0,0.0,no_entry,False,False,5,1,7d887372b1e0
2026-06-24,US.META,SHORT,False,-1,-1,-1,-1,-1,-1,True,,,0.0,0.0,no_entry,False,False,5,1,7d887372b1e0
2026-06-24,US.MSFT,LONG,False,-1,-1,-1,-1,-1,-1,True,,,0.0,0.0,no_entry,False,False,5,1,7d887372b1e0
2026-06-24,US.MSFT,SHORT,False,-1,-1,-1,-1,-1,-1,True,,,0.0,0.0,no_entry,False,False,5,1,7d887372b1e0
2026-06-24,US.MU,LONG,False,-1,-1,-1,-1,-1,-1,True,,,0.0,0.0,no_entry,False,False,5,1,7d887372b1e0
2026-06-24,US.MU,SHORT,False,-1,-1,-1,-1,-1,-1,True,,,0.0,0.0,no_entry,False,False,5,1,7d887372b1e0
2026-06-24,US.NVDA,LONG,False,-1,-1,-1,-1,-1,-1,True,,,0.0,0.0,no_entry,False,False,5,1,7d887372b1e0
2026-06-24,US.NVDA,SHORT,False,-1,-1,-1,-1,-1,-1,True,,,0.0,0.0,no_entry,False,False,5,1,7d887372b1e0
2026-06-24,US.QQQ,LONG,False,-1,-1,-1,-1,-1,-1,True,,,0.0,0.0,no_entry,False,False,5,1,7d887372b1e0
2026-06-24,US.QQQ,SHORT,False,-1,-1,-1,-1,-1,-1,True,,,0.0,0.0,no_entry,False,False,5,1,7d887372b1e0
2026-06-24,US.SPY,LONG,False,-1,-1,-1,-1,-1,-1,True,,,0.0,0.0,no_entry,False,False,5,1,7d887372b1e0
2026-06-24,US.SPY,SHORT,False,-1,-1,-1,-1,-1,-1,True,,,0.0,0.0,no_entry,False,False,5,1,7d887372b1e0
2026-06-24,US.TSLA,LONG,False,-1,-1,-1,-1,-1,-1,True,,,0.0,0.0,no_entry,False,False,5,1,7d887372b1e0
2026-06-24,US.TSLA,SHORT,False,-1,-1,-1,-1,-1,-1,True,,,0.0,0.0,no_entry,False,False,5,1,7d887372b1e0
2026-06-25,US.AAPL,LONG,False,-1,-1,-1,-1,-1,-1,True,,,0.0,0.0,no_entry,False,False,5,1,7d887372b1e0
2026-06-25,US.AAPL,SHORT,False,-1,-1,-1,-1,-1,-1,True,,,0.0,0.0,no_entry,False,False,5,1,7d887372b1e0
2026-06-25,US.AMD,LONG,False,-1,-1,-1,-1,-1,-1,True,,,0.0,0.0,no_entry,False,False,5,1,7d887372b1e0
2026-06-25,US.AMD,SHORT,False,-1,-1,-1,-1,-1,-1,True,,,0.0,0.0,no_entry,False,False,5,1,7d887372b1e0
2026-06-25,US.IWM,LONG,False,-1,-1,-1,-1,-1,-1,True,,,0.0,0.0,no_entry,False,False,5,1,7d887372b1e0
2026-06-25,US.IWM,SHORT,False,-1,-1,-1,-1,-1,-1,True,,,0.0,0.0,no_entry,False,False,5,1,7d887372b1e0
2026-06-25,US.META,LONG,False,-1,-1,-1,-1,-1,-1,True,,,0.0,0.0,no_entry,False,False,5,1,7d887372b1e0
2026-06-25,US.META,SHORT,False,-1,-1,-1,-1,-1,-1,True,,,0.0,0.0,no_entry,False,False,5,1,7d887372b1e0
2026-06-25,US.MSFT,LONG,False,-1,-1,-1,-1,-1,-1,True,,,0.0,0.0,no_entry,False,False,5,1,7d887372b1e0
2026-06-25,US.MSFT,SHORT,True,35,45,605,605,615,615,True,357.417162497,357.626767915,-0.20960541800002375,-0.0005864447485836192,soft_failure_loss,False,False,5,1,7d887372b1e0
2026-06-25,US.MU,LONG,False,-1,-1,-1,-1,-1,-1,True,,,0.0,0.0,no_entry,False,False,5,1,7d887372b1e0
2026-06-25,US.MU,SHORT,False,-1,-1,-1,-1,-1,-1,True,,,0.0,0.0,no_entry,False,False,5,1,7d887372b1e0
2026-06-25,US.NVDA,LONG,False,-1,-1,-1,-1,-1,-1,True,,,0.0,0.0,no_entry,False,False,5,1,7d887372b1e0
2026-06-25,US.NVDA,SHORT,False,-1,-1,-1,-1,-1,-1,True,,,0.0,0.0,no_entry,False,False,5,1,7d887372b1e0
2026-06-25,US.QQQ,LONG,False,-1,-1,-1,-1,-1,-1,True,,,0.0,0.0,no_entry,False,False,5,1,7d887372b1e0
2026-06-25,US.QQQ,SHORT,True,90,95,660,660,665,665,True,713.46,715.61,-2.1499999999999773,-0.0030134835870265705,soft_failure_loss,False,False,5,1,7d887372b1e0
2026-06-25,US.SPY,LONG,False,-1,-1,-1,-1,-1,-1,True,,,0.0,0.0,no_entry,False,False,5,1,7d887372b1e0
2026-06-25,US.SPY,SHORT,True,110,115,680,680,685,685,True,733.64,734.51,-0.8700000000000045,-0.0011858677280410072,soft_failure_loss,False,False,5,1,7d887372b1e0
2026-06-25,US.TSLA,LONG,False,-1,-1,-1,-1,-1,-1,True,,,0.0,0.0,no_entry,False,False,5,1,7d887372b1e0
2026-06-25,US.TSLA,SHORT,False,-1,-1,-1,-1,-1,-1,True,,,0.0,0.0,no_entry,False,False,5,1,7d887372b1e0
2026-06-26,US.AAPL,LONG,False,-1,-1,-1,-1,-1,-1,True,,,0.0,0.0,no_entry,False,False,5,1,7d887372b1e0
2026-06-26,US.AAPL,SHORT,False,-1,-1,-1,-1,-1,-1,True,,,0.0,0.0,no_entry,False,False,5,1,7d887372b1e0
2026-06-26,US.AMD,LONG,False,-1,-1,-1,-1,-1,-1,True,,,0.0,0.0,no_entry,False,False,5,1,7d887372b1e0
2026-06-26,US.AMD,SHORT,False,-1,-1,-1,-1,-1,-1,True,,,0.0,0.0,no_entry,False,False,5,1,7d887372b1e0
2026-06-26,US.IWM,LONG,True,110,320,680,680,890,890,True,298.4,296.745,-1.6549999999999727,-0.005546246648793475,trailing,False,False,5,1,7d887372b1e0
2026-06-26,US.IWM,SHORT,False,-1,-1,-1,-1,-1,-1,True,,,0.0,0.0,no_entry,False,False,5,1,7d887372b1e0
2026-06-26,US.META,LONG,False,-1,-1,-1,-1,-1,-1,True,,,0.0,0.0,no_entry,False,False,5,1,7d887372b1e0
2026-06-26,US.META,SHORT,False,-1,-1,-1,-1,-1,-1,True,,,0.0,0.0,no_entry,False,False,5,1,7d887372b1e0
2026-06-26,US.MSFT,LONG,False,-1,-1,-1,-1,-1,-1,True,,,0.0,0.0,no_entry,False,False,5,1,7d887372b1e0
2026-06-26,US.MSFT,SHORT,False,-1,-1,-1,-1,-1,-1,True,,,0.0,0.0,no_entry,False,False,5,1,7d887372b1e0
2026-06-26,US.MU,LONG,True,125,140,695,695,710,710,True,1165.570756611,1164.550913444,-1.01984316700009,-0.0008749731933609713,failed_followthrough,False,False,5,1,7d887372b1e0
2026-06-26,US.MU,SHORT,False,-1,-1,-1,-1,-1,-1,True,,,0.0,0.0,no_entry,False,False,5,1,7d887372b1e0
2026-06-26,US.NVDA,LONG,False,-1,-1,-1,-1,-1,-1,True,,,0.0,0.0,no_entry,False,False,5,1,7d887372b1e0
2026-06-26,US.NVDA,SHORT,False,-1,-1,-1,-1,-1,-1,True,,,0.0,0.0,no_entry,False,False,5,1,7d887372b1e0
2026-06-26,US.QQQ,LONG,False,-1,-1,-1,-1,-1,-1,True,,,0.0,0.0,no_entry,False,False,5,1,7d887372b1e0
2026-06-26,US.QQQ,SHORT,False,-1,-1,-1,-1,-1,-1,True,,,0.0,0.0,no_entry,False,False,5,1,7d887372b1e0
2026-06-26,US.SPY,LONG,False,-1,-1,-1,-1,-1,-1,True,,,0.0,0.0,no_entry,False,False,5,1,7d887372b1e0
2026-06-26,US.SPY,SHORT,False,-1,-1,-1,-1,-1,-1,True,,,0.0,0.0,no_entry,False,False,5,1,7d887372b1e0
2026-06-26,US.TSLA,LONG,False,-1,-1,-1,-1,-1,-1,True,,,0.0,0.0,no_entry,False,False,5,1,7d887372b1e0
2026-06-26,US.TSLA,SHORT,False,-1,-1,-1,-1,-1,-1,True,,,0.0,0.0,no_entry,False,False,5,1,7d887372b1e0
2026-06-29,US.AAPL,LONG,False,-1,-1,-1,-1,-1,-1,True,,,0.0,0.0,no_entry,False,False,5,1,7d887372b1e0
2026-06-29,US.AAPL,SHORT,False,-1,-1,-1,-1,-1,-1,True,,,0.0,0.0,no_entry,False,False,5,1,7d887372b1e0
2026-06-29,US.AMD,LONG,False,-1,-1,-1,-1,-1,-1,True,,,0.0,0.0,no_entry,False,False,5,1,7d887372b1e0
2026-06-29,US.AMD,SHORT,False,-1,-1,-1,-1,-1,-1,True,,,0.0,0.0,no_entry,False,False,5,1,7d887372b1e0
2026-06-29,US.IWM,LONG,False,-1,-1,-1,-1,-1,-1,True,,,0.0,0.0,no_entry,False,False,5,1,7d887372b1e0
2026-06-29,US.IWM,SHORT,False,-1,-1,-1,-1,-1,-1,True,,,0.0,0.0,no_entry,False,False,5,1,7d887372b1e0
2026-06-29,US.META,LONG,False,-1,-1,-1,-1,-1,-1,True,,,0.0,0.0,no_entry,False,False,5,1,7d887372b1e0
2026-06-29,US.META,SHORT,False,-1,-1,-1,-1,-1,-1,True,,,0.0,0.0,no_entry,False,False,5,1,7d887372b1e0
2026-06-29,US.MSFT,LONG,False,-1,-1,-1,-1,-1,-1,True,,,0.0,0.0,no_entry,False,False,5,1,7d887372b1e0
2026-06-29,US.MSFT,SHORT,False,-1,-1,-1,-1,-1,-1,True,,,0.0,0.0,no_entry,False,False,5,1,7d887372b1e0
2026-06-29,US.MU,LONG,False,-1,-1,-1,-1,-1,-1,True,,,0.0,0.0,no_entry,False,False,5,1,7d887372b1e0
2026-06-29,US.MU,SHORT,False,-1,-1,-1,-1,-1,-1,True,,,0.0,0.0,no_entry,False,False,5,1,7d887372b1e0
2026-06-29,US.NVDA,LONG,False,-1,-1,-1,-1,-1,-1,True,,,0.0,0.0,no_entry,False,False,5,1,7d887372b1e0
2026-06-29,US.NVDA,SHORT,False,-1,-1,-1,-1,-1,-1,True,,,0.0,0.0,no_entry,False,False,5,1,7d887372b1e0
2026-06-29,US.QQQ,LONG,False,-1,-1,-1,-1,-1,-1,True,,,0.0,0.0,no_entry,False,False,5,1,7d887372b1e0
2026-06-29,US.QQQ,SHORT,False,-1,-1,-1,-1,-1,-1,True,,,0.0,0.0,no_entry,False,False,5,1,7d887372b1e0
2026-06-29,US.SPY,LONG,False,-1,-1,-1,-1,-1,-1,True,,,0.0,0.0,no_entry,False,False,5,1,7d887372b1e0
2026-06-29,US.SPY,SHORT,False,-1,-1,-1,-1,-1,-1,True,,,0.0,0.0,no_entry,False,False,5,1,7d887372b1e0
2026-06-29,US.TSLA,LONG,False,-1,-1,-1,-1,-1,-1,True,,,0.0,0.0,no_entry,False,False,5,1,7d887372b1e0
2026-06-29,US.TSLA,SHORT,False,-1,-1,-1,-1,-1,-1,True,,,0.0,0.0,no_entry,False,False,5,1,7d887372b1e0
2026-06-30,US.AAPL,LONG,False,-1,-1,-1,-1,-1,-1,True,,,0.0,0.0,no_entry,False,False,5,1,7d887372b1e0
2026-06-30,US.AAPL,SHORT,False,-1,-1,-1,-1,-1,-1,True,,,0.0,0.0,no_entry,False,False,5,1,7d887372b1e0
2026-06-30,US.AMD,LONG,False,-1,-1,-1,-1,-1,-1,True,,,0.0,0.0,no_entry,False,False,5,1,7d887372b1e0
2026-06-30,US.AMD,SHORT,False,-1,-1,-1,-1,-1,-1,True,,,0.0,0.0,no_entry,False,False,5,1,7d887372b1e0
2026-06-30,US.IWM,LONG,False,-1,-1,-1,-1,-1,-1,True,,,0.0,0.0,no_entry,False,False,5,1,7d887372b1e0
2026-06-30,US.IWM,SHORT,False,-1,-1,-1,-1,-1,-1,True,,,0.0,0.0,no_entry,False,False,5,1,7d887372b1e0
2026-06-30,US.META,LONG,False,-1,-1,-1,-1,-1,-1,True,,,0.0,0.0,no_entry,False,False,5,1,7d887372b1e0
2026-06-30,US.META,SHORT,True,75,105,645,645,675,675,True,554.74,554.73,0.009999999999990905,1.8026462847443677e-05,failed_followthrough,False,False,5,1,7d887372b1e0
2026-06-30,US.MSFT,LONG,False,-1,-1,-1,-1,-1,-1,True,,,0.0,0.0,no_entry,False,False,5,1,7d887372b1e0
2026-06-30,US.MSFT,SHORT,False,-1,-1,-1,-1,-1,-1,True,,,0.0,0.0,no_entry,False,False,5,1,7d887372b1e0
2026-06-30,US.MU,LONG,False,-1,-1,-1,-1,-1,-1,True,,,0.0,0.0,no_entry,False,False,5,1,7d887372b1e0
2026-06-30,US.MU,SHORT,False,-1,-1,-1,-1,-1,-1,True,,,0.0,0.0,no_entry,False,False,5,1,7d887372b1e0
2026-06-30,US.NVDA,LONG,False,-1,-1,-1,-1,-1,-1,True,,,0.0,0.0,no_entry,False,False,5,1,7d887372b1e0
2026-06-30,US.NVDA,SHORT,False,-1,-1,-1,-1,-1,-1,True,,,0.0,0.0,no_entry,False,False,5,1,7d887372b1e0
2026-06-30,US.QQQ,LONG,True,95,375,665,665,-1,945,True,732.0324,737.16,5.127599999999916,0.007004607992760861,scheduled_flatten,True,False,5,1,7d887372b1e0
2026-06-30,US.QQQ,SHORT,False,-1,-1,-1,-1,-1,-1,True,,,0.0,0.0,no_entry,False,False,5,1,7d887372b1e0
2026-06-30,US.SPY,LONG,False,-1,-1,-1,-1,-1,-1,True,,,0.0,0.0,no_entry,False,False,5,1,7d887372b1e0
2026-06-30,US.SPY,SHORT,False,-1,-1,-1,-1,-1,-1,True,,,0.0,0.0,no_entry,False,False,5,1,7d887372b1e0
2026-06-30,US.TSLA,LONG,False,-1,-1,-1,-1,-1,-1,True,,,0.0,0.0,no_entry,False,False,5,1,7d887372b1e0
2026-06-30,US.TSLA,SHORT,False,-1,-1,-1,-1,-1,-1,True,,,0.0,0.0,no_entry,False,False,5,1,7d887372b1e0
2026-07-01,US.AAPL,LONG,False,-1,-1,-1,-1,-1,-1,True,,,0.0,0.0,no_entry,False,False,5,1,7d887372b1e0
2026-07-01,US.AAPL,SHORT,False,-1,-1,-1,-1,-1,-1,True,,,0.0,0.0,no_entry,False,False,5,1,7d887372b1e0
2026-07-01,US.AMD,LONG,False,-1,-1,-1,-1,-1,-1,True,,,0.0,0.0,no_entry,False,False,5,1,7d887372b1e0
2026-07-01,US.AMD,SHORT,False,-1,-1,-1,-1,-1,-1,True,,,0.0,0.0,no_entry,False,False,5,1,7d887372b1e0
2026-07-01,US.IWM,LONG,False,-1,-1,-1,-1,-1,-1,True,,,0.0,0.0,no_entry,False,False,5,1,7d887372b1e0
2026-07-01,US.IWM,SHORT,False,-1,-1,-1,-1,-1,-1,True,,,0.0,0.0,no_entry,False,False,5,1,7d887372b1e0
2026-07-01,US.META,LONG,False,-1,-1,-1,-1,-1,-1,True,,,0.0,0.0,no_entry,False,False,5,1,7d887372b1e0
2026-07-01,US.META,SHORT,False,-1,-1,-1,-1,-1,-1,True,,,0.0,0.0,no_entry,False,False,5,1,7d887372b1e0
2026-07-01,US.MSFT,LONG,False,-1,-1,-1,-1,-1,-1,True,,,0.0,0.0,no_entry,False,False,5,1,7d887372b1e0
2026-07-01,US.MSFT,SHORT,False,-1,-1,-1,-1,-1,-1,True,,,0.0,0.0,no_entry,False,False,5,1,7d887372b1e0
2026-07-01,US.MU,LONG,False,-1,-1,-1,-1,-1,-1,True,,,0.0,0.0,no_entry,False,False,5,1,7d887372b1e0
2026-07-01,US.MU,SHORT,False,-1,-1,-1,-1,-1,-1,True,,,0.0,0.0,no_entry,False,False,5,1,7d887372b1e0
2026-07-01,US.NVDA,LONG,False,-1,-1,-1,-1,-1,-1,True,,,0.0,0.0,no_entry,False,False,5,1,7d887372b1e0
2026-07-01,US.NVDA,SHORT,False,-1,-1,-1,-1,-1,-1,True,,,0.0,0.0,no_entry,False,False,5,1,7d887372b1e0
2026-07-01,US.QQQ,LONG,False,-1,-1,-1,-1,-1,-1,True,,,0.0,0.0,no_entry,False,False,5,1,7d887372b1e0
2026-07-01,US.QQQ,SHORT,False,-1,-1,-1,-1,-1,-1,True,,,0.0,0.0,no_entry,False,False,5,1,7d887372b1e0
2026-07-01,US.SPY,LONG,False,-1,-1,-1,-1,-1,-1,True,,,0.0,0.0,no_entry,False,False,5,1,7d887372b1e0
2026-07-01,US.SPY,SHORT,False,-1,-1,-1,-1,-1,-1,True,,,0.0,0.0,no_entry,False,False,5,1,7d887372b1e0
2026-07-01,US.TSLA,LONG,False,-1,-1,-1,-1,-1,-1,True,,,0.0,0.0,no_entry,False,False,5,1,7d887372b1e0
2026-07-01,US.TSLA,SHORT,False,-1,-1,-1,-1,-1,-1,True,,,0.0,0.0,no_entry,False,False,5,1,7d887372b1e0
2026-07-02,US.AAPL,LONG,False,-1,-1,-1,-1,-1,-1,True,,,0.0,0.0,no_entry,False,False,5,1,7d887372b1e0
2026-07-02,US.AAPL,SHORT,False,-1,-1,-1,-1,-1,-1,True,,,0.0,0.0,no_entry,False,False,5,1,7d887372b1e0
2026-07-02,US.AMD,LONG,False,-1,-1,-1,-1,-1,-1,True,,,0.0,0.0,no_entry,False,False,5,1,7d887372b1e0
2026-07-02,US.AMD,SHORT,False,-1,-1,-1,-1,-1,-1,True,,,0.0,0.0,no_entry,False,False,5,1,7d887372b1e0
2026-07-02,US.IWM,LONG,False,-1,-1,-1,-1,-1,-1,True,,,0.0,0.0,no_entry,False,False,5,1,7d887372b1e0
2026-07-02,US.IWM,SHORT,False,-1,-1,-1,-1,-1,-1,True,,,0.0,0.0,no_entry,False,False,5,1,7d887372b1e0
2026-07-02,US.META,LONG,False,-1,-1,-1,-1,-1,-1,True,,,0.0,0.0,no_entry,False,False,5,1,7d887372b1e0
2026-07-02,US.META,SHORT,False,-1,-1,-1,-1,-1,-1,True,,,0.0,0.0,no_entry,False,False,5,1,7d887372b1e0
2026-07-02,US.MSFT,LONG,False,-1,-1,-1,-1,-1,-1,True,,,0.0,0.0,no_entry,False,False,5,1,7d887372b1e0
2026-07-02,US.MSFT,SHORT,False,-1,-1,-1,-1,-1,-1,True,,,0.0,0.0,no_entry,False,False,5,1,7d887372b1e0
2026-07-02,US.MU,LONG,False,-1,-1,-1,-1,-1,-1,True,,,0.0,0.0,no_entry,False,False,5,1,7d887372b1e0
2026-07-02,US.MU,SHORT,False,-1,-1,-1,-1,-1,-1,True,,,0.0,0.0,no_entry,False,False,5,1,7d887372b1e0
2026-07-02,US.NVDA,LONG,False,-1,-1,-1,-1,-1,-1,True,,,0.0,0.0,no_entry,False,False,5,1,7d887372b1e0
2026-07-02,US.NVDA,SHORT,False,-1,-1,-1,-1,-1,-1,True,,,0.0,0.0,no_entry,False,False,5,1,7d887372b1e0
2026-07-02,US.QQQ,LONG,False,-1,-1,-1,-1,-1,-1,True,,,0.0,0.0,no_entry,False,False,5,1,7d887372b1e0
2026-07-02,US.QQQ,SHORT,False,-1,-1,-1,-1,-1,-1,True,,,0.0,0.0,no_entry,False,False,5,1,7d887372b1e0
2026-07-02,US.SPY,LONG,False,-1,-1,-1,-1,-1,-1,True,,,0.0,0.0,no_entry,False,False,5,1,7d887372b1e0
2026-07-02,US.SPY,SHORT,False,-1,-1,-1,-1,-1,-1,True,,,0.0,0.0,no_entry,False,False,5,1,7d887372b1e0
2026-07-02,US.TSLA,LONG,False,-1,-1,-1,-1,-1,-1,True,,,0.0,0.0,no_entry,False,False,5,1,7d887372b1e0
2026-07-02,US.TSLA,SHORT,False,-1,-1,-1,-1,-1,-1,True,,,0.0,0.0,no_entry,False,False,5,1,7d887372b1e0
2026-07-06,US.AAPL,LONG,False,-1,-1,-1,-1,-1,-1,True,,,0.0,0.0,no_entry,False,False,5,1,7d887372b1e0
2026-07-06,US.AAPL,SHORT,False,-1,-1,-1,-1,-1,-1,True,,,0.0,0.0,no_entry,False,False,5,1,7d887372b1e0
2026-07-06,US.AMD,LONG,False,-1,-1,-1,-1,-1,-1,True,,,0.0,0.0,no_entry,False,False,5,1,7d887372b1e0
2026-07-06,US.AMD,SHORT,False,-1,-1,-1,-1,-1,-1,True,,,0.0,0.0,no_entry,False,False,5,1,7d887372b1e0
2026-07-06,US.IWM,LONG,True,95,100,665,665,670,670,True,299.79,299.69,-0.10000000000002274,-0.00033356683011448923,soft_failure_loss,False,False,5,1,7d887372b1e0
2026-07-06,US.IWM,SHORT,False,-1,-1,-1,-1,-1,-1,True,,,0.0,0.0,no_entry,False,False,5,1,7d887372b1e0
2026-07-06,US.META,LONG,False,-1,-1,-1,-1,-1,-1,True,,,0.0,0.0,no_entry,False,False,5,1,7d887372b1e0
2026-07-06,US.META,SHORT,False,-1,-1,-1,-1,-1,-1,True,,,0.0,0.0,no_entry,False,False,5,1,7d887372b1e0
2026-07-06,US.MSFT,LONG,False,-1,-1,-1,-1,-1,-1,True,,,0.0,0.0,no_entry,False,False,5,1,7d887372b1e0
2026-07-06,US.MSFT,SHORT,False,-1,-1,-1,-1,-1,-1,True,,,0.0,0.0,no_entry,False,False,5,1,7d887372b1e0
2026-07-06,US.MU,LONG,False,-1,-1,-1,-1,-1,-1,True,,,0.0,0.0,no_entry,False,False,5,1,7d887372b1e0
2026-07-06,US.MU,SHORT,False,-1,-1,-1,-1,-1,-1,True,,,0.0,0.0,no_entry,False,False,5,1,7d887372b1e0
2026-07-06,US.NVDA,LONG,False,-1,-1,-1,-1,-1,-1,True,,,0.0,0.0,no_entry,False,False,5,1,7d887372b1e0
2026-07-06,US.NVDA,SHORT,False,-1,-1,-1,-1,-1,-1,True,,,0.0,0.0,no_entry,False,False,5,1,7d887372b1e0
2026-07-06,US.QQQ,LONG,False,-1,-1,-1,-1,-1,-1,True,,,0.0,0.0,no_entry,False,False,5,1,7d887372b1e0
2026-07-06,US.QQQ,SHORT,False,-1,-1,-1,-1,-1,-1,True,,,0.0,0.0,no_entry,False,False,5,1,7d887372b1e0
2026-07-06,US.SPY,LONG,True,55,70,625,625,640,640,True,749.67,749.65,-0.01999999999998181,-2.6678405164914976e-05,failed_followthrough,False,False,5,1,7d887372b1e0
2026-07-06,US.SPY,SHORT,False,-1,-1,-1,-1,-1,-1,True,,,0.0,0.0,no_entry,False,False,5,1,7d887372b1e0
2026-07-06,US.TSLA,LONG,False,-1,-1,-1,-1,-1,-1,True,,,0.0,0.0,no_entry,False,False,5,1,7d887372b1e0
2026-07-06,US.TSLA,SHORT,False,-1,-1,-1,-1,-1,-1,True,,,0.0,0.0,no_entry,False,False,5,1,7d887372b1e0
2026-07-07,US.AAPL,LONG,False,-1,-1,-1,-1,-1,-1,True,,,0.0,0.0,no_entry,False,False,5,1,7d887372b1e0
2026-07-07,US.AAPL,SHORT,False,-1,-1,-1,-1,-1,-1,True,,,0.0,0.0,no_entry,False,False,5,1,7d887372b1e0
2026-07-07,US.AMD,LONG,False,-1,-1,-1,-1,-1,-1,True,,,0.0,0.0,no_entry,False,False,5,1,7d887372b1e0
2026-07-07,US.AMD,SHORT,True,65,120,635,635,690,690,True,509.355,511.16,-1.8050000000000068,-0.003543697421248455,failed_followthrough,False,False,5,1,7d887372b1e0
2026-07-07,US.IWM,LONG,False,-1,-1,-1,-1,-1,-1,True,,,0.0,0.0,no_entry,False,False,5,1,7d887372b1e0
2026-07-07,US.IWM,SHORT,True,130,135,700,700,705,705,True,296.46,296.67,-0.21000000000003638,-0.0007083586318560223,soft_failure_loss,False,False,5,1,7d887372b1e0
2026-07-07,US.META,LONG,True,50,55,620,620,625,625,True,613.76,612.17,-1.5900000000000318,-0.002590589155370229,soft_failure_loss,False,False,5,1,7d887372b1e0
2026-07-07,US.META,SHORT,False,-1,-1,-1,-1,-1,-1,True,,,0.0,0.0,no_entry,False,False,5,1,7d887372b1e0
2026-07-07,US.MSFT,LONG,False,-1,-1,-1,-1,-1,-1,True,,,0.0,0.0,no_entry,False,False,5,1,7d887372b1e0
2026-07-07,US.MSFT,SHORT,False,-1,-1,-1,-1,-1,-1,True,,,0.0,0.0,no_entry,False,False,5,1,7d887372b1e0
2026-07-07,US.MU,LONG,False,-1,-1,-1,-1,-1,-1,True,,,0.0,0.0,no_entry,False,False,5,1,7d887372b1e0
2026-07-07,US.MU,SHORT,True,130,135,700,700,705,705,True,904.995,911.105,-6.110000000000014,-0.0067514185161244135,soft_failure_loss,False,False,5,1,7d887372b1e0
2026-07-07,US.NVDA,LONG,False,-1,-1,-1,-1,-1,-1,True,,,0.0,0.0,no_entry,False,False,5,1,7d887372b1e0
2026-07-07,US.NVDA,SHORT,False,-1,-1,-1,-1,-1,-1,True,,,0.0,0.0,no_entry,False,False,5,1,7d887372b1e0
2026-07-07,US.QQQ,LONG,False,-1,-1,-1,-1,-1,-1,True,,,0.0,0.0,no_entry,False,False,5,1,7d887372b1e0
2026-07-07,US.QQQ,SHORT,False,-1,-1,-1,-1,-1,-1,True,,,0.0,0.0,no_entry,False,False,5,1,7d887372b1e0
2026-07-07,US.SPY,LONG,False,-1,-1,-1,-1,-1,-1,True,,,0.0,0.0,no_entry,False,False,5,1,7d887372b1e0
2026-07-07,US.SPY,SHORT,False,-1,-1,-1,-1,-1,-1,True,,,0.0,0.0,no_entry,False,False,5,1,7d887372b1e0
2026-07-07,US.TSLA,LONG,False,-1,-1,-1,-1,-1,-1,True,,,0.0,0.0,no_entry,False,False,5,1,7d887372b1e0
2026-07-07,US.TSLA,SHORT,False,-1,-1,-1,-1,-1,-1,True,,,0.0,0.0,no_entry,False,False,5,1,7d887372b1e0
2026-07-08,US.AAPL,LONG,False,-1,-1,-1,-1,-1,-1,True,,,0.0,0.0,no_entry,False,False,5,1,7d887372b1e0
2026-07-08,US.AAPL,SHORT,False,-1,-1,-1,-1,-1,-1,True,,,0.0,0.0,no_entry,False,False,5,1,7d887372b1e0
2026-07-08,US.AMD,LONG,False,-1,-1,-1,-1,-1,-1,True,,,0.0,0.0,no_entry,False,False,5,1,7d887372b1e0
2026-07-08,US.AMD,SHORT,False,-1,-1,-1,-1,-1,-1,True,,,0.0,0.0,no_entry,False,False,5,1,7d887372b1e0
2026-07-08,US.IWM,LONG,False,-1,-1,-1,-1,-1,-1,True,,,0.0,0.0,no_entry,False,False,5,1,7d887372b1e0
2026-07-08,US.IWM,SHORT,False,-1,-1,-1,-1,-1,-1,True,,,0.0,0.0,no_entry,False,False,5,1,7d887372b1e0
2026-07-08,US.META,LONG,False,-1,-1,-1,-1,-1,-1,True,,,0.0,0.0,no_entry,False,False,5,1,7d887372b1e0
2026-07-08,US.META,SHORT,False,-1,-1,-1,-1,-1,-1,True,,,0.0,0.0,no_entry,False,False,5,1,7d887372b1e0
2026-07-08,US.MSFT,LONG,False,-1,-1,-1,-1,-1,-1,True,,,0.0,0.0,no_entry,False,False,5,1,7d887372b1e0
2026-07-08,US.MSFT,SHORT,False,-1,-1,-1,-1,-1,-1,True,,,0.0,0.0,no_entry,False,False,5,1,7d887372b1e0
2026-07-08,US.MU,LONG,False,-1,-1,-1,-1,-1,-1,True,,,0.0,0.0,no_entry,False,False,5,1,7d887372b1e0
2026-07-08,US.MU,SHORT,False,-1,-1,-1,-1,-1,-1,True,,,0.0,0.0,no_entry,False,False,5,1,7d887372b1e0
2026-07-08,US.NVDA,LONG,False,-1,-1,-1,-1,-1,-1,True,,,0.0,0.0,no_entry,False,False,5,1,7d887372b1e0
2026-07-08,US.NVDA,SHORT,False,-1,-1,-1,-1,-1,-1,True,,,0.0,0.0,no_entry,False,False,5,1,7d887372b1e0
2026-07-08,US.QQQ,LONG,False,-1,-1,-1,-1,-1,-1,True,,,0.0,0.0,no_entry,False,False,5,1,7d887372b1e0
2026-07-08,US.QQQ,SHORT,False,-1,-1,-1,-1,-1,-1,True,,,0.0,0.0,no_entry,False,False,5,1,7d887372b1e0
2026-07-08,US.SPY,LONG,False,-1,-1,-1,-1,-1,-1,True,,,0.0,0.0,no_entry,False,False,5,1,7d887372b1e0
2026-07-08,US.SPY,SHORT,False,-1,-1,-1,-1,-1,-1,True,,,0.0,0.0,no_entry,False,False,5,1,7d887372b1e0
2026-07-08,US.TSLA,LONG,False,-1,-1,-1,-1,-1,-1,True,,,0.0,0.0,no_entry,False,False,5,1,7d887372b1e0
2026-07-08,US.TSLA,SHORT,False,-1,-1,-1,-1,-1,-1,True,,,0.0,0.0,no_entry,False,False,5,1,7d887372b1e0
2026-07-09,US.AAPL,LONG,False,-1,-1,-1,-1,-1,-1,True,,,0.0,0.0,no_entry,False,False,5,1,7d887372b1e0
2026-07-09,US.AAPL,SHORT,False,-1,-1,-1,-1,-1,-1,True,,,0.0,0.0,no_entry,False,False,5,1,7d887372b1e0
2026-07-09,US.AMD,LONG,False,-1,-1,-1,-1,-1,-1,True,,,0.0,0.0,no_entry,False,False,5,1,7d887372b1e0
2026-07-09,US.AMD,SHORT,False,-1,-1,-1,-1,-1,-1,True,,,0.0,0.0,no_entry,False,False,5,1,7d887372b1e0
2026-07-09,US.IWM,LONG,False,-1,-1,-1,-1,-1,-1,True,,,0.0,0.0,no_entry,False,False,5,1,7d887372b1e0
2026-07-09,US.IWM,SHORT,False,-1,-1,-1,-1,-1,-1,True,,,0.0,0.0,no_entry,False,False,5,1,7d887372b1e0
2026-07-09,US.META,LONG,False,-1,-1,-1,-1,-1,-1,True,,,0.0,0.0,no_entry,False,False,5,1,7d887372b1e0
2026-07-09,US.META,SHORT,False,-1,-1,-1,-1,-1,-1,True,,,0.0,0.0,no_entry,False,False,5,1,7d887372b1e0
2026-07-09,US.MSFT,LONG,False,-1,-1,-1,-1,-1,-1,True,,,0.0,0.0,no_entry,False,False,5,1,7d887372b1e0
2026-07-09,US.MSFT,SHORT,False,-1,-1,-1,-1,-1,-1,True,,,0.0,0.0,no_entry,False,False,5,1,7d887372b1e0
2026-07-09,US.MU,LONG,False,-1,-1,-1,-1,-1,-1,True,,,0.0,0.0,no_entry,False,False,5,1,7d887372b1e0
2026-07-09,US.MU,SHORT,False,-1,-1,-1,-1,-1,-1,True,,,0.0,0.0,no_entry,False,False,5,1,7d887372b1e0
2026-07-09,US.NVDA,LONG,False,-1,-1,-1,-1,-1,-1,True,,,0.0,0.0,no_entry,False,False,5,1,7d887372b1e0
2026-07-09,US.NVDA,SHORT,False,-1,-1,-1,-1,-1,-1,True,,,0.0,0.0,no_entry,False,False,5,1,7d887372b1e0
2026-07-09,US.QQQ,LONG,False,-1,-1,-1,-1,-1,-1,True,,,0.0,0.0,no_entry,False,False,5,1,7d887372b1e0
2026-07-09,US.QQQ,SHORT,False,-1,-1,-1,-1,-1,-1,True,,,0.0,0.0,no_entry,False,False,5,1,7d887372b1e0
2026-07-09,US.SPY,LONG,False,-1,-1,-1,-1,-1,-1,True,,,0.0,0.0,no_entry,False,False,5,1,7d887372b1e0
2026-07-09,US.SPY,SHORT,False,-1,-1,-1,-1,-1,-1,True,,,0.0,0.0,no_entry,False,False,5,1,7d887372b1e0
2026-07-09,US.TSLA,LONG,False,-1,-1,-1,-1,-1,-1,True,,,0.0,0.0,no_entry,False,False,5,1,7d887372b1e0
2026-07-09,US.TSLA,SHORT,False,-1,-1,-1,-1,-1,-1,True,,,0.0,0.0,no_entry,False,False,5,1,7d887372b1e0
2026-07-10,US.AAPL,LONG,False,-1,-1,-1,-1,-1,-1,True,,,0.0,0.0,no_entry,False,False,5,1,7d887372b1e0
2026-07-10,US.AAPL,SHORT,False,-1,-1,-1,-1,-1,-1,True,,,0.0,0.0,no_entry,False,False,5,1,7d887372b1e0
2026-07-10,US.AMD,LONG,False,-1,-1,-1,-1,-1,-1,True,,,0.0,0.0,no_entry,False,False,5,1,7d887372b1e0
2026-07-10,US.AMD,SHORT,False,-1,-1,-1,-1,-1,-1,True,,,0.0,0.0,no_entry,False,False,5,1,7d887372b1e0
2026-07-10,US.IWM,LONG,False,-1,-1,-1,-1,-1,-1,True,,,0.0,0.0,no_entry,False,False,5,1,7d887372b1e0
2026-07-10,US.IWM,SHORT,False,-1,-1,-1,-1,-1,-1,True,,,0.0,0.0,no_entry,False,False,5,1,7d887372b1e0
2026-07-10,US.META,LONG,False,-1,-1,-1,-1,-1,-1,True,,,0.0,0.0,no_entry,False,False,5,1,7d887372b1e0
2026-07-10,US.META,SHORT,False,-1,-1,-1,-1,-1,-1,True,,,0.0,0.0,no_entry,False,False,5,1,7d887372b1e0
2026-07-10,US.MSFT,LONG,False,-1,-1,-1,-1,-1,-1,True,,,0.0,0.0,no_entry,False,False,5,1,7d887372b1e0
2026-07-10,US.MSFT,SHORT,False,-1,-1,-1,-1,-1,-1,True,,,0.0,0.0,no_entry,False,False,5,1,7d887372b1e0
2026-07-10,US.MU,LONG,False,-1,-1,-1,-1,-1,-1,True,,,0.0,0.0,no_entry,False,False,5,1,7d887372b1e0
2026-07-10,US.MU,SHORT,False,-1,-1,-1,-1,-1,-1,True,,,0.0,0.0,no_entry,False,False,5,1,7d887372b1e0
2026-07-10,US.NVDA,LONG,False,-1,-1,-1,-1,-1,-1,True,,,0.0,0.0,no_entry,False,False,5,1,7d887372b1e0
2026-07-10,US.NVDA,SHORT,False,-1,-1,-1,-1,-1,-1,True,,,0.0,0.0,no_entry,False,False,5,1,7d887372b1e0
2026-07-10,US.QQQ,LONG,False,-1,-1,-1,-1,-1,-1,True,,,0.0,0.0,no_entry,False,False,5,1,7d887372b1e0
2026-07-10,US.QQQ,SHORT,False,-1,-1,-1,-1,-1,-1,True,,,0.0,0.0,no_entry,False,False,5,1,7d887372b1e0
2026-07-10,US.SPY,LONG,False,-1,-1,-1,-1,-1,-1,True,,,0.0,0.0,no_entry,False,False,5,1,7d887372b1e0
2026-07-10,US.SPY,SHORT,True,70,75,640,640,645,645,True,751.7,752.1,-0.39999999999997726,-0.0005321271783956063,soft_failure_loss,False,False,5,1,7d887372b1e0
2026-07-10,US.TSLA,LONG,False,-1,-1,-1,-1,-1,-1,True,,,0.0,0.0,no_entry,False,False,5,1,7d887372b1e0
2026-07-10,US.TSLA,SHORT,False,-1,-1,-1,-1,-1,-1,True,,,0.0,0.0,no_entry,False,False,5,1,7d887372b1e0
2026-07-13,US.AAPL,LONG,False,-1,-1,-1,-1,-1,-1,True,,,0.0,0.0,no_entry,False,False,5,1,7d887372b1e0
2026-07-13,US.AAPL,SHORT,False,-1,-1,-1,-1,-1,-1,True,,,0.0,0.0,no_entry,False,False,5,1,7d887372b1e0
2026-07-13,US.AMD,LONG,False,-1,-1,-1,-1,-1,-1,True,,,0.0,0.0,no_entry,False,False,5,1,7d887372b1e0
2026-07-13,US.AMD,SHORT,False,-1,-1,-1,-1,-1,-1,True,,,0.0,0.0,no_entry,False,False,5,1,7d887372b1e0
2026-07-13,US.IWM,LONG,False,-1,-1,-1,-1,-1,-1,True,,,0.0,0.0,no_entry,False,False,5,1,7d887372b1e0
2026-07-13,US.IWM,SHORT,False,-1,-1,-1,-1,-1,-1,True,,,0.0,0.0,no_entry,False,False,5,1,7d887372b1e0
2026-07-13,US.META,LONG,False,-1,-1,-1,-1,-1,-1,True,,,0.0,0.0,no_entry,False,False,5,1,7d887372b1e0
2026-07-13,US.META,SHORT,False,-1,-1,-1,-1,-1,-1,True,,,0.0,0.0,no_entry,False,False,5,1,7d887372b1e0
2026-07-13,US.MSFT,LONG,False,-1,-1,-1,-1,-1,-1,True,,,0.0,0.0,no_entry,False,False,5,1,7d887372b1e0
2026-07-13,US.MSFT,SHORT,False,-1,-1,-1,-1,-1,-1,True,,,0.0,0.0,no_entry,False,False,5,1,7d887372b1e0
2026-07-13,US.MU,LONG,False,-1,-1,-1,-1,-1,-1,True,,,0.0,0.0,no_entry,False,False,5,1,7d887372b1e0
2026-07-13,US.MU,SHORT,False,-1,-1,-1,-1,-1,-1,True,,,0.0,0.0,no_entry,False,False,5,1,7d887372b1e0
2026-07-13,US.NVDA,LONG,False,-1,-1,-1,-1,-1,-1,True,,,0.0,0.0,no_entry,False,False,5,1,7d887372b1e0
2026-07-13,US.NVDA,SHORT,False,-1,-1,-1,-1,-1,-1,True,,,0.0,0.0,no_entry,False,False,5,1,7d887372b1e0
2026-07-13,US.QQQ,LONG,False,-1,-1,-1,-1,-1,-1,True,,,0.0,0.0,no_entry,False,False,5,1,7d887372b1e0
2026-07-13,US.QQQ,SHORT,False,-1,-1,-1,-1,-1,-1,True,,,0.0,0.0,no_entry,False,False,5,1,7d887372b1e0
2026-07-13,US.SPY,LONG,False,-1,-1,-1,-1,-1,-1,True,,,0.0,0.0,no_entry,False,False,5,1,7d887372b1e0
2026-07-13,US.SPY,SHORT,True,50,55,620,620,625,625,True,751.92,752.745,-0.8250000000000455,-0.001097191190552247,soft_failure_loss,False,False,5,1,7d887372b1e0
2026-07-13,US.TSLA,LONG,False,-1,-1,-1,-1,-1,-1,True,,,0.0,0.0,no_entry,False,False,5,1,7d887372b1e0
2026-07-13,US.TSLA,SHORT,False,-1,-1,-1,-1,-1,-1,True,,,0.0,0.0,no_entry,False,False,5,1,7d887372b1e0
2026-07-14,US.AAPL,LONG,False,-1,-1,-1,-1,-1,-1,True,,,0.0,0.0,no_entry,False,False,5,1,7d887372b1e0
2026-07-14,US.AAPL,SHORT,False,-1,-1,-1,-1,-1,-1,True,,,0.0,0.0,no_entry,False,False,5,1,7d887372b1e0
2026-07-14,US.AMD,LONG,False,-1,-1,-1,-1,-1,-1,True,,,0.0,0.0,no_entry,False,False,5,1,7d887372b1e0
2026-07-14,US.AMD,SHORT,False,-1,-1,-1,-1,-1,-1,True,,,0.0,0.0,no_entry,False,False,5,1,7d887372b1e0
2026-07-14,US.IWM,LONG,False,-1,-1,-1,-1,-1,-1,True,,,0.0,0.0,no_entry,False,False,5,1,7d887372b1e0
2026-07-14,US.IWM,SHORT,True,135,140,705,705,710,710,True,294.55,294.7,-0.14999999999997726,-0.000509251400441274,soft_failure_loss,False,False,5,1,7d887372b1e0
2026-07-14,US.META,LONG,False,-1,-1,-1,-1,-1,-1,True,,,0.0,0.0,no_entry,False,False,5,1,7d887372b1e0
2026-07-14,US.META,SHORT,False,-1,-1,-1,-1,-1,-1,True,,,0.0,0.0,no_entry,False,False,5,1,7d887372b1e0
2026-07-14,US.MSFT,LONG,False,-1,-1,-1,-1,-1,-1,True,,,0.0,0.0,no_entry,False,False,5,1,7d887372b1e0
2026-07-14,US.MSFT,SHORT,False,-1,-1,-1,-1,-1,-1,True,,,0.0,0.0,no_entry,False,False,5,1,7d887372b1e0
2026-07-14,US.MU,LONG,False,-1,-1,-1,-1,-1,-1,True,,,0.0,0.0,no_entry,False,False,5,1,7d887372b1e0
2026-07-14,US.MU,SHORT,False,-1,-1,-1,-1,-1,-1,True,,,0.0,0.0,no_entry,False,False,5,1,7d887372b1e0
2026-07-14,US.NVDA,LONG,False,-1,-1,-1,-1,-1,-1,True,,,0.0,0.0,no_entry,False,False,5,1,7d887372b1e0
2026-07-14,US.NVDA,SHORT,False,-1,-1,-1,-1,-1,-1,True,,,0.0,0.0,no_entry,False,False,5,1,7d887372b1e0
2026-07-14,US.QQQ,LONG,False,-1,-1,-1,-1,-1,-1,True,,,0.0,0.0,no_entry,False,False,5,1,7d887372b1e0
2026-07-14,US.QQQ,SHORT,False,-1,-1,-1,-1,-1,-1,True,,,0.0,0.0,no_entry,False,False,5,1,7d887372b1e0
2026-07-14,US.SPY,LONG,False,-1,-1,-1,-1,-1,-1,True,,,0.0,0.0,no_entry,False,False,5,1,7d887372b1e0
2026-07-14,US.SPY,SHORT,False,-1,-1,-1,-1,-1,-1,True,,,0.0,0.0,no_entry,False,False,5,1,7d887372b1e0
2026-07-14,US.TSLA,LONG,False,-1,-1,-1,-1,-1,-1,True,,,0.0,0.0,no_entry,False,False,5,1,7d887372b1e0
2026-07-14,US.TSLA,SHORT,False,-1,-1,-1,-1,-1,-1,True,,,0.0,0.0,no_entry,False,False,5,1,7d887372b1e0
2026-07-15,US.AAPL,LONG,False,-1,-1,-1,-1,-1,-1,True,,,0.0,0.0,no_entry,False,False,5,1,7d887372b1e0
2026-07-15,US.AAPL,SHORT,False,-1,-1,-1,-1,-1,-1,True,,,0.0,0.0,no_entry,False,False,5,1,7d887372b1e0
2026-07-15,US.AMD,LONG,False,-1,-1,-1,-1,-1,-1,True,,,0.0,0.0,no_entry,False,False,5,1,7d887372b1e0
2026-07-15,US.AMD,SHORT,False,-1,-1,-1,-1,-1,-1,True,,,0.0,0.0,no_entry,False,False,5,1,7d887372b1e0
2026-07-15,US.IWM,LONG,False,-1,-1,-1,-1,-1,-1,True,,,0.0,0.0,no_entry,False,False,5,1,7d887372b1e0
2026-07-15,US.IWM,SHORT,False,-1,-1,-1,-1,-1,-1,True,,,0.0,0.0,no_entry,False,False,5,1,7d887372b1e0
2026-07-15,US.META,LONG,False,-1,-1,-1,-1,-1,-1,True,,,0.0,0.0,no_entry,False,False,5,1,7d887372b1e0
2026-07-15,US.META,SHORT,False,-1,-1,-1,-1,-1,-1,True,,,0.0,0.0,no_entry,False,False,5,1,7d887372b1e0
2026-07-15,US.MSFT,LONG,False,-1,-1,-1,-1,-1,-1,True,,,0.0,0.0,no_entry,False,False,5,1,7d887372b1e0
2026-07-15,US.MSFT,SHORT,False,-1,-1,-1,-1,-1,-1,True,,,0.0,0.0,no_entry,False,False,5,1,7d887372b1e0
2026-07-15,US.MU,LONG,False,-1,-1,-1,-1,-1,-1,True,,,0.0,0.0,no_entry,False,False,5,1,7d887372b1e0
2026-07-15,US.MU,SHORT,False,-1,-1,-1,-1,-1,-1,True,,,0.0,0.0,no_entry,False,False,5,1,7d887372b1e0
2026-07-15,US.NVDA,LONG,False,-1,-1,-1,-1,-1,-1,True,,,0.0,0.0,no_entry,False,False,5,1,7d887372b1e0
2026-07-15,US.NVDA,SHORT,False,-1,-1,-1,-1,-1,-1,True,,,0.0,0.0,no_entry,False,False,5,1,7d887372b1e0
2026-07-15,US.QQQ,LONG,False,-1,-1,-1,-1,-1,-1,True,,,0.0,0.0,no_entry,False,False,5,1,7d887372b1e0
2026-07-15,US.QQQ,SHORT,False,-1,-1,-1,-1,-1,-1,True,,,0.0,0.0,no_entry,False,False,5,1,7d887372b1e0
2026-07-15,US.SPY,LONG,False,-1,-1,-1,-1,-1,-1,True,,,0.0,0.0,no_entry,False,False,5,1,7d887372b1e0
2026-07-15,US.SPY,SHORT,True,55,60,625,625,630,630,True,753.8,754.64,-0.8400000000000318,-0.0011143539400371874,soft_failure_loss,False,False,5,1,7d887372b1e0
2026-07-15,US.TSLA,LONG,False,-1,-1,-1,-1,-1,-1,True,,,0.0,0.0,no_entry,False,False,5,1,7d887372b1e0
2026-07-15,US.TSLA,SHORT,False,-1,-1,-1,-1,-1,-1,True,,,0.0,0.0,no_entry,False,False,5,1,7d887372b1e0
2026-07-16,US.AAPL,LONG,False,-1,-1,-1,-1,-1,-1,True,,,0.0,0.0,no_entry,False,False,5,1,7d887372b1e0
2026-07-16,US.AAPL,SHORT,False,-1,-1,-1,-1,-1,-1,True,,,0.0,0.0,no_entry,False,False,5,1,7d887372b1e0
2026-07-16,US.AMD,LONG,False,-1,-1,-1,-1,-1,-1,True,,,0.0,0.0,no_entry,False,False,5,1,7d887372b1e0
2026-07-16,US.AMD,SHORT,True,140,145,710,710,715,715,True,507.18,508.71,-1.5299999999999727,-0.0030166804684726776,soft_failure_loss,False,False,5,1,7d887372b1e0
2026-07-16,US.IWM,LONG,True,25,265,595,595,835,835,True,296.31,295.2,-1.1100000000000136,-0.003746076743950638,trailing,False,False,5,1,7d887372b1e0
2026-07-16,US.IWM,SHORT,False,-1,-1,-1,-1,-1,-1,True,,,0.0,0.0,no_entry,False,False,5,1,7d887372b1e0
2026-07-16,US.META,LONG,False,-1,-1,-1,-1,-1,-1,True,,,0.0,0.0,no_entry,False,False,5,1,7d887372b1e0
2026-07-16,US.META,SHORT,False,-1,-1,-1,-1,-1,-1,True,,,0.0,0.0,no_entry,False,False,5,1,7d887372b1e0
2026-07-16,US.MSFT,LONG,False,-1,-1,-1,-1,-1,-1,True,,,0.0,0.0,no_entry,False,False,5,1,7d887372b1e0
2026-07-16,US.MSFT,SHORT,False,-1,-1,-1,-1,-1,-1,True,,,0.0,0.0,no_entry,False,False,5,1,7d887372b1e0
2026-07-16,US.MU,LONG,False,-1,-1,-1,-1,-1,-1,True,,,0.0,0.0,no_entry,False,False,5,1,7d887372b1e0
2026-07-16,US.MU,SHORT,False,-1,-1,-1,-1,-1,-1,True,,,0.0,0.0,no_entry,False,False,5,1,7d887372b1e0
2026-07-16,US.NVDA,LONG,False,-1,-1,-1,-1,-1,-1,True,,,0.0,0.0,no_entry,False,False,5,1,7d887372b1e0
2026-07-16,US.NVDA,SHORT,False,-1,-1,-1,-1,-1,-1,True,,,0.0,0.0,no_entry,False,False,5,1,7d887372b1e0
2026-07-16,US.QQQ,LONG,False,-1,-1,-1,-1,-1,-1,True,,,0.0,0.0,no_entry,False,False,5,1,7d887372b1e0
2026-07-16,US.QQQ,SHORT,False,-1,-1,-1,-1,-1,-1,True,,,0.0,0.0,no_entry,False,False,5,1,7d887372b1e0
2026-07-16,US.SPY,LONG,False,-1,-1,-1,-1,-1,-1,True,,,0.0,0.0,no_entry,False,False,5,1,7d887372b1e0
2026-07-16,US.SPY,SHORT,False,-1,-1,-1,-1,-1,-1,True,,,0.0,0.0,no_entry,False,False,5,1,7d887372b1e0
2026-07-16,US.TSLA,LONG,False,-1,-1,-1,-1,-1,-1,True,,,0.0,0.0,no_entry,False,False,5,1,7d887372b1e0
2026-07-16,US.TSLA,SHORT,False,-1,-1,-1,-1,-1,-1,True,,,0.0,0.0,no_entry,False,False,5,1,7d887372b1e0
2026-07-17,US.AAPL,LONG,False,-1,-1,-1,-1,-1,-1,True,,,0.0,0.0,no_entry,False,False,5,1,7d887372b1e0
2026-07-17,US.AAPL,SHORT,False,-1,-1,-1,-1,-1,-1,True,,,0.0,0.0,no_entry,False,False,5,1,7d887372b1e0
2026-07-17,US.AMD,LONG,False,-1,-1,-1,-1,-1,-1,True,,,0.0,0.0,no_entry,False,False,5,1,7d887372b1e0
2026-07-17,US.AMD,SHORT,False,-1,-1,-1,-1,-1,-1,True,,,0.0,0.0,no_entry,False,False,5,1,7d887372b1e0
2026-07-17,US.IWM,LONG,True,150,155,720,720,725,725,True,294.37,294.16,-0.20999999999997954,-0.0007133879131704302,soft_failure_loss,False,False,5,1,7d887372b1e0
2026-07-17,US.IWM,SHORT,False,-1,-1,-1,-1,-1,-1,True,,,0.0,0.0,no_entry,False,False,5,1,7d887372b1e0
2026-07-17,US.META,LONG,False,-1,-1,-1,-1,-1,-1,True,,,0.0,0.0,no_entry,False,False,5,1,7d887372b1e0
2026-07-17,US.META,SHORT,False,-1,-1,-1,-1,-1,-1,True,,,0.0,0.0,no_entry,False,False,5,1,7d887372b1e0
2026-07-17,US.MSFT,LONG,False,-1,-1,-1,-1,-1,-1,True,,,0.0,0.0,no_entry,False,False,5,1,7d887372b1e0
2026-07-17,US.MSFT,SHORT,False,-1,-1,-1,-1,-1,-1,True,,,0.0,0.0,no_entry,False,False,5,1,7d887372b1e0
2026-07-17,US.MU,LONG,True,125,375,695,695,-1,945,True,856.265,861.5,5.235000000000014,0.006113761510747273,scheduled_flatten,True,False,5,1,7d887372b1e0
2026-07-17,US.MU,SHORT,False,-1,-1,-1,-1,-1,-1,True,,,0.0,0.0,no_entry,False,False,5,1,7d887372b1e0
2026-07-17,US.NVDA,LONG,False,-1,-1,-1,-1,-1,-1,True,,,0.0,0.0,no_entry,False,False,5,1,7d887372b1e0
2026-07-17,US.NVDA,SHORT,False,-1,-1,-1,-1,-1,-1,True,,,0.0,0.0,no_entry,False,False,5,1,7d887372b1e0
2026-07-17,US.QQQ,LONG,False,-1,-1,-1,-1,-1,-1,True,,,0.0,0.0,no_entry,False,False,5,1,7d887372b1e0
2026-07-17,US.QQQ,SHORT,False,-1,-1,-1,-1,-1,-1,True,,,0.0,0.0,no_entry,False,False,5,1,7d887372b1e0
2026-07-17,US.SPY,LONG,True,125,355,695,695,925,925,True,745.01,742.3301,-2.679899999999975,-0.0035971329243902435,trailing,False,False,5,1,7d887372b1e0
2026-07-17,US.SPY,SHORT,False,-1,-1,-1,-1,-1,-1,True,,,0.0,0.0,no_entry,False,False,5,1,7d887372b1e0
2026-07-17,US.TSLA,LONG,False,-1,-1,-1,-1,-1,-1,True,,,0.0,0.0,no_entry,False,False,5,1,7d887372b1e0
2026-07-17,US.TSLA,SHORT,False,-1,-1,-1,-1,-1,-1,True,,,0.0,0.0,no_entry,False,False,5,1,7d887372b1e0
2026-07-20,US.AAPL,LONG,False,-1,-1,-1,-1,-1,-1,True,,,0.0,0.0,no_entry,False,False,5,1,7d887372b1e0
2026-07-20,US.AAPL,SHORT,False,-1,-1,-1,-1,-1,-1,True,,,0.0,0.0,no_entry,False,False,5,1,7d887372b1e0
2026-07-20,US.AMD,LONG,False,-1,-1,-1,-1,-1,-1,True,,,0.0,0.0,no_entry,False,False,5,1,7d887372b1e0
2026-07-20,US.AMD,SHORT,False,-1,-1,-1,-1,-1,-1,True,,,0.0,0.0,no_entry,False,False,5,1,7d887372b1e0
2026-07-20,US.IWM,LONG,False,-1,-1,-1,-1,-1,-1,True,,,0.0,0.0,no_entry,False,False,5,1,7d887372b1e0
2026-07-20,US.IWM,SHORT,False,-1,-1,-1,-1,-1,-1,True,,,0.0,0.0,no_entry,False,False,5,1,7d887372b1e0
2026-07-20,US.META,LONG,False,-1,-1,-1,-1,-1,-1,True,,,0.0,0.0,no_entry,False,False,5,1,7d887372b1e0
2026-07-20,US.META,SHORT,False,-1,-1,-1,-1,-1,-1,True,,,0.0,0.0,no_entry,False,False,5,1,7d887372b1e0
2026-07-20,US.MSFT,LONG,False,-1,-1,-1,-1,-1,-1,True,,,0.0,0.0,no_entry,False,False,5,1,7d887372b1e0
2026-07-20,US.MSFT,SHORT,False,-1,-1,-1,-1,-1,-1,True,,,0.0,0.0,no_entry,False,False,5,1,7d887372b1e0
2026-07-20,US.MU,LONG,False,-1,-1,-1,-1,-1,-1,True,,,0.0,0.0,no_entry,False,False,5,1,7d887372b1e0
2026-07-20,US.MU,SHORT,False,-1,-1,-1,-1,-1,-1,True,,,0.0,0.0,no_entry,False,False,5,1,7d887372b1e0
2026-07-20,US.NVDA,LONG,False,-1,-1,-1,-1,-1,-1,True,,,0.0,0.0,no_entry,False,False,5,1,7d887372b1e0
2026-07-20,US.NVDA,SHORT,False,-1,-1,-1,-1,-1,-1,True,,,0.0,0.0,no_entry,False,False,5,1,7d887372b1e0
2026-07-20,US.QQQ,LONG,False,-1,-1,-1,-1,-1,-1,True,,,0.0,0.0,no_entry,False,False,5,1,7d887372b1e0
2026-07-20,US.QQQ,SHORT,False,-1,-1,-1,-1,-1,-1,True,,,0.0,0.0,no_entry,False,False,5,1,7d887372b1e0
2026-07-20,US.SPY,LONG,False,-1,-1,-1,-1,-1,-1,True,,,0.0,0.0,no_entry,False,False,5,1,7d887372b1e0
2026-07-20,US.SPY,SHORT,False,-1,-1,-1,-1,-1,-1,True,,,0.0,0.0,no_entry,False,False,5,1,7d887372b1e0
2026-07-20,US.TSLA,LONG,False,-1,-1,-1,-1,-1,-1,True,,,0.0,0.0,no_entry,False,False,5,1,7d887372b1e0
2026-07-20,US.TSLA,SHORT,False,-1,-1,-1,-1,-1,-1,True,,,0.0,0.0,no_entry,False,False,5,1,7d887372b1e0
2026-07-21,US.AAPL,LONG,False,-1,-1,-1,-1,-1,-1,True,,,0.0,0.0,no_entry,False,False,5,1,7d887372b1e0
2026-07-21,US.AAPL,SHORT,False,-1,-1,-1,-1,-1,-1,True,,,0.0,0.0,no_entry,False,False,5,1,7d887372b1e0
2026-07-21,US.AMD,LONG,False,-1,-1,-1,-1,-1,-1,True,,,0.0,0.0,no_entry,False,False,5,1,7d887372b1e0
2026-07-21,US.AMD,SHORT,False,-1,-1,-1,-1,-1,-1,True,,,0.0,0.0,no_entry,False,False,5,1,7d887372b1e0
2026-07-21,US.IWM,LONG,False,-1,-1,-1,-1,-1,-1,True,,,0.0,0.0,no_entry,False,False,5,1,7d887372b1e0
2026-07-21,US.IWM,SHORT,False,-1,-1,-1,-1,-1,-1,True,,,0.0,0.0,no_entry,False,False,5,1,7d887372b1e0
2026-07-21,US.META,LONG,False,-1,-1,-1,-1,-1,-1,True,,,0.0,0.0,no_entry,False,False,5,1,7d887372b1e0
2026-07-21,US.META,SHORT,False,-1,-1,-1,-1,-1,-1,True,,,0.0,0.0,no_entry,False,False,5,1,7d887372b1e0
2026-07-21,US.MSFT,LONG,False,-1,-1,-1,-1,-1,-1,True,,,0.0,0.0,no_entry,False,False,5,1,7d887372b1e0
2026-07-21,US.MSFT,SHORT,False,-1,-1,-1,-1,-1,-1,True,,,0.0,0.0,no_entry,False,False,5,1,7d887372b1e0
2026-07-21,US.MU,LONG,False,-1,-1,-1,-1,-1,-1,True,,,0.0,0.0,no_entry,False,False,5,1,7d887372b1e0
2026-07-21,US.MU,SHORT,False,-1,-1,-1,-1,-1,-1,True,,,0.0,0.0,no_entry,False,False,5,1,7d887372b1e0
2026-07-21,US.NVDA,LONG,False,-1,-1,-1,-1,-1,-1,True,,,0.0,0.0,no_entry,False,False,5,1,7d887372b1e0
2026-07-21,US.NVDA,SHORT,False,-1,-1,-1,-1,-1,-1,True,,,0.0,0.0,no_entry,False,False,5,1,7d887372b1e0
2026-07-21,US.QQQ,LONG,False,-1,-1,-1,-1,-1,-1,True,,,0.0,0.0,no_entry,False,False,5,1,7d887372b1e0
2026-07-21,US.QQQ,SHORT,False,-1,-1,-1,-1,-1,-1,True,,,0.0,0.0,no_entry,False,False,5,1,7d887372b1e0
2026-07-21,US.SPY,LONG,False,-1,-1,-1,-1,-1,-1,True,,,0.0,0.0,no_entry,False,False,5,1,7d887372b1e0
2026-07-21,US.SPY,SHORT,False,-1,-1,-1,-1,-1,-1,True,,,0.0,0.0,no_entry,False,False,5,1,7d887372b1e0
2026-07-21,US.TSLA,LONG,False,-1,-1,-1,-1,-1,-1,True,,,0.0,0.0,no_entry,False,False,5,1,7d887372b1e0
2026-07-21,US.TSLA,SHORT,False,-1,-1,-1,-1,-1,-1,True,,,0.0,0.0,no_entry,False,False,5,1,7d887372b1e0
2026-07-22,US.AAPL,LONG,False,-1,-1,-1,-1,-1,-1,True,,,0.0,0.0,no_entry,False,False,5,1,7d887372b1e0
2026-07-22,US.AAPL,SHORT,False,-1,-1,-1,-1,-1,-1,True,,,0.0,0.0,no_entry,False,False,5,1,7d887372b1e0
2026-07-22,US.AMD,LONG,False,-1,-1,-1,-1,-1,-1,True,,,0.0,0.0,no_entry,False,False,5,1,7d887372b1e0
2026-07-22,US.AMD,SHORT,False,-1,-1,-1,-1,-1,-1,True,,,0.0,0.0,no_entry,False,False,5,1,7d887372b1e0
2026-07-22,US.IWM,LONG,False,-1,-1,-1,-1,-1,-1,True,,,0.0,0.0,no_entry,False,False,5,1,7d887372b1e0
2026-07-22,US.IWM,SHORT,False,-1,-1,-1,-1,-1,-1,True,,,0.0,0.0,no_entry,False,False,5,1,7d887372b1e0
2026-07-22,US.META,LONG,False,-1,-1,-1,-1,-1,-1,True,,,0.0,0.0,no_entry,False,False,5,1,7d887372b1e0
2026-07-22,US.META,SHORT,False,-1,-1,-1,-1,-1,-1,True,,,0.0,0.0,no_entry,False,False,5,1,7d887372b1e0
2026-07-22,US.MSFT,LONG,False,-1,-1,-1,-1,-1,-1,True,,,0.0,0.0,no_entry,False,False,5,1,7d887372b1e0
2026-07-22,US.MSFT,SHORT,False,-1,-1,-1,-1,-1,-1,True,,,0.0,0.0,no_entry,False,False,5,1,7d887372b1e0
2026-07-22,US.MU,LONG,False,-1,-1,-1,-1,-1,-1,True,,,0.0,0.0,no_entry,False,False,5,1,7d887372b1e0
2026-07-22,US.MU,SHORT,False,-1,-1,-1,-1,-1,-1,True,,,0.0,0.0,no_entry,False,False,5,1,7d887372b1e0
2026-07-22,US.NVDA,LONG,False,-1,-1,-1,-1,-1,-1,True,,,0.0,0.0,no_entry,False,False,5,1,7d887372b1e0
2026-07-22,US.NVDA,SHORT,False,-1,-1,-1,-1,-1,-1,True,,,0.0,0.0,no_entry,False,False,5,1,7d887372b1e0
2026-07-22,US.QQQ,LONG,False,-1,-1,-1,-1,-1,-1,True,,,0.0,0.0,no_entry,False,False,5,1,7d887372b1e0
2026-07-22,US.QQQ,SHORT,False,-1,-1,-1,-1,-1,-1,True,,,0.0,0.0,no_entry,False,False,5,1,7d887372b1e0
2026-07-22,US.SPY,LONG,False,-1,-1,-1,-1,-1,-1,True,,,0.0,0.0,no_entry,False,False,5,1,7d887372b1e0
2026-07-22,US.SPY,SHORT,False,-1,-1,-1,-1,-1,-1,True,,,0.0,0.0,no_entry,False,False,5,1,7d887372b1e0
2026-07-22,US.TSLA,LONG,False,-1,-1,-1,-1,-1,-1,True,,,0.0,0.0,no_entry,False,False,5,1,7d887372b1e0
2026-07-22,US.TSLA,SHORT,False,-1,-1,-1,-1,-1,-1,True,,,0.0,0.0,no_entry,False,False,5,1,7d887372b1e0
2026-07-23,US.AAPL,LONG,False,-1,-1,-1,-1,-1,-1,True,,,0.0,0.0,no_entry,False,False,5,1,7d887372b1e0
2026-07-23,US.AAPL,SHORT,False,-1,-1,-1,-1,-1,-1,True,,,0.0,0.0,no_entry,False,False,5,1,7d887372b1e0
2026-07-23,US.AMD,LONG,False,-1,-1,-1,-1,-1,-1,True,,,0.0,0.0,no_entry,False,False,5,1,7d887372b1e0
2026-07-23,US.AMD,SHORT,False,-1,-1,-1,-1,-1,-1,True,,,0.0,0.0,no_entry,False,False,5,1,7d887372b1e0
2026-07-23,US.IWM,LONG,False,-1,-1,-1,-1,-1,-1,True,,,0.0,0.0,no_entry,False,False,5,1,7d887372b1e0
2026-07-23,US.IWM,SHORT,False,-1,-1,-1,-1,-1,-1,True,,,0.0,0.0,no_entry,False,False,5,1,7d887372b1e0
2026-07-23,US.META,LONG,False,-1,-1,-1,-1,-1,-1,True,,,0.0,0.0,no_entry,False,False,5,1,7d887372b1e0
2026-07-23,US.META,SHORT,False,-1,-1,-1,-1,-1,-1,True,,,0.0,0.0,no_entry,False,False,5,1,7d887372b1e0
2026-07-23,US.MSFT,LONG,False,-1,-1,-1,-1,-1,-1,True,,,0.0,0.0,no_entry,False,False,5,1,7d887372b1e0
2026-07-23,US.MSFT,SHORT,False,-1,-1,-1,-1,-1,-1,True,,,0.0,0.0,no_entry,False,False,5,1,7d887372b1e0
2026-07-23,US.MU,LONG,False,-1,-1,-1,-1,-1,-1,True,,,0.0,0.0,no_entry,False,False,5,1,7d887372b1e0
2026-07-23,US.MU,SHORT,False,-1,-1,-1,-1,-1,-1,True,,,0.0,0.0,no_entry,False,False,5,1,7d887372b1e0
2026-07-23,US.NVDA,LONG,False,-1,-1,-1,-1,-1,-1,True,,,0.0,0.0,no_entry,False,False,5,1,7d887372b1e0
2026-07-23,US.NVDA,SHORT,False,-1,-1,-1,-1,-1,-1,True,,,0.0,0.0,no_entry,False,False,5,1,7d887372b1e0
2026-07-23,US.QQQ,LONG,False,-1,-1,-1,-1,-1,-1,True,,,0.0,0.0,no_entry,False,False,5,1,7d887372b1e0
2026-07-23,US.QQQ,SHORT,False,-1,-1,-1,-1,-1,-1,True,,,0.0,0.0,no_entry,False,False,5,1,7d887372b1e0
2026-07-23,US.SPY,LONG,False,-1,-1,-1,-1,-1,-1,True,,,0.0,0.0,no_entry,False,False,5,1,7d887372b1e0
2026-07-23,US.SPY,SHORT,False,-1,-1,-1,-1,-1,-1,True,,,0.0,0.0,no_entry,False,False,5,1,7d887372b1e0
2026-07-23,US.TSLA,LONG,False,-1,-1,-1,-1,-1,-1,True,,,0.0,0.0,no_entry,False,False,5,1,7d887372b1e0
2026-07-23,US.TSLA,SHORT,False,-1,-1,-1,-1,-1,-1,True,,,0.0,0.0,no_entry,False,False,5,1,7d887372b1e0
2026-07-24,US.AAPL,LONG,False,-1,-1,-1,-1,-1,-1,True,,,0.0,0.0,no_entry,False,False,5,1,7d887372b1e0
2026-07-24,US.AAPL,SHORT,False,-1,-1,-1,-1,-1,-1,True,,,0.0,0.0,no_entry,False,False,5,1,7d887372b1e0
2026-07-24,US.AMD,LONG,False,-1,-1,-1,-1,-1,-1,True,,,0.0,0.0,no_entry,False,False,5,1,7d887372b1e0
2026-07-24,US.AMD,SHORT,True,120,125,690,690,695,695,True,528.23,530.0,-1.7699999999999818,-0.003350813092781519,soft_failure_loss,False,False,5,1,7d887372b1e0
2026-07-24,US.IWM,LONG,False,-1,-1,-1,-1,-1,-1,True,,,0.0,0.0,no_entry,False,False,5,1,7d887372b1e0
2026-07-24,US.IWM,SHORT,False,-1,-1,-1,-1,-1,-1,True,,,0.0,0.0,no_entry,False,False,5,1,7d887372b1e0
2026-07-24,US.META,LONG,False,-1,-1,-1,-1,-1,-1,True,,,0.0,0.0,no_entry,False,False,5,1,7d887372b1e0
2026-07-24,US.META,SHORT,False,-1,-1,-1,-1,-1,-1,True,,,0.0,0.0,no_entry,False,False,5,1,7d887372b1e0
2026-07-24,US.MSFT,LONG,False,-1,-1,-1,-1,-1,-1,True,,,0.0,0.0,no_entry,False,False,5,1,7d887372b1e0
2026-07-24,US.MSFT,SHORT,False,-1,-1,-1,-1,-1,-1,True,,,0.0,0.0,no_entry,False,False,5,1,7d887372b1e0
2026-07-24,US.MU,LONG,False,-1,-1,-1,-1,-1,-1,True,,,0.0,0.0,no_entry,False,False,5,1,7d887372b1e0
2026-07-24,US.MU,SHORT,False,-1,-1,-1,-1,-1,-1,True,,,0.0,0.0,no_entry,False,False,5,1,7d887372b1e0
2026-07-24,US.NVDA,LONG,False,-1,-1,-1,-1,-1,-1,True,,,0.0,0.0,no_entry,False,False,5,1,7d887372b1e0
2026-07-24,US.NVDA,SHORT,False,-1,-1,-1,-1,-1,-1,True,,,0.0,0.0,no_entry,False,False,5,1,7d887372b1e0
2026-07-24,US.QQQ,LONG,False,-1,-1,-1,-1,-1,-1,True,,,0.0,0.0,no_entry,False,False,5,1,7d887372b1e0
2026-07-24,US.QQQ,SHORT,False,-1,-1,-1,-1,-1,-1,True,,,0.0,0.0,no_entry,False,False,5,1,7d887372b1e0
2026-07-24,US.SPY,LONG,False,-1,-1,-1,-1,-1,-1,True,,,0.0,0.0,no_entry,False,False,5,1,7d887372b1e0
2026-07-24,US.SPY,SHORT,True,75,80,645,645,650,650,True,737.89,738.535,-0.6449999999999818,-0.0008741140278361027,soft_failure_loss,False,False,5,1,7d887372b1e0
2026-07-24,US.TSLA,LONG,False,-1,-1,-1,-1,-1,-1,True,,,0.0,0.0,no_entry,False,False,5,1,7d887372b1e0
2026-07-24,US.TSLA,SHORT,False,-1,-1,-1,-1,-1,-1,True,,,0.0,0.0,no_entry,False,False,5,1,7d887372b1e0
2026-07-27,US.AAPL,LONG,False,-1,-1,-1,-1,-1,-1,True,,,0.0,0.0,no_entry,False,False,5,1,7d887372b1e0
2026-07-27,US.AAPL,SHORT,False,-1,-1,-1,-1,-1,-1,True,,,0.0,0.0,no_entry,False,False,5,1,7d887372b1e0
2026-07-27,US.AMD,LONG,False,-1,-1,-1,-1,-1,-1,True,,,0.0,0.0,no_entry,False,False,5,1,7d887372b1e0
2026-07-27,US.AMD,SHORT,False,-1,-1,-1,-1,-1,-1,True,,,0.0,0.0,no_entry,False,False,5,1,7d887372b1e0
2026-07-27,US.IWM,LONG,False,-1,-1,-1,-1,-1,-1,True,,,0.0,0.0,no_entry,False,False,5,1,7d887372b1e0
2026-07-27,US.IWM,SHORT,False,-1,-1,-1,-1,-1,-1,True,,,0.0,0.0,no_entry,False,False,5,1,7d887372b1e0
2026-07-27,US.META,LONG,False,-1,-1,-1,-1,-1,-1,True,,,0.0,0.0,no_entry,False,False,5,1,7d887372b1e0
2026-07-27,US.META,SHORT,False,-1,-1,-1,-1,-1,-1,True,,,0.0,0.0,no_entry,False,False,5,1,7d887372b1e0
2026-07-27,US.MSFT,LONG,False,-1,-1,-1,-1,-1,-1,True,,,0.0,0.0,no_entry,False,False,5,1,7d887372b1e0
2026-07-27,US.MSFT,SHORT,False,-1,-1,-1,-1,-1,-1,True,,,0.0,0.0,no_entry,False,False,5,1,7d887372b1e0
2026-07-27,US.MU,LONG,False,-1,-1,-1,-1,-1,-1,True,,,0.0,0.0,no_entry,False,False,5,1,7d887372b1e0
2026-07-27,US.MU,SHORT,False,-1,-1,-1,-1,-1,-1,True,,,0.0,0.0,no_entry,False,False,5,1,7d887372b1e0
2026-07-27,US.NVDA,LONG,False,-1,-1,-1,-1,-1,-1,True,,,0.0,0.0,no_entry,False,False,5,1,7d887372b1e0
2026-07-27,US.NVDA,SHORT,False,-1,-1,-1,-1,-1,-1,True,,,0.0,0.0,no_entry,False,False,5,1,7d887372b1e0
2026-07-27,US.QQQ,LONG,False,-1,-1,-1,-1,-1,-1,True,,,0.0,0.0,no_entry,False,False,5,1,7d887372b1e0
2026-07-27,US.QQQ,SHORT,False,-1,-1,-1,-1,-1,-1,True,,,0.0,0.0,no_entry,False,False,5,1,7d887372b1e0
2026-07-27,US.SPY,LONG,False,-1,-1,-1,-1,-1,-1,True,,,0.0,0.0,no_entry,False,False,5,1,7d887372b1e0
2026-07-27,US.SPY,SHORT,False,-1,-1,-1,-1,-1,-1,True,,,0.0,0.0,no_entry,False,False,5,1,7d887372b1e0
2026-07-27,US.TSLA,LONG,False,-1,-1,-1,-1,-1,-1,True,,,0.0,0.0,no_entry,False,False,5,1,7d887372b1e0
2026-07-27,US.TSLA,SHORT,False,-1,-1,-1,-1,-1,-1,True,,,0.0,0.0,no_entry,False,False,5,1,7d887372b1e0
2026-07-28,US.AAPL,LONG,False,-1,-1,-1,-1,-1,-1,True,,,0.0,0.0,no_entry,False,False,5,1,7d887372b1e0
2026-07-28,US.AAPL,SHORT,False,-1,-1,-1,-1,-1,-1,True,,,0.0,0.0,no_entry,False,False,5,1,7d887372b1e0
2026-07-28,US.AMD,LONG,False,-1,-1,-1,-1,-1,-1,True,,,0.0,0.0,no_entry,False,False,5,1,7d887372b1e0
2026-07-28,US.AMD,SHORT,False,-1,-1,-1,-1,-1,-1,True,,,0.0,0.0,no_entry,False,False,5,1,7d887372b1e0
2026-07-28,US.IWM,LONG,False,-1,-1,-1,-1,-1,-1,True,,,0.0,0.0,no_entry,False,False,5,1,7d887372b1e0
2026-07-28,US.IWM,SHORT,False,-1,-1,-1,-1,-1,-1,True,,,0.0,0.0,no_entry,False,False,5,1,7d887372b1e0
2026-07-28,US.META,LONG,False,-1,-1,-1,-1,-1,-1,True,,,0.0,0.0,no_entry,False,False,5,1,7d887372b1e0
2026-07-28,US.META,SHORT,False,-1,-1,-1,-1,-1,-1,True,,,0.0,0.0,no_entry,False,False,5,1,7d887372b1e0
2026-07-28,US.MSFT,LONG,False,-1,-1,-1,-1,-1,-1,True,,,0.0,0.0,no_entry,False,False,5,1,7d887372b1e0
2026-07-28,US.MSFT,SHORT,False,-1,-1,-1,-1,-1,-1,True,,,0.0,0.0,no_entry,False,False,5,1,7d887372b1e0
2026-07-28,US.MU,LONG,False,-1,-1,-1,-1,-1,-1,True,,,0.0,0.0,no_entry,False,False,5,1,7d887372b1e0
2026-07-28,US.MU,SHORT,False,-1,-1,-1,-1,-1,-1,True,,,0.0,0.0,no_entry,False,False,5,1,7d887372b1e0
2026-07-28,US.NVDA,LONG,False,-1,-1,-1,-1,-1,-1,True,,,0.0,0.0,no_entry,False,False,5,1,7d887372b1e0
2026-07-28,US.NVDA,SHORT,True,55,60,625,625,630,630,True,193.223788436,193.883050742,-0.659262305999988,-0.003411910672781112,soft_failure_loss,False,False,5,1,7d887372b1e0
2026-07-28,US.QQQ,LONG,False,-1,-1,-1,-1,-1,-1,True,,,0.0,0.0,no_entry,False,False,5,1,7d887372b1e0
2026-07-28,US.QQQ,SHORT,False,-1,-1,-1,-1,-1,-1,True,,,0.0,0.0,no_entry,False,False,5,1,7d887372b1e0
2026-07-28,US.SPY,LONG,False,-1,-1,-1,-1,-1,-1,True,,,0.0,0.0,no_entry,False,False,5,1,7d887372b1e0
2026-07-28,US.SPY,SHORT,False,-1,-1,-1,-1,-1,-1,True,,,0.0,0.0,no_entry,False,False,5,1,7d887372b1e0
2026-07-28,US.TSLA,LONG,False,-1,-1,-1,-1,-1,-1,True,,,0.0,0.0,no_entry,False,False,5,1,7d887372b1e0
2026-07-28,US.TSLA,SHORT,False,-1,-1,-1,-1,-1,-1,True,,,0.0,0.0,no_entry,False,False,5,1,7d887372b1e0
2026-07-29,US.AAPL,LONG,False,-1,-1,-1,-1,-1,-1,True,,,0.0,0.0,no_entry,False,False,5,1,7d887372b1e0
2026-07-29,US.AAPL,SHORT,False,-1,-1,-1,-1,-1,-1,True,,,0.0,0.0,no_entry,False,False,5,1,7d887372b1e0
2026-07-29,US.AMD,LONG,False,-1,-1,-1,-1,-1,-1,True,,,0.0,0.0,no_entry,False,False,5,1,7d887372b1e0
2026-07-29,US.AMD,SHORT,False,-1,-1,-1,-1,-1,-1,True,,,0.0,0.0,no_entry,False,False,5,1,7d887372b1e0
2026-07-29,US.IWM,LONG,False,-1,-1,-1,-1,-1,-1,True,,,0.0,0.0,no_entry,False,False,5,1,7d887372b1e0
2026-07-29,US.IWM,SHORT,False,-1,-1,-1,-1,-1,-1,True,,,0.0,0.0,no_entry,False,False,5,1,7d887372b1e0
2026-07-29,US.META,LONG,False,-1,-1,-1,-1,-1,-1,True,,,0.0,0.0,no_entry,False,False,5,1,7d887372b1e0
2026-07-29,US.META,SHORT,True,60,65,630,630,635,635,True,588.49,589.62,-1.1299999999999955,-0.0019201685670104766,soft_failure_loss,False,False,5,1,7d887372b1e0
2026-07-29,US.MSFT,LONG,False,-1,-1,-1,-1,-1,-1,True,,,0.0,0.0,no_entry,False,False,5,1,7d887372b1e0
2026-07-29,US.MSFT,SHORT,False,-1,-1,-1,-1,-1,-1,True,,,0.0,0.0,no_entry,False,False,5,1,7d887372b1e0
2026-07-29,US.MU,LONG,False,-1,-1,-1,-1,-1,-1,True,,,0.0,0.0,no_entry,False,False,5,1,7d887372b1e0
2026-07-29,US.MU,SHORT,False,-1,-1,-1,-1,-1,-1,True,,,0.0,0.0,no_entry,False,False,5,1,7d887372b1e0
2026-07-29,US.NVDA,LONG,False,-1,-1,-1,-1,-1,-1,True,,,0.0,0.0,no_entry,False,False,5,1,7d887372b1e0
2026-07-29,US.NVDA,SHORT,False,-1,-1,-1,-1,-1,-1,True,,,0.0,0.0,no_entry,False,False,5,1,7d887372b1e0
2026-07-29,US.QQQ,LONG,False,-1,-1,-1,-1,-1,-1,True,,,0.0,0.0,no_entry,False,False,5,1,7d887372b1e0
2026-07-29,US.QQQ,SHORT,False,-1,-1,-1,-1,-1,-1,True,,,0.0,0.0,no_entry,False,False,5,1,7d887372b1e0
2026-07-29,US.SPY,LONG,False,-1,-1,-1,-1,-1,-1,True,,,0.0,0.0,no_entry,False,False,5,1,7d887372b1e0
2026-07-29,US.SPY,SHORT,False,-1,-1,-1,-1,-1,-1,True,,,0.0,0.0,no_entry,False,False,5,1,7d887372b1e0
2026-07-29,US.TSLA,LONG,False,-1,-1,-1,-1,-1,-1,True,,,0.0,0.0,no_entry,False,False,5,1,7d887372b1e0
2026-07-29,US.TSLA,SHORT,False,-1,-1,-1,-1,-1,-1,True,,,0.0,0.0,no_entry,False,False,5,1,7d887372b1e0
2026-07-30,US.AAPL,LONG,False,-1,-1,-1,-1,-1,-1,True,,,0.0,0.0,no_entry,False,False,5,1,7d887372b1e0
2026-07-30,US.AAPL,SHORT,False,-1,-1,-1,-1,-1,-1,True,,,0.0,0.0,no_entry,False,False,5,1,7d887372b1e0
2026-07-30,US.AMD,LONG,True,140,145,710,710,715,715,True,484.02,483.93,-0.08999999999997499,-0.00018594272963921943,failed_followthrough,False,False,5,1,7d887372b1e0
2026-07-30,US.AMD,SHORT,False,-1,-1,-1,-1,-1,-1,True,,,0.0,0.0,no_entry,False,False,5,1,7d887372b1e0
2026-07-30,US.IWM,LONG,False,-1,-1,-1,-1,-1,-1,True,,,0.0,0.0,no_entry,False,False,5,1,7d887372b1e0
2026-07-30,US.IWM,SHORT,False,-1,-1,-1,-1,-1,-1,True,,,0.0,0.0,no_entry,False,False,5,1,7d887372b1e0
2026-07-30,US.META,LONG,False,-1,-1,-1,-1,-1,-1,True,,,0.0,0.0,no_entry,False,False,5,1,7d887372b1e0
2026-07-30,US.META,SHORT,False,-1,-1,-1,-1,-1,-1,True,,,0.0,0.0,no_entry,False,False,5,1,7d887372b1e0
2026-07-30,US.MSFT,LONG,False,-1,-1,-1,-1,-1,-1,True,,,0.0,0.0,no_entry,False,False,5,1,7d887372b1e0
2026-07-30,US.MSFT,SHORT,False,-1,-1,-1,-1,-1,-1,True,,,0.0,0.0,no_entry,False,False,5,1,7d887372b1e0
2026-07-30,US.MU,LONG,False,-1,-1,-1,-1,-1,-1,True,,,0.0,0.0,no_entry,False,False,5,1,7d887372b1e0
2026-07-30,US.MU,SHORT,False,-1,-1,-1,-1,-1,-1,True,,,0.0,0.0,no_entry,False,False,5,1,7d887372b1e0
2026-07-30,US.NVDA,LONG,False,-1,-1,-1,-1,-1,-1,True,,,0.0,0.0,no_entry,False,False,5,1,7d887372b1e0
2026-07-30,US.NVDA,SHORT,False,-1,-1,-1,-1,-1,-1,True,,,0.0,0.0,no_entry,False,False,5,1,7d887372b1e0
2026-07-30,US.QQQ,LONG,True,135,150,705,705,720,720,True,680.06,679.77,-0.2899999999999636,-0.000426432961797435,soft_failure_loss,False,False,5,1,7d887372b1e0
2026-07-30,US.QQQ,SHORT,False,-1,-1,-1,-1,-1,-1,True,,,0.0,0.0,no_entry,False,False,5,1,7d887372b1e0
2026-07-30,US.SPY,LONG,True,140,375,710,710,-1,945,True,737.08,741.8,4.719999999999914,0.006403646822597158,scheduled_flatten,True,False,5,1,7d887372b1e0
2026-07-30,US.SPY,SHORT,False,-1,-1,-1,-1,-1,-1,True,,,0.0,0.0,no_entry,False,False,5,1,7d887372b1e0
2026-07-30,US.TSLA,LONG,False,-1,-1,-1,-1,-1,-1,True,,,0.0,0.0,no_entry,False,False,5,1,7d887372b1e0
2026-07-30,US.TSLA,SHORT,False,-1,-1,-1,-1,-1,-1,True,,,0.0,0.0,no_entry,False,False,5,1,7d887372b1e0
2026-07-31,US.AAPL,LONG,False,-1,-1,-1,-1,-1,-1,True,,,0.0,0.0,no_entry,False,False,5,1,7d887372b1e0
2026-07-31,US.AAPL,SHORT,False,-1,-1,-1,-1,-1,-1,True,,,0.0,0.0,no_entry,False,False,5,1,7d887372b1e0
2026-07-31,US.AMD,LONG,False,-1,-1,-1,-1,-1,-1,True,,,0.0,0.0,no_entry,False,False,5,1,7d887372b1e0
2026-07-31,US.AMD,SHORT,False,-1,-1,-1,-1,-1,-1,True,,,0.0,0.0,no_entry,False,False,5,1,7d887372b1e0
2026-07-31,US.IWM,LONG,False,-1,-1,-1,-1,-1,-1,True,,,0.0,0.0,no_entry,False,False,5,1,7d887372b1e0
2026-07-31,US.IWM,SHORT,True,110,145,680,680,715,715,True,290.22,290.32,-0.0999999999999659,-0.0003445661911652053,failed_followthrough,False,False,5,1,7d887372b1e0
2026-07-31,US.META,LONG,False,-1,-1,-1,-1,-1,-1,True,,,0.0,0.0,no_entry,False,False,5,1,7d887372b1e0
2026-07-31,US.META,SHORT,False,-1,-1,-1,-1,-1,-1,True,,,0.0,0.0,no_entry,False,False,5,1,7d887372b1e0
2026-07-31,US.MSFT,LONG,False,-1,-1,-1,-1,-1,-1,True,,,0.0,0.0,no_entry,False,False,5,1,7d887372b1e0
2026-07-31,US.MSFT,SHORT,False,-1,-1,-1,-1,-1,-1,True,,,0.0,0.0,no_entry,False,False,5,1,7d887372b1e0
2026-07-31,US.MU,LONG,False,-1,-1,-1,-1,-1,-1,True,,,0.0,0.0,no_entry,False,False,5,1,7d887372b1e0
2026-07-31,US.MU,SHORT,False,-1,-1,-1,-1,-1,-1,True,,,0.0,0.0,no_entry,False,False,5,1,7d887372b1e0
2026-07-31,US.NVDA,LONG,False,-1,-1,-1,-1,-1,-1,True,,,0.0,0.0,no_entry,False,False,5,1,7d887372b1e0
2026-07-31,US.NVDA,SHORT,False,-1,-1,-1,-1,-1,-1,True,,,0.0,0.0,no_entry,False,False,5,1,7d887372b1e0
2026-07-31,US.QQQ,LONG,False,-1,-1,-1,-1,-1,-1,True,,,0.0,0.0,no_entry,False,False,5,1,7d887372b1e0
2026-07-31,US.QQQ,SHORT,False,-1,-1,-1,-1,-1,-1,True,,,0.0,0.0,no_entry,False,False,5,1,7d887372b1e0
2026-07-31,US.SPY,LONG,False,-1,-1,-1,-1,-1,-1,True,,,0.0,0.0,no_entry,False,False,5,1,7d887372b1e0
2026-07-31,US.SPY,SHORT,False,-1,-1,-1,-1,-1,-1,True,,,0.0,0.0,no_entry,False,False,5,1,7d887372b1e0
2026-07-31,US.TSLA,LONG,False,-1,-1,-1,-1,-1,-1,True,,,0.0,0.0,no_entry,False,False,5,1,7d887372b1e0
2026-07-31,US.TSLA,SHORT,False,-1,-1,-1,-1,-1,-1,True,,,0.0,0.0,no_entry,False,False,5,1,7d887372b1e0
2026-08-03,US.AAPL,LONG,False,-1,-1,-1,-1,-1,-1,True,,,0.0,0.0,no_entry,False,False,5,1,7d887372b1e0
2026-08-03,US.AAPL,SHORT,False,-1,-1,-1,-1,-1,-1,True,,,0.0,0.0,no_entry,False,False,5,1,7d887372b1e0
2026-08-03,US.AMD,LONG,False,-1,-1,-1,-1,-1,-1,True,,,0.0,0.0,no_entry,False,False,5,1,7d887372b1e0
2026-08-03,US.AMD,SHORT,False,-1,-1,-1,-1,-1,-1,True,,,0.0,0.0,no_entry,False,False,5,1,7d887372b1e0
2026-08-03,US.IWM,LONG,False,-1,-1,-1,-1,-1,-1,True,,,0.0,0.0,no_entry,False,False,5,1,7d887372b1e0
2026-08-03,US.IWM,SHORT,False,-1,-1,-1,-1,-1,-1,True,,,0.0,0.0,no_entry,False,False,5,1,7d887372b1e0
2026-08-03,US.META,LONG,False,-1,-1,-1,-1,-1,-1,True,,,0.0,0.0,no_entry,False,False,5,1,7d887372b1e0
2026-08-03,US.META,SHORT,False,-1,-1,-1,-1,-1,-1,True,,,0.0,0.0,no_entry,False,False,5,1,7d887372b1e0
2026-08-03,US.MSFT,LONG,False,-1,-1,-1,-1,-1,-1,True,,,0.0,0.0,no_entry,False,False,5,1,7d887372b1e0
2026-08-03,US.MSFT,SHORT,False,-1,-1,-1,-1,-1,-1,True,,,0.0,0.0,no_entry,False,False,5,1,7d887372b1e0
2026-08-03,US.MU,LONG,False,-1,-1,-1,-1,-1,-1,True,,,0.0,0.0,no_entry,False,False,5,1,7d887372b1e0
2026-08-03,US.MU,SHORT,False,-1,-1,-1,-1,-1,-1,True,,,0.0,0.0,no_entry,False,False,5,1,7d887372b1e0
2026-08-03,US.NVDA,LONG,False,-1,-1,-1,-1,-1,-1,True,,,0.0,0.0,no_entry,False,False,5,1,7d887372b1e0
2026-08-03,US.NVDA,SHORT,False,-1,-1,-1,-1,-1,-1,True,,,0.0,0.0,no_entry,False,False,5,1,7d887372b1e0
2026-08-03,US.QQQ,LONG,False,-1,-1,-1,-1,-1,-1,True,,,0.0,0.0,no_entry,False,False,5,1,7d887372b1e0
2026-08-03,US.QQQ,SHORT,False,-1,-1,-1,-1,-1,-1,True,,,0.0,0.0,no_entry,False,False,5,1,7d887372b1e0
2026-08-03,US.SPY,LONG,False,-1,-1,-1,-1,-1,-1,True,,,0.0,0.0,no_entry,False,False,5,1,7d887372b1e0
2026-08-03,US.SPY,SHORT,False,-1,-1,-1,-1,-1,-1,True,,,0.0,0.0,no_entry,False,False,5,1,7d887372b1e0
2026-08-03,US.TSLA,LONG,False,-1,-1,-1,-1,-1,-1,True,,,0.0,0.0,no_entry,False,False,5,1,7d887372b1e0
2026-08-03,US.TSLA,SHORT,False,-1,-1,-1,-1,-1,-1,True,,,0.0,0.0,no_entry,False,False,5,1,7d887372b1e0
2026-08-04,US.AAPL,LONG,False,-1,-1,-1,-1,-1,-1,True,,,0.0,0.0,no_entry,False,False,5,1,7d887372b1e0
2026-08-04,US.AAPL,SHORT,False,-1,-1,-1,-1,-1,-1,True,,,0.0,0.0,no_entry,False,False,5,1,7d887372b1e0
2026-08-04,US.AMD,LONG,False,-1,-1,-1,-1,-1,-1,True,,,0.0,0.0,no_entry,False,False,5,1,7d887372b1e0
2026-08-04,US.AMD,SHORT,False,-1,-1,-1,-1,-1,-1,True,,,0.0,0.0,no_entry,False,False,5,1,7d887372b1e0
2026-08-04,US.IWM,LONG,False,-1,-1,-1,-1,-1,-1,True,,,0.0,0.0,no_entry,False,False,5,1,7d887372b1e0
2026-08-04,US.IWM,SHORT,False,-1,-1,-1,-1,-1,-1,True,,,0.0,0.0,no_entry,False,False,5,1,7d887372b1e0
2026-08-04,US.META,LONG,False,-1,-1,-1,-1,-1,-1,True,,,0.0,0.0,no_entry,False,False,5,1,7d887372b1e0
2026-08-04,US.META,SHORT,False,-1,-1,-1,-1,-1,-1,True,,,0.0,0.0,no_entry,False,False,5,1,7d887372b1e0
2026-08-04,US.MSFT,LONG,False,-1,-1,-1,-1,-1,-1,True,,,0.0,0.0,no_entry,False,False,5,1,7d887372b1e0
2026-08-04,US.MSFT,SHORT,False,-1,-1,-1,-1,-1,-1,True,,,0.0,0.0,no_entry,False,False,5,1,7d887372b1e0
2026-08-04,US.MU,LONG,False,-1,-1,-1,-1,-1,-1,True,,,0.0,0.0,no_entry,False,False,5,1,7d887372b1e0
2026-08-04,US.MU,SHORT,False,-1,-1,-1,-1,-1,-1,True,,,0.0,0.0,no_entry,False,False,5,1,7d887372b1e0
2026-08-04,US.NVDA,LONG,False,-1,-1,-1,-1,-1,-1,True,,,0.0,0.0,no_entry,False,False,5,1,7d887372b1e0
2026-08-04,US.NVDA,SHORT,False,-1,-1,-1,-1,-1,-1,True,,,0.0,0.0,no_entry,False,False,5,1,7d887372b1e0
2026-08-04,US.QQQ,LONG,False,-1,-1,-1,-1,-1,-1,True,,,0.0,0.0,no_entry,False,False,5,1,7d887372b1e0
2026-08-04,US.QQQ,SHORT,False,-1,-1,-1,-1,-1,-1,True,,,0.0,0.0,no_entry,False,False,5,1,7d887372b1e0
2026-08-04,US.SPY,LONG,False,-1,-1,-1,-1,-1,-1,True,,,0.0,0.0,no_entry,False,False,5,1,7d887372b1e0
2026-08-04,US.SPY,SHORT,False,-1,-1,-1,-1,-1,-1,True,,,0.0,0.0,no_entry,False,False,5,1,7d887372b1e0
2026-08-04,US.TSLA,LONG,False,-1,-1,-1,-1,-1,-1,True,,,0.0,0.0,no_entry,False,False,5,1,7d887372b1e0
2026-08-04,US.TSLA,SHORT,False,-1,-1,-1,-1,-1,-1,True,,,0.0,0.0,no_entry,False,False,5,1,7d887372b1e0
2026-08-05,US.AAPL,LONG,False,-1,-1,-1,-1,-1,-1,True,,,0.0,0.0,no_entry,False,False,5,1,7d887372b1e0
2026-08-05,US.AAPL,SHORT,False,-1,-1,-1,-1,-1,-1,True,,,0.0,0.0,no_entry,False,False,5,1,7d887372b1e0
2026-08-05,US.AMD,LONG,False,-1,-1,-1,-1,-1,-1,True,,,0.0,0.0,no_entry,False,False,5,1,7d887372b1e0
2026-08-05,US.AMD,SHORT,False,-1,-1,-1,-1,-1,-1,True,,,0.0,0.0,no_entry,False,False,5,1,7d887372b1e0
2026-08-05,US.IWM,LONG,False,-1,-1,-1,-1,-1,-1,True,,,0.0,0.0,no_entry,False,False,5,1,7d887372b1e0
2026-08-05,US.IWM,SHORT,False,-1,-1,-1,-1,-1,-1,True,,,0.0,0.0,no_entry,False,False,5,1,7d887372b1e0
2026-08-05,US.META,LONG,False,-1,-1,-1,-1,-1,-1,True,,,0.0,0.0,no_entry,False,False,5,1,7d887372b1e0
2026-08-05,US.META,SHORT,False,-1,-1,-1,-1,-1,-1,True,,,0.0,0.0,no_entry,False,False,5,1,7d887372b1e0
2026-08-05,US.MSFT,LONG,False,-1,-1,-1,-1,-1,-1,True,,,0.0,0.0,no_entry,False,False,5,1,7d887372b1e0
2026-08-05,US.MSFT,SHORT,False,-1,-1,-1,-1,-1,-1,True,,,0.0,0.0,no_entry,False,False,5,1,7d887372b1e0
2026-08-05,US.MU,LONG,False,-1,-1,-1,-1,-1,-1,True,,,0.0,0.0,no_entry,False,False,5,1,7d887372b1e0
2026-08-05,US.MU,SHORT,False,-1,-1,-1,-1,-1,-1,True,,,0.0,0.0,no_entry,False,False,5,1,7d887372b1e0
2026-08-05,US.NVDA,LONG,False,-1,-1,-1,-1,-1,-1,True,,,0.0,0.0,no_entry,False,False,5,1,7d887372b1e0
2026-08-05,US.NVDA,SHORT,False,-1,-1,-1,-1,-1,-1,True,,,0.0,0.0,no_entry,False,False,5,1,7d887372b1e0
2026-08-05,US.QQQ,LONG,False,-1,-1,-1,-1,-1,-1,True,,,0.0,0.0,no_entry,False,False,5,1,7d887372b1e0
2026-08-05,US.QQQ,SHORT,False,-1,-1,-1,-1,-1,-1,True,,,0.0,0.0,no_entry,False,False,5,1,7d887372b1e0
2026-08-05,US.SPY,LONG,False,-1,-1,-1,-1,-1,-1,True,,,0.0,0.0,no_entry,False,False,5,1,7d887372b1e0
2026-08-05,US.SPY,SHORT,False,-1,-1,-1,-1,-1,-1,True,,,0.0,0.0,no_entry,False,False,5,1,7d887372b1e0
2026-08-05,US.TSLA,LONG,False,-1,-1,-1,-1,-1,-1,True,,,0.0,0.0,no_entry,False,False,5,1,7d887372b1e0
2026-08-05,US.TSLA,SHORT,False,-1,-1,-1,-1,-1,-1,True,,,0.0,0.0,no_entry,False,False,5,1,7d887372b1e0
2026-08-06,US.AAPL,LONG,False,-1,-1,-1,-1,-1,-1,True,,,0.0,0.0,no_entry,False,False,5,1,7d887372b1e0
2026-08-06,US.AAPL,SHORT,False,-1,-1,-1,-1,-1,-1,True,,,0.0,0.0,no_entry,False,False,5,1,7d887372b1e0
2026-08-06,US.AMD,LONG,False,-1,-1,-1,-1,-1,-1,True,,,0.0,0.0,no_entry,False,False,5,1,7d887372b1e0
2026-08-06,US.AMD,SHORT,False,-1,-1,-1,-1,-1,-1,True,,,0.0,0.0,no_entry,False,False,5,1,7d887372b1e0
2026-08-06,US.IWM,LONG,False,-1,-1,-1,-1,-1,-1,True,,,0.0,0.0,no_entry,False,False,5,1,7d887372b1e0
2026-08-06,US.IWM,SHORT,False,-1,-1,-1,-1,-1,-1,True,,,0.0,0.0,no_entry,False,False,5,1,7d887372b1e0
2026-08-06,US.META,LONG,False,-1,-1,-1,-1,-1,-1,True,,,0.0,0.0,no_entry,False,False,5,1,7d887372b1e0
2026-08-06,US.META,SHORT,False,-1,-1,-1,-1,-1,-1,True,,,0.0,0.0,no_entry,False,False,5,1,7d887372b1e0
2026-08-06,US.MSFT,LONG,False,-1,-1,-1,-1,-1,-1,True,,,0.0,0.0,no_entry,False,False,5,1,7d887372b1e0
2026-08-06,US.MSFT,SHORT,False,-1,-1,-1,-1,-1,-1,True,,,0.0,0.0,no_entry,False,False,5,1,7d887372b1e0
2026-08-06,US.MU,LONG,False,-1,-1,-1,-1,-1,-1,True,,,0.0,0.0,no_entry,False,False,5,1,7d887372b1e0
2026-08-06,US.MU,SHORT,False,-1,-1,-1,-1,-1,-1,True,,,0.0,0.0,no_entry,False,False,5,1,7d887372b1e0
2026-08-06,US.NVDA,LONG,False,-1,-1,-1,-1,-1,-1,True,,,0.0,0.0,no_entry,False,False,5,1,7d887372b1e0
2026-08-06,US.NVDA,SHORT,False,-1,-1,-1,-1,-1,-1,True,,,0.0,0.0,no_entry,False,False,5,1,7d887372b1e0
2026-08-06,US.QQQ,LONG,False,-1,-1,-1,-1,-1,-1,True,,,0.0,0.0,no_entry,False,False,5,1,7d887372b1e0
2026-08-06,US.QQQ,SHORT,False,-1,-1,-1,-1,-1,-1,True,,,0.0,0.0,no_entry,False,False,5,1,7d887372b1e0
2026-08-06,US.SPY,LONG,False,-1,-1,-1,-1,-1,-1,True,,,0.0,0.0,no_entry,False,False,5,1,7d887372b1e0
2026-08-06,US.SPY,SHORT,False,-1,-1,-1,-1,-1,-1,True,,,0.0,0.0,no_entry,False,False,5,1,7d887372b1e0
2026-08-06,US.TSLA,LONG,False,-1,-1,-1,-1,-1,-1,True,,,0.0,0.0,no_entry,False,False,5,1,7d887372b1e0
2026-08-06,US.TSLA,SHORT,False,-1,-1,-1,-1,-1,-1,True,,,0.0,0.0,no_entry,False,False,5,1,7d887372b1e0
2026-08-07,US.AAPL,LONG,False,-1,-1,-1,-1,-1,-1,True,,,0.0,0.0,no_entry,False,False,5,1,7d887372b1e0
2026-08-07,US.AAPL,SHORT,False,-1,-1,-1,-1,-1,-1,True,,,0.0,0.0,no_entry,False,False,5,1,7d887372b1e0
2026-08-07,US.AMD,LONG,False,-1,-1,-1,-1,-1,-1,True,,,0.0,0.0,no_entry,False,False,5,1,7d887372b1e0
2026-08-07,US.AMD,SHORT,False,-1,-1,-1,-1,-1,-1,True,,,0.0,0.0,no_entry,False,False,5,1,7d887372b1e0
2026-08-07,US.IWM,LONG,False,-1,-1,-1,-1,-1,-1,True,,,0.0,0.0,no_entry,False,False,5,1,7d887372b1e0
2026-08-07,US.IWM,SHORT,False,-1,-1,-1,-1,-1,-1,True,,,0.0,0.0,no_entry,False,False,5,1,7d887372b1e0
2026-08-07,US.META,LONG,False,-1,-1,-1,-1,-1,-1,True,,,0.0,0.0,no_entry,False,False,5,1,7d887372b1e0
2026-08-07,US.META,SHORT,False,-1,-1,-1,-1,-1,-1,True,,,0.0,0.0,no_entry,False,False,5,1,7d887372b1e0
2026-08-07,US.MSFT,LONG,False,-1,-1,-1,-1,-1,-1,True,,,0.0,0.0,no_entry,False,False,5,1,7d887372b1e0
2026-08-07,US.MSFT,SHORT,False,-1,-1,-1,-1,-1,-1,True,,,0.0,0.0,no_entry,False,False,5,1,7d887372b1e0
2026-08-07,US.MU,LONG,False,-1,-1,-1,-1,-1,-1,True,,,0.0,0.0,no_entry,False,False,5,1,7d887372b1e0
2026-08-07,US.MU,SHORT,False,-1,-1,-1,-1,-1,-1,True,,,0.0,0.0,no_entry,False,False,5,1,7d887372b1e0
2026-08-07,US.NVDA,LONG,False,-1,-1,-1,-1,-1,-1,True,,,0.0,0.0,no_entry,False,False,5,1,7d887372b1e0
2026-08-07,US.NVDA,SHORT,False,-1,-1,-1,-1,-1,-1,True,,,0.0,0.0,no_entry,False,False,5,1,7d887372b1e0
2026-08-07,US.QQQ,LONG,False,-1,-1,-1,-1,-1,-1,True,,,0.0,0.0,no_entry,False,False,5,1,7d887372b1e0
2026-08-07,US.QQQ,SHORT,False,-1,-1,-1,-1,-1,-1,True,,,0.0,0.0,no_entry,False,False,5,1,7d887372b1e0
2026-08-07,US.SPY,LONG,False,-1,-1,-1,-1,-1,-1,True,,,0.0,0.0,no_entry,False,False,5,1,7d887372b1e0
2026-08-07,US.SPY,SHORT,False,-1,-1,-1,-1,-1,-1,True,,,0.0,0.0,no_entry,False,False,5,1,7d887372b1e0
2026-08-07,US.TSLA,LONG,False,-1,-1,-1,-1,-1,-1,True,,,0.0,0.0,no_entry,False,False,5,1,7d887372b1e0
2026-08-07,US.TSLA,SHORT,False,-1,-1,-1,-1,-1,-1,True,,,0.0,0.0,no_entry,False,False,5,1,7d887372b1e0
2026-08-10,US.AAPL,LONG,False,-1,-1,-1,-1,-1,-1,True,,,0.0,0.0,no_entry,False,False,5,1,7d887372b1e0
2026-08-10,US.AAPL,SHORT,False,-1,-1,-1,-1,-1,-1,True,,,0.0,0.0,no_entry,False,False,5,1,7d887372b1e0
2026-08-10,US.AMD,LONG,False,-1,-1,-1,-1,-1,-1,True,,,0.0,0.0,no_entry,False,False,5,1,7d887372b1e0
2026-08-10,US.AMD,SHORT,False,-1,-1,-1,-1,-1,-1,True,,,0.0,0.0,no_entry,False,False,5,1,7d887372b1e0
2026-08-10,US.IWM,LONG,False,-1,-1,-1,-1,-1,-1,True,,,0.0,0.0,no_entry,False,False,5,1,7d887372b1e0
2026-08-10,US.IWM,SHORT,False,-1,-1,-1,-1,-1,-1,True,,,0.0,0.0,no_entry,False,False,5,1,7d887372b1e0
2026-08-10,US.META,LONG,False,-1,-1,-1,-1,-1,-1,True,,,0.0,0.0,no_entry,False,False,5,1,7d887372b1e0
2026-08-10,US.META,SHORT,False,-1,-1,-1,-1,-1,-1,True,,,0.0,0.0,no_entry,False,False,5,1,7d887372b1e0
2026-08-10,US.MSFT,LONG,False,-1,-1,-1,-1,-1,-1,True,,,0.0,0.0,no_entry,False,False,5,1,7d887372b1e0
2026-08-10,US.MSFT,SHORT,False,-1,-1,-1,-1,-1,-1,True,,,0.0,0.0,no_entry,False,False,5,1,7d887372b1e0
2026-08-10,US.MU,LONG,False,-1,-1,-1,-1,-1,-1,True,,,0.0,0.0,no_entry,False,False,5,1,7d887372b1e0
2026-08-10,US.MU,SHORT,False,-1,-1,-1,-1,-1,-1,True,,,0.0,0.0,no_entry,False,False,5,1,7d887372b1e0
2026-08-10,US.NVDA,LONG,False,-1,-1,-1,-1,-1,-1,True,,,0.0,0.0,no_entry,False,False,5,1,7d887372b1e0
2026-08-10,US.NVDA,SHORT,False,-1,-1,-1,-1,-1,-1,True,,,0.0,0.0,no_entry,False,False,5,1,7d887372b1e0
2026-08-10,US.QQQ,LONG,False,-1,-1,-1,-1,-1,-1,True,,,0.0,0.0,no_entry,False,False,5,1,7d887372b1e0
2026-08-10,US.QQQ,SHORT,False,-1,-1,-1,-1,-1,-1,True,,,0.0,0.0,no_entry,False,False,5,1,7d887372b1e0
2026-08-10,US.SPY,LONG,True,35,90,605,605,660,660,True,773.68,773.51,-0.16999999999995907,-0.0002197290869609646,failed_followthrough,False,False,5,1,7d887372b1e0
2026-08-10,US.SPY,SHORT,False,-1,-1,-1,-1,-1,-1,True,,,0.0,0.0,no_entry,False,False,5,1,7d887372b1e0
2026-08-10,US.TSLA,LONG,True,135,140,705,705,710,710,True,330.2075,329.96,-0.24750000000000227,-0.0007495287054352257,soft_failure_loss,False,False,5,1,7d887372b1e0
2026-08-10,US.TSLA,SHORT,False,-1,-1,-1,-1,-1,-1,True,,,0.0,0.0,no_entry,False,False,5,1,7d887372b1e0
2026-08-11,US.AAPL,LONG,False,-1,-1,-1,-1,-1,-1,True,,,0.0,0.0,no_entry,False,False,5,1,7d887372b1e0
2026-08-11,US.AAPL,SHORT,False,-1,-1,-1,-1,-1,-1,True,,,0.0,0.0,no_entry,False,False,5,1,7d887372b1e0
2026-08-11,US.AMD,LONG,False,-1,-1,-1,-1,-1,-1,True,,,0.0,0.0,no_entry,False,False,5,1,7d887372b1e0
2026-08-11,US.AMD,SHORT,False,-1,-1,-1,-1,-1,-1,True,,,0.0,0.0,no_entry,False,False,5,1,7d887372b1e0
2026-08-11,US.IWM,LONG,False,-1,-1,-1,-1,-1,-1,True,,,0.0,0.0,no_entry,False,False,5,1,7d887372b1e0
2026-08-11,US.IWM,SHORT,False,-1,-1,-1,-1,-1,-1,True,,,0.0,0.0,no_entry,False,False,5,1,7d887372b1e0
2026-08-11,US.META,LONG,False,-1,-1,-1,-1,-1,-1,True,,,0.0,0.0,no_entry,False,False,5,1,7d887372b1e0
2026-08-11,US.META,SHORT,False,-1,-1,-1,-1,-1,-1,True,,,0.0,0.0,no_entry,False,False,5,1,7d887372b1e0
2026-08-11,US.MSFT,LONG,False,-1,-1,-1,-1,-1,-1,True,,,0.0,0.0,no_entry,False,False,5,1,7d887372b1e0
2026-08-11,US.MSFT,SHORT,False,-1,-1,-1,-1,-1,-1,True,,,0.0,0.0,no_entry,False,False,5,1,7d887372b1e0
2026-08-11,US.MU,LONG,False,-1,-1,-1,-1,-1,-1,True,,,0.0,0.0,no_entry,False,False,5,1,7d887372b1e0
2026-08-11,US.MU,SHORT,False,-1,-1,-1,-1,-1,-1,True,,,0.0,0.0,no_entry,False,False,5,1,7d887372b1e0
2026-08-11,US.NVDA,LONG,False,-1,-1,-1,-1,-1,-1,True,,,0.0,0.0,no_entry,False,False,5,1,7d887372b1e0
2026-08-11,US.NVDA,SHORT,False,-1,-1,-1,-1,-1,-1,True,,,0.0,0.0,no_entry,False,False,5,1,7d887372b1e0
2026-08-11,US.QQQ,LONG,False,-1,-1,-1,-1,-1,-1,True,,,0.0,0.0,no_entry,False,False,5,1,7d887372b1e0
2026-08-11,US.QQQ,SHORT,False,-1,-1,-1,-1,-1,-1,True,,,0.0,0.0,no_entry,False,False,5,1,7d887372b1e0
2026-08-11,US.SPY,LONG,False,-1,-1,-1,-1,-1,-1,True,,,0.0,0.0,no_entry,False,False,5,1,7d887372b1e0
2026-08-11,US.SPY,SHORT,False,-1,-1,-1,-1,-1,-1,True,,,0.0,0.0,no_entry,False,False,5,1,7d887372b1e0
2026-08-11,US.TSLA,LONG,False,-1,-1,-1,-1,-1,-1,True,,,0.0,0.0,no_entry,False,False,5,1,7d887372b1e0
2026-08-11,US.TSLA,SHORT,False,-1,-1,-1,-1,-1,-1,True,,,0.0,0.0,no_entry,False,False,5,1,7d887372b1e0
2026-08-12,US.AAPL,LONG,False,-1,-1,-1,-1,-1,-1,True,,,0.0,0.0,no_entry,False,False,5,1,7d887372b1e0
2026-08-12,US.AAPL,SHORT,False,-1,-1,-1,-1,-1,-1,True,,,0.0,0.0,no_entry,False,False,5,1,7d887372b1e0
2026-08-12,US.AMD,LONG,False,-1,-1,-1,-1,-1,-1,True,,,0.0,0.0,no_entry,False,False,5,1,7d887372b1e0
2026-08-12,US.AMD,SHORT,False,-1,-1,-1,-1,-1,-1,True,,,0.0,0.0,no_entry,False,False,5,1,7d887372b1e0
2026-08-12,US.IWM,LONG,False,-1,-1,-1,-1,-1,-1,True,,,0.0,0.0,no_entry,False,False,5,1,7d887372b1e0
2026-08-12,US.IWM,SHORT,False,-1,-1,-1,-1,-1,-1,True,,,0.0,0.0,no_entry,False,False,5,1,7d887372b1e0
2026-08-12,US.META,LONG,False,-1,-1,-1,-1,-1,-1,True,,,0.0,0.0,no_entry,False,False,5,1,7d887372b1e0
2026-08-12,US.META,SHORT,False,-1,-1,-1,-1,-1,-1,True,,,0.0,0.0,no_entry,False,False,5,1,7d887372b1e0
2026-08-12,US.MSFT,LONG,False,-1,-1,-1,-1,-1,-1,True,,,0.0,0.0,no_entry,False,False,5,1,7d887372b1e0
2026-08-12,US.MSFT,SHORT,False,-1,-1,-1,-1,-1,-1,True,,,0.0,0.0,no_entry,False,False,5,1,7d887372b1e0
2026-08-12,US.MU,LONG,False,-1,-1,-1,-1,-1,-1,True,,,0.0,0.0,no_entry,False,False,5,1,7d887372b1e0
2026-08-12,US.MU,SHORT,False,-1,-1,-1,-1,-1,-1,True,,,0.0,0.0,no_entry,False,False,5,1,7d887372b1e0
2026-08-12,US.NVDA,LONG,True,35,375,605,605,-1,945,True,222.550972206,222.071508711,-0.4794634950000045,-0.0021543985642812576,scheduled_flatten,True,False,5,1,7d887372b1e0
2026-08-12,US.NVDA,SHORT,False,-1,-1,-1,-1,-1,-1,True,,,0.0,0.0,no_entry,False,False,5,1,7d887372b1e0
2026-08-12,US.QQQ,LONG,False,-1,-1,-1,-1,-1,-1,True,,,0.0,0.0,no_entry,False,False,5,1,7d887372b1e0
2026-08-12,US.QQQ,SHORT,True,115,120,685,685,690,690,True,723.71,724.25,-0.5399999999999636,-0.0007461552279227364,soft_failure_loss,False,False,5,1,7d887372b1e0
2026-08-12,US.SPY,LONG,False,-1,-1,-1,-1,-1,-1,True,,,0.0,0.0,no_entry,False,False,5,1,7d887372b1e0
2026-08-12,US.SPY,SHORT,True,65,70,635,635,640,640,True,772.06,772.7799,-0.7199000000000524,-0.0009324404839002829,soft_failure_loss,False,False,5,1,7d887372b1e0
2026-08-12,US.TSLA,LONG,False,-1,-1,-1,-1,-1,-1,True,,,0.0,0.0,no_entry,False,False,5,1,7d887372b1e0
2026-08-12,US.TSLA,SHORT,False,-1,-1,-1,-1,-1,-1,True,,,0.0,0.0,no_entry,False,False,5,1,7d887372b1e0
2026-08-13,US.AAPL,LONG,False,-1,-1,-1,-1,-1,-1,True,,,0.0,0.0,no_entry,False,False,5,1,7d887372b1e0
2026-08-13,US.AAPL,SHORT,False,-1,-1,-1,-1,-1,-1,True,,,0.0,0.0,no_entry,False,False,5,1,7d887372b1e0
2026-08-13,US.AMD,LONG,True,120,125,690,690,695,695,True,496.13,492.8,-3.329999999999984,-0.006711950496845553,soft_failure_loss,False,False,5,1,7d887372b1e0
2026-08-13,US.AMD,SHORT,False,-1,-1,-1,-1,-1,-1,True,,,0.0,0.0,no_entry,False,False,5,1,7d887372b1e0
2026-08-13,US.IWM,LONG,False,-1,-1,-1,-1,-1,-1,True,,,0.0,0.0,no_entry,False,False,5,1,7d887372b1e0
2026-08-13,US.IWM,SHORT,False,-1,-1,-1,-1,-1,-1,True,,,0.0,0.0,no_entry,False,False,5,1,7d887372b1e0
2026-08-13,US.META,LONG,False,-1,-1,-1,-1,-1,-1,True,,,0.0,0.0,no_entry,False,False,5,1,7d887372b1e0
2026-08-13,US.META,SHORT,False,-1,-1,-1,-1,-1,-1,True,,,0.0,0.0,no_entry,False,False,5,1,7d887372b1e0
2026-08-13,US.MSFT,LONG,False,-1,-1,-1,-1,-1,-1,True,,,0.0,0.0,no_entry,False,False,5,1,7d887372b1e0
2026-08-13,US.MSFT,SHORT,False,-1,-1,-1,-1,-1,-1,True,,,0.0,0.0,no_entry,False,False,5,1,7d887372b1e0
2026-08-13,US.MU,LONG,False,-1,-1,-1,-1,-1,-1,True,,,0.0,0.0,no_entry,False,False,5,1,7d887372b1e0
2026-08-13,US.MU,SHORT,False,-1,-1,-1,-1,-1,-1,True,,,0.0,0.0,no_entry,False,False,5,1,7d887372b1e0
2026-08-13,US.NVDA,LONG,False,-1,-1,-1,-1,-1,-1,True,,,0.0,0.0,no_entry,False,False,5,1,7d887372b1e0
2026-08-13,US.NVDA,SHORT,False,-1,-1,-1,-1,-1,-1,True,,,0.0,0.0,no_entry,False,False,5,1,7d887372b1e0
2026-08-13,US.QQQ,LONG,False,-1,-1,-1,-1,-1,-1,True,,,0.0,0.0,no_entry,False,False,5,1,7d887372b1e0
2026-08-13,US.QQQ,SHORT,False,-1,-1,-1,-1,-1,-1,True,,,0.0,0.0,no_entry,False,False,5,1,7d887372b1e0
2026-08-13,US.SPY,LONG,False,-1,-1,-1,-1,-1,-1,True,,,0.0,0.0,no_entry,False,False,5,1,7d887372b1e0
2026-08-13,US.SPY,SHORT,False,-1,-1,-1,-1,-1,-1,True,,,0.0,0.0,no_entry,False,False,5,1,7d887372b1e0
2026-08-13,US.TSLA,LONG,False,-1,-1,-1,-1,-1,-1,True,,,0.0,0.0,no_entry,False,False,5,1,7d887372b1e0
2026-08-13,US.TSLA,SHORT,False,-1,-1,-1,-1,-1,-1,True,,,0.0,0.0,no_entry,False,False,5,1,7d887372b1e0
2026-08-14,US.AAPL,LONG,False,-1,-1,-1,-1,-1,-1,True,,,0.0,0.0,no_entry,False,False,5,1,7d887372b1e0
2026-08-14,US.AAPL,SHORT,False,-1,-1,-1,-1,-1,-1,True,,,0.0,0.0,no_entry,False,False,5,1,7d887372b1e0
2026-08-14,US.AMD,LONG,False,-1,-1,-1,-1,-1,-1,True,,,0.0,0.0,no_entry,False,False,5,1,7d887372b1e0
2026-08-14,US.AMD,SHORT,False,-1,-1,-1,-1,-1,-1,True,,,0.0,0.0,no_entry,False,False,5,1,7d887372b1e0
2026-08-14,US.IWM,LONG,False,-1,-1,-1,-1,-1,-1,True,,,0.0,0.0,no_entry,False,False,5,1,7d887372b1e0
2026-08-14,US.IWM,SHORT,False,-1,-1,-1,-1,-1,-1,True,,,0.0,0.0,no_entry,False,False,5,1,7d887372b1e0
2026-08-14,US.META,LONG,False,-1,-1,-1,-1,-1,-1,True,,,0.0,0.0,no_entry,False,False,5,1,7d887372b1e0
2026-08-14,US.META,SHORT,False,-1,-1,-1,-1,-1,-1,True,,,0.0,0.0,no_entry,False,False,5,1,7d887372b1e0
2026-08-14,US.MSFT,LONG,False,-1,-1,-1,-1,-1,-1,True,,,0.0,0.0,no_entry,False,False,5,1,7d887372b1e0
2026-08-14,US.MSFT,SHORT,False,-1,-1,-1,-1,-1,-1,True,,,0.0,0.0,no_entry,False,False,5,1,7d887372b1e0
2026-08-14,US.MU,LONG,False,-1,-1,-1,-1,-1,-1,True,,,0.0,0.0,no_entry,False,False,5,1,7d887372b1e0
2026-08-14,US.MU,SHORT,False,-1,-1,-1,-1,-1,-1,True,,,0.0,0.0,no_entry,False,False,5,1,7d887372b1e0
2026-08-14,US.NVDA,LONG,False,-1,-1,-1,-1,-1,-1,True,,,0.0,0.0,no_entry,False,False,5,1,7d887372b1e0
2026-08-14,US.NVDA,SHORT,False,-1,-1,-1,-1,-1,-1,True,,,0.0,0.0,no_entry,False,False,5,1,7d887372b1e0
2026-08-14,US.QQQ,LONG,False,-1,-1,-1,-1,-1,-1,True,,,0.0,0.0,no_entry,False,False,5,1,7d887372b1e0
2026-08-14,US.QQQ,SHORT,False,-1,-1,-1,-1,-1,-1,True,,,0.0,0.0,no_entry,False,False,5,1,7d887372b1e0
2026-08-14,US.SPY,LONG,False,-1,-1,-1,-1,-1,-1,True,,,0.0,0.0,no_entry,False,False,5,1,7d887372b1e0
2026-08-14,US.SPY,SHORT,False,-1,-1,-1,-1,-1,-1,True,,,0.0,0.0,no_entry,False,False,5,1,7d887372b1e0
2026-08-14,US.TSLA,LONG,False,-1,-1,-1,-1,-1,-1,True,,,0.0,0.0,no_entry,False,False,5,1,7d887372b1e0
2026-08-14,US.TSLA,SHORT,False,-1,-1,-1,-1,-1,-1,True,,,0.0,0.0,no_entry,False,False,5,1,7d887372b1e0
2026-08-17,US.AAPL,LONG,False,-1,-1,-1,-1,-1,-1,True,,,0.0,0.0,no_entry,False,False,5,1,7d887372b1e0
2026-08-17,US.AAPL,SHORT,False,-1,-1,-1,-1,-1,-1,True,,,0.0,0.0,no_entry,False,False,5,1,7d887372b1e0
2026-08-17,US.AMD,LONG,False,-1,-1,-1,-1,-1,-1,True,,,0.0,0.0,no_entry,False,False,5,1,7d887372b1e0
2026-08-17,US.AMD,SHORT,False,-1,-1,-1,-1,-1,-1,True,,,0.0,0.0,no_entry,False,False,5,1,7d887372b1e0
2026-08-17,US.IWM,LONG,False,-1,-1,-1,-1,-1,-1,True,,,0.0,0.0,no_entry,False,False,5,1,7d887372b1e0
2026-08-17,US.IWM,SHORT,False,-1,-1,-1,-1,-1,-1,True,,,0.0,0.0,no_entry,False,False,5,1,7d887372b1e0
2026-08-17,US.META,LONG,False,-1,-1,-1,-1,-1,-1,True,,,0.0,0.0,no_entry,False,False,5,1,7d887372b1e0
2026-08-17,US.META,SHORT,False,-1,-1,-1,-1,-1,-1,True,,,0.0,0.0,no_entry,False,False,5,1,7d887372b1e0
2026-08-17,US.MSFT,LONG,False,-1,-1,-1,-1,-1,-1,True,,,0.0,0.0,no_entry,False,False,5,1,7d887372b1e0
2026-08-17,US.MSFT,SHORT,False,-1,-1,-1,-1,-1,-1,True,,,0.0,0.0,no_entry,False,False,5,1,7d887372b1e0
2026-08-17,US.MU,LONG,False,-1,-1,-1,-1,-1,-1,True,,,0.0,0.0,no_entry,False,False,5,1,7d887372b1e0
2026-08-17,US.MU,SHORT,False,-1,-1,-1,-1,-1,-1,True,,,0.0,0.0,no_entry,False,False,5,1,7d887372b1e0
2026-08-17,US.NVDA,LONG,False,-1,-1,-1,-1,-1,-1,True,,,0.0,0.0,no_entry,False,False,5,1,7d887372b1e0
2026-08-17,US.NVDA,SHORT,False,-1,-1,-1,-1,-1,-1,True,,,0.0,0.0,no_entry,False,False,5,1,7d887372b1e0
2026-08-17,US.QQQ,LONG,False,-1,-1,-1,-1,-1,-1,True,,,0.0,0.0,no_entry,False,False,5,1,7d887372b1e0
2026-08-17,US.QQQ,SHORT,False,-1,-1,-1,-1,-1,-1,True,,,0.0,0.0,no_entry,False,False,5,1,7d887372b1e0
2026-08-17,US.SPY,LONG,False,-1,-1,-1,-1,-1,-1,True,,,0.0,0.0,no_entry,False,False,5,1,7d887372b1e0
2026-08-17,US.SPY,SHORT,False,-1,-1,-1,-1,-1,-1,True,,,0.0,0.0,no_entry,False,False,5,1,7d887372b1e0
2026-08-17,US.TSLA,LONG,False,-1,-1,-1,-1,-1,-1,True,,,0.0,0.0,no_entry,False,False,5,1,7d887372b1e0
2026-08-17,US.TSLA,SHORT,False,-1,-1,-1,-1,-1,-1,True,,,0.0,0.0,no_entry,False,False,5,1,7d887372b1e0
2026-08-18,US.AAPL,LONG,False,-1,-1,-1,-1,-1,-1,True,,,0.0,0.0,no_entry,False,False,5,1,7d887372b1e0
2026-08-18,US.AAPL,SHORT,False,-1,-1,-1,-1,-1,-1,True,,,0.0,0.0,no_entry,False,False,5,1,7d887372b1e0
2026-08-18,US.AMD,LONG,False,-1,-1,-1,-1,-1,-1,True,,,0.0,0.0,no_entry,False,False,5,1,7d887372b1e0
2026-08-18,US.AMD,SHORT,False,-1,-1,-1,-1,-1,-1,True,,,0.0,0.0,no_entry,False,False,5,1,7d887372b1e0
2026-08-18,US.IWM,LONG,False,-1,-1,-1,-1,-1,-1,True,,,0.0,0.0,no_entry,False,False,5,1,7d887372b1e0
2026-08-18,US.IWM,SHORT,False,-1,-1,-1,-1,-1,-1,True,,,0.0,0.0,no_entry,False,False,5,1,7d887372b1e0
2026-08-18,US.META,LONG,False,-1,-1,-1,-1,-1,-1,True,,,0.0,0.0,no_entry,False,False,5,1,7d887372b1e0
2026-08-18,US.META,SHORT,False,-1,-1,-1,-1,-1,-1,True,,,0.0,0.0,no_entry,False,False,5,1,7d887372b1e0
2026-08-18,US.MSFT,LONG,False,-1,-1,-1,-1,-1,-1,True,,,0.0,0.0,no_entry,False,False,5,1,7d887372b1e0
2026-08-18,US.MSFT,SHORT,False,-1,-1,-1,-1,-1,-1,True,,,0.0,0.0,no_entry,False,False,5,1,7d887372b1e0
2026-08-18,US.MU,LONG,False,-1,-1,-1,-1,-1,-1,True,,,0.0,0.0,no_entry,False,False,5,1,7d887372b1e0
2026-08-18,US.MU,SHORT,False,-1,-1,-1,-1,-1,-1,True,,,0.0,0.0,no_entry,False,False,5,1,7d887372b1e0
2026-08-18,US.NVDA,LONG,False,-1,-1,-1,-1,-1,-1,True,,,0.0,0.0,no_entry,False,False,5,1,7d887372b1e0
2026-08-18,US.NVDA,SHORT,False,-1,-1,-1,-1,-1,-1,True,,,0.0,0.0,no_entry,False,False,5,1,7d887372b1e0
2026-08-18,US.QQQ,LONG,False,-1,-1,-1,-1,-1,-1,True,,,0.0,0.0,no_entry,False,False,5,1,7d887372b1e0
2026-08-18,US.QQQ,SHORT,True,50,55,620,620,625,625,True,718.47,719.03,-0.5599999999999454,-0.0007794340751874754,soft_failure_loss,False,False,5,1,7d887372b1e0
2026-08-18,US.SPY,LONG,False,-1,-1,-1,-1,-1,-1,True,,,0.0,0.0,no_entry,False,False,5,1,7d887372b1e0
2026-08-18,US.SPY,SHORT,False,-1,-1,-1,-1,-1,-1,True,,,0.0,0.0,no_entry,False,False,5,1,7d887372b1e0
2026-08-18,US.TSLA,LONG,False,-1,-1,-1,-1,-1,-1,True,,,0.0,0.0,no_entry,False,False,5,1,7d887372b1e0
2026-08-18,US.TSLA,SHORT,False,-1,-1,-1,-1,-1,-1,True,,,0.0,0.0,no_entry,False,False,5,1,7d887372b1e0
2026-08-19,US.AAPL,LONG,False,-1,-1,-1,-1,-1,-1,True,,,0.0,0.0,no_entry,False,False,5,1,7d887372b1e0
2026-08-19,US.AAPL,SHORT,False,-1,-1,-1,-1,-1,-1,True,,,0.0,0.0,no_entry,False,False,5,1,7d887372b1e0
2026-08-19,US.AMD,LONG,False,-1,-1,-1,-1,-1,-1,True,,,0.0,0.0,no_entry,False,False,5,1,7d887372b1e0
2026-08-19,US.AMD,SHORT,False,-1,-1,-1,-1,-1,-1,True,,,0.0,0.0,no_entry,False,False,5,1,7d887372b1e0
2026-08-19,US.IWM,LONG,False,-1,-1,-1,-1,-1,-1,True,,,0.0,0.0,no_entry,False,False,5,1,7d887372b1e0
2026-08-19,US.IWM,SHORT,False,-1,-1,-1,-1,-1,-1,True,,,0.0,0.0,no_entry,False,False,5,1,7d887372b1e0
2026-08-19,US.META,LONG,False,-1,-1,-1,-1,-1,-1,True,,,0.0,0.0,no_entry,False,False,5,1,7d887372b1e0
2026-08-19,US.META,SHORT,False,-1,-1,-1,-1,-1,-1,True,,,0.0,0.0,no_entry,False,False,5,1,7d887372b1e0
2026-08-19,US.MSFT,LONG,False,-1,-1,-1,-1,-1,-1,True,,,0.0,0.0,no_entry,False,False,5,1,7d887372b1e0
2026-08-19,US.MSFT,SHORT,False,-1,-1,-1,-1,-1,-1,True,,,0.0,0.0,no_entry,False,False,5,1,7d887372b1e0
2026-08-19,US.MU,LONG,False,-1,-1,-1,-1,-1,-1,True,,,0.0,0.0,no_entry,False,False,5,1,7d887372b1e0
2026-08-19,US.MU,SHORT,False,-1,-1,-1,-1,-1,-1,True,,,0.0,0.0,no_entry,False,False,5,1,7d887372b1e0
2026-08-19,US.NVDA,LONG,False,-1,-1,-1,-1,-1,-1,True,,,0.0,0.0,no_entry,False,False,5,1,7d887372b1e0
2026-08-19,US.NVDA,SHORT,False,-1,-1,-1,-1,-1,-1,True,,,0.0,0.0,no_entry,False,False,5,1,7d887372b1e0
2026-08-19,US.QQQ,LONG,False,-1,-1,-1,-1,-1,-1,True,,,0.0,0.0,no_entry,False,False,5,1,7d887372b1e0
2026-08-19,US.QQQ,SHORT,False,-1,-1,-1,-1,-1,-1,True,,,0.0,0.0,no_entry,False,False,5,1,7d887372b1e0
2026-08-19,US.SPY,LONG,False,-1,-1,-1,-1,-1,-1,True,,,0.0,0.0,no_entry,False,False,5,1,7d887372b1e0
2026-08-19,US.SPY,SHORT,False,-1,-1,-1,-1,-1,-1,True,,,0.0,0.0,no_entry,False,False,5,1,7d887372b1e0
2026-08-19,US.TSLA,LONG,False,-1,-1,-1,-1,-1,-1,True,,,0.0,0.0,no_entry,False,False,5,1,7d887372b1e0
2026-08-19,US.TSLA,SHORT,False,-1,-1,-1,-1,-1,-1,True,,,0.0,0.0,no_entry,False,False,5,1,7d887372b1e0
2026-08-20,US.AAPL,LONG,False,-1,-1,-1,-1,-1,-1,True,,,0.0,0.0,no_entry,False,False,5,1,7d887372b1e0
2026-08-20,US.AAPL,SHORT,False,-1,-1,-1,-1,-1,-1,True,,,0.0,0.0,no_entry,False,False,5,1,7d887372b1e0
2026-08-20,US.AMD,LONG,False,-1,-1,-1,-1,-1,-1,True,,,0.0,0.0,no_entry,False,False,5,1,7d887372b1e0
2026-08-20,US.AMD,SHORT,False,-1,-1,-1,-1,-1,-1,True,,,0.0,0.0,no_entry,False,False,5,1,7d887372b1e0
2026-08-20,US.IWM,LONG,False,-1,-1,-1,-1,-1,-1,True,,,0.0,0.0,no_entry,False,False,5,1,7d887372b1e0
2026-08-20,US.IWM,SHORT,False,-1,-1,-1,-1,-1,-1,True,,,0.0,0.0,no_entry,False,False,5,1,7d887372b1e0
2026-08-20,US.META,LONG,False,-1,-1,-1,-1,-1,-1,True,,,0.0,0.0,no_entry,False,False,5,1,7d887372b1e0
2026-08-20,US.META,SHORT,True,105,110,675,675,680,680,True,543.4251,543.91,-0.48489999999992506,-0.0008923032815376489,soft_failure_loss,False,False,5,1,7d887372b1e0
2026-08-20,US.MSFT,LONG,False,-1,-1,-1,-1,-1,-1,True,,,0.0,0.0,no_entry,False,False,5,1,7d887372b1e0
2026-08-20,US.MSFT,SHORT,False,-1,-1,-1,-1,-1,-1,True,,,0.0,0.0,no_entry,False,False,5,1,7d887372b1e0
2026-08-20,US.MU,LONG,False,-1,-1,-1,-1,-1,-1,True,,,0.0,0.0,no_entry,False,False,5,1,7d887372b1e0
2026-08-20,US.MU,SHORT,False,-1,-1,-1,-1,-1,-1,True,,,0.0,0.0,no_entry,False,False,5,1,7d887372b1e0
2026-08-20,US.NVDA,LONG,False,-1,-1,-1,-1,-1,-1,True,,,0.0,0.0,no_entry,False,False,5,1,7d887372b1e0
2026-08-20,US.NVDA,SHORT,False,-1,-1,-1,-1,-1,-1,True,,,0.0,0.0,no_entry,False,False,5,1,7d887372b1e0
2026-08-20,US.QQQ,LONG,False,-1,-1,-1,-1,-1,-1,True,,,0.0,0.0,no_entry,False,False,5,1,7d887372b1e0
2026-08-20,US.QQQ,SHORT,False,-1,-1,-1,-1,-1,-1,True,,,0.0,0.0,no_entry,False,False,5,1,7d887372b1e0
2026-08-20,US.SPY,LONG,False,-1,-1,-1,-1,-1,-1,True,,,0.0,0.0,no_entry,False,False,5,1,7d887372b1e0
2026-08-20,US.SPY,SHORT,False,-1,-1,-1,-1,-1,-1,True,,,0.0,0.0,no_entry,False,False,5,1,7d887372b1e0
2026-08-20,US.TSLA,LONG,False,-1,-1,-1,-1,-1,-1,True,,,0.0,0.0,no_entry,False,False,5,1,7d887372b1e0
2026-08-20,US.TSLA,SHORT,False,-1,-1,-1,-1,-1,-1,True,,,0.0,0.0,no_entry,False,False,5,1,7d887372b1e0
2026-08-21,US.AAPL,LONG,False,-1,-1,-1,-1,-1,-1,True,,,0.0,0.0,no_entry,False,False,5,1,7d887372b1e0
2026-08-21,US.AAPL,SHORT,False,-1,-1,-1,-1,-1,-1,True,,,0.0,0.0,no_entry,False,False,5,1,7d887372b1e0
2026-08-21,US.AMD,LONG,False,-1,-1,-1,-1,-1,-1,True,,,0.0,0.0,no_entry,False,False,5,1,7d887372b1e0
2026-08-21,US.AMD,SHORT,False,-1,-1,-1,-1,-1,-1,True,,,0.0,0.0,no_entry,False,False,5,1,7d887372b1e0
2026-08-21,US.IWM,LONG,False,-1,-1,-1,-1,-1,-1,True,,,0.0,0.0,no_entry,False,False,5,1,7d887372b1e0
2026-08-21,US.IWM,SHORT,False,-1,-1,-1,-1,-1,-1,True,,,0.0,0.0,no_entry,False,False,5,1,7d887372b1e0
2026-08-21,US.META,LONG,False,-1,-1,-1,-1,-1,-1,True,,,0.0,0.0,no_entry,False,False,5,1,7d887372b1e0
2026-08-21,US.META,SHORT,False,-1,-1,-1,-1,-1,-1,True,,,0.0,0.0,no_entry,False,False,5,1,7d887372b1e0
2026-08-21,US.MSFT,LONG,False,-1,-1,-1,-1,-1,-1,True,,,0.0,0.0,no_entry,False,False,5,1,7d887372b1e0
2026-08-21,US.MSFT,SHORT,False,-1,-1,-1,-1,-1,-1,True,,,0.0,0.0,no_entry,False,False,5,1,7d887372b1e0
2026-08-21,US.MU,LONG,False,-1,-1,-1,-1,-1,-1,True,,,0.0,0.0,no_entry,False,False,5,1,7d887372b1e0
2026-08-21,US.MU,SHORT,False,-1,-1,-1,-1,-1,-1,True,,,0.0,0.0,no_entry,False,False,5,1,7d887372b1e0
2026-08-21,US.NVDA,LONG,False,-1,-1,-1,-1,-1,-1,True,,,0.0,0.0,no_entry,False,False,5,1,7d887372b1e0
2026-08-21,US.NVDA,SHORT,True,140,145,710,710,715,715,True,215.758572696,216.327935596,-0.5693629000000158,-0.0026388888881010444,soft_failure_loss,False,False,5,1,7d887372b1e0
2026-08-21,US.QQQ,LONG,False,-1,-1,-1,-1,-1,-1,True,,,0.0,0.0,no_entry,False,False,5,1,7d887372b1e0
2026-08-21,US.QQQ,SHORT,False,-1,-1,-1,-1,-1,-1,True,,,0.0,0.0,no_entry,False,False,5,1,7d887372b1e0
2026-08-21,US.SPY,LONG,False,-1,-1,-1,-1,-1,-1,True,,,0.0,0.0,no_entry,False,False,5,1,7d887372b1e0
2026-08-21,US.SPY,SHORT,False,-1,-1,-1,-1,-1,-1,True,,,0.0,0.0,no_entry,False,False,5,1,7d887372b1e0
2026-08-21,US.TSLA,LONG,False,-1,-1,-1,-1,-1,-1,True,,,0.0,0.0,no_entry,False,False,5,1,7d887372b1e0
2026-08-21,US.TSLA,SHORT,False,-1,-1,-1,-1,-1,-1,True,,,0.0,0.0,no_entry,False,False,5,1,7d887372b1e0
2026-08-24,US.AAPL,LONG,False,-1,-1,-1,-1,-1,-1,True,,,0.0,0.0,no_entry,False,False,5,1,7d887372b1e0
2026-08-24,US.AAPL,SHORT,False,-1,-1,-1,-1,-1,-1,True,,,0.0,0.0,no_entry,False,False,5,1,7d887372b1e0
2026-08-24,US.AMD,LONG,False,-1,-1,-1,-1,-1,-1,True,,,0.0,0.0,no_entry,False,False,5,1,7d887372b1e0
2026-08-24,US.AMD,SHORT,False,-1,-1,-1,-1,-1,-1,True,,,0.0,0.0,no_entry,False,False,5,1,7d887372b1e0
2026-08-24,US.IWM,LONG,False,-1,-1,-1,-1,-1,-1,True,,,0.0,0.0,no_entry,False,False,5,1,7d887372b1e0
2026-08-24,US.IWM,SHORT,False,-1,-1,-1,-1,-1,-1,True,,,0.0,0.0,no_entry,False,False,5,1,7d887372b1e0
2026-08-24,US.META,LONG,False,-1,-1,-1,-1,-1,-1,True,,,0.0,0.0,no_entry,False,False,5,1,7d887372b1e0
2026-08-24,US.META,SHORT,False,-1,-1,-1,-1,-1,-1,True,,,0.0,0.0,no_entry,False,False,5,1,7d887372b1e0
2026-08-24,US.MSFT,LONG,False,-1,-1,-1,-1,-1,-1,True,,,0.0,0.0,no_entry,False,False,5,1,7d887372b1e0
2026-08-24,US.MSFT,SHORT,False,-1,-1,-1,-1,-1,-1,True,,,0.0,0.0,no_entry,False,False,5,1,7d887372b1e0
2026-08-24,US.MU,LONG,False,-1,-1,-1,-1,-1,-1,True,,,0.0,0.0,no_entry,False,False,5,1,7d887372b1e0
2026-08-24,US.MU,SHORT,False,-1,-1,-1,-1,-1,-1,True,,,0.0,0.0,no_entry,False,False,5,1,7d887372b1e0
2026-08-24,US.NVDA,LONG,False,-1,-1,-1,-1,-1,-1,True,,,0.0,0.0,no_entry,False,False,5,1,7d887372b1e0
2026-08-24,US.NVDA,SHORT,False,-1,-1,-1,-1,-1,-1,True,,,0.0,0.0,no_entry,False,False,5,1,7d887372b1e0
2026-08-24,US.QQQ,LONG,False,-1,-1,-1,-1,-1,-1,True,,,0.0,0.0,no_entry,False,False,5,1,7d887372b1e0
2026-08-24,US.QQQ,SHORT,False,-1,-1,-1,-1,-1,-1,True,,,0.0,0.0,no_entry,False,False,5,1,7d887372b1e0
2026-08-24,US.SPY,LONG,False,-1,-1,-1,-1,-1,-1,True,,,0.0,0.0,no_entry,False,False,5,1,7d887372b1e0
2026-08-24,US.SPY,SHORT,False,-1,-1,-1,-1,-1,-1,True,,,0.0,0.0,no_entry,False,False,5,1,7d887372b1e0
2026-08-24,US.TSLA,LONG,False,-1,-1,-1,-1,-1,-1,True,,,0.0,0.0,no_entry,False,False,5,1,7d887372b1e0
2026-08-24,US.TSLA,SHORT,False,-1,-1,-1,-1,-1,-1,True,,,0.0,0.0,no_entry,False,False,5,1,7d887372b1e0
2026-08-25,US.AAPL,LONG,False,-1,-1,-1,-1,-1,-1,True,,,0.0,0.0,no_entry,False,False,5,1,7d887372b1e0
2026-08-25,US.AAPL,SHORT,False,-1,-1,-1,-1,-1,-1,True,,,0.0,0.0,no_entry,False,False,5,1,7d887372b1e0
2026-08-25,US.AMD,LONG,False,-1,-1,-1,-1,-1,-1,True,,,0.0,0.0,no_entry,False,False,5,1,7d887372b1e0
2026-08-25,US.AMD,SHORT,False,-1,-1,-1,-1,-1,-1,True,,,0.0,0.0,no_entry,False,False,5,1,7d887372b1e0
2026-08-25,US.IWM,LONG,False,-1,-1,-1,-1,-1,-1,True,,,0.0,0.0,no_entry,False,False,5,1,7d887372b1e0
2026-08-25,US.IWM,SHORT,False,-1,-1,-1,-1,-1,-1,True,,,0.0,0.0,no_entry,False,False,5,1,7d887372b1e0
2026-08-25,US.META,LONG,False,-1,-1,-1,-1,-1,-1,True,,,0.0,0.0,no_entry,False,False,5,1,7d887372b1e0
2026-08-25,US.META,SHORT,False,-1,-1,-1,-1,-1,-1,True,,,0.0,0.0,no_entry,False,False,5,1,7d887372b1e0
2026-08-25,US.MSFT,LONG,False,-1,-1,-1,-1,-1,-1,True,,,0.0,0.0,no_entry,False,False,5,1,7d887372b1e0
2026-08-25,US.MSFT,SHORT,False,-1,-1,-1,-1,-1,-1,True,,,0.0,0.0,no_entry,False,False,5,1,7d887372b1e0
2026-08-25,US.MU,LONG,False,-1,-1,-1,-1,-1,-1,True,,,0.0,0.0,no_entry,False,False,5,1,7d887372b1e0
2026-08-25,US.MU,SHORT,False,-1,-1,-1,-1,-1,-1,True,,,0.0,0.0,no_entry,False,False,5,1,7d887372b1e0
2026-08-25,US.NVDA,LONG,False,-1,-1,-1,-1,-1,-1,True,,,0.0,0.0,no_entry,False,False,5,1,7d887372b1e0
2026-08-25,US.NVDA,SHORT,False,-1,-1,-1,-1,-1,-1,True,,,0.0,0.0,no_entry,False,False,5,1,7d887372b1e0
2026-08-25,US.QQQ,LONG,False,-1,-1,-1,-1,-1,-1,True,,,0.0,0.0,no_entry,False,False,5,1,7d887372b1e0
2026-08-25,US.QQQ,SHORT,False,-1,-1,-1,-1,-1,-1,True,,,0.0,0.0,no_entry,False,False,5,1,7d887372b1e0
2026-08-25,US.SPY,LONG,False,-1,-1,-1,-1,-1,-1,True,,,0.0,0.0,no_entry,False,False,5,1,7d887372b1e0
2026-08-25,US.SPY,SHORT,False,-1,-1,-1,-1,-1,-1,True,,,0.0,0.0,no_entry,False,False,5,1,7d887372b1e0
2026-08-25,US.TSLA,LONG,True,40,45,610,610,615,615,True,352.465,350.5145,-1.9504999999999768,-0.005533882796873383,soft_failure_loss,False,False,5,1,7d887372b1e0
2026-08-25,US.TSLA,SHORT,False,-1,-1,-1,-1,-1,-1,True,,,0.0,0.0,no_entry,False,False,5,1,7d887372b1e0
2026-08-26,US.AAPL,LONG,False,-1,-1,-1,-1,-1,-1,True,,,0.0,0.0,no_entry,False,False,5,1,7d887372b1e0
2026-08-26,US.AAPL,SHORT,False,-1,-1,-1,-1,-1,-1,True,,,0.0,0.0,no_entry,False,False,5,1,7d887372b1e0
2026-08-26,US.AMD,LONG,False,-1,-1,-1,-1,-1,-1,True,,,0.0,0.0,no_entry,False,False,5,1,7d887372b1e0
2026-08-26,US.AMD,SHORT,False,-1,-1,-1,-1,-1,-1,True,,,0.0,0.0,no_entry,False,False,5,1,7d887372b1e0
2026-08-26,US.IWM,LONG,False,-1,-1,-1,-1,-1,-1,True,,,0.0,0.0,no_entry,False,False,5,1,7d887372b1e0
2026-08-26,US.IWM,SHORT,False,-1,-1,-1,-1,-1,-1,True,,,0.0,0.0,no_entry,False,False,5,1,7d887372b1e0
2026-08-26,US.META,LONG,False,-1,-1,-1,-1,-1,-1,True,,,0.0,0.0,no_entry,False,False,5,1,7d887372b1e0
2026-08-26,US.META,SHORT,False,-1,-1,-1,-1,-1,-1,True,,,0.0,0.0,no_entry,False,False,5,1,7d887372b1e0
2026-08-26,US.MSFT,LONG,False,-1,-1,-1,-1,-1,-1,True,,,0.0,0.0,no_entry,False,False,5,1,7d887372b1e0
2026-08-26,US.MSFT,SHORT,False,-1,-1,-1,-1,-1,-1,True,,,0.0,0.0,no_entry,False,False,5,1,7d887372b1e0
2026-08-26,US.MU,LONG,False,-1,-1,-1,-1,-1,-1,True,,,0.0,0.0,no_entry,False,False,5,1,7d887372b1e0
2026-08-26,US.MU,SHORT,False,-1,-1,-1,-1,-1,-1,True,,,0.0,0.0,no_entry,False,False,5,1,7d887372b1e0
2026-08-26,US.NVDA,LONG,False,-1,-1,-1,-1,-1,-1,True,,,0.0,0.0,no_entry,False,False,5,1,7d887372b1e0
2026-08-26,US.NVDA,SHORT,False,-1,-1,-1,-1,-1,-1,True,,,0.0,0.0,no_entry,False,False,5,1,7d887372b1e0
2026-08-26,US.QQQ,LONG,False,-1,-1,-1,-1,-1,-1,True,,,0.0,0.0,no_entry,False,False,5,1,7d887372b1e0
2026-08-26,US.QQQ,SHORT,False,-1,-1,-1,-1,-1,-1,True,,,0.0,0.0,no_entry,False,False,5,1,7d887372b1e0
2026-08-26,US.SPY,LONG,False,-1,-1,-1,-1,-1,-1,True,,,0.0,0.0,no_entry,False,False,5,1,7d887372b1e0
2026-08-26,US.SPY,SHORT,False,-1,-1,-1,-1,-1,-1,True,,,0.0,0.0,no_entry,False,False,5,1,7d887372b1e0
2026-08-26,US.TSLA,LONG,False,-1,-1,-1,-1,-1,-1,True,,,0.0,0.0,no_entry,False,False,5,1,7d887372b1e0
2026-08-26,US.TSLA,SHORT,False,-1,-1,-1,-1,-1,-1,True,,,0.0,0.0,no_entry,False,False,5,1,7d887372b1e0
2026-08-27,US.AAPL,LONG,False,-1,-1,-1,-1,-1,-1,True,,,0.0,0.0,no_entry,False,False,5,1,7d887372b1e0
2026-08-27,US.AAPL,SHORT,False,-1,-1,-1,-1,-1,-1,True,,,0.0,0.0,no_entry,False,False,5,1,7d887372b1e0
2026-08-27,US.AMD,LONG,False,-1,-1,-1,-1,-1,-1,True,,,0.0,0.0,no_entry,False,False,5,1,7d887372b1e0
2026-08-27,US.AMD,SHORT,False,-1,-1,-1,-1,-1,-1,True,,,0.0,0.0,no_entry,False,False,5,1,7d887372b1e0
2026-08-27,US.IWM,LONG,False,-1,-1,-1,-1,-1,-1,True,,,0.0,0.0,no_entry,False,False,5,1,7d887372b1e0
2026-08-27,US.IWM,SHORT,False,-1,-1,-1,-1,-1,-1,True,,,0.0,0.0,no_entry,False,False,5,1,7d887372b1e0
2026-08-27,US.META,LONG,False,-1,-1,-1,-1,-1,-1,True,,,0.0,0.0,no_entry,False,False,5,1,7d887372b1e0
2026-08-27,US.META,SHORT,False,-1,-1,-1,-1,-1,-1,True,,,0.0,0.0,no_entry,False,False,5,1,7d887372b1e0
2026-08-27,US.MSFT,LONG,False,-1,-1,-1,-1,-1,-1,True,,,0.0,0.0,no_entry,False,False,5,1,7d887372b1e0
2026-08-27,US.MSFT,SHORT,False,-1,-1,-1,-1,-1,-1,True,,,0.0,0.0,no_entry,False,False,5,1,7d887372b1e0
2026-08-27,US.MU,LONG,False,-1,-1,-1,-1,-1,-1,True,,,0.0,0.0,no_entry,False,False,5,1,7d887372b1e0
2026-08-27,US.MU,SHORT,False,-1,-1,-1,-1,-1,-1,True,,,0.0,0.0,no_entry,False,False,5,1,7d887372b1e0
2026-08-27,US.NVDA,LONG,False,-1,-1,-1,-1,-1,-1,True,,,0.0,0.0,no_entry,False,False,5,1,7d887372b1e0
2026-08-27,US.NVDA,SHORT,False,-1,-1,-1,-1,-1,-1,True,,,0.0,0.0,no_entry,False,False,5,1,7d887372b1e0
2026-08-27,US.QQQ,LONG,False,-1,-1,-1,-1,-1,-1,True,,,0.0,0.0,no_entry,False,False,5,1,7d887372b1e0
2026-08-27,US.QQQ,SHORT,False,-1,-1,-1,-1,-1,-1,True,,,0.0,0.0,no_entry,False,False,5,1,7d887372b1e0
2026-08-27,US.SPY,LONG,False,-1,-1,-1,-1,-1,-1,True,,,0.0,0.0,no_entry,False,False,5,1,7d887372b1e0
2026-08-27,US.SPY,SHORT,False,-1,-1,-1,-1,-1,-1,True,,,0.0,0.0,no_entry,False,False,5,1,7d887372b1e0
2026-08-27,US.TSLA,LONG,False,-1,-1,-1,-1,-1,-1,True,,,0.0,0.0,no_entry,False,False,5,1,7d887372b1e0
2026-08-27,US.TSLA,SHORT,False,-1,-1,-1,-1,-1,-1,True,,,0.0,0.0,no_entry,False,False,5,1,7d887372b1e0
2026-08-28,US.AAPL,LONG,False,-1,-1,-1,-1,-1,-1,True,,,0.0,0.0,no_entry,False,False,5,1,7d887372b1e0
2026-08-28,US.AAPL,SHORT,False,-1,-1,-1,-1,-1,-1,True,,,0.0,0.0,no_entry,False,False,5,1,7d887372b1e0
2026-08-28,US.AMD,LONG,False,-1,-1,-1,-1,-1,-1,True,,,0.0,0.0,no_entry,False,False,5,1,7d887372b1e0
2026-08-28,US.AMD,SHORT,False,-1,-1,-1,-1,-1,-1,True,,,0.0,0.0,no_entry,False,False,5,1,7d887372b1e0
2026-08-28,US.IWM,LONG,False,-1,-1,-1,-1,-1,-1,True,,,0.0,0.0,no_entry,False,False,5,1,7d887372b1e0
2026-08-28,US.IWM,SHORT,False,-1,-1,-1,-1,-1,-1,True,,,0.0,0.0,no_entry,False,False,5,1,7d887372b1e0
2026-08-28,US.META,LONG,False,-1,-1,-1,-1,-1,-1,True,,,0.0,0.0,no_entry,False,False,5,1,7d887372b1e0
2026-08-28,US.META,SHORT,False,-1,-1,-1,-1,-1,-1,True,,,0.0,0.0,no_entry,False,False,5,1,7d887372b1e0
2026-08-28,US.MSFT,LONG,False,-1,-1,-1,-1,-1,-1,True,,,0.0,0.0,no_entry,False,False,5,1,7d887372b1e0
2026-08-28,US.MSFT,SHORT,False,-1,-1,-1,-1,-1,-1,True,,,0.0,0.0,no_entry,False,False,5,1,7d887372b1e0
2026-08-28,US.MU,LONG,False,-1,-1,-1,-1,-1,-1,True,,,0.0,0.0,no_entry,False,False,5,1,7d887372b1e0
2026-08-28,US.MU,SHORT,False,-1,-1,-1,-1,-1,-1,True,,,0.0,0.0,no_entry,False,False,5,1,7d887372b1e0
2026-08-28,US.NVDA,LONG,False,-1,-1,-1,-1,-1,-1,True,,,0.0,0.0,no_entry,False,False,5,1,7d887372b1e0
2026-08-28,US.NVDA,SHORT,False,-1,-1,-1,-1,-1,-1,True,,,0.0,0.0,no_entry,False,False,5,1,7d887372b1e0
2026-08-28,US.QQQ,LONG,False,-1,-1,-1,-1,-1,-1,True,,,0.0,0.0,no_entry,False,False,5,1,7d887372b1e0
2026-08-28,US.QQQ,SHORT,False,-1,-1,-1,-1,-1,-1,True,,,0.0,0.0,no_entry,False,False,5,1,7d887372b1e0
2026-08-28,US.SPY,LONG,False,-1,-1,-1,-1,-1,-1,True,,,0.0,0.0,no_entry,False,False,5,1,7d887372b1e0
2026-08-28,US.SPY,SHORT,False,-1,-1,-1,-1,-1,-1,True,,,0.0,0.0,no_entry,False,False,5,1,7d887372b1e0
2026-08-28,US.TSLA,LONG,False,-1,-1,-1,-1,-1,-1,True,,,0.0,0.0,no_entry,False,False,5,1,7d887372b1e0
2026-08-28,US.TSLA,SHORT,False,-1,-1,-1,-1,-1,-1,True,,,0.0,0.0,no_entry,False,False,5,1,7d887372b1e0
2026-08-31,US.AAPL,LONG,False,-1,-1,-1,-1,-1,-1,True,,,0.0,0.0,no_entry,False,False,5,1,7d887372b1e0
2026-08-31,US.AAPL,SHORT,False,-1,-1,-1,-1,-1,-1,True,,,0.0,0.0,no_entry,False,False,5,1,7d887372b1e0
2026-08-31,US.AMD,LONG,False,-1,-1,-1,-1,-1,-1,True,,,0.0,0.0,no_entry,False,False,5,1,7d887372b1e0
2026-08-31,US.AMD,SHORT,False,-1,-1,-1,-1,-1,-1,True,,,0.0,0.0,no_entry,False,False,5,1,7d887372b1e0
2026-08-31,US.IWM,LONG,False,-1,-1,-1,-1,-1,-1,True,,,0.0,0.0,no_entry,False,False,5,1,7d887372b1e0
2026-08-31,US.IWM,SHORT,False,-1,-1,-1,-1,-1,-1,True,,,0.0,0.0,no_entry,False,False,5,1,7d887372b1e0
2026-08-31,US.META,LONG,False,-1,-1,-1,-1,-1,-1,True,,,0.0,0.0,no_entry,False,False,5,1,7d887372b1e0
2026-08-31,US.META,SHORT,False,-1,-1,-1,-1,-1,-1,True,,,0.0,0.0,no_entry,False,False,5,1,7d887372b1e0
2026-08-31,US.MSFT,LONG,False,-1,-1,-1,-1,-1,-1,True,,,0.0,0.0,no_entry,False,False,5,1,7d887372b1e0
2026-08-31,US.MSFT,SHORT,False,-1,-1,-1,-1,-1,-1,True,,,0.0,0.0,no_entry,False,False,5,1,7d887372b1e0
2026-08-31,US.MU,LONG,False,-1,-1,-1,-1,-1,-1,True,,,0.0,0.0,no_entry,False,False,5,1,7d887372b1e0
2026-08-31,US.MU,SHORT,False,-1,-1,-1,-1,-1,-1,True,,,0.0,0.0,no_entry,False,False,5,1,7d887372b1e0
2026-08-31,US.NVDA,LONG,False,-1,-1,-1,-1,-1,-1,True,,,0.0,0.0,no_entry,False,False,5,1,7d887372b1e0
2026-08-31,US.NVDA,SHORT,False,-1,-1,-1,-1,-1,-1,True,,,0.0,0.0,no_entry,False,False,5,1,7d887372b1e0
2026-08-31,US.QQQ,LONG,False,-1,-1,-1,-1,-1,-1,True,,,0.0,0.0,no_entry,False,False,5,1,7d887372b1e0
2026-08-31,US.QQQ,SHORT,False,-1,-1,-1,-1,-1,-1,True,,,0.0,0.0,no_entry,False,False,5,1,7d887372b1e0
2026-08-31,US.SPY,LONG,False,-1,-1,-1,-1,-1,-1,True,,,0.0,0.0,no_entry,False,False,5,1,7d887372b1e0
2026-08-31,US.SPY,SHORT,False,-1,-1,-1,-1,-1,-1,True,,,0.0,0.0,no_entry,False,False,5,1,7d887372b1e0
2026-08-31,US.TSLA,LONG,False,-1,-1,-1,-1,-1,-1,True,,,0.0,0.0,no_entry,False,False,5,1,7d887372b1e0
2026-08-31,US.TSLA,SHORT,False,-1,-1,-1,-1,-1,-1,True,,,0.0,0.0,no_entry,False,False,5,1,7d887372b1e0
2026-09-01,US.AAPL,LONG,False,-1,-1,-1,-1,-1,-1,True,,,0.0,0.0,no_entry,False,False,5,1,7d887372b1e0
2026-09-01,US.AAPL,SHORT,False,-1,-1,-1,-1,-1,-1,True,,,0.0,0.0,no_entry,False,False,5,1,7d887372b1e0
2026-09-01,US.AMD,LONG,False,-1,-1,-1,-1,-1,-1,True,,,0.0,0.0,no_entry,False,False,5,1,7d887372b1e0
2026-09-01,US.AMD,SHORT,False,-1,-1,-1,-1,-1,-1,True,,,0.0,0.0,no_entry,False,False,5,1,7d887372b1e0
2026-09-01,US.IWM,LONG,False,-1,-1,-1,-1,-1,-1,True,,,0.0,0.0,no_entry,False,False,5,1,7d887372b1e0
2026-09-01,US.IWM,SHORT,False,-1,-1,-1,-1,-1,-1,True,,,0.0,0.0,no_entry,False,False,5,1,7d887372b1e0
2026-09-01,US.META,LONG,False,-1,-1,-1,-1,-1,-1,True,,,0.0,0.0,no_entry,False,False,5,1,7d887372b1e0
2026-09-01,US.META,SHORT,False,-1,-1,-1,-1,-1,-1,True,,,0.0,0.0,no_entry,False,False,5,1,7d887372b1e0
2026-09-01,US.MSFT,LONG,False,-1,-1,-1,-1,-1,-1,True,,,0.0,0.0,no_entry,False,False,5,1,7d887372b1e0
2026-09-01,US.MSFT,SHORT,False,-1,-1,-1,-1,-1,-1,True,,,0.0,0.0,no_entry,False,False,5,1,7d887372b1e0
2026-09-01,US.MU,LONG,False,-1,-1,-1,-1,-1,-1,True,,,0.0,0.0,no_entry,False,False,5,1,7d887372b1e0
2026-09-01,US.MU,SHORT,False,-1,-1,-1,-1,-1,-1,True,,,0.0,0.0,no_entry,False,False,5,1,7d887372b1e0
2026-09-01,US.NVDA,LONG,False,-1,-1,-1,-1,-1,-1,True,,,0.0,0.0,no_entry,False,False,5,1,7d887372b1e0
2026-09-01,US.NVDA,SHORT,False,-1,-1,-1,-1,-1,-1,True,,,0.0,0.0,no_entry,False,False,5,1,7d887372b1e0
2026-09-01,US.QQQ,LONG,False,-1,-1,-1,-1,-1,-1,True,,,0.0,0.0,no_entry,False,False,5,1,7d887372b1e0
2026-09-01,US.QQQ,SHORT,False,-1,-1,-1,-1,-1,-1,True,,,0.0,0.0,no_entry,False,False,5,1,7d887372b1e0
2026-09-01,US.SPY,LONG,False,-1,-1,-1,-1,-1,-1,True,,,0.0,0.0,no_entry,False,False,5,1,7d887372b1e0
2026-09-01,US.SPY,SHORT,False,-1,-1,-1,-1,-1,-1,True,,,0.0,0.0,no_entry,False,False,5,1,7d887372b1e0
2026-09-01,US.TSLA,LONG,False,-1,-1,-1,-1,-1,-1,True,,,0.0,0.0,no_entry,False,False,5,1,7d887372b1e0
2026-09-01,US.TSLA,SHORT,False,-1,-1,-1,-1,-1,-1,True,,,0.0,0.0,no_entry,False,False,5,1,7d887372b1e0
2026-09-02,US.AAPL,LONG,False,-1,-1,-1,-1,-1,-1,True,,,0.0,0.0,no_entry,False,False,5,1,7d887372b1e0
2026-09-02,US.AAPL,SHORT,False,-1,-1,-1,-1,-1,-1,True,,,0.0,0.0,no_entry,False,False,5,1,7d887372b1e0
2026-09-02,US.AMD,LONG,False,-1,-1,-1,-1,-1,-1,True,,,0.0,0.0,no_entry,False,False,5,1,7d887372b1e0
2026-09-02,US.AMD,SHORT,False,-1,-1,-1,-1,-1,-1,True,,,0.0,0.0,no_entry,False,False,5,1,7d887372b1e0
2026-09-02,US.IWM,LONG,False,-1,-1,-1,-1,-1,-1,True,,,0.0,0.0,no_entry,False,False,5,1,7d887372b1e0
2026-09-02,US.IWM,SHORT,False,-1,-1,-1,-1,-1,-1,True,,,0.0,0.0,no_entry,False,False,5,1,7d887372b1e0
2026-09-02,US.META,LONG,False,-1,-1,-1,-1,-1,-1,True,,,0.0,0.0,no_entry,False,False,5,1,7d887372b1e0
2026-09-02,US.META,SHORT,False,-1,-1,-1,-1,-1,-1,True,,,0.0,0.0,no_entry,False,False,5,1,7d887372b1e0
2026-09-02,US.MSFT,LONG,False,-1,-1,-1,-1,-1,-1,True,,,0.0,0.0,no_entry,False,False,5,1,7d887372b1e0
2026-09-02,US.MSFT,SHORT,False,-1,-1,-1,-1,-1,-1,True,,,0.0,0.0,no_entry,False,False,5,1,7d887372b1e0
2026-09-02,US.MU,LONG,False,-1,-1,-1,-1,-1,-1,True,,,0.0,0.0,no_entry,False,False,5,1,7d887372b1e0
2026-09-02,US.MU,SHORT,False,-1,-1,-1,-1,-1,-1,True,,,0.0,0.0,no_entry,False,False,5,1,7d887372b1e0
2026-09-02,US.NVDA,LONG,False,-1,-1,-1,-1,-1,-1,True,,,0.0,0.0,no_entry,False,False,5,1,7d887372b1e0
2026-09-02,US.NVDA,SHORT,False,-1,-1,-1,-1,-1,-1,True,,,0.0,0.0,no_entry,False,False,5,1,7d887372b1e0
2026-09-02,US.QQQ,LONG,False,-1,-1,-1,-1,-1,-1,True,,,0.0,0.0,no_entry,False,False,5,1,7d887372b1e0
2026-09-02,US.QQQ,SHORT,False,-1,-1,-1,-1,-1,-1,True,,,0.0,0.0,no_entry,False,False,5,1,7d887372b1e0
2026-09-02,US.SPY,LONG,False,-1,-1,-1,-1,-1,-1,True,,,0.0,0.0,no_entry,False,False,5,1,7d887372b1e0
2026-09-02,US.SPY,SHORT,False,-1,-1,-1,-1,-1,-1,True,,,0.0,0.0,no_entry,False,False,5,1,7d887372b1e0
2026-09-02,US.TSLA,LONG,False,-1,-1,-1,-1,-1,-1,True,,,0.0,0.0,no_entry,False,False,5,1,7d887372b1e0
2026-09-02,US.TSLA,SHORT,False,-1,-1,-1,-1,-1,-1,True,,,0.0,0.0,no_entry,False,False,5,1,7d887372b1e0
2026-09-03,US.AAPL,LONG,False,-1,-1,-1,-1,-1,-1,True,,,0.0,0.0,no_entry,False,False,5,1,7d887372b1e0
2026-09-03,US.AAPL,SHORT,False,-1,-1,-1,-1,-1,-1,True,,,0.0,0.0,no_entry,False,False,5,1,7d887372b1e0
2026-09-03,US.AMD,LONG,False,-1,-1,-1,-1,-1,-1,True,,,0.0,0.0,no_entry,False,False,5,1,7d887372b1e0
2026-09-03,US.AMD,SHORT,False,-1,-1,-1,-1,-1,-1,True,,,0.0,0.0,no_entry,False,False,5,1,7d887372b1e0
2026-09-03,US.IWM,LONG,False,-1,-1,-1,-1,-1,-1,True,,,0.0,0.0,no_entry,False,False,5,1,7d887372b1e0
2026-09-03,US.IWM,SHORT,False,-1,-1,-1,-1,-1,-1,True,,,0.0,0.0,no_entry,False,False,5,1,7d887372b1e0
2026-09-03,US.META,LONG,False,-1,-1,-1,-1,-1,-1,True,,,0.0,0.0,no_entry,False,False,5,1,7d887372b1e0
2026-09-03,US.META,SHORT,False,-1,-1,-1,-1,-1,-1,True,,,0.0,0.0,no_entry,False,False,5,1,7d887372b1e0
2026-09-03,US.MSFT,LONG,False,-1,-1,-1,-1,-1,-1,True,,,0.0,0.0,no_entry,False,False,5,1,7d887372b1e0
2026-09-03,US.MSFT,SHORT,False,-1,-1,-1,-1,-1,-1,True,,,0.0,0.0,no_entry,False,False,5,1,7d887372b1e0
2026-09-03,US.MU,LONG,False,-1,-1,-1,-1,-1,-1,True,,,0.0,0.0,no_entry,False,False,5,1,7d887372b1e0
2026-09-03,US.MU,SHORT,False,-1,-1,-1,-1,-1,-1,True,,,0.0,0.0,no_entry,False,False,5,1,7d887372b1e0
2026-09-03,US.NVDA,LONG,False,-1,-1,-1,-1,-1,-1,True,,,0.0,0.0,no_entry,False,False,5,1,7d887372b1e0
2026-09-03,US.NVDA,SHORT,False,-1,-1,-1,-1,-1,-1,True,,,0.0,0.0,no_entry,False,False,5,1,7d887372b1e0
2026-09-03,US.QQQ,LONG,False,-1,-1,-1,-1,-1,-1,True,,,0.0,0.0,no_entry,False,False,5,1,7d887372b1e0
2026-09-03,US.QQQ,SHORT,False,-1,-1,-1,-1,-1,-1,True,,,0.0,0.0,no_entry,False,False,5,1,7d887372b1e0
2026-09-03,US.SPY,LONG,False,-1,-1,-1,-1,-1,-1,True,,,0.0,0.0,no_entry,False,False,5,1,7d887372b1e0
2026-09-03,US.SPY,SHORT,False,-1,-1,-1,-1,-1,-1,True,,,0.0,0.0,no_entry,False,False,5,1,7d887372b1e0
2026-09-03,US.TSLA,LONG,False,-1,-1,-1,-1,-1,-1,True,,,0.0,0.0,no_entry,False,False,5,1,7d887372b1e0
2026-09-03,US.TSLA,SHORT,False,-1,-1,-1,-1,-1,-1,True,,,0.0,0.0,no_entry,False,False,5,1,7d887372b1e0
2026-09-04,US.AAPL,LONG,False,-1,-1,-1,-1,-1,-1,True,,,0.0,0.0,no_entry,False,False,5,1,7d887372b1e0
2026-09-04,US.AAPL,SHORT,False,-1,-1,-1,-1,-1,-1,True,,,0.0,0.0,no_entry,False,False,5,1,7d887372b1e0
2026-09-04,US.AMD,LONG,True,70,75,640,640,645,645,True,470.0978,468.53,-1.5678000000000338,-0.0033350507064700873,soft_failure_loss,False,False,5,1,7d887372b1e0
2026-09-04,US.AMD,SHORT,False,-1,-1,-1,-1,-1,-1,True,,,0.0,0.0,no_entry,False,False,5,1,7d887372b1e0
2026-09-04,US.IWM,LONG,False,-1,-1,-1,-1,-1,-1,True,,,0.0,0.0,no_entry,False,False,5,1,7d887372b1e0
2026-09-04,US.IWM,SHORT,False,-1,-1,-1,-1,-1,-1,True,,,0.0,0.0,no_entry,False,False,5,1,7d887372b1e0
2026-09-04,US.META,LONG,False,-1,-1,-1,-1,-1,-1,True,,,0.0,0.0,no_entry,False,False,5,1,7d887372b1e0
2026-09-04,US.META,SHORT,False,-1,-1,-1,-1,-1,-1,True,,,0.0,0.0,no_entry,False,False,5,1,7d887372b1e0
2026-09-04,US.MSFT,LONG,False,-1,-1,-1,-1,-1,-1,True,,,0.0,0.0,no_entry,False,False,5,1,7d887372b1e0
2026-09-04,US.MSFT,SHORT,False,-1,-1,-1,-1,-1,-1,True,,,0.0,0.0,no_entry,False,False,5,1,7d887372b1e0
2026-09-04,US.MU,LONG,False,-1,-1,-1,-1,-1,-1,True,,,0.0,0.0,no_entry,False,False,5,1,7d887372b1e0
2026-09-04,US.MU,SHORT,False,-1,-1,-1,-1,-1,-1,True,,,0.0,0.0,no_entry,False,False,5,1,7d887372b1e0
2026-09-04,US.NVDA,LONG,False,-1,-1,-1,-1,-1,-1,True,,,0.0,0.0,no_entry,False,False,5,1,7d887372b1e0
2026-09-04,US.NVDA,SHORT,False,-1,-1,-1,-1,-1,-1,True,,,0.0,0.0,no_entry,False,False,5,1,7d887372b1e0
2026-09-04,US.QQQ,LONG,False,-1,-1,-1,-1,-1,-1,True,,,0.0,0.0,no_entry,False,False,5,1,7d887372b1e0
2026-09-04,US.QQQ,SHORT,False,-1,-1,-1,-1,-1,-1,True,,,0.0,0.0,no_entry,False,False,5,1,7d887372b1e0
2026-09-04,US.SPY,LONG,False,-1,-1,-1,-1,-1,-1,True,,,0.0,0.0,no_entry,False,False,5,1,7d887372b1e0
2026-09-04,US.SPY,SHORT,False,-1,-1,-1,-1,-1,-1,True,,,0.0,0.0,no_entry,False,False,5,1,7d887372b1e0
2026-09-04,US.TSLA,LONG,False,-1,-1,-1,-1,-1,-1,True,,,0.0,0.0,no_entry,False,False,5,1,7d887372b1e0
2026-09-04,US.TSLA,SHORT,False,-1,-1,-1,-1,-1,-1,True,,,0.0,0.0,no_entry,False,False,5,1,7d887372b1e0
2026-09-08,US.AAPL,LONG,False,-1,-1,-1,-1,-1,-1,True,,,0.0,0.0,no_entry,False,False,5,1,7d887372b1e0
2026-09-08,US.AAPL,SHORT,False,-1,-1,-1,-1,-1,-1,True,,,0.0,0.0,no_entry,False,False,5,1,7d887372b1e0
2026-09-08,US.AMD,LONG,False,-1,-1,-1,-1,-1,-1,True,,,0.0,0.0,no_entry,False,False,5,1,7d887372b1e0
2026-09-08,US.AMD,SHORT,False,-1,-1,-1,-1,-1,-1,True,,,0.0,0.0,no_entry,False,False,5,1,7d887372b1e0
2026-09-08,US.IWM,LONG,False,-1,-1,-1,-1,-1,-1,True,,,0.0,0.0,no_entry,False,False,5,1,7d887372b1e0
2026-09-08,US.IWM,SHORT,False,-1,-1,-1,-1,-1,-1,True,,,0.0,0.0,no_entry,False,False,5,1,7d887372b1e0
2026-09-08,US.META,LONG,False,-1,-1,-1,-1,-1,-1,True,,,0.0,0.0,no_entry,False,False,5,1,7d887372b1e0
2026-09-08,US.META,SHORT,False,-1,-1,-1,-1,-1,-1,True,,,0.0,0.0,no_entry,False,False,5,1,7d887372b1e0
2026-09-08,US.MSFT,LONG,False,-1,-1,-1,-1,-1,-1,True,,,0.0,0.0,no_entry,False,False,5,1,7d887372b1e0
2026-09-08,US.MSFT,SHORT,False,-1,-1,-1,-1,-1,-1,True,,,0.0,0.0,no_entry,False,False,5,1,7d887372b1e0
2026-09-08,US.MU,LONG,False,-1,-1,-1,-1,-1,-1,True,,,0.0,0.0,no_entry,False,False,5,1,7d887372b1e0
2026-09-08,US.MU,SHORT,False,-1,-1,-1,-1,-1,-1,True,,,0.0,0.0,no_entry,False,False,5,1,7d887372b1e0
2026-09-08,US.NVDA,LONG,False,-1,-1,-1,-1,-1,-1,True,,,0.0,0.0,no_entry,False,False,5,1,7d887372b1e0
2026-09-08,US.NVDA,SHORT,False,-1,-1,-1,-1,-1,-1,True,,,0.0,0.0,no_entry,False,False,5,1,7d887372b1e0
2026-09-08,US.QQQ,LONG,False,-1,-1,-1,-1,-1,-1,True,,,0.0,0.0,no_entry,False,False,5,1,7d887372b1e0
2026-09-08,US.QQQ,SHORT,False,-1,-1,-1,-1,-1,-1,True,,,0.0,0.0,no_entry,False,False,5,1,7d887372b1e0
2026-09-08,US.SPY,LONG,False,-1,-1,-1,-1,-1,-1,True,,,0.0,0.0,no_entry,False,False,5,1,7d887372b1e0
2026-09-08,US.SPY,SHORT,False,-1,-1,-1,-1,-1,-1,True,,,0.0,0.0,no_entry,False,False,5,1,7d887372b1e0
2026-09-08,US.TSLA,LONG,False,-1,-1,-1,-1,-1,-1,True,,,0.0,0.0,no_entry,False,False,5,1,7d887372b1e0
2026-09-08,US.TSLA,SHORT,False,-1,-1,-1,-1,-1,-1,True,,,0.0,0.0,no_entry,False,False,5,1,7d887372b1e0
2026-09-09,US.AAPL,LONG,False,-1,-1,-1,-1,-1,-1,True,,,0.0,0.0,no_entry,False,False,5,1,7d887372b1e0
2026-09-09,US.AAPL,SHORT,False,-1,-1,-1,-1,-1,-1,True,,,0.0,0.0,no_entry,False,False,5,1,7d887372b1e0
2026-09-09,US.AMD,LONG,True,125,375,695,695,-1,945,True,520.69,519.64,-1.0500000000000682,-0.0020165549559240012,scheduled_flatten,True,False,5,1,7d887372b1e0
2026-09-09,US.AMD,SHORT,False,-1,-1,-1,-1,-1,-1,True,,,0.0,0.0,no_entry,False,False,5,1,7d887372b1e0
2026-09-09,US.IWM,LONG,False,-1,-1,-1,-1,-1,-1,True,,,0.0,0.0,no_entry,False,False,5,1,7d887372b1e0
2026-09-09,US.IWM,SHORT,False,-1,-1,-1,-1,-1,-1,True,,,0.0,0.0,no_entry,False,False,5,1,7d887372b1e0
2026-09-09,US.META,LONG,False,-1,-1,-1,-1,-1,-1,True,,,0.0,0.0,no_entry,False,False,5,1,7d887372b1e0
2026-09-09,US.META,SHORT,False,-1,-1,-1,-1,-1,-1,True,,,0.0,0.0,no_entry,False,False,5,1,7d887372b1e0
2026-09-09,US.MSFT,LONG,False,-1,-1,-1,-1,-1,-1,True,,,0.0,0.0,no_entry,False,False,5,1,7d887372b1e0
2026-09-09,US.MSFT,SHORT,False,-1,-1,-1,-1,-1,-1,True,,,0.0,0.0,no_entry,False,False,5,1,7d887372b1e0
2026-09-09,US.MU,LONG,True,130,135,700,700,705,705,True,1024.270591,1022.82,-1.4505909999999176,-0.001416218539071496,soft_failure_loss,False,False,5,1,7d887372b1e0
2026-09-09,US.MU,SHORT,False,-1,-1,-1,-1,-1,-1,True,,,0.0,0.0,no_entry,False,False,5,1,7d887372b1e0
2026-09-09,US.NVDA,LONG,False,-1,-1,-1,-1,-1,-1,True,,,0.0,0.0,no_entry,False,False,5,1,7d887372b1e0
2026-09-09,US.NVDA,SHORT,False,-1,-1,-1,-1,-1,-1,True,,,0.0,0.0,no_entry,False,False,5,1,7d887372b1e0
2026-09-09,US.QQQ,LONG,False,-1,-1,-1,-1,-1,-1,True,,,0.0,0.0,no_entry,False,False,5,1,7d887372b1e0
2026-09-09,US.QQQ,SHORT,False,-1,-1,-1,-1,-1,-1,True,,,0.0,0.0,no_entry,False,False,5,1,7d887372b1e0
2026-09-09,US.SPY,LONG,False,-1,-1,-1,-1,-1,-1,True,,,0.0,0.0,no_entry,False,False,5,1,7d887372b1e0
2026-09-09,US.SPY,SHORT,False,-1,-1,-1,-1,-1,-1,True,,,0.0,0.0,no_entry,False,False,5,1,7d887372b1e0
2026-09-09,US.TSLA,LONG,False,-1,-1,-1,-1,-1,-1,True,,,0.0,0.0,no_entry,False,False,5,1,7d887372b1e0
2026-09-09,US.TSLA,SHORT,False,-1,-1,-1,-1,-1,-1,True,,,0.0,0.0,no_entry,False,False,5,1,7d887372b1e0
2026-09-10,US.AAPL,LONG,False,-1,-1,-1,-1,-1,-1,True,,,0.0,0.0,no_entry,False,False,5,1,7d887372b1e0
2026-09-10,US.AAPL,SHORT,False,-1,-1,-1,-1,-1,-1,True,,,0.0,0.0,no_entry,False,False,5,1,7d887372b1e0
2026-09-10,US.AMD,LONG,False,-1,-1,-1,-1,-1,-1,True,,,0.0,0.0,no_entry,False,False,5,1,7d887372b1e0
2026-09-10,US.AMD,SHORT,False,-1,-1,-1,-1,-1,-1,True,,,0.0,0.0,no_entry,False,False,5,1,7d887372b1e0
2026-09-10,US.IWM,LONG,False,-1,-1,-1,-1,-1,-1,True,,,0.0,0.0,no_entry,False,False,5,1,7d887372b1e0
2026-09-10,US.IWM,SHORT,False,-1,-1,-1,-1,-1,-1,True,,,0.0,0.0,no_entry,False,False,5,1,7d887372b1e0
2026-09-10,US.META,LONG,False,-1,-1,-1,-1,-1,-1,True,,,0.0,0.0,no_entry,False,False,5,1,7d887372b1e0
2026-09-10,US.META,SHORT,False,-1,-1,-1,-1,-1,-1,True,,,0.0,0.0,no_entry,False,False,5,1,7d887372b1e0
2026-09-10,US.MSFT,LONG,False,-1,-1,-1,-1,-1,-1,True,,,0.0,0.0,no_entry,False,False,5,1,7d887372b1e0
2026-09-10,US.MSFT,SHORT,False,-1,-1,-1,-1,-1,-1,True,,,0.0,0.0,no_entry,False,False,5,1,7d887372b1e0
2026-09-10,US.MU,LONG,False,-1,-1,-1,-1,-1,-1,True,,,0.0,0.0,no_entry,False,False,5,1,7d887372b1e0
2026-09-10,US.MU,SHORT,False,-1,-1,-1,-1,-1,-1,True,,,0.0,0.0,no_entry,False,False,5,1,7d887372b1e0
2026-09-10,US.NVDA,LONG,False,-1,-1,-1,-1,-1,-1,True,,,0.0,0.0,no_entry,False,False,5,1,7d887372b1e0
2026-09-10,US.NVDA,SHORT,False,-1,-1,-1,-1,-1,-1,True,,,0.0,0.0,no_entry,False,False,5,1,7d887372b1e0
2026-09-10,US.QQQ,LONG,False,-1,-1,-1,-1,-1,-1,True,,,0.0,0.0,no_entry,False,False,5,1,7d887372b1e0
2026-09-10,US.QQQ,SHORT,False,-1,-1,-1,-1,-1,-1,True,,,0.0,0.0,no_entry,False,False,5,1,7d887372b1e0
2026-09-10,US.SPY,LONG,False,-1,-1,-1,-1,-1,-1,True,,,0.0,0.0,no_entry,False,False,5,1,7d887372b1e0
2026-09-10,US.SPY,SHORT,False,-1,-1,-1,-1,-1,-1,True,,,0.0,0.0,no_entry,False,False,5,1,7d887372b1e0
2026-09-10,US.TSLA,LONG,False,-1,-1,-1,-1,-1,-1,True,,,0.0,0.0,no_entry,False,False,5,1,7d887372b1e0
2026-09-10,US.TSLA,SHORT,False,-1,-1,-1,-1,-1,-1,True,,,0.0,0.0,no_entry,False,False,5,1,7d887372b1e0
2026-09-11,US.AAPL,LONG,False,-1,-1,-1,-1,-1,-1,True,,,0.0,0.0,no_entry,False,False,5,1,7d887372b1e0
2026-09-11,US.AAPL,SHORT,False,-1,-1,-1,-1,-1,-1,True,,,0.0,0.0,no_entry,False,False,5,1,7d887372b1e0
2026-09-11,US.AMD,LONG,True,45,375,615,615,-1,945,True,513.32,515.57,2.25,0.004383230733265799,scheduled_flatten,True,False,5,1,7d887372b1e0
2026-09-11,US.AMD,SHORT,False,-1,-1,-1,-1,-1,-1,True,,,0.0,0.0,no_entry,False,False,5,1,7d887372b1e0
2026-09-11,US.IWM,LONG,False,-1,-1,-1,-1,-1,-1,True,,,0.0,0.0,no_entry,False,False,5,1,7d887372b1e0
2026-09-11,US.IWM,SHORT,False,-1,-1,-1,-1,-1,-1,True,,,0.0,0.0,no_entry,False,False,5,1,7d887372b1e0
2026-09-11,US.META,LONG,False,-1,-1,-1,-1,-1,-1,True,,,0.0,0.0,no_entry,False,False,5,1,7d887372b1e0
2026-09-11,US.META,SHORT,False,-1,-1,-1,-1,-1,-1,True,,,0.0,0.0,no_entry,False,False,5,1,7d887372b1e0
2026-09-11,US.MSFT,LONG,False,-1,-1,-1,-1,-1,-1,True,,,0.0,0.0,no_entry,False,False,5,1,7d887372b1e0
2026-09-11,US.MSFT,SHORT,False,-1,-1,-1,-1,-1,-1,True,,,0.0,0.0,no_entry,False,False,5,1,7d887372b1e0
2026-09-11,US.MU,LONG,False,-1,-1,-1,-1,-1,-1,True,,,0.0,0.0,no_entry,False,False,5,1,7d887372b1e0
2026-09-11,US.MU,SHORT,False,-1,-1,-1,-1,-1,-1,True,,,0.0,0.0,no_entry,False,False,5,1,7d887372b1e0
2026-09-11,US.NVDA,LONG,False,-1,-1,-1,-1,-1,-1,True,,,0.0,0.0,no_entry,False,False,5,1,7d887372b1e0
2026-09-11,US.NVDA,SHORT,False,-1,-1,-1,-1,-1,-1,True,,,0.0,0.0,no_entry,False,False,5,1,7d887372b1e0
2026-09-11,US.QQQ,LONG,False,-1,-1,-1,-1,-1,-1,True,,,0.0,0.0,no_entry,False,False,5,1,7d887372b1e0
2026-09-11,US.QQQ,SHORT,False,-1,-1,-1,-1,-1,-1,True,,,0.0,0.0,no_entry,False,False,5,1,7d887372b1e0
2026-09-11,US.SPY,LONG,False,-1,-1,-1,-1,-1,-1,True,,,0.0,0.0,no_entry,False,False,5,1,7d887372b1e0
2026-09-11,US.SPY,SHORT,False,-1,-1,-1,-1,-1,-1,True,,,0.0,0.0,no_entry,False,False,5,1,7d887372b1e0
2026-09-11,US.TSLA,LONG,False,-1,-1,-1,-1,-1,-1,True,,,0.0,0.0,no_entry,False,False,5,1,7d887372b1e0
2026-09-11,US.TSLA,SHORT,False,-1,-1,-1,-1,-1,-1,True,,,0.0,0.0,no_entry,False,False,5,1,7d887372b1e0
