date,symbol,direction,traded,entry_index,exit_index,entry_signal_close_minute,entry_minute,exit_signal_close_minute,exit_minute,exit_time_exact,entry_price,exit_price,pnl_points,gross_return,exit_reason,eod_flatten,unclosed,signal_minutes,execution_minutes,rule_id
2026-05-14,US.AAPL,LONG,False,-1,-1,-1,-1,-1,-1,True,,,0.0,0.0,no_entry,False,False,5,1,2c3b43c6ad50
2026-05-14,US.AAPL,SHORT,False,-1,-1,-1,-1,-1,-1,True,,,0.0,0.0,no_entry,False,False,5,1,2c3b43c6ad50
2026-05-14,US.AMD,LONG,True,195,220,765,765,790,790,True,448.5,446.87,-1.6299999999999955,-0.0036343366778149285,failed_followthrough,False,False,5,1,2c3b43c6ad50
2026-05-14,US.AMD,SHORT,False,-1,-1,-1,-1,-1,-1,True,,,0.0,0.0,no_entry,False,False,5,1,2c3b43c6ad50
2026-05-14,US.IWM,LONG,False,-1,-1,-1,-1,-1,-1,True,,,0.0,0.0,no_entry,False,False,5,1,2c3b43c6ad50
2026-05-14,US.IWM,SHORT,False,-1,-1,-1,-1,-1,-1,True,,,0.0,0.0,no_entry,False,False,5,1,2c3b43c6ad50
2026-05-14,US.META,LONG,False,-1,-1,-1,-1,-1,-1,True,,,0.0,0.0,no_entry,False,False,5,1,2c3b43c6ad50
2026-05-14,US.META,SHORT,False,-1,-1,-1,-1,-1,-1,True,,,0.0,0.0,no_entry,False,False,5,1,2c3b43c6ad50
2026-05-14,US.MSFT,LONG,False,-1,-1,-1,-1,-1,-1,True,,,0.0,0.0,no_entry,False,False,5,1,2c3b43c6ad50
2026-05-14,US.MSFT,SHORT,False,-1,-1,-1,-1,-1,-1,True,,,0.0,0.0,no_entry,False,False,5,1,2c3b43c6ad50
2026-05-14,US.MU,LONG,False,-1,-1,-1,-1,-1,-1,True,,,0.0,0.0,no_entry,False,False,5,1,2c3b43c6ad50
2026-05-14,US.MU,SHORT,False,-1,-1,-1,-1,-1,-1,True,,,0.0,0.0,no_entry,False,False,5,1,2c3b43c6ad50
2026-05-14,US.NVDA,LONG,False,-1,-1,-1,-1,-1,-1,True,,,0.0,0.0,no_entry,False,False,5,1,2c3b43c6ad50
2026-05-14,US.NVDA,SHORT,False,-1,-1,-1,-1,-1,-1,True,,,0.0,0.0,no_entry,False,False,5,1,2c3b43c6ad50
2026-05-14,US.QQQ,LONG,True,65,330,635,635,900,900,True,717.640882953,719.478861914,1.8379789610000898,0.0025611402648035362,trailing,False,False,5,1,2c3b43c6ad50
2026-05-14,US.QQQ,SHORT,False,-1,-1,-1,-1,-1,-1,True,,,0.0,0.0,no_entry,False,False,5,1,2c3b43c6ad50
2026-05-14,US.SPY,LONG,False,-1,-1,-1,-1,-1,-1,True,,,0.0,0.0,no_entry,False,False,5,1,2c3b43c6ad50
2026-05-14,US.SPY,SHORT,False,-1,-1,-1,-1,-1,-1,True,,,0.0,0.0,no_entry,False,False,5,1,2c3b43c6ad50
2026-05-14,US.TSLA,LONG,False,-1,-1,-1,-1,-1,-1,True,,,0.0,0.0,no_entry,False,False,5,1,2c3b43c6ad50
2026-05-14,US.TSLA,SHORT,True,60,65,630,630,635,635,True,442.26,443.05,-0.7900000000000205,-0.0017862795640573882,failed_followthrough,False,False,5,1,2c3b43c6ad50
2026-05-15,US.AAPL,LONG,False,-1,-1,-1,-1,-1,-1,True,,,0.0,0.0,no_entry,False,False,5,1,2c3b43c6ad50
2026-05-15,US.AAPL,SHORT,False,-1,-1,-1,-1,-1,-1,True,,,0.0,0.0,no_entry,False,False,5,1,2c3b43c6ad50
2026-05-15,US.AMD,LONG,False,-1,-1,-1,-1,-1,-1,True,,,0.0,0.0,no_entry,False,False,5,1,2c3b43c6ad50
2026-05-15,US.AMD,SHORT,False,-1,-1,-1,-1,-1,-1,True,,,0.0,0.0,no_entry,False,False,5,1,2c3b43c6ad50
2026-05-15,US.IWM,LONG,False,-1,-1,-1,-1,-1,-1,True,,,0.0,0.0,no_entry,False,False,5,1,2c3b43c6ad50
2026-05-15,US.IWM,SHORT,False,-1,-1,-1,-1,-1,-1,True,,,0.0,0.0,no_entry,False,False,5,1,2c3b43c6ad50
2026-05-15,US.META,LONG,False,-1,-1,-1,-1,-1,-1,True,,,0.0,0.0,no_entry,False,False,5,1,2c3b43c6ad50
2026-05-15,US.META,SHORT,False,-1,-1,-1,-1,-1,-1,True,,,0.0,0.0,no_entry,False,False,5,1,2c3b43c6ad50
2026-05-15,US.MSFT,LONG,False,-1,-1,-1,-1,-1,-1,True,,,0.0,0.0,no_entry,False,False,5,1,2c3b43c6ad50
2026-05-15,US.MSFT,SHORT,False,-1,-1,-1,-1,-1,-1,True,,,0.0,0.0,no_entry,False,False,5,1,2c3b43c6ad50
2026-05-15,US.MU,LONG,False,-1,-1,-1,-1,-1,-1,True,,,0.0,0.0,no_entry,False,False,5,1,2c3b43c6ad50
2026-05-15,US.MU,SHORT,False,-1,-1,-1,-1,-1,-1,True,,,0.0,0.0,no_entry,False,False,5,1,2c3b43c6ad50
2026-05-15,US.NVDA,LONG,False,-1,-1,-1,-1,-1,-1,True,,,0.0,0.0,no_entry,False,False,5,1,2c3b43c6ad50
2026-05-15,US.NVDA,SHORT,False,-1,-1,-1,-1,-1,-1,True,,,0.0,0.0,no_entry,False,False,5,1,2c3b43c6ad50
2026-05-15,US.QQQ,LONG,False,-1,-1,-1,-1,-1,-1,True,,,0.0,0.0,no_entry,False,False,5,1,2c3b43c6ad50
2026-05-15,US.QQQ,SHORT,False,-1,-1,-1,-1,-1,-1,True,,,0.0,0.0,no_entry,False,False,5,1,2c3b43c6ad50
2026-05-15,US.SPY,LONG,False,-1,-1,-1,-1,-1,-1,True,,,0.0,0.0,no_entry,False,False,5,1,2c3b43c6ad50
2026-05-15,US.SPY,SHORT,False,-1,-1,-1,-1,-1,-1,True,,,0.0,0.0,no_entry,False,False,5,1,2c3b43c6ad50
2026-05-15,US.TSLA,LONG,False,-1,-1,-1,-1,-1,-1,True,,,0.0,0.0,no_entry,False,False,5,1,2c3b43c6ad50
2026-05-15,US.TSLA,SHORT,False,-1,-1,-1,-1,-1,-1,True,,,0.0,0.0,no_entry,False,False,5,1,2c3b43c6ad50
2026-05-18,US.AAPL,LONG,False,-1,-1,-1,-1,-1,-1,True,,,0.0,0.0,no_entry,False,False,5,1,2c3b43c6ad50
2026-05-18,US.AAPL,SHORT,False,-1,-1,-1,-1,-1,-1,True,,,0.0,0.0,no_entry,False,False,5,1,2c3b43c6ad50
2026-05-18,US.AMD,LONG,False,-1,-1,-1,-1,-1,-1,True,,,0.0,0.0,no_entry,False,False,5,1,2c3b43c6ad50
2026-05-18,US.AMD,SHORT,False,-1,-1,-1,-1,-1,-1,True,,,0.0,0.0,no_entry,False,False,5,1,2c3b43c6ad50
2026-05-18,US.IWM,LONG,False,-1,-1,-1,-1,-1,-1,True,,,0.0,0.0,no_entry,False,False,5,1,2c3b43c6ad50
2026-05-18,US.IWM,SHORT,False,-1,-1,-1,-1,-1,-1,True,,,0.0,0.0,no_entry,False,False,5,1,2c3b43c6ad50
2026-05-18,US.META,LONG,True,210,330,780,780,900,900,True,609.225359461,606.947470647,-2.2778888139999935,-0.0037389921128944963,trailing,False,False,5,1,2c3b43c6ad50
2026-05-18,US.META,SHORT,False,-1,-1,-1,-1,-1,-1,True,,,0.0,0.0,no_entry,False,False,5,1,2c3b43c6ad50
2026-05-18,US.MSFT,LONG,False,-1,-1,-1,-1,-1,-1,True,,,0.0,0.0,no_entry,False,False,5,1,2c3b43c6ad50
2026-05-18,US.MSFT,SHORT,False,-1,-1,-1,-1,-1,-1,True,,,0.0,0.0,no_entry,False,False,5,1,2c3b43c6ad50
2026-05-18,US.MU,LONG,False,-1,-1,-1,-1,-1,-1,True,,,0.0,0.0,no_entry,False,False,5,1,2c3b43c6ad50
2026-05-18,US.MU,SHORT,False,-1,-1,-1,-1,-1,-1,True,,,0.0,0.0,no_entry,False,False,5,1,2c3b43c6ad50
2026-05-18,US.NVDA,LONG,False,-1,-1,-1,-1,-1,-1,True,,,0.0,0.0,no_entry,False,False,5,1,2c3b43c6ad50
2026-05-18,US.NVDA,SHORT,False,-1,-1,-1,-1,-1,-1,True,,,0.0,0.0,no_entry,False,False,5,1,2c3b43c6ad50
2026-05-18,US.QQQ,LONG,False,-1,-1,-1,-1,-1,-1,True,,,0.0,0.0,no_entry,False,False,5,1,2c3b43c6ad50
2026-05-18,US.QQQ,SHORT,False,-1,-1,-1,-1,-1,-1,True,,,0.0,0.0,no_entry,False,False,5,1,2c3b43c6ad50
2026-05-18,US.SPY,LONG,False,-1,-1,-1,-1,-1,-1,True,,,0.0,0.0,no_entry,False,False,5,1,2c3b43c6ad50
2026-05-18,US.SPY,SHORT,False,-1,-1,-1,-1,-1,-1,True,,,0.0,0.0,no_entry,False,False,5,1,2c3b43c6ad50
2026-05-18,US.TSLA,LONG,False,-1,-1,-1,-1,-1,-1,True,,,0.0,0.0,no_entry,False,False,5,1,2c3b43c6ad50
2026-05-18,US.TSLA,SHORT,False,-1,-1,-1,-1,-1,-1,True,,,0.0,0.0,no_entry,False,False,5,1,2c3b43c6ad50
2026-05-19,US.AAPL,LONG,False,-1,-1,-1,-1,-1,-1,True,,,0.0,0.0,no_entry,False,False,5,1,2c3b43c6ad50
2026-05-19,US.AAPL,SHORT,False,-1,-1,-1,-1,-1,-1,True,,,0.0,0.0,no_entry,False,False,5,1,2c3b43c6ad50
2026-05-19,US.AMD,LONG,False,-1,-1,-1,-1,-1,-1,True,,,0.0,0.0,no_entry,False,False,5,1,2c3b43c6ad50
2026-05-19,US.AMD,SHORT,False,-1,-1,-1,-1,-1,-1,True,,,0.0,0.0,no_entry,False,False,5,1,2c3b43c6ad50
2026-05-19,US.IWM,LONG,False,-1,-1,-1,-1,-1,-1,True,,,0.0,0.0,no_entry,False,False,5,1,2c3b43c6ad50
2026-05-19,US.IWM,SHORT,False,-1,-1,-1,-1,-1,-1,True,,,0.0,0.0,no_entry,False,False,5,1,2c3b43c6ad50
2026-05-19,US.META,LONG,False,-1,-1,-1,-1,-1,-1,True,,,0.0,0.0,no_entry,False,False,5,1,2c3b43c6ad50
2026-05-19,US.META,SHORT,False,-1,-1,-1,-1,-1,-1,True,,,0.0,0.0,no_entry,False,False,5,1,2c3b43c6ad50
2026-05-19,US.MSFT,LONG,False,-1,-1,-1,-1,-1,-1,True,,,0.0,0.0,no_entry,False,False,5,1,2c3b43c6ad50
2026-05-19,US.MSFT,SHORT,False,-1,-1,-1,-1,-1,-1,True,,,0.0,0.0,no_entry,False,False,5,1,2c3b43c6ad50
2026-05-19,US.MU,LONG,False,-1,-1,-1,-1,-1,-1,True,,,0.0,0.0,no_entry,False,False,5,1,2c3b43c6ad50
2026-05-19,US.MU,SHORT,False,-1,-1,-1,-1,-1,-1,True,,,0.0,0.0,no_entry,False,False,5,1,2c3b43c6ad50
2026-05-19,US.NVDA,LONG,False,-1,-1,-1,-1,-1,-1,True,,,0.0,0.0,no_entry,False,False,5,1,2c3b43c6ad50
2026-05-19,US.NVDA,SHORT,False,-1,-1,-1,-1,-1,-1,True,,,0.0,0.0,no_entry,False,False,5,1,2c3b43c6ad50
2026-05-19,US.QQQ,LONG,False,-1,-1,-1,-1,-1,-1,True,,,0.0,0.0,no_entry,False,False,5,1,2c3b43c6ad50
2026-05-19,US.QQQ,SHORT,True,165,170,735,735,740,740,True,698.202257642,699.251104332,-1.0488466900000049,-0.0015022103960852505,soft_failure_loss,False,False,5,1,2c3b43c6ad50
2026-05-19,US.SPY,LONG,False,-1,-1,-1,-1,-1,-1,True,,,0.0,0.0,no_entry,False,False,5,1,2c3b43c6ad50
2026-05-19,US.SPY,SHORT,True,150,155,720,720,725,725,True,731.116928864,731.775233329,-0.6583044650000147,-0.00090040927656111,failed_followthrough,False,False,5,1,2c3b43c6ad50
2026-05-19,US.TSLA,LONG,False,-1,-1,-1,-1,-1,-1,True,,,0.0,0.0,no_entry,False,False,5,1,2c3b43c6ad50
2026-05-19,US.TSLA,SHORT,False,-1,-1,-1,-1,-1,-1,True,,,0.0,0.0,no_entry,False,False,5,1,2c3b43c6ad50
2026-05-20,US.AAPL,LONG,False,-1,-1,-1,-1,-1,-1,True,,,0.0,0.0,no_entry,False,False,5,1,2c3b43c6ad50
2026-05-20,US.AAPL,SHORT,False,-1,-1,-1,-1,-1,-1,True,,,0.0,0.0,no_entry,False,False,5,1,2c3b43c6ad50
2026-05-20,US.AMD,LONG,False,-1,-1,-1,-1,-1,-1,True,,,0.0,0.0,no_entry,False,False,5,1,2c3b43c6ad50
2026-05-20,US.AMD,SHORT,False,-1,-1,-1,-1,-1,-1,True,,,0.0,0.0,no_entry,False,False,5,1,2c3b43c6ad50
2026-05-20,US.IWM,LONG,False,-1,-1,-1,-1,-1,-1,True,,,0.0,0.0,no_entry,False,False,5,1,2c3b43c6ad50
2026-05-20,US.IWM,SHORT,False,-1,-1,-1,-1,-1,-1,True,,,0.0,0.0,no_entry,False,False,5,1,2c3b43c6ad50
2026-05-20,US.META,LONG,False,-1,-1,-1,-1,-1,-1,True,,,0.0,0.0,no_entry,False,False,5,1,2c3b43c6ad50
2026-05-20,US.META,SHORT,False,-1,-1,-1,-1,-1,-1,True,,,0.0,0.0,no_entry,False,False,5,1,2c3b43c6ad50
2026-05-20,US.MSFT,LONG,False,-1,-1,-1,-1,-1,-1,True,,,0.0,0.0,no_entry,False,False,5,1,2c3b43c6ad50
2026-05-20,US.MSFT,SHORT,False,-1,-1,-1,-1,-1,-1,True,,,0.0,0.0,no_entry,False,False,5,1,2c3b43c6ad50
2026-05-20,US.MU,LONG,False,-1,-1,-1,-1,-1,-1,True,,,0.0,0.0,no_entry,False,False,5,1,2c3b43c6ad50
2026-05-20,US.MU,SHORT,False,-1,-1,-1,-1,-1,-1,True,,,0.0,0.0,no_entry,False,False,5,1,2c3b43c6ad50
2026-05-20,US.NVDA,LONG,False,-1,-1,-1,-1,-1,-1,True,,,0.0,0.0,no_entry,False,False,5,1,2c3b43c6ad50
2026-05-20,US.NVDA,SHORT,False,-1,-1,-1,-1,-1,-1,True,,,0.0,0.0,no_entry,False,False,5,1,2c3b43c6ad50
2026-05-20,US.QQQ,LONG,False,-1,-1,-1,-1,-1,-1,True,,,0.0,0.0,no_entry,False,False,5,1,2c3b43c6ad50
2026-05-20,US.QQQ,SHORT,False,-1,-1,-1,-1,-1,-1,True,,,0.0,0.0,no_entry,False,False,5,1,2c3b43c6ad50
2026-05-20,US.SPY,LONG,False,-1,-1,-1,-1,-1,-1,True,,,0.0,0.0,no_entry,False,False,5,1,2c3b43c6ad50
2026-05-20,US.SPY,SHORT,False,-1,-1,-1,-1,-1,-1,True,,,0.0,0.0,no_entry,False,False,5,1,2c3b43c6ad50
2026-05-20,US.TSLA,LONG,False,-1,-1,-1,-1,-1,-1,True,,,0.0,0.0,no_entry,False,False,5,1,2c3b43c6ad50
2026-05-20,US.TSLA,SHORT,False,-1,-1,-1,-1,-1,-1,True,,,0.0,0.0,no_entry,False,False,5,1,2c3b43c6ad50
2026-05-21,US.AAPL,LONG,True,35,40,605,605,610,610,True,302.199366588,301.839676804,-0.3596897839999542,-0.001190240032800377,failed_followthrough,False,False,5,1,2c3b43c6ad50
2026-05-21,US.AAPL,SHORT,False,-1,-1,-1,-1,-1,-1,True,,,0.0,0.0,no_entry,False,False,5,1,2c3b43c6ad50
2026-05-21,US.AMD,LONG,False,-1,-1,-1,-1,-1,-1,True,,,0.0,0.0,no_entry,False,False,5,1,2c3b43c6ad50
2026-05-21,US.AMD,SHORT,False,-1,-1,-1,-1,-1,-1,True,,,0.0,0.0,no_entry,False,False,5,1,2c3b43c6ad50
2026-05-21,US.IWM,LONG,False,-1,-1,-1,-1,-1,-1,True,,,0.0,0.0,no_entry,False,False,5,1,2c3b43c6ad50
2026-05-21,US.IWM,SHORT,False,-1,-1,-1,-1,-1,-1,True,,,0.0,0.0,no_entry,False,False,5,1,2c3b43c6ad50
2026-05-21,US.META,LONG,False,-1,-1,-1,-1,-1,-1,True,,,0.0,0.0,no_entry,False,False,5,1,2c3b43c6ad50
2026-05-21,US.META,SHORT,True,40,85,610,610,655,655,True,597.356259946,597.476248739,-0.11998879299994769,-0.00020086638584953387,failed_followthrough,False,False,5,1,2c3b43c6ad50
2026-05-21,US.MSFT,LONG,False,-1,-1,-1,-1,-1,-1,True,,,0.0,0.0,no_entry,False,False,5,1,2c3b43c6ad50
2026-05-21,US.MSFT,SHORT,False,-1,-1,-1,-1,-1,-1,True,,,0.0,0.0,no_entry,False,False,5,1,2c3b43c6ad50
2026-05-21,US.MU,LONG,True,65,80,635,635,650,650,True,752.314307868,748.884735273,-3.429572594999968,-0.004558696490459033,failed_followthrough,False,False,5,1,2c3b43c6ad50
2026-05-21,US.MU,SHORT,False,-1,-1,-1,-1,-1,-1,True,,,0.0,0.0,no_entry,False,False,5,1,2c3b43c6ad50
2026-05-21,US.NVDA,LONG,False,-1,-1,-1,-1,-1,-1,True,,,0.0,0.0,no_entry,False,False,5,1,2c3b43c6ad50
2026-05-21,US.NVDA,SHORT,False,-1,-1,-1,-1,-1,-1,True,,,0.0,0.0,no_entry,False,False,5,1,2c3b43c6ad50
2026-05-21,US.QQQ,LONG,True,165,170,735,735,740,740,True,709.658160745,709.315038042,-0.34312270300006276,-0.00048350420241747395,failed_followthrough,False,False,5,1,2c3b43c6ad50
2026-05-21,US.QQQ,SHORT,False,-1,-1,-1,-1,-1,-1,True,,,0.0,0.0,no_entry,False,False,5,1,2c3b43c6ad50
2026-05-21,US.SPY,LONG,True,90,95,660,660,665,665,True,737.061617671,736.612773718,-0.44884395300005053,-0.0006089639485207866,failed_followthrough,False,False,5,1,2c3b43c6ad50
2026-05-21,US.SPY,SHORT,False,-1,-1,-1,-1,-1,-1,True,,,0.0,0.0,no_entry,False,False,5,1,2c3b43c6ad50
2026-05-21,US.TSLA,LONG,False,-1,-1,-1,-1,-1,-1,True,,,0.0,0.0,no_entry,False,False,5,1,2c3b43c6ad50
2026-05-21,US.TSLA,SHORT,False,-1,-1,-1,-1,-1,-1,True,,,0.0,0.0,no_entry,False,False,5,1,2c3b43c6ad50
2026-05-22,US.AAPL,LONG,False,-1,-1,-1,-1,-1,-1,True,,,0.0,0.0,no_entry,False,False,5,1,2c3b43c6ad50
2026-05-22,US.AAPL,SHORT,False,-1,-1,-1,-1,-1,-1,True,,,0.0,0.0,no_entry,False,False,5,1,2c3b43c6ad50
2026-05-22,US.AMD,LONG,False,-1,-1,-1,-1,-1,-1,True,,,0.0,0.0,no_entry,False,False,5,1,2c3b43c6ad50
2026-05-22,US.AMD,SHORT,False,-1,-1,-1,-1,-1,-1,True,,,0.0,0.0,no_entry,False,False,5,1,2c3b43c6ad50
2026-05-22,US.IWM,LONG,True,140,160,710,710,730,730,True,284.333710316,284.29380523,-0.03990508600003295,-0.0001403459546027224,failed_followthrough,False,False,5,1,2c3b43c6ad50
2026-05-22,US.IWM,SHORT,False,-1,-1,-1,-1,-1,-1,True,,,0.0,0.0,no_entry,False,False,5,1,2c3b43c6ad50
2026-05-22,US.META,LONG,False,-1,-1,-1,-1,-1,-1,True,,,0.0,0.0,no_entry,False,False,5,1,2c3b43c6ad50
2026-05-22,US.META,SHORT,False,-1,-1,-1,-1,-1,-1,True,,,0.0,0.0,no_entry,False,False,5,1,2c3b43c6ad50
2026-05-22,US.MSFT,LONG,False,-1,-1,-1,-1,-1,-1,True,,,0.0,0.0,no_entry,False,False,5,1,2c3b43c6ad50
2026-05-22,US.MSFT,SHORT,True,130,140,700,700,710,710,True,417.968175267,418.082959187,-0.11478391999997939,-0.00027462358809173665,failed_followthrough,False,False,5,1,2c3b43c6ad50
2026-05-22,US.MU,LONG,True,195,335,765,765,905,905,True,764.002510437,767.11703148,3.1145210430000816,0.004076584828521851,trailing,False,False,5,1,2c3b43c6ad50
2026-05-22,US.MU,SHORT,False,-1,-1,-1,-1,-1,-1,True,,,0.0,0.0,no_entry,False,False,5,1,2c3b43c6ad50
2026-05-22,US.NVDA,LONG,False,-1,-1,-1,-1,-1,-1,True,,,0.0,0.0,no_entry,False,False,5,1,2c3b43c6ad50
2026-05-22,US.NVDA,SHORT,True,135,375,705,705,-1,945,True,217.013954741,214.988584284,2.0253704569999798,0.009332904233818521,scheduled_flatten,True,False,5,1,2c3b43c6ad50
2026-05-22,US.QQQ,LONG,False,-1,-1,-1,-1,-1,-1,True,,,0.0,0.0,no_entry,False,False,5,1,2c3b43c6ad50
2026-05-22,US.QQQ,SHORT,False,-1,-1,-1,-1,-1,-1,True,,,0.0,0.0,no_entry,False,False,5,1,2c3b43c6ad50
2026-05-22,US.SPY,LONG,False,-1,-1,-1,-1,-1,-1,True,,,0.0,0.0,no_entry,False,False,5,1,2c3b43c6ad50
2026-05-22,US.SPY,SHORT,False,-1,-1,-1,-1,-1,-1,True,,,0.0,0.0,no_entry,False,False,5,1,2c3b43c6ad50
2026-05-22,US.TSLA,LONG,True,210,215,780,780,785,785,True,427.547,427.32,-0.2270000000000323,-0.0005309357801599175,failed_followthrough,False,False,5,1,2c3b43c6ad50
2026-05-22,US.TSLA,SHORT,False,-1,-1,-1,-1,-1,-1,True,,,0.0,0.0,no_entry,False,False,5,1,2c3b43c6ad50
2026-05-26,US.AAPL,LONG,False,-1,-1,-1,-1,-1,-1,True,,,0.0,0.0,no_entry,False,False,5,1,2c3b43c6ad50
2026-05-26,US.AAPL,SHORT,False,-1,-1,-1,-1,-1,-1,True,,,0.0,0.0,no_entry,False,False,5,1,2c3b43c6ad50
2026-05-26,US.AMD,LONG,False,-1,-1,-1,-1,-1,-1,True,,,0.0,0.0,no_entry,False,False,5,1,2c3b43c6ad50
2026-05-26,US.AMD,SHORT,False,-1,-1,-1,-1,-1,-1,True,,,0.0,0.0,no_entry,False,False,5,1,2c3b43c6ad50
2026-05-26,US.IWM,LONG,True,215,230,785,785,800,800,True,288.80307989,288.693340905,-0.10973898499997858,-0.0003799785827830376,failed_followthrough,False,False,5,1,2c3b43c6ad50
2026-05-26,US.IWM,SHORT,False,-1,-1,-1,-1,-1,-1,True,,,0.0,0.0,no_entry,False,False,5,1,2c3b43c6ad50
2026-05-26,US.META,LONG,False,-1,-1,-1,-1,-1,-1,True,,,0.0,0.0,no_entry,False,False,5,1,2c3b43c6ad50
2026-05-26,US.META,SHORT,True,150,155,720,720,725,725,True,606.681317323,607.756720621,-1.0754032979999693,-0.0017725999916153993,failed_followthrough,False,False,5,1,2c3b43c6ad50
2026-05-26,US.MSFT,LONG,False,-1,-1,-1,-1,-1,-1,True,,,0.0,0.0,no_entry,False,False,5,1,2c3b43c6ad50
2026-05-26,US.MSFT,SHORT,False,-1,-1,-1,-1,-1,-1,True,,,0.0,0.0,no_entry,False,False,5,1,2c3b43c6ad50
2026-05-26,US.MU,LONG,False,-1,-1,-1,-1,-1,-1,True,,,0.0,0.0,no_entry,False,False,5,1,2c3b43c6ad50
2026-05-26,US.MU,SHORT,False,-1,-1,-1,-1,-1,-1,True,,,0.0,0.0,no_entry,False,False,5,1,2c3b43c6ad50
2026-05-26,US.NVDA,LONG,False,-1,-1,-1,-1,-1,-1,True,,,0.0,0.0,no_entry,False,False,5,1,2c3b43c6ad50
2026-05-26,US.NVDA,SHORT,False,-1,-1,-1,-1,-1,-1,True,,,0.0,0.0,no_entry,False,False,5,1,2c3b43c6ad50
2026-05-26,US.QQQ,LONG,True,180,195,750,750,765,765,True,727.340217577,726.611019402,-0.729198174999965,-0.0010025544544053325,failed_followthrough,False,False,5,1,2c3b43c6ad50
2026-05-26,US.QQQ,SHORT,False,-1,-1,-1,-1,-1,-1,True,,,0.0,0.0,no_entry,False,False,5,1,2c3b43c6ad50
2026-05-26,US.SPY,LONG,True,30,120,600,600,690,690,True,748.861226496,747.923641348,-0.9375851479999255,-0.001252014545321013,soft_failure_loss,False,False,5,1,2c3b43c6ad50
2026-05-26,US.SPY,SHORT,False,-1,-1,-1,-1,-1,-1,True,,,0.0,0.0,no_entry,False,False,5,1,2c3b43c6ad50
2026-05-26,US.TSLA,LONG,False,-1,-1,-1,-1,-1,-1,True,,,0.0,0.0,no_entry,False,False,5,1,2c3b43c6ad50
2026-05-26,US.TSLA,SHORT,False,-1,-1,-1,-1,-1,-1,True,,,0.0,0.0,no_entry,False,False,5,1,2c3b43c6ad50
2026-05-27,US.AAPL,LONG,False,-1,-1,-1,-1,-1,-1,True,,,0.0,0.0,no_entry,False,False,5,1,2c3b43c6ad50
2026-05-27,US.AAPL,SHORT,False,-1,-1,-1,-1,-1,-1,True,,,0.0,0.0,no_entry,False,False,5,1,2c3b43c6ad50
2026-05-27,US.AMD,LONG,False,-1,-1,-1,-1,-1,-1,True,,,0.0,0.0,no_entry,False,False,5,1,2c3b43c6ad50
2026-05-27,US.AMD,SHORT,False,-1,-1,-1,-1,-1,-1,True,,,0.0,0.0,no_entry,False,False,5,1,2c3b43c6ad50
2026-05-27,US.IWM,LONG,False,-1,-1,-1,-1,-1,-1,True,,,0.0,0.0,no_entry,False,False,5,1,2c3b43c6ad50
2026-05-27,US.IWM,SHORT,False,-1,-1,-1,-1,-1,-1,True,,,0.0,0.0,no_entry,False,False,5,1,2c3b43c6ad50
2026-05-27,US.META,LONG,True,130,135,700,700,705,705,True,613.641266722,612.167632512,-1.4736342100000002,-0.002401458783683148,soft_failure_loss,False,False,5,1,2c3b43c6ad50
2026-05-27,US.META,SHORT,False,-1,-1,-1,-1,-1,-1,True,,,0.0,0.0,no_entry,False,False,5,1,2c3b43c6ad50
2026-05-27,US.MSFT,LONG,True,190,220,760,760,790,790,True,412.583312267,411.879636935,-0.7036753319999889,-0.0017055351272777873,failed_followthrough,False,False,5,1,2c3b43c6ad50
2026-05-27,US.MSFT,SHORT,False,-1,-1,-1,-1,-1,-1,True,,,0.0,0.0,no_entry,False,False,5,1,2c3b43c6ad50
2026-05-27,US.MU,LONG,False,-1,-1,-1,-1,-1,-1,True,,,0.0,0.0,no_entry,False,False,5,1,2c3b43c6ad50
2026-05-27,US.MU,SHORT,False,-1,-1,-1,-1,-1,-1,True,,,0.0,0.0,no_entry,False,False,5,1,2c3b43c6ad50
2026-05-27,US.NVDA,LONG,False,-1,-1,-1,-1,-1,-1,True,,,0.0,0.0,no_entry,False,False,5,1,2c3b43c6ad50
2026-05-27,US.NVDA,SHORT,True,185,190,755,755,760,760,True,209.940123933,210.568687178,-0.6285632450000094,-0.0029940119745790385,failed_followthrough,False,False,5,1,2c3b43c6ad50
2026-05-27,US.QQQ,LONG,False,-1,-1,-1,-1,-1,-1,True,,,0.0,0.0,no_entry,False,False,5,1,2c3b43c6ad50
2026-05-27,US.QQQ,SHORT,False,-1,-1,-1,-1,-1,-1,True,,,0.0,0.0,no_entry,False,False,5,1,2c3b43c6ad50
2026-05-27,US.SPY,LONG,False,-1,-1,-1,-1,-1,-1,True,,,0.0,0.0,no_entry,False,False,5,1,2c3b43c6ad50
2026-05-27,US.SPY,SHORT,False,-1,-1,-1,-1,-1,-1,True,,,0.0,0.0,no_entry,False,False,5,1,2c3b43c6ad50
2026-05-27,US.TSLA,LONG,False,-1,-1,-1,-1,-1,-1,True,,,0.0,0.0,no_entry,False,False,5,1,2c3b43c6ad50
2026-05-27,US.TSLA,SHORT,False,-1,-1,-1,-1,-1,-1,True,,,0.0,0.0,no_entry,False,False,5,1,2c3b43c6ad50
2026-05-28,US.AAPL,LONG,True,30,35,600,600,605,605,True,310.821930013,310.67205927,-0.14987074300000813,-0.0004821755755578117,failed_followthrough,False,False,5,1,2c3b43c6ad50
2026-05-28,US.AAPL,SHORT,False,-1,-1,-1,-1,-1,-1,True,,,0.0,0.0,no_entry,False,False,5,1,2c3b43c6ad50
2026-05-28,US.AMD,LONG,False,-1,-1,-1,-1,-1,-1,True,,,0.0,0.0,no_entry,False,False,5,1,2c3b43c6ad50
2026-05-28,US.AMD,SHORT,False,-1,-1,-1,-1,-1,-1,True,,,0.0,0.0,no_entry,False,False,5,1,2c3b43c6ad50
2026-05-28,US.IWM,LONG,False,-1,-1,-1,-1,-1,-1,True,,,0.0,0.0,no_entry,False,False,5,1,2c3b43c6ad50
2026-05-28,US.IWM,SHORT,False,-1,-1,-1,-1,-1,-1,True,,,0.0,0.0,no_entry,False,False,5,1,2c3b43c6ad50
2026-05-28,US.META,LONG,False,-1,-1,-1,-1,-1,-1,True,,,0.0,0.0,no_entry,False,False,5,1,2c3b43c6ad50
2026-05-28,US.META,SHORT,False,-1,-1,-1,-1,-1,-1,True,,,0.0,0.0,no_entry,False,False,5,1,2c3b43c6ad50
2026-05-28,US.MSFT,LONG,False,-1,-1,-1,-1,-1,-1,True,,,0.0,0.0,no_entry,False,False,5,1,2c3b43c6ad50
2026-05-28,US.MSFT,SHORT,False,-1,-1,-1,-1,-1,-1,True,,,0.0,0.0,no_entry,False,False,5,1,2c3b43c6ad50
2026-05-28,US.MU,LONG,False,-1,-1,-1,-1,-1,-1,True,,,0.0,0.0,no_entry,False,False,5,1,2c3b43c6ad50
2026-05-28,US.MU,SHORT,False,-1,-1,-1,-1,-1,-1,True,,,0.0,0.0,no_entry,False,False,5,1,2c3b43c6ad50
2026-05-28,US.NVDA,LONG,False,-1,-1,-1,-1,-1,-1,True,,,0.0,0.0,no_entry,False,False,5,1,2c3b43c6ad50
2026-05-28,US.NVDA,SHORT,False,-1,-1,-1,-1,-1,-1,True,,,0.0,0.0,no_entry,False,False,5,1,2c3b43c6ad50
2026-05-28,US.QQQ,LONG,False,-1,-1,-1,-1,-1,-1,True,,,0.0,0.0,no_entry,False,False,5,1,2c3b43c6ad50
2026-05-28,US.QQQ,SHORT,False,-1,-1,-1,-1,-1,-1,True,,,0.0,0.0,no_entry,False,False,5,1,2c3b43c6ad50
2026-05-28,US.SPY,LONG,True,65,375,635,635,-1,945,True,749.968374915,752.771156047,2.80278113199995,0.003737199094985321,scheduled_flatten,True,False,5,1,2c3b43c6ad50
2026-05-28,US.SPY,SHORT,False,-1,-1,-1,-1,-1,-1,True,,,0.0,0.0,no_entry,False,False,5,1,2c3b43c6ad50
2026-05-28,US.TSLA,LONG,True,135,140,705,705,710,710,True,441.535,440.98,-0.5550000000000068,-0.0012569784954760252,failed_followthrough,False,False,5,1,2c3b43c6ad50
2026-05-28,US.TSLA,SHORT,False,-1,-1,-1,-1,-1,-1,True,,,0.0,0.0,no_entry,False,False,5,1,2c3b43c6ad50
2026-05-29,US.AAPL,LONG,False,-1,-1,-1,-1,-1,-1,True,,,0.0,0.0,no_entry,False,False,5,1,2c3b43c6ad50
2026-05-29,US.AAPL,SHORT,False,-1,-1,-1,-1,-1,-1,True,,,0.0,0.0,no_entry,False,False,5,1,2c3b43c6ad50
2026-05-29,US.AMD,LONG,False,-1,-1,-1,-1,-1,-1,True,,,0.0,0.0,no_entry,False,False,5,1,2c3b43c6ad50
2026-05-29,US.AMD,SHORT,False,-1,-1,-1,-1,-1,-1,True,,,0.0,0.0,no_entry,False,False,5,1,2c3b43c6ad50
2026-05-29,US.IWM,LONG,False,-1,-1,-1,-1,-1,-1,True,,,0.0,0.0,no_entry,False,False,5,1,2c3b43c6ad50
2026-05-29,US.IWM,SHORT,True,270,275,840,840,845,845,True,289.112344302,289.401656172,-0.2893118700000059,-0.001000690132060904,failed_followthrough,False,False,5,1,2c3b43c6ad50
2026-05-29,US.META,LONG,False,-1,-1,-1,-1,-1,-1,True,,,0.0,0.0,no_entry,False,False,5,1,2c3b43c6ad50
2026-05-29,US.META,SHORT,True,145,150,715,715,720,720,True,626.679182957,627.133761646,-0.4545786890000727,-0.0007253770371869269,failed_followthrough,False,False,5,1,2c3b43c6ad50
2026-05-29,US.MSFT,LONG,False,-1,-1,-1,-1,-1,-1,True,,,0.0,0.0,no_entry,False,False,5,1,2c3b43c6ad50
2026-05-29,US.MSFT,SHORT,False,-1,-1,-1,-1,-1,-1,True,,,0.0,0.0,no_entry,False,False,5,1,2c3b43c6ad50
2026-05-29,US.MU,LONG,True,55,70,625,625,640,640,True,967.471220684,962.352007925,-5.119212758999993,-0.005291333374630742,failed_followthrough,False,False,5,1,2c3b43c6ad50
2026-05-29,US.MU,SHORT,False,-1,-1,-1,-1,-1,-1,True,,,0.0,0.0,no_entry,False,False,5,1,2c3b43c6ad50
2026-05-29,US.NVDA,LONG,True,185,375,755,755,-1,945,True,215.764211375,216.604889772,0.8406783970000049,0.0038962828526687347,scheduled_flatten,True,False,5,1,2c3b43c6ad50
2026-05-29,US.NVDA,SHORT,False,-1,-1,-1,-1,-1,-1,True,,,0.0,0.0,no_entry,False,False,5,1,2c3b43c6ad50
2026-05-29,US.QQQ,LONG,False,-1,-1,-1,-1,-1,-1,True,,,0.0,0.0,no_entry,False,False,5,1,2c3b43c6ad50
2026-05-29,US.QQQ,SHORT,False,-1,-1,-1,-1,-1,-1,True,,,0.0,0.0,no_entry,False,False,5,1,2c3b43c6ad50
2026-05-29,US.SPY,LONG,True,35,40,605,605,610,610,True,755.733526141,755.369463823,-0.36406231799992383,-0.00048173371354706765,failed_followthrough,False,False,5,1,2c3b43c6ad50
2026-05-29,US.SPY,SHORT,False,-1,-1,-1,-1,-1,-1,True,,,0.0,0.0,no_entry,False,False,5,1,2c3b43c6ad50
2026-05-29,US.TSLA,LONG,False,-1,-1,-1,-1,-1,-1,True,,,0.0,0.0,no_entry,False,False,5,1,2c3b43c6ad50
2026-05-29,US.TSLA,SHORT,False,-1,-1,-1,-1,-1,-1,True,,,0.0,0.0,no_entry,False,False,5,1,2c3b43c6ad50
2026-06-01,US.AAPL,LONG,False,-1,-1,-1,-1,-1,-1,True,,,0.0,0.0,no_entry,False,False,5,1,2c3b43c6ad50
2026-06-01,US.AAPL,SHORT,False,-1,-1,-1,-1,-1,-1,True,,,0.0,0.0,no_entry,False,False,5,1,2c3b43c6ad50
2026-06-01,US.AMD,LONG,False,-1,-1,-1,-1,-1,-1,True,,,0.0,0.0,no_entry,False,False,5,1,2c3b43c6ad50
2026-06-01,US.AMD,SHORT,False,-1,-1,-1,-1,-1,-1,True,,,0.0,0.0,no_entry,False,False,5,1,2c3b43c6ad50
2026-06-01,US.IWM,LONG,False,-1,-1,-1,-1,-1,-1,True,,,0.0,0.0,no_entry,False,False,5,1,2c3b43c6ad50
2026-06-01,US.IWM,SHORT,True,55,115,625,625,685,685,True,286.54844256,287.156995114,-0.6085525539999708,-0.002123733594791906,soft_failure_loss,False,False,5,1,2c3b43c6ad50
2026-06-01,US.META,LONG,False,-1,-1,-1,-1,-1,-1,True,,,0.0,0.0,no_entry,False,False,5,1,2c3b43c6ad50
2026-06-01,US.META,SHORT,False,-1,-1,-1,-1,-1,-1,True,,,0.0,0.0,no_entry,False,False,5,1,2c3b43c6ad50
2026-06-01,US.MSFT,LONG,False,-1,-1,-1,-1,-1,-1,True,,,0.0,0.0,no_entry,False,False,5,1,2c3b43c6ad50
2026-06-01,US.MSFT,SHORT,False,-1,-1,-1,-1,-1,-1,True,,,0.0,0.0,no_entry,False,False,5,1,2c3b43c6ad50
2026-06-01,US.MU,LONG,False,-1,-1,-1,-1,-1,-1,True,,,0.0,0.0,no_entry,False,False,5,1,2c3b43c6ad50
2026-06-01,US.MU,SHORT,False,-1,-1,-1,-1,-1,-1,True,,,0.0,0.0,no_entry,False,False,5,1,2c3b43c6ad50
2026-06-01,US.NVDA,LONG,False,-1,-1,-1,-1,-1,-1,True,,,0.0,0.0,no_entry,False,False,5,1,2c3b43c6ad50
2026-06-01,US.NVDA,SHORT,False,-1,-1,-1,-1,-1,-1,True,,,0.0,0.0,no_entry,False,False,5,1,2c3b43c6ad50
2026-06-01,US.QQQ,LONG,False,-1,-1,-1,-1,-1,-1,True,,,0.0,0.0,no_entry,False,False,5,1,2c3b43c6ad50
2026-06-01,US.QQQ,SHORT,False,-1,-1,-1,-1,-1,-1,True,,,0.0,0.0,no_entry,False,False,5,1,2c3b43c6ad50
2026-06-01,US.SPY,LONG,False,-1,-1,-1,-1,-1,-1,True,,,0.0,0.0,no_entry,False,False,5,1,2c3b43c6ad50
2026-06-01,US.SPY,SHORT,False,-1,-1,-1,-1,-1,-1,True,,,0.0,0.0,no_entry,False,False,5,1,2c3b43c6ad50
2026-06-01,US.TSLA,LONG,False,-1,-1,-1,-1,-1,-1,True,,,0.0,0.0,no_entry,False,False,5,1,2c3b43c6ad50
2026-06-01,US.TSLA,SHORT,True,140,155,710,710,725,725,True,421.74,421.76,-0.01999999999998181,-4.742258263380711e-05,failed_followthrough,False,False,5,1,2c3b43c6ad50
2026-06-02,US.AAPL,LONG,False,-1,-1,-1,-1,-1,-1,True,,,0.0,0.0,no_entry,False,False,5,1,2c3b43c6ad50
2026-06-02,US.AAPL,SHORT,False,-1,-1,-1,-1,-1,-1,True,,,0.0,0.0,no_entry,False,False,5,1,2c3b43c6ad50
2026-06-02,US.AMD,LONG,True,220,230,790,790,800,800,True,514.28,512.455,-1.8249999999999318,-0.0035486505405614294,failed_followthrough,False,False,5,1,2c3b43c6ad50
2026-06-02,US.AMD,SHORT,False,-1,-1,-1,-1,-1,-1,True,,,0.0,0.0,no_entry,False,False,5,1,2c3b43c6ad50
2026-06-02,US.IWM,LONG,False,-1,-1,-1,-1,-1,-1,True,,,0.0,0.0,no_entry,False,False,5,1,2c3b43c6ad50
2026-06-02,US.IWM,SHORT,False,-1,-1,-1,-1,-1,-1,True,,,0.0,0.0,no_entry,False,False,5,1,2c3b43c6ad50
2026-06-02,US.META,LONG,False,-1,-1,-1,-1,-1,-1,True,,,0.0,0.0,no_entry,False,False,5,1,2c3b43c6ad50
2026-06-02,US.META,SHORT,False,-1,-1,-1,-1,-1,-1,True,,,0.0,0.0,no_entry,False,False,5,1,2c3b43c6ad50
2026-06-02,US.MSFT,LONG,False,-1,-1,-1,-1,-1,-1,True,,,0.0,0.0,no_entry,False,False,5,1,2c3b43c6ad50
2026-06-02,US.MSFT,SHORT,False,-1,-1,-1,-1,-1,-1,True,,,0.0,0.0,no_entry,False,False,5,1,2c3b43c6ad50
2026-06-02,US.MU,LONG,False,-1,-1,-1,-1,-1,-1,True,,,0.0,0.0,no_entry,False,False,5,1,2c3b43c6ad50
2026-06-02,US.MU,SHORT,False,-1,-1,-1,-1,-1,-1,True,,,0.0,0.0,no_entry,False,False,5,1,2c3b43c6ad50
2026-06-02,US.NVDA,LONG,False,-1,-1,-1,-1,-1,-1,True,,,0.0,0.0,no_entry,False,False,5,1,2c3b43c6ad50
2026-06-02,US.NVDA,SHORT,False,-1,-1,-1,-1,-1,-1,True,,,0.0,0.0,no_entry,False,False,5,1,2c3b43c6ad50
2026-06-02,US.QQQ,LONG,False,-1,-1,-1,-1,-1,-1,True,,,0.0,0.0,no_entry,False,False,5,1,2c3b43c6ad50
2026-06-02,US.QQQ,SHORT,False,-1,-1,-1,-1,-1,-1,True,,,0.0,0.0,no_entry,False,False,5,1,2c3b43c6ad50
2026-06-02,US.SPY,LONG,True,40,60,610,610,630,630,True,755.972909583,755.793372001,-0.17953758200007996,-0.00023749208433819957,failed_followthrough,False,False,5,1,2c3b43c6ad50
2026-06-02,US.SPY,SHORT,False,-1,-1,-1,-1,-1,-1,True,,,0.0,0.0,no_entry,False,False,5,1,2c3b43c6ad50
2026-06-02,US.TSLA,LONG,False,-1,-1,-1,-1,-1,-1,True,,,0.0,0.0,no_entry,False,False,5,1,2c3b43c6ad50
2026-06-02,US.TSLA,SHORT,False,-1,-1,-1,-1,-1,-1,True,,,0.0,0.0,no_entry,False,False,5,1,2c3b43c6ad50
2026-06-03,US.AAPL,LONG,False,-1,-1,-1,-1,-1,-1,True,,,0.0,0.0,no_entry,False,False,5,1,2c3b43c6ad50
2026-06-03,US.AAPL,SHORT,False,-1,-1,-1,-1,-1,-1,True,,,0.0,0.0,no_entry,False,False,5,1,2c3b43c6ad50
2026-06-03,US.AMD,LONG,False,-1,-1,-1,-1,-1,-1,True,,,0.0,0.0,no_entry,False,False,5,1,2c3b43c6ad50
2026-06-03,US.AMD,SHORT,False,-1,-1,-1,-1,-1,-1,True,,,0.0,0.0,no_entry,False,False,5,1,2c3b43c6ad50
2026-06-03,US.IWM,LONG,False,-1,-1,-1,-1,-1,-1,True,,,0.0,0.0,no_entry,False,False,5,1,2c3b43c6ad50
2026-06-03,US.IWM,SHORT,False,-1,-1,-1,-1,-1,-1,True,,,0.0,0.0,no_entry,False,False,5,1,2c3b43c6ad50
2026-06-03,US.META,LONG,True,195,335,765,765,905,905,True,614.155789853,620.395007239,6.239217386000064,0.01015901419327731,trailing,False,False,5,1,2c3b43c6ad50
2026-06-03,US.META,SHORT,False,-1,-1,-1,-1,-1,-1,True,,,0.0,0.0,no_entry,False,False,5,1,2c3b43c6ad50
2026-06-03,US.MSFT,LONG,False,-1,-1,-1,-1,-1,-1,True,,,0.0,0.0,no_entry,False,False,5,1,2c3b43c6ad50
2026-06-03,US.MSFT,SHORT,False,-1,-1,-1,-1,-1,-1,True,,,0.0,0.0,no_entry,False,False,5,1,2c3b43c6ad50
2026-06-03,US.MU,LONG,False,-1,-1,-1,-1,-1,-1,True,,,0.0,0.0,no_entry,False,False,5,1,2c3b43c6ad50
2026-06-03,US.MU,SHORT,False,-1,-1,-1,-1,-1,-1,True,,,0.0,0.0,no_entry,False,False,5,1,2c3b43c6ad50
2026-06-03,US.NVDA,LONG,False,-1,-1,-1,-1,-1,-1,True,,,0.0,0.0,no_entry,False,False,5,1,2c3b43c6ad50
2026-06-03,US.NVDA,SHORT,False,-1,-1,-1,-1,-1,-1,True,,,0.0,0.0,no_entry,False,False,5,1,2c3b43c6ad50
2026-06-03,US.QQQ,LONG,False,-1,-1,-1,-1,-1,-1,True,,,0.0,0.0,no_entry,False,False,5,1,2c3b43c6ad50
2026-06-03,US.QQQ,SHORT,True,35,40,605,605,610,610,True,743.332632337,743.642291836,-0.3096594990000767,-0.0004165826785062873,failed_followthrough,False,False,5,1,2c3b43c6ad50
2026-06-03,US.SPY,LONG,False,-1,-1,-1,-1,-1,-1,True,,,0.0,0.0,no_entry,False,False,5,1,2c3b43c6ad50
2026-06-03,US.SPY,SHORT,True,35,40,605,605,610,610,True,754.41691721,754.501698846,-0.08478163600000244,-0.00011238034840674519,failed_followthrough,False,False,5,1,2c3b43c6ad50
2026-06-03,US.TSLA,LONG,False,-1,-1,-1,-1,-1,-1,True,,,0.0,0.0,no_entry,False,False,5,1,2c3b43c6ad50
2026-06-03,US.TSLA,SHORT,False,-1,-1,-1,-1,-1,-1,True,,,0.0,0.0,no_entry,False,False,5,1,2c3b43c6ad50
2026-06-04,US.AAPL,LONG,False,-1,-1,-1,-1,-1,-1,True,,,0.0,0.0,no_entry,False,False,5,1,2c3b43c6ad50
2026-06-04,US.AAPL,SHORT,False,-1,-1,-1,-1,-1,-1,True,,,0.0,0.0,no_entry,False,False,5,1,2c3b43c6ad50
2026-06-04,US.AMD,LONG,False,-1,-1,-1,-1,-1,-1,True,,,0.0,0.0,no_entry,False,False,5,1,2c3b43c6ad50
2026-06-04,US.AMD,SHORT,False,-1,-1,-1,-1,-1,-1,True,,,0.0,0.0,no_entry,False,False,5,1,2c3b43c6ad50
2026-06-04,US.IWM,LONG,True,35,375,605,605,-1,945,True,288.024930723,291.736103672,3.7111729490000016,0.012884901802369043,scheduled_flatten,True,False,5,1,2c3b43c6ad50
2026-06-04,US.IWM,SHORT,False,-1,-1,-1,-1,-1,-1,True,,,0.0,0.0,no_entry,False,False,5,1,2c3b43c6ad50
2026-06-04,US.META,LONG,False,-1,-1,-1,-1,-1,-1,True,,,0.0,0.0,no_entry,False,False,5,1,2c3b43c6ad50
2026-06-04,US.META,SHORT,False,-1,-1,-1,-1,-1,-1,True,,,0.0,0.0,no_entry,False,False,5,1,2c3b43c6ad50
2026-06-04,US.MSFT,LONG,False,-1,-1,-1,-1,-1,-1,True,,,0.0,0.0,no_entry,False,False,5,1,2c3b43c6ad50
2026-06-04,US.MSFT,SHORT,False,-1,-1,-1,-1,-1,-1,True,,,0.0,0.0,no_entry,False,False,5,1,2c3b43c6ad50
2026-06-04,US.MU,LONG,False,-1,-1,-1,-1,-1,-1,True,,,0.0,0.0,no_entry,False,False,5,1,2c3b43c6ad50
2026-06-04,US.MU,SHORT,False,-1,-1,-1,-1,-1,-1,True,,,0.0,0.0,no_entry,False,False,5,1,2c3b43c6ad50
2026-06-04,US.NVDA,LONG,False,-1,-1,-1,-1,-1,-1,True,,,0.0,0.0,no_entry,False,False,5,1,2c3b43c6ad50
2026-06-04,US.NVDA,SHORT,True,45,50,615,615,620,620,True,212.472249991,212.542171751,-0.06992175999999972,-0.00032908655131652013,failed_followthrough,False,False,5,1,2c3b43c6ad50
2026-06-04,US.QQQ,LONG,False,-1,-1,-1,-1,-1,-1,True,,,0.0,0.0,no_entry,False,False,5,1,2c3b43c6ad50
2026-06-04,US.QQQ,SHORT,False,-1,-1,-1,-1,-1,-1,True,,,0.0,0.0,no_entry,False,False,5,1,2c3b43c6ad50
2026-06-04,US.SPY,LONG,False,-1,-1,-1,-1,-1,-1,True,,,0.0,0.0,no_entry,False,False,5,1,2c3b43c6ad50
2026-06-04,US.SPY,SHORT,False,-1,-1,-1,-1,-1,-1,True,,,0.0,0.0,no_entry,False,False,5,1,2c3b43c6ad50
2026-06-04,US.TSLA,LONG,False,-1,-1,-1,-1,-1,-1,True,,,0.0,0.0,no_entry,False,False,5,1,2c3b43c6ad50
2026-06-04,US.TSLA,SHORT,False,-1,-1,-1,-1,-1,-1,True,,,0.0,0.0,no_entry,False,False,5,1,2c3b43c6ad50
2026-06-05,US.AAPL,LONG,False,-1,-1,-1,-1,-1,-1,True,,,0.0,0.0,no_entry,False,False,5,1,2c3b43c6ad50
2026-06-05,US.AAPL,SHORT,False,-1,-1,-1,-1,-1,-1,True,,,0.0,0.0,no_entry,False,False,5,1,2c3b43c6ad50
2026-06-05,US.AMD,LONG,False,-1,-1,-1,-1,-1,-1,True,,,0.0,0.0,no_entry,False,False,5,1,2c3b43c6ad50
2026-06-05,US.AMD,SHORT,True,25,335,595,595,905,905,True,493.73,471.9001,21.82990000000001,0.044214246653029,trailing,False,False,5,1,2c3b43c6ad50
2026-06-05,US.IWM,LONG,False,-1,-1,-1,-1,-1,-1,True,,,0.0,0.0,no_entry,False,False,5,1,2c3b43c6ad50
2026-06-05,US.IWM,SHORT,True,40,45,610,610,615,615,True,286.079557806,286.418751032,-0.3391932259999635,-0.0011856604806065227,failed_followthrough,False,False,5,1,2c3b43c6ad50
2026-06-05,US.META,LONG,False,-1,-1,-1,-1,-1,-1,True,,,0.0,0.0,no_entry,False,False,5,1,2c3b43c6ad50
2026-06-05,US.META,SHORT,False,-1,-1,-1,-1,-1,-1,True,,,0.0,0.0,no_entry,False,False,5,1,2c3b43c6ad50
2026-06-05,US.MSFT,LONG,False,-1,-1,-1,-1,-1,-1,True,,,0.0,0.0,no_entry,False,False,5,1,2c3b43c6ad50
2026-06-05,US.MSFT,SHORT,False,-1,-1,-1,-1,-1,-1,True,,,0.0,0.0,no_entry,False,False,5,1,2c3b43c6ad50
2026-06-05,US.MU,LONG,False,-1,-1,-1,-1,-1,-1,True,,,0.0,0.0,no_entry,False,False,5,1,2c3b43c6ad50
2026-06-05,US.MU,SHORT,True,25,330,595,595,900,900,True,933.846391565,885.783782712,48.06260885300003,0.05146736046434105,trailing,False,False,5,1,2c3b43c6ad50
2026-06-05,US.NVDA,LONG,False,-1,-1,-1,-1,-1,-1,True,,,0.0,0.0,no_entry,False,False,5,1,2c3b43c6ad50
2026-06-05,US.NVDA,SHORT,False,-1,-1,-1,-1,-1,-1,True,,,0.0,0.0,no_entry,False,False,5,1,2c3b43c6ad50
2026-06-05,US.QQQ,LONG,False,-1,-1,-1,-1,-1,-1,True,,,0.0,0.0,no_entry,False,False,5,1,2c3b43c6ad50
2026-06-05,US.QQQ,SHORT,False,-1,-1,-1,-1,-1,-1,True,,,0.0,0.0,no_entry,False,False,5,1,2c3b43c6ad50
2026-06-05,US.SPY,LONG,False,-1,-1,-1,-1,-1,-1,True,,,0.0,0.0,no_entry,False,False,5,1,2c3b43c6ad50
2026-06-05,US.SPY,SHORT,True,40,45,610,610,615,615,True,747.918654193,748.18297341,-0.264319217000093,-0.00035340637048997253,failed_followthrough,False,False,5,1,2c3b43c6ad50
2026-06-05,US.TSLA,LONG,False,-1,-1,-1,-1,-1,-1,True,,,0.0,0.0,no_entry,False,False,5,1,2c3b43c6ad50
2026-06-05,US.TSLA,SHORT,False,-1,-1,-1,-1,-1,-1,True,,,0.0,0.0,no_entry,False,False,5,1,2c3b43c6ad50
2026-06-08,US.AAPL,LONG,False,-1,-1,-1,-1,-1,-1,True,,,0.0,0.0,no_entry,False,False,5,1,2c3b43c6ad50
2026-06-08,US.AAPL,SHORT,False,-1,-1,-1,-1,-1,-1,True,,,0.0,0.0,no_entry,False,False,5,1,2c3b43c6ad50
2026-06-08,US.AMD,LONG,False,-1,-1,-1,-1,-1,-1,True,,,0.0,0.0,no_entry,False,False,5,1,2c3b43c6ad50
2026-06-08,US.AMD,SHORT,False,-1,-1,-1,-1,-1,-1,True,,,0.0,0.0,no_entry,False,False,5,1,2c3b43c6ad50
2026-06-08,US.IWM,LONG,True,175,180,745,745,750,750,True,284.952239141,284.5831171,-0.36912204100002555,-0.001295382138820031,failed_followthrough,False,False,5,1,2c3b43c6ad50
2026-06-08,US.IWM,SHORT,False,-1,-1,-1,-1,-1,-1,True,,,0.0,0.0,no_entry,False,False,5,1,2c3b43c6ad50
2026-06-08,US.META,LONG,False,-1,-1,-1,-1,-1,-1,True,,,0.0,0.0,no_entry,False,False,5,1,2c3b43c6ad50
2026-06-08,US.META,SHORT,False,-1,-1,-1,-1,-1,-1,True,,,0.0,0.0,no_entry,False,False,5,1,2c3b43c6ad50
2026-06-08,US.MSFT,LONG,False,-1,-1,-1,-1,-1,-1,True,,,0.0,0.0,no_entry,False,False,5,1,2c3b43c6ad50
2026-06-08,US.MSFT,SHORT,False,-1,-1,-1,-1,-1,-1,True,,,0.0,0.0,no_entry,False,False,5,1,2c3b43c6ad50
2026-06-08,US.MU,LONG,False,-1,-1,-1,-1,-1,-1,True,,,0.0,0.0,no_entry,False,False,5,1,2c3b43c6ad50
2026-06-08,US.MU,SHORT,False,-1,-1,-1,-1,-1,-1,True,,,0.0,0.0,no_entry,False,False,5,1,2c3b43c6ad50
2026-06-08,US.NVDA,LONG,False,-1,-1,-1,-1,-1,-1,True,,,0.0,0.0,no_entry,False,False,5,1,2c3b43c6ad50
2026-06-08,US.NVDA,SHORT,True,230,235,800,800,805,805,True,207.607693283,207.631666457,-0.023973173999991104,-0.00011547343752484221,failed_followthrough,False,False,5,1,2c3b43c6ad50
2026-06-08,US.QQQ,LONG,True,265,270,835,835,840,840,True,718.430015224,717.800707211,-0.6293080130000135,-0.0008759489437587054,failed_followthrough,False,False,5,1,2c3b43c6ad50
2026-06-08,US.QQQ,SHORT,False,-1,-1,-1,-1,-1,-1,True,,,0.0,0.0,no_entry,False,False,5,1,2c3b43c6ad50
2026-06-08,US.SPY,LONG,False,-1,-1,-1,-1,-1,-1,True,,,0.0,0.0,no_entry,False,False,5,1,2c3b43c6ad50
2026-06-08,US.SPY,SHORT,False,-1,-1,-1,-1,-1,-1,True,,,0.0,0.0,no_entry,False,False,5,1,2c3b43c6ad50
2026-06-08,US.TSLA,LONG,False,-1,-1,-1,-1,-1,-1,True,,,0.0,0.0,no_entry,False,False,5,1,2c3b43c6ad50
2026-06-08,US.TSLA,SHORT,False,-1,-1,-1,-1,-1,-1,True,,,0.0,0.0,no_entry,False,False,5,1,2c3b43c6ad50
2026-06-09,US.AAPL,LONG,False,-1,-1,-1,-1,-1,-1,True,,,0.0,0.0,no_entry,False,False,5,1,2c3b43c6ad50
2026-06-09,US.AAPL,SHORT,False,-1,-1,-1,-1,-1,-1,True,,,0.0,0.0,no_entry,False,False,5,1,2c3b43c6ad50
2026-06-09,US.AMD,LONG,False,-1,-1,-1,-1,-1,-1,True,,,0.0,0.0,no_entry,False,False,5,1,2c3b43c6ad50
2026-06-09,US.AMD,SHORT,False,-1,-1,-1,-1,-1,-1,True,,,0.0,0.0,no_entry,False,False,5,1,2c3b43c6ad50
2026-06-09,US.IWM,LONG,False,-1,-1,-1,-1,-1,-1,True,,,0.0,0.0,no_entry,False,False,5,1,2c3b43c6ad50
2026-06-09,US.IWM,SHORT,False,-1,-1,-1,-1,-1,-1,True,,,0.0,0.0,no_entry,False,False,5,1,2c3b43c6ad50
2026-06-09,US.META,LONG,False,-1,-1,-1,-1,-1,-1,True,,,0.0,0.0,no_entry,False,False,5,1,2c3b43c6ad50
2026-06-09,US.META,SHORT,False,-1,-1,-1,-1,-1,-1,True,,,0.0,0.0,no_entry,False,False,5,1,2c3b43c6ad50
2026-06-09,US.MSFT,LONG,False,-1,-1,-1,-1,-1,-1,True,,,0.0,0.0,no_entry,False,False,5,1,2c3b43c6ad50
2026-06-09,US.MSFT,SHORT,False,-1,-1,-1,-1,-1,-1,True,,,0.0,0.0,no_entry,False,False,5,1,2c3b43c6ad50
2026-06-09,US.MU,LONG,False,-1,-1,-1,-1,-1,-1,True,,,0.0,0.0,no_entry,False,False,5,1,2c3b43c6ad50
2026-06-09,US.MU,SHORT,False,-1,-1,-1,-1,-1,-1,True,,,0.0,0.0,no_entry,False,False,5,1,2c3b43c6ad50
2026-06-09,US.NVDA,LONG,False,-1,-1,-1,-1,-1,-1,True,,,0.0,0.0,no_entry,False,False,5,1,2c3b43c6ad50
2026-06-09,US.NVDA,SHORT,False,-1,-1,-1,-1,-1,-1,True,,,0.0,0.0,no_entry,False,False,5,1,2c3b43c6ad50
2026-06-09,US.QQQ,LONG,False,-1,-1,-1,-1,-1,-1,True,,,0.0,0.0,no_entry,False,False,5,1,2c3b43c6ad50
2026-06-09,US.QQQ,SHORT,False,-1,-1,-1,-1,-1,-1,True,,,0.0,0.0,no_entry,False,False,5,1,2c3b43c6ad50
2026-06-09,US.SPY,LONG,False,-1,-1,-1,-1,-1,-1,True,,,0.0,0.0,no_entry,False,False,5,1,2c3b43c6ad50
2026-06-09,US.SPY,SHORT,False,-1,-1,-1,-1,-1,-1,True,,,0.0,0.0,no_entry,False,False,5,1,2c3b43c6ad50
2026-06-09,US.TSLA,LONG,False,-1,-1,-1,-1,-1,-1,True,,,0.0,0.0,no_entry,False,False,5,1,2c3b43c6ad50
2026-06-09,US.TSLA,SHORT,False,-1,-1,-1,-1,-1,-1,True,,,0.0,0.0,no_entry,False,False,5,1,2c3b43c6ad50
2026-06-10,US.AAPL,LONG,False,-1,-1,-1,-1,-1,-1,True,,,0.0,0.0,no_entry,False,False,5,1,2c3b43c6ad50
2026-06-10,US.AAPL,SHORT,False,-1,-1,-1,-1,-1,-1,True,,,0.0,0.0,no_entry,False,False,5,1,2c3b43c6ad50
2026-06-10,US.AMD,LONG,False,-1,-1,-1,-1,-1,-1,True,,,0.0,0.0,no_entry,False,False,5,1,2c3b43c6ad50
2026-06-10,US.AMD,SHORT,False,-1,-1,-1,-1,-1,-1,True,,,0.0,0.0,no_entry,False,False,5,1,2c3b43c6ad50
2026-06-10,US.IWM,LONG,False,-1,-1,-1,-1,-1,-1,True,,,0.0,0.0,no_entry,False,False,5,1,2c3b43c6ad50
2026-06-10,US.IWM,SHORT,False,-1,-1,-1,-1,-1,-1,True,,,0.0,0.0,no_entry,False,False,5,1,2c3b43c6ad50
2026-06-10,US.META,LONG,False,-1,-1,-1,-1,-1,-1,True,,,0.0,0.0,no_entry,False,False,5,1,2c3b43c6ad50
2026-06-10,US.META,SHORT,False,-1,-1,-1,-1,-1,-1,True,,,0.0,0.0,no_entry,False,False,5,1,2c3b43c6ad50
2026-06-10,US.MSFT,LONG,True,195,200,765,765,770,770,True,402.527242809,402.043154106,-0.4840887029999976,-0.0012026234538110474,failed_followthrough,False,False,5,1,2c3b43c6ad50
2026-06-10,US.MSFT,SHORT,False,-1,-1,-1,-1,-1,-1,True,,,0.0,0.0,no_entry,False,False,5,1,2c3b43c6ad50
2026-06-10,US.MU,LONG,True,25,30,595,595,600,600,True,924.85777385,913.9094575,-10.948316349999914,-0.01183783783794587,soft_failure_loss,False,False,5,1,2c3b43c6ad50
2026-06-10,US.MU,SHORT,False,-1,-1,-1,-1,-1,-1,True,,,0.0,0.0,no_entry,False,False,5,1,2c3b43c6ad50
2026-06-10,US.NVDA,LONG,False,-1,-1,-1,-1,-1,-1,True,,,0.0,0.0,no_entry,False,False,5,1,2c3b43c6ad50
2026-06-10,US.NVDA,SHORT,False,-1,-1,-1,-1,-1,-1,True,,,0.0,0.0,no_entry,False,False,5,1,2c3b43c6ad50
2026-06-10,US.QQQ,LONG,False,-1,-1,-1,-1,-1,-1,True,,,0.0,0.0,no_entry,False,False,5,1,2c3b43c6ad50
2026-06-10,US.QQQ,SHORT,False,-1,-1,-1,-1,-1,-1,True,,,0.0,0.0,no_entry,False,False,5,1,2c3b43c6ad50
2026-06-10,US.SPY,LONG,False,-1,-1,-1,-1,-1,-1,True,,,0.0,0.0,no_entry,False,False,5,1,2c3b43c6ad50
2026-06-10,US.SPY,SHORT,False,-1,-1,-1,-1,-1,-1,True,,,0.0,0.0,no_entry,False,False,5,1,2c3b43c6ad50
2026-06-10,US.TSLA,LONG,False,-1,-1,-1,-1,-1,-1,True,,,0.0,0.0,no_entry,False,False,5,1,2c3b43c6ad50
2026-06-10,US.TSLA,SHORT,False,-1,-1,-1,-1,-1,-1,True,,,0.0,0.0,no_entry,False,False,5,1,2c3b43c6ad50
2026-06-11,US.AAPL,LONG,False,-1,-1,-1,-1,-1,-1,True,,,0.0,0.0,no_entry,False,False,5,1,2c3b43c6ad50
2026-06-11,US.AAPL,SHORT,False,-1,-1,-1,-1,-1,-1,True,,,0.0,0.0,no_entry,False,False,5,1,2c3b43c6ad50
2026-06-11,US.AMD,LONG,True,65,75,635,635,645,645,True,472.93,470.68,-2.25,-0.0047575751168249004,failed_followthrough,False,False,5,1,2c3b43c6ad50
2026-06-11,US.AMD,SHORT,False,-1,-1,-1,-1,-1,-1,True,,,0.0,0.0,no_entry,False,False,5,1,2c3b43c6ad50
2026-06-11,US.IWM,LONG,True,60,65,630,630,635,635,True,285.31138491,285.27646796,-0.03491695000002437,-0.00012238190218395506,failed_followthrough,False,False,5,1,2c3b43c6ad50
2026-06-11,US.IWM,SHORT,False,-1,-1,-1,-1,-1,-1,True,,,0.0,0.0,no_entry,False,False,5,1,2c3b43c6ad50
2026-06-11,US.META,LONG,False,-1,-1,-1,-1,-1,-1,True,,,0.0,0.0,no_entry,False,False,5,1,2c3b43c6ad50
2026-06-11,US.META,SHORT,True,100,105,670,670,675,675,True,560.000981461,560.095893495,-0.09491203400000359,-0.00016948547795824447,failed_followthrough,False,False,5,1,2c3b43c6ad50
2026-06-11,US.MSFT,LONG,False,-1,-1,-1,-1,-1,-1,True,,,0.0,0.0,no_entry,False,False,5,1,2c3b43c6ad50
2026-06-11,US.MSFT,SHORT,False,-1,-1,-1,-1,-1,-1,True,,,0.0,0.0,no_entry,False,False,5,1,2c3b43c6ad50
2026-06-11,US.MU,LONG,True,70,75,640,640,645,645,True,914.909303742,910.23502256,-4.6742811820000725,-0.005109010437299255,failed_followthrough,False,False,5,1,2c3b43c6ad50
2026-06-11,US.MU,SHORT,False,-1,-1,-1,-1,-1,-1,True,,,0.0,0.0,no_entry,False,False,5,1,2c3b43c6ad50
2026-06-11,US.NVDA,LONG,True,40,45,610,610,615,615,True,202.69319246,201.854131344,-0.8390611160000105,-0.004139562388932194,failed_followthrough,False,False,5,1,2c3b43c6ad50
2026-06-11,US.NVDA,SHORT,False,-1,-1,-1,-1,-1,-1,True,,,0.0,0.0,no_entry,False,False,5,1,2c3b43c6ad50
2026-06-11,US.QQQ,LONG,True,70,75,640,640,645,645,True,701.29885263,700.100170699,-1.19868193100001,-0.0017092312735215974,failed_followthrough,False,False,5,1,2c3b43c6ad50
2026-06-11,US.QQQ,SHORT,False,-1,-1,-1,-1,-1,-1,True,,,0.0,0.0,no_entry,False,False,5,1,2c3b43c6ad50
2026-06-11,US.SPY,LONG,True,55,60,625,625,630,630,True,727.256870863,726.972603025,-0.2842678380000052,-0.00039087679936619717,failed_followthrough,False,False,5,1,2c3b43c6ad50
2026-06-11,US.SPY,SHORT,False,-1,-1,-1,-1,-1,-1,True,,,0.0,0.0,no_entry,False,False,5,1,2c3b43c6ad50
2026-06-11,US.TSLA,LONG,False,-1,-1,-1,-1,-1,-1,True,,,0.0,0.0,no_entry,False,False,5,1,2c3b43c6ad50
2026-06-11,US.TSLA,SHORT,False,-1,-1,-1,-1,-1,-1,True,,,0.0,0.0,no_entry,False,False,5,1,2c3b43c6ad50
2026-06-12,US.AAPL,LONG,False,-1,-1,-1,-1,-1,-1,True,,,0.0,0.0,no_entry,False,False,5,1,2c3b43c6ad50
2026-06-12,US.AAPL,SHORT,True,135,335,705,705,905,905,True,291.608500735,290.61935383,0.9891469049999841,0.0033920372777434017,trailing,False,False,5,1,2c3b43c6ad50
2026-06-12,US.AMD,LONG,True,160,330,730,730,900,900,True,510.2,513.79,3.589999999999975,0.007036456291650285,trailing,False,False,5,1,2c3b43c6ad50
2026-06-12,US.AMD,SHORT,False,-1,-1,-1,-1,-1,-1,True,,,0.0,0.0,no_entry,False,False,5,1,2c3b43c6ad50
2026-06-12,US.IWM,LONG,True,165,170,735,735,740,740,True,292.903327423,292.693825724,-0.20950169899998627,-0.0007152588563715146,failed_followthrough,False,False,5,1,2c3b43c6ad50
2026-06-12,US.IWM,SHORT,False,-1,-1,-1,-1,-1,-1,True,,,0.0,0.0,no_entry,False,False,5,1,2c3b43c6ad50
2026-06-12,US.META,LONG,False,-1,-1,-1,-1,-1,-1,True,,,0.0,0.0,no_entry,False,False,5,1,2c3b43c6ad50
2026-06-12,US.META,SHORT,False,-1,-1,-1,-1,-1,-1,True,,,0.0,0.0,no_entry,False,False,5,1,2c3b43c6ad50
2026-06-12,US.MSFT,LONG,False,-1,-1,-1,-1,-1,-1,True,,,0.0,0.0,no_entry,False,False,5,1,2c3b43c6ad50
2026-06-12,US.MSFT,SHORT,False,-1,-1,-1,-1,-1,-1,True,,,0.0,0.0,no_entry,False,False,5,1,2c3b43c6ad50
2026-06-12,US.MU,LONG,True,85,90,655,655,660,660,True,993.328244348,991.187573544,-2.140670804000024,-0.0021550487627633257,failed_followthrough,False,False,5,1,2c3b43c6ad50
2026-06-12,US.MU,SHORT,False,-1,-1,-1,-1,-1,-1,True,,,0.0,0.0,no_entry,False,False,5,1,2c3b43c6ad50
2026-06-12,US.NVDA,LONG,False,-1,-1,-1,-1,-1,-1,True,,,0.0,0.0,no_entry,False,False,5,1,2c3b43c6ad50
2026-06-12,US.NVDA,SHORT,False,-1,-1,-1,-1,-1,-1,True,,,0.0,0.0,no_entry,False,False,5,1,2c3b43c6ad50
2026-06-12,US.QQQ,LONG,False,-1,-1,-1,-1,-1,-1,True,,,0.0,0.0,no_entry,False,False,5,1,2c3b43c6ad50
2026-06-12,US.QQQ,SHORT,False,-1,-1,-1,-1,-1,-1,True,,,0.0,0.0,no_entry,False,False,5,1,2c3b43c6ad50
2026-06-12,US.SPY,LONG,False,-1,-1,-1,-1,-1,-1,True,,,0.0,0.0,no_entry,False,False,5,1,2c3b43c6ad50
2026-06-12,US.SPY,SHORT,False,-1,-1,-1,-1,-1,-1,True,,,0.0,0.0,no_entry,False,False,5,1,2c3b43c6ad50
2026-06-12,US.TSLA,LONG,False,-1,-1,-1,-1,-1,-1,True,,,0.0,0.0,no_entry,False,False,5,1,2c3b43c6ad50
2026-06-12,US.TSLA,SHORT,False,-1,-1,-1,-1,-1,-1,True,,,0.0,0.0,no_entry,False,False,5,1,2c3b43c6ad50
2026-06-15,US.AAPL,LONG,False,-1,-1,-1,-1,-1,-1,True,,,0.0,0.0,no_entry,False,False,5,1,2c3b43c6ad50
2026-06-15,US.AAPL,SHORT,False,-1,-1,-1,-1,-1,-1,True,,,0.0,0.0,no_entry,False,False,5,1,2c3b43c6ad50
2026-06-15,US.AMD,LONG,False,-1,-1,-1,-1,-1,-1,True,,,0.0,0.0,no_entry,False,False,5,1,2c3b43c6ad50
2026-06-15,US.AMD,SHORT,False,-1,-1,-1,-1,-1,-1,True,,,0.0,0.0,no_entry,False,False,5,1,2c3b43c6ad50
2026-06-15,US.IWM,LONG,False,-1,-1,-1,-1,-1,-1,True,,,0.0,0.0,no_entry,False,False,5,1,2c3b43c6ad50
2026-06-15,US.IWM,SHORT,False,-1,-1,-1,-1,-1,-1,True,,,0.0,0.0,no_entry,False,False,5,1,2c3b43c6ad50
2026-06-15,US.META,LONG,False,-1,-1,-1,-1,-1,-1,True,,,0.0,0.0,no_entry,False,False,5,1,2c3b43c6ad50
2026-06-15,US.META,SHORT,False,-1,-1,-1,-1,-1,-1,True,,,0.0,0.0,no_entry,False,False,5,1,2c3b43c6ad50
2026-06-15,US.MSFT,LONG,True,100,115,670,670,685,685,True,397.682263479,397.312060386,-0.3702030930000433,-0.0009309016946379159,failed_followthrough,False,False,5,1,2c3b43c6ad50
2026-06-15,US.MSFT,SHORT,False,-1,-1,-1,-1,-1,-1,True,,,0.0,0.0,no_entry,False,False,5,1,2c3b43c6ad50
2026-06-15,US.MU,LONG,False,-1,-1,-1,-1,-1,-1,True,,,0.0,0.0,no_entry,False,False,5,1,2c3b43c6ad50
2026-06-15,US.MU,SHORT,False,-1,-1,-1,-1,-1,-1,True,,,0.0,0.0,no_entry,False,False,5,1,2c3b43c6ad50
2026-06-15,US.NVDA,LONG,False,-1,-1,-1,-1,-1,-1,True,,,0.0,0.0,no_entry,False,False,5,1,2c3b43c6ad50
2026-06-15,US.NVDA,SHORT,False,-1,-1,-1,-1,-1,-1,True,,,0.0,0.0,no_entry,False,False,5,1,2c3b43c6ad50
2026-06-15,US.QQQ,LONG,True,35,40,605,605,610,610,True,739.766553593,739.576762287,-0.18979130600007466,-0.0002565556729731428,failed_followthrough,False,False,5,1,2c3b43c6ad50
2026-06-15,US.QQQ,SHORT,False,-1,-1,-1,-1,-1,-1,True,,,0.0,0.0,no_entry,False,False,5,1,2c3b43c6ad50
2026-06-15,US.SPY,LONG,True,25,30,595,595,600,600,True,751.773725039,751.384726946,-0.3889980930000547,-0.0005174403946877426,failed_followthrough,False,False,5,1,2c3b43c6ad50
2026-06-15,US.SPY,SHORT,False,-1,-1,-1,-1,-1,-1,True,,,0.0,0.0,no_entry,False,False,5,1,2c3b43c6ad50
2026-06-15,US.TSLA,LONG,False,-1,-1,-1,-1,-1,-1,True,,,0.0,0.0,no_entry,False,False,5,1,2c3b43c6ad50
2026-06-15,US.TSLA,SHORT,False,-1,-1,-1,-1,-1,-1,True,,,0.0,0.0,no_entry,False,False,5,1,2c3b43c6ad50
2026-06-16,US.AAPL,LONG,False,-1,-1,-1,-1,-1,-1,True,,,0.0,0.0,no_entry,False,False,5,1,2c3b43c6ad50
2026-06-16,US.AAPL,SHORT,False,-1,-1,-1,-1,-1,-1,True,,,0.0,0.0,no_entry,False,False,5,1,2c3b43c6ad50
2026-06-16,US.AMD,LONG,False,-1,-1,-1,-1,-1,-1,True,,,0.0,0.0,no_entry,False,False,5,1,2c3b43c6ad50
2026-06-16,US.AMD,SHORT,False,-1,-1,-1,-1,-1,-1,True,,,0.0,0.0,no_entry,False,False,5,1,2c3b43c6ad50
2026-06-16,US.IWM,LONG,False,-1,-1,-1,-1,-1,-1,True,,,0.0,0.0,no_entry,False,False,5,1,2c3b43c6ad50
2026-06-16,US.IWM,SHORT,False,-1,-1,-1,-1,-1,-1,True,,,0.0,0.0,no_entry,False,False,5,1,2c3b43c6ad50
2026-06-16,US.META,LONG,False,-1,-1,-1,-1,-1,-1,True,,,0.0,0.0,no_entry,False,False,5,1,2c3b43c6ad50
2026-06-16,US.META,SHORT,False,-1,-1,-1,-1,-1,-1,True,,,0.0,0.0,no_entry,False,False,5,1,2c3b43c6ad50
2026-06-16,US.MSFT,LONG,False,-1,-1,-1,-1,-1,-1,True,,,0.0,0.0,no_entry,False,False,5,1,2c3b43c6ad50
2026-06-16,US.MSFT,SHORT,False,-1,-1,-1,-1,-1,-1,True,,,0.0,0.0,no_entry,False,False,5,1,2c3b43c6ad50
2026-06-16,US.MU,LONG,False,-1,-1,-1,-1,-1,-1,True,,,0.0,0.0,no_entry,False,False,5,1,2c3b43c6ad50
2026-06-16,US.MU,SHORT,False,-1,-1,-1,-1,-1,-1,True,,,0.0,0.0,no_entry,False,False,5,1,2c3b43c6ad50
2026-06-16,US.NVDA,LONG,False,-1,-1,-1,-1,-1,-1,True,,,0.0,0.0,no_entry,False,False,5,1,2c3b43c6ad50
2026-06-16,US.NVDA,SHORT,True,195,200,765,765,770,770,True,208.546642627,208.656519678,-0.1098770509999838,-0.0005268703903160237,failed_followthrough,False,False,5,1,2c3b43c6ad50
2026-06-16,US.QQQ,LONG,True,25,30,595,595,600,600,True,742.963038742,741.444708296,-1.5183304459999363,-0.0020436150478909476,soft_failure_loss,False,False,5,1,2c3b43c6ad50
2026-06-16,US.QQQ,SHORT,False,-1,-1,-1,-1,-1,-1,True,,,0.0,0.0,no_entry,False,False,5,1,2c3b43c6ad50
2026-06-16,US.SPY,LONG,False,-1,-1,-1,-1,-1,-1,True,,,0.0,0.0,no_entry,False,False,5,1,2c3b43c6ad50
2026-06-16,US.SPY,SHORT,True,50,375,620,620,-1,945,True,752.053005721,749.050738387,3.002267333999953,0.003992095385778895,scheduled_flatten,True,False,5,1,2c3b43c6ad50
2026-06-16,US.TSLA,LONG,False,-1,-1,-1,-1,-1,-1,True,,,0.0,0.0,no_entry,False,False,5,1,2c3b43c6ad50
2026-06-16,US.TSLA,SHORT,False,-1,-1,-1,-1,-1,-1,True,,,0.0,0.0,no_entry,False,False,5,1,2c3b43c6ad50
2026-06-17,US.AAPL,LONG,False,-1,-1,-1,-1,-1,-1,True,,,0.0,0.0,no_entry,False,False,5,1,2c3b43c6ad50
2026-06-17,US.AAPL,SHORT,False,-1,-1,-1,-1,-1,-1,True,,,0.0,0.0,no_entry,False,False,5,1,2c3b43c6ad50
2026-06-17,US.AMD,LONG,False,-1,-1,-1,-1,-1,-1,True,,,0.0,0.0,no_entry,False,False,5,1,2c3b43c6ad50
2026-06-17,US.AMD,SHORT,False,-1,-1,-1,-1,-1,-1,True,,,0.0,0.0,no_entry,False,False,5,1,2c3b43c6ad50
2026-06-17,US.IWM,LONG,False,-1,-1,-1,-1,-1,-1,True,,,0.0,0.0,no_entry,False,False,5,1,2c3b43c6ad50
2026-06-17,US.IWM,SHORT,False,-1,-1,-1,-1,-1,-1,True,,,0.0,0.0,no_entry,False,False,5,1,2c3b43c6ad50
2026-06-17,US.META,LONG,False,-1,-1,-1,-1,-1,-1,True,,,0.0,0.0,no_entry,False,False,5,1,2c3b43c6ad50
2026-06-17,US.META,SHORT,False,-1,-1,-1,-1,-1,-1,True,,,0.0,0.0,no_entry,False,False,5,1,2c3b43c6ad50
2026-06-17,US.MSFT,LONG,False,-1,-1,-1,-1,-1,-1,True,,,0.0,0.0,no_entry,False,False,5,1,2c3b43c6ad50
2026-06-17,US.MSFT,SHORT,False,-1,-1,-1,-1,-1,-1,True,,,0.0,0.0,no_entry,False,False,5,1,2c3b43c6ad50
2026-06-17,US.MU,LONG,False,-1,-1,-1,-1,-1,-1,True,,,0.0,0.0,no_entry,False,False,5,1,2c3b43c6ad50
2026-06-17,US.MU,SHORT,True,40,50,610,610,620,620,True,1028.951766104,1038.690268501,-9.738502397000047,-0.00946448873291087,soft_failure_loss,False,False,5,1,2c3b43c6ad50
2026-06-17,US.NVDA,LONG,False,-1,-1,-1,-1,-1,-1,True,,,0.0,0.0,no_entry,False,False,5,1,2c3b43c6ad50
2026-06-17,US.NVDA,SHORT,True,45,50,615,615,620,620,True,207.213134782,207.308028598,-0.09489381599999547,-0.0004579527070030052,failed_followthrough,False,False,5,1,2c3b43c6ad50
2026-06-17,US.QQQ,LONG,False,-1,-1,-1,-1,-1,-1,True,,,0.0,0.0,no_entry,False,False,5,1,2c3b43c6ad50
2026-06-17,US.QQQ,SHORT,True,35,40,605,605,610,610,True,731.066120578,731.066120578,-0.0,-0.0,failed_followthrough,False,False,5,1,2c3b43c6ad50
2026-06-17,US.SPY,LONG,True,60,65,630,630,635,635,True,749.757717486,748.821329256,-0.9363882300000341,-0.00124892109565717,soft_failure_loss,False,False,5,1,2c3b43c6ad50
2026-06-17,US.SPY,SHORT,True,85,175,655,655,745,745,True,748.11315324,749.025802612,-0.9126493720000326,-0.0012199349363761932,soft_failure_loss,False,False,5,1,2c3b43c6ad50
2026-06-17,US.TSLA,LONG,False,-1,-1,-1,-1,-1,-1,True,,,0.0,0.0,no_entry,False,False,5,1,2c3b43c6ad50
2026-06-17,US.TSLA,SHORT,True,85,90,655,655,660,660,True,399.3782,399.63,-0.2518000000000029,-0.000630480081286367,failed_followthrough,False,False,5,1,2c3b43c6ad50
2026-06-18,US.AAPL,LONG,False,-1,-1,-1,-1,-1,-1,True,,,0.0,0.0,no_entry,False,False,5,1,2c3b43c6ad50
2026-06-18,US.AAPL,SHORT,False,-1,-1,-1,-1,-1,-1,True,,,0.0,0.0,no_entry,False,False,5,1,2c3b43c6ad50
2026-06-18,US.AMD,LONG,False,-1,-1,-1,-1,-1,-1,True,,,0.0,0.0,no_entry,False,False,5,1,2c3b43c6ad50
2026-06-18,US.AMD,SHORT,False,-1,-1,-1,-1,-1,-1,True,,,0.0,0.0,no_entry,False,False,5,1,2c3b43c6ad50
2026-06-18,US.IWM,LONG,False,-1,-1,-1,-1,-1,-1,True,,,0.0,0.0,no_entry,False,False,5,1,2c3b43c6ad50
2026-06-18,US.IWM,SHORT,True,40,80,610,610,650,650,True,292.99,293.96,-0.9699999999999704,-0.0033106931977199576,soft_failure_loss,False,False,5,1,2c3b43c6ad50
2026-06-18,US.META,LONG,False,-1,-1,-1,-1,-1,-1,True,,,0.0,0.0,no_entry,False,False,5,1,2c3b43c6ad50
2026-06-18,US.META,SHORT,False,-1,-1,-1,-1,-1,-1,True,,,0.0,0.0,no_entry,False,False,5,1,2c3b43c6ad50
2026-06-18,US.MSFT,LONG,False,-1,-1,-1,-1,-1,-1,True,,,0.0,0.0,no_entry,False,False,5,1,2c3b43c6ad50
2026-06-18,US.MSFT,SHORT,False,-1,-1,-1,-1,-1,-1,True,,,0.0,0.0,no_entry,False,False,5,1,2c3b43c6ad50
2026-06-18,US.MU,LONG,False,-1,-1,-1,-1,-1,-1,True,,,0.0,0.0,no_entry,False,False,5,1,2c3b43c6ad50
2026-06-18,US.MU,SHORT,False,-1,-1,-1,-1,-1,-1,True,,,0.0,0.0,no_entry,False,False,5,1,2c3b43c6ad50
2026-06-18,US.NVDA,LONG,False,-1,-1,-1,-1,-1,-1,True,,,0.0,0.0,no_entry,False,False,5,1,2c3b43c6ad50
2026-06-18,US.NVDA,SHORT,False,-1,-1,-1,-1,-1,-1,True,,,0.0,0.0,no_entry,False,False,5,1,2c3b43c6ad50
2026-06-18,US.QQQ,LONG,False,-1,-1,-1,-1,-1,-1,True,,,0.0,0.0,no_entry,False,False,5,1,2c3b43c6ad50
2026-06-18,US.QQQ,SHORT,False,-1,-1,-1,-1,-1,-1,True,,,0.0,0.0,no_entry,False,False,5,1,2c3b43c6ad50
2026-06-18,US.SPY,LONG,False,-1,-1,-1,-1,-1,-1,True,,,0.0,0.0,no_entry,False,False,5,1,2c3b43c6ad50
2026-06-18,US.SPY,SHORT,False,-1,-1,-1,-1,-1,-1,True,,,0.0,0.0,no_entry,False,False,5,1,2c3b43c6ad50
2026-06-18,US.TSLA,LONG,False,-1,-1,-1,-1,-1,-1,True,,,0.0,0.0,no_entry,False,False,5,1,2c3b43c6ad50
2026-06-18,US.TSLA,SHORT,False,-1,-1,-1,-1,-1,-1,True,,,0.0,0.0,no_entry,False,False,5,1,2c3b43c6ad50
2026-06-22,US.AAPL,LONG,False,-1,-1,-1,-1,-1,-1,True,,,0.0,0.0,no_entry,False,False,5,1,2c3b43c6ad50
2026-06-22,US.AAPL,SHORT,False,-1,-1,-1,-1,-1,-1,True,,,0.0,0.0,no_entry,False,False,5,1,2c3b43c6ad50
2026-06-22,US.AMD,LONG,False,-1,-1,-1,-1,-1,-1,True,,,0.0,0.0,no_entry,False,False,5,1,2c3b43c6ad50
2026-06-22,US.AMD,SHORT,False,-1,-1,-1,-1,-1,-1,True,,,0.0,0.0,no_entry,False,False,5,1,2c3b43c6ad50
2026-06-22,US.IWM,LONG,True,35,40,605,605,610,610,True,298.87,298.65,-0.22000000000002728,-0.0007361059992639853,failed_followthrough,False,False,5,1,2c3b43c6ad50
2026-06-22,US.IWM,SHORT,False,-1,-1,-1,-1,-1,-1,True,,,0.0,0.0,no_entry,False,False,5,1,2c3b43c6ad50
2026-06-22,US.META,LONG,False,-1,-1,-1,-1,-1,-1,True,,,0.0,0.0,no_entry,False,False,5,1,2c3b43c6ad50
2026-06-22,US.META,SHORT,False,-1,-1,-1,-1,-1,-1,True,,,0.0,0.0,no_entry,False,False,5,1,2c3b43c6ad50
2026-06-22,US.MSFT,LONG,False,-1,-1,-1,-1,-1,-1,True,,,0.0,0.0,no_entry,False,False,5,1,2c3b43c6ad50
2026-06-22,US.MSFT,SHORT,False,-1,-1,-1,-1,-1,-1,True,,,0.0,0.0,no_entry,False,False,5,1,2c3b43c6ad50
2026-06-22,US.MU,LONG,False,-1,-1,-1,-1,-1,-1,True,,,0.0,0.0,no_entry,False,False,5,1,2c3b43c6ad50
2026-06-22,US.MU,SHORT,False,-1,-1,-1,-1,-1,-1,True,,,0.0,0.0,no_entry,False,False,5,1,2c3b43c6ad50
2026-06-22,US.NVDA,LONG,False,-1,-1,-1,-1,-1,-1,True,,,0.0,0.0,no_entry,False,False,5,1,2c3b43c6ad50
2026-06-22,US.NVDA,SHORT,False,-1,-1,-1,-1,-1,-1,True,,,0.0,0.0,no_entry,False,False,5,1,2c3b43c6ad50
2026-06-22,US.QQQ,LONG,False,-1,-1,-1,-1,-1,-1,True,,,0.0,0.0,no_entry,False,False,5,1,2c3b43c6ad50
2026-06-22,US.QQQ,SHORT,False,-1,-1,-1,-1,-1,-1,True,,,0.0,0.0,no_entry,False,False,5,1,2c3b43c6ad50
2026-06-22,US.SPY,LONG,False,-1,-1,-1,-1,-1,-1,True,,,0.0,0.0,no_entry,False,False,5,1,2c3b43c6ad50
2026-06-22,US.SPY,SHORT,False,-1,-1,-1,-1,-1,-1,True,,,0.0,0.0,no_entry,False,False,5,1,2c3b43c6ad50
2026-06-22,US.TSLA,LONG,False,-1,-1,-1,-1,-1,-1,True,,,0.0,0.0,no_entry,False,False,5,1,2c3b43c6ad50
2026-06-22,US.TSLA,SHORT,False,-1,-1,-1,-1,-1,-1,True,,,0.0,0.0,no_entry,False,False,5,1,2c3b43c6ad50
2026-06-23,US.AAPL,LONG,False,-1,-1,-1,-1,-1,-1,True,,,0.0,0.0,no_entry,False,False,5,1,2c3b43c6ad50
2026-06-23,US.AAPL,SHORT,False,-1,-1,-1,-1,-1,-1,True,,,0.0,0.0,no_entry,False,False,5,1,2c3b43c6ad50
2026-06-23,US.AMD,LONG,True,85,105,655,655,675,675,True,520.61,519.355,-1.2549999999999955,-0.0024106336797218558,failed_followthrough,False,False,5,1,2c3b43c6ad50
2026-06-23,US.AMD,SHORT,False,-1,-1,-1,-1,-1,-1,True,,,0.0,0.0,no_entry,False,False,5,1,2c3b43c6ad50
2026-06-23,US.IWM,LONG,False,-1,-1,-1,-1,-1,-1,True,,,0.0,0.0,no_entry,False,False,5,1,2c3b43c6ad50
2026-06-23,US.IWM,SHORT,False,-1,-1,-1,-1,-1,-1,True,,,0.0,0.0,no_entry,False,False,5,1,2c3b43c6ad50
2026-06-23,US.META,LONG,False,-1,-1,-1,-1,-1,-1,True,,,0.0,0.0,no_entry,False,False,5,1,2c3b43c6ad50
2026-06-23,US.META,SHORT,False,-1,-1,-1,-1,-1,-1,True,,,0.0,0.0,no_entry,False,False,5,1,2c3b43c6ad50
2026-06-23,US.MSFT,LONG,False,-1,-1,-1,-1,-1,-1,True,,,0.0,0.0,no_entry,False,False,5,1,2c3b43c6ad50
2026-06-23,US.MSFT,SHORT,False,-1,-1,-1,-1,-1,-1,True,,,0.0,0.0,no_entry,False,False,5,1,2c3b43c6ad50
2026-06-23,US.MU,LONG,True,90,95,660,660,665,665,True,1089.50245452,1088.51260674,-0.989847779999991,-0.0009085319412484356,failed_followthrough,False,False,5,1,2c3b43c6ad50
2026-06-23,US.MU,SHORT,False,-1,-1,-1,-1,-1,-1,True,,,0.0,0.0,no_entry,False,False,5,1,2c3b43c6ad50
2026-06-23,US.NVDA,LONG,True,70,75,640,640,645,645,True,202.653237169,202.578320998,-0.07491617099998393,-0.00036967665578176075,failed_followthrough,False,False,5,1,2c3b43c6ad50
2026-06-23,US.NVDA,SHORT,False,-1,-1,-1,-1,-1,-1,True,,,0.0,0.0,no_entry,False,False,5,1,2c3b43c6ad50
2026-06-23,US.QQQ,LONG,True,235,240,805,805,810,810,True,719.36,719.08,-0.2799999999999727,-0.0003892348754448019,failed_followthrough,False,False,5,1,2c3b43c6ad50
2026-06-23,US.QQQ,SHORT,False,-1,-1,-1,-1,-1,-1,True,,,0.0,0.0,no_entry,False,False,5,1,2c3b43c6ad50
2026-06-23,US.SPY,LONG,True,155,290,725,725,860,860,True,736.67,735.585,-1.0849999999999227,-0.0014728440142803736,soft_failure_loss,False,False,5,1,2c3b43c6ad50
2026-06-23,US.SPY,SHORT,False,-1,-1,-1,-1,-1,-1,True,,,0.0,0.0,no_entry,False,False,5,1,2c3b43c6ad50
2026-06-23,US.TSLA,LONG,False,-1,-1,-1,-1,-1,-1,True,,,0.0,0.0,no_entry,False,False,5,1,2c3b43c6ad50
2026-06-23,US.TSLA,SHORT,True,75,375,645,645,-1,945,True,387.66,381.72,5.939999999999998,0.015322705463550527,scheduled_flatten,True,False,5,1,2c3b43c6ad50
2026-06-24,US.AAPL,LONG,False,-1,-1,-1,-1,-1,-1,True,,,0.0,0.0,no_entry,False,False,5,1,2c3b43c6ad50
2026-06-24,US.AAPL,SHORT,False,-1,-1,-1,-1,-1,-1,True,,,0.0,0.0,no_entry,False,False,5,1,2c3b43c6ad50
2026-06-24,US.AMD,LONG,False,-1,-1,-1,-1,-1,-1,True,,,0.0,0.0,no_entry,False,False,5,1,2c3b43c6ad50
2026-06-24,US.AMD,SHORT,False,-1,-1,-1,-1,-1,-1,True,,,0.0,0.0,no_entry,False,False,5,1,2c3b43c6ad50
2026-06-24,US.IWM,LONG,True,55,240,625,625,810,810,True,297.03,296.34,-0.6899999999999977,-0.0023229976770023156,trailing,False,False,5,1,2c3b43c6ad50
2026-06-24,US.IWM,SHORT,False,-1,-1,-1,-1,-1,-1,True,,,0.0,0.0,no_entry,False,False,5,1,2c3b43c6ad50
2026-06-24,US.META,LONG,False,-1,-1,-1,-1,-1,-1,True,,,0.0,0.0,no_entry,False,False,5,1,2c3b43c6ad50
2026-06-24,US.META,SHORT,False,-1,-1,-1,-1,-1,-1,True,,,0.0,0.0,no_entry,False,False,5,1,2c3b43c6ad50
2026-06-24,US.MSFT,LONG,False,-1,-1,-1,-1,-1,-1,True,,,0.0,0.0,no_entry,False,False,5,1,2c3b43c6ad50
2026-06-24,US.MSFT,SHORT,False,-1,-1,-1,-1,-1,-1,True,,,0.0,0.0,no_entry,False,False,5,1,2c3b43c6ad50
2026-06-24,US.MU,LONG,False,-1,-1,-1,-1,-1,-1,True,,,0.0,0.0,no_entry,False,False,5,1,2c3b43c6ad50
2026-06-24,US.MU,SHORT,False,-1,-1,-1,-1,-1,-1,True,,,0.0,0.0,no_entry,False,False,5,1,2c3b43c6ad50
2026-06-24,US.NVDA,LONG,False,-1,-1,-1,-1,-1,-1,True,,,0.0,0.0,no_entry,False,False,5,1,2c3b43c6ad50
2026-06-24,US.NVDA,SHORT,False,-1,-1,-1,-1,-1,-1,True,,,0.0,0.0,no_entry,False,False,5,1,2c3b43c6ad50
2026-06-24,US.QQQ,LONG,False,-1,-1,-1,-1,-1,-1,True,,,0.0,0.0,no_entry,False,False,5,1,2c3b43c6ad50
2026-06-24,US.QQQ,SHORT,False,-1,-1,-1,-1,-1,-1,True,,,0.0,0.0,no_entry,False,False,5,1,2c3b43c6ad50
2026-06-24,US.SPY,LONG,False,-1,-1,-1,-1,-1,-1,True,,,0.0,0.0,no_entry,False,False,5,1,2c3b43c6ad50
2026-06-24,US.SPY,SHORT,False,-1,-1,-1,-1,-1,-1,True,,,0.0,0.0,no_entry,False,False,5,1,2c3b43c6ad50
2026-06-24,US.TSLA,LONG,False,-1,-1,-1,-1,-1,-1,True,,,0.0,0.0,no_entry,False,False,5,1,2c3b43c6ad50
2026-06-24,US.TSLA,SHORT,False,-1,-1,-1,-1,-1,-1,True,,,0.0,0.0,no_entry,False,False,5,1,2c3b43c6ad50
2026-06-25,US.AAPL,LONG,False,-1,-1,-1,-1,-1,-1,True,,,0.0,0.0,no_entry,False,False,5,1,2c3b43c6ad50
2026-06-25,US.AAPL,SHORT,False,-1,-1,-1,-1,-1,-1,True,,,0.0,0.0,no_entry,False,False,5,1,2c3b43c6ad50
2026-06-25,US.AMD,LONG,False,-1,-1,-1,-1,-1,-1,True,,,0.0,0.0,no_entry,False,False,5,1,2c3b43c6ad50
2026-06-25,US.AMD,SHORT,True,190,200,760,760,770,770,True,524.4699,525.02,-0.5500999999999294,-0.0010488685813998656,failed_followthrough,False,False,5,1,2c3b43c6ad50
2026-06-25,US.IWM,LONG,False,-1,-1,-1,-1,-1,-1,True,,,0.0,0.0,no_entry,False,False,5,1,2c3b43c6ad50
2026-06-25,US.IWM,SHORT,False,-1,-1,-1,-1,-1,-1,True,,,0.0,0.0,no_entry,False,False,5,1,2c3b43c6ad50
2026-06-25,US.META,LONG,False,-1,-1,-1,-1,-1,-1,True,,,0.0,0.0,no_entry,False,False,5,1,2c3b43c6ad50
2026-06-25,US.META,SHORT,False,-1,-1,-1,-1,-1,-1,True,,,0.0,0.0,no_entry,False,False,5,1,2c3b43c6ad50
2026-06-25,US.MSFT,LONG,False,-1,-1,-1,-1,-1,-1,True,,,0.0,0.0,no_entry,False,False,5,1,2c3b43c6ad50
2026-06-25,US.MSFT,SHORT,True,35,45,605,605,615,615,True,357.417162497,357.626767915,-0.20960541800002375,-0.0005864447485836192,failed_followthrough,False,False,5,1,2c3b43c6ad50
2026-06-25,US.MU,LONG,False,-1,-1,-1,-1,-1,-1,True,,,0.0,0.0,no_entry,False,False,5,1,2c3b43c6ad50
2026-06-25,US.MU,SHORT,False,-1,-1,-1,-1,-1,-1,True,,,0.0,0.0,no_entry,False,False,5,1,2c3b43c6ad50
2026-06-25,US.NVDA,LONG,False,-1,-1,-1,-1,-1,-1,True,,,0.0,0.0,no_entry,False,False,5,1,2c3b43c6ad50
2026-06-25,US.NVDA,SHORT,True,110,115,680,680,685,685,True,195.011887607,195.394459521,-0.3825719139999819,-0.0019617876566118083,failed_followthrough,False,False,5,1,2c3b43c6ad50
2026-06-25,US.QQQ,LONG,False,-1,-1,-1,-1,-1,-1,True,,,0.0,0.0,no_entry,False,False,5,1,2c3b43c6ad50
2026-06-25,US.QQQ,SHORT,True,110,115,680,680,685,685,True,712.3748,713.64,-1.2651999999999362,-0.0017760313812334968,failed_followthrough,False,False,5,1,2c3b43c6ad50
2026-06-25,US.SPY,LONG,False,-1,-1,-1,-1,-1,-1,True,,,0.0,0.0,no_entry,False,False,5,1,2c3b43c6ad50
2026-06-25,US.SPY,SHORT,True,110,115,680,680,685,685,True,733.64,734.51,-0.8700000000000045,-0.0011858677280410072,failed_followthrough,False,False,5,1,2c3b43c6ad50
2026-06-25,US.TSLA,LONG,False,-1,-1,-1,-1,-1,-1,True,,,0.0,0.0,no_entry,False,False,5,1,2c3b43c6ad50
2026-06-25,US.TSLA,SHORT,False,-1,-1,-1,-1,-1,-1,True,,,0.0,0.0,no_entry,False,False,5,1,2c3b43c6ad50
2026-06-26,US.AAPL,LONG,False,-1,-1,-1,-1,-1,-1,True,,,0.0,0.0,no_entry,False,False,5,1,2c3b43c6ad50
2026-06-26,US.AAPL,SHORT,False,-1,-1,-1,-1,-1,-1,True,,,0.0,0.0,no_entry,False,False,5,1,2c3b43c6ad50
2026-06-26,US.AMD,LONG,False,-1,-1,-1,-1,-1,-1,True,,,0.0,0.0,no_entry,False,False,5,1,2c3b43c6ad50
2026-06-26,US.AMD,SHORT,False,-1,-1,-1,-1,-1,-1,True,,,0.0,0.0,no_entry,False,False,5,1,2c3b43c6ad50
2026-06-26,US.IWM,LONG,True,185,190,755,755,760,760,True,298.8,298.71,-0.09000000000003183,-0.000301204819277215,failed_followthrough,False,False,5,1,2c3b43c6ad50
2026-06-26,US.IWM,SHORT,False,-1,-1,-1,-1,-1,-1,True,,,0.0,0.0,no_entry,False,False,5,1,2c3b43c6ad50
2026-06-26,US.META,LONG,False,-1,-1,-1,-1,-1,-1,True,,,0.0,0.0,no_entry,False,False,5,1,2c3b43c6ad50
2026-06-26,US.META,SHORT,False,-1,-1,-1,-1,-1,-1,True,,,0.0,0.0,no_entry,False,False,5,1,2c3b43c6ad50
2026-06-26,US.MSFT,LONG,False,-1,-1,-1,-1,-1,-1,True,,,0.0,0.0,no_entry,False,False,5,1,2c3b43c6ad50
2026-06-26,US.MSFT,SHORT,False,-1,-1,-1,-1,-1,-1,True,,,0.0,0.0,no_entry,False,False,5,1,2c3b43c6ad50
2026-06-26,US.MU,LONG,True,85,90,655,655,660,660,True,1163.821025688,1162.811180983,-1.0098447049999777,-0.0008676975950000575,failed_followthrough,False,False,5,1,2c3b43c6ad50
2026-06-26,US.MU,SHORT,False,-1,-1,-1,-1,-1,-1,True,,,0.0,0.0,no_entry,False,False,5,1,2c3b43c6ad50
2026-06-26,US.NVDA,LONG,True,60,70,630,630,640,640,True,193.517459827,192.824235524,-0.6932243030000222,-0.0035822313067758755,failed_followthrough,False,False,5,1,2c3b43c6ad50
2026-06-26,US.NVDA,SHORT,False,-1,-1,-1,-1,-1,-1,True,,,0.0,0.0,no_entry,False,False,5,1,2c3b43c6ad50
2026-06-26,US.QQQ,LONG,False,-1,-1,-1,-1,-1,-1,True,,,0.0,0.0,no_entry,False,False,5,1,2c3b43c6ad50
2026-06-26,US.QQQ,SHORT,False,-1,-1,-1,-1,-1,-1,True,,,0.0,0.0,no_entry,False,False,5,1,2c3b43c6ad50
2026-06-26,US.SPY,LONG,False,-1,-1,-1,-1,-1,-1,True,,,0.0,0.0,no_entry,False,False,5,1,2c3b43c6ad50
2026-06-26,US.SPY,SHORT,False,-1,-1,-1,-1,-1,-1,True,,,0.0,0.0,no_entry,False,False,5,1,2c3b43c6ad50
2026-06-26,US.TSLA,LONG,False,-1,-1,-1,-1,-1,-1,True,,,0.0,0.0,no_entry,False,False,5,1,2c3b43c6ad50
2026-06-26,US.TSLA,SHORT,False,-1,-1,-1,-1,-1,-1,True,,,0.0,0.0,no_entry,False,False,5,1,2c3b43c6ad50
2026-06-29,US.AAPL,LONG,False,-1,-1,-1,-1,-1,-1,True,,,0.0,0.0,no_entry,False,False,5,1,2c3b43c6ad50
2026-06-29,US.AAPL,SHORT,False,-1,-1,-1,-1,-1,-1,True,,,0.0,0.0,no_entry,False,False,5,1,2c3b43c6ad50
2026-06-29,US.AMD,LONG,False,-1,-1,-1,-1,-1,-1,True,,,0.0,0.0,no_entry,False,False,5,1,2c3b43c6ad50
2026-06-29,US.AMD,SHORT,False,-1,-1,-1,-1,-1,-1,True,,,0.0,0.0,no_entry,False,False,5,1,2c3b43c6ad50
2026-06-29,US.IWM,LONG,False,-1,-1,-1,-1,-1,-1,True,,,0.0,0.0,no_entry,False,False,5,1,2c3b43c6ad50
2026-06-29,US.IWM,SHORT,True,80,85,650,650,655,655,True,296.8,297.23,-0.4300000000000068,-0.001448787061994632,failed_followthrough,False,False,5,1,2c3b43c6ad50
2026-06-29,US.META,LONG,False,-1,-1,-1,-1,-1,-1,True,,,0.0,0.0,no_entry,False,False,5,1,2c3b43c6ad50
2026-06-29,US.META,SHORT,False,-1,-1,-1,-1,-1,-1,True,,,0.0,0.0,no_entry,False,False,5,1,2c3b43c6ad50
2026-06-29,US.MSFT,LONG,False,-1,-1,-1,-1,-1,-1,True,,,0.0,0.0,no_entry,False,False,5,1,2c3b43c6ad50
2026-06-29,US.MSFT,SHORT,False,-1,-1,-1,-1,-1,-1,True,,,0.0,0.0,no_entry,False,False,5,1,2c3b43c6ad50
2026-06-29,US.MU,LONG,False,-1,-1,-1,-1,-1,-1,True,,,0.0,0.0,no_entry,False,False,5,1,2c3b43c6ad50
2026-06-29,US.MU,SHORT,False,-1,-1,-1,-1,-1,-1,True,,,0.0,0.0,no_entry,False,False,5,1,2c3b43c6ad50
2026-06-29,US.NVDA,LONG,False,-1,-1,-1,-1,-1,-1,True,,,0.0,0.0,no_entry,False,False,5,1,2c3b43c6ad50
2026-06-29,US.NVDA,SHORT,False,-1,-1,-1,-1,-1,-1,True,,,0.0,0.0,no_entry,False,False,5,1,2c3b43c6ad50
2026-06-29,US.QQQ,LONG,False,-1,-1,-1,-1,-1,-1,True,,,0.0,0.0,no_entry,False,False,5,1,2c3b43c6ad50
2026-06-29,US.QQQ,SHORT,False,-1,-1,-1,-1,-1,-1,True,,,0.0,0.0,no_entry,False,False,5,1,2c3b43c6ad50
2026-06-29,US.SPY,LONG,False,-1,-1,-1,-1,-1,-1,True,,,0.0,0.0,no_entry,False,False,5,1,2c3b43c6ad50
2026-06-29,US.SPY,SHORT,False,-1,-1,-1,-1,-1,-1,True,,,0.0,0.0,no_entry,False,False,5,1,2c3b43c6ad50
2026-06-29,US.TSLA,LONG,False,-1,-1,-1,-1,-1,-1,True,,,0.0,0.0,no_entry,False,False,5,1,2c3b43c6ad50
2026-06-29,US.TSLA,SHORT,False,-1,-1,-1,-1,-1,-1,True,,,0.0,0.0,no_entry,False,False,5,1,2c3b43c6ad50
2026-06-30,US.AAPL,LONG,False,-1,-1,-1,-1,-1,-1,True,,,0.0,0.0,no_entry,False,False,5,1,2c3b43c6ad50
2026-06-30,US.AAPL,SHORT,False,-1,-1,-1,-1,-1,-1,True,,,0.0,0.0,no_entry,False,False,5,1,2c3b43c6ad50
2026-06-30,US.AMD,LONG,False,-1,-1,-1,-1,-1,-1,True,,,0.0,0.0,no_entry,False,False,5,1,2c3b43c6ad50
2026-06-30,US.AMD,SHORT,False,-1,-1,-1,-1,-1,-1,True,,,0.0,0.0,no_entry,False,False,5,1,2c3b43c6ad50
2026-06-30,US.IWM,LONG,False,-1,-1,-1,-1,-1,-1,True,,,0.0,0.0,no_entry,False,False,5,1,2c3b43c6ad50
2026-06-30,US.IWM,SHORT,False,-1,-1,-1,-1,-1,-1,True,,,0.0,0.0,no_entry,False,False,5,1,2c3b43c6ad50
2026-06-30,US.META,LONG,False,-1,-1,-1,-1,-1,-1,True,,,0.0,0.0,no_entry,False,False,5,1,2c3b43c6ad50
2026-06-30,US.META,SHORT,True,80,125,650,650,695,695,True,554.28,556.93,-2.6499999999999773,-0.004780977123475459,soft_failure_loss,False,False,5,1,2c3b43c6ad50
2026-06-30,US.MSFT,LONG,True,55,60,625,625,630,630,True,371.480687922,371.261101294,-0.21958662800000184,-0.0005911118266425429,failed_followthrough,False,False,5,1,2c3b43c6ad50
2026-06-30,US.MSFT,SHORT,False,-1,-1,-1,-1,-1,-1,True,,,0.0,0.0,no_entry,False,False,5,1,2c3b43c6ad50
2026-06-30,US.MU,LONG,False,-1,-1,-1,-1,-1,-1,True,,,0.0,0.0,no_entry,False,False,5,1,2c3b43c6ad50
2026-06-30,US.MU,SHORT,False,-1,-1,-1,-1,-1,-1,True,,,0.0,0.0,no_entry,False,False,5,1,2c3b43c6ad50
2026-06-30,US.NVDA,LONG,False,-1,-1,-1,-1,-1,-1,True,,,0.0,0.0,no_entry,False,False,5,1,2c3b43c6ad50
2026-06-30,US.NVDA,SHORT,False,-1,-1,-1,-1,-1,-1,True,,,0.0,0.0,no_entry,False,False,5,1,2c3b43c6ad50
2026-06-30,US.QQQ,LONG,False,-1,-1,-1,-1,-1,-1,True,,,0.0,0.0,no_entry,False,False,5,1,2c3b43c6ad50
2026-06-30,US.QQQ,SHORT,False,-1,-1,-1,-1,-1,-1,True,,,0.0,0.0,no_entry,False,False,5,1,2c3b43c6ad50
2026-06-30,US.SPY,LONG,False,-1,-1,-1,-1,-1,-1,True,,,0.0,0.0,no_entry,False,False,5,1,2c3b43c6ad50
2026-06-30,US.SPY,SHORT,False,-1,-1,-1,-1,-1,-1,True,,,0.0,0.0,no_entry,False,False,5,1,2c3b43c6ad50
2026-06-30,US.TSLA,LONG,False,-1,-1,-1,-1,-1,-1,True,,,0.0,0.0,no_entry,False,False,5,1,2c3b43c6ad50
2026-06-30,US.TSLA,SHORT,False,-1,-1,-1,-1,-1,-1,True,,,0.0,0.0,no_entry,False,False,5,1,2c3b43c6ad50
2026-07-01,US.AAPL,LONG,False,-1,-1,-1,-1,-1,-1,True,,,0.0,0.0,no_entry,False,False,5,1,2c3b43c6ad50
2026-07-01,US.AAPL,SHORT,False,-1,-1,-1,-1,-1,-1,True,,,0.0,0.0,no_entry,False,False,5,1,2c3b43c6ad50
2026-07-01,US.AMD,LONG,False,-1,-1,-1,-1,-1,-1,True,,,0.0,0.0,no_entry,False,False,5,1,2c3b43c6ad50
2026-07-01,US.AMD,SHORT,False,-1,-1,-1,-1,-1,-1,True,,,0.0,0.0,no_entry,False,False,5,1,2c3b43c6ad50
2026-07-01,US.IWM,LONG,False,-1,-1,-1,-1,-1,-1,True,,,0.0,0.0,no_entry,False,False,5,1,2c3b43c6ad50
2026-07-01,US.IWM,SHORT,False,-1,-1,-1,-1,-1,-1,True,,,0.0,0.0,no_entry,False,False,5,1,2c3b43c6ad50
2026-07-01,US.META,LONG,False,-1,-1,-1,-1,-1,-1,True,,,0.0,0.0,no_entry,False,False,5,1,2c3b43c6ad50
2026-07-01,US.META,SHORT,False,-1,-1,-1,-1,-1,-1,True,,,0.0,0.0,no_entry,False,False,5,1,2c3b43c6ad50
2026-07-01,US.MSFT,LONG,False,-1,-1,-1,-1,-1,-1,True,,,0.0,0.0,no_entry,False,False,5,1,2c3b43c6ad50
2026-07-01,US.MSFT,SHORT,False,-1,-1,-1,-1,-1,-1,True,,,0.0,0.0,no_entry,False,False,5,1,2c3b43c6ad50
2026-07-01,US.MU,LONG,False,-1,-1,-1,-1,-1,-1,True,,,0.0,0.0,no_entry,False,False,5,1,2c3b43c6ad50
2026-07-01,US.MU,SHORT,False,-1,-1,-1,-1,-1,-1,True,,,0.0,0.0,no_entry,False,False,5,1,2c3b43c6ad50
2026-07-01,US.NVDA,LONG,False,-1,-1,-1,-1,-1,-1,True,,,0.0,0.0,no_entry,False,False,5,1,2c3b43c6ad50
2026-07-01,US.NVDA,SHORT,False,-1,-1,-1,-1,-1,-1,True,,,0.0,0.0,no_entry,False,False,5,1,2c3b43c6ad50
2026-07-01,US.QQQ,LONG,True,95,100,665,665,670,670,True,729.71,728.86,-0.8500000000000227,-0.0011648463088076396,failed_followthrough,False,False,5,1,2c3b43c6ad50
2026-07-01,US.QQQ,SHORT,False,-1,-1,-1,-1,-1,-1,True,,,0.0,0.0,no_entry,False,False,5,1,2c3b43c6ad50
2026-07-01,US.SPY,LONG,False,-1,-1,-1,-1,-1,-1,True,,,0.0,0.0,no_entry,False,False,5,1,2c3b43c6ad50
2026-07-01,US.SPY,SHORT,False,-1,-1,-1,-1,-1,-1,True,,,0.0,0.0,no_entry,False,False,5,1,2c3b43c6ad50
2026-07-01,US.TSLA,LONG,True,225,230,795,795,800,800,True,427.365,426.74,-0.625,-0.0014624501304505515,failed_followthrough,False,False,5,1,2c3b43c6ad50
2026-07-01,US.TSLA,SHORT,False,-1,-1,-1,-1,-1,-1,True,,,0.0,0.0,no_entry,False,False,5,1,2c3b43c6ad50
2026-07-02,US.AAPL,LONG,False,-1,-1,-1,-1,-1,-1,True,,,0.0,0.0,no_entry,False,False,5,1,2c3b43c6ad50
2026-07-02,US.AAPL,SHORT,False,-1,-1,-1,-1,-1,-1,True,,,0.0,0.0,no_entry,False,False,5,1,2c3b43c6ad50
2026-07-02,US.AMD,LONG,True,40,50,610,610,620,620,True,540.4,539.88,-0.5199999999999818,-0.0009622501850480789,failed_followthrough,False,False,5,1,2c3b43c6ad50
2026-07-02,US.AMD,SHORT,False,-1,-1,-1,-1,-1,-1,True,,,0.0,0.0,no_entry,False,False,5,1,2c3b43c6ad50
2026-07-02,US.IWM,LONG,True,30,35,600,600,605,605,True,301.85,301.255,-0.5950000000000273,-0.001971177737286822,soft_failure_loss,False,False,5,1,2c3b43c6ad50
2026-07-02,US.IWM,SHORT,False,-1,-1,-1,-1,-1,-1,True,,,0.0,0.0,no_entry,False,False,5,1,2c3b43c6ad50
2026-07-02,US.META,LONG,False,-1,-1,-1,-1,-1,-1,True,,,0.0,0.0,no_entry,False,False,5,1,2c3b43c6ad50
2026-07-02,US.META,SHORT,False,-1,-1,-1,-1,-1,-1,True,,,0.0,0.0,no_entry,False,False,5,1,2c3b43c6ad50
2026-07-02,US.MSFT,LONG,True,130,135,700,700,705,705,True,387.869835366,387.620305107,-0.24953025900003922,-0.0006433350476057995,failed_followthrough,False,False,5,1,2c3b43c6ad50
2026-07-02,US.MSFT,SHORT,False,-1,-1,-1,-1,-1,-1,True,,,0.0,0.0,no_entry,False,False,5,1,2c3b43c6ad50
2026-07-02,US.MU,LONG,False,-1,-1,-1,-1,-1,-1,True,,,0.0,0.0,no_entry,False,False,5,1,2c3b43c6ad50
2026-07-02,US.MU,SHORT,False,-1,-1,-1,-1,-1,-1,True,,,0.0,0.0,no_entry,False,False,5,1,2c3b43c6ad50
2026-07-02,US.NVDA,LONG,True,40,55,610,610,625,625,True,198.617752754,198.283127189,-0.3346255650000103,-0.0016847716800746614,failed_followthrough,False,False,5,1,2c3b43c6ad50
2026-07-02,US.NVDA,SHORT,False,-1,-1,-1,-1,-1,-1,True,,,0.0,0.0,no_entry,False,False,5,1,2c3b43c6ad50
2026-07-02,US.QQQ,LONG,False,-1,-1,-1,-1,-1,-1,True,,,0.0,0.0,no_entry,False,False,5,1,2c3b43c6ad50
2026-07-02,US.QQQ,SHORT,False,-1,-1,-1,-1,-1,-1,True,,,0.0,0.0,no_entry,False,False,5,1,2c3b43c6ad50
2026-07-02,US.SPY,LONG,False,-1,-1,-1,-1,-1,-1,True,,,0.0,0.0,no_entry,False,False,5,1,2c3b43c6ad50
2026-07-02,US.SPY,SHORT,False,-1,-1,-1,-1,-1,-1,True,,,0.0,0.0,no_entry,False,False,5,1,2c3b43c6ad50
2026-07-02,US.TSLA,LONG,False,-1,-1,-1,-1,-1,-1,True,,,0.0,0.0,no_entry,False,False,5,1,2c3b43c6ad50
2026-07-02,US.TSLA,SHORT,False,-1,-1,-1,-1,-1,-1,True,,,0.0,0.0,no_entry,False,False,5,1,2c3b43c6ad50
2026-07-06,US.AAPL,LONG,False,-1,-1,-1,-1,-1,-1,True,,,0.0,0.0,no_entry,False,False,5,1,2c3b43c6ad50
2026-07-06,US.AAPL,SHORT,False,-1,-1,-1,-1,-1,-1,True,,,0.0,0.0,no_entry,False,False,5,1,2c3b43c6ad50
2026-07-06,US.AMD,LONG,False,-1,-1,-1,-1,-1,-1,True,,,0.0,0.0,no_entry,False,False,5,1,2c3b43c6ad50
2026-07-06,US.AMD,SHORT,False,-1,-1,-1,-1,-1,-1,True,,,0.0,0.0,no_entry,False,False,5,1,2c3b43c6ad50
2026-07-06,US.IWM,LONG,True,25,30,595,595,600,600,True,299.88,299.61,-0.2699999999999818,-0.0009003601440575624,failed_followthrough,False,False,5,1,2c3b43c6ad50
2026-07-06,US.IWM,SHORT,False,-1,-1,-1,-1,-1,-1,True,,,0.0,0.0,no_entry,False,False,5,1,2c3b43c6ad50
2026-07-06,US.META,LONG,False,-1,-1,-1,-1,-1,-1,True,,,0.0,0.0,no_entry,False,False,5,1,2c3b43c6ad50
2026-07-06,US.META,SHORT,False,-1,-1,-1,-1,-1,-1,True,,,0.0,0.0,no_entry,False,False,5,1,2c3b43c6ad50
2026-07-06,US.MSFT,LONG,False,-1,-1,-1,-1,-1,-1,True,,,0.0,0.0,no_entry,False,False,5,1,2c3b43c6ad50
2026-07-06,US.MSFT,SHORT,False,-1,-1,-1,-1,-1,-1,True,,,0.0,0.0,no_entry,False,False,5,1,2c3b43c6ad50
2026-07-06,US.MU,LONG,True,55,60,625,625,630,630,True,1009.295,1004.6,-4.694999999999936,-0.004651761873386806,failed_followthrough,False,False,5,1,2c3b43c6ad50
2026-07-06,US.MU,SHORT,False,-1,-1,-1,-1,-1,-1,True,,,0.0,0.0,no_entry,False,False,5,1,2c3b43c6ad50
2026-07-06,US.NVDA,LONG,True,120,125,690,690,695,695,True,196.280368216,196.070602937,-0.20976527900000974,-0.0010687022900281603,failed_followthrough,False,False,5,1,2c3b43c6ad50
2026-07-06,US.NVDA,SHORT,False,-1,-1,-1,-1,-1,-1,True,,,0.0,0.0,no_entry,False,False,5,1,2c3b43c6ad50
2026-07-06,US.QQQ,LONG,True,25,30,595,595,600,600,True,723.115,722.27,-0.8450000000000273,-0.0011685554856420172,failed_followthrough,False,False,5,1,2c3b43c6ad50
2026-07-06,US.QQQ,SHORT,False,-1,-1,-1,-1,-1,-1,True,,,0.0,0.0,no_entry,False,False,5,1,2c3b43c6ad50
2026-07-06,US.SPY,LONG,True,60,65,630,630,635,635,True,749.9301,749.7,-0.2300999999999931,-0.0003068285964251776,failed_followthrough,False,False,5,1,2c3b43c6ad50
2026-07-06,US.SPY,SHORT,False,-1,-1,-1,-1,-1,-1,True,,,0.0,0.0,no_entry,False,False,5,1,2c3b43c6ad50
2026-07-06,US.TSLA,LONG,False,-1,-1,-1,-1,-1,-1,True,,,0.0,0.0,no_entry,False,False,5,1,2c3b43c6ad50
2026-07-06,US.TSLA,SHORT,False,-1,-1,-1,-1,-1,-1,True,,,0.0,0.0,no_entry,False,False,5,1,2c3b43c6ad50
2026-07-07,US.AAPL,LONG,False,-1,-1,-1,-1,-1,-1,True,,,0.0,0.0,no_entry,False,False,5,1,2c3b43c6ad50
2026-07-07,US.AAPL,SHORT,False,-1,-1,-1,-1,-1,-1,True,,,0.0,0.0,no_entry,False,False,5,1,2c3b43c6ad50
2026-07-07,US.AMD,LONG,False,-1,-1,-1,-1,-1,-1,True,,,0.0,0.0,no_entry,False,False,5,1,2c3b43c6ad50
2026-07-07,US.AMD,SHORT,False,-1,-1,-1,-1,-1,-1,True,,,0.0,0.0,no_entry,False,False,5,1,2c3b43c6ad50
2026-07-07,US.IWM,LONG,False,-1,-1,-1,-1,-1,-1,True,,,0.0,0.0,no_entry,False,False,5,1,2c3b43c6ad50
2026-07-07,US.IWM,SHORT,False,-1,-1,-1,-1,-1,-1,True,,,0.0,0.0,no_entry,False,False,5,1,2c3b43c6ad50
2026-07-07,US.META,LONG,False,-1,-1,-1,-1,-1,-1,True,,,0.0,0.0,no_entry,False,False,5,1,2c3b43c6ad50
2026-07-07,US.META,SHORT,False,-1,-1,-1,-1,-1,-1,True,,,0.0,0.0,no_entry,False,False,5,1,2c3b43c6ad50
2026-07-07,US.MSFT,LONG,False,-1,-1,-1,-1,-1,-1,True,,,0.0,0.0,no_entry,False,False,5,1,2c3b43c6ad50
2026-07-07,US.MSFT,SHORT,False,-1,-1,-1,-1,-1,-1,True,,,0.0,0.0,no_entry,False,False,5,1,2c3b43c6ad50
2026-07-07,US.MU,LONG,False,-1,-1,-1,-1,-1,-1,True,,,0.0,0.0,no_entry,False,False,5,1,2c3b43c6ad50
2026-07-07,US.MU,SHORT,True,50,165,620,620,735,735,True,912.48,925.09,-12.610000000000014,-0.013819480974925493,soft_failure_loss,False,False,5,1,2c3b43c6ad50
2026-07-07,US.NVDA,LONG,False,-1,-1,-1,-1,-1,-1,True,,,0.0,0.0,no_entry,False,False,5,1,2c3b43c6ad50
2026-07-07,US.NVDA,SHORT,False,-1,-1,-1,-1,-1,-1,True,,,0.0,0.0,no_entry,False,False,5,1,2c3b43c6ad50
2026-07-07,US.QQQ,LONG,False,-1,-1,-1,-1,-1,-1,True,,,0.0,0.0,no_entry,False,False,5,1,2c3b43c6ad50
2026-07-07,US.QQQ,SHORT,True,30,330,600,600,900,900,True,711.12,709.35,1.7699999999999818,0.0024890313871076355,trailing,False,False,5,1,2c3b43c6ad50
2026-07-07,US.SPY,LONG,False,-1,-1,-1,-1,-1,-1,True,,,0.0,0.0,no_entry,False,False,5,1,2c3b43c6ad50
2026-07-07,US.SPY,SHORT,True,30,330,600,600,900,900,True,748.8504,747.5,1.350400000000036,0.0018032974276304533,trailing,False,False,5,1,2c3b43c6ad50
2026-07-07,US.TSLA,LONG,False,-1,-1,-1,-1,-1,-1,True,,,0.0,0.0,no_entry,False,False,5,1,2c3b43c6ad50
2026-07-07,US.TSLA,SHORT,True,30,35,600,600,605,605,True,413.06,413.27,-0.20999999999997954,-0.0005084007166028653,failed_followthrough,False,False,5,1,2c3b43c6ad50
2026-07-08,US.AAPL,LONG,False,-1,-1,-1,-1,-1,-1,True,,,0.0,0.0,no_entry,False,False,5,1,2c3b43c6ad50
2026-07-08,US.AAPL,SHORT,False,-1,-1,-1,-1,-1,-1,True,,,0.0,0.0,no_entry,False,False,5,1,2c3b43c6ad50
2026-07-08,US.AMD,LONG,False,-1,-1,-1,-1,-1,-1,True,,,0.0,0.0,no_entry,False,False,5,1,2c3b43c6ad50
2026-07-08,US.AMD,SHORT,False,-1,-1,-1,-1,-1,-1,True,,,0.0,0.0,no_entry,False,False,5,1,2c3b43c6ad50
2026-07-08,US.IWM,LONG,False,-1,-1,-1,-1,-1,-1,True,,,0.0,0.0,no_entry,False,False,5,1,2c3b43c6ad50
2026-07-08,US.IWM,SHORT,False,-1,-1,-1,-1,-1,-1,True,,,0.0,0.0,no_entry,False,False,5,1,2c3b43c6ad50
2026-07-08,US.META,LONG,False,-1,-1,-1,-1,-1,-1,True,,,0.0,0.0,no_entry,False,False,5,1,2c3b43c6ad50
2026-07-08,US.META,SHORT,False,-1,-1,-1,-1,-1,-1,True,,,0.0,0.0,no_entry,False,False,5,1,2c3b43c6ad50
2026-07-08,US.MSFT,LONG,False,-1,-1,-1,-1,-1,-1,True,,,0.0,0.0,no_entry,False,False,5,1,2c3b43c6ad50
2026-07-08,US.MSFT,SHORT,False,-1,-1,-1,-1,-1,-1,True,,,0.0,0.0,no_entry,False,False,5,1,2c3b43c6ad50
2026-07-08,US.MU,LONG,False,-1,-1,-1,-1,-1,-1,True,,,0.0,0.0,no_entry,False,False,5,1,2c3b43c6ad50
2026-07-08,US.MU,SHORT,False,-1,-1,-1,-1,-1,-1,True,,,0.0,0.0,no_entry,False,False,5,1,2c3b43c6ad50
2026-07-08,US.NVDA,LONG,False,-1,-1,-1,-1,-1,-1,True,,,0.0,0.0,no_entry,False,False,5,1,2c3b43c6ad50
2026-07-08,US.NVDA,SHORT,False,-1,-1,-1,-1,-1,-1,True,,,0.0,0.0,no_entry,False,False,5,1,2c3b43c6ad50
2026-07-08,US.QQQ,LONG,False,-1,-1,-1,-1,-1,-1,True,,,0.0,0.0,no_entry,False,False,5,1,2c3b43c6ad50
2026-07-08,US.QQQ,SHORT,False,-1,-1,-1,-1,-1,-1,True,,,0.0,0.0,no_entry,False,False,5,1,2c3b43c6ad50
2026-07-08,US.SPY,LONG,False,-1,-1,-1,-1,-1,-1,True,,,0.0,0.0,no_entry,False,False,5,1,2c3b43c6ad50
2026-07-08,US.SPY,SHORT,False,-1,-1,-1,-1,-1,-1,True,,,0.0,0.0,no_entry,False,False,5,1,2c3b43c6ad50
2026-07-08,US.TSLA,LONG,False,-1,-1,-1,-1,-1,-1,True,,,0.0,0.0,no_entry,False,False,5,1,2c3b43c6ad50
2026-07-08,US.TSLA,SHORT,True,45,55,615,615,625,625,True,394.465,396.665,-2.2000000000000455,-0.005577174147262864,soft_failure_loss,False,False,5,1,2c3b43c6ad50
2026-07-09,US.AAPL,LONG,False,-1,-1,-1,-1,-1,-1,True,,,0.0,0.0,no_entry,False,False,5,1,2c3b43c6ad50
2026-07-09,US.AAPL,SHORT,False,-1,-1,-1,-1,-1,-1,True,,,0.0,0.0,no_entry,False,False,5,1,2c3b43c6ad50
2026-07-09,US.AMD,LONG,False,-1,-1,-1,-1,-1,-1,True,,,0.0,0.0,no_entry,False,False,5,1,2c3b43c6ad50
2026-07-09,US.AMD,SHORT,False,-1,-1,-1,-1,-1,-1,True,,,0.0,0.0,no_entry,False,False,5,1,2c3b43c6ad50
2026-07-09,US.IWM,LONG,False,-1,-1,-1,-1,-1,-1,True,,,0.0,0.0,no_entry,False,False,5,1,2c3b43c6ad50
2026-07-09,US.IWM,SHORT,False,-1,-1,-1,-1,-1,-1,True,,,0.0,0.0,no_entry,False,False,5,1,2c3b43c6ad50
2026-07-09,US.META,LONG,False,-1,-1,-1,-1,-1,-1,True,,,0.0,0.0,no_entry,False,False,5,1,2c3b43c6ad50
2026-07-09,US.META,SHORT,False,-1,-1,-1,-1,-1,-1,True,,,0.0,0.0,no_entry,False,False,5,1,2c3b43c6ad50
2026-07-09,US.MSFT,LONG,False,-1,-1,-1,-1,-1,-1,True,,,0.0,0.0,no_entry,False,False,5,1,2c3b43c6ad50
2026-07-09,US.MSFT,SHORT,False,-1,-1,-1,-1,-1,-1,True,,,0.0,0.0,no_entry,False,False,5,1,2c3b43c6ad50
2026-07-09,US.MU,LONG,True,30,40,600,600,610,610,True,1027.67,1027.435,-0.23500000000012733,-0.00022867262837304516,failed_followthrough,False,False,5,1,2c3b43c6ad50
2026-07-09,US.MU,SHORT,False,-1,-1,-1,-1,-1,-1,True,,,0.0,0.0,no_entry,False,False,5,1,2c3b43c6ad50
2026-07-09,US.NVDA,LONG,False,-1,-1,-1,-1,-1,-1,True,,,0.0,0.0,no_entry,False,False,5,1,2c3b43c6ad50
2026-07-09,US.NVDA,SHORT,True,125,130,695,695,700,700,True,201.045036696,201.244813153,-0.19977645699998448,-0.0009936900720512003,failed_followthrough,False,False,5,1,2c3b43c6ad50
2026-07-09,US.QQQ,LONG,True,120,125,690,690,695,695,True,721.38,721.12,-0.2599999999999909,-0.0003604203055255079,failed_followthrough,False,False,5,1,2c3b43c6ad50
2026-07-09,US.QQQ,SHORT,False,-1,-1,-1,-1,-1,-1,True,,,0.0,0.0,no_entry,False,False,5,1,2c3b43c6ad50
2026-07-09,US.SPY,LONG,True,30,35,600,600,605,605,True,748.69,748.67,-0.020000000000095497,-2.671332594277404e-05,failed_followthrough,False,False,5,1,2c3b43c6ad50
2026-07-09,US.SPY,SHORT,False,-1,-1,-1,-1,-1,-1,True,,,0.0,0.0,no_entry,False,False,5,1,2c3b43c6ad50
2026-07-09,US.TSLA,LONG,True,40,45,610,610,615,615,True,396.245,393.92,-2.3249999999999886,-0.0058675819253239505,soft_failure_loss,False,False,5,1,2c3b43c6ad50
2026-07-09,US.TSLA,SHORT,False,-1,-1,-1,-1,-1,-1,True,,,0.0,0.0,no_entry,False,False,5,1,2c3b43c6ad50
2026-07-10,US.AAPL,LONG,False,-1,-1,-1,-1,-1,-1,True,,,0.0,0.0,no_entry,False,False,5,1,2c3b43c6ad50
2026-07-10,US.AAPL,SHORT,True,145,150,715,715,720,720,True,312.805219515,312.980068716,-0.1748492010000291,-0.0005589714943731766,failed_followthrough,False,False,5,1,2c3b43c6ad50
2026-07-10,US.AMD,LONG,False,-1,-1,-1,-1,-1,-1,True,,,0.0,0.0,no_entry,False,False,5,1,2c3b43c6ad50
2026-07-10,US.AMD,SHORT,False,-1,-1,-1,-1,-1,-1,True,,,0.0,0.0,no_entry,False,False,5,1,2c3b43c6ad50
2026-07-10,US.IWM,LONG,False,-1,-1,-1,-1,-1,-1,True,,,0.0,0.0,no_entry,False,False,5,1,2c3b43c6ad50
2026-07-10,US.IWM,SHORT,True,70,75,640,640,645,645,True,295.5,295.665,-0.16500000000002046,-0.0005583756345178358,failed_followthrough,False,False,5,1,2c3b43c6ad50
2026-07-10,US.META,LONG,False,-1,-1,-1,-1,-1,-1,True,,,0.0,0.0,no_entry,False,False,5,1,2c3b43c6ad50
2026-07-10,US.META,SHORT,False,-1,-1,-1,-1,-1,-1,True,,,0.0,0.0,no_entry,False,False,5,1,2c3b43c6ad50
2026-07-10,US.MSFT,LONG,False,-1,-1,-1,-1,-1,-1,True,,,0.0,0.0,no_entry,False,False,5,1,2c3b43c6ad50
2026-07-10,US.MSFT,SHORT,False,-1,-1,-1,-1,-1,-1,True,,,0.0,0.0,no_entry,False,False,5,1,2c3b43c6ad50
2026-07-10,US.MU,LONG,True,45,50,615,615,620,620,True,975.03,973.86,-1.169999999999959,-0.0011999630780590946,failed_followthrough,False,False,5,1,2c3b43c6ad50
2026-07-10,US.MU,SHORT,False,-1,-1,-1,-1,-1,-1,True,,,0.0,0.0,no_entry,False,False,5,1,2c3b43c6ad50
2026-07-10,US.NVDA,LONG,False,-1,-1,-1,-1,-1,-1,True,,,0.0,0.0,no_entry,False,False,5,1,2c3b43c6ad50
2026-07-10,US.NVDA,SHORT,False,-1,-1,-1,-1,-1,-1,True,,,0.0,0.0,no_entry,False,False,5,1,2c3b43c6ad50
2026-07-10,US.QQQ,LONG,True,25,30,595,595,600,600,True,723.22,722.8,-0.42000000000007276,-0.0005807361522082807,failed_followthrough,False,False,5,1,2c3b43c6ad50
2026-07-10,US.QQQ,SHORT,False,-1,-1,-1,-1,-1,-1,True,,,0.0,0.0,no_entry,False,False,5,1,2c3b43c6ad50
2026-07-10,US.SPY,LONG,False,-1,-1,-1,-1,-1,-1,True,,,0.0,0.0,no_entry,False,False,5,1,2c3b43c6ad50
2026-07-10,US.SPY,SHORT,True,70,75,640,640,645,645,True,751.7,752.1,-0.39999999999997726,-0.0005321271783956063,failed_followthrough,False,False,5,1,2c3b43c6ad50
2026-07-10,US.TSLA,LONG,False,-1,-1,-1,-1,-1,-1,True,,,0.0,0.0,no_entry,False,False,5,1,2c3b43c6ad50
2026-07-10,US.TSLA,SHORT,False,-1,-1,-1,-1,-1,-1,True,,,0.0,0.0,no_entry,False,False,5,1,2c3b43c6ad50
2026-07-13,US.AAPL,LONG,False,-1,-1,-1,-1,-1,-1,True,,,0.0,0.0,no_entry,False,False,5,1,2c3b43c6ad50
2026-07-13,US.AAPL,SHORT,False,-1,-1,-1,-1,-1,-1,True,,,0.0,0.0,no_entry,False,False,5,1,2c3b43c6ad50
2026-07-13,US.AMD,LONG,False,-1,-1,-1,-1,-1,-1,True,,,0.0,0.0,no_entry,False,False,5,1,2c3b43c6ad50
2026-07-13,US.AMD,SHORT,False,-1,-1,-1,-1,-1,-1,True,,,0.0,0.0,no_entry,False,False,5,1,2c3b43c6ad50
2026-07-13,US.IWM,LONG,False,-1,-1,-1,-1,-1,-1,True,,,0.0,0.0,no_entry,False,False,5,1,2c3b43c6ad50
2026-07-13,US.IWM,SHORT,True,140,375,710,710,-1,945,True,294.22,293.22,1.0,0.003398817211610359,scheduled_flatten,True,False,5,1,2c3b43c6ad50
2026-07-13,US.META,LONG,False,-1,-1,-1,-1,-1,-1,True,,,0.0,0.0,no_entry,False,False,5,1,2c3b43c6ad50
2026-07-13,US.META,SHORT,False,-1,-1,-1,-1,-1,-1,True,,,0.0,0.0,no_entry,False,False,5,1,2c3b43c6ad50
2026-07-13,US.MSFT,LONG,False,-1,-1,-1,-1,-1,-1,True,,,0.0,0.0,no_entry,False,False,5,1,2c3b43c6ad50
2026-07-13,US.MSFT,SHORT,True,70,80,640,640,650,650,True,385.224814616,387.680192369,-2.4553777529999934,-0.0063738826260389386,soft_failure_loss,False,False,5,1,2c3b43c6ad50
2026-07-13,US.MU,LONG,True,225,230,795,795,800,800,True,932.73,932.67,-0.06000000000005912,-6.43272972886678e-05,failed_followthrough,False,False,5,1,2c3b43c6ad50
2026-07-13,US.MU,SHORT,False,-1,-1,-1,-1,-1,-1,True,,,0.0,0.0,no_entry,False,False,5,1,2c3b43c6ad50
2026-07-13,US.NVDA,LONG,False,-1,-1,-1,-1,-1,-1,True,,,0.0,0.0,no_entry,False,False,5,1,2c3b43c6ad50
2026-07-13,US.NVDA,SHORT,False,-1,-1,-1,-1,-1,-1,True,,,0.0,0.0,no_entry,False,False,5,1,2c3b43c6ad50
2026-07-13,US.QQQ,LONG,False,-1,-1,-1,-1,-1,-1,True,,,0.0,0.0,no_entry,False,False,5,1,2c3b43c6ad50
2026-07-13,US.QQQ,SHORT,False,-1,-1,-1,-1,-1,-1,True,,,0.0,0.0,no_entry,False,False,5,1,2c3b43c6ad50
2026-07-13,US.SPY,LONG,False,-1,-1,-1,-1,-1,-1,True,,,0.0,0.0,no_entry,False,False,5,1,2c3b43c6ad50
2026-07-13,US.SPY,SHORT,True,70,80,640,640,650,650,True,752.2,752.3801,-0.18009999999992488,-0.0002394310023928807,failed_followthrough,False,False,5,1,2c3b43c6ad50
2026-07-13,US.TSLA,LONG,False,-1,-1,-1,-1,-1,-1,True,,,0.0,0.0,no_entry,False,False,5,1,2c3b43c6ad50
2026-07-13,US.TSLA,SHORT,False,-1,-1,-1,-1,-1,-1,True,,,0.0,0.0,no_entry,False,False,5,1,2c3b43c6ad50
2026-07-14,US.AAPL,LONG,False,-1,-1,-1,-1,-1,-1,True,,,0.0,0.0,no_entry,False,False,5,1,2c3b43c6ad50
2026-07-14,US.AAPL,SHORT,False,-1,-1,-1,-1,-1,-1,True,,,0.0,0.0,no_entry,False,False,5,1,2c3b43c6ad50
2026-07-14,US.AMD,LONG,False,-1,-1,-1,-1,-1,-1,True,,,0.0,0.0,no_entry,False,False,5,1,2c3b43c6ad50
2026-07-14,US.AMD,SHORT,False,-1,-1,-1,-1,-1,-1,True,,,0.0,0.0,no_entry,False,False,5,1,2c3b43c6ad50
2026-07-14,US.IWM,LONG,False,-1,-1,-1,-1,-1,-1,True,,,0.0,0.0,no_entry,False,False,5,1,2c3b43c6ad50
2026-07-14,US.IWM,SHORT,True,130,135,700,700,705,705,True,294.44,294.55,-0.11000000000001364,-0.00037359054476298616,failed_followthrough,False,False,5,1,2c3b43c6ad50
2026-07-14,US.META,LONG,False,-1,-1,-1,-1,-1,-1,True,,,0.0,0.0,no_entry,False,False,5,1,2c3b43c6ad50
2026-07-14,US.META,SHORT,False,-1,-1,-1,-1,-1,-1,True,,,0.0,0.0,no_entry,False,False,5,1,2c3b43c6ad50
2026-07-14,US.MSFT,LONG,False,-1,-1,-1,-1,-1,-1,True,,,0.0,0.0,no_entry,False,False,5,1,2c3b43c6ad50
2026-07-14,US.MSFT,SHORT,False,-1,-1,-1,-1,-1,-1,True,,,0.0,0.0,no_entry,False,False,5,1,2c3b43c6ad50
2026-07-14,US.MU,LONG,False,-1,-1,-1,-1,-1,-1,True,,,0.0,0.0,no_entry,False,False,5,1,2c3b43c6ad50
2026-07-14,US.MU,SHORT,True,85,95,655,655,665,665,True,964.76,966.51,-1.75,-0.0018139226336083586,failed_followthrough,False,False,5,1,2c3b43c6ad50
2026-07-14,US.NVDA,LONG,False,-1,-1,-1,-1,-1,-1,True,,,0.0,0.0,no_entry,False,False,5,1,2c3b43c6ad50
2026-07-14,US.NVDA,SHORT,False,-1,-1,-1,-1,-1,-1,True,,,0.0,0.0,no_entry,False,False,5,1,2c3b43c6ad50
2026-07-14,US.QQQ,LONG,True,215,225,785,785,795,795,True,720.51,720.56,0.049999999999954525,6.939528944768917e-05,failed_followthrough,False,False,5,1,2c3b43c6ad50
2026-07-14,US.QQQ,SHORT,True,55,60,625,625,630,630,True,716.52,717.13,-0.6100000000000136,-0.0008513370178083147,failed_followthrough,False,False,5,1,2c3b43c6ad50
2026-07-14,US.SPY,LONG,True,90,155,660,660,725,725,True,751.71,750.36,-1.3500000000000227,-0.001795905335834328,soft_failure_loss,False,False,5,1,2c3b43c6ad50
2026-07-14,US.SPY,SHORT,False,-1,-1,-1,-1,-1,-1,True,,,0.0,0.0,no_entry,False,False,5,1,2c3b43c6ad50
2026-07-14,US.TSLA,LONG,False,-1,-1,-1,-1,-1,-1,True,,,0.0,0.0,no_entry,False,False,5,1,2c3b43c6ad50
2026-07-14,US.TSLA,SHORT,False,-1,-1,-1,-1,-1,-1,True,,,0.0,0.0,no_entry,False,False,5,1,2c3b43c6ad50
2026-07-15,US.AAPL,LONG,False,-1,-1,-1,-1,-1,-1,True,,,0.0,0.0,no_entry,False,False,5,1,2c3b43c6ad50
2026-07-15,US.AAPL,SHORT,False,-1,-1,-1,-1,-1,-1,True,,,0.0,0.0,no_entry,False,False,5,1,2c3b43c6ad50
2026-07-15,US.AMD,LONG,False,-1,-1,-1,-1,-1,-1,True,,,0.0,0.0,no_entry,False,False,5,1,2c3b43c6ad50
2026-07-15,US.AMD,SHORT,False,-1,-1,-1,-1,-1,-1,True,,,0.0,0.0,no_entry,False,False,5,1,2c3b43c6ad50
2026-07-15,US.IWM,LONG,True,105,115,675,675,685,685,True,296.285,295.89,-0.39500000000003865,-0.0013331758273285473,failed_followthrough,False,False,5,1,2c3b43c6ad50
2026-07-15,US.IWM,SHORT,False,-1,-1,-1,-1,-1,-1,True,,,0.0,0.0,no_entry,False,False,5,1,2c3b43c6ad50
2026-07-15,US.META,LONG,False,-1,-1,-1,-1,-1,-1,True,,,0.0,0.0,no_entry,False,False,5,1,2c3b43c6ad50
2026-07-15,US.META,SHORT,False,-1,-1,-1,-1,-1,-1,True,,,0.0,0.0,no_entry,False,False,5,1,2c3b43c6ad50
2026-07-15,US.MSFT,LONG,False,-1,-1,-1,-1,-1,-1,True,,,0.0,0.0,no_entry,False,False,5,1,2c3b43c6ad50
2026-07-15,US.MSFT,SHORT,False,-1,-1,-1,-1,-1,-1,True,,,0.0,0.0,no_entry,False,False,5,1,2c3b43c6ad50
2026-07-15,US.MU,LONG,False,-1,-1,-1,-1,-1,-1,True,,,0.0,0.0,no_entry,False,False,5,1,2c3b43c6ad50
2026-07-15,US.MU,SHORT,False,-1,-1,-1,-1,-1,-1,True,,,0.0,0.0,no_entry,False,False,5,1,2c3b43c6ad50
2026-07-15,US.NVDA,LONG,False,-1,-1,-1,-1,-1,-1,True,,,0.0,0.0,no_entry,False,False,5,1,2c3b43c6ad50
2026-07-15,US.NVDA,SHORT,False,-1,-1,-1,-1,-1,-1,True,,,0.0,0.0,no_entry,False,False,5,1,2c3b43c6ad50
2026-07-15,US.QQQ,LONG,False,-1,-1,-1,-1,-1,-1,True,,,0.0,0.0,no_entry,False,False,5,1,2c3b43c6ad50
2026-07-15,US.QQQ,SHORT,True,30,35,600,600,605,605,True,720.69,721.11,-0.4199999999999591,-0.0005827748407775314,failed_followthrough,False,False,5,1,2c3b43c6ad50
2026-07-15,US.SPY,LONG,False,-1,-1,-1,-1,-1,-1,True,,,0.0,0.0,no_entry,False,False,5,1,2c3b43c6ad50
2026-07-15,US.SPY,SHORT,True,25,30,595,595,600,600,True,754.06,754.52,-0.4600000000000364,-0.0006100310320134159,failed_followthrough,False,False,5,1,2c3b43c6ad50
2026-07-15,US.TSLA,LONG,False,-1,-1,-1,-1,-1,-1,True,,,0.0,0.0,no_entry,False,False,5,1,2c3b43c6ad50
2026-07-15,US.TSLA,SHORT,False,-1,-1,-1,-1,-1,-1,True,,,0.0,0.0,no_entry,False,False,5,1,2c3b43c6ad50
2026-07-16,US.AAPL,LONG,True,50,360,620,620,930,930,True,328.88635026,332.713049904,3.82669964400003,0.011635325214849584,trailing,False,False,5,1,2c3b43c6ad50
2026-07-16,US.AAPL,SHORT,False,-1,-1,-1,-1,-1,-1,True,,,0.0,0.0,no_entry,False,False,5,1,2c3b43c6ad50
2026-07-16,US.AMD,LONG,False,-1,-1,-1,-1,-1,-1,True,,,0.0,0.0,no_entry,False,False,5,1,2c3b43c6ad50
2026-07-16,US.AMD,SHORT,True,150,375,720,720,-1,945,True,506.695,496.97,9.724999999999966,0.019193005654289004,scheduled_flatten,True,False,5,1,2c3b43c6ad50
2026-07-16,US.IWM,LONG,False,-1,-1,-1,-1,-1,-1,True,,,0.0,0.0,no_entry,False,False,5,1,2c3b43c6ad50
2026-07-16,US.IWM,SHORT,False,-1,-1,-1,-1,-1,-1,True,,,0.0,0.0,no_entry,False,False,5,1,2c3b43c6ad50
2026-07-16,US.META,LONG,False,-1,-1,-1,-1,-1,-1,True,,,0.0,0.0,no_entry,False,False,5,1,2c3b43c6ad50
2026-07-16,US.META,SHORT,False,-1,-1,-1,-1,-1,-1,True,,,0.0,0.0,no_entry,False,False,5,1,2c3b43c6ad50
2026-07-16,US.MSFT,LONG,False,-1,-1,-1,-1,-1,-1,True,,,0.0,0.0,no_entry,False,False,5,1,2c3b43c6ad50
2026-07-16,US.MSFT,SHORT,False,-1,-1,-1,-1,-1,-1,True,,,0.0,0.0,no_entry,False,False,5,1,2c3b43c6ad50
2026-07-16,US.MU,LONG,False,-1,-1,-1,-1,-1,-1,True,,,0.0,0.0,no_entry,False,False,5,1,2c3b43c6ad50
2026-07-16,US.MU,SHORT,True,75,90,645,645,660,660,True,864.215,864.725,-0.5099999999999909,-0.0005901309280676578,failed_followthrough,False,False,5,1,2c3b43c6ad50
2026-07-16,US.NVDA,LONG,False,-1,-1,-1,-1,-1,-1,True,,,0.0,0.0,no_entry,False,False,5,1,2c3b43c6ad50
2026-07-16,US.NVDA,SHORT,True,200,205,770,770,775,775,True,206.728676875,207.150404974,-0.4217280990000063,-0.0020400077307852517,failed_followthrough,False,False,5,1,2c3b43c6ad50
2026-07-16,US.QQQ,LONG,False,-1,-1,-1,-1,-1,-1,True,,,0.0,0.0,no_entry,False,False,5,1,2c3b43c6ad50
2026-07-16,US.QQQ,SHORT,False,-1,-1,-1,-1,-1,-1,True,,,0.0,0.0,no_entry,False,False,5,1,2c3b43c6ad50
2026-07-16,US.SPY,LONG,True,145,150,715,715,720,720,True,753.78,753.6,-0.17999999999994998,-0.00023879646581223963,failed_followthrough,False,False,5,1,2c3b43c6ad50
2026-07-16,US.SPY,SHORT,False,-1,-1,-1,-1,-1,-1,True,,,0.0,0.0,no_entry,False,False,5,1,2c3b43c6ad50
2026-07-16,US.TSLA,LONG,False,-1,-1,-1,-1,-1,-1,True,,,0.0,0.0,no_entry,False,False,5,1,2c3b43c6ad50
2026-07-16,US.TSLA,SHORT,False,-1,-1,-1,-1,-1,-1,True,,,0.0,0.0,no_entry,False,False,5,1,2c3b43c6ad50
2026-07-17,US.AAPL,LONG,False,-1,-1,-1,-1,-1,-1,True,,,0.0,0.0,no_entry,False,False,5,1,2c3b43c6ad50
2026-07-17,US.AAPL,SHORT,False,-1,-1,-1,-1,-1,-1,True,,,0.0,0.0,no_entry,False,False,5,1,2c3b43c6ad50
2026-07-17,US.AMD,LONG,False,-1,-1,-1,-1,-1,-1,True,,,0.0,0.0,no_entry,False,False,5,1,2c3b43c6ad50
2026-07-17,US.AMD,SHORT,False,-1,-1,-1,-1,-1,-1,True,,,0.0,0.0,no_entry,False,False,5,1,2c3b43c6ad50
2026-07-17,US.IWM,LONG,True,160,165,730,730,735,735,True,294.63,294.61,-0.01999999999998181,-6.788174999145304e-05,failed_followthrough,False,False,5,1,2c3b43c6ad50
2026-07-17,US.IWM,SHORT,False,-1,-1,-1,-1,-1,-1,True,,,0.0,0.0,no_entry,False,False,5,1,2c3b43c6ad50
2026-07-17,US.META,LONG,False,-1,-1,-1,-1,-1,-1,True,,,0.0,0.0,no_entry,False,False,5,1,2c3b43c6ad50
2026-07-17,US.META,SHORT,False,-1,-1,-1,-1,-1,-1,True,,,0.0,0.0,no_entry,False,False,5,1,2c3b43c6ad50
2026-07-17,US.MSFT,LONG,False,-1,-1,-1,-1,-1,-1,True,,,0.0,0.0,no_entry,False,False,5,1,2c3b43c6ad50
2026-07-17,US.MSFT,SHORT,True,55,205,625,625,775,775,True,392.291511565,393.758749491,-1.4672379259999957,-0.0037401725062737802,soft_failure_loss,False,False,5,1,2c3b43c6ad50
2026-07-17,US.MU,LONG,False,-1,-1,-1,-1,-1,-1,True,,,0.0,0.0,no_entry,False,False,5,1,2c3b43c6ad50
2026-07-17,US.MU,SHORT,False,-1,-1,-1,-1,-1,-1,True,,,0.0,0.0,no_entry,False,False,5,1,2c3b43c6ad50
2026-07-17,US.NVDA,LONG,False,-1,-1,-1,-1,-1,-1,True,,,0.0,0.0,no_entry,False,False,5,1,2c3b43c6ad50
2026-07-17,US.NVDA,SHORT,False,-1,-1,-1,-1,-1,-1,True,,,0.0,0.0,no_entry,False,False,5,1,2c3b43c6ad50
2026-07-17,US.QQQ,LONG,False,-1,-1,-1,-1,-1,-1,True,,,0.0,0.0,no_entry,False,False,5,1,2c3b43c6ad50
2026-07-17,US.QQQ,SHORT,False,-1,-1,-1,-1,-1,-1,True,,,0.0,0.0,no_entry,False,False,5,1,2c3b43c6ad50
2026-07-17,US.SPY,LONG,False,-1,-1,-1,-1,-1,-1,True,,,0.0,0.0,no_entry,False,False,5,1,2c3b43c6ad50
2026-07-17,US.SPY,SHORT,False,-1,-1,-1,-1,-1,-1,True,,,0.0,0.0,no_entry,False,False,5,1,2c3b43c6ad50
2026-07-17,US.TSLA,LONG,False,-1,-1,-1,-1,-1,-1,True,,,0.0,0.0,no_entry,False,False,5,1,2c3b43c6ad50
2026-07-17,US.TSLA,SHORT,False,-1,-1,-1,-1,-1,-1,True,,,0.0,0.0,no_entry,False,False,5,1,2c3b43c6ad50
2026-07-20,US.AAPL,LONG,False,-1,-1,-1,-1,-1,-1,True,,,0.0,0.0,no_entry,False,False,5,1,2c3b43c6ad50
2026-07-20,US.AAPL,SHORT,False,-1,-1,-1,-1,-1,-1,True,,,0.0,0.0,no_entry,False,False,5,1,2c3b43c6ad50
2026-07-20,US.AMD,LONG,False,-1,-1,-1,-1,-1,-1,True,,,0.0,0.0,no_entry,False,False,5,1,2c3b43c6ad50
2026-07-20,US.AMD,SHORT,False,-1,-1,-1,-1,-1,-1,True,,,0.0,0.0,no_entry,False,False,5,1,2c3b43c6ad50
2026-07-20,US.IWM,LONG,False,-1,-1,-1,-1,-1,-1,True,,,0.0,0.0,no_entry,False,False,5,1,2c3b43c6ad50
2026-07-20,US.IWM,SHORT,False,-1,-1,-1,-1,-1,-1,True,,,0.0,0.0,no_entry,False,False,5,1,2c3b43c6ad50
2026-07-20,US.META,LONG,False,-1,-1,-1,-1,-1,-1,True,,,0.0,0.0,no_entry,False,False,5,1,2c3b43c6ad50
2026-07-20,US.META,SHORT,False,-1,-1,-1,-1,-1,-1,True,,,0.0,0.0,no_entry,False,False,5,1,2c3b43c6ad50
2026-07-20,US.MSFT,LONG,False,-1,-1,-1,-1,-1,-1,True,,,0.0,0.0,no_entry,False,False,5,1,2c3b43c6ad50
2026-07-20,US.MSFT,SHORT,False,-1,-1,-1,-1,-1,-1,True,,,0.0,0.0,no_entry,False,False,5,1,2c3b43c6ad50
2026-07-20,US.MU,LONG,False,-1,-1,-1,-1,-1,-1,True,,,0.0,0.0,no_entry,False,False,5,1,2c3b43c6ad50
2026-07-20,US.MU,SHORT,False,-1,-1,-1,-1,-1,-1,True,,,0.0,0.0,no_entry,False,False,5,1,2c3b43c6ad50
2026-07-20,US.NVDA,LONG,False,-1,-1,-1,-1,-1,-1,True,,,0.0,0.0,no_entry,False,False,5,1,2c3b43c6ad50
2026-07-20,US.NVDA,SHORT,False,-1,-1,-1,-1,-1,-1,True,,,0.0,0.0,no_entry,False,False,5,1,2c3b43c6ad50
2026-07-20,US.QQQ,LONG,False,-1,-1,-1,-1,-1,-1,True,,,0.0,0.0,no_entry,False,False,5,1,2c3b43c6ad50
2026-07-20,US.QQQ,SHORT,True,205,210,775,775,780,780,True,700.59,700.79,-0.1999999999999318,-0.00028547367219048487,failed_followthrough,False,False,5,1,2c3b43c6ad50
2026-07-20,US.SPY,LONG,False,-1,-1,-1,-1,-1,-1,True,,,0.0,0.0,no_entry,False,False,5,1,2c3b43c6ad50
2026-07-20,US.SPY,SHORT,True,185,190,755,755,760,760,True,745.82,746.33,-0.5099999999999909,-0.0006838111072376591,failed_followthrough,False,False,5,1,2c3b43c6ad50
2026-07-20,US.TSLA,LONG,False,-1,-1,-1,-1,-1,-1,True,,,0.0,0.0,no_entry,False,False,5,1,2c3b43c6ad50
2026-07-20,US.TSLA,SHORT,False,-1,-1,-1,-1,-1,-1,True,,,0.0,0.0,no_entry,False,False,5,1,2c3b43c6ad50
2026-07-21,US.AAPL,LONG,False,-1,-1,-1,-1,-1,-1,True,,,0.0,0.0,no_entry,False,False,5,1,2c3b43c6ad50
2026-07-21,US.AAPL,SHORT,False,-1,-1,-1,-1,-1,-1,True,,,0.0,0.0,no_entry,False,False,5,1,2c3b43c6ad50
2026-07-21,US.AMD,LONG,True,165,360,735,735,930,930,True,533.645,540.03,6.384999999999991,0.011964883021484303,trailing,False,False,5,1,2c3b43c6ad50
2026-07-21,US.AMD,SHORT,False,-1,-1,-1,-1,-1,-1,True,,,0.0,0.0,no_entry,False,False,5,1,2c3b43c6ad50
2026-07-21,US.IWM,LONG,False,-1,-1,-1,-1,-1,-1,True,,,0.0,0.0,no_entry,False,False,5,1,2c3b43c6ad50
2026-07-21,US.IWM,SHORT,False,-1,-1,-1,-1,-1,-1,True,,,0.0,0.0,no_entry,False,False,5,1,2c3b43c6ad50
2026-07-21,US.META,LONG,False,-1,-1,-1,-1,-1,-1,True,,,0.0,0.0,no_entry,False,False,5,1,2c3b43c6ad50
2026-07-21,US.META,SHORT,False,-1,-1,-1,-1,-1,-1,True,,,0.0,0.0,no_entry,False,False,5,1,2c3b43c6ad50
2026-07-21,US.MSFT,LONG,False,-1,-1,-1,-1,-1,-1,True,,,0.0,0.0,no_entry,False,False,5,1,2c3b43c6ad50
2026-07-21,US.MSFT,SHORT,False,-1,-1,-1,-1,-1,-1,True,,,0.0,0.0,no_entry,False,False,5,1,2c3b43c6ad50
2026-07-21,US.MU,LONG,False,-1,-1,-1,-1,-1,-1,True,,,0.0,0.0,no_entry,False,False,5,1,2c3b43c6ad50
2026-07-21,US.MU,SHORT,True,45,50,615,615,620,620,True,922.64,923.76,-1.1200000000000045,-0.001213907916413774,failed_followthrough,False,False,5,1,2c3b43c6ad50
2026-07-21,US.NVDA,LONG,False,-1,-1,-1,-1,-1,-1,True,,,0.0,0.0,no_entry,False,False,5,1,2c3b43c6ad50
2026-07-21,US.NVDA,SHORT,True,150,155,720,720,725,725,True,205.549995784,206.059425747,-0.5094299630000023,-0.002478374962047342,failed_followthrough,False,False,5,1,2c3b43c6ad50
2026-07-21,US.QQQ,LONG,False,-1,-1,-1,-1,-1,-1,True,,,0.0,0.0,no_entry,False,False,5,1,2c3b43c6ad50
2026-07-21,US.QQQ,SHORT,False,-1,-1,-1,-1,-1,-1,True,,,0.0,0.0,no_entry,False,False,5,1,2c3b43c6ad50
2026-07-21,US.SPY,LONG,False,-1,-1,-1,-1,-1,-1,True,,,0.0,0.0,no_entry,False,False,5,1,2c3b43c6ad50
2026-07-21,US.SPY,SHORT,False,-1,-1,-1,-1,-1,-1,True,,,0.0,0.0,no_entry,False,False,5,1,2c3b43c6ad50
2026-07-21,US.TSLA,LONG,False,-1,-1,-1,-1,-1,-1,True,,,0.0,0.0,no_entry,False,False,5,1,2c3b43c6ad50
2026-07-21,US.TSLA,SHORT,False,-1,-1,-1,-1,-1,-1,True,,,0.0,0.0,no_entry,False,False,5,1,2c3b43c6ad50
2026-07-22,US.AAPL,LONG,False,-1,-1,-1,-1,-1,-1,True,,,0.0,0.0,no_entry,False,False,5,1,2c3b43c6ad50
2026-07-22,US.AAPL,SHORT,False,-1,-1,-1,-1,-1,-1,True,,,0.0,0.0,no_entry,False,False,5,1,2c3b43c6ad50
2026-07-22,US.AMD,LONG,False,-1,-1,-1,-1,-1,-1,True,,,0.0,0.0,no_entry,False,False,5,1,2c3b43c6ad50
2026-07-22,US.AMD,SHORT,False,-1,-1,-1,-1,-1,-1,True,,,0.0,0.0,no_entry,False,False,5,1,2c3b43c6ad50
2026-07-22,US.IWM,LONG,False,-1,-1,-1,-1,-1,-1,True,,,0.0,0.0,no_entry,False,False,5,1,2c3b43c6ad50
2026-07-22,US.IWM,SHORT,False,-1,-1,-1,-1,-1,-1,True,,,0.0,0.0,no_entry,False,False,5,1,2c3b43c6ad50
2026-07-22,US.META,LONG,False,-1,-1,-1,-1,-1,-1,True,,,0.0,0.0,no_entry,False,False,5,1,2c3b43c6ad50
2026-07-22,US.META,SHORT,False,-1,-1,-1,-1,-1,-1,True,,,0.0,0.0,no_entry,False,False,5,1,2c3b43c6ad50
2026-07-22,US.MSFT,LONG,False,-1,-1,-1,-1,-1,-1,True,,,0.0,0.0,no_entry,False,False,5,1,2c3b43c6ad50
2026-07-22,US.MSFT,SHORT,False,-1,-1,-1,-1,-1,-1,True,,,0.0,0.0,no_entry,False,False,5,1,2c3b43c6ad50
2026-07-22,US.MU,LONG,True,35,40,605,605,610,610,True,965.9899,964.19,-1.7998999999999796,-0.001863269998992722,failed_followthrough,False,False,5,1,2c3b43c6ad50
2026-07-22,US.MU,SHORT,False,-1,-1,-1,-1,-1,-1,True,,,0.0,0.0,no_entry,False,False,5,1,2c3b43c6ad50
2026-07-22,US.NVDA,LONG,False,-1,-1,-1,-1,-1,-1,True,,,0.0,0.0,no_entry,False,False,5,1,2c3b43c6ad50
2026-07-22,US.NVDA,SHORT,False,-1,-1,-1,-1,-1,-1,True,,,0.0,0.0,no_entry,False,False,5,1,2c3b43c6ad50
2026-07-22,US.QQQ,LONG,True,55,75,625,625,645,645,True,706.65,705.87,-0.7799999999999727,-0.0011037996179154783,failed_followthrough,False,False,5,1,2c3b43c6ad50
2026-07-22,US.QQQ,SHORT,False,-1,-1,-1,-1,-1,-1,True,,,0.0,0.0,no_entry,False,False,5,1,2c3b43c6ad50
2026-07-22,US.SPY,LONG,True,40,45,610,610,615,615,True,748.54,748.26,-0.2799999999999727,-0.0003740615063990872,failed_followthrough,False,False,5,1,2c3b43c6ad50
2026-07-22,US.SPY,SHORT,False,-1,-1,-1,-1,-1,-1,True,,,0.0,0.0,no_entry,False,False,5,1,2c3b43c6ad50
2026-07-22,US.TSLA,LONG,True,30,35,600,600,605,605,True,379.6,379.44,-0.160000000000025,-0.0004214963119073367,failed_followthrough,False,False,5,1,2c3b43c6ad50
2026-07-22,US.TSLA,SHORT,False,-1,-1,-1,-1,-1,-1,True,,,0.0,0.0,no_entry,False,False,5,1,2c3b43c6ad50
2026-07-23,US.AAPL,LONG,False,-1,-1,-1,-1,-1,-1,True,,,0.0,0.0,no_entry,False,False,5,1,2c3b43c6ad50
2026-07-23,US.AAPL,SHORT,True,45,55,615,615,625,625,True,320.528558481,321.133037146,-0.6044786649999878,-0.0018858808334104168,failed_followthrough,False,False,5,1,2c3b43c6ad50
2026-07-23,US.AMD,LONG,False,-1,-1,-1,-1,-1,-1,True,,,0.0,0.0,no_entry,False,False,5,1,2c3b43c6ad50
2026-07-23,US.AMD,SHORT,False,-1,-1,-1,-1,-1,-1,True,,,0.0,0.0,no_entry,False,False,5,1,2c3b43c6ad50
2026-07-23,US.IWM,LONG,False,-1,-1,-1,-1,-1,-1,True,,,0.0,0.0,no_entry,False,False,5,1,2c3b43c6ad50
2026-07-23,US.IWM,SHORT,False,-1,-1,-1,-1,-1,-1,True,,,0.0,0.0,no_entry,False,False,5,1,2c3b43c6ad50
2026-07-23,US.META,LONG,False,-1,-1,-1,-1,-1,-1,True,,,0.0,0.0,no_entry,False,False,5,1,2c3b43c6ad50
2026-07-23,US.META,SHORT,True,190,195,760,760,765,765,True,602.8,603.07,-0.2700000000000955,-0.000447909754479256,failed_followthrough,False,False,5,1,2c3b43c6ad50
2026-07-23,US.MSFT,LONG,False,-1,-1,-1,-1,-1,-1,True,,,0.0,0.0,no_entry,False,False,5,1,2c3b43c6ad50
2026-07-23,US.MSFT,SHORT,False,-1,-1,-1,-1,-1,-1,True,,,0.0,0.0,no_entry,False,False,5,1,2c3b43c6ad50
2026-07-23,US.MU,LONG,False,-1,-1,-1,-1,-1,-1,True,,,0.0,0.0,no_entry,False,False,5,1,2c3b43c6ad50
2026-07-23,US.MU,SHORT,False,-1,-1,-1,-1,-1,-1,True,,,0.0,0.0,no_entry,False,False,5,1,2c3b43c6ad50
2026-07-23,US.NVDA,LONG,False,-1,-1,-1,-1,-1,-1,True,,,0.0,0.0,no_entry,False,False,5,1,2c3b43c6ad50
2026-07-23,US.NVDA,SHORT,True,80,190,650,650,760,760,True,208.107134423,209.995021934,-1.8878875110000024,-0.009071709704880512,trailing,False,False,5,1,2c3b43c6ad50
2026-07-23,US.QQQ,LONG,False,-1,-1,-1,-1,-1,-1,True,,,0.0,0.0,no_entry,False,False,5,1,2c3b43c6ad50
2026-07-23,US.QQQ,SHORT,True,215,220,785,785,790,790,True,692.17,692.41,-0.2400000000000091,-0.00034673562853057647,failed_followthrough,False,False,5,1,2c3b43c6ad50
2026-07-23,US.SPY,LONG,False,-1,-1,-1,-1,-1,-1,True,,,0.0,0.0,no_entry,False,False,5,1,2c3b43c6ad50
2026-07-23,US.SPY,SHORT,False,-1,-1,-1,-1,-1,-1,True,,,0.0,0.0,no_entry,False,False,5,1,2c3b43c6ad50
2026-07-23,US.TSLA,LONG,False,-1,-1,-1,-1,-1,-1,True,,,0.0,0.0,no_entry,False,False,5,1,2c3b43c6ad50
2026-07-23,US.TSLA,SHORT,False,-1,-1,-1,-1,-1,-1,True,,,0.0,0.0,no_entry,False,False,5,1,2c3b43c6ad50
2026-07-24,US.AAPL,LONG,False,-1,-1,-1,-1,-1,-1,True,,,0.0,0.0,no_entry,False,False,5,1,2c3b43c6ad50
2026-07-24,US.AAPL,SHORT,False,-1,-1,-1,-1,-1,-1,True,,,0.0,0.0,no_entry,False,False,5,1,2c3b43c6ad50
2026-07-24,US.AMD,LONG,False,-1,-1,-1,-1,-1,-1,True,,,0.0,0.0,no_entry,False,False,5,1,2c3b43c6ad50
2026-07-24,US.AMD,SHORT,True,55,60,625,625,630,630,True,529.15,531.09,-1.9400000000000546,-0.0036662572049514404,failed_followthrough,False,False,5,1,2c3b43c6ad50
2026-07-24,US.IWM,LONG,False,-1,-1,-1,-1,-1,-1,True,,,0.0,0.0,no_entry,False,False,5,1,2c3b43c6ad50
2026-07-24,US.IWM,SHORT,True,50,55,620,620,625,625,True,291.59,292.01,-0.4200000000000159,-0.0014403786138071125,failed_followthrough,False,False,5,1,2c3b43c6ad50
2026-07-24,US.META,LONG,False,-1,-1,-1,-1,-1,-1,True,,,0.0,0.0,no_entry,False,False,5,1,2c3b43c6ad50
2026-07-24,US.META,SHORT,True,30,35,600,600,605,605,True,601.83,602.96,-1.1299999999999955,-0.0018776066331023635,failed_followthrough,False,False,5,1,2c3b43c6ad50
2026-07-24,US.MSFT,LONG,False,-1,-1,-1,-1,-1,-1,True,,,0.0,0.0,no_entry,False,False,5,1,2c3b43c6ad50
2026-07-24,US.MSFT,SHORT,False,-1,-1,-1,-1,-1,-1,True,,,0.0,0.0,no_entry,False,False,5,1,2c3b43c6ad50
2026-07-24,US.MU,LONG,False,-1,-1,-1,-1,-1,-1,True,,,0.0,0.0,no_entry,False,False,5,1,2c3b43c6ad50
2026-07-24,US.MU,SHORT,True,40,150,610,610,720,720,True,937.07,946.0,-8.92999999999995,-0.009529704291034767,soft_failure_loss,False,False,5,1,2c3b43c6ad50
2026-07-24,US.NVDA,LONG,False,-1,-1,-1,-1,-1,-1,True,,,0.0,0.0,no_entry,False,False,5,1,2c3b43c6ad50
2026-07-24,US.NVDA,SHORT,False,-1,-1,-1,-1,-1,-1,True,,,0.0,0.0,no_entry,False,False,5,1,2c3b43c6ad50
2026-07-24,US.QQQ,LONG,False,-1,-1,-1,-1,-1,-1,True,,,0.0,0.0,no_entry,False,False,5,1,2c3b43c6ad50
2026-07-24,US.QQQ,SHORT,True,55,105,625,625,675,675,True,686.9,689.31,-2.409999999999968,-0.003508516523511382,soft_failure_loss,False,False,5,1,2c3b43c6ad50
2026-07-24,US.SPY,LONG,True,100,300,670,670,870,870,True,739.69,739.05,-0.6400000000001,-0.0008652273249605916,trailing,False,False,5,1,2c3b43c6ad50
2026-07-24,US.SPY,SHORT,True,70,80,640,640,650,650,True,738.03,738.535,-0.5049999999999955,-0.0006842540276140475,failed_followthrough,False,False,5,1,2c3b43c6ad50
2026-07-24,US.TSLA,LONG,False,-1,-1,-1,-1,-1,-1,True,,,0.0,0.0,no_entry,False,False,5,1,2c3b43c6ad50
2026-07-24,US.TSLA,SHORT,False,-1,-1,-1,-1,-1,-1,True,,,0.0,0.0,no_entry,False,False,5,1,2c3b43c6ad50
2026-07-27,US.AAPL,LONG,True,170,180,740,740,750,750,True,337.194185125,337.169206668,-0.024978456999974696,-7.4077365808414e-05,failed_followthrough,False,False,5,1,2c3b43c6ad50
2026-07-27,US.AAPL,SHORT,False,-1,-1,-1,-1,-1,-1,True,,,0.0,0.0,no_entry,False,False,5,1,2c3b43c6ad50
2026-07-27,US.AMD,LONG,False,-1,-1,-1,-1,-1,-1,True,,,0.0,0.0,no_entry,False,False,5,1,2c3b43c6ad50
2026-07-27,US.AMD,SHORT,False,-1,-1,-1,-1,-1,-1,True,,,0.0,0.0,no_entry,False,False,5,1,2c3b43c6ad50
2026-07-27,US.IWM,LONG,False,-1,-1,-1,-1,-1,-1,True,,,0.0,0.0,no_entry,False,False,5,1,2c3b43c6ad50
2026-07-27,US.IWM,SHORT,False,-1,-1,-1,-1,-1,-1,True,,,0.0,0.0,no_entry,False,False,5,1,2c3b43c6ad50
2026-07-27,US.META,LONG,False,-1,-1,-1,-1,-1,-1,True,,,0.0,0.0,no_entry,False,False,5,1,2c3b43c6ad50
2026-07-27,US.META,SHORT,False,-1,-1,-1,-1,-1,-1,True,,,0.0,0.0,no_entry,False,False,5,1,2c3b43c6ad50
2026-07-27,US.MSFT,LONG,False,-1,-1,-1,-1,-1,-1,True,,,0.0,0.0,no_entry,False,False,5,1,2c3b43c6ad50
2026-07-27,US.MSFT,SHORT,False,-1,-1,-1,-1,-1,-1,True,,,0.0,0.0,no_entry,False,False,5,1,2c3b43c6ad50
2026-07-27,US.MU,LONG,False,-1,-1,-1,-1,-1,-1,True,,,0.0,0.0,no_entry,False,False,5,1,2c3b43c6ad50
2026-07-27,US.MU,SHORT,False,-1,-1,-1,-1,-1,-1,True,,,0.0,0.0,no_entry,False,False,5,1,2c3b43c6ad50
2026-07-27,US.NVDA,LONG,False,-1,-1,-1,-1,-1,-1,True,,,0.0,0.0,no_entry,False,False,5,1,2c3b43c6ad50
2026-07-27,US.NVDA,SHORT,False,-1,-1,-1,-1,-1,-1,True,,,0.0,0.0,no_entry,False,False,5,1,2c3b43c6ad50
2026-07-27,US.QQQ,LONG,False,-1,-1,-1,-1,-1,-1,True,,,0.0,0.0,no_entry,False,False,5,1,2c3b43c6ad50
2026-07-27,US.QQQ,SHORT,False,-1,-1,-1,-1,-1,-1,True,,,0.0,0.0,no_entry,False,False,5,1,2c3b43c6ad50
2026-07-27,US.SPY,LONG,False,-1,-1,-1,-1,-1,-1,True,,,0.0,0.0,no_entry,False,False,5,1,2c3b43c6ad50
2026-07-27,US.SPY,SHORT,False,-1,-1,-1,-1,-1,-1,True,,,0.0,0.0,no_entry,False,False,5,1,2c3b43c6ad50
2026-07-27,US.TSLA,LONG,False,-1,-1,-1,-1,-1,-1,True,,,0.0,0.0,no_entry,False,False,5,1,2c3b43c6ad50
2026-07-27,US.TSLA,SHORT,True,195,255,765,765,825,825,True,308.355,308.42,-0.06499999999999773,-0.00021079599811904372,failed_followthrough,False,False,5,1,2c3b43c6ad50
2026-07-28,US.AAPL,LONG,False,-1,-1,-1,-1,-1,-1,True,,,0.0,0.0,no_entry,False,False,5,1,2c3b43c6ad50
2026-07-28,US.AAPL,SHORT,False,-1,-1,-1,-1,-1,-1,True,,,0.0,0.0,no_entry,False,False,5,1,2c3b43c6ad50
2026-07-28,US.AMD,LONG,False,-1,-1,-1,-1,-1,-1,True,,,0.0,0.0,no_entry,False,False,5,1,2c3b43c6ad50
2026-07-28,US.AMD,SHORT,True,90,110,660,660,680,680,True,452.261,453.84,-1.5789999999999509,-0.0034913468108016183,failed_followthrough,False,False,5,1,2c3b43c6ad50
2026-07-28,US.IWM,LONG,False,-1,-1,-1,-1,-1,-1,True,,,0.0,0.0,no_entry,False,False,5,1,2c3b43c6ad50
2026-07-28,US.IWM,SHORT,False,-1,-1,-1,-1,-1,-1,True,,,0.0,0.0,no_entry,False,False,5,1,2c3b43c6ad50
2026-07-28,US.META,LONG,False,-1,-1,-1,-1,-1,-1,True,,,0.0,0.0,no_entry,False,False,5,1,2c3b43c6ad50
2026-07-28,US.META,SHORT,True,40,55,610,610,625,625,True,593.9,594.16,-0.2599999999999909,-0.000437784138743881,failed_followthrough,False,False,5,1,2c3b43c6ad50
2026-07-28,US.MSFT,LONG,False,-1,-1,-1,-1,-1,-1,True,,,0.0,0.0,no_entry,False,False,5,1,2c3b43c6ad50
2026-07-28,US.MSFT,SHORT,False,-1,-1,-1,-1,-1,-1,True,,,0.0,0.0,no_entry,False,False,5,1,2c3b43c6ad50
2026-07-28,US.MU,LONG,False,-1,-1,-1,-1,-1,-1,True,,,0.0,0.0,no_entry,False,False,5,1,2c3b43c6ad50
2026-07-28,US.MU,SHORT,True,100,115,670,670,685,685,True,812.51,820.17,-7.659999999999968,-0.009427576275984256,failed_followthrough,False,False,5,1,2c3b43c6ad50
2026-07-28,US.NVDA,LONG,False,-1,-1,-1,-1,-1,-1,True,,,0.0,0.0,no_entry,False,False,5,1,2c3b43c6ad50
2026-07-28,US.NVDA,SHORT,True,55,60,625,625,630,630,True,193.223788436,193.883050742,-0.659262305999988,-0.003411910672781112,failed_followthrough,False,False,5,1,2c3b43c6ad50
2026-07-28,US.QQQ,LONG,False,-1,-1,-1,-1,-1,-1,True,,,0.0,0.0,no_entry,False,False,5,1,2c3b43c6ad50
2026-07-28,US.QQQ,SHORT,False,-1,-1,-1,-1,-1,-1,True,,,0.0,0.0,no_entry,False,False,5,1,2c3b43c6ad50
2026-07-28,US.SPY,LONG,False,-1,-1,-1,-1,-1,-1,True,,,0.0,0.0,no_entry,False,False,5,1,2c3b43c6ad50
2026-07-28,US.SPY,SHORT,False,-1,-1,-1,-1,-1,-1,True,,,0.0,0.0,no_entry,False,False,5,1,2c3b43c6ad50
2026-07-28,US.TSLA,LONG,False,-1,-1,-1,-1,-1,-1,True,,,0.0,0.0,no_entry,False,False,5,1,2c3b43c6ad50
2026-07-28,US.TSLA,SHORT,True,70,75,640,640,645,645,True,301.94,302.5599,-0.6199000000000296,-0.0020530568987216983,failed_followthrough,False,False,5,1,2c3b43c6ad50
2026-07-29,US.AAPL,LONG,True,40,45,610,610,615,615,True,342.344743,341.525449604,-0.8192933959999777,-0.002393182348355727,soft_failure_loss,False,False,5,1,2c3b43c6ad50
2026-07-29,US.AAPL,SHORT,False,-1,-1,-1,-1,-1,-1,True,,,0.0,0.0,no_entry,False,False,5,1,2c3b43c6ad50
2026-07-29,US.AMD,LONG,False,-1,-1,-1,-1,-1,-1,True,,,0.0,0.0,no_entry,False,False,5,1,2c3b43c6ad50
2026-07-29,US.AMD,SHORT,False,-1,-1,-1,-1,-1,-1,True,,,0.0,0.0,no_entry,False,False,5,1,2c3b43c6ad50
2026-07-29,US.IWM,LONG,False,-1,-1,-1,-1,-1,-1,True,,,0.0,0.0,no_entry,False,False,5,1,2c3b43c6ad50
2026-07-29,US.IWM,SHORT,False,-1,-1,-1,-1,-1,-1,True,,,0.0,0.0,no_entry,False,False,5,1,2c3b43c6ad50
2026-07-29,US.META,LONG,False,-1,-1,-1,-1,-1,-1,True,,,0.0,0.0,no_entry,False,False,5,1,2c3b43c6ad50
2026-07-29,US.META,SHORT,True,30,35,600,600,605,605,True,589.55,590.73,-1.1800000000000637,-0.002001526588075759,failed_followthrough,False,False,5,1,2c3b43c6ad50
2026-07-29,US.MSFT,LONG,False,-1,-1,-1,-1,-1,-1,True,,,0.0,0.0,no_entry,False,False,5,1,2c3b43c6ad50
2026-07-29,US.MSFT,SHORT,False,-1,-1,-1,-1,-1,-1,True,,,0.0,0.0,no_entry,False,False,5,1,2c3b43c6ad50
2026-07-29,US.MU,LONG,False,-1,-1,-1,-1,-1,-1,True,,,0.0,0.0,no_entry,False,False,5,1,2c3b43c6ad50
2026-07-29,US.MU,SHORT,False,-1,-1,-1,-1,-1,-1,True,,,0.0,0.0,no_entry,False,False,5,1,2c3b43c6ad50
2026-07-29,US.NVDA,LONG,False,-1,-1,-1,-1,-1,-1,True,,,0.0,0.0,no_entry,False,False,5,1,2c3b43c6ad50
2026-07-29,US.NVDA,SHORT,False,-1,-1,-1,-1,-1,-1,True,,,0.0,0.0,no_entry,False,False,5,1,2c3b43c6ad50
2026-07-29,US.QQQ,LONG,False,-1,-1,-1,-1,-1,-1,True,,,0.0,0.0,no_entry,False,False,5,1,2c3b43c6ad50
2026-07-29,US.QQQ,SHORT,False,-1,-1,-1,-1,-1,-1,True,,,0.0,0.0,no_entry,False,False,5,1,2c3b43c6ad50
2026-07-29,US.SPY,LONG,False,-1,-1,-1,-1,-1,-1,True,,,0.0,0.0,no_entry,False,False,5,1,2c3b43c6ad50
2026-07-29,US.SPY,SHORT,False,-1,-1,-1,-1,-1,-1,True,,,0.0,0.0,no_entry,False,False,5,1,2c3b43c6ad50
2026-07-29,US.TSLA,LONG,False,-1,-1,-1,-1,-1,-1,True,,,0.0,0.0,no_entry,False,False,5,1,2c3b43c6ad50
2026-07-29,US.TSLA,SHORT,True,65,325,635,635,895,895,True,304.2201,306.69,-2.4698999999999955,-0.008118792939716986,soft_failure_loss,False,False,5,1,2c3b43c6ad50
2026-07-30,US.AAPL,LONG,False,-1,-1,-1,-1,-1,-1,True,,,0.0,0.0,no_entry,False,False,5,1,2c3b43c6ad50
2026-07-30,US.AAPL,SHORT,False,-1,-1,-1,-1,-1,-1,True,,,0.0,0.0,no_entry,False,False,5,1,2c3b43c6ad50
2026-07-30,US.AMD,LONG,False,-1,-1,-1,-1,-1,-1,True,,,0.0,0.0,no_entry,False,False,5,1,2c3b43c6ad50
2026-07-30,US.AMD,SHORT,False,-1,-1,-1,-1,-1,-1,True,,,0.0,0.0,no_entry,False,False,5,1,2c3b43c6ad50
2026-07-30,US.IWM,LONG,False,-1,-1,-1,-1,-1,-1,True,,,0.0,0.0,no_entry,False,False,5,1,2c3b43c6ad50
2026-07-30,US.IWM,SHORT,False,-1,-1,-1,-1,-1,-1,True,,,0.0,0.0,no_entry,False,False,5,1,2c3b43c6ad50
2026-07-30,US.META,LONG,False,-1,-1,-1,-1,-1,-1,True,,,0.0,0.0,no_entry,False,False,5,1,2c3b43c6ad50
2026-07-30,US.META,SHORT,False,-1,-1,-1,-1,-1,-1,True,,,0.0,0.0,no_entry,False,False,5,1,2c3b43c6ad50
2026-07-30,US.MSFT,LONG,False,-1,-1,-1,-1,-1,-1,True,,,0.0,0.0,no_entry,False,False,5,1,2c3b43c6ad50
2026-07-30,US.MSFT,SHORT,False,-1,-1,-1,-1,-1,-1,True,,,0.0,0.0,no_entry,False,False,5,1,2c3b43c6ad50
2026-07-30,US.MU,LONG,False,-1,-1,-1,-1,-1,-1,True,,,0.0,0.0,no_entry,False,False,5,1,2c3b43c6ad50
2026-07-30,US.MU,SHORT,False,-1,-1,-1,-1,-1,-1,True,,,0.0,0.0,no_entry,False,False,5,1,2c3b43c6ad50
2026-07-30,US.NVDA,LONG,False,-1,-1,-1,-1,-1,-1,True,,,0.0,0.0,no_entry,False,False,5,1,2c3b43c6ad50
2026-07-30,US.NVDA,SHORT,False,-1,-1,-1,-1,-1,-1,True,,,0.0,0.0,no_entry,False,False,5,1,2c3b43c6ad50
2026-07-30,US.QQQ,LONG,False,-1,-1,-1,-1,-1,-1,True,,,0.0,0.0,no_entry,False,False,5,1,2c3b43c6ad50
2026-07-30,US.QQQ,SHORT,False,-1,-1,-1,-1,-1,-1,True,,,0.0,0.0,no_entry,False,False,5,1,2c3b43c6ad50
2026-07-30,US.SPY,LONG,True,145,150,715,715,720,720,True,737.23,737.15,-0.08000000000004093,-0.00010851430354169109,failed_followthrough,False,False,5,1,2c3b43c6ad50
2026-07-30,US.SPY,SHORT,False,-1,-1,-1,-1,-1,-1,True,,,0.0,0.0,no_entry,False,False,5,1,2c3b43c6ad50
2026-07-30,US.TSLA,LONG,True,260,265,830,830,835,835,True,307.68,307.67,-0.009999999999990905,-3.250130005197252e-05,failed_followthrough,False,False,5,1,2c3b43c6ad50
2026-07-30,US.TSLA,SHORT,False,-1,-1,-1,-1,-1,-1,True,,,0.0,0.0,no_entry,False,False,5,1,2c3b43c6ad50
2026-07-31,US.AAPL,LONG,False,-1,-1,-1,-1,-1,-1,True,,,0.0,0.0,no_entry,False,False,5,1,2c3b43c6ad50
2026-07-31,US.AAPL,SHORT,False,-1,-1,-1,-1,-1,-1,True,,,0.0,0.0,no_entry,False,False,5,1,2c3b43c6ad50
2026-07-31,US.AMD,LONG,False,-1,-1,-1,-1,-1,-1,True,,,0.0,0.0,no_entry,False,False,5,1,2c3b43c6ad50
2026-07-31,US.AMD,SHORT,False,-1,-1,-1,-1,-1,-1,True,,,0.0,0.0,no_entry,False,False,5,1,2c3b43c6ad50
2026-07-31,US.IWM,LONG,False,-1,-1,-1,-1,-1,-1,True,,,0.0,0.0,no_entry,False,False,5,1,2c3b43c6ad50
2026-07-31,US.IWM,SHORT,False,-1,-1,-1,-1,-1,-1,True,,,0.0,0.0,no_entry,False,False,5,1,2c3b43c6ad50
2026-07-31,US.META,LONG,False,-1,-1,-1,-1,-1,-1,True,,,0.0,0.0,no_entry,False,False,5,1,2c3b43c6ad50
2026-07-31,US.META,SHORT,False,-1,-1,-1,-1,-1,-1,True,,,0.0,0.0,no_entry,False,False,5,1,2c3b43c6ad50
2026-07-31,US.MSFT,LONG,False,-1,-1,-1,-1,-1,-1,True,,,0.0,0.0,no_entry,False,False,5,1,2c3b43c6ad50
2026-07-31,US.MSFT,SHORT,False,-1,-1,-1,-1,-1,-1,True,,,0.0,0.0,no_entry,False,False,5,1,2c3b43c6ad50
2026-07-31,US.MU,LONG,False,-1,-1,-1,-1,-1,-1,True,,,0.0,0.0,no_entry,False,False,5,1,2c3b43c6ad50
2026-07-31,US.MU,SHORT,False,-1,-1,-1,-1,-1,-1,True,,,0.0,0.0,no_entry,False,False,5,1,2c3b43c6ad50
2026-07-31,US.NVDA,LONG,False,-1,-1,-1,-1,-1,-1,True,,,0.0,0.0,no_entry,False,False,5,1,2c3b43c6ad50
2026-07-31,US.NVDA,SHORT,False,-1,-1,-1,-1,-1,-1,True,,,0.0,0.0,no_entry,False,False,5,1,2c3b43c6ad50
2026-07-31,US.QQQ,LONG,False,-1,-1,-1,-1,-1,-1,True,,,0.0,0.0,no_entry,False,False,5,1,2c3b43c6ad50
2026-07-31,US.QQQ,SHORT,False,-1,-1,-1,-1,-1,-1,True,,,0.0,0.0,no_entry,False,False,5,1,2c3b43c6ad50
2026-07-31,US.SPY,LONG,False,-1,-1,-1,-1,-1,-1,True,,,0.0,0.0,no_entry,False,False,5,1,2c3b43c6ad50
2026-07-31,US.SPY,SHORT,True,115,130,685,685,700,700,True,741.02,742.06,-1.0399999999999636,-0.0014034708914738652,soft_failure_loss,False,False,5,1,2c3b43c6ad50
2026-07-31,US.TSLA,LONG,False,-1,-1,-1,-1,-1,-1,True,,,0.0,0.0,no_entry,False,False,5,1,2c3b43c6ad50
2026-07-31,US.TSLA,SHORT,True,120,125,690,690,695,695,True,305.77,305.8176,-0.047600000000045384,-0.0001556725643458985,failed_followthrough,False,False,5,1,2c3b43c6ad50
2026-08-03,US.AAPL,LONG,False,-1,-1,-1,-1,-1,-1,True,,,0.0,0.0,no_entry,False,False,5,1,2c3b43c6ad50
2026-08-03,US.AAPL,SHORT,False,-1,-1,-1,-1,-1,-1,True,,,0.0,0.0,no_entry,False,False,5,1,2c3b43c6ad50
2026-08-03,US.AMD,LONG,False,-1,-1,-1,-1,-1,-1,True,,,0.0,0.0,no_entry,False,False,5,1,2c3b43c6ad50
2026-08-03,US.AMD,SHORT,False,-1,-1,-1,-1,-1,-1,True,,,0.0,0.0,no_entry,False,False,5,1,2c3b43c6ad50
2026-08-03,US.IWM,LONG,False,-1,-1,-1,-1,-1,-1,True,,,0.0,0.0,no_entry,False,False,5,1,2c3b43c6ad50
2026-08-03,US.IWM,SHORT,False,-1,-1,-1,-1,-1,-1,True,,,0.0,0.0,no_entry,False,False,5,1,2c3b43c6ad50
2026-08-03,US.META,LONG,False,-1,-1,-1,-1,-1,-1,True,,,0.0,0.0,no_entry,False,False,5,1,2c3b43c6ad50
2026-08-03,US.META,SHORT,False,-1,-1,-1,-1,-1,-1,True,,,0.0,0.0,no_entry,False,False,5,1,2c3b43c6ad50
2026-08-03,US.MSFT,LONG,False,-1,-1,-1,-1,-1,-1,True,,,0.0,0.0,no_entry,False,False,5,1,2c3b43c6ad50
2026-08-03,US.MSFT,SHORT,False,-1,-1,-1,-1,-1,-1,True,,,0.0,0.0,no_entry,False,False,5,1,2c3b43c6ad50
2026-08-03,US.MU,LONG,False,-1,-1,-1,-1,-1,-1,True,,,0.0,0.0,no_entry,False,False,5,1,2c3b43c6ad50
2026-08-03,US.MU,SHORT,False,-1,-1,-1,-1,-1,-1,True,,,0.0,0.0,no_entry,False,False,5,1,2c3b43c6ad50
2026-08-03,US.NVDA,LONG,False,-1,-1,-1,-1,-1,-1,True,,,0.0,0.0,no_entry,False,False,5,1,2c3b43c6ad50
2026-08-03,US.NVDA,SHORT,False,-1,-1,-1,-1,-1,-1,True,,,0.0,0.0,no_entry,False,False,5,1,2c3b43c6ad50
2026-08-03,US.QQQ,LONG,False,-1,-1,-1,-1,-1,-1,True,,,0.0,0.0,no_entry,False,False,5,1,2c3b43c6ad50
2026-08-03,US.QQQ,SHORT,False,-1,-1,-1,-1,-1,-1,True,,,0.0,0.0,no_entry,False,False,5,1,2c3b43c6ad50
2026-08-03,US.SPY,LONG,False,-1,-1,-1,-1,-1,-1,True,,,0.0,0.0,no_entry,False,False,5,1,2c3b43c6ad50
2026-08-03,US.SPY,SHORT,False,-1,-1,-1,-1,-1,-1,True,,,0.0,0.0,no_entry,False,False,5,1,2c3b43c6ad50
2026-08-03,US.TSLA,LONG,False,-1,-1,-1,-1,-1,-1,True,,,0.0,0.0,no_entry,False,False,5,1,2c3b43c6ad50
2026-08-03,US.TSLA,SHORT,False,-1,-1,-1,-1,-1,-1,True,,,0.0,0.0,no_entry,False,False,5,1,2c3b43c6ad50
2026-08-04,US.AAPL,LONG,True,35,330,605,605,900,900,True,304.537350182,308.259140305,3.7217901230000052,0.012221128609596687,trailing,False,False,5,1,2c3b43c6ad50
2026-08-04,US.AAPL,SHORT,False,-1,-1,-1,-1,-1,-1,True,,,0.0,0.0,no_entry,False,False,5,1,2c3b43c6ad50
2026-08-04,US.AMD,LONG,False,-1,-1,-1,-1,-1,-1,True,,,0.0,0.0,no_entry,False,False,5,1,2c3b43c6ad50
2026-08-04,US.AMD,SHORT,False,-1,-1,-1,-1,-1,-1,True,,,0.0,0.0,no_entry,False,False,5,1,2c3b43c6ad50
2026-08-04,US.IWM,LONG,False,-1,-1,-1,-1,-1,-1,True,,,0.0,0.0,no_entry,False,False,5,1,2c3b43c6ad50
2026-08-04,US.IWM,SHORT,False,-1,-1,-1,-1,-1,-1,True,,,0.0,0.0,no_entry,False,False,5,1,2c3b43c6ad50
2026-08-04,US.META,LONG,False,-1,-1,-1,-1,-1,-1,True,,,0.0,0.0,no_entry,False,False,5,1,2c3b43c6ad50
2026-08-04,US.META,SHORT,False,-1,-1,-1,-1,-1,-1,True,,,0.0,0.0,no_entry,False,False,5,1,2c3b43c6ad50
2026-08-04,US.MSFT,LONG,False,-1,-1,-1,-1,-1,-1,True,,,0.0,0.0,no_entry,False,False,5,1,2c3b43c6ad50
2026-08-04,US.MSFT,SHORT,False,-1,-1,-1,-1,-1,-1,True,,,0.0,0.0,no_entry,False,False,5,1,2c3b43c6ad50
2026-08-04,US.MU,LONG,False,-1,-1,-1,-1,-1,-1,True,,,0.0,0.0,no_entry,False,False,5,1,2c3b43c6ad50
2026-08-04,US.MU,SHORT,False,-1,-1,-1,-1,-1,-1,True,,,0.0,0.0,no_entry,False,False,5,1,2c3b43c6ad50
2026-08-04,US.NVDA,LONG,False,-1,-1,-1,-1,-1,-1,True,,,0.0,0.0,no_entry,False,False,5,1,2c3b43c6ad50
2026-08-04,US.NVDA,SHORT,True,125,130,695,695,700,700,True,209.535536085,209.970049877,-0.4345137920000184,-0.0020736997652930525,failed_followthrough,False,False,5,1,2c3b43c6ad50
2026-08-04,US.QQQ,LONG,True,30,375,600,600,-1,945,True,713.64,725.49,11.850000000000023,0.016605010929880645,scheduled_flatten,True,False,5,1,2c3b43c6ad50
2026-08-04,US.QQQ,SHORT,False,-1,-1,-1,-1,-1,-1,True,,,0.0,0.0,no_entry,False,False,5,1,2c3b43c6ad50
2026-08-04,US.SPY,LONG,False,-1,-1,-1,-1,-1,-1,True,,,0.0,0.0,no_entry,False,False,5,1,2c3b43c6ad50
2026-08-04,US.SPY,SHORT,False,-1,-1,-1,-1,-1,-1,True,,,0.0,0.0,no_entry,False,False,5,1,2c3b43c6ad50
2026-08-04,US.TSLA,LONG,False,-1,-1,-1,-1,-1,-1,True,,,0.0,0.0,no_entry,False,False,5,1,2c3b43c6ad50
2026-08-04,US.TSLA,SHORT,False,-1,-1,-1,-1,-1,-1,True,,,0.0,0.0,no_entry,False,False,5,1,2c3b43c6ad50
2026-08-05,US.AAPL,LONG,False,-1,-1,-1,-1,-1,-1,True,,,0.0,0.0,no_entry,False,False,5,1,2c3b43c6ad50
2026-08-05,US.AAPL,SHORT,False,-1,-1,-1,-1,-1,-1,True,,,0.0,0.0,no_entry,False,False,5,1,2c3b43c6ad50
2026-08-05,US.AMD,LONG,False,-1,-1,-1,-1,-1,-1,True,,,0.0,0.0,no_entry,False,False,5,1,2c3b43c6ad50
2026-08-05,US.AMD,SHORT,False,-1,-1,-1,-1,-1,-1,True,,,0.0,0.0,no_entry,False,False,5,1,2c3b43c6ad50
2026-08-05,US.IWM,LONG,False,-1,-1,-1,-1,-1,-1,True,,,0.0,0.0,no_entry,False,False,5,1,2c3b43c6ad50
2026-08-05,US.IWM,SHORT,False,-1,-1,-1,-1,-1,-1,True,,,0.0,0.0,no_entry,False,False,5,1,2c3b43c6ad50
2026-08-05,US.META,LONG,False,-1,-1,-1,-1,-1,-1,True,,,0.0,0.0,no_entry,False,False,5,1,2c3b43c6ad50
2026-08-05,US.META,SHORT,False,-1,-1,-1,-1,-1,-1,True,,,0.0,0.0,no_entry,False,False,5,1,2c3b43c6ad50
2026-08-05,US.MSFT,LONG,False,-1,-1,-1,-1,-1,-1,True,,,0.0,0.0,no_entry,False,False,5,1,2c3b43c6ad50
2026-08-05,US.MSFT,SHORT,False,-1,-1,-1,-1,-1,-1,True,,,0.0,0.0,no_entry,False,False,5,1,2c3b43c6ad50
2026-08-05,US.MU,LONG,True,115,145,685,685,715,715,True,915.53,914.79,-0.7400000000000091,-0.0008082749882581773,failed_followthrough,False,False,5,1,2c3b43c6ad50
2026-08-05,US.MU,SHORT,False,-1,-1,-1,-1,-1,-1,True,,,0.0,0.0,no_entry,False,False,5,1,2c3b43c6ad50
2026-08-05,US.NVDA,LONG,False,-1,-1,-1,-1,-1,-1,True,,,0.0,0.0,no_entry,False,False,5,1,2c3b43c6ad50
2026-08-05,US.NVDA,SHORT,False,-1,-1,-1,-1,-1,-1,True,,,0.0,0.0,no_entry,False,False,5,1,2c3b43c6ad50
2026-08-05,US.QQQ,LONG,False,-1,-1,-1,-1,-1,-1,True,,,0.0,0.0,no_entry,False,False,5,1,2c3b43c6ad50
2026-08-05,US.QQQ,SHORT,False,-1,-1,-1,-1,-1,-1,True,,,0.0,0.0,no_entry,False,False,5,1,2c3b43c6ad50
2026-08-05,US.SPY,LONG,False,-1,-1,-1,-1,-1,-1,True,,,0.0,0.0,no_entry,False,False,5,1,2c3b43c6ad50
2026-08-05,US.SPY,SHORT,False,-1,-1,-1,-1,-1,-1,True,,,0.0,0.0,no_entry,False,False,5,1,2c3b43c6ad50
2026-08-05,US.TSLA,LONG,False,-1,-1,-1,-1,-1,-1,True,,,0.0,0.0,no_entry,False,False,5,1,2c3b43c6ad50
2026-08-05,US.TSLA,SHORT,False,-1,-1,-1,-1,-1,-1,True,,,0.0,0.0,no_entry,False,False,5,1,2c3b43c6ad50
2026-08-06,US.AAPL,LONG,False,-1,-1,-1,-1,-1,-1,True,,,0.0,0.0,no_entry,False,False,5,1,2c3b43c6ad50
2026-08-06,US.AAPL,SHORT,False,-1,-1,-1,-1,-1,-1,True,,,0.0,0.0,no_entry,False,False,5,1,2c3b43c6ad50
2026-08-06,US.AMD,LONG,False,-1,-1,-1,-1,-1,-1,True,,,0.0,0.0,no_entry,False,False,5,1,2c3b43c6ad50
2026-08-06,US.AMD,SHORT,False,-1,-1,-1,-1,-1,-1,True,,,0.0,0.0,no_entry,False,False,5,1,2c3b43c6ad50
2026-08-06,US.IWM,LONG,False,-1,-1,-1,-1,-1,-1,True,,,0.0,0.0,no_entry,False,False,5,1,2c3b43c6ad50
2026-08-06,US.IWM,SHORT,False,-1,-1,-1,-1,-1,-1,True,,,0.0,0.0,no_entry,False,False,5,1,2c3b43c6ad50
2026-08-06,US.META,LONG,False,-1,-1,-1,-1,-1,-1,True,,,0.0,0.0,no_entry,False,False,5,1,2c3b43c6ad50
2026-08-06,US.META,SHORT,False,-1,-1,-1,-1,-1,-1,True,,,0.0,0.0,no_entry,False,False,5,1,2c3b43c6ad50
2026-08-06,US.MSFT,LONG,True,215,250,785,785,820,820,True,494.688748853,494.578955539,-0.10979331400000092,-0.0002219442311040446,failed_followthrough,False,False,5,1,2c3b43c6ad50
2026-08-06,US.MSFT,SHORT,False,-1,-1,-1,-1,-1,-1,True,,,0.0,0.0,no_entry,False,False,5,1,2c3b43c6ad50
2026-08-06,US.MU,LONG,False,-1,-1,-1,-1,-1,-1,True,,,0.0,0.0,no_entry,False,False,5,1,2c3b43c6ad50
2026-08-06,US.MU,SHORT,False,-1,-1,-1,-1,-1,-1,True,,,0.0,0.0,no_entry,False,False,5,1,2c3b43c6ad50
2026-08-06,US.NVDA,LONG,False,-1,-1,-1,-1,-1,-1,True,,,0.0,0.0,no_entry,False,False,5,1,2c3b43c6ad50
2026-08-06,US.NVDA,SHORT,False,-1,-1,-1,-1,-1,-1,True,,,0.0,0.0,no_entry,False,False,5,1,2c3b43c6ad50
2026-08-06,US.QQQ,LONG,True,210,215,780,780,785,785,True,716.14,715.92,-0.22000000000002728,-0.0003072025023040569,failed_followthrough,False,False,5,1,2c3b43c6ad50
2026-08-06,US.QQQ,SHORT,False,-1,-1,-1,-1,-1,-1,True,,,0.0,0.0,no_entry,False,False,5,1,2c3b43c6ad50
2026-08-06,US.SPY,LONG,True,25,30,595,595,600,600,True,770.925,770.95,0.02500000000009095,3.2428576061343126e-05,failed_followthrough,False,False,5,1,2c3b43c6ad50
2026-08-06,US.SPY,SHORT,False,-1,-1,-1,-1,-1,-1,True,,,0.0,0.0,no_entry,False,False,5,1,2c3b43c6ad50
2026-08-06,US.TSLA,LONG,True,40,180,610,610,750,750,True,320.12,318.58,-1.5400000000000205,-0.004810695989004187,soft_failure_loss,False,False,5,1,2c3b43c6ad50
2026-08-06,US.TSLA,SHORT,False,-1,-1,-1,-1,-1,-1,True,,,0.0,0.0,no_entry,False,False,5,1,2c3b43c6ad50
2026-08-07,US.AAPL,LONG,False,-1,-1,-1,-1,-1,-1,True,,,0.0,0.0,no_entry,False,False,5,1,2c3b43c6ad50
2026-08-07,US.AAPL,SHORT,False,-1,-1,-1,-1,-1,-1,True,,,0.0,0.0,no_entry,False,False,5,1,2c3b43c6ad50
2026-08-07,US.AMD,LONG,False,-1,-1,-1,-1,-1,-1,True,,,0.0,0.0,no_entry,False,False,5,1,2c3b43c6ad50
2026-08-07,US.AMD,SHORT,True,190,200,760,760,770,770,True,480.41,481.1478,-0.7377999999999929,-0.00153577152848607,failed_followthrough,False,False,5,1,2c3b43c6ad50
2026-08-07,US.IWM,LONG,True,255,280,825,825,850,850,True,301.2,301.16,-0.03999999999996362,-0.00013280212483387656,failed_followthrough,False,False,5,1,2c3b43c6ad50
2026-08-07,US.IWM,SHORT,False,-1,-1,-1,-1,-1,-1,True,,,0.0,0.0,no_entry,False,False,5,1,2c3b43c6ad50
2026-08-07,US.META,LONG,False,-1,-1,-1,-1,-1,-1,True,,,0.0,0.0,no_entry,False,False,5,1,2c3b43c6ad50
2026-08-07,US.META,SHORT,False,-1,-1,-1,-1,-1,-1,True,,,0.0,0.0,no_entry,False,False,5,1,2c3b43c6ad50
2026-08-07,US.MSFT,LONG,False,-1,-1,-1,-1,-1,-1,True,,,0.0,0.0,no_entry,False,False,5,1,2c3b43c6ad50
2026-08-07,US.MSFT,SHORT,False,-1,-1,-1,-1,-1,-1,True,,,0.0,0.0,no_entry,False,False,5,1,2c3b43c6ad50
2026-08-07,US.MU,LONG,False,-1,-1,-1,-1,-1,-1,True,,,0.0,0.0,no_entry,False,False,5,1,2c3b43c6ad50
2026-08-07,US.MU,SHORT,True,225,230,795,795,800,800,True,867.76,872.6308,-4.870800000000031,-0.005613072739006212,failed_followthrough,False,False,5,1,2c3b43c6ad50
2026-08-07,US.NVDA,LONG,True,90,205,660,660,775,775,True,222.92055865,221.921676369,-0.9988822809999931,-0.0044808890083947095,soft_failure_loss,False,False,5,1,2c3b43c6ad50
2026-08-07,US.NVDA,SHORT,False,-1,-1,-1,-1,-1,-1,True,,,0.0,0.0,no_entry,False,False,5,1,2c3b43c6ad50
2026-08-07,US.QQQ,LONG,False,-1,-1,-1,-1,-1,-1,True,,,0.0,0.0,no_entry,False,False,5,1,2c3b43c6ad50
2026-08-07,US.QQQ,SHORT,True,75,80,645,645,650,650,True,719.16,719.93,-0.7699999999999818,-0.001070693586962542,failed_followthrough,False,False,5,1,2c3b43c6ad50
2026-08-07,US.SPY,LONG,True,85,310,655,655,880,880,True,772.21,771.3,-0.9100000000000819,-0.0011784359176908895,soft_failure_loss,False,False,5,1,2c3b43c6ad50
2026-08-07,US.SPY,SHORT,True,40,50,610,610,620,620,True,770.48,771.83,-1.3500000000000227,-0.001752154501090259,soft_failure_loss,False,False,5,1,2c3b43c6ad50
2026-08-07,US.TSLA,LONG,True,30,35,600,600,605,605,True,326.65,323.982,-2.6679999999999495,-0.008167763661411143,soft_failure_loss,False,False,5,1,2c3b43c6ad50
2026-08-07,US.TSLA,SHORT,False,-1,-1,-1,-1,-1,-1,True,,,0.0,0.0,no_entry,False,False,5,1,2c3b43c6ad50
2026-08-10,US.AAPL,LONG,False,-1,-1,-1,-1,-1,-1,True,,,0.0,0.0,no_entry,False,False,5,1,2c3b43c6ad50
2026-08-10,US.AAPL,SHORT,False,-1,-1,-1,-1,-1,-1,True,,,0.0,0.0,no_entry,False,False,5,1,2c3b43c6ad50
2026-08-10,US.AMD,LONG,True,50,55,620,620,625,625,True,478.71,477.203,-1.507000000000005,-0.003148043700779188,failed_followthrough,False,False,5,1,2c3b43c6ad50
2026-08-10,US.AMD,SHORT,False,-1,-1,-1,-1,-1,-1,True,,,0.0,0.0,no_entry,False,False,5,1,2c3b43c6ad50
2026-08-10,US.IWM,LONG,False,-1,-1,-1,-1,-1,-1,True,,,0.0,0.0,no_entry,False,False,5,1,2c3b43c6ad50
2026-08-10,US.IWM,SHORT,False,-1,-1,-1,-1,-1,-1,True,,,0.0,0.0,no_entry,False,False,5,1,2c3b43c6ad50
2026-08-10,US.META,LONG,False,-1,-1,-1,-1,-1,-1,True,,,0.0,0.0,no_entry,False,False,5,1,2c3b43c6ad50
2026-08-10,US.META,SHORT,False,-1,-1,-1,-1,-1,-1,True,,,0.0,0.0,no_entry,False,False,5,1,2c3b43c6ad50
2026-08-10,US.MSFT,LONG,True,120,125,690,690,695,695,True,508.612537333,508.333063443,-0.2794738899999629,-0.0005494828960871351,failed_followthrough,False,False,5,1,2c3b43c6ad50
2026-08-10,US.MSFT,SHORT,False,-1,-1,-1,-1,-1,-1,True,,,0.0,0.0,no_entry,False,False,5,1,2c3b43c6ad50
2026-08-10,US.MU,LONG,True,145,150,715,715,720,720,True,879.73,877.19,-2.5399999999999636,-0.0028872494970047214,failed_followthrough,False,False,5,1,2c3b43c6ad50
2026-08-10,US.MU,SHORT,False,-1,-1,-1,-1,-1,-1,True,,,0.0,0.0,no_entry,False,False,5,1,2c3b43c6ad50
2026-08-10,US.NVDA,LONG,False,-1,-1,-1,-1,-1,-1,True,,,0.0,0.0,no_entry,False,False,5,1,2c3b43c6ad50
2026-08-10,US.NVDA,SHORT,True,45,330,615,615,900,900,True,221.861743432,218.775197184,3.0865462479999906,0.013912025571664221,trailing,False,False,5,1,2c3b43c6ad50
2026-08-10,US.QQQ,LONG,True,70,85,640,640,655,655,True,723.71,722.17,-1.5400000000000773,-0.002127924168520647,soft_failure_loss,False,False,5,1,2c3b43c6ad50
2026-08-10,US.QQQ,SHORT,False,-1,-1,-1,-1,-1,-1,True,,,0.0,0.0,no_entry,False,False,5,1,2c3b43c6ad50
2026-08-10,US.SPY,LONG,True,40,55,610,610,625,625,True,774.025,773.965,-0.05999999999994543,-7.751687606982388e-05,failed_followthrough,False,False,5,1,2c3b43c6ad50
2026-08-10,US.SPY,SHORT,False,-1,-1,-1,-1,-1,-1,True,,,0.0,0.0,no_entry,False,False,5,1,2c3b43c6ad50
2026-08-10,US.TSLA,LONG,True,40,45,610,610,615,615,True,329.685,329.61,-0.07499999999998863,-0.00022748987670045235,failed_followthrough,False,False,5,1,2c3b43c6ad50
2026-08-10,US.TSLA,SHORT,False,-1,-1,-1,-1,-1,-1,True,,,0.0,0.0,no_entry,False,False,5,1,2c3b43c6ad50
2026-08-11,US.AAPL,LONG,False,-1,-1,-1,-1,-1,-1,True,,,0.0,0.0,no_entry,False,False,5,1,2c3b43c6ad50
2026-08-11,US.AAPL,SHORT,True,105,110,675,675,680,680,True,306.22,306.31,-0.08999999999997499,-0.0002939063418456501,failed_followthrough,False,False,5,1,2c3b43c6ad50
2026-08-11,US.AMD,LONG,False,-1,-1,-1,-1,-1,-1,True,,,0.0,0.0,no_entry,False,False,5,1,2c3b43c6ad50
2026-08-11,US.AMD,SHORT,False,-1,-1,-1,-1,-1,-1,True,,,0.0,0.0,no_entry,False,False,5,1,2c3b43c6ad50
2026-08-11,US.IWM,LONG,True,50,55,620,620,625,625,True,301.72,301.41,-0.3100000000000023,-0.0010274426620708015,failed_followthrough,False,False,5,1,2c3b43c6ad50
2026-08-11,US.IWM,SHORT,False,-1,-1,-1,-1,-1,-1,True,,,0.0,0.0,no_entry,False,False,5,1,2c3b43c6ad50
2026-08-11,US.META,LONG,False,-1,-1,-1,-1,-1,-1,True,,,0.0,0.0,no_entry,False,False,5,1,2c3b43c6ad50
2026-08-11,US.META,SHORT,False,-1,-1,-1,-1,-1,-1,True,,,0.0,0.0,no_entry,False,False,5,1,2c3b43c6ad50
2026-08-11,US.MSFT,LONG,False,-1,-1,-1,-1,-1,-1,True,,,0.0,0.0,no_entry,False,False,5,1,2c3b43c6ad50
2026-08-11,US.MSFT,SHORT,True,130,135,700,700,705,705,True,499.719278885,500.053649432,-0.3343705469999918,-0.0006691167644083234,failed_followthrough,False,False,5,1,2c3b43c6ad50
2026-08-11,US.MU,LONG,False,-1,-1,-1,-1,-1,-1,True,,,0.0,0.0,no_entry,False,False,5,1,2c3b43c6ad50
2026-08-11,US.MU,SHORT,True,25,30,595,595,600,600,True,857.2976,858.38,-1.082400000000007,-0.0012625720636567825,failed_followthrough,False,False,5,1,2c3b43c6ad50
2026-08-11,US.NVDA,LONG,False,-1,-1,-1,-1,-1,-1,True,,,0.0,0.0,no_entry,False,False,5,1,2c3b43c6ad50
2026-08-11,US.NVDA,SHORT,True,100,350,670,670,920,920,True,218.954995995,217.421711693,1.5332843019999984,0.007002737229320916,trailing,False,False,5,1,2c3b43c6ad50
2026-08-11,US.QQQ,LONG,False,-1,-1,-1,-1,-1,-1,True,,,0.0,0.0,no_entry,False,False,5,1,2c3b43c6ad50
2026-08-11,US.QQQ,SHORT,True,25,30,595,595,600,600,True,719.01,720.7,-1.6900000000000546,-0.0023504540966051302,soft_failure_loss,False,False,5,1,2c3b43c6ad50
2026-08-11,US.SPY,LONG,False,-1,-1,-1,-1,-1,-1,True,,,0.0,0.0,no_entry,False,False,5,1,2c3b43c6ad50
2026-08-11,US.SPY,SHORT,True,105,365,675,675,935,935,True,772.66,770.79,1.8700000000000045,0.002420210700696302,trailing,False,False,5,1,2c3b43c6ad50
2026-08-11,US.TSLA,LONG,True,80,90,650,650,660,660,True,334.58,334.22,-0.3599999999999568,-0.0010759758503196748,failed_followthrough,False,False,5,1,2c3b43c6ad50
2026-08-11,US.TSLA,SHORT,False,-1,-1,-1,-1,-1,-1,True,,,0.0,0.0,no_entry,False,False,5,1,2c3b43c6ad50
2026-08-12,US.AAPL,LONG,False,-1,-1,-1,-1,-1,-1,True,,,0.0,0.0,no_entry,False,False,5,1,2c3b43c6ad50
2026-08-12,US.AAPL,SHORT,True,255,365,825,825,935,935,True,301.79,301.895,-0.10499999999996135,-0.000347924053149413,failed_followthrough,False,False,5,1,2c3b43c6ad50
2026-08-12,US.AMD,LONG,True,65,85,635,635,655,655,True,489.25,488.3411,-0.9089000000000169,-0.0018577414409811281,failed_followthrough,False,False,5,1,2c3b43c6ad50
2026-08-12,US.AMD,SHORT,False,-1,-1,-1,-1,-1,-1,True,,,0.0,0.0,no_entry,False,False,5,1,2c3b43c6ad50
2026-08-12,US.IWM,LONG,False,-1,-1,-1,-1,-1,-1,True,,,0.0,0.0,no_entry,False,False,5,1,2c3b43c6ad50
2026-08-12,US.IWM,SHORT,True,235,240,805,805,810,810,True,302.06,302.245,-0.18500000000000227,-0.000612461100443628,failed_followthrough,False,False,5,1,2c3b43c6ad50
2026-08-12,US.META,LONG,False,-1,-1,-1,-1,-1,-1,True,,,0.0,0.0,no_entry,False,False,5,1,2c3b43c6ad50
2026-08-12,US.META,SHORT,False,-1,-1,-1,-1,-1,-1,True,,,0.0,0.0,no_entry,False,False,5,1,2c3b43c6ad50
2026-08-12,US.MSFT,LONG,False,-1,-1,-1,-1,-1,-1,True,,,0.0,0.0,no_entry,False,False,5,1,2c3b43c6ad50
2026-08-12,US.MSFT,SHORT,False,-1,-1,-1,-1,-1,-1,True,,,0.0,0.0,no_entry,False,False,5,1,2c3b43c6ad50
2026-08-12,US.MU,LONG,True,30,35,600,600,605,605,True,920.5601,917.36,-3.2001000000000204,-0.0034762532071507556,failed_followthrough,False,False,5,1,2c3b43c6ad50
2026-08-12,US.MU,SHORT,False,-1,-1,-1,-1,-1,-1,True,,,0.0,0.0,no_entry,False,False,5,1,2c3b43c6ad50
2026-08-12,US.NVDA,LONG,True,25,345,595,595,915,915,True,222.271285168,223.270167449,0.9988822810000215,0.0044939780693895445,trailing,False,False,5,1,2c3b43c6ad50
2026-08-12,US.NVDA,SHORT,False,-1,-1,-1,-1,-1,-1,True,,,0.0,0.0,no_entry,False,False,5,1,2c3b43c6ad50
2026-08-12,US.QQQ,LONG,False,-1,-1,-1,-1,-1,-1,True,,,0.0,0.0,no_entry,False,False,5,1,2c3b43c6ad50
2026-08-12,US.QQQ,SHORT,True,115,120,685,685,690,690,True,723.71,724.25,-0.5399999999999636,-0.0007461552279227364,failed_followthrough,False,False,5,1,2c3b43c6ad50
2026-08-12,US.SPY,LONG,False,-1,-1,-1,-1,-1,-1,True,,,0.0,0.0,no_entry,False,False,5,1,2c3b43c6ad50
2026-08-12,US.SPY,SHORT,True,40,50,610,610,620,620,True,772.39,772.5,-0.11000000000001364,-0.00014241510117947364,failed_followthrough,False,False,5,1,2c3b43c6ad50
2026-08-12,US.TSLA,LONG,False,-1,-1,-1,-1,-1,-1,True,,,0.0,0.0,no_entry,False,False,5,1,2c3b43c6ad50
2026-08-12,US.TSLA,SHORT,False,-1,-1,-1,-1,-1,-1,True,,,0.0,0.0,no_entry,False,False,5,1,2c3b43c6ad50
2026-08-13,US.AAPL,LONG,True,65,75,635,635,645,645,True,305.115,304.98,-0.1349999999999909,-0.000442456123101096,failed_followthrough,False,False,5,1,2c3b43c6ad50
2026-08-13,US.AAPL,SHORT,False,-1,-1,-1,-1,-1,-1,True,,,0.0,0.0,no_entry,False,False,5,1,2c3b43c6ad50
2026-08-13,US.AMD,LONG,True,85,90,655,655,660,660,True,495.73,494.8,-0.9300000000000068,-0.0018760212212293118,failed_followthrough,False,False,5,1,2c3b43c6ad50
2026-08-13,US.AMD,SHORT,False,-1,-1,-1,-1,-1,-1,True,,,0.0,0.0,no_entry,False,False,5,1,2c3b43c6ad50
2026-08-13,US.IWM,LONG,False,-1,-1,-1,-1,-1,-1,True,,,0.0,0.0,no_entry,False,False,5,1,2c3b43c6ad50
2026-08-13,US.IWM,SHORT,False,-1,-1,-1,-1,-1,-1,True,,,0.0,0.0,no_entry,False,False,5,1,2c3b43c6ad50
2026-08-13,US.META,LONG,True,55,60,625,625,630,630,True,589.64,587.84,-1.7999999999999545,-0.0030527101282137484,failed_followthrough,False,False,5,1,2c3b43c6ad50
2026-08-13,US.META,SHORT,False,-1,-1,-1,-1,-1,-1,True,,,0.0,0.0,no_entry,False,False,5,1,2c3b43c6ad50
2026-08-13,US.MSFT,LONG,True,35,80,605,605,650,650,True,498.137257039,496.365592197,-1.771664842000007,-0.003556579671496646,soft_failure_loss,False,False,5,1,2c3b43c6ad50
2026-08-13,US.MSFT,SHORT,False,-1,-1,-1,-1,-1,-1,True,,,0.0,0.0,no_entry,False,False,5,1,2c3b43c6ad50
2026-08-13,US.MU,LONG,False,-1,-1,-1,-1,-1,-1,True,,,0.0,0.0,no_entry,False,False,5,1,2c3b43c6ad50
2026-08-13,US.MU,SHORT,False,-1,-1,-1,-1,-1,-1,True,,,0.0,0.0,no_entry,False,False,5,1,2c3b43c6ad50
2026-08-13,US.NVDA,LONG,False,-1,-1,-1,-1,-1,-1,True,,,0.0,0.0,no_entry,False,False,5,1,2c3b43c6ad50
2026-08-13,US.NVDA,SHORT,False,-1,-1,-1,-1,-1,-1,True,,,0.0,0.0,no_entry,False,False,5,1,2c3b43c6ad50
2026-08-13,US.QQQ,LONG,False,-1,-1,-1,-1,-1,-1,True,,,0.0,0.0,no_entry,False,False,5,1,2c3b43c6ad50
2026-08-13,US.QQQ,SHORT,False,-1,-1,-1,-1,-1,-1,True,,,0.0,0.0,no_entry,False,False,5,1,2c3b43c6ad50
2026-08-13,US.SPY,LONG,False,-1,-1,-1,-1,-1,-1,True,,,0.0,0.0,no_entry,False,False,5,1,2c3b43c6ad50
2026-08-13,US.SPY,SHORT,False,-1,-1,-1,-1,-1,-1,True,,,0.0,0.0,no_entry,False,False,5,1,2c3b43c6ad50
2026-08-13,US.TSLA,LONG,False,-1,-1,-1,-1,-1,-1,True,,,0.0,0.0,no_entry,False,False,5,1,2c3b43c6ad50
2026-08-13,US.TSLA,SHORT,False,-1,-1,-1,-1,-1,-1,True,,,0.0,0.0,no_entry,False,False,5,1,2c3b43c6ad50
2026-08-14,US.AAPL,LONG,False,-1,-1,-1,-1,-1,-1,True,,,0.0,0.0,no_entry,False,False,5,1,2c3b43c6ad50
2026-08-14,US.AAPL,SHORT,True,190,210,760,760,780,780,True,305.4,305.435,-0.03500000000002501,-0.0001146037982973969,failed_followthrough,False,False,5,1,2c3b43c6ad50
2026-08-14,US.AMD,LONG,False,-1,-1,-1,-1,-1,-1,True,,,0.0,0.0,no_entry,False,False,5,1,2c3b43c6ad50
2026-08-14,US.AMD,SHORT,False,-1,-1,-1,-1,-1,-1,True,,,0.0,0.0,no_entry,False,False,5,1,2c3b43c6ad50
2026-08-14,US.IWM,LONG,True,150,375,720,720,-1,945,True,304.24,304.98,0.7400000000000091,0.0024322902971338715,scheduled_flatten,True,False,5,1,2c3b43c6ad50
2026-08-14,US.IWM,SHORT,False,-1,-1,-1,-1,-1,-1,True,,,0.0,0.0,no_entry,False,False,5,1,2c3b43c6ad50
2026-08-14,US.META,LONG,False,-1,-1,-1,-1,-1,-1,True,,,0.0,0.0,no_entry,False,False,5,1,2c3b43c6ad50
2026-08-14,US.META,SHORT,True,165,375,735,735,-1,945,True,593.77,591.065,2.7049999999999272,0.004555636020681287,scheduled_flatten,True,False,5,1,2c3b43c6ad50
2026-08-14,US.MSFT,LONG,True,35,40,605,605,610,610,True,497.114182975,496.924539978,-0.1896429970000213,-0.0003814878019876542,failed_followthrough,False,False,5,1,2c3b43c6ad50
2026-08-14,US.MSFT,SHORT,False,-1,-1,-1,-1,-1,-1,True,,,0.0,0.0,no_entry,False,False,5,1,2c3b43c6ad50
2026-08-14,US.MU,LONG,False,-1,-1,-1,-1,-1,-1,True,,,0.0,0.0,no_entry,False,False,5,1,2c3b43c6ad50
2026-08-14,US.MU,SHORT,False,-1,-1,-1,-1,-1,-1,True,,,0.0,0.0,no_entry,False,False,5,1,2c3b43c6ad50
2026-08-14,US.NVDA,LONG,False,-1,-1,-1,-1,-1,-1,True,,,0.0,0.0,no_entry,False,False,5,1,2c3b43c6ad50
2026-08-14,US.NVDA,SHORT,False,-1,-1,-1,-1,-1,-1,True,,,0.0,0.0,no_entry,False,False,5,1,2c3b43c6ad50
2026-08-14,US.QQQ,LONG,False,-1,-1,-1,-1,-1,-1,True,,,0.0,0.0,no_entry,False,False,5,1,2c3b43c6ad50
2026-08-14,US.QQQ,SHORT,True,60,70,630,630,640,640,True,731.4721,731.69,-0.21790000000009968,-0.0002978924281597339,failed_followthrough,False,False,5,1,2c3b43c6ad50
2026-08-14,US.SPY,LONG,False,-1,-1,-1,-1,-1,-1,True,,,0.0,0.0,no_entry,False,False,5,1,2c3b43c6ad50
2026-08-14,US.SPY,SHORT,True,60,70,630,630,640,640,True,777.4,777.375,0.024999999999977263,3.2158476974501236e-05,failed_followthrough,False,False,5,1,2c3b43c6ad50
2026-08-14,US.TSLA,LONG,False,-1,-1,-1,-1,-1,-1,True,,,0.0,0.0,no_entry,False,False,5,1,2c3b43c6ad50
2026-08-14,US.TSLA,SHORT,False,-1,-1,-1,-1,-1,-1,True,,,0.0,0.0,no_entry,False,False,5,1,2c3b43c6ad50
2026-08-17,US.AAPL,LONG,False,-1,-1,-1,-1,-1,-1,True,,,0.0,0.0,no_entry,False,False,5,1,2c3b43c6ad50
2026-08-17,US.AAPL,SHORT,False,-1,-1,-1,-1,-1,-1,True,,,0.0,0.0,no_entry,False,False,5,1,2c3b43c6ad50
2026-08-17,US.AMD,LONG,False,-1,-1,-1,-1,-1,-1,True,,,0.0,0.0,no_entry,False,False,5,1,2c3b43c6ad50
2026-08-17,US.AMD,SHORT,False,-1,-1,-1,-1,-1,-1,True,,,0.0,0.0,no_entry,False,False,5,1,2c3b43c6ad50
2026-08-17,US.IWM,LONG,False,-1,-1,-1,-1,-1,-1,True,,,0.0,0.0,no_entry,False,False,5,1,2c3b43c6ad50
2026-08-17,US.IWM,SHORT,False,-1,-1,-1,-1,-1,-1,True,,,0.0,0.0,no_entry,False,False,5,1,2c3b43c6ad50
2026-08-17,US.META,LONG,False,-1,-1,-1,-1,-1,-1,True,,,0.0,0.0,no_entry,False,False,5,1,2c3b43c6ad50
2026-08-17,US.META,SHORT,False,-1,-1,-1,-1,-1,-1,True,,,0.0,0.0,no_entry,False,False,5,1,2c3b43c6ad50
2026-08-17,US.MSFT,LONG,False,-1,-1,-1,-1,-1,-1,True,,,0.0,0.0,no_entry,False,False,5,1,2c3b43c6ad50
2026-08-17,US.MSFT,SHORT,False,-1,-1,-1,-1,-1,-1,True,,,0.0,0.0,no_entry,False,False,5,1,2c3b43c6ad50
2026-08-17,US.MU,LONG,True,70,75,640,640,645,645,True,1020.835,1020.29,-0.5450000000000728,-0.0005338766793850845,failed_followthrough,False,False,5,1,2c3b43c6ad50
2026-08-17,US.MU,SHORT,False,-1,-1,-1,-1,-1,-1,True,,,0.0,0.0,no_entry,False,False,5,1,2c3b43c6ad50
2026-08-17,US.NVDA,LONG,False,-1,-1,-1,-1,-1,-1,True,,,0.0,0.0,no_entry,False,False,5,1,2c3b43c6ad50
2026-08-17,US.NVDA,SHORT,False,-1,-1,-1,-1,-1,-1,True,,,0.0,0.0,no_entry,False,False,5,1,2c3b43c6ad50
2026-08-17,US.QQQ,LONG,True,115,120,685,685,690,690,True,734.21,734.2,-0.009999999999990905,-1.3620081448074671e-05,failed_followthrough,False,False,5,1,2c3b43c6ad50
2026-08-17,US.QQQ,SHORT,False,-1,-1,-1,-1,-1,-1,True,,,0.0,0.0,no_entry,False,False,5,1,2c3b43c6ad50
2026-08-17,US.SPY,LONG,False,-1,-1,-1,-1,-1,-1,True,,,0.0,0.0,no_entry,False,False,5,1,2c3b43c6ad50
2026-08-17,US.SPY,SHORT,True,55,60,625,625,630,630,True,775.26,775.45,-0.19000000000005457,-0.00024507907024747124,failed_followthrough,False,False,5,1,2c3b43c6ad50
2026-08-17,US.TSLA,LONG,False,-1,-1,-1,-1,-1,-1,True,,,0.0,0.0,no_entry,False,False,5,1,2c3b43c6ad50
2026-08-17,US.TSLA,SHORT,False,-1,-1,-1,-1,-1,-1,True,,,0.0,0.0,no_entry,False,False,5,1,2c3b43c6ad50
2026-08-18,US.AAPL,LONG,False,-1,-1,-1,-1,-1,-1,True,,,0.0,0.0,no_entry,False,False,5,1,2c3b43c6ad50
2026-08-18,US.AAPL,SHORT,False,-1,-1,-1,-1,-1,-1,True,,,0.0,0.0,no_entry,False,False,5,1,2c3b43c6ad50
2026-08-18,US.AMD,LONG,False,-1,-1,-1,-1,-1,-1,True,,,0.0,0.0,no_entry,False,False,5,1,2c3b43c6ad50
2026-08-18,US.AMD,SHORT,False,-1,-1,-1,-1,-1,-1,True,,,0.0,0.0,no_entry,False,False,5,1,2c3b43c6ad50
2026-08-18,US.IWM,LONG,False,-1,-1,-1,-1,-1,-1,True,,,0.0,0.0,no_entry,False,False,5,1,2c3b43c6ad50
2026-08-18,US.IWM,SHORT,False,-1,-1,-1,-1,-1,-1,True,,,0.0,0.0,no_entry,False,False,5,1,2c3b43c6ad50
2026-08-18,US.META,LONG,False,-1,-1,-1,-1,-1,-1,True,,,0.0,0.0,no_entry,False,False,5,1,2c3b43c6ad50
2026-08-18,US.META,SHORT,False,-1,-1,-1,-1,-1,-1,True,,,0.0,0.0,no_entry,False,False,5,1,2c3b43c6ad50
2026-08-18,US.MSFT,LONG,False,-1,-1,-1,-1,-1,-1,True,,,0.0,0.0,no_entry,False,False,5,1,2c3b43c6ad50
2026-08-18,US.MSFT,SHORT,False,-1,-1,-1,-1,-1,-1,True,,,0.0,0.0,no_entry,False,False,5,1,2c3b43c6ad50
2026-08-18,US.MU,LONG,False,-1,-1,-1,-1,-1,-1,True,,,0.0,0.0,no_entry,False,False,5,1,2c3b43c6ad50
2026-08-18,US.MU,SHORT,False,-1,-1,-1,-1,-1,-1,True,,,0.0,0.0,no_entry,False,False,5,1,2c3b43c6ad50
2026-08-18,US.NVDA,LONG,False,-1,-1,-1,-1,-1,-1,True,,,0.0,0.0,no_entry,False,False,5,1,2c3b43c6ad50
2026-08-18,US.NVDA,SHORT,True,75,95,645,645,665,665,True,219.164761274,219.174750097,-0.009988822999986269,-4.557677494283961e-05,failed_followthrough,False,False,5,1,2c3b43c6ad50
2026-08-18,US.QQQ,LONG,False,-1,-1,-1,-1,-1,-1,True,,,0.0,0.0,no_entry,False,False,5,1,2c3b43c6ad50
2026-08-18,US.QQQ,SHORT,True,50,55,620,620,625,625,True,718.47,719.03,-0.5599999999999454,-0.0007794340751874754,failed_followthrough,False,False,5,1,2c3b43c6ad50
2026-08-18,US.SPY,LONG,False,-1,-1,-1,-1,-1,-1,True,,,0.0,0.0,no_entry,False,False,5,1,2c3b43c6ad50
2026-08-18,US.SPY,SHORT,True,130,135,700,700,705,705,True,767.835,768.07,-0.23500000000001364,-0.0003060553374097477,failed_followthrough,False,False,5,1,2c3b43c6ad50
2026-08-18,US.TSLA,LONG,False,-1,-1,-1,-1,-1,-1,True,,,0.0,0.0,no_entry,False,False,5,1,2c3b43c6ad50
2026-08-18,US.TSLA,SHORT,False,-1,-1,-1,-1,-1,-1,True,,,0.0,0.0,no_entry,False,False,5,1,2c3b43c6ad50
2026-08-19,US.AAPL,LONG,False,-1,-1,-1,-1,-1,-1,True,,,0.0,0.0,no_entry,False,False,5,1,2c3b43c6ad50
2026-08-19,US.AAPL,SHORT,False,-1,-1,-1,-1,-1,-1,True,,,0.0,0.0,no_entry,False,False,5,1,2c3b43c6ad50
2026-08-19,US.AMD,LONG,False,-1,-1,-1,-1,-1,-1,True,,,0.0,0.0,no_entry,False,False,5,1,2c3b43c6ad50
2026-08-19,US.AMD,SHORT,False,-1,-1,-1,-1,-1,-1,True,,,0.0,0.0,no_entry,False,False,5,1,2c3b43c6ad50
2026-08-19,US.IWM,LONG,False,-1,-1,-1,-1,-1,-1,True,,,0.0,0.0,no_entry,False,False,5,1,2c3b43c6ad50
2026-08-19,US.IWM,SHORT,False,-1,-1,-1,-1,-1,-1,True,,,0.0,0.0,no_entry,False,False,5,1,2c3b43c6ad50
2026-08-19,US.META,LONG,False,-1,-1,-1,-1,-1,-1,True,,,0.0,0.0,no_entry,False,False,5,1,2c3b43c6ad50
2026-08-19,US.META,SHORT,False,-1,-1,-1,-1,-1,-1,True,,,0.0,0.0,no_entry,False,False,5,1,2c3b43c6ad50
2026-08-19,US.MSFT,LONG,False,-1,-1,-1,-1,-1,-1,True,,,0.0,0.0,no_entry,False,False,5,1,2c3b43c6ad50
2026-08-19,US.MSFT,SHORT,False,-1,-1,-1,-1,-1,-1,True,,,0.0,0.0,no_entry,False,False,5,1,2c3b43c6ad50
2026-08-19,US.MU,LONG,False,-1,-1,-1,-1,-1,-1,True,,,0.0,0.0,no_entry,False,False,5,1,2c3b43c6ad50
2026-08-19,US.MU,SHORT,True,80,85,650,650,655,655,True,925.27,928.51,-3.240000000000009,-0.0035016805905303417,failed_followthrough,False,False,5,1,2c3b43c6ad50
2026-08-19,US.NVDA,LONG,False,-1,-1,-1,-1,-1,-1,True,,,0.0,0.0,no_entry,False,False,5,1,2c3b43c6ad50
2026-08-19,US.NVDA,SHORT,True,125,130,695,695,700,700,True,218.675308956,218.740236304,-0.06492734799999766,-0.0002969121128031048,failed_followthrough,False,False,5,1,2c3b43c6ad50
2026-08-19,US.QQQ,LONG,False,-1,-1,-1,-1,-1,-1,True,,,0.0,0.0,no_entry,False,False,5,1,2c3b43c6ad50
2026-08-19,US.QQQ,SHORT,True,220,225,790,790,795,795,True,716.63,716.77,-0.13999999999998636,-0.00019535883231233182,failed_followthrough,False,False,5,1,2c3b43c6ad50
2026-08-19,US.SPY,LONG,False,-1,-1,-1,-1,-1,-1,True,,,0.0,0.0,no_entry,False,False,5,1,2c3b43c6ad50
2026-08-19,US.SPY,SHORT,False,-1,-1,-1,-1,-1,-1,True,,,0.0,0.0,no_entry,False,False,5,1,2c3b43c6ad50
2026-08-19,US.TSLA,LONG,False,-1,-1,-1,-1,-1,-1,True,,,0.0,0.0,no_entry,False,False,5,1,2c3b43c6ad50
2026-08-19,US.TSLA,SHORT,False,-1,-1,-1,-1,-1,-1,True,,,0.0,0.0,no_entry,False,False,5,1,2c3b43c6ad50
2026-08-20,US.AAPL,LONG,False,-1,-1,-1,-1,-1,-1,True,,,0.0,0.0,no_entry,False,False,5,1,2c3b43c6ad50
2026-08-20,US.AAPL,SHORT,True,250,375,820,820,-1,945,True,316.62,313.0,3.6200000000000045,0.011433263849409401,scheduled_flatten,True,False,5,1,2c3b43c6ad50
2026-08-20,US.AMD,LONG,False,-1,-1,-1,-1,-1,-1,True,,,0.0,0.0,no_entry,False,False,5,1,2c3b43c6ad50
2026-08-20,US.AMD,SHORT,False,-1,-1,-1,-1,-1,-1,True,,,0.0,0.0,no_entry,False,False,5,1,2c3b43c6ad50
2026-08-20,US.IWM,LONG,False,-1,-1,-1,-1,-1,-1,True,,,0.0,0.0,no_entry,False,False,5,1,2c3b43c6ad50
2026-08-20,US.IWM,SHORT,True,55,70,625,625,640,640,True,298.62,298.63,-0.009999999999990905,-3.34873752594967e-05,failed_followthrough,False,False,5,1,2c3b43c6ad50
2026-08-20,US.META,LONG,False,-1,-1,-1,-1,-1,-1,True,,,0.0,0.0,no_entry,False,False,5,1,2c3b43c6ad50
2026-08-20,US.META,SHORT,True,105,110,675,675,680,680,True,543.4251,543.91,-0.48489999999992506,-0.0008923032815376489,failed_followthrough,False,False,5,1,2c3b43c6ad50
2026-08-20,US.MSFT,LONG,False,-1,-1,-1,-1,-1,-1,True,,,0.0,0.0,no_entry,False,False,5,1,2c3b43c6ad50
2026-08-20,US.MSFT,SHORT,False,-1,-1,-1,-1,-1,-1,True,,,0.0,0.0,no_entry,False,False,5,1,2c3b43c6ad50
2026-08-20,US.MU,LONG,True,100,115,670,670,685,685,True,956.02,955.715,-0.30499999999995,-0.00031903098261537415,failed_followthrough,False,False,5,1,2c3b43c6ad50
2026-08-20,US.MU,SHORT,False,-1,-1,-1,-1,-1,-1,True,,,0.0,0.0,no_entry,False,False,5,1,2c3b43c6ad50
2026-08-20,US.NVDA,LONG,False,-1,-1,-1,-1,-1,-1,True,,,0.0,0.0,no_entry,False,False,5,1,2c3b43c6ad50
2026-08-20,US.NVDA,SHORT,False,-1,-1,-1,-1,-1,-1,True,,,0.0,0.0,no_entry,False,False,5,1,2c3b43c6ad50
2026-08-20,US.QQQ,LONG,False,-1,-1,-1,-1,-1,-1,True,,,0.0,0.0,no_entry,False,False,5,1,2c3b43c6ad50
2026-08-20,US.QQQ,SHORT,True,160,175,730,730,745,745,True,711.67,712.0,-0.3300000000000409,-0.00046369806230421535,failed_followthrough,False,False,5,1,2c3b43c6ad50
2026-08-20,US.SPY,LONG,False,-1,-1,-1,-1,-1,-1,True,,,0.0,0.0,no_entry,False,False,5,1,2c3b43c6ad50
2026-08-20,US.SPY,SHORT,True,145,160,715,715,730,730,True,765.87,766.0099,-0.13990000000001146,-0.000182668076827675,failed_followthrough,False,False,5,1,2c3b43c6ad50
2026-08-20,US.TSLA,LONG,False,-1,-1,-1,-1,-1,-1,True,,,0.0,0.0,no_entry,False,False,5,1,2c3b43c6ad50
2026-08-20,US.TSLA,SHORT,True,255,260,825,825,830,830,True,341.842,342.5,-0.6580000000000155,-0.0019248658737077817,failed_followthrough,False,False,5,1,2c3b43c6ad50
2026-08-21,US.AAPL,LONG,False,-1,-1,-1,-1,-1,-1,True,,,0.0,0.0,no_entry,False,False,5,1,2c3b43c6ad50
2026-08-21,US.AAPL,SHORT,False,-1,-1,-1,-1,-1,-1,True,,,0.0,0.0,no_entry,False,False,5,1,2c3b43c6ad50
2026-08-21,US.AMD,LONG,False,-1,-1,-1,-1,-1,-1,True,,,0.0,0.0,no_entry,False,False,5,1,2c3b43c6ad50
2026-08-21,US.AMD,SHORT,False,-1,-1,-1,-1,-1,-1,True,,,0.0,0.0,no_entry,False,False,5,1,2c3b43c6ad50
2026-08-21,US.IWM,LONG,False,-1,-1,-1,-1,-1,-1,True,,,0.0,0.0,no_entry,False,False,5,1,2c3b43c6ad50
2026-08-21,US.IWM,SHORT,False,-1,-1,-1,-1,-1,-1,True,,,0.0,0.0,no_entry,False,False,5,1,2c3b43c6ad50
2026-08-21,US.META,LONG,False,-1,-1,-1,-1,-1,-1,True,,,0.0,0.0,no_entry,False,False,5,1,2c3b43c6ad50
2026-08-21,US.META,SHORT,False,-1,-1,-1,-1,-1,-1,True,,,0.0,0.0,no_entry,False,False,5,1,2c3b43c6ad50
2026-08-21,US.MSFT,LONG,False,-1,-1,-1,-1,-1,-1,True,,,0.0,0.0,no_entry,False,False,5,1,2c3b43c6ad50
2026-08-21,US.MSFT,SHORT,False,-1,-1,-1,-1,-1,-1,True,,,0.0,0.0,no_entry,False,False,5,1,2c3b43c6ad50
2026-08-21,US.MU,LONG,False,-1,-1,-1,-1,-1,-1,True,,,0.0,0.0,no_entry,False,False,5,1,2c3b43c6ad50
2026-08-21,US.MU,SHORT,True,205,250,775,775,820,820,True,965.36,965.77,-0.40999999999996817,-0.00042471202452967614,failed_followthrough,False,False,5,1,2c3b43c6ad50
2026-08-21,US.NVDA,LONG,False,-1,-1,-1,-1,-1,-1,True,,,0.0,0.0,no_entry,False,False,5,1,2c3b43c6ad50
2026-08-21,US.NVDA,SHORT,True,155,375,725,725,-1,945,True,215.908405038,215.069343922,0.8390611160000105,0.003886190145549615,scheduled_flatten,True,False,5,1,2c3b43c6ad50
2026-08-21,US.QQQ,LONG,False,-1,-1,-1,-1,-1,-1,True,,,0.0,0.0,no_entry,False,False,5,1,2c3b43c6ad50
2026-08-21,US.QQQ,SHORT,True,30,40,600,600,610,610,True,711.2195,711.42,-0.20049999999991996,-0.0002819101557253702,failed_followthrough,False,False,5,1,2c3b43c6ad50
2026-08-21,US.SPY,LONG,True,175,185,745,745,755,755,True,766.2,766.03,-0.17000000000007276,-0.00022187418428618212,failed_followthrough,False,False,5,1,2c3b43c6ad50
2026-08-21,US.SPY,SHORT,True,70,75,640,640,645,645,True,764.365,764.59,-0.22500000000002274,-0.00029436198674719896,failed_followthrough,False,False,5,1,2c3b43c6ad50
2026-08-21,US.TSLA,LONG,False,-1,-1,-1,-1,-1,-1,True,,,0.0,0.0,no_entry,False,False,5,1,2c3b43c6ad50
2026-08-21,US.TSLA,SHORT,False,-1,-1,-1,-1,-1,-1,True,,,0.0,0.0,no_entry,False,False,5,1,2c3b43c6ad50
2026-08-24,US.AAPL,LONG,True,215,220,785,785,790,790,True,312.57,312.52,-0.05000000000001137,-0.00015996416802639847,failed_followthrough,False,False,5,1,2c3b43c6ad50
2026-08-24,US.AAPL,SHORT,False,-1,-1,-1,-1,-1,-1,True,,,0.0,0.0,no_entry,False,False,5,1,2c3b43c6ad50
2026-08-24,US.AMD,LONG,False,-1,-1,-1,-1,-1,-1,True,,,0.0,0.0,no_entry,False,False,5,1,2c3b43c6ad50
2026-08-24,US.AMD,SHORT,True,45,55,615,615,625,625,True,454.31,455.04,-0.7300000000000182,-0.0016068323391517207,failed_followthrough,False,False,5,1,2c3b43c6ad50
2026-08-24,US.IWM,LONG,False,-1,-1,-1,-1,-1,-1,True,,,0.0,0.0,no_entry,False,False,5,1,2c3b43c6ad50
2026-08-24,US.IWM,SHORT,True,165,170,735,735,740,740,True,298.355,298.54,-0.18500000000000227,-0.0006200666990665558,failed_followthrough,False,False,5,1,2c3b43c6ad50
2026-08-24,US.META,LONG,False,-1,-1,-1,-1,-1,-1,True,,,0.0,0.0,no_entry,False,False,5,1,2c3b43c6ad50
2026-08-24,US.META,SHORT,False,-1,-1,-1,-1,-1,-1,True,,,0.0,0.0,no_entry,False,False,5,1,2c3b43c6ad50
2026-08-24,US.MSFT,LONG,True,80,95,650,650,665,665,True,487.05,486.87,-0.18000000000000682,-0.00036957191253466135,failed_followthrough,False,False,5,1,2c3b43c6ad50
2026-08-24,US.MSFT,SHORT,False,-1,-1,-1,-1,-1,-1,True,,,0.0,0.0,no_entry,False,False,5,1,2c3b43c6ad50
2026-08-24,US.MU,LONG,False,-1,-1,-1,-1,-1,-1,True,,,0.0,0.0,no_entry,False,False,5,1,2c3b43c6ad50
2026-08-24,US.MU,SHORT,True,45,65,615,615,635,635,True,896.69,901.5,-4.809999999999945,-0.0053641726795212894,failed_followthrough,False,False,5,1,2c3b43c6ad50
2026-08-24,US.NVDA,LONG,False,-1,-1,-1,-1,-1,-1,True,,,0.0,0.0,no_entry,False,False,5,1,2c3b43c6ad50
2026-08-24,US.NVDA,SHORT,True,250,260,820,820,830,830,True,209.320776394,209.370720509,-0.04994411499998819,-0.000238600849186511,failed_followthrough,False,False,5,1,2c3b43c6ad50
2026-08-24,US.QQQ,LONG,False,-1,-1,-1,-1,-1,-1,True,,,0.0,0.0,no_entry,False,False,5,1,2c3b43c6ad50
2026-08-24,US.QQQ,SHORT,False,-1,-1,-1,-1,-1,-1,True,,,0.0,0.0,no_entry,False,False,5,1,2c3b43c6ad50
2026-08-24,US.SPY,LONG,False,-1,-1,-1,-1,-1,-1,True,,,0.0,0.0,no_entry,False,False,5,1,2c3b43c6ad50
2026-08-24,US.SPY,SHORT,False,-1,-1,-1,-1,-1,-1,True,,,0.0,0.0,no_entry,False,False,5,1,2c3b43c6ad50
2026-08-24,US.TSLA,LONG,False,-1,-1,-1,-1,-1,-1,True,,,0.0,0.0,no_entry,False,False,5,1,2c3b43c6ad50
2026-08-24,US.TSLA,SHORT,False,-1,-1,-1,-1,-1,-1,True,,,0.0,0.0,no_entry,False,False,5,1,2c3b43c6ad50
2026-08-25,US.AAPL,LONG,False,-1,-1,-1,-1,-1,-1,True,,,0.0,0.0,no_entry,False,False,5,1,2c3b43c6ad50
2026-08-25,US.AAPL,SHORT,True,65,70,635,635,640,640,True,310.235,310.57,-0.33499999999997954,-0.0010798265830740553,failed_followthrough,False,False,5,1,2c3b43c6ad50
2026-08-25,US.AMD,LONG,True,170,175,740,740,745,745,True,478.81,477.66,-1.1499999999999773,-0.002401787765501926,failed_followthrough,False,False,5,1,2c3b43c6ad50
2026-08-25,US.AMD,SHORT,False,-1,-1,-1,-1,-1,-1,True,,,0.0,0.0,no_entry,False,False,5,1,2c3b43c6ad50
2026-08-25,US.IWM,LONG,False,-1,-1,-1,-1,-1,-1,True,,,0.0,0.0,no_entry,False,False,5,1,2c3b43c6ad50
2026-08-25,US.IWM,SHORT,True,30,55,600,600,625,625,True,298.6,298.66,-0.060000000000002274,-0.00020093770931012145,failed_followthrough,False,False,5,1,2c3b43c6ad50
2026-08-25,US.META,LONG,False,-1,-1,-1,-1,-1,-1,True,,,0.0,0.0,no_entry,False,False,5,1,2c3b43c6ad50
2026-08-25,US.META,SHORT,True,110,120,680,680,690,690,True,562.93,563.3845,-0.45450000000005275,-0.000807382800703556,failed_followthrough,False,False,5,1,2c3b43c6ad50
2026-08-25,US.MSFT,LONG,True,115,125,685,685,695,695,True,489.03,488.7193,-0.3106999999999971,-0.0006353393452344378,failed_followthrough,False,False,5,1,2c3b43c6ad50
2026-08-25,US.MSFT,SHORT,False,-1,-1,-1,-1,-1,-1,True,,,0.0,0.0,no_entry,False,False,5,1,2c3b43c6ad50
2026-08-25,US.MU,LONG,False,-1,-1,-1,-1,-1,-1,True,,,0.0,0.0,no_entry,False,False,5,1,2c3b43c6ad50
2026-08-25,US.MU,SHORT,True,60,65,630,630,635,635,True,924.18,925.046,-0.8660000000000991,-0.0009370468956265005,failed_followthrough,False,False,5,1,2c3b43c6ad50
2026-08-25,US.NVDA,LONG,True,45,50,615,615,620,620,True,213.166473176,212.961702309,-0.20477086700000768,-0.0009606147906333257,failed_followthrough,False,False,5,1,2c3b43c6ad50
2026-08-25,US.NVDA,SHORT,False,-1,-1,-1,-1,-1,-1,True,,,0.0,0.0,no_entry,False,False,5,1,2c3b43c6ad50
2026-08-25,US.QQQ,LONG,False,-1,-1,-1,-1,-1,-1,True,,,0.0,0.0,no_entry,False,False,5,1,2c3b43c6ad50
2026-08-25,US.QQQ,SHORT,True,150,155,720,720,725,725,True,710.47,710.7,-0.2300000000000182,-0.00032372936225318196,failed_followthrough,False,False,5,1,2c3b43c6ad50
2026-08-25,US.SPY,LONG,False,-1,-1,-1,-1,-1,-1,True,,,0.0,0.0,no_entry,False,False,5,1,2c3b43c6ad50
2026-08-25,US.SPY,SHORT,True,35,330,605,605,900,900,True,765.46,765.65,-0.18999999999994088,-0.0002482167585503369,trailing,False,False,5,1,2c3b43c6ad50
2026-08-25,US.TSLA,LONG,True,55,60,625,625,630,630,True,352.6614,351.19,-1.471400000000017,-0.004172274028288939,soft_failure_loss,False,False,5,1,2c3b43c6ad50
2026-08-25,US.TSLA,SHORT,False,-1,-1,-1,-1,-1,-1,True,,,0.0,0.0,no_entry,False,False,5,1,2c3b43c6ad50
2026-08-26,US.AAPL,LONG,True,80,125,650,650,695,695,True,312.49,312.305,-0.18500000000000227,-0.0005920189446062346,failed_followthrough,False,False,5,1,2c3b43c6ad50
2026-08-26,US.AAPL,SHORT,False,-1,-1,-1,-1,-1,-1,True,,,0.0,0.0,no_entry,False,False,5,1,2c3b43c6ad50
2026-08-26,US.AMD,LONG,False,-1,-1,-1,-1,-1,-1,True,,,0.0,0.0,no_entry,False,False,5,1,2c3b43c6ad50
2026-08-26,US.AMD,SHORT,False,-1,-1,-1,-1,-1,-1,True,,,0.0,0.0,no_entry,False,False,5,1,2c3b43c6ad50
2026-08-26,US.IWM,LONG,False,-1,-1,-1,-1,-1,-1,True,,,0.0,0.0,no_entry,False,False,5,1,2c3b43c6ad50
2026-08-26,US.IWM,SHORT,False,-1,-1,-1,-1,-1,-1,True,,,0.0,0.0,no_entry,False,False,5,1,2c3b43c6ad50
2026-08-26,US.META,LONG,False,-1,-1,-1,-1,-1,-1,True,,,0.0,0.0,no_entry,False,False,5,1,2c3b43c6ad50
2026-08-26,US.META,SHORT,False,-1,-1,-1,-1,-1,-1,True,,,0.0,0.0,no_entry,False,False,5,1,2c3b43c6ad50
2026-08-26,US.MSFT,LONG,True,40,45,610,610,615,615,True,495.345,495.26,-0.08500000000003638,-0.00017159757340850593,failed_followthrough,False,False,5,1,2c3b43c6ad50
2026-08-26,US.MSFT,SHORT,False,-1,-1,-1,-1,-1,-1,True,,,0.0,0.0,no_entry,False,False,5,1,2c3b43c6ad50
2026-08-26,US.MU,LONG,False,-1,-1,-1,-1,-1,-1,True,,,0.0,0.0,no_entry,False,False,5,1,2c3b43c6ad50
2026-08-26,US.MU,SHORT,False,-1,-1,-1,-1,-1,-1,True,,,0.0,0.0,no_entry,False,False,5,1,2c3b43c6ad50
2026-08-26,US.NVDA,LONG,False,-1,-1,-1,-1,-1,-1,True,,,0.0,0.0,no_entry,False,False,5,1,2c3b43c6ad50
2026-08-26,US.NVDA,SHORT,False,-1,-1,-1,-1,-1,-1,True,,,0.0,0.0,no_entry,False,False,5,1,2c3b43c6ad50
2026-08-26,US.QQQ,LONG,False,-1,-1,-1,-1,-1,-1,True,,,0.0,0.0,no_entry,False,False,5,1,2c3b43c6ad50
2026-08-26,US.QQQ,SHORT,False,-1,-1,-1,-1,-1,-1,True,,,0.0,0.0,no_entry,False,False,5,1,2c3b43c6ad50
2026-08-26,US.SPY,LONG,False,-1,-1,-1,-1,-1,-1,True,,,0.0,0.0,no_entry,False,False,5,1,2c3b43c6ad50
2026-08-26,US.SPY,SHORT,False,-1,-1,-1,-1,-1,-1,True,,,0.0,0.0,no_entry,False,False,5,1,2c3b43c6ad50
2026-08-26,US.TSLA,LONG,False,-1,-1,-1,-1,-1,-1,True,,,0.0,0.0,no_entry,False,False,5,1,2c3b43c6ad50
2026-08-26,US.TSLA,SHORT,False,-1,-1,-1,-1,-1,-1,True,,,0.0,0.0,no_entry,False,False,5,1,2c3b43c6ad50
2026-08-27,US.AAPL,LONG,False,-1,-1,-1,-1,-1,-1,True,,,0.0,0.0,no_entry,False,False,5,1,2c3b43c6ad50
2026-08-27,US.AAPL,SHORT,False,-1,-1,-1,-1,-1,-1,True,,,0.0,0.0,no_entry,False,False,5,1,2c3b43c6ad50
2026-08-27,US.AMD,LONG,False,-1,-1,-1,-1,-1,-1,True,,,0.0,0.0,no_entry,False,False,5,1,2c3b43c6ad50
2026-08-27,US.AMD,SHORT,False,-1,-1,-1,-1,-1,-1,True,,,0.0,0.0,no_entry,False,False,5,1,2c3b43c6ad50
2026-08-27,US.IWM,LONG,False,-1,-1,-1,-1,-1,-1,True,,,0.0,0.0,no_entry,False,False,5,1,2c3b43c6ad50
2026-08-27,US.IWM,SHORT,False,-1,-1,-1,-1,-1,-1,True,,,0.0,0.0,no_entry,False,False,5,1,2c3b43c6ad50
2026-08-27,US.META,LONG,False,-1,-1,-1,-1,-1,-1,True,,,0.0,0.0,no_entry,False,False,5,1,2c3b43c6ad50
2026-08-27,US.META,SHORT,False,-1,-1,-1,-1,-1,-1,True,,,0.0,0.0,no_entry,False,False,5,1,2c3b43c6ad50
2026-08-27,US.MSFT,LONG,False,-1,-1,-1,-1,-1,-1,True,,,0.0,0.0,no_entry,False,False,5,1,2c3b43c6ad50
2026-08-27,US.MSFT,SHORT,False,-1,-1,-1,-1,-1,-1,True,,,0.0,0.0,no_entry,False,False,5,1,2c3b43c6ad50
2026-08-27,US.MU,LONG,False,-1,-1,-1,-1,-1,-1,True,,,0.0,0.0,no_entry,False,False,5,1,2c3b43c6ad50
2026-08-27,US.MU,SHORT,False,-1,-1,-1,-1,-1,-1,True,,,0.0,0.0,no_entry,False,False,5,1,2c3b43c6ad50
2026-08-27,US.NVDA,LONG,False,-1,-1,-1,-1,-1,-1,True,,,0.0,0.0,no_entry,False,False,5,1,2c3b43c6ad50
2026-08-27,US.NVDA,SHORT,False,-1,-1,-1,-1,-1,-1,True,,,0.0,0.0,no_entry,False,False,5,1,2c3b43c6ad50
2026-08-27,US.QQQ,LONG,True,160,165,730,730,735,735,True,718.61,718.55,-0.06000000000005912,-8.349452415087338e-05,failed_followthrough,False,False,5,1,2c3b43c6ad50
2026-08-27,US.QQQ,SHORT,False,-1,-1,-1,-1,-1,-1,True,,,0.0,0.0,no_entry,False,False,5,1,2c3b43c6ad50
2026-08-27,US.SPY,LONG,False,-1,-1,-1,-1,-1,-1,True,,,0.0,0.0,no_entry,False,False,5,1,2c3b43c6ad50
2026-08-27,US.SPY,SHORT,False,-1,-1,-1,-1,-1,-1,True,,,0.0,0.0,no_entry,False,False,5,1,2c3b43c6ad50
2026-08-27,US.TSLA,LONG,False,-1,-1,-1,-1,-1,-1,True,,,0.0,0.0,no_entry,False,False,5,1,2c3b43c6ad50
2026-08-27,US.TSLA,SHORT,False,-1,-1,-1,-1,-1,-1,True,,,0.0,0.0,no_entry,False,False,5,1,2c3b43c6ad50
2026-08-28,US.AAPL,LONG,False,-1,-1,-1,-1,-1,-1,True,,,0.0,0.0,no_entry,False,False,5,1,2c3b43c6ad50
2026-08-28,US.AAPL,SHORT,False,-1,-1,-1,-1,-1,-1,True,,,0.0,0.0,no_entry,False,False,5,1,2c3b43c6ad50
2026-08-28,US.AMD,LONG,True,95,100,665,665,670,670,True,476.56,475.845,-0.714999999999975,-0.0015003357394661218,failed_followthrough,False,False,5,1,2c3b43c6ad50
2026-08-28,US.AMD,SHORT,False,-1,-1,-1,-1,-1,-1,True,,,0.0,0.0,no_entry,False,False,5,1,2c3b43c6ad50
2026-08-28,US.IWM,LONG,False,-1,-1,-1,-1,-1,-1,True,,,0.0,0.0,no_entry,False,False,5,1,2c3b43c6ad50
2026-08-28,US.IWM,SHORT,False,-1,-1,-1,-1,-1,-1,True,,,0.0,0.0,no_entry,False,False,5,1,2c3b43c6ad50
2026-08-28,US.META,LONG,False,-1,-1,-1,-1,-1,-1,True,,,0.0,0.0,no_entry,False,False,5,1,2c3b43c6ad50
2026-08-28,US.META,SHORT,False,-1,-1,-1,-1,-1,-1,True,,,0.0,0.0,no_entry,False,False,5,1,2c3b43c6ad50
2026-08-28,US.MSFT,LONG,False,-1,-1,-1,-1,-1,-1,True,,,0.0,0.0,no_entry,False,False,5,1,2c3b43c6ad50
2026-08-28,US.MSFT,SHORT,False,-1,-1,-1,-1,-1,-1,True,,,0.0,0.0,no_entry,False,False,5,1,2c3b43c6ad50
2026-08-28,US.MU,LONG,False,-1,-1,-1,-1,-1,-1,True,,,0.0,0.0,no_entry,False,False,5,1,2c3b43c6ad50
2026-08-28,US.MU,SHORT,False,-1,-1,-1,-1,-1,-1,True,,,0.0,0.0,no_entry,False,False,5,1,2c3b43c6ad50
2026-08-28,US.NVDA,LONG,False,-1,-1,-1,-1,-1,-1,True,,,0.0,0.0,no_entry,False,False,5,1,2c3b43c6ad50
2026-08-28,US.NVDA,SHORT,False,-1,-1,-1,-1,-1,-1,True,,,0.0,0.0,no_entry,False,False,5,1,2c3b43c6ad50
2026-08-28,US.QQQ,LONG,False,-1,-1,-1,-1,-1,-1,True,,,0.0,0.0,no_entry,False,False,5,1,2c3b43c6ad50
2026-08-28,US.QQQ,SHORT,False,-1,-1,-1,-1,-1,-1,True,,,0.0,0.0,no_entry,False,False,5,1,2c3b43c6ad50
2026-08-28,US.SPY,LONG,False,-1,-1,-1,-1,-1,-1,True,,,0.0,0.0,no_entry,False,False,5,1,2c3b43c6ad50
2026-08-28,US.SPY,SHORT,True,60,65,630,630,635,635,True,771.3,772.145,-0.8450000000000273,-0.0010955529625308277,soft_failure_loss,False,False,5,1,2c3b43c6ad50
2026-08-28,US.TSLA,LONG,False,-1,-1,-1,-1,-1,-1,True,,,0.0,0.0,no_entry,False,False,5,1,2c3b43c6ad50
2026-08-28,US.TSLA,SHORT,False,-1,-1,-1,-1,-1,-1,True,,,0.0,0.0,no_entry,False,False,5,1,2c3b43c6ad50
2026-08-31,US.AAPL,LONG,False,-1,-1,-1,-1,-1,-1,True,,,0.0,0.0,no_entry,False,False,5,1,2c3b43c6ad50
2026-08-31,US.AAPL,SHORT,False,-1,-1,-1,-1,-1,-1,True,,,0.0,0.0,no_entry,False,False,5,1,2c3b43c6ad50
2026-08-31,US.AMD,LONG,False,-1,-1,-1,-1,-1,-1,True,,,0.0,0.0,no_entry,False,False,5,1,2c3b43c6ad50
2026-08-31,US.AMD,SHORT,False,-1,-1,-1,-1,-1,-1,True,,,0.0,0.0,no_entry,False,False,5,1,2c3b43c6ad50
2026-08-31,US.IWM,LONG,False,-1,-1,-1,-1,-1,-1,True,,,0.0,0.0,no_entry,False,False,5,1,2c3b43c6ad50
2026-08-31,US.IWM,SHORT,False,-1,-1,-1,-1,-1,-1,True,,,0.0,0.0,no_entry,False,False,5,1,2c3b43c6ad50
2026-08-31,US.META,LONG,False,-1,-1,-1,-1,-1,-1,True,,,0.0,0.0,no_entry,False,False,5,1,2c3b43c6ad50
2026-08-31,US.META,SHORT,True,45,50,615,615,620,620,True,570.985,572.15,-1.1649999999999636,-0.002040333809119265,failed_followthrough,False,False,5,1,2c3b43c6ad50
2026-08-31,US.MSFT,LONG,False,-1,-1,-1,-1,-1,-1,True,,,0.0,0.0,no_entry,False,False,5,1,2c3b43c6ad50
2026-08-31,US.MSFT,SHORT,False,-1,-1,-1,-1,-1,-1,True,,,0.0,0.0,no_entry,False,False,5,1,2c3b43c6ad50
2026-08-31,US.MU,LONG,False,-1,-1,-1,-1,-1,-1,True,,,0.0,0.0,no_entry,False,False,5,1,2c3b43c6ad50
2026-08-31,US.MU,SHORT,False,-1,-1,-1,-1,-1,-1,True,,,0.0,0.0,no_entry,False,False,5,1,2c3b43c6ad50
2026-08-31,US.NVDA,LONG,True,165,240,735,735,810,810,True,219.474414781,219.11481716,-0.35959762100000603,-0.0016384489342815942,failed_followthrough,False,False,5,1,2c3b43c6ad50
2026-08-31,US.NVDA,SHORT,False,-1,-1,-1,-1,-1,-1,True,,,0.0,0.0,no_entry,False,False,5,1,2c3b43c6ad50
2026-08-31,US.QQQ,LONG,False,-1,-1,-1,-1,-1,-1,True,,,0.0,0.0,no_entry,False,False,5,1,2c3b43c6ad50
2026-08-31,US.QQQ,SHORT,True,160,165,730,730,735,735,True,713.575,714.4,-0.8249999999999318,-0.001156150369617674,failed_followthrough,False,False,5,1,2c3b43c6ad50
2026-08-31,US.SPY,LONG,False,-1,-1,-1,-1,-1,-1,True,,,0.0,0.0,no_entry,False,False,5,1,2c3b43c6ad50
2026-08-31,US.SPY,SHORT,True,150,165,720,720,735,735,True,765.42,765.715,-0.29500000000007276,-0.00038540931776027905,failed_followthrough,False,False,5,1,2c3b43c6ad50
2026-08-31,US.TSLA,LONG,False,-1,-1,-1,-1,-1,-1,True,,,0.0,0.0,no_entry,False,False,5,1,2c3b43c6ad50
2026-08-31,US.TSLA,SHORT,False,-1,-1,-1,-1,-1,-1,True,,,0.0,0.0,no_entry,False,False,5,1,2c3b43c6ad50
2026-09-01,US.AAPL,LONG,False,-1,-1,-1,-1,-1,-1,True,,,0.0,0.0,no_entry,False,False,5,1,2c3b43c6ad50
2026-09-01,US.AAPL,SHORT,False,-1,-1,-1,-1,-1,-1,True,,,0.0,0.0,no_entry,False,False,5,1,2c3b43c6ad50
2026-09-01,US.AMD,LONG,False,-1,-1,-1,-1,-1,-1,True,,,0.0,0.0,no_entry,False,False,5,1,2c3b43c6ad50
2026-09-01,US.AMD,SHORT,False,-1,-1,-1,-1,-1,-1,True,,,0.0,0.0,no_entry,False,False,5,1,2c3b43c6ad50
2026-09-01,US.IWM,LONG,False,-1,-1,-1,-1,-1,-1,True,,,0.0,0.0,no_entry,False,False,5,1,2c3b43c6ad50
2026-09-01,US.IWM,SHORT,False,-1,-1,-1,-1,-1,-1,True,,,0.0,0.0,no_entry,False,False,5,1,2c3b43c6ad50
2026-09-01,US.META,LONG,False,-1,-1,-1,-1,-1,-1,True,,,0.0,0.0,no_entry,False,False,5,1,2c3b43c6ad50
2026-09-01,US.META,SHORT,False,-1,-1,-1,-1,-1,-1,True,,,0.0,0.0,no_entry,False,False,5,1,2c3b43c6ad50
2026-09-01,US.MSFT,LONG,False,-1,-1,-1,-1,-1,-1,True,,,0.0,0.0,no_entry,False,False,5,1,2c3b43c6ad50
2026-09-01,US.MSFT,SHORT,False,-1,-1,-1,-1,-1,-1,True,,,0.0,0.0,no_entry,False,False,5,1,2c3b43c6ad50
2026-09-01,US.MU,LONG,False,-1,-1,-1,-1,-1,-1,True,,,0.0,0.0,no_entry,False,False,5,1,2c3b43c6ad50
2026-09-01,US.MU,SHORT,False,-1,-1,-1,-1,-1,-1,True,,,0.0,0.0,no_entry,False,False,5,1,2c3b43c6ad50
2026-09-01,US.NVDA,LONG,False,-1,-1,-1,-1,-1,-1,True,,,0.0,0.0,no_entry,False,False,5,1,2c3b43c6ad50
2026-09-01,US.NVDA,SHORT,False,-1,-1,-1,-1,-1,-1,True,,,0.0,0.0,no_entry,False,False,5,1,2c3b43c6ad50
2026-09-01,US.QQQ,LONG,False,-1,-1,-1,-1,-1,-1,True,,,0.0,0.0,no_entry,False,False,5,1,2c3b43c6ad50
2026-09-01,US.QQQ,SHORT,False,-1,-1,-1,-1,-1,-1,True,,,0.0,0.0,no_entry,False,False,5,1,2c3b43c6ad50
2026-09-01,US.SPY,LONG,False,-1,-1,-1,-1,-1,-1,True,,,0.0,0.0,no_entry,False,False,5,1,2c3b43c6ad50
2026-09-01,US.SPY,SHORT,False,-1,-1,-1,-1,-1,-1,True,,,0.0,0.0,no_entry,False,False,5,1,2c3b43c6ad50
2026-09-01,US.TSLA,LONG,False,-1,-1,-1,-1,-1,-1,True,,,0.0,0.0,no_entry,False,False,5,1,2c3b43c6ad50
2026-09-01,US.TSLA,SHORT,False,-1,-1,-1,-1,-1,-1,True,,,0.0,0.0,no_entry,False,False,5,1,2c3b43c6ad50
2026-09-02,US.AAPL,LONG,False,-1,-1,-1,-1,-1,-1,True,,,0.0,0.0,no_entry,False,False,5,1,2c3b43c6ad50
2026-09-02,US.AAPL,SHORT,False,-1,-1,-1,-1,-1,-1,True,,,0.0,0.0,no_entry,False,False,5,1,2c3b43c6ad50
2026-09-02,US.AMD,LONG,False,-1,-1,-1,-1,-1,-1,True,,,0.0,0.0,no_entry,False,False,5,1,2c3b43c6ad50
2026-09-02,US.AMD,SHORT,False,-1,-1,-1,-1,-1,-1,True,,,0.0,0.0,no_entry,False,False,5,1,2c3b43c6ad50
2026-09-02,US.IWM,LONG,True,135,140,705,705,710,710,True,292.925,292.86,-0.06499999999999773,-0.00022189980370401202,failed_followthrough,False,False,5,1,2c3b43c6ad50
2026-09-02,US.IWM,SHORT,False,-1,-1,-1,-1,-1,-1,True,,,0.0,0.0,no_entry,False,False,5,1,2c3b43c6ad50
2026-09-02,US.META,LONG,False,-1,-1,-1,-1,-1,-1,True,,,0.0,0.0,no_entry,False,False,5,1,2c3b43c6ad50
2026-09-02,US.META,SHORT,False,-1,-1,-1,-1,-1,-1,True,,,0.0,0.0,no_entry,False,False,5,1,2c3b43c6ad50
2026-09-02,US.MSFT,LONG,False,-1,-1,-1,-1,-1,-1,True,,,0.0,0.0,no_entry,False,False,5,1,2c3b43c6ad50
2026-09-02,US.MSFT,SHORT,False,-1,-1,-1,-1,-1,-1,True,,,0.0,0.0,no_entry,False,False,5,1,2c3b43c6ad50
2026-09-02,US.MU,LONG,False,-1,-1,-1,-1,-1,-1,True,,,0.0,0.0,no_entry,False,False,5,1,2c3b43c6ad50
2026-09-02,US.MU,SHORT,False,-1,-1,-1,-1,-1,-1,True,,,0.0,0.0,no_entry,False,False,5,1,2c3b43c6ad50
2026-09-02,US.NVDA,LONG,False,-1,-1,-1,-1,-1,-1,True,,,0.0,0.0,no_entry,False,False,5,1,2c3b43c6ad50
2026-09-02,US.NVDA,SHORT,False,-1,-1,-1,-1,-1,-1,True,,,0.0,0.0,no_entry,False,False,5,1,2c3b43c6ad50
2026-09-02,US.QQQ,LONG,False,-1,-1,-1,-1,-1,-1,True,,,0.0,0.0,no_entry,False,False,5,1,2c3b43c6ad50
2026-09-02,US.QQQ,SHORT,False,-1,-1,-1,-1,-1,-1,True,,,0.0,0.0,no_entry,False,False,5,1,2c3b43c6ad50
2026-09-02,US.SPY,LONG,False,-1,-1,-1,-1,-1,-1,True,,,0.0,0.0,no_entry,False,False,5,1,2c3b43c6ad50
2026-09-02,US.SPY,SHORT,False,-1,-1,-1,-1,-1,-1,True,,,0.0,0.0,no_entry,False,False,5,1,2c3b43c6ad50
2026-09-02,US.TSLA,LONG,False,-1,-1,-1,-1,-1,-1,True,,,0.0,0.0,no_entry,False,False,5,1,2c3b43c6ad50
2026-09-02,US.TSLA,SHORT,False,-1,-1,-1,-1,-1,-1,True,,,0.0,0.0,no_entry,False,False,5,1,2c3b43c6ad50
2026-09-03,US.AAPL,LONG,False,-1,-1,-1,-1,-1,-1,True,,,0.0,0.0,no_entry,False,False,5,1,2c3b43c6ad50
2026-09-03,US.AAPL,SHORT,False,-1,-1,-1,-1,-1,-1,True,,,0.0,0.0,no_entry,False,False,5,1,2c3b43c6ad50
2026-09-03,US.AMD,LONG,False,-1,-1,-1,-1,-1,-1,True,,,0.0,0.0,no_entry,False,False,5,1,2c3b43c6ad50
2026-09-03,US.AMD,SHORT,False,-1,-1,-1,-1,-1,-1,True,,,0.0,0.0,no_entry,False,False,5,1,2c3b43c6ad50
2026-09-03,US.IWM,LONG,False,-1,-1,-1,-1,-1,-1,True,,,0.0,0.0,no_entry,False,False,5,1,2c3b43c6ad50
2026-09-03,US.IWM,SHORT,False,-1,-1,-1,-1,-1,-1,True,,,0.0,0.0,no_entry,False,False,5,1,2c3b43c6ad50
2026-09-03,US.META,LONG,False,-1,-1,-1,-1,-1,-1,True,,,0.0,0.0,no_entry,False,False,5,1,2c3b43c6ad50
2026-09-03,US.META,SHORT,False,-1,-1,-1,-1,-1,-1,True,,,0.0,0.0,no_entry,False,False,5,1,2c3b43c6ad50
2026-09-03,US.MSFT,LONG,False,-1,-1,-1,-1,-1,-1,True,,,0.0,0.0,no_entry,False,False,5,1,2c3b43c6ad50
2026-09-03,US.MSFT,SHORT,False,-1,-1,-1,-1,-1,-1,True,,,0.0,0.0,no_entry,False,False,5,1,2c3b43c6ad50
2026-09-03,US.MU,LONG,False,-1,-1,-1,-1,-1,-1,True,,,0.0,0.0,no_entry,False,False,5,1,2c3b43c6ad50
2026-09-03,US.MU,SHORT,False,-1,-1,-1,-1,-1,-1,True,,,0.0,0.0,no_entry,False,False,5,1,2c3b43c6ad50
2026-09-03,US.NVDA,LONG,False,-1,-1,-1,-1,-1,-1,True,,,0.0,0.0,no_entry,False,False,5,1,2c3b43c6ad50
2026-09-03,US.NVDA,SHORT,False,-1,-1,-1,-1,-1,-1,True,,,0.0,0.0,no_entry,False,False,5,1,2c3b43c6ad50
2026-09-03,US.QQQ,LONG,False,-1,-1,-1,-1,-1,-1,True,,,0.0,0.0,no_entry,False,False,5,1,2c3b43c6ad50
2026-09-03,US.QQQ,SHORT,False,-1,-1,-1,-1,-1,-1,True,,,0.0,0.0,no_entry,False,False,5,1,2c3b43c6ad50
2026-09-03,US.SPY,LONG,False,-1,-1,-1,-1,-1,-1,True,,,0.0,0.0,no_entry,False,False,5,1,2c3b43c6ad50
2026-09-03,US.SPY,SHORT,False,-1,-1,-1,-1,-1,-1,True,,,0.0,0.0,no_entry,False,False,5,1,2c3b43c6ad50
2026-09-03,US.TSLA,LONG,False,-1,-1,-1,-1,-1,-1,True,,,0.0,0.0,no_entry,False,False,5,1,2c3b43c6ad50
2026-09-03,US.TSLA,SHORT,False,-1,-1,-1,-1,-1,-1,True,,,0.0,0.0,no_entry,False,False,5,1,2c3b43c6ad50
2026-09-04,US.AAPL,LONG,False,-1,-1,-1,-1,-1,-1,True,,,0.0,0.0,no_entry,False,False,5,1,2c3b43c6ad50
2026-09-04,US.AAPL,SHORT,False,-1,-1,-1,-1,-1,-1,True,,,0.0,0.0,no_entry,False,False,5,1,2c3b43c6ad50
2026-09-04,US.AMD,LONG,False,-1,-1,-1,-1,-1,-1,True,,,0.0,0.0,no_entry,False,False,5,1,2c3b43c6ad50
2026-09-04,US.AMD,SHORT,False,-1,-1,-1,-1,-1,-1,True,,,0.0,0.0,no_entry,False,False,5,1,2c3b43c6ad50
2026-09-04,US.IWM,LONG,False,-1,-1,-1,-1,-1,-1,True,,,0.0,0.0,no_entry,False,False,5,1,2c3b43c6ad50
2026-09-04,US.IWM,SHORT,False,-1,-1,-1,-1,-1,-1,True,,,0.0,0.0,no_entry,False,False,5,1,2c3b43c6ad50
2026-09-04,US.META,LONG,False,-1,-1,-1,-1,-1,-1,True,,,0.0,0.0,no_entry,False,False,5,1,2c3b43c6ad50
2026-09-04,US.META,SHORT,False,-1,-1,-1,-1,-1,-1,True,,,0.0,0.0,no_entry,False,False,5,1,2c3b43c6ad50
2026-09-04,US.MSFT,LONG,False,-1,-1,-1,-1,-1,-1,True,,,0.0,0.0,no_entry,False,False,5,1,2c3b43c6ad50
2026-09-04,US.MSFT,SHORT,False,-1,-1,-1,-1,-1,-1,True,,,0.0,0.0,no_entry,False,False,5,1,2c3b43c6ad50
2026-09-04,US.MU,LONG,True,170,375,740,740,-1,945,True,999.835,1008.18,8.344999999999914,0.008346377152230031,scheduled_flatten,True,False,5,1,2c3b43c6ad50
2026-09-04,US.MU,SHORT,False,-1,-1,-1,-1,-1,-1,True,,,0.0,0.0,no_entry,False,False,5,1,2c3b43c6ad50
2026-09-04,US.NVDA,LONG,True,35,40,605,605,610,610,True,233.588621411,233.418811424,-0.1698099869999794,-0.0007269617243093282,failed_followthrough,False,False,5,1,2c3b43c6ad50
2026-09-04,US.NVDA,SHORT,False,-1,-1,-1,-1,-1,-1,True,,,0.0,0.0,no_entry,False,False,5,1,2c3b43c6ad50
2026-09-04,US.QQQ,LONG,True,40,50,610,610,620,620,True,720.77,719.72,-1.0499999999999545,-0.0014567753929824417,soft_failure_loss,False,False,5,1,2c3b43c6ad50
2026-09-04,US.QQQ,SHORT,True,225,330,795,795,900,900,True,718.14,718.235,-0.09500000000002728,-0.00013228618375250967,trailing,False,False,5,1,2c3b43c6ad50
2026-09-04,US.SPY,LONG,False,-1,-1,-1,-1,-1,-1,True,,,0.0,0.0,no_entry,False,False,5,1,2c3b43c6ad50
2026-09-04,US.SPY,SHORT,False,-1,-1,-1,-1,-1,-1,True,,,0.0,0.0,no_entry,False,False,5,1,2c3b43c6ad50
2026-09-04,US.TSLA,LONG,False,-1,-1,-1,-1,-1,-1,True,,,0.0,0.0,no_entry,False,False,5,1,2c3b43c6ad50
2026-09-04,US.TSLA,SHORT,False,-1,-1,-1,-1,-1,-1,True,,,0.0,0.0,no_entry,False,False,5,1,2c3b43c6ad50
2026-09-08,US.AAPL,LONG,False,-1,-1,-1,-1,-1,-1,True,,,0.0,0.0,no_entry,False,False,5,1,2c3b43c6ad50
2026-09-08,US.AAPL,SHORT,False,-1,-1,-1,-1,-1,-1,True,,,0.0,0.0,no_entry,False,False,5,1,2c3b43c6ad50
2026-09-08,US.AMD,LONG,False,-1,-1,-1,-1,-1,-1,True,,,0.0,0.0,no_entry,False,False,5,1,2c3b43c6ad50
2026-09-08,US.AMD,SHORT,False,-1,-1,-1,-1,-1,-1,True,,,0.0,0.0,no_entry,False,False,5,1,2c3b43c6ad50
2026-09-08,US.IWM,LONG,False,-1,-1,-1,-1,-1,-1,True,,,0.0,0.0,no_entry,False,False,5,1,2c3b43c6ad50
2026-09-08,US.IWM,SHORT,False,-1,-1,-1,-1,-1,-1,True,,,0.0,0.0,no_entry,False,False,5,1,2c3b43c6ad50
2026-09-08,US.META,LONG,False,-1,-1,-1,-1,-1,-1,True,,,0.0,0.0,no_entry,False,False,5,1,2c3b43c6ad50
2026-09-08,US.META,SHORT,False,-1,-1,-1,-1,-1,-1,True,,,0.0,0.0,no_entry,False,False,5,1,2c3b43c6ad50
2026-09-08,US.MSFT,LONG,False,-1,-1,-1,-1,-1,-1,True,,,0.0,0.0,no_entry,False,False,5,1,2c3b43c6ad50
2026-09-08,US.MSFT,SHORT,False,-1,-1,-1,-1,-1,-1,True,,,0.0,0.0,no_entry,False,False,5,1,2c3b43c6ad50
2026-09-08,US.MU,LONG,False,-1,-1,-1,-1,-1,-1,True,,,0.0,0.0,no_entry,False,False,5,1,2c3b43c6ad50
2026-09-08,US.MU,SHORT,False,-1,-1,-1,-1,-1,-1,True,,,0.0,0.0,no_entry,False,False,5,1,2c3b43c6ad50
2026-09-08,US.NVDA,LONG,False,-1,-1,-1,-1,-1,-1,True,,,0.0,0.0,no_entry,False,False,5,1,2c3b43c6ad50
2026-09-08,US.NVDA,SHORT,False,-1,-1,-1,-1,-1,-1,True,,,0.0,0.0,no_entry,False,False,5,1,2c3b43c6ad50
2026-09-08,US.QQQ,LONG,False,-1,-1,-1,-1,-1,-1,True,,,0.0,0.0,no_entry,False,False,5,1,2c3b43c6ad50
2026-09-08,US.QQQ,SHORT,False,-1,-1,-1,-1,-1,-1,True,,,0.0,0.0,no_entry,False,False,5,1,2c3b43c6ad50
2026-09-08,US.SPY,LONG,False,-1,-1,-1,-1,-1,-1,True,,,0.0,0.0,no_entry,False,False,5,1,2c3b43c6ad50
2026-09-08,US.SPY,SHORT,True,65,75,635,635,645,645,True,767.02,767.14,-0.12000000000000455,-0.00015644963625460165,failed_followthrough,False,False,5,1,2c3b43c6ad50
2026-09-08,US.TSLA,LONG,False,-1,-1,-1,-1,-1,-1,True,,,0.0,0.0,no_entry,False,False,5,1,2c3b43c6ad50
2026-09-08,US.TSLA,SHORT,False,-1,-1,-1,-1,-1,-1,True,,,0.0,0.0,no_entry,False,False,5,1,2c3b43c6ad50
2026-09-09,US.AAPL,LONG,False,-1,-1,-1,-1,-1,-1,True,,,0.0,0.0,no_entry,False,False,5,1,2c3b43c6ad50
2026-09-09,US.AAPL,SHORT,False,-1,-1,-1,-1,-1,-1,True,,,0.0,0.0,no_entry,False,False,5,1,2c3b43c6ad50
2026-09-09,US.AMD,LONG,False,-1,-1,-1,-1,-1,-1,True,,,0.0,0.0,no_entry,False,False,5,1,2c3b43c6ad50
2026-09-09,US.AMD,SHORT,False,-1,-1,-1,-1,-1,-1,True,,,0.0,0.0,no_entry,False,False,5,1,2c3b43c6ad50
2026-09-09,US.IWM,LONG,False,-1,-1,-1,-1,-1,-1,True,,,0.0,0.0,no_entry,False,False,5,1,2c3b43c6ad50
2026-09-09,US.IWM,SHORT,False,-1,-1,-1,-1,-1,-1,True,,,0.0,0.0,no_entry,False,False,5,1,2c3b43c6ad50
2026-09-09,US.META,LONG,False,-1,-1,-1,-1,-1,-1,True,,,0.0,0.0,no_entry,False,False,5,1,2c3b43c6ad50
2026-09-09,US.META,SHORT,False,-1,-1,-1,-1,-1,-1,True,,,0.0,0.0,no_entry,False,False,5,1,2c3b43c6ad50
2026-09-09,US.MSFT,LONG,False,-1,-1,-1,-1,-1,-1,True,,,0.0,0.0,no_entry,False,False,5,1,2c3b43c6ad50
2026-09-09,US.MSFT,SHORT,False,-1,-1,-1,-1,-1,-1,True,,,0.0,0.0,no_entry,False,False,5,1,2c3b43c6ad50
2026-09-09,US.MU,LONG,False,-1,-1,-1,-1,-1,-1,True,,,0.0,0.0,no_entry,False,False,5,1,2c3b43c6ad50
2026-09-09,US.MU,SHORT,False,-1,-1,-1,-1,-1,-1,True,,,0.0,0.0,no_entry,False,False,5,1,2c3b43c6ad50
2026-09-09,US.NVDA,LONG,False,-1,-1,-1,-1,-1,-1,True,,,0.0,0.0,no_entry,False,False,5,1,2c3b43c6ad50
2026-09-09,US.NVDA,SHORT,True,40,60,610,610,630,630,True,224.039306805,224.628647351,-0.5893405460000167,-0.0026305229845804187,failed_followthrough,False,False,5,1,2c3b43c6ad50
2026-09-09,US.QQQ,LONG,True,75,85,645,645,655,655,True,718.35,717.61,-0.7400000000000091,-0.0010301385118674867,failed_followthrough,False,False,5,1,2c3b43c6ad50
2026-09-09,US.QQQ,SHORT,False,-1,-1,-1,-1,-1,-1,True,,,0.0,0.0,no_entry,False,False,5,1,2c3b43c6ad50
2026-09-09,US.SPY,LONG,False,-1,-1,-1,-1,-1,-1,True,,,0.0,0.0,no_entry,False,False,5,1,2c3b43c6ad50
2026-09-09,US.SPY,SHORT,True,250,255,820,820,825,825,True,762.45,762.91,-0.4599999999999227,-0.0006033182503769725,failed_followthrough,False,False,5,1,2c3b43c6ad50
2026-09-09,US.TSLA,LONG,False,-1,-1,-1,-1,-1,-1,True,,,0.0,0.0,no_entry,False,False,5,1,2c3b43c6ad50
2026-09-09,US.TSLA,SHORT,False,-1,-1,-1,-1,-1,-1,True,,,0.0,0.0,no_entry,False,False,5,1,2c3b43c6ad50
2026-09-10,US.AAPL,LONG,False,-1,-1,-1,-1,-1,-1,True,,,0.0,0.0,no_entry,False,False,5,1,2c3b43c6ad50
2026-09-10,US.AAPL,SHORT,False,-1,-1,-1,-1,-1,-1,True,,,0.0,0.0,no_entry,False,False,5,1,2c3b43c6ad50
2026-09-10,US.AMD,LONG,False,-1,-1,-1,-1,-1,-1,True,,,0.0,0.0,no_entry,False,False,5,1,2c3b43c6ad50
2026-09-10,US.AMD,SHORT,True,35,40,605,605,610,610,True,507.295,507.79,-0.49500000000000455,-0.0009757636089454943,failed_followthrough,False,False,5,1,2c3b43c6ad50
2026-09-10,US.IWM,LONG,False,-1,-1,-1,-1,-1,-1,True,,,0.0,0.0,no_entry,False,False,5,1,2c3b43c6ad50
2026-09-10,US.IWM,SHORT,False,-1,-1,-1,-1,-1,-1,True,,,0.0,0.0,no_entry,False,False,5,1,2c3b43c6ad50
2026-09-10,US.META,LONG,False,-1,-1,-1,-1,-1,-1,True,,,0.0,0.0,no_entry,False,False,5,1,2c3b43c6ad50
2026-09-10,US.META,SHORT,False,-1,-1,-1,-1,-1,-1,True,,,0.0,0.0,no_entry,False,False,5,1,2c3b43c6ad50
2026-09-10,US.MSFT,LONG,False,-1,-1,-1,-1,-1,-1,True,,,0.0,0.0,no_entry,False,False,5,1,2c3b43c6ad50
2026-09-10,US.MSFT,SHORT,False,-1,-1,-1,-1,-1,-1,True,,,0.0,0.0,no_entry,False,False,5,1,2c3b43c6ad50
2026-09-10,US.MU,LONG,False,-1,-1,-1,-1,-1,-1,True,,,0.0,0.0,no_entry,False,False,5,1,2c3b43c6ad50
2026-09-10,US.MU,SHORT,False,-1,-1,-1,-1,-1,-1,True,,,0.0,0.0,no_entry,False,False,5,1,2c3b43c6ad50
2026-09-10,US.NVDA,LONG,False,-1,-1,-1,-1,-1,-1,True,,,0.0,0.0,no_entry,False,False,5,1,2c3b43c6ad50
2026-09-10,US.NVDA,SHORT,True,35,40,605,605,610,610,True,218.19,218.1952,-0.005200000000002092,-2.383243961685729e-05,failed_followthrough,False,False,5,1,2c3b43c6ad50
2026-09-10,US.QQQ,LONG,True,200,245,770,770,815,815,True,710.445,710.34,-0.10500000000001819,-0.00014779469205922793,failed_followthrough,False,False,5,1,2c3b43c6ad50
2026-09-10,US.QQQ,SHORT,False,-1,-1,-1,-1,-1,-1,True,,,0.0,0.0,no_entry,False,False,5,1,2c3b43c6ad50
2026-09-10,US.SPY,LONG,True,200,235,770,770,805,805,True,758.84,758.66,-0.18000000000006366,-0.00023720415370837548,failed_followthrough,False,False,5,1,2c3b43c6ad50
2026-09-10,US.SPY,SHORT,False,-1,-1,-1,-1,-1,-1,True,,,0.0,0.0,no_entry,False,False,5,1,2c3b43c6ad50
2026-09-10,US.TSLA,LONG,True,45,50,615,615,620,620,True,365.835,365.455,-0.37999999999999545,-0.001038719641368364,failed_followthrough,False,False,5,1,2c3b43c6ad50
2026-09-10,US.TSLA,SHORT,False,-1,-1,-1,-1,-1,-1,True,,,0.0,0.0,no_entry,False,False,5,1,2c3b43c6ad50
2026-09-11,US.AAPL,LONG,False,-1,-1,-1,-1,-1,-1,True,,,0.0,0.0,no_entry,False,False,5,1,2c3b43c6ad50
2026-09-11,US.AAPL,SHORT,False,-1,-1,-1,-1,-1,-1,True,,,0.0,0.0,no_entry,False,False,5,1,2c3b43c6ad50
2026-09-11,US.AMD,LONG,True,100,105,670,670,675,675,True,514.525,513.5,-1.0249999999999773,-0.001992128662358442,failed_followthrough,False,False,5,1,2c3b43c6ad50
2026-09-11,US.AMD,SHORT,False,-1,-1,-1,-1,-1,-1,True,,,0.0,0.0,no_entry,False,False,5,1,2c3b43c6ad50
2026-09-11,US.IWM,LONG,False,-1,-1,-1,-1,-1,-1,True,,,0.0,0.0,no_entry,False,False,5,1,2c3b43c6ad50
2026-09-11,US.IWM,SHORT,False,-1,-1,-1,-1,-1,-1,True,,,0.0,0.0,no_entry,False,False,5,1,2c3b43c6ad50
2026-09-11,US.META,LONG,False,-1,-1,-1,-1,-1,-1,True,,,0.0,0.0,no_entry,False,False,5,1,2c3b43c6ad50
2026-09-11,US.META,SHORT,False,-1,-1,-1,-1,-1,-1,True,,,0.0,0.0,no_entry,False,False,5,1,2c3b43c6ad50
2026-09-11,US.MSFT,LONG,False,-1,-1,-1,-1,-1,-1,True,,,0.0,0.0,no_entry,False,False,5,1,2c3b43c6ad50
2026-09-11,US.MSFT,SHORT,False,-1,-1,-1,-1,-1,-1,True,,,0.0,0.0,no_entry,False,False,5,1,2c3b43c6ad50
2026-09-11,US.MU,LONG,False,-1,-1,-1,-1,-1,-1,True,,,0.0,0.0,no_entry,False,False,5,1,2c3b43c6ad50
2026-09-11,US.MU,SHORT,False,-1,-1,-1,-1,-1,-1,True,,,0.0,0.0,no_entry,False,False,5,1,2c3b43c6ad50
2026-09-11,US.NVDA,LONG,False,-1,-1,-1,-1,-1,-1,True,,,0.0,0.0,no_entry,False,False,5,1,2c3b43c6ad50
2026-09-11,US.NVDA,SHORT,False,-1,-1,-1,-1,-1,-1,True,,,0.0,0.0,no_entry,False,False,5,1,2c3b43c6ad50
2026-09-11,US.QQQ,LONG,True,55,65,625,625,635,635,True,716.28,715.54,-0.7400000000000091,-0.0010331155414084006,failed_followthrough,False,False,5,1,2c3b43c6ad50
2026-09-11,US.QQQ,SHORT,False,-1,-1,-1,-1,-1,-1,True,,,0.0,0.0,no_entry,False,False,5,1,2c3b43c6ad50
2026-09-11,US.SPY,LONG,False,-1,-1,-1,-1,-1,-1,True,,,0.0,0.0,no_entry,False,False,5,1,2c3b43c6ad50
2026-09-11,US.SPY,SHORT,False,-1,-1,-1,-1,-1,-1,True,,,0.0,0.0,no_entry,False,False,5,1,2c3b43c6ad50
2026-09-11,US.TSLA,LONG,False,-1,-1,-1,-1,-1,-1,True,,,0.0,0.0,no_entry,False,False,5,1,2c3b43c6ad50
2026-09-11,US.TSLA,SHORT,False,-1,-1,-1,-1,-1,-1,True,,,0.0,0.0,no_entry,False,False,5,1,2c3b43c6ad50
