name,period,symbol,direction,jobs,trades,trade_rate_pct,cost_bps,win_rate_pct,avg_win_pct,avg_loss_pct,payoff_ratio,profit_factor,mean_trade_pct,mean_job_bps,mean_gross_points,worst_stream_mdd_pct,p05_pct,cvar05_pct,worst_trade_pct,trim_top1_mean_pct,held_until_flatten_pct,unclosed_after_day_pct
selected_1m,fit28,US.AAPL,LONG,28,5,17.857142857142858,2,0.0,,-0.05681684084001505,,0.0,-0.05681684084001505,-1.0145864435716974,-0.11490090320000945,-0.2837674548965108,-0.07543796016410362,-0.07727012413629425,-0.07727012413629425,-0.06278490986691206,0.0,0.0
selected_1m,fit28,US.AAPL,SHORT,28,0,0.0,2,,,,,,,0.0,,0.0,,,,,,0.0
selected_1m,fit28,US.AMD,LONG,28,2,7.142857142857143,2,0.0,,-0.09872201417634417,,0.0,-0.09872201417634417,-0.7051572441167441,-0.39974999999995475,-0.19736185944962958,-0.1339158784110292,-0.13782630777043864,-0.13782630777043864,-0.13782630777043864,0.0,0.0
selected_1m,fit28,US.AMD,SHORT,28,2,7.142857142857143,2,0.0,,-0.20466527592399603,,0.0,-0.20466527592399603,-1.461894828028543,-0.9199500000000285,-0.4089143077797841,-0.21927381321823575,-0.22089698402870686,-0.22089698402870686,-0.22089698402870686,0.0,0.0
selected_1m,fit28,US.IWM,LONG,28,5,17.857142857142858,2,0.0,,-0.08631895285264332,,0.0,-0.08631895285264332,-1.5414098723686307,-0.19135243700000046,-0.4308728220364433,-0.1298699261934373,-0.14067717134444352,-0.14067717134444352,-0.09453776668200713,0.0,0.0
selected_1m,fit28,US.IWM,SHORT,28,5,17.857142857142858,2,0.0,,-0.07200088712579364,,0.0,-0.07200088712579364,-1.285730127246315,-0.15087050980001776,-0.35955447076319036,-0.14999991718006833,-0.1703433197827256,-0.1703433197827256,-0.08543188338069338,20.0,0.0
selected_1m,fit28,US.META,LONG,28,1,3.5714285714285716,2,0.0,,-0.07479239580151645,,0.0,-0.07479239580151645,-0.26711569929113016,-0.33598859999995057,-0.07479239580151509,-0.07479239580151645,-0.07479239580151645,-0.07479239580151645,,0.0,0.0
selected_1m,fit28,US.META,SHORT,28,3,10.714285714285714,2,0.0,,-0.11910954053841488,,0.0,-0.11910954053841488,-1.2761736486258737,-0.5915850423333117,-0.3569714386050582,-0.2002766369918191,-0.21455124763164693,-0.21455124763164693,-0.1431781944325079,0.0,0.0
selected_1m,fit28,US.MSFT,LONG,28,1,3.5714285714285716,2,0.0,,-0.24093344368981323,,0.0,-0.24093344368981323,-0.8604765846064758,-0.8783465129999968,-0.24093344368981695,-0.24093344368981323,-0.24093344368981323,-0.24093344368981323,,0.0,0.0
selected_1m,fit28,US.MSFT,SHORT,28,2,7.142857142857143,2,0.0,,-0.052046488403128685,,0.0,-0.052046488403128685,-0.3717606314509192,-0.13020488949999276,-0.10407058710245609,-0.07155525377244679,-0.07372289436903769,-0.07372289436903769,-0.07372289436903769,0.0,0.0
selected_1m,fit28,US.MU,LONG,28,4,14.285714285714286,2,25.0,7.929987431279593,-0.17372234186817526,45.647481757395724,15.21582725246524,1.852205101418767,26.46007287741096,17.166110167499994,-0.48948161766856346,-0.26703867567085593,-0.27646835854301416,-0.27646835854301416,-0.17372234186817526,25.0,0.0
selected_1m,fit28,US.MU,SHORT,28,1,3.5714285714285716,2,100.0,5.78994708891469,,,,5.78994708891469,20.678382460409605,54.256556337999996,0.0,5.78994708891469,5.78994708891469,5.78994708891469,,100.0,0.0
selected_1m,fit28,US.NVDA,LONG,28,2,7.142857142857143,2,0.0,,-0.11411882060640795,,0.0,-0.11411882060640795,-0.8151344329029139,-0.1996630784999951,-0.22810756681180822,-0.1176809469613297,-0.11807673877854323,-0.11807673877854323,-0.11807673877854323,0.0,0.0
selected_1m,fit28,US.NVDA,SHORT,28,5,17.857142857142858,2,0.0,,-0.11587523384924833,,0.0,-0.11587523384924833,-2.0692006044508626,-0.197763784,-0.5780975007548483,-0.16849003379575728,-0.16985256435953056,-0.16985256435953056,-0.13623636522637958,0.0,0.0
selected_1m,fit28,US.QQQ,LONG,28,4,14.285714285714286,2,0.0,,-0.07339149312552132,,0.0,-0.07339149312552132,-1.0484499017931617,-0.3883230002500113,-0.29325669140819466,-0.09284723941209967,-0.09355868837372006,-0.09355868837372006,-0.08837405532310681,0.0,0.0
selected_1m,fit28,US.QQQ,SHORT,28,3,10.714285714285714,2,33.333333333333336,1.0952516741828904,-0.05905930703733865,18.544946243450624,9.272473121725312,0.32571102003607105,3.489760928957904,2.560484494333347,-0.11808838748610384,-0.07631675324048612,-0.080631114791273,-0.080631114791273,-0.05905930703733865,33.33333333333333,0.0
selected_1m,fit28,US.SPY,LONG,28,6,21.428571428571427,2,0.0,,-0.03913708817202555,,0.0,-0.03913708817202555,-0.8386518894005474,-0.14130272566666235,-0.23460015870772066,-0.06231272323902789,-0.06797938246399296,-0.06797938246399296,-0.04217264613031693,0.0,0.0
selected_1m,fit28,US.SPY,SHORT,28,4,14.285714285714286,2,25.0,1.6132680026137534,-0.05272898048613396,30.595471176196767,10.19849039206559,0.3637702652888378,5.196718075554826,2.8700827897500005,-0.0918847674172718,-0.06434083036272896,-0.06628160375025438,-0.06628160375025438,-0.05272898048613396,25.0,0.0
selected_1m,fit28,US.TSLA,LONG,28,3,10.714285714285714,2,0.0,,-0.026308573352789258,,0.0,-0.026308573352789258,-0.2818775716370278,-0.02666666666666136,-0.07890546398184872,-0.033111194919874506,-0.03402327864254716,-0.03402327864254716,-0.029462860029183892,0.0,0.0
selected_1m,fit28,US.TSLA,SHORT,28,4,14.285714285714286,2,0.0,,-0.20980083310928452,,0.0,-0.20980083310928452,-2.997154758704064,-0.744924999999995,-0.8370278035425116,-0.41611989870047095,-0.45600526302210925,-0.45600526302210925,-0.2658358336273841,0.0,0.0
selected_1m,fit28,ALL,LONG,280,33,11.785714285714286,2,3.0303030303030303,7.929987431279593,-0.08079899139741431,98.1446339135041,3.067019809797003,0.16195211232007078,1.9087213237722624,1.8860274043636387,-0.48948161766856346,-0.22453566111310092,-0.2587009011164137,-0.27646835854301416,-0.08079899139741431,3.0303030303030303,0.0
selected_1m,fit28,ALL,SHORT,280,29,10.357142857142858,2,10.344827586206897,2.8328222552371107,-0.11252467858134313,25.175119724419275,2.9048215066637626,0.19216638353780732,1.9902946866415756,2.235186365689655,-0.8370278035425116,-0.21835868946988288,-0.33845112352540807,-0.45600526302210925,-0.007754355939938456,13.793103448275861,0.0
selected_1m,fit28,EXCLUDE_US.AAPL,BOTH_COUNTERFACTUAL,504,57,11.30952380952381,2,7.017543859649122,4.107113549247732,-0.09862500308739819,41.64373557086883,3.142923439310855,0.1965145444448916,2.2224859193172266,2.239189709912283,-0.8370278035425116,-0.2249042759609281,-0.32446902175164555,-0.45600526302210925,0.0584168143228434,8.771929824561402,0.0
selected_1m,fit28,EXCLUDE_US.AMD,BOTH_COUNTERFACTUAL,504,58,11.507936507936508,2,6.896551724137931,4.107113549247732,-0.09082286643762034,45.221139899483475,3.349714066628405,0.19868998981654187,2.2865117875713157,2.236184637051725,-0.8370278035425116,-0.21850857704037188,-0.32446902175164555,-0.45600526302210925,0.06305319259789184,8.620689655172415,0.0
selected_1m,fit28,EXCLUDE_US.IWM,BOTH_COUNTERFACTUAL,504,52,10.317460317460318,2,7.6923076923076925,4.107113549247732,-0.0983252118320832,41.77070633991346,3.4808921949927885,0.22517007748174872,2.3231833390974073,2.476354301596157,-0.8370278035425116,-0.22991339087620472,-0.32446902175164555,-0.45600526302210925,0.07409522740728117,7.6923076923076925,0.0
selected_1m,fit28,EXCLUDE_US.META,BOTH_COUNTERFACTUAL,504,58,11.507936507936508,2,6.896551724137931,4.107113549247732,-0.0940571916743596,43.666129895385225,3.234528140398906,0.19567872149268117,2.251858302891966,2.2270698737241372,-0.8370278035425116,-0.22390245297787278,-0.32446902175164555,-0.45600526302210925,0.0599890950051915,8.620689655172415,0.0
selected_1m,fit28,EXCLUDE_US.MSFT,BOTH_COUNTERFACTUAL,504,59,11.706349206349206,2,6.779661016949152,4.107113549247732,-0.0939305990424747,43.72497983740662,3.1799985336295724,0.19088595338397998,2.2345776288997654,2.1728485634067805,-0.8370278035425116,-0.2151858212713529,-0.31779020186461016,-0.45600526302210925,0.05745316928233146,8.47457627118644,0.0
selected_1m,fit28,EXCLUDE_US.MU,BOTH_COUNTERFACTUAL,504,57,11.30952380952381,2,3.508771929824561,1.354259838398322,-0.09072804258595732,14.926584987384388,0.5427849086321596,-0.0400267134286142,-0.45268306853789864,0.07260196387719468,-0.8370278035425116,-0.21582039491105892,-0.3059452302468764,-0.45600526302210925,-0.0695498333579422,5.263157894736842,0.0
selected_1m,fit28,EXCLUDE_US.NVDA,BOTH_COUNTERFACTUAL,504,55,10.912698412698413,2,7.2727272727272725,4.107113549247732,-0.09222736387006122,44.532483385670965,3.4927437949545856,0.21317924799305094,2.326360841194008,2.3354082550181827,-0.8370278035425116,-0.22690792192703876,-0.32446902175164555,-0.45600526302210925,0.07027539274700394,9.090909090909092,0.0
selected_1m,fit28,EXCLUDE_US.QQQ,BOTH_COUNTERFACTUAL,504,55,10.912698412698413,2,5.454545454545454,5.111067507602679,-0.09806778425491185,52.117701510592504,3.006790471764952,0.1860668680282294,2.0304916153874237,2.198748135763638,-0.8370278035425116,-0.22690792192703876,-0.32446902175164555,-0.45600526302210925,0.04266093167172271,7.2727272727272725,0.0
selected_1m,fit28,EXCLUDE_US.SPY,BOTH_COUNTERFACTUAL,504,52,10.317460317460318,2,5.769230769230769,4.938395398125724,-0.10445305912942088,47.27860954275054,2.894608747515339,0.18648050571222213,1.9240052176657838,2.2389768104615393,-0.8370278035425116,-0.22991339087620472,-0.32446902175164555,-0.45600526302210925,0.03464703658345015,7.6923076923076925,0.0
selected_1m,fit28,EXCLUDE_US.TSLA,BOTH_COUNTERFACTUAL,504,55,10.912698412698413,2,7.2727272727272725,4.107113549247732,-0.09006039833993476,45.603990488087234,3.576783567693116,0.2151886160300773,2.3482884685821928,2.3658001627090917,-0.5780975007548483,-0.2164549685507649,-0.24609959542051144,-0.27646835854301416,0.07232197130323448,9.090909090909092,0.0
selected_1m,validation28,US.AAPL,LONG,28,3,10.714285714285714,2,33.333333333333336,0.8298239649149263,-0.15097963850562462,5.496264086524567,2.7481320432622836,0.17595489596789235,1.8852310282274178,0.6532699169999887,-0.3017318054428175,-0.15650452915645127,-0.15788575181915793,-0.15788575181915793,-0.15097963850562462,33.33333333333333,0.0
selected_1m,validation28,US.AAPL,SHORT,28,3,10.714285714285714,2,33.333333333333336,0.058008651741116066,-0.06102503933779892,0.9505713125396626,0.4752856562698313,-0.021347142311493917,-0.2287193819088634,-0.013321843999998842,-0.12201301952561305,-0.06443236582894735,-0.06528419745173447,-0.06528419745173447,-0.06102503933779892,33.33333333333333,0.0
selected_1m,validation28,US.AMD,LONG,28,4,14.285714285714286,2,0.0,,-0.34518798036717935,,0.0,-0.34518798036717935,-4.931256862388276,-1.75,-1.3738800066625534,-0.4990372874256207,-0.5234831281584792,-0.5234831281584792,-0.38734077963052665,0.0,0.0
selected_1m,validation28,US.AMD,SHORT,28,3,10.714285714285714,2,0.0,,-0.32844555239534684,,0.0,-0.32844555239534684,-3.519059489950145,-1.439166666666684,-0.9828206402524575,-0.5780841223778617,-0.6087414519270011,-0.6087414519270011,-0.4554548041813035,0.0,0.0
selected_1m,validation28,US.IWM,LONG,28,6,21.428571428571427,2,0.0,,-0.06855331240042745,,0.0,-0.06855331240042745,-1.468999551437731,-0.14583333333333334,-0.4107084039294384,-0.15963760398203056,-0.18895809176744996,-0.18895809176744996,-0.07758948412103696,0.0,0.0
selected_1m,validation28,US.IWM,SHORT,28,10,35.714285714285715,2,10.0,0.5585152008686349,-0.10298278984463102,5.4233838655105435,0.6025982072789492,-0.03683299077330442,-1.3154639561894437,-0.04900000000000091,-0.5447097153545744,-0.21744234501398307,-0.307799362729974,-0.307799362729974,-0.10298278984463102,10.0,0.0
selected_1m,validation28,US.META,LONG,28,2,7.142857142857143,2,0.0,,-0.2812371117928481,,0.0,-0.2812371117928481,-2.0088365128060577,-1.580000000000041,-0.5619364805942717,-0.4244474859446714,-0.44035974973931846,-0.44035974973931846,-0.44035974973931846,0.0,0.0
selected_1m,validation28,US.META,SHORT,28,3,10.714285714285714,2,0.0,,-0.16629266925170874,,0.0,-0.16629266925170874,-1.7817071705540222,-0.8466666666666924,-0.49814498994470435,-0.24074539401994646,-0.2456417216633088,-0.2456417216633088,-0.22116008344649704,0.0,0.0
selected_1m,validation28,US.MSFT,LONG,28,2,7.142857142857143,2,0.0,,-0.19471594444013043,,0.0,-0.19471594444013043,-1.3908281745723603,-0.6727335795000329,-0.3891582291992157,-0.28715050530067143,-0.2974210120629538,-0.2974210120629538,-0.2974210120629538,0.0,0.0
selected_1m,validation28,US.MSFT,SHORT,28,2,7.142857142857143,2,0.0,,-0.04010122441297166,,0.0,-0.04010122441297166,-0.28643731723551186,-0.07984968299999196,-0.08019296382023589,-0.06321576917779667,-0.06578405192944389,-0.06578405192944389,-0.06578405192944389,0.0,0.0
selected_1m,validation28,US.MU,LONG,28,7,25.0,2,14.285714285714286,5.488154660236478,-0.26450416645716596,20.748840117515634,3.458140019585939,0.5573042373562118,13.932605933905295,4.437899755857155,-1.5768527196855286,-0.38972234528105265,-0.4078838125129604,-0.4078838125129604,-0.26450416645716596,14.285714285714285,0.0
selected_1m,validation28,US.MU,SHORT,28,6,21.428571428571427,2,16.666666666666668,2.9342944524679235,-0.34948211882469987,8.39612184547778,1.6792243690955557,0.19781397639073733,4.238870922658657,2.204999999999965,-1.363815512573785,-0.4638736979673221,-0.4901565907056163,-0.4901565907056163,-0.34948211882469987,16.666666666666664,0.0
selected_1m,validation28,US.NVDA,LONG,28,3,10.714285714285714,2,33.333333333333336,0.5480644494446684,-0.052501926055740125,10.438939875516198,5.219469937758099,0.14768686577772938,1.5823592761899579,0.3213071336666644,-0.10498685134104901,-0.07850346690033222,-0.08500385211148025,-0.08500385211148025,-0.052501926055740125,33.33333333333333,0.0
selected_1m,validation28,US.NVDA,SHORT,28,4,14.285714285714286,2,0.0,,-0.1418651306427941,,0.0,-0.1418651306427941,-2.026644723468487,-0.2433526959999952,-0.5663667385925719,-0.24613387051848232,-0.2654843791956921,-0.2654843791956921,-0.16549737424605826,0.0,0.0
selected_1m,validation28,US.QQQ,LONG,28,10,35.714285714285715,2,10.0,1.6134421360828166,-0.06524570979702773,24.728708463775757,2.747634273752862,0.10262307479095668,3.665109813962739,0.870799999999997,-0.5857400092407095,-0.12563551102196882,-0.12852284509573073,-0.12852284509573073,-0.06524570979702773,10.0,0.0
selected_1m,validation28,US.QQQ,SHORT,28,5,17.857142857142858,2,20.0,0.39809786587082996,-0.06924974733986627,5.748726618698428,1.437181654674607,0.024219775302272973,0.43249598754058877,0.3179599999999937,-0.20045181098802267,-0.08489975516130265,-0.08702022262370132,-0.08702022262370132,-0.06924974733986627,20.0,0.0
selected_1m,validation28,US.SPY,LONG,28,10,35.714285714285715,2,10.0,0.5465405892883665,-0.05048040734021604,10.826786432306697,1.2029762702562996,0.009221692322642203,0.32934615438007864,0.21495000000002165,-0.4534164738801638,-0.07343541224804964,-0.08259072325577148,-0.08259072325577148,-0.05048040734021604,10.0,0.0
selected_1m,validation28,US.SPY,SHORT,28,10,35.714285714285715,2,10.0,0.23549621838488316,-0.06475807695055151,3.636553608049622,0.40406151200551355,-0.03473264741700804,-1.2404516934645728,-0.11244000000000369,-0.5117810495522623,-0.09126081546189536,-0.1018859056381454,-0.1018859056381454,-0.0647580769505515,0.0,0.0
selected_1m,validation28,US.TSLA,LONG,28,3,10.714285714285714,2,66.66666666666667,1.927027435831443,-0.1410398905378477,13.662995826803552,27.325991653607105,1.2376716603750129,13.26076778973228,5.10833333333333,-0.14103989053786403,0.0549469529751276,-0.1410398905378477,-0.1410398905378477,0.8388943270270286,66.66666666666666,0.0
selected_1m,validation28,US.TSLA,SHORT,28,7,25.0,2,14.285714285714286,1.640332294287435,-0.15790735841835882,10.387940819968303,1.7313234699947173,0.09898402053961171,2.474600513490292,0.36307142857143454,-0.6672501813409282,-0.2599534604822194,-0.2849239791277146,-0.2849239791277146,-0.15790735841835882,14.285714285714285,0.0
selected_1m,validation28,ALL,LONG,280,50,17.857142857142858,2,14.0,1.8400115245185915,-0.1376869995575815,13.363727370274257,2.1754905021376696,0.13919079381308272,2.4855498895193344,0.9558212456800015,-1.5768527196855286,-0.38656598235486855,-0.4572422301369194,-0.5234831281584792,0.030028265926890993,14.000000000000002,0.0
selected_1m,validation28,ALL,SHORT,280,53,18.928571428571427,2,11.320754716981131,0.9707907806034705,-0.14330743085454561,6.774183130732453,0.8647893358381855,-0.017183105029109854,-0.3252516309081508,0.1455910248679182,-1.363815512573785,-0.3801269600569103,-0.49464102079501904,-0.6087414519270011,-0.07394228882712973,9.433962264150944,0.0
selected_1m,validation28,EXCLUDE_US.AAPL,BOTH_COUNTERFACTUAL,504,97,19.246031746031747,2,11.34020618556701,1.6197266125995382,-0.1422323357610791,11.387892942434299,1.4565909577532243,0.05757744188806308,1.10813727443296,0.5524488905463893,-1.5768527196855286,-0.38959677830454364,-0.4941249466086752,-0.6087414519270011,0.0010089291969337614,10.309278350515463,0.0
selected_1m,validation28,EXCLUDE_US.AMD,BOTH_COUNTERFACTUAL,504,96,19.047619047619047,2,13.541666666666666,1.4388327196346893,-0.12397471870463724,11.605855892785907,1.8177846579062265,0.08765545523714659,1.669627718802792,0.6960925687708311,-1.5768527196855286,-0.35472458803659024,-0.4200573519273785,-0.4901565907056163,0.03080809518452205,12.5,0.0
selected_1m,validation28,EXCLUDE_US.IWM,BOTH_COUNTERFACTUAL,504,87,17.261904761904763,2,13.793103448275861,1.5121925128651938,-0.1509043366418054,10.020868495347585,1.6033389592556138,0.07848833225571178,1.3548581163188342,0.653705593126434,-1.5768527196855286,-0.4010261746848041,-0.4941249466086752,-0.6087414519270011,0.015585235418726095,12.643678160919542,0.0
selected_1m,validation28,EXCLUDE_US.META,BOTH_COUNTERFACTUAL,504,98,19.444444444444443,2,13.26530612244898,1.4388327196346893,-0.1364075058799862,10.548046534188524,1.613230646405304,0.0725529321984912,1.4107514594151065,0.6245651694081622,-1.5768527196855286,-0.37808610185043984,-0.4830580006112994,-0.6087414519270011,0.01672198654861504,12.244897959183673,0.0
selected_1m,validation28,EXCLUDE_US.MSFT,BOTH_COUNTERFACTUAL,504,99,19.642857142857142,2,13.131313131313131,1.4388327196346893,-0.1417018127143424,10.153947166048196,1.534898990216588,0.06584312587694466,1.2933471154399843,0.5758843750202,-1.5768527196855286,-0.3873108990284916,-0.4941249466086752,-0.6087414519270011,0.010513416342663676,12.121212121212121,0.0
selected_1m,validation28,EXCLUDE_US.MU,BOTH_COUNTERFACTUAL,504,90,17.857142857142858,2,12.222222222222221,0.934761476595142,-0.11799436250978675,7.9220859091264675,1.103075253169508,0.010675795603037866,0.19063920719710475,0.12457875901110955,-1.3738800066625534,-0.3052653198975083,-0.44817890983217246,-0.6087414519270011,-0.012071963177500826,11.11111111111111,0.0
selected_1m,validation28,EXCLUDE_US.NVDA,BOTH_COUNTERFACTUAL,504,96,19.047619047619047,2,12.5,1.513063408817191,-0.1426610221006785,10.606004264776644,1.5151434663966634,0.06430453176405523,1.2248482240772427,0.5783007915104138,-1.5768527196855286,-0.39073971794256973,-0.4941249466086752,-0.6087414519270011,0.007211372516977109,11.458333333333332,0.0
selected_1m,validation28,EXCLUDE_US.QQQ,BOTH_COUNTERFACTUAL,504,88,17.46031746031746,2,12.5,1.5175713957543018,-0.15313999809879136,9.909699716564637,1.4156713880806624,0.05569892613284526,0.9725209324782506,0.5137453022954523,-1.5768527196855286,-0.39988323504677803,-0.4941249466086752,-0.6087414519270011,-0.006743093799380407,11.363636363636363,0.0
selected_1m,validation28,EXCLUDE_US.SPY,BOTH_COUNTERFACTUAL,504,83,16.46825396825397,2,13.25301204819277,1.6293444134161557,-0.16137283156281587,10.09677030288657,1.5425621296076704,0.07595114066331293,1.2507826736220184,0.6564130915903562,-1.5768527196855286,-0.4055979332369083,-0.4941249466086752,-0.6087414519270011,0.009948658717298728,13.253012048192772,0.0
selected_1m,validation28,EXCLUDE_US.TSLA,BOTH_COUNTERFACTUAL,504,93,18.452380952380953,2,10.75268817204301,1.3210438189300644,-0.13936754445893554,9.478848350659634,1.142029921766221,0.01766593547536552,0.32597857127162566,0.40474071615053453,-1.5768527196855286,-0.3941685368566478,-0.4941249466086752,-0.6087414519270011,-0.041795898489429176,9.67741935483871,0.0
selected_1m,development56,US.AAPL,LONG,56,8,14.285714285714286,2,12.5,0.8298239649149263,-0.08372049731590352,9.911837501200477,1.4159767858857824,0.030472560462950223,0.4353222923278603,0.17316315437498986,-0.30173180544283973,-0.15305147249968462,-0.15788575181915793,-0.15788575181915793,-0.0837204973159035,12.5,0.0
selected_1m,development56,US.AAPL,SHORT,56,3,5.357142857142857,2,33.333333333333336,0.058008651741116066,-0.06102503933779892,0.9505713125396626,0.4752856562698313,-0.021347142311493917,-0.1143596909544317,-0.013321843999998842,-0.12201301952561305,-0.06443236582894735,-0.06528419745173447,-0.06528419745173447,-0.06102503933779892,33.33333333333333,0.0
selected_1m,development56,US.AMD,LONG,56,6,10.714285714285714,2,0.0,,-0.2630326583035676,,0.0,-0.2630326583035676,-2.81820705325251,-1.2999166666666515,-1.5685303509844206,-0.4827400602703818,-0.5234831281584792,-0.5234831281584792,-0.30371564584783123,0.0,0.0
selected_1m,development56,US.AMD,SHORT,56,5,8.928571428571429,2,0.0,,-0.2789334418068065,,0.0,-0.2789334418068065,-2.4904771589893437,-1.231480000000022,-1.3877160538144362,-0.5474267928287221,-0.6087414519270011,-0.6087414519270011,-0.3300600400526498,0.0,0.0
selected_1m,development56,US.IWM,LONG,56,11,19.642857142857142,2,0.0,,-0.07662860351507103,,0.0,-0.07662860351507103,-1.505204711903181,-0.1665238350000002,-0.8398115950755458,-0.16481763155594673,-0.18895809176744996,-0.18895809176744996,-0.08195421848684013,0.0,0.0
selected_1m,development56,US.IWM,SHORT,56,15,26.785714285714285,2,6.666666666666667,0.5585152008686349,-0.09191782458790337,6.0762447694191515,0.43401748352993935,-0.048555622890800836,-1.3005970417178794,-0.08295683660000654,-0.7388411482535107,-0.2115801326669001,-0.307799362729974,-0.307799362729974,-0.09191782458790337,13.333333333333334,0.0
selected_1m,development56,US.META,LONG,56,3,5.357142857142857,2,0.0,,-0.2124222064624042,,0.0,-0.2124222064624042,-1.1379761060485938,-1.1653295333333442,-0.6363085906390675,-0.4085352221500244,-0.44035974973931846,-0.44035974973931846,-0.2812371117928481,0.0,0.0
selected_1m,development56,US.META,SHORT,56,6,10.714285714285714,2,0.0,,-0.14270110489506177,,0.0,-0.14270110489506177,-1.5289404095899477,-0.719125854500002,-0.853338193212827,-0.23786910315539336,-0.2456417216633088,-0.2456417216633088,-0.15992975770164775,0.0,0.0
selected_1m,development56,US.MSFT,LONG,56,3,5.357142857142857,2,0.0,,-0.21012177752335806,,0.0,-0.21012177752335806,-1.1256523795894182,-0.7412712240000209,-0.6291540605660173,-0.2917722552256397,-0.2974210120629538,-0.2974210120629538,-0.26917722787638354,0.0,0.0
selected_1m,development56,US.MSFT,SHORT,56,4,7.142857142857143,2,0.0,,-0.04607385640805017,,0.0,-0.04607385640805017,-0.32909897434321556,-0.10502728624999236,-0.1841800936344229,-0.07253206800309861,-0.07372289436903769,-0.07372289436903769,-0.05662567624523375,0.0,0.0
selected_1m,development56,US.MU,LONG,56,11,19.642857142857142,2,18.181818181818183,6.709071045758036,-0.23424355826083568,28.641432428580718,6.364762761906826,1.0281772788335046,20.196339405658126,9.06633990554546,-1.607457260523748,-0.3776147004597808,-0.4078838125129604,-0.4078838125129604,0.33799626358889573,18.181818181818183,0.0
selected_1m,development56,US.MU,SHORT,56,7,12.5,2,28.571428571428573,4.362120770691306,-0.34948211882469987,12.481670837297816,4.992668334919126,0.9966901353227305,12.458626691534132,9.640936619714255,-1.3638155125738072,-0.45861711941966327,-0.4901565907056163,-0.4901565907056163,0.19781397639073733,28.57142857142857,0.0
selected_1m,development56,US.NVDA,LONG,56,5,8.928571428571429,2,20.0,0.5480644494446684,-0.08331037333107404,6.578585925508573,1.6446464813771433,0.04296459122407445,0.3836124216435219,0.11291904880000062,-0.22810756681180822,-0.11649357150968911,-0.11807673877854323,-0.11807673877854323,-0.08331037333107404,20.0,0.0
selected_1m,development56,US.NVDA,SHORT,56,9,16.071428571428573,2,0.0,,-0.12742629909082423,,0.0,-0.12742629909082423,-2.0479226639596755,-0.21802552266666453,-1.1411900873865122,-0.2272316532612275,-0.2654843791956921,-0.2654843791956921,-0.13905074793458683,0.0,0.0
selected_1m,development56,US.QQQ,LONG,56,14,25.0,2,7.142857142857143,1.6134421360828166,-0.06775210466733345,23.813904291311776,1.8318387916393672,0.05233319824339155,1.3083299560847887,0.5110505713571375,-0.8772789788775603,-0.1243522514336302,-0.12852284509573073,-0.12852284509573073,-0.06775210466733345,7.142857142857142,0.0
selected_1m,development56,US.QQQ,SHORT,56,8,14.285714285714286,2,25.0,0.7466747700268602,-0.06585293390569039,11.33851942111177,3.779506473703923,0.13727899207744723,1.9611284582492463,1.1589066853750012,-0.20045181098800047,-0.0847840348823514,-0.08702022262370132,-0.08702022262370132,0.0004257517766696527,25.0,0.0
selected_1m,development56,US.SPY,LONG,56,16,28.571428571428573,2,6.25,0.5465405892883665,-0.04594307967293985,11.896037296130041,0.7930691530753361,-0.008912850362858203,-0.25465286751023436,0.08135522787501515,-0.4534164738801749,-0.0716322176619376,-0.08259072325577148,-0.08259072325577148,-0.045943079672939834,6.25,0.0
selected_1m,development56,US.SPY,SHORT,56,14,25.0,2,14.285714285714286,0.9243821104993182,-0.06175080283444711,14.969556152615075,2.494926025435846,0.07912532764180506,1.9781331910451265,0.7397093684999975,-0.6031955681424672,-0.0865385531613398,-0.1018859056381454,-0.1018859056381454,-0.038885647356037105,7.142857142857142,0.0
selected_1m,development56,US.TSLA,LONG,56,6,10.714285714285714,2,33.333333333333336,1.927027435831443,-0.05499140264905387,35.0423401295911,17.52117006479555,0.6056815435111118,6.489445109047628,2.540833333333334,-0.14103989053786403,-0.11428573756402256,-0.1410398905378477,-0.1410398905378477,0.31977258679913795,33.33333333333333,0.0
selected_1m,development56,US.TSLA,SHORT,56,11,19.642857142857142,2,9.090909090909092,1.640332294287435,-0.17866474829472911,9.181062912206434,0.9181062912206432,-0.013301380787259644,-0.26127712260688585,-0.039836363636358,-1.1132245639074334,-0.37046462107491196,-0.45600526302210925,-0.45600526302210925,-0.17866474829472911,9.090909090909092,0.0
selected_1m,development56,ALL,LONG,560,83,14.821428571428571,2,9.63855421686747,2.601258512863717,-0.11341478274257681,22.935797697271287,2.4464850877089375,0.14824047466525872,2.197135606645799,1.3256622485301224,-1.607457260523748,-0.3423531307722364,-0.41591662708468974,-0.5234831281584792,0.053341121535815605,9.63855421686747,0.0
selected_1m,development56,ALL,SHORT,560,82,14.642857142857142,2,10.975609756097562,1.5914679388146842,-0.13234371086682967,12.025263069856733,1.4825666798453507,0.05685512873236085,0.8325215278667125,0.8845942551585324,-1.3877160538144362,-0.37511000918359205,-0.46335798246674476,-0.6087414519270011,-0.013923784356309862,10.975609756097562,0.0
selected_1m,development56,EXCLUDE_US.AAPL,BOTH_COUNTERFACTUAL,1008,154,15.277777777777779,2,9.74025974025974,2.283029795705723,-0.12560507941787702,18.176253749343086,1.9614662319434988,0.10900221361364248,1.6653115968750936,1.1767620509610381,-1.607457260523748,-0.3662336122182534,-0.4610645753430603,-0.6087414519270011,0.020173726159912257,9.740259740259742,0.0
selected_1m,development56,EXCLUDE_US.AMD,BOTH_COUNTERFACTUAL,1008,154,15.277777777777779,2,11.03896103896104,2.0666635030730522,-0.11090756525632402,18.63410758586831,2.312261525253732,0.12947365657224352,1.9780697531870537,1.2761272438376612,-1.607457260523748,-0.3197100969980195,-0.4056834553916062,-0.4901565907056163,0.0409145302100738,11.03896103896104,0.0
selected_1m,development56,EXCLUDE_US.IWM,BOTH_COUNTERFACTUAL,1008,139,13.78968253968254,2,11.510791366906474,2.1609227719608284,-0.13038565378923087,16.573316995855787,2.1558786336072564,0.1333620786712076,1.8390207277081208,1.3355597862230209,-1.607457260523748,-0.37767793020914575,-0.47309357368827487,-0.6087414519270011,0.03516346288396767,10.79136690647482,0.0
selected_1m,development56,EXCLUDE_US.META,BOTH_COUNTERFACTUAL,1008,156,15.476190476190476,2,10.897435897435898,2.0666635030730522,-0.11995486582887947,17.2286758756517,2.10710424378474,0.11833046924376696,1.8313048811535364,1.2203682004999992,-1.607457260523748,-0.35063690545647325,-0.4510834637014067,-0.6087414519270011,0.03077674468722963,10.897435897435898,0.0
selected_1m,development56,EXCLUDE_US.MSFT,BOTH_COUNTERFACTUAL,1008,158,15.674603174603174,2,10.759493670886076,2.0666635030730522,-0.12306765135297557,16.79290601837819,2.024676612144888,0.11253633361691354,1.763962372169875,1.1722191035949356,-1.607457260523748,-0.3629634661541598,-0.4610645753430603,-0.6087414519270011,0.02603080891844907,10.759493670886076,0.0
selected_1m,development56,EXCLUDE_US.MU,BOTH_COUNTERFACTUAL,1008,147,14.583333333333334,2,8.843537414965986,0.9992996861033236,-0.10680296254105079,9.356479093164038,0.9077181209786006,-0.008984360960255785,-0.13102193067039686,0.10442449151020379,-1.5685303509844206,-0.293671902182382,-0.4120611225851914,-0.6087414519270011,-0.03568797195048611,8.843537414965986,0.0
selected_1m,development56,EXCLUDE_US.NVDA,BOTH_COUNTERFACTUAL,1008,151,14.98015873015873,2,10.596026490066226,2.1615759439248268,-0.12360830676911194,17.487303243805744,2.0725692733399397,0.11853042178123913,1.7756045326356256,1.2183068212648993,-1.607457260523748,-0.3686862217663236,-0.4610645753430603,-0.6087414519270011,0.028041336703173315,10.596026490066226,0.0
selected_1m,development56,EXCLUDE_US.QQQ,BOTH_COUNTERFACTUAL,1008,143,14.186507936507937,2,9.79020979020979,2.287606276864668,-0.1309403460066849,17.47059899129852,1.8960339990556532,0.10584044224645456,1.5015062739328375,1.1618233151678312,-1.607457260523748,-0.3752265138945107,-0.4610645753430603,-0.6087414519270011,0.010037224971976759,9.79020979020979,0.0
selected_1m,development56,EXCLUDE_US.SPY,BOTH_COUNTERFACTUAL,1008,135,13.392857142857142,2,10.37037037037037,2.338426767282492,-0.13832267578400306,16.905592333494532,1.9560189476770533,0.11852541460807793,1.5873939456439008,1.2659931907111082,-1.607457260523748,-0.37931061677432215,-0.47309357368827487,-0.6087414519270011,0.017150349262377736,11.11111111111111,0.0
selected_1m,development56,EXCLUDE_US.TSLA,BOTH_COUNTERFACTUAL,1008,148,14.682539682539682,2,9.45945945945946,2.117063741877969,-0.12060139183155466,17.554223128990888,1.8340233119841225,0.09106963433015705,1.337133519926909,1.1335128077770253,-1.607457260523748,-0.3559030127362687,-0.44912777454105773,-0.6087414519270011,-0.0016549906803495712,9.45945945945946,0.0
selected_1m,stress27,US.AAPL,LONG,27,1,3.7037037037037037,2,0.0,,-0.013438320209979723,,0.0,-0.013438320209979723,-0.049771556333258235,0.01999999999998181,-0.013438320209979704,-0.013438320209979723,-0.013438320209979723,-0.013438320209979723,,0.0,0.0
selected_1m,stress27,US.AAPL,SHORT,27,3,11.11111111111111,2,0.0,,-0.058360633974248684,,0.0,-0.058360633974248684,-0.6484514886027631,-0.11663333333334928,-0.17498858265853068,-0.08001677461248732,-0.08122786695350066,-0.08122786695350066,-0.07517240524843394,0.0,0.0
selected_1m,stress27,US.AMD,LONG,27,6,22.22222222222222,2,0.0,,-0.1451406243172522,,0.0,-0.1451406243172522,-3.225347207050049,-0.6283333333333303,-0.8677337183857325,-0.202360258392181,-0.2103873800365268,-0.2103873800365268,-0.1524998867097492,0.0,0.0
selected_1m,stress27,US.AMD,SHORT,27,4,14.814814814814815,2,0.0,,-0.12617901298788123,,0.0,-0.12617901298788123,-1.869318710931574,-0.5012500000000131,-0.5039690142843112,-0.2604741349818157,-0.2856913892325098,-0.2856913892325098,-0.1674397111754239,0.0,0.0
selected_1m,stress27,US.IWM,LONG,27,4,14.814814814814815,2,25.0,0.2759747434885669,-0.040766497443841726,6.769645684394115,2.256548561464705,0.038418812789260424,0.5691675968779323,0.17877500000000168,-0.0681444463374592,-0.052497813132724815,-0.054144259496379944,-0.054144259496379944,-0.04076649744384172,25.0,0.0
selected_1m,stress27,US.IWM,SHORT,27,4,14.814814814814815,2,25.0,0.45993311036789375,-0.06879739803738814,6.685327112486751,2.228442370828917,0.06338522906393233,0.9390404305767753,0.24875000000000114,-0.15395837939996548,-0.0846198179631733,-0.08788191857480557,-0.08788191857480557,-0.06879739803738814,25.0,0.0
selected_1m,stress27,US.META,LONG,27,2,7.407407407407407,2,0.0,,-0.08825509094808662,,0.0,-0.08825509094808662,-0.6537414144302713,-0.3774999999999977,-0.17645388632711034,-0.1300775416151324,-0.1347244805781375,-0.1347244805781375,-0.1347244805781375,0.0,0.0
selected_1m,stress27,US.META,SHORT,27,1,3.7037037037037037,2,0.0,,-0.11847562530365036,,0.0,-0.11847562530365036,-0.43879861223574207,-0.5348999999999933,-0.11847562530364897,-0.11847562530365036,-0.11847562530365036,-0.11847562530365036,,0.0,0.0
selected_1m,stress27,US.MSFT,LONG,27,6,22.22222222222222,2,0.0,,-0.10826228885464255,,0.0,-0.10826228885464255,-2.405828641214279,-0.4336374255000048,-0.6479007210691945,-0.1890213862422248,-0.2140705261131913,-0.2140705261131913,-0.12042390457828799,16.666666666666664,0.0
selected_1m,stress27,US.MSFT,SHORT,27,1,3.7037037037037037,2,0.0,,-0.08633668411480422,,0.0,-0.08633668411480422,-0.31976549672149707,-0.3243893370000137,-0.08633668411480722,-0.08633668411480422,-0.08633668411480422,-0.08633668411480422,,0.0,0.0
selected_1m,stress27,US.MU,LONG,27,6,22.22222222222222,2,0.0,,-0.15250793269969062,,0.0,-0.15250793269969062,-3.3890651711042357,-1.242683333333351,-0.9116552488847907,-0.23663769221109668,-0.2606280220717912,-0.2606280220717912,-0.16609320371009234,0.0,0.0
selected_1m,stress27,US.MU,SHORT,27,3,11.11111111111111,2,0.0,,-0.11103298714846724,,0.0,-0.11103298714846724,-1.2336998572051914,-0.8083333333333181,-0.33277888591446425,-0.15693062048042122,-0.15827530848283278,-0.15827530848283278,-0.151551868470775,0.0,0.0
selected_1m,stress27,US.NVDA,LONG,27,6,22.22222222222222,2,16.666666666666668,1.8832477854246663,-0.09390864524877676,20.054040609740316,4.010808121948063,0.23561742653013037,5.235942811780676,0.5581587706666653,-0.3166335835738998,-0.14297156288850799,-0.15254377146493564,-0.15254377146493564,-0.09390864524877676,0.0,0.0
selected_1m,stress27,US.NVDA,SHORT,27,5,18.51851851851852,2,20.0,3.7441793694208836,-0.058149837228357544,64.38847549507817,16.097118873769542,0.7023160041014908,13.005851927805384,1.6307662703999994,-0.15100809776954494,-0.10982783486799957,-0.12648148118949834,-0.12648148118949834,-0.05814983722835754,20.0,0.0
selected_1m,stress27,US.QQQ,LONG,27,5,18.51851851851852,2,0.0,,-0.0606089219464438,,0.0,-0.0606089219464438,-1.122387443452663,-0.2929999999999836,-0.30270006866369714,-0.10317956814995698,-0.11495084897228973,-0.11495084897228973,-0.07023921723652922,0.0,0.0
selected_1m,stress27,US.QQQ,SHORT,27,9,33.333333333333336,2,0.0,,-0.05976601035885622,,0.0,-0.05976601035885622,-1.992200345295207,-0.2846444444444387,-0.5366254152162298,-0.08820802636393771,-0.08960879855213699,-0.08960879855213699,-0.062173535406276854,0.0,0.0
selected_1m,stress27,US.SPY,LONG,27,3,11.11111111111111,2,33.333333333333336,0.12293072366726931,-0.03457388360922648,3.555594883603521,1.7777974418017606,0.017927652149605452,0.19919613499561614,0.294999999999997,-0.03744805971113152,-0.036873224490754496,-0.0374480597111365,-0.0374480597111365,-0.03457388360922648,33.33333333333333,0.0
selected_1m,stress27,US.SPY,SHORT,27,12,44.44444444444444,2,16.666666666666668,0.2282917732969127,-0.04412926353396983,5.173251375953243,1.0346502751906486,0.0012742426045105908,0.05663300464491515,0.16516666666666424,-0.34696159499378876,-0.07068740643572877,-0.08138575066936946,-0.08138575066936946,-0.021435996315611754,16.666666666666664,0.0
selected_1m,stress27,US.TSLA,LONG,27,7,25.925925925925927,2,14.285714285714286,2.1599657292441803,-0.1131960798894292,19.081630135549315,3.1802716892582192,0.21154132141537216,5.484404629287426,0.7600428571428536,-0.430867428727022,-0.17947837989839566,-0.18100702576112745,-0.18100702576112745,-0.1131960798894292,14.285714285714285,0.0
selected_1m,stress27,US.TSLA,SHORT,27,1,3.7037037037037037,2,100.0,0.13908047519763136,,,,0.13908047519763136,0.5151128711023384,0.5215000000000032,0.0,0.13908047519763136,0.13908047519763136,0.13908047519763136,,100.0,0.0
selected_1m,stress27,ALL,LONG,270,46,17.037037037037038,2,8.695652173913043,1.1105297454561707,-0.10163393219519812,10.926761579226193,1.0406439599263042,0.0037716049918774283,0.06425697393568952,-0.12518634628261052,-0.9116552488847907,-0.20304229146767697,-0.22836197607383643,-0.2606280220717912,-0.0441438199915071,8.695652173913043,0.0
selected_1m,stress27,ALL,SHORT,270,43,15.925925925925926,2,11.627906976744185,0.9599553003160467,-0.06936546042981911,13.839096495110656,1.8209337493566655,0.05032300012202577,0.8014403723137439,0.08026376779069688,-0.5366254152162298,-0.14299373373179533,-0.19626504205801995,-0.2856913892325098,-0.03762596105175658,11.627906976744185,0.0
selected_1m,stress27,EXCLUDE_US.AAPL,BOTH_COUNTERFACTUAL,486,85,17.48971193415638,2,10.588235294117647,1.0268772759338798,-0.08836832139998317,11.62042301659105,1.37610272564894,0.029716506553014062,0.5197331393016863,-0.023262704870588843,-0.9116552488847907,-0.18046139930073066,-0.2303568686430293,-0.2856913892325098,-0.014503289433508182,10.588235294117647,0.0
selected_1m,stress27,EXCLUDE_US.AMD,BOTH_COUNTERFACTUAL,486,79,16.255144032921812,2,11.39240506329114,1.0268772759338798,-0.07898504072394871,13.00090835583408,1.6715453600358101,0.04699927383200641,0.7639799655819973,0.04389582387341666,-0.9116552488847907,-0.1657911863213139,-0.20790427837453287,-0.2606280220717912,-0.0004004709832355893,11.39240506329114,0.0
selected_1m,stress27,EXCLUDE_US.IWM,BOTH_COUNTERFACTUAL,486,81,16.666666666666668,2,8.641975308641975,1.2151410899354937,-0.08886244543361833,13.674405245163138,1.293524820488405,0.02382921811679875,0.39715363527997916,-0.04959666560493987,-0.9116552488847907,-0.18100702576112745,-0.2303568686430293,-0.2856913892325098,-0.02267515877450231,8.641975308641975,0.0
selected_1m,stress27,EXCLUDE_US.META,BOTH_COUNTERFACTUAL,486,86,17.695473251028808,2,10.465116279069768,1.0268772759338798,-0.08583801092638471,11.962966812156646,1.3982688481741532,0.030608937698526663,0.5416396382866858,-0.011829417604652663,-0.9116552488847907,-0.18032499268563146,-0.2303568686430293,-0.2856913892325098,-0.013080126204089292,10.465116279069768,0.0
selected_1m,stress27,EXCLUDE_US.MSFT,BOTH_COUNTERFACTUAL,486,82,16.872427983539094,2,10.975609756097562,1.0268772759338798,-0.08450140042861352,12.152192398295007,1.4982155011596583,0.037479186001416205,0.6323648666905616,0.0075485850731698105,-0.9116552488847907,-0.17816052576378744,-0.22319854211221976,-0.2856913892325098,-0.008282544658083384,9.75609756097561,0.0
selected_1m,stress27,EXCLUDE_US.MU,BOTH_COUNTERFACTUAL,486,80,16.46090534979424,2,11.25,1.0268772759338798,-0.07966712804067468,12.88959827207025,1.6338927387131303,0.04481911740646268,0.7377632494890977,0.09467337607499929,-0.8677337183857325,-0.17841530007424272,-0.22278908028583885,-0.2856913892325098,-0.002008227555745175,11.25,0.0
selected_1m,stress27,EXCLUDE_US.NVDA,BOTH_COUNTERFACTUAL,486,78,16.049382716049383,2,8.974358974358974,0.5163526183656237,-0.08735732497710047,5.910810782049228,0.5827559925964028,-0.033178227497625216,-0.5324900709495404,-0.1770514601282065,-0.9116552488847907,-0.18541407890243736,-0.24269432936350477,-0.2856913892325098,-0.06166061654622009,10.256410256410255,0.0
selected_1m,stress27,EXCLUDE_US.QQQ,BOTH_COUNTERFACTUAL,486,75,15.432098765432098,2,12.0,1.0268772759338798,-0.09187233250862913,11.177220038877648,1.524166368937861,0.042377620504471934,0.6539756250690113,0.022927601146663316,-0.9116552488847907,-0.18982113204374726,-0.24269432936350477,-0.2856913892325098,-0.007646727453857953,12.0,0.0
selected_1m,stress27,EXCLUDE_US.SPY,BOTH_COUNTERFACTUAL,486,74,15.22633744855967,2,8.108108108108109,1.443730202190637,-0.09403047420548966,15.353854315735756,1.354751851388449,0.030652823880682786,0.4667302401585445,-0.06992202586486594,-0.9116552488847907,-0.1912901497575172,-0.24269432936350477,-0.2856913892325098,-0.020217402770552832,8.108108108108109,0.0
selected_1m,stress27,EXCLUDE_US.TSLA,BOTH_COUNTERFACTUAL,486,81,16.666666666666668,2,8.641975308641975,0.9918356112804436,-0.08412616444857936,11.789858931304133,1.115256925934175,0.00885818654034856,0.14763644233914267,-0.10060530758024809,-0.9116552488847907,-0.17827889345914352,-0.22981124218263255,-0.2856913892325098,-0.037833328245658125,8.641975308641975,0.0
selected_1m,all83,US.AAPL,LONG,83,9,10.843373493975903,2,11.11111111111111,0.8298239649149263,-0.07493522517766303,11.07388365014593,1.3842354562682413,0.025593573721513562,0.2775206789079784,0.15614502611110007,-0.315129577966633,-0.1523608611683313,-0.15788575181915793,-0.15788575181915793,-0.07493522517766303,11.11111111111111,0.0
selected_1m,all83,US.AAPL,SHORT,83,6,7.228915662650603,2,16.666666666666668,0.058008651741116066,-0.05942639611966878,0.9761428511381076,0.19522857022762155,-0.0398538881428713,-0.28810039621352745,-0.06497758866667407,-0.2967880933306133,-0.07820013610096731,-0.08122786695350066,-0.08122786695350066,-0.05942639611966878,16.666666666666664,0.0
selected_1m,all83,US.AMD,LONG,83,12,14.457831325301205,2,0.0,,-0.20408664131040988,,0.0,-0.20408664131040988,-2.9506502358131548,-0.9641249999999909,-2.4226534026315694,-0.4338483788046649,-0.5234831281584792,-0.5234831281584792,-0.21722017955842446,0.0,0.0
selected_1m,all83,US.AMD,SHORT,83,9,10.843373493975903,2,0.0,,-0.21104258455395086,,0.0,-0.21104258455395086,-2.2884135674524795,-0.9069333333333512,-1.8846914091812605,-0.48611213373044304,-0.6087414519270011,-0.6087414519270011,-0.23712329282003802,0.0,0.0
selected_1m,all83,US.IWM,LONG,83,15,18.072289156626507,2,6.666666666666667,0.2759747434885669,-0.06894386649980762,4.002890431005011,0.28592074507178655,-0.045949292500582634,-0.8304089006129393,-0.07444414566666638,-0.9073837564512521,-0.15516144747134544,-0.18895809176744996,-0.18895809176744996,-0.06894386649980759,6.666666666666667,0.0
selected_1m,all83,US.IWM,SHORT,83,19,22.89156626506024,2,10.526315789473685,0.5092241556182644,-0.08783774931428305,5.797326998854021,0.6820384704534143,-0.02498912774243595,-0.5720402736220278,-0.01312381836842597,-0.8809947921992634,-0.18408892407745042,-0.307799362729974,-0.307799362729974,-0.05740603488749545,15.789473684210526,0.0
selected_1m,all83,US.META,LONG,83,5,6.024096385542169,2,0.0,,-0.16275536025667717,,0.0,-0.16275536025667717,-0.9804539774498626,-0.8501977200000056,-0.8116396857289709,-0.37923269590708225,-0.44035974973931846,-0.44035974973931846,-0.19299777499133752,0.0,0.0
selected_1m,all83,US.META,SHORT,83,7,8.433734939759036,2,0.0,,-0.13924032209628873,,0.0,-0.13924032209628873,-1.1743159694867724,-0.6928078752857151,-0.9708028207561115,-0.23631457945381024,-0.2456417216633088,-0.2456417216633088,-0.15302073563531485,0.0,0.0
selected_1m,all83,US.MSFT,LONG,83,9,10.843373493975903,2,0.0,,-0.1422154517442144,,0.0,-0.1422154517442144,-1.5420952598770234,-0.5361820250000101,-1.2729784879401462,-0.27482598471369757,-0.2974210120629538,-0.2974210120629538,-0.15406060693268928,11.11111111111111,0.0
selected_1m,all83,US.MSFT,SHORT,83,5,6.024096385542169,2,0.0,,-0.05412642194940098,,0.0,-0.05412642194940098,-0.3260627828277168,-0.14889969639999662,-0.2703577627635845,-0.0838139261656509,-0.08633668411480422,-0.08633668411480422,-0.06405342821262637,0.0,0.0
selected_1m,all83,US.MU,LONG,83,17,20.481927710843372,2,11.764705882352942,6.709071045758036,-0.20154930803637766,33.287492331886924,4.4383323109182555,0.6114648512335534,12.52397888068724,5.427861115352939,-1.607457260523748,-0.35945323322787304,-0.4078838125129604,-0.4078838125129604,0.1540571899806758,11.76470588235294,0.0
selected_1m,all83,US.MU,SHORT,83,10,12.048192771084338,2,20.0,4.362120770691306,-0.26006369444611266,16.773278484648976,4.193319621162244,0.6643731985813711,8.004496368450253,6.506155633799983,-1.3638155125738072,-0.44284738377668675,-0.4901565907056163,-0.4901565907056163,0.09486498854433581,20.0,0.0
selected_1m,all83,US.NVDA,LONG,83,11,13.25301204819277,2,18.181818181818183,1.2156561174346674,-0.08919830217424222,13.62869121723835,3.028598048275189,0.14804795593646863,1.9620813437363311,0.35577707890909044,-0.42128801128528126,-0.13531025512173944,-0.15254377146493564,-0.15254377146493564,-0.025472027012351163,9.090909090909092,0.0
selected_1m,all83,US.NVDA,SHORT,83,14,16.867469879518072,2,7.142857142857143,3.7441793694208836,-0.1061104646716037,35.28567498981904,2.7142826915245415,0.16891023776357394,2.8490883478193196,0.4422572605714298,-1.2904748957131562,-0.2033236995521871,-0.2654843791956921,-0.2654843791956921,-0.1061104646716037,7.142857142857142,0.0
selected_1m,all83,US.QQQ,LONG,83,19,22.89156626506024,2,5.2631578947368425,1.6134421360828166,-0.0657678872448641,24.53236987947811,1.3629094377487838,0.022611587667119085,0.5176146574400754,0.29945831573684245,-0.8772789788775603,-0.12274817694820693,-0.12852284509573073,-0.12852284509573073,-0.06576788724486411,5.263157894736842,0.0
selected_1m,all83,US.QQQ,SHORT,83,17,20.481927710843372,2,11.764705882352942,0.7466747700268602,-0.06220077977758988,12.004267031647041,1.6005689375529388,0.032961049611168955,0.6751058354094845,0.3946737342941212,-0.7360015508412032,-0.08753793780938846,-0.08960879855213699,-0.08960879855213699,-0.033432114424563654,11.76470588235294,0.0
selected_1m,all83,US.SPY,LONG,83,19,22.89156626506024,2,10.526315789473685,0.3347356564778179,-0.04460552719485592,7.504353776955715,0.882865150230084,-0.00467487628194289,-0.10701524018905412,0.1150886129473807,-0.4906947379194282,-0.06944051654317081,-0.08259072325577148,-0.08259072325577148,-0.03529795770251563,10.526315789473683,0.0
selected_1m,all83,US.SPY,SHORT,83,26,31.325301204819276,2,15.384615384615385,0.5763369418981155,-0.05374101224332108,10.72434101703662,1.949880184915749,0.04319405762459223,1.3530668653486724,0.47453581380768983,-0.6031955681424672,-0.08060796153586898,-0.09163582815375743,-0.1018859056381454,-0.019608900174974207,11.538461538461538,0.0
selected_1m,all83,US.TSLA,LONG,83,13,15.662650602409638,2,23.076923076923077,2.0046735336356885,-0.08991420899327907,22.295403096806805,6.688620929042043,0.39345219315186736,6.162504230089489,1.5819461538461523,-0.4308674287270553,-0.17794973403566386,-0.18100702576112745,-0.18100702576112745,0.2462427318108413,23.076923076923077,0.0
selected_1m,all83,US.TSLA,SHORT,83,12,14.457831325301205,2,16.666666666666668,0.8897063847425332,-0.17866474829472911,4.979753382994472,0.9959506765988945,-0.0006028927885187258,-0.00871652224364423,0.006941666666672101,-1.1132245639074334,-0.3619105568801922,-0.45600526302210925,-0.45600526302210925,-0.1497788188863327,16.666666666666664,0.0
selected_1m,all83,ALL,LONG,830,129,15.542168674698795,2,9.30232558139535,2.1043489237278683,-0.10918575946915886,19.27310790307112,1.976729015699602,0.09672444361893669,1.5033076176919076,0.8083053852635664,-2.4226534026315694,-0.27866789659207897,-0.3794426293888372,-0.5234831281584792,-0.007406998934434941,9.30232558139535,0.0
selected_1m,all83,ALL,SHORT,830,125,15.060240963855422,2,11.2,1.3659277107794565,-0.1107835890956008,12.329693611936761,1.5550964915956276,0.0546080764904056,0.8224107905181567,0.607904567503997,-1.8846914091812605,-0.3066731214711003,-0.4237741867329921,-0.6087414519270011,-0.02201721054499899,11.200000000000001,0.0
selected_1m,all83,EXCLUDE_US.AAPL,BOTH_COUNTERFACTUAL,1494,239,15.997322623828648,2,10.0418410041841,1.811972600791282,-0.11244231844410991,16.114685519330813,1.7988486161113466,0.08080436800630601,1.292653544411455,0.7499750039079491,-2.4226534026315694,-0.30273127706504266,-0.4205002035461995,-0.6087414519270011,0.00044133378422191996,10.0418410041841,0.0
selected_1m,all83,EXCLUDE_US.AMD,BOTH_COUNTERFACTUAL,1494,233,15.595716198125837,2,11.158798283261802,1.706737501371031,-0.10011250865117292,17.04819432023128,2.141319093362383,0.10151023924830048,1.5831248825203488,0.8583320413605139,-1.607457260523748,-0.27751871841999154,-0.36789218794074585,-0.4901565907056163,0.01932085462792716,11.158798283261802,0.0
selected_1m,all83,EXCLUDE_US.IWM,BOTH_COUNTERFACTUAL,1494,220,14.725568942436412,2,10.454545454545455,1.873076173083553,-0.11478810344245256,16.317685517145893,1.9051104918495205,0.09303407092162982,1.3699796253519787,0.8255703653227263,-2.4226534026315694,-0.30415125021718786,-0.4307457345294927,-0.6087414519270011,0.005803716231925318,10.0,0.0
selected_1m,all83,EXCLUDE_US.META,BOTH_COUNTERFACTUAL,1494,242,16.198125836680052,2,10.743801652892563,1.706737501371031,-0.10779283884974941,15.833496172691241,1.9058837985646866,0.08715670183512783,1.411775223835404,0.7824797907603295,-2.4226534026315694,-0.2968345309214316,-0.4004024508702797,-0.6087414519270011,0.007882145036276888,10.743801652892563,0.0
selected_1m,all83,EXCLUDE_US.MSFT,BOTH_COUNTERFACTUAL,1494,240,16.06425702811245,2,10.833333333333334,1.706737501371031,-0.10991187416849692,15.528235818766689,1.8866080901305322,0.08689180818161862,1.3958523402669656,0.7742900097666657,-2.4226534026315694,-0.3024497167503242,-0.4205002035461995,-0.6087414519270011,0.006944914696867951,10.416666666666668,0.0
selected_1m,all83,EXCLUDE_US.MU,BOTH_COUNTERFACTUAL,1494,227,15.194109772423026,2,9.691629955947137,1.010581427397642,-0.09740469790921322,10.375078913950967,1.1134231029605917,0.009977217318763937,0.1515949351646194,0.10098797505726828,-2.4226534026315694,-0.2595315819359771,-0.36755142353037157,-0.6087414519270011,-0.025332781671324234,9.691629955947137,0.0
selected_1m,all83,EXCLUDE_US.NVDA,BOTH_COUNTERFACTUAL,1494,229,15.32797858099063,2,10.043668122270743,1.66085580136333,-0.11111403634565167,14.947308692816883,1.6688742715280984,0.0668567333805779,1.0247785772524993,0.7430319481266362,-2.4226534026315694,-0.3055468802122267,-0.4205002035461995,-0.6087414519270011,-0.017247332903886813,10.480349344978166,0.0
selected_1m,all83,EXCLUDE_US.QQQ,BOTH_COUNTERFACTUAL,1494,218,14.591700133868809,2,10.55045871559633,1.7942775373700122,-0.11771732605349679,15.242255303646639,1.7978044717121675,0.08400690265632293,1.2258035327361712,0.7700013952064203,-2.4226534026315694,-0.3129039631305649,-0.4307457345294927,-0.6087414519270011,-0.004160857680708681,10.550458715596331,0.0
selected_1m,all83,EXCLUDE_US.SPY,BOTH_COUNTERFACTUAL,1494,209,13.989290495314592,2,9.569377990430622,2.070017797754936,-0.1223868572266543,16.913726233866495,1.7898122998800523,0.08741263128833036,1.2228406920522787,0.7929897168995192,-2.4226534026315694,-0.3282177643323378,-0.4307457345294927,-0.6087414519270011,-0.004557520588202485,10.047846889952153,0.0
selected_1m,all83,EXCLUDE_US.TSLA,BOTH_COUNTERFACTUAL,1494,229,15.32797858099063,2,9.170305676855895,1.741987698345461,-0.10762462824338073,16.185772037290164,1.6341404460725644,0.061990475941622186,0.9501886874585997,0.696990679637553,-2.4226534026315694,-0.300269298686545,-0.4076804446639909,-0.6087414519270011,-0.022178186680527793,9.170305676855897,0.0
selected_5m,fit28,US.AAPL,LONG,28,1,3.5714285714285716,2,0.0,,-0.08557608923768166,,0.0,-0.08557608923768166,-0.30562889013457734,-0.20382421099998282,-0.08557608923768223,-0.08557608923768166,-0.08557608923768166,-0.08557608923768166,,0.0,0.0
selected_5m,fit28,US.AAPL,SHORT,28,0,0.0,2,,,,,,,0.0,,0.0,,,,,,0.0
selected_5m,fit28,US.AMD,LONG,28,1,3.5714285714285716,2,100.0,2.303787875712863,,,,2.303787875712863,8.227813841831653,11.449999999999989,0.0,2.303787875712863,2.303787875712863,2.303787875712863,,100.0,0.0
selected_5m,fit28,US.AMD,SHORT,28,1,3.5714285714285716,2,100.0,4.401424665302899,,,,4.401424665302899,15.719373804653214,21.82990000000001,0.0,4.401424665302899,4.401424665302899,4.401424665302899,,0.0,0.0
selected_5m,fit28,US.IWM,LONG,28,6,21.428571428571427,2,0.0,,-0.08439276201079633,,0.0,-0.08439276201079633,-1.8084163288027786,-0.18631073750000837,-0.5053340732185108,-0.13637703611159172,-0.1495382138820031,-0.1495382138820031,-0.09381970595303074,0.0,0.0
selected_5m,fit28,US.IWM,SHORT,28,1,3.5714285714285716,2,0.0,,-0.13856604806065229,,0.0,-0.13856604806065229,-0.4948787430737581,-0.3391932259999635,-0.13856604806065098,-0.13856604806065229,-0.13856604806065229,-0.13856604806065229,,0.0,0.0
selected_5m,fit28,US.META,LONG,28,1,3.5714285714285716,2,0.0,,-0.11123790267522779,,0.0,-0.11123790267522779,-0.39727822384009925,-0.5594814620000079,-0.11123790267523193,-0.11123790267522779,-0.11123790267522779,-0.11123790267522779,,0.0,0.0
selected_5m,fit28,US.META,SHORT,28,2,7.142857142857143,2,0.0,,-0.04640170353055018,,0.0,-0.04640170353055018,-0.3314407395039299,-0.16239948549997507,-0.09278227468064726,-0.052085261981587305,-0.05271676847614698,-0.05271676847614698,-0.05271676847614698,0.0,0.0
selected_5m,fit28,US.MSFT,LONG,28,2,7.142857142857143,2,0.0,,-0.06902770641020689,,0.0,-0.06902770641020689,-0.4930550457871921,-0.19508275700002287,-0.13802717958439903,-0.10868392315843312,-0.11309016946379159,-0.11309016946379159,-0.11309016946379159,0.0,0.0
selected_5m,fit28,US.MSFT,SHORT,28,0,0.0,2,,,,,,,0.0,,0.0,,,,,,0.0
selected_5m,fit28,US.MU,LONG,28,4,14.285714285714286,2,25.0,7.740370071305053,-0.2024490809601528,38.23366366789562,12.744554555965205,1.7832557071061486,25.475081530087834,16.458443993499998,-0.3716675957956106,-0.30447687262323714,-0.31664840139033795,-0.31664840139033795,-0.20244908096015285,25.0,0.0
selected_5m,fit28,US.MU,SHORT,28,0,0.0,2,,,,,,,0.0,,0.0,,,,,,0.0
selected_5m,fit28,US.NVDA,LONG,28,0,0.0,2,,,,,,,0.0,,0.0,,,,,,0.0
selected_5m,fit28,US.NVDA,SHORT,28,1,3.5714285714285716,2,0.0,,-0.28459416563418327,,0.0,-0.28459416563418327,-1.0164077344077973,-0.5726909560000024,-0.2845941656341777,-0.28459416563418327,-0.28459416563418327,-0.28459416563418327,,0.0,0.0
selected_5m,fit28,US.QQQ,LONG,28,3,10.714285714285714,2,0.0,,-0.07839586067979318,,0.0,-0.07839586067979318,-0.8399556501406412,-0.41570955266668835,-0.23500985005081576,-0.10367044696245824,-0.10759489437587055,-0.10759489437587055,-0.08797265730880897,0.0,0.0
selected_5m,fit28,US.QQQ,SHORT,28,1,3.5714285714285716,2,0.0,,-0.06165826785062874,,0.0,-0.06165826785062874,-0.2202080994665312,-0.3096594990000767,-0.061658267850628334,-0.06165826785062874,-0.06165826785062874,-0.06165826785062874,,0.0,0.0
selected_5m,fit28,US.SPY,LONG,28,0,0.0,2,,,,,,,0.0,,0.0,,,,,,0.0
selected_5m,fit28,US.SPY,SHORT,28,1,3.5714285714285716,2,0.0,,-0.13999520016529343,,0.0,-0.13999520016529343,-0.49998285773319084,-0.8976879069999768,-0.1399952001652882,-0.13999520016529343,-0.13999520016529343,-0.13999520016529343,,0.0,0.0
selected_5m,fit28,US.TSLA,LONG,28,1,3.5714285714285716,2,100.0,0.4231995461636648,,,,0.4231995461636648,1.5114269505845173,1.875,0.0,0.4231995461636648,0.4231995461636648,0.4231995461636648,,0.0,0.0
selected_5m,fit28,US.TSLA,SHORT,28,0,0.0,2,,,,,,,0.0,,0.0,,,,,,0.0
selected_5m,fit28,ALL,LONG,280,19,6.785714285714286,2,15.789473684210526,3.4891191643938604,-0.1052350501073712,33.1554853714035,6.216653507138156,0.4622945627086127,3.136998818379872,3.9810690370526225,-0.5053340732185108,-0.24361922878773312,-0.31664840139033795,-0.31664840139033795,0.0579570344532549,10.526315789473683,0.0
selected_5m,fit28,ALL,SHORT,280,7,2.5,2,14.285714285714286,4.401424665302899,-0.11960284812864302,36.80033322090117,6.133388870150196,0.5262582252187201,1.3156455630468005,2.769409920142863,-0.2845941656341777,-0.2412144759935163,-0.28459416563418327,-0.28459416563418327,-0.11960284812864302,0.0,0.0
selected_5m,fit28,EXCLUDE_US.AAPL,BOTH_COUNTERFACTUAL,504,25,4.9603174603174605,2,16.0,3.71719553962112,-0.11027627625010074,33.70802557016631,6.420576299079298,0.5021192142892945,2.4906707058000723,3.809200214239994,-0.5053340732185108,-0.2747763077626131,-0.3006212835122606,-0.31664840139033795,0.20052542858030464,8.0,0.0
selected_5m,fit28,EXCLUDE_US.AMD,BOTH_COUNTERFACTUAL,504,24,4.761904761904762,2,8.333333333333334,4.0817848087343584,-0.10915354047680897,37.39489155279929,3.3995355957090263,0.240091321957455,1.1432920093212142,2.5727617143749946,-0.5053340732185108,-0.2772307722305057,-0.3006212835122606,-0.31664840139033795,-0.08600775410113619,4.166666666666666,0.0
selected_5m,fit28,EXCLUDE_US.IWM,BOTH_COUNTERFACTUAL,504,19,3.7698412698412698,2,21.05263157894737,3.71719553962112,-0.11709701802429115,31.744579002430346,8.465221067314758,0.6901224677957953,2.6016521603412923,5.078065199789467,-0.3716675957956106,-0.28779958920979876,-0.31664840139033795,-0.31664840139033795,0.29844204537861446,10.526315789473683,0.0
selected_5m,fit28,EXCLUDE_US.META,BOTH_COUNTERFACTUAL,504,23,4.563492063492063,2,17.391304347826086,3.71719553962112,-0.11564929372386679,32.14196490033553,6.766729452702217,0.5509324164230874,2.514175709867264,4.170020068608688,-0.5053340732185108,-0.27968523669839823,-0.3006212835122606,-0.31664840139033795,0.22413979574663445,8.695652173913043,0.0
selected_5m,fit28,EXCLUDE_US.MSFT,BOTH_COUNTERFACTUAL,504,24,4.761904761904762,2,16.666666666666668,3.71719553962112,-0.11316612388346915,32.84724626115884,6.569449252231768,0.525227486700629,2.501083270002995,3.975681110791663,-0.5053340732185108,-0.2772307722305057,-0.3006212835122606,-0.31664840139033795,0.21152563519608886,8.333333333333332,0.0
selected_5m,fit28,EXCLUDE_US.MU,BOTH_COUNTERFACTUAL,504,22,4.365079365079365,2,13.636363636363637,2.3761373623931425,-0.0944226656636494,25.1649044823345,3.973405970894921,0.2424718836168222,1.058409015787716,1.3269275077727216,-0.5053340732185108,-0.14906106319616763,-0.2170661897580932,-0.28459416563418327,0.04442651306034233,4.545454545454546,0.0
selected_5m,fit28,EXCLUDE_US.NVDA,BOTH_COUNTERFACTUAL,504,25,4.9603174603174605,2,16.0,3.71719553962112,-0.10079922499312446,36.87722340994855,7.024233030466389,0.5100799373451546,2.530158419370806,3.8239548840399946,-0.5053340732185108,-0.21831154379746667,-0.2760766388333353,-0.31664840139033795,0.20881784843015885,8.0,0.0
selected_5m,fit28,EXCLUDE_US.QQQ,BOTH_COUNTERFACTUAL,504,22,4.365079365079365,2,18.181818181818183,3.71719553962112,-0.11691844669998826,31.793062981407996,7.065125106979553,0.5801931871765768,2.532589309104105,4.3901349682727275,-0.5053340732185108,-0.2821397011662907,-0.3006212835122606,-0.31664840139033795,0.23923238317045897,9.090909090909092,0.0
selected_5m,fit28,EXCLUDE_US.SPY,BOTH_COUNTERFACTUAL,504,25,4.9603174603174605,2,16.0,3.71719553962112,-0.10768489001545256,34.51919335282518,6.575084448157177,0.504295978726399,2.5014681484444394,3.8369547620799938,-0.5053340732185108,-0.2747763077626131,-0.3006212835122606,-0.31664840139033795,0.2027928915356218,8.0,0.0
selected_5m,fit28,EXCLUDE_US.TSLA,BOTH_COUNTERFACTUAL,504,25,4.9603174603174605,2,12.0,4.815194204106938,-0.10915354047680897,44.11395345559117,6.015539107580615,0.4817681888732408,2.389723159093456,3.726047245799995,-0.5053340732185108,-0.2747763077626131,-0.3006212835122606,-0.31664840139033795,0.17932644377191526,8.0,0.0
selected_5m,validation28,US.AAPL,LONG,28,0,0.0,2,,,,,,,0.0,,0.0,,,,,,0.0
selected_5m,validation28,US.AAPL,SHORT,28,0,0.0,2,,,,,,,0.0,,0.0,,,,,,0.0
selected_5m,validation28,US.AMD,LONG,28,1,3.5714285714285716,2,0.0,,-0.21894539624900483,,0.0,-0.21894539624900483,-0.7819478437464458,-1.0299999999999727,-0.218945396249004,-0.21894539624900483,-0.21894539624900483,-0.21894539624900483,,0.0,0.0
selected_5m,validation28,US.AMD,SHORT,28,2,7.142857142857143,2,0.0,,-0.37788020078765294,,0.0,-0.37788020078765294,-2.6991442913403785,-1.7595000000000027,-0.7543332319549845,-0.38575116852439495,-0.38662572049514404,-0.38662572049514404,-0.38662572049514404,0.0,0.0
selected_5m,validation28,US.IWM,LONG,28,3,10.714285714285714,2,0.0,,-0.11216520083847852,,0.0,-0.11216520083847852,-1.2017700089836985,-0.27333333333333104,-0.3362758939345567,-0.2360513383555021,-0.25635074450484135,-0.25635074450484135,-0.15485371375814513,0.0,0.0
selected_5m,validation28,US.IWM,SHORT,28,2,7.142857142857143,2,0.0,,-0.09294716268468176,,0.0,-0.09294716268468176,-0.663908304890584,-0.21505000000001928,-0.18581086100271094,-0.10834580199429013,-0.11005676191757993,-0.11005676191757993,-0.11005676191757993,0.0,0.0
selected_5m,validation28,US.META,LONG,28,0,0.0,2,,,,,,,0.0,,0.0,,,,,,0.0
selected_5m,validation28,US.META,SHORT,28,2,7.142857142857143,2,0.0,,-0.13813466315952427,,0.0,-0.13813466315952427,-0.9866761654251733,-0.6899999999999977,-0.2761323074326527,-0.2041439820999631,-0.21147835087112296,-0.21147835087112296,-0.21147835087112296,0.0,0.0
selected_5m,validation28,US.MSFT,LONG,28,1,3.5714285714285716,2,0.0,,-0.09578476193351378,,0.0,-0.09578476193351378,-0.34208843547683493,-0.2902535979999925,-0.09578476193351504,-0.09578476193351378,-0.09578476193351378,-0.09578476193351378,,0.0,0.0
selected_5m,validation28,US.MSFT,SHORT,28,2,7.142857142857143,2,0.0,,-0.23633086274287,,0.0,-0.23633086274287,-1.6880775910205,-0.8384216720000097,-0.4723518526881243,-0.3782486118389272,-0.394017250627378,-0.394017250627378,-0.394017250627378,0.0,0.0
selected_5m,validation28,US.MU,LONG,28,1,3.5714285714285716,2,0.0,,-0.10676975950000575,,0.0,-0.10676975950000575,-0.3813205696428777,-1.0098447049999777,-0.10676975950000278,-0.10676975950000575,-0.10676975950000575,-0.10676975950000575,,0.0,0.0
selected_5m,validation28,US.MU,SHORT,28,2,7.142857142857143,2,50.0,1.6854209678727454,-1.2070058742988383,1.39636517415611,1.39636517415611,0.23920754678695352,1.7086253341925253,1.9850000000000136,-1.2070058742988388,-1.0623845321902592,-1.2070058742988383,-1.2070058742988383,-1.2070058742988383,50.0,0.0
selected_5m,validation28,US.NVDA,LONG,28,0,0.0,2,,,,,,,0.0,,0.0,,,,,,0.0
selected_5m,validation28,US.NVDA,SHORT,28,2,7.142857142857143,2,0.0,,-0.13833520901970356,,0.0,-0.13833520901970356,-0.9881086358550254,-0.23973174700000754,-0.27648305852918664,-0.15635048076028976,-0.1583521776203549,-0.1583521776203549,-0.1583521776203549,0.0,0.0
selected_5m,validation28,US.QQQ,LONG,28,3,10.714285714285714,2,33.333333333333336,0.347554503801429,-0.08404699665290692,4.135240016210719,2.0676200081053593,0.059820170165205064,0.640930394627197,0.5416666666666666,-0.1680233549468224,-0.0842457878394763,-0.08429548563611865,-0.08429548563611865,-0.08404699665290692,0.0,0.0
selected_5m,validation28,US.QQQ,SHORT,28,5,17.857142857142858,2,20.0,0.38525692432824643,-0.1151030682997801,3.3470604217505677,0.8367651054376419,-0.015031069774174797,-0.26841196025312136,0.026959999999985485,-0.38651472870231407,-0.18030153115624878,-0.19760313812334968,-0.19760313812334968,-0.1151030682997801,20.0,0.0
selected_5m,validation28,US.SPY,LONG,28,3,10.714285714285714,2,0.0,,-0.04180464552597028,,0.0,-0.04180464552597028,-0.4479069163496816,-0.16336666666666133,-0.1253625300936645,-0.05000253833638839,-0.050682859642517765,-0.050682859642517765,-0.04728125311187087,0.0,0.0
selected_5m,validation28,US.SPY,SHORT,28,6,21.428571428571427,2,0.0,,-0.10864217235127319,,0.0,-0.10864217235127319,-2.3280465503844257,-0.6575000000000083,-0.6501297728586097,-0.15980704894823228,-0.16688047432960948,-0.16688047432960948,-0.1202681923879906,0.0,0.0
selected_5m,validation28,US.TSLA,LONG,28,0,0.0,2,,,,,,,0.0,,0.0,,,,,,0.0
selected_5m,validation28,US.TSLA,SHORT,28,2,7.142857142857143,2,50.0,1.753274224192534,-0.10771260773397079,16.277335226371836,16.277335226371836,0.8227808082292817,5.877005773066297,2.6274999999999977,-0.1077126077339674,-0.014663266137645528,-0.10771260773397079,-0.10771260773397079,-0.10771260773397079,50.0,0.0
selected_5m,validation28,ALL,LONG,280,12,4.285714285714286,2,8.333333333333334,0.347554503801429,-0.0955912227346986,3.6358411772388637,0.330531016112624,-0.0586624121900213,-0.25141033795723416,-0.16793319191666,-0.3362758939345567,-0.23577780296413126,-0.25635074450484135,-0.25635074450484135,-0.0955912227346986,0.0,0.0
selected_5m,validation28,ALL,SHORT,280,25,8.928571428571429,2,12.0,1.2746507054645086,-0.19973818118765607,6.381607652004006,0.8702192252732736,-0.02281151478939631,-0.20367423919103847,-0.08282427352000696,-1.2070058742988388,-0.39253894460093125,-0.8005115624631083,-1.2070058742988383,-0.09681508724697675,12.0,0.0
selected_5m,validation28,EXCLUDE_US.AAPL,BOTH_COUNTERFACTUAL,504,37,7.341269841269841,2,10.81081081081081,1.0428766550487387,-0.16502252837000358,6.319601725592662,0.7660123303748682,-0.03443883286527468,-0.25282476508237367,-0.11042716597297551,-1.2070058742988388,-0.3881040265215908,-0.8005115624631083,-1.2070058742988383,-0.08409752889465828,8.108108108108109,0.0
selected_5m,validation28,EXCLUDE_US.AMD,BOTH_COUNTERFACTUAL,504,34,6.746031746031746,2,11.764705882352942,1.0428766550487387,-0.14903458794619356,6.997547813701151,0.9330063751601534,-0.008809735829142724,-0.059430757577550127,0.013623378205878948,-1.2070058742988388,-0.30453402164772914,-0.8005115624631083,-1.2070058742988383,-0.062206219466163226,8.823529411764707,0.0
selected_5m,validation28,EXCLUDE_US.IWM,BOTH_COUNTERFACTUAL,504,32,6.349206349206349,2,12.5,1.0428766550487387,-0.1758340538687614,5.931027762273618,0.8472896803248026,-0.023495215254073887,-0.14917596986713577,-0.08861578565625194,-1.2070058742988388,-0.3899519090546493,-0.8005115624631083,-1.2070058742988383,-0.08081035846202898,9.375,0.0
selected_5m,validation28,EXCLUDE_US.META,BOTH_COUNTERFACTUAL,504,35,6.944444444444445,2,11.428571428571429,1.0428766550487387,-0.1667572293513248,6.253861731245258,0.8069499008058397,-0.028513356848460437,-0.198009422558753,-0.07730871831428852,-1.2070058742988388,-0.38884317953481423,-0.8005115624631083,-1.2070058742988383,-0.08091887393790145,8.571428571428571,0.0
selected_5m,validation28,EXCLUDE_US.MSFT,BOTH_COUNTERFACTUAL,504,34,6.746031746031746,2,11.764705882352942,1.0428766550487387,-0.16257656495969547,6.414680094312974,0.8552906792417299,-0.020758539076350287,-0.14003776361029957,-0.062314947029414175,-1.2070058742988388,-0.3752565448754056,-0.7968157973969912,-1.2070058742988383,-0.07451710766025588,8.823529411764707,0.0
selected_5m,validation28,EXCLUDE_US.MU,BOTH_COUNTERFACTUAL,504,34,6.746031746031746,2,8.823529411764707,0.8286952174407366,-0.13328928394875078,6.217268132068042,0.6016711095549717,-0.048408298532031324,-0.3265639186684653,-0.20723413047059247,-0.7543332319549845,-0.3752565448754056,-0.39032148556126106,-0.394017250627378,-0.10300473861459392,5.88235294117647,0.0
selected_5m,validation28,EXCLUDE_US.NVDA,BOTH_COUNTERFACTUAL,504,35,6.944444444444445,2,11.428571428571429,1.0428766550487387,-0.1667442909087326,6.254346996621051,0.8070125156930389,-0.02850189708502161,-0.19792984086820561,-0.10303833277143082,-1.2070058742988388,-0.38884317953481423,-0.8005115624631083,-1.2070058742988383,-0.08090707712259679,8.571428571428571,0.0
selected_5m,validation28,EXCLUDE_US.QQQ,BOTH_COUNTERFACTUAL,504,29,5.753968253968254,2,6.896551724137931,1.7193475960326399,-0.17841619147056237,9.63672400952647,0.7138314081130717,-0.04753593026344498,-0.2735202336587112,-0.20157259106896624,-1.2070058742988388,-0.3910606385744845,-0.8005115624631083,-1.2070058742988383,-0.11185057863687282,6.896551724137931,0.0
selected_5m,validation28,EXCLUDE_US.SPY,BOTH_COUNTERFACTUAL,504,28,5.555555555555555,2,14.285714285714286,1.0428766550487387,-0.19451985273019032,5.361286472364678,0.893547745394113,-0.01774892304748619,-0.09860512804158994,0.012474816392855002,-1.2070058742988388,-0.39143021508109616,-0.8005115624631083,-1.2070058742988383,-0.08334237294526471,10.714285714285714,0.0
selected_5m,validation28,EXCLUDE_US.TSLA,BOTH_COUNTERFACTUAL,504,35,6.944444444444445,2,8.571428571428571,0.8060774653341404,-0.1668134633898796,4.83220867760632,0.4530195635255924,-0.08342281235639218,-0.579325085808279,-0.2668801468857168,-1.2070058742988388,-0.38884317953481423,-0.8005115624631083,-1.2070058742988383,-0.13544762942195504,5.714285714285714,0.0
selected_5m,development56,US.AAPL,LONG,56,1,1.7857142857142858,2,0.0,,-0.08557608923768166,,0.0,-0.08557608923768166,-0.15281444506728867,-0.20382421099998282,-0.08557608923768223,-0.08557608923768166,-0.08557608923768166,-0.08557608923768166,,0.0,0.0
selected_5m,development56,US.AAPL,SHORT,56,0,0.0,2,,,,,,,0.0,,0.0,,,,,,0.0
selected_5m,development56,US.AMD,LONG,56,2,3.5714285714285716,2,50.0,2.303787875712863,-0.21894539624900483,10.52220286510516,10.52220286510516,1.042421239731929,3.722932999042604,5.210000000000008,-0.218945396249004,-0.09280873265091144,-0.21894539624900483,-0.21894539624900483,-0.21894539624900483,50.0,0.0
selected_5m,development56,US.AMD,SHORT,56,3,5.357142857142857,2,33.333333333333336,4.401424665302899,-0.37788020078765294,11.647672082656293,5.823836041328146,1.2152214212425314,6.510114756656418,6.103633333333335,-0.7543332319549956,-0.3848766165536458,-0.38662572049514404,-0.38662572049514404,-0.37788020078765294,0.0,0.0
selected_5m,development56,US.IWM,LONG,56,9,16.071428571428573,2,0.0,,-0.09365024162002372,,0.0,-0.09365024162002372,-1.5050931688932383,-0.21531826944444926,-0.8399106504810017,-0.21362573225570605,-0.25635074450484135,-0.25635074450484135,-0.10200799994763352,0.0,0.0
selected_5m,development56,US.IWM,SHORT,56,3,5.357142857142857,2,0.0,,-0.10815345781000528,,0.0,-0.10815345781000528,-0.579393523982171,-0.25643107533333404,-0.32411943829639966,-0.13571511944634507,-0.13856604806065229,-0.13856604806065229,-0.12431140498911611,0.0,0.0
selected_5m,development56,US.META,LONG,56,1,1.7857142857142858,2,0.0,,-0.11123790267522779,,0.0,-0.11123790267522779,-0.19863911192004963,-0.5594814620000079,-0.11123790267523193,-0.11123790267522779,-0.11123790267522779,-0.11123790267522779,,0.0,0.0
selected_5m,development56,US.META,SHORT,56,4,7.142857142857143,2,0.0,,-0.09226818334503724,,0.0,-0.09226818334503724,-0.6590584524645517,-0.4261997427499864,-0.36865838027733133,-0.18947524455764336,-0.21147835087112296,-0.21147835087112296,-0.1096620315983985,0.0,0.0
selected_5m,development56,US.MSFT,LONG,56,3,5.357142857142857,2,0.0,,-0.07794672491797586,,0.0,-0.07794672491797586,-0.4175717406320135,-0.2268063706666794,-0.23367973251254837,-0.11135962871076381,-0.11309016946379159,-0.11309016946379159,-0.10443746569865268,0.0,0.0
selected_5m,development56,US.MSFT,SHORT,56,2,3.5714285714285716,2,0.0,,-0.23633086274287,,0.0,-0.23633086274287,-0.84403879551025,-0.8384216720000097,-0.4723518526881243,-0.3782486118389272,-0.394017250627378,-0.394017250627378,-0.394017250627378,0.0,0.0
selected_5m,development56,US.MU,LONG,56,5,8.928571428571429,2,20.0,7.740370071305053,-0.17852925059511604,43.35631301595125,10.839078253987813,1.4052506137849177,12.54688048022248,12.964786253800003,-0.3716675957956106,-0.3004196963675369,-0.31664840139033795,-0.31664840139033795,-0.17852925059511607,20.0,0.0
selected_5m,development56,US.MU,SHORT,56,2,3.5714285714285716,2,50.0,1.6854209678727454,-1.2070058742988383,1.39636517415611,1.39636517415611,0.23920754678695352,0.8543126670962626,1.9850000000000136,-1.2070058742988388,-1.0623845321902592,-1.2070058742988383,-1.2070058742988383,-1.2070058742988383,50.0,0.0
selected_5m,development56,US.NVDA,LONG,56,0,0.0,2,,,,,,,0.0,,0.0,,,,,,0.0
selected_5m,development56,US.NVDA,SHORT,56,3,5.357142857142857,2,0.0,,-0.18708819455786346,,0.0,-0.18708819455786346,-1.0022581851314114,-0.35071815000000583,-0.5602903695098305,-0.27196996683280045,-0.28459416563418327,-0.28459416563418327,-0.22147317162726907,0.0,0.0
selected_5m,development56,US.QQQ,LONG,56,6,10.714285714285714,2,16.666666666666668,0.347554503801429,-0.08065631506903867,4.309079871848049,0.8618159743696099,-0.00928784525729405,-0.09951262775672197,0.06297855699998915,-0.4026383335631212,-0.10177004219093257,-0.10759489437587055,-0.10759489437587055,-0.08065631506903867,0.0,0.0
selected_5m,development56,US.QQQ,SHORT,56,6,10.714285714285714,2,16.666666666666668,0.38525692432824643,-0.10441410820994981,3.6897018126477144,0.7379403625295429,-0.022802269453583785,-0.24431002985982628,-0.029143249833358215,-0.44793467826623745,-0.17597612941447355,-0.19760313812334968,-0.19760313812334968,-0.10441410820994984,16.666666666666664,0.0
selected_5m,development56,US.SPY,LONG,56,3,5.357142857142857,2,0.0,,-0.04180464552597028,,0.0,-0.04180464552597028,-0.2239534581748408,-0.16336666666666133,-0.1253625300936645,-0.05000253833638839,-0.050682859642517765,-0.050682859642517765,-0.04728125311187087,0.0,0.0
selected_5m,development56,US.SPY,SHORT,56,7,12.5,2,0.0,,-0.11312117632470467,,0.0,-0.11312117632470467,-1.4140147040588082,-0.691812558142861,-0.7892148225470463,-0.15881489208031466,-0.16688047432960948,-0.16688047432960948,-0.12355602701754108,0.0,0.0
selected_5m,development56,US.TSLA,LONG,56,1,1.7857142857142858,2,100.0,0.4231995461636648,,,,0.4231995461636648,0.7557134752922586,1.875,0.0,0.4231995461636648,0.4231995461636648,0.4231995461636648,,0.0,0.0
selected_5m,development56,US.TSLA,SHORT,56,2,3.5714285714285716,2,50.0,1.753274224192534,-0.10771260773397079,16.277335226371836,16.277335226371836,0.8227808082292817,2.9385028865331484,2.6274999999999977,-0.1077126077339674,-0.014663266137645528,-0.10771260773397079,-0.10771260773397079,-0.10771260773397079,50.0,0.0
selected_5m,development56,ALL,LONG,560,31,5.535714285714286,2,12.903225806451612,2.7037279992457526,-0.10130608339998604,26.688703269384565,3.95388196583475,0.2606337982317221,1.442794240211319,2.3750036580967713,-0.8399106504810017,-0.24592781039058698,-0.28649957294758965,-0.31664840139033795,0.01130925579594442,6.451612903225806,0.0
selected_5m,development56,ALL,SHORT,560,32,5.714285714285714,2,12.5,2.056344195424107,-0.18256632410358184,11.263546031947314,1.609078004563902,0.0972974908373792,0.5559856619278811,0.5411019563437458,-1.2070058742988388,-0.3899519090546493,-0.8005115624631083,-1.2070058742988383,-0.04154532124215376,9.375,0.0
selected_5m,development56,EXCLUDE_US.AAPL,BOTH_COUNTERFACTUAL,1008,62,6.150793650793651,2,12.903225806451612,2.3800360973349295,-0.1437323192122636,16.558809531349013,2.4531569676072613,0.18191521840672908,1.1189229703588495,1.4700677454032218,-1.2070058742988388,-0.36651036709567064,-0.5891958816253806,-1.2070058742988383,0.05800612245757621,8.064516129032258,0.0
selected_5m,development56,EXCLUDE_US.AMD,BOTH_COUNTERFACTUAL,1008,58,5.753968253968254,2,10.344827586206897,2.0558460396106124,-0.1321618370937616,15.55551954193934,1.794867639454539,0.0941838053239322,0.5419306258718322,1.0725771724827544,-1.2070058742988388,-0.28940230099760644,-0.6392238421055182,-1.2070058742988383,-0.039959813377490966,6.896551724137931,0.0
selected_5m,development56,EXCLUDE_US.IWM,BOTH_COUNTERFACTUAL,1008,51,5.059523809523809,2,15.686274509803921,2.3800360973349295,-0.15534439020208576,15.321030223484527,2.8504242276250285,0.24236235294097552,1.2262380952370786,1.8362261500980357,-1.2070058742988388,-0.37788020078765294,-0.6625496151404535,-1.2070058742988383,0.09240219857369394,9.803921568627452,0.0
selected_5m,development56,EXCLUDE_US.META,BOTH_COUNTERFACTUAL,1008,58,5.753968253968254,2,13.793103448275861,2.3800360973349295,-0.1473362138128908,16.153775339696523,2.5846040543514435,0.20126686358680862,1.1580831436542558,1.606976835120685,-1.2070058742988388,-0.3717583369924092,-0.6625496151404535,-1.2070058742988383,0.06900189503034813,8.620689655172415,0.0
selected_5m,development56,EXCLUDE_US.MSFT,BOTH_COUNTERFACTUAL,1008,58,5.753968253968254,2,13.793103448275861,2.3800360973349295,-0.14281238852920497,16.665473645854014,2.6664757833366424,0.20516671296929634,1.1805227531963478,1.6085799734482729,-1.2070058742988388,-0.32452134334381155,-0.6542554252913814,-1.2070058742988383,0.07297016282305499,8.620689655172415,0.0
selected_5m,development56,EXCLUDE_US.MU,BOTH_COUNTERFACTUAL,1008,56,5.555555555555555,2,10.714285714285714,1.6024162899169396,-0.11851996900041227,13.520221979735464,1.6224266375682557,0.06586605874073255,0.3659225485596253,0.39547222741070953,-0.8399106504810017,-0.30572929449567793,-0.3832592174008947,-0.394017250627378,-0.012962279560397753,5.357142857142857,0.0
selected_5m,development56,EXCLUDE_US.NVDA,BOTH_COUNTERFACTUAL,1008,60,5.9523809523809526,2,13.333333333333334,2.3800360973349295,-0.14011262967358318,16.986592164315514,2.6133218714331563,0.1959072005942185,1.1661142892513008,1.5332088408999964,-1.2070058742988388,-0.37000923305091094,-0.6625496151404535,-1.2070058742988383,0.06803494854827216,8.333333333333332,0.0
selected_5m,development56,EXCLUDE_US.QQQ,BOTH_COUNTERFACTUAL,1008,51,5.059523809523809,2,11.764705882352942,3.0512462250916266,-0.15381709356233275,19.836847481812164,2.6449129975749552,0.22324917922048598,1.1295345377226969,1.7791640031568625,-1.2070058742988388,-0.37788020078765294,-0.6625496151404535,-1.2070058742988383,0.07290676137879468,7.8431372549019605,0.0
selected_5m,development56,EXCLUDE_US.SPY,BOTH_COUNTERFACTUAL,1008,53,5.257936507936508,2,15.09433962264151,2.3800360973349295,-0.15399687012997942,15.455093959546616,2.7475722594749543,0.22849867212887476,1.201431510201425,1.8164747907735808,-1.2070058742988388,-0.37613109684615476,-0.6625496151404535,-1.2070058742988383,0.08403960676010211,9.433962264150944,0.0
selected_5m,development56,EXCLUDE_US.TSLA,BOTH_COUNTERFACTUAL,1008,60,5.9523809523809526,2,10.0,2.810635834720539,-0.14332238368455455,19.610585328434176,2.1789539253815753,0.15207343815595492,0.9051990366425886,1.396839600066663,-1.2070058742988388,-0.37000923305091094,-0.6625496151404535,-1.2070058742988383,0.023458240983936257,6.666666666666667,0.0
selected_5m,stress27,US.AAPL,LONG,27,0,0.0,2,,,,,,,0.0,,0.0,,,,,,0.0
selected_5m,stress27,US.AAPL,SHORT,27,1,3.7037037037037037,2,0.0,,-0.075553740073859,,0.0,-0.075553740073859,-0.2798286669402185,-0.17000000000001592,-0.07555374007386373,-0.075553740073859,-0.075553740073859,-0.075553740073859,,0.0,0.0
selected_5m,stress27,US.AMD,LONG,27,4,14.814814814814815,2,25.0,0.055701696494448553,-0.40506739418777254,0.13751217030474575,0.04583739010158192,-0.2898751215172172,-4.294446244699515,-1.3049999999999642,-1.2112800830329284,-0.6562171381526477,-0.6911950496845553,-0.6911950496845553,-0.40506739418777254,25.0,0.0
selected_5m,stress27,US.AMD,SHORT,27,1,3.7037037037037037,2,0.0,,-0.3143632567849739,,0.0,-0.3143632567849739,-1.1643083584628664,-1.410000000000025,-0.31436325678497745,-0.3143632567849739,-0.3143632567849739,-0.3143632567849739,,0.0,0.0
selected_5m,stress27,US.IWM,LONG,27,1,3.7037037037037037,2,100.0,0.10533450763863168,,,,0.10533450763863168,0.39012780606900627,0.37000000000000455,0.0,0.10533450763863168,0.10533450763863168,0.10533450763863168,,0.0,0.0
selected_5m,stress27,US.IWM,SHORT,27,4,14.814814814814815,2,0.0,,-0.08664402727495502,,0.0,-0.08664402727495502,-1.2836152188882224,-0.20000000000000284,-0.3462117661411357,-0.16026085677398225,-0.16396678719700242,-0.16396678719700242,-0.10885870303327336,0.0,0.0
selected_5m,stress27,US.META,LONG,27,0,0.0,2,,,,,,,0.0,,0.0,,,,,,0.0
selected_5m,stress27,US.META,SHORT,27,2,7.407407407407407,2,0.0,,-0.1303407771230946,,0.0,-0.1303407771230946,-0.965487237948849,-0.61749999999995,-0.2605161235749387,-0.14934018119549136,-0.15145122609242434,-0.15145122609242434,-0.15145122609242434,0.0,0.0
selected_5m,stress27,US.MSFT,LONG,27,3,11.11111111111111,2,0.0,,-0.09130604672912147,,0.0,-0.09130604672912147,-1.014511630323572,-0.3467333333333234,-0.273725215893994,-0.1618458177286881,-0.17056750463743955,-0.17056750463743955,-0.1269590700936822,0.0,0.0
selected_5m,stress27,US.MSFT,SHORT,27,0,0.0,2,,,,,,,0.0,,0.0,,,,,,0.0
selected_5m,stress27,US.MU,LONG,27,1,3.7037037037037037,2,0.0,,-0.1079592142750058,,0.0,-0.1079592142750058,-0.3998489417592807,-0.8799000000000206,-0.10795921427501076,-0.1079592142750058,-0.1079592142750058,-0.1079592142750058,,0.0,0.0
selected_5m,stress27,US.MU,SHORT,27,0,0.0,2,,,,,,,0.0,,0.0,,,,,,0.0
selected_5m,stress27,US.NVDA,LONG,27,2,7.407407407407407,2,50.0,0.3031597848668539,-0.3800742512457401,0.7976330516292814,0.7976330516292814,-0.038457233189443114,-0.2848683939958749,-0.0424524965000046,-0.38007425124574334,-0.3459125494401104,-0.3800742512457401,-0.3800742512457401,-0.3800742512457401,0.0,0.0
selected_5m,stress27,US.NVDA,SHORT,27,3,11.11111111111111,2,0.0,,-0.08059441364101036,,0.0,-0.08059441364101036,-0.8954934849001153,-0.1315697979999868,-0.24160141714155703,-0.11253267737294649,-0.1159254522156356,-0.1159254522156356,-0.09896157800219,0.0,0.0
selected_5m,stress27,US.QQQ,LONG,27,2,7.407407407407407,2,0.0,,-0.10022850425208349,,0.0,-0.10022850425208349,-0.742433364830248,-0.5774999999999864,-0.20039938673541702,-0.15913263579362813,-0.1656775392982442,-0.1656775392982442,-0.1656775392982442,0.0,0.0
selected_5m,stress27,US.QQQ,SHORT,27,7,25.925925925925927,2,14.285714285714286,0.5793481743357498,-0.11880793476622697,4.876342438539203,0.812723739756534,-0.019071347751658866,-0.4944423491170817,0.015000000000002598,-0.710938974253017,-0.23727520751475914,-0.2969888360844784,-0.2969888360844784,-0.11880793476622699,14.285714285714285,0.0
selected_5m,stress27,US.SPY,LONG,27,2,7.407407407407407,2,0.0,,-0.03372934565462363,,0.0,-0.03372934565462363,-0.2498470048490639,-0.10500000000007503,-0.0674480300116187,-0.04134161115121875,-0.042187418428618215,-0.042187418428618215,-0.042187418428618215,0.0,0.0
selected_5m,stress27,US.SPY,SHORT,27,5,18.51851851851852,2,0.0,,-0.07942541191615464,,0.0,-0.07942541191615464,-1.470840961410271,-0.4569600000000264,-0.396544071320859,-0.1401062853379694,-0.14682184457495467,-0.14682184457495467,-0.09003495327069,0.0,0.0
selected_5m,stress27,US.TSLA,LONG,27,2,7.407407407407407,2,0.0,,-0.13309160353317326,,0.0,-0.13309160353317326,-0.9858637298753575,-0.3912499999999852,-0.2660206189465719,-0.1674164632238589,-0.17123033652282396,-0.17123033652282396,-0.17123033652282396,0.0,0.0
selected_5m,stress27,US.TSLA,SHORT,27,0,0.0,2,,,,,,,0.0,,0.0,,,,,,0.0
selected_5m,stress27,ALL,LONG,270,17,6.296296296296297,2,17.647058823529413,0.1547319963333114,-0.1793751925107992,0.8626164753746303,0.1848463875802779,-0.12041510036183851,-0.7581691504263907,-0.5295591172352909,-1.2112800830329284,-0.5046461881810482,-0.6911950496845553,-0.6911950496845553,-0.14688853068863178,5.88235294117647,0.0
selected_5m,stress27,ALL,SHORT,270,23,8.518518518518519,2,4.3478260869565215,0.5793481743357498,-0.10676966224118219,5.42614973368614,0.24664316971300634,-0.07693845195522864,-0.6554016277667625,-0.26910910408695765,-0.710938974253017,-0.2836866311957308,-0.3056760464347262,-0.3143632567849739,-0.10676966224118219,4.3478260869565215,0.0
selected_5m,stress27,EXCLUDE_US.AAPL,BOTH_COUNTERFACTUAL,486,39,8.024691358024691,2,10.256410256410257,0.260886040833921,-0.13670375783952393,1.908404311315086,0.21810334986458127,-0.09592531694993983,-0.7697710619439616,-0.38517985607692196,-1.2112800830329284,-0.38786772340168324,-0.5746020112448634,-0.6911950496845553,-0.11369567198377378,5.128205128205128,0.0
selected_5m,stress27,EXCLUDE_US.AMD,BOTH_COUNTERFACTUAL,486,35,7.20164609053498,2,8.571428571428571,0.3292808222804118,-0.1040818695346533,3.163671288310018,0.29659418327906417,-0.06693649595050487,-0.4820529543760638,-0.24462898248571685,-0.710938974253017,-0.20895788639132026,-0.3385315436651093,-0.3800742512457401,-0.08594486860598294,2.857142857142857,0.0
selected_5m,stress27,EXCLUDE_US.IWM,BOTH_COUNTERFACTUAL,486,35,7.20164609053498,2,8.571428571428571,0.31273655189901745,-0.14105028610491802,2.2171989900565907,0.2078624053178054,-0.1021542714188664,-0.7356789093951284,-0.42177183962857046,-1.2112800830329284,-0.4034546677135696,-0.5746020112448634,-0.6911950496845553,-0.12219846099988455,5.714285714285714,0.0
selected_5m,stress27,EXCLUDE_US.META,BOTH_COUNTERFACTUAL,486,38,7.818930041152264,2,10.526315789473685,0.260886040833921,-0.13527952088855907,1.928496191591589,0.22688190489312815,-0.09357788281250849,-0.7316789191101488,-0.3672898522894756,-1.2112800830329284,-0.3917644594796548,-0.5746020112448634,-0.6911950496845553,-0.1117650735462452,5.263157894736842,0.0
selected_5m,stress27,EXCLUDE_US.MSFT,BOTH_COUNTERFACTUAL,486,37,7.613168724279835,2,10.81081081081081,0.260886040833921,-0.13897779164454038,1.8771779127213497,0.22753671669349695,-0.09574926921443642,-0.7289553417559974,-0.38248146991891896,-1.2112800830329284,-0.39566119555762647,-0.5746020112448634,-0.6911950496845553,-0.11450197597971937,5.405405405405405,0.0
selected_5m,stress27,EXCLUDE_US.MU,BOTH_COUNTERFACTUAL,486,39,8.024691358024691,2,10.256410256410257,0.260886040833921,-0.1357778871480626,1.9214177382907047,0.21959059866179484,-0.09509440735503864,-0.7631032688984583,-0.36697729197435774,-1.2112800830329284,-0.38786772340168324,-0.5746020112448634,-0.6911950496845553,-0.11284289634690149,5.128205128205128,0.0
selected_5m,stress27,EXCLUDE_US.NVDA,BOTH_COUNTERFACTUAL,486,35,7.20164609053498,2,8.571428571428571,0.24679479282294337,-0.13244774288401331,1.8633370977040027,0.17468785290975025,-0.09994123982341702,-0.71974143905753,-0.4203542857142858,-1.2112800830329284,-0.3574569715910332,-0.5746020112448634,-0.6911950496845553,-0.11992034023986312,5.714285714285714,0.0
selected_5m,stress27,EXCLUDE_US.QQQ,BOTH_COUNTERFACTUAL,486,31,6.378600823045267,2,9.67741935483871,0.1547319963333114,-0.14096002311984526,1.0977012695419117,0.11761085030806198,-0.11234466639857205,-0.7166017815546777,-0.45619401248387154,-1.2112800830329284,-0.41904161202545587,-0.5746020112448634,-0.6911950496845553,-0.12619481477408626,3.225806451612903,0.0
selected_5m,stress27,EXCLUDE_US.SPY,BOTH_COUNTERFACTUAL,486,33,6.790123456790123,2,12.121212121212121,0.260886040833921,-0.1515723970195578,1.7211975660730505,0.23740656083766212,-0.10157743485549979,-0.6897233230928997,-0.38476407233332394,-1.2112800830329284,-0.4112481398695127,-0.5746020112448634,-0.6911950496845553,-0.12285636014272633,6.0606060606060606,0.0
selected_5m,stress27,EXCLUDE_US.TSLA,BOTH_COUNTERFACTUAL,486,38,7.818930041152264,2,10.526315789473685,0.260886040833921,-0.13511770757031913,1.930805706558842,0.22715361253633434,-0.09343310247513595,-0.7305468917808984,-0.3791977470263158,-1.2112800830329284,-0.3917644594796548,-0.5746020112448634,-0.6911950496845553,-0.1116163802267815,5.263157894736842,0.0
selected_5m,all83,US.AAPL,LONG,83,1,1.2048192771084338,2,0.0,,-0.08557608923768166,,0.0,-0.08557608923768166,-0.10310372197311043,-0.20382421099998282,-0.08557608923768223,-0.08557608923768166,-0.08557608923768166,-0.08557608923768166,,0.0,0.0
selected_5m,all83,US.AAPL,SHORT,83,1,1.2048192771084338,2,0.0,,-0.075553740073859,,0.0,-0.075553740073859,-0.09102860249862531,-0.17000000000001592,-0.07555374007386373,-0.075553740073859,-0.075553740073859,-0.075553740073859,,0.0,0.0
selected_5m,all83,US.AMD,LONG,83,6,7.228915662650603,2,33.333333333333336,1.1797447861036556,-0.35853689470308064,3.290441802595104,1.645220901297552,0.1542236655658315,1.1148698715602277,0.8666666666666932,-1.4275734373044524,-0.6328985304647092,-0.6911950496845553,-0.6911950496845553,-0.2756891764635748,33.33333333333333,0.0
selected_5m,all83,US.AMD,SHORT,83,4,4.819277108433735,2,25.0,4.401424665302899,-0.35670788612009324,12.339016984393407,4.113005661464469,0.8328252517356549,4.013615671015204,4.225224999999995,-1.0663251422249886,-0.3840020645828967,-0.38662572049514404,-0.38662572049514404,-0.35670788612009324,0.0,0.0
selected_5m,all83,US.IWM,LONG,83,10,12.048192771084338,2,10.0,0.10533450763863168,-0.09365024162002372,1.1247649319049882,0.12497388132277647,-0.07375176669415819,-0.8885755023392553,-0.1567864425000039,-0.8399106504810017,-0.20828510572456416,-0.25635074450484135,-0.25635074450484135,-0.09365024162002372,0.0,0.0
selected_5m,all83,US.IWM,SHORT,83,7,8.433734939759036,2,0.0,,-0.09586235464711941,,0.0,-0.09586235464711941,-0.8084776897949828,-0.22418474657143048,-0.6692090648058091,-0.15655492635096208,-0.16396678719700242,-0.16396678719700242,-0.1085060804216393,0.0,0.0
selected_5m,all83,US.META,LONG,83,1,1.2048192771084338,2,0.0,,-0.11123790267522779,,0.0,-0.11123790267522779,-0.13402156948822624,-0.5594814620000079,-0.11123790267523193,-0.11123790267522779,-0.11123790267522779,-0.11123790267522779,,0.0,0.0
selected_5m,all83,US.META,SHORT,83,6,7.228915662650603,2,0.0,,-0.10495904793772301,,0.0,-0.10495904793772301,-0.7587401055739014,-0.4899664951666409,-0.6282140893307364,-0.1964715696764483,-0.21147835087112296,-0.21147835087112296,-0.11793352980827695,0.0,0.0
selected_5m,all83,US.MSFT,LONG,83,6,7.228915662650603,2,0.0,,-0.08462638582354866,,0.0,-0.08462638582354866,-0.6117570059533638,-0.28676985200000144,-0.5067653080542245,-0.15619817084402757,-0.17056750463743955,-0.17056750463743955,-0.0975516629882584,0.0,0.0
selected_5m,all83,US.MSFT,SHORT,83,2,2.4096385542168677,2,0.0,,-0.23633086274287,,0.0,-0.23633086274287,-0.5694719584165542,-0.8384216720000097,-0.4723518526881243,-0.3782486118389272,-0.394017250627378,-0.394017250627378,-0.394017250627378,0.0,0.0
selected_5m,all83,US.MU,LONG,83,6,7.228915662650603,2,16.666666666666668,7.740370071305053,-0.164415243331094,47.07817787744747,9.415635575489494,1.1530489757749305,8.335293800782631,10.657338544833332,-0.44961315651517175,-0.2963625201118366,-0.31664840139033795,-0.31664840139033795,-0.164415243331094,16.666666666666664,0.0
selected_5m,all83,US.MU,SHORT,83,2,2.4096385542168677,2,50.0,1.6854209678727454,-1.2070058742988383,1.39636517415611,1.39636517415611,0.23920754678695352,0.5764037271974783,1.9850000000000136,-1.2070058742988388,-1.0623845321902592,-1.2070058742988383,-1.2070058742988383,-1.2070058742988383,50.0,0.0
selected_5m,all83,US.NVDA,LONG,83,2,2.4096385542168677,2,50.0,0.3031597848668539,-0.3800742512457401,0.7976330516292814,0.7976330516292814,-0.038457233189443114,-0.09266803178179063,-0.0424524965000046,-0.38007425124574334,-0.3459125494401104,-0.3800742512457401,-0.3800742512457401,-0.3800742512457401,0.0,0.0
selected_5m,all83,US.NVDA,SHORT,83,6,7.228915662650603,2,0.0,,-0.13384130409943693,,0.0,-0.13384130409943693,-0.9675274995140019,-0.24114397399999632,-0.8005381171785397,-0.2530336686307262,-0.28459416563418327,-0.28459416563418327,-0.15183754793559406,0.0,0.0
selected_5m,all83,US.QQQ,LONG,83,8,9.63855421686747,2,12.5,0.347554503801429,-0.08624836912133718,4.029693631800473,0.575670518828639,-0.03202301000599141,-0.3086555181300377,-0.09714108225000473,-0.4026383335631212,-0.1453486135754134,-0.1656775392982442,-0.1656775392982442,-0.08624836912133718,0.0,0.0
selected_5m,all83,US.QQQ,SHORT,83,13,15.662650602409638,2,15.384615384615385,0.4823025493319981,-0.11226528633155554,4.296096906639542,0.7811085284799166,-0.02079331161408575,-0.3256783746784515,-0.005373807615394701,-0.7109389742530392,-0.23735741730780113,-0.2969888360844784,-0.2969888360844784,-0.07080510210990537,15.384615384615385,0.0
selected_5m,all83,US.SPY,LONG,83,5,6.024096385542169,2,0.0,,-0.03857452557743162,,0.0,-0.03857452557743162,-0.23237666010500976,-0.14002000000002682,-0.1927260055483715,-0.049322217030259005,-0.050682859642517765,-0.050682859642517765,-0.041900338751632266,0.0,0.0
selected_5m,all83,US.SPY,SHORT,83,12,14.457831325301205,2,0.0,,-0.09908127448780885,,0.0,-0.09908127448780885,-1.4325003540406096,-0.5939573255833466,-1.1826293092791262,-0.15584822796454934,-0.16688047432960948,-0.16688047432960948,-0.1047261861232448,0.0,0.0
selected_5m,all83,US.TSLA,LONG,83,3,3.6144578313253013,2,33.333333333333336,0.4231995461636648,-0.13309160353317326,3.1797614194210357,1.5898807097105179,0.05233877969910609,0.18917631216544367,0.3641666666666765,-0.2660206189465719,-0.16360258992489382,-0.17123033652282396,-0.17123033652282396,-0.13309160353317326,0.0,0.0
selected_5m,all83,US.TSLA,SHORT,83,2,2.4096385542168677,2,50.0,1.753274224192534,-0.10771260773397079,16.277335226371836,16.277335226371836,0.8227808082292817,1.9826043571789917,2.6274999999999977,-0.1077126077339674,-0.014663266137645528,-0.10771260773397079,-0.10771260773397079,-0.10771260773397079,50.0,0.0
selected_5m,all83,ALL,LONG,830,48,5.783132530120482,2,14.583333333333334,1.611301140854706,-0.12796382797441005,12.59184854314401,2.149827800048978,0.12567897997983607,0.7268181974737508,1.3463043418333325,-1.4275734373044524,-0.35787520379634935,-0.5097594245784889,-0.6911950496845553,-0.03633572409091322,6.25,0.0
selected_5m,all83,ALL,SHORT,830,55,6.626506024096385,2,9.090909090909092,1.7609449912064354,-0.149215792884126,11.801331194037234,1.1801331194037235,0.02443518748774319,0.1619199170874549,0.20228642198181526,-1.2070058742988388,-0.3743819929046565,-0.6625496151404535,-1.2070058742988383,-0.05662017321253748,7.2727272727272725,0.0
selected_5m,all83,EXCLUDE_US.AAPL,BOTH_COUNTERFACTUAL,1494,101,6.760374832663989,2,11.881188118811881,1.6736527451679268,-0.14096827822298397,11.872548677373635,1.6007930800953216,0.07463025920959948,0.5045285261157662,0.7536850081980179,-1.4275734373044524,-0.3800742512457401,-0.5861545198594713,-1.2070058742988383,-0.04650645006503438,6.9306930693069315,0.0
selected_5m,all83,EXCLUDE_US.AMD,BOTH_COUNTERFACTUAL,1494,93,6.224899598393574,2,9.67741935483871,1.4803243005005453,-0.1214647065950537,12.187279268172432,1.3057799215899035,0.03354713280129462,0.20882753350203476,0.5768544259892437,-1.2070058742988388,-0.28955203381430134,-0.5189469227293546,-1.2070058742988383,-0.05022268174765929,5.376344086021505,0.0
selected_5m,all83,EXCLUDE_US.IWM,BOTH_COUNTERFACTUAL,1494,86,5.756358768406961,2,12.790697674418604,1.8162271303978628,-0.14924557245396083,12.169387007833222,1.7848434278155392,0.10215209884103982,0.5880241298747941,0.9172734798604634,-1.4275734373044524,-0.3849878531827931,-0.6273705735822176,-1.2070058742988383,0.012290710929698499,8.13953488372093,0.0
selected_5m,all83,EXCLUDE_US.META,BOTH_COUNTERFACTUAL,1494,96,6.42570281124498,2,12.5,1.6736527451679268,-0.1424561238197089,11.74854895873824,1.678364136962606,0.08455748480374559,0.5433412678152327,0.825496271354163,-1.4275734373044524,-0.3817121185580911,-0.6273705735822176,-1.2070058742988383,0.00396998389320548,7.291666666666667,0.0
selected_5m,all83,EXCLUDE_US.MSFT,BOTH_COUNTERFACTUAL,1494,95,6.358768406961178,2,12.631578947368421,1.6736527451679268,-0.1412877897678323,11.845699815377648,1.7126312986088166,0.08796785675036883,0.559367228332332,0.8331139376105245,-1.4275734373044524,-0.3724165521298353,-0.6245819737058899,-1.2070058742988383,0.006559322552978584,7.368421052631578,0.0
selected_5m,all83,EXCLUDE_US.MU,BOTH_COUNTERFACTUAL,1494,95,6.358768406961178,2,10.526315789473685,1.0658041902837319,-0.12562617059062123,8.483934400554759,0.9981099294770304,-0.0002124483933208783,-0.001350910131558463,0.08246663524210296,-1.4275734373044524,-0.3724165521298353,-0.4619842489715978,-0.6911950496845553,-0.047038375134770036,5.263157894736842,0.0
selected_5m,all83,EXCLUDE_US.NVDA,BOTH_COUNTERFACTUAL,1494,95,6.358768406961178,2,11.578947368421053,1.7982430142862063,-0.13719267280136613,13.107427514658786,1.7164488412053172,0.08691040675614226,0.5526431487171026,0.8134750574105241,-1.4275734373044524,-0.3743819929046565,-0.6273705735822176,-1.2070058742988383,0.005490623090728313,7.368421052631578,0.0
selected_5m,all83,EXCLUDE_US.QQQ,BOTH_COUNTERFACTUAL,1494,82,5.4886211512717535,2,10.975609756097562,2.0857414821721885,-0.14888561448850193,14.009019537164653,1.7271393949929024,0.09637833514498842,0.5289841688011413,0.9340896313902436,-1.4275734373044524,-0.38629814703267384,-0.6273705735822176,-1.2070058742988383,0.0020080667973333194,6.097560975609756,0.0
selected_5m,all83,EXCLUDE_US.SPY,BOTH_COUNTERFACTUAL,1494,86,5.756358768406961,2,13.953488372093023,1.6736527451679268,-0.15304673877589528,10.935566210389094,1.7733350611441778,0.10184156130928917,0.5862365644309818,0.9718133665581407,-1.4275734373044524,-0.3849878531827931,-0.6273705735822176,-1.2070058742988383,0.011976520015221395,8.13953488372093,0.0
selected_5m,all83,EXCLUDE_US.TSLA,BOTH_COUNTERFACTUAL,1494,98,6.5595716198125835,2,10.204081632653061,1.7907359171658916,-0.1401523951858727,12.7770625310469,1.4519389239826024,0.056877024441858444,0.3730889153482014,0.7081720573163243,-1.4275734373044524,-0.3810569716331507,-0.6273705735822176,-1.2070058742988383,-0.02233424408250441,6.122448979591836,0.0
selected_15m,fit28,US.AAPL,LONG,28,6,21.428571428571427,2,0.0,,-0.15812769867641138,,0.0,-0.15812769867641138,-3.3884506859231007,-0.41963808100000694,-0.9452522250503415,-0.28821845107275007,-0.3126764002484243,-0.3126764002484243,-0.1822459208616988,0.0,0.0
selected_15m,fit28,US.AAPL,SHORT,28,1,3.5714285714285716,2,100.0,2.330001688065019,,,,2.330001688065019,8.32143460023221,6.954002484,0.0,2.330001688065019,2.330001688065019,2.330001688065019,,100.0,0.0
selected_15m,fit28,US.AMD,LONG,28,0,0.0,2,,,,,,,0.0,,0.0,,,,,,0.0
selected_15m,fit28,US.AMD,SHORT,28,1,3.5714285714285716,2,100.0,4.455434098346992,,,,4.455434098346992,15.912264636953543,21.470000000000027,0.0,4.455434098346992,4.455434098346992,4.455434098346992,,0.0,0.0
selected_15m,fit28,US.IWM,LONG,28,3,10.714285714285714,2,0.0,,-0.24346690225154505,,0.0,-0.24346690225154505,-2.6085739526951253,-0.6519017060000086,-0.7288486444484654,-0.33969640660917566,-0.34215402348422713,-0.34215402348422713,-0.3298659391089697,0.0,0.0
selected_15m,fit28,US.IWM,SHORT,28,2,7.142857142857143,2,0.0,,-0.17565151785695438,,0.0,-0.17565151785695438,-1.2546536989782455,-0.44643814349998934,-0.3509958679149383,-0.18617327724023047,-0.18734236161615003,-0.18734236161615003,-0.18734236161615003,0.0,0.0
selected_15m,fit28,US.META,LONG,28,6,21.428571428571427,2,16.666666666666668,0.009191271959668124,-0.13249859520912435,0.06936882572348343,0.013873765144696687,-0.10888361734765896,-2.3332203717355493,-0.5320478080000347,-0.6518616230287155,-0.27745211460751673,-0.3102391830728037,-0.3102391830728037,-0.13249859520912438,0.0,0.0
selected_15m,fit28,US.META,SHORT,28,4,14.285714285714286,2,0.0,,-0.30591618893081135,,0.0,-0.30591618893081135,-4.370231270440162,-1.7123742572499907,-1.2185144953132054,-0.4862641223514916,-0.5019277108516461,-0.5019277108516461,-0.3668899085380647,0.0,0.0
selected_15m,fit28,US.MSFT,LONG,28,0,0.0,2,,,,,,,0.0,,0.0,,,,,,0.0
selected_15m,fit28,US.MSFT,SHORT,28,2,7.142857142857143,2,0.0,,-0.1053704586010296,,0.0,-0.1053704586010296,-0.7526461328644972,-0.3568282715000066,-0.21065828981000623,-0.15333458494874594,-0.15866393232071443,-0.15866393232071443,-0.15866393232071443,0.0,0.0
selected_15m,fit28,US.MU,LONG,28,1,3.5714285714285716,2,0.0,,-0.5136305733227322,,0.0,-0.5136305733227322,-1.8343949047240433,-4.64928502600003,-0.513630573322732,-0.5136305733227322,-0.5136305733227322,-0.5136305733227322,,0.0,0.0
selected_15m,fit28,US.MU,SHORT,28,1,3.5714285714285716,2,0.0,,-0.2545758354777694,,0.0,-0.2545758354777694,-0.9091994124206051,-2.1896632699999827,-0.2545758354777661,-0.2545758354777694,-0.2545758354777694,-0.2545758354777694,,0.0,0.0
selected_15m,fit28,US.NVDA,LONG,28,0,0.0,2,,,,,,,0.0,,0.0,,,,,,0.0
selected_15m,fit28,US.NVDA,SHORT,28,3,10.714285714285714,2,0.0,,-0.2311441932765966,,0.0,-0.2311441932765966,-2.476544927963535,-0.43617084400000294,-0.6921358395973853,-0.3363663600497728,-0.3374448136121181,-0.3374448136121181,-0.33205254580039145,0.0,0.0
selected_15m,fit28,US.QQQ,LONG,28,0,0.0,2,,,,,,,0.0,,0.0,,,,,,0.0
selected_15m,fit28,US.QQQ,SHORT,28,5,17.857142857142858,2,40.0,2.3848244587338043,-0.30276761807449826,7.8767487550369415,5.251165836691294,0.772269212648823,13.790521654443268,5.670764434599983,-0.4770525228774858,-0.39350588459737157,-0.4306803828819936,-0.4306803828819936,0.29623217890656073,20.0,0.0
selected_15m,fit28,US.SPY,LONG,28,3,10.714285714285714,2,0.0,,-0.07314536554296373,,0.0,-0.07314536554296373,-0.7837003451031829,-0.4006347883333395,-0.21928100832989683,-0.09601628950145849,-0.09988855218977351,-0.09988855218977351,-0.08052723874819841,0.0,0.0
selected_15m,fit28,US.SPY,SHORT,28,3,10.714285714285714,2,0.0,,-0.11886413329929484,,0.0,-0.11886413329929484,-1.2735442853495875,-0.7414237156666937,-0.3561800811686111,-0.14510870341000295,-0.14699252600326268,-0.14699252600326268,-0.13757341303696405,0.0,0.0
selected_15m,fit28,US.TSLA,LONG,28,2,7.142857142857143,2,0.0,,-0.7751939096082415,,0.0,-0.7751939096082415,-5.537099354344583,-3.2349499999999978,-1.545832401008207,-1.1183569307794905,-1.1564861553540737,-1.1564861553540737,-1.1564861553540737,0.0,0.0
selected_15m,fit28,US.TSLA,SHORT,28,1,3.5714285714285716,2,0.0,,-0.10849597212317116,,0.0,-0.10849597212317116,-0.38748561472561127,-0.37489999999996826,-0.1084959721231682,-0.10849597212317116,-0.10849597212317116,-0.10849597212317116,,0.0,0.0
selected_15m,fit28,ALL,LONG,280,21,7.5,2,4.761904761904762,0.009191271959668124,-0.23125571820134158,0.03974505811642587,0.001987252905821293,-0.21980586152700782,-1.6485439614525585,-0.9517576115714438,-1.545832401008207,-0.5136305733227322,-0.8350583643384029,-1.1564861553540737,-0.23125571820134155,0.0,0.0
selected_15m,fit28,ALL,SHORT,280,23,8.214285714285714,2,17.391304347826086,2.888771175969905,-0.21616359737849072,13.363818936228302,2.8134355655217482,0.323825058856013,2.6599915548886783,1.8358455586521714,-1.2185144953132054,-0.4273627233455225,-0.4663040468668198,-0.5019277108516461,0.13602464797005928,8.695652173913043,0.0
selected_15m,fit28,EXCLUDE_US.AAPL,BOTH_COUNTERFACTUAL,504,37,7.341269841269841,2,10.81081081081081,2.3085685719435673,-0.23586231885332387,9.787780359181497,1.186397619294727,0.03921129096255629,0.28786066778067115,0.48111794616215314,-1.545832401008207,-0.5042682833458634,-0.8350583643384029,-1.1564861553540737,-0.08346156479812245,2.7027027027027026,0.0
selected_15m,fit28,EXCLUDE_US.AMD,BOTH_COUNTERFACTUAL,504,43,8.531746031746032,2,9.30232558139535,1.777210469373074,-0.22390314651841428,7.937407298681764,0.8140930562750528,-0.037753042714554846,-0.32209937236624175,0.017849721069758077,-1.545832401008207,-0.49480297805468093,-0.7240148131761506,-1.1564861553540737,-0.10237614724627929,4.651162790697675,0.0
selected_15m,fit28,EXCLUDE_US.IWM,BOTH_COUNTERFACTUAL,504,39,7.738095238095238,2,12.820512820512821,2.3128551951678578,-0.2250152638749886,10.278659124444141,1.5115675183006092,0.1003527436946071,0.7765390881130312,0.6432338310512725,-1.545832401008207,-0.5030979970987547,-0.8350583643384029,-1.1564861553540737,-0.014254660375192518,5.128205128205128,0.0
selected_15m,fit28,EXCLUDE_US.META,BOTH_COUNTERFACTUAL,504,34,6.746031746031746,2,11.764705882352942,2.888771175969905,-0.22820216608164293,12.658824522009144,1.6878432696012193,0.13850058004206858,0.9343293098076055,0.9493918200882293,-1.545832401008207,-0.45971294953625214,-0.8350583643384029,-1.1564861553540737,0.007684412820707285,5.88235294117647,0.0
selected_15m,fit28,EXCLUDE_US.MSFT,BOTH_COUNTERFACTUAL,504,42,8.333333333333334,2,11.904761904761905,2.3128551951678578,-0.23031031883827283,10.042342899937443,1.357073364856411,0.07244748044817126,0.6037290037347605,0.5464570130714199,-1.545832401008207,-0.4983653444531635,-0.7240148131761506,-1.1564861553540737,-0.0344546321835073,4.761904761904762,0.0
selected_15m,fit28,EXCLUDE_US.MU,BOTH_COUNTERFACTUAL,504,42,8.333333333333334,2,11.904761904761905,2.3128551951678578,-0.21524368393020685,10.745287169112963,1.4520658336639138,0.08572046834337226,0.7143372361947687,0.6922972929047533,-1.545832401008207,-0.429021553113758,-0.6963647496959045,-1.1564861553540737,-0.020857912876228218,4.761904761904762,0.0
selected_15m,fit28,EXCLUDE_US.NVDA,BOTH_COUNTERFACTUAL,504,41,8.134920634920634,2,12.195121951219512,2.3128551951678578,-0.22329972595523237,10.357626661984996,1.4385592586090272,0.0859874595475835,0.6995011590180403,0.5742939155609667,-1.545832401008207,-0.5019277108516461,-0.7240148131761506,-1.1564861553540737,-0.02324870642240174,4.878048780487805,0.0
selected_15m,fit28,EXCLUDE_US.QQQ,BOTH_COUNTERFACTUAL,504,39,7.738095238095238,2,7.6923076923076925,2.264875686123893,-0.2173311072220739,10.421313888626127,0.8684428240521772,-0.026392123118538,-0.20422476222678215,-0.15682779915385353,-1.545832401008207,-0.5030979970987547,-0.8350583643384029,-1.1564861553540737,-0.14433491842026247,2.564102564102564,0.0
selected_15m,fit28,EXCLUDE_US.SPY,BOTH_COUNTERFACTUAL,504,38,7.5396825396825395,2,13.157894736842104,2.3128551951678578,-0.24715740053610244,9.357822950682868,1.4178519622246772,0.0896863620565239,0.6762066980452199,0.6753608820526243,-1.545832401008207,-0.503683140222309,-0.8350583643384029,-1.1564861553540737,-0.028306820005380644,5.263157894736842,0.0
selected_15m,fit28,EXCLUDE_US.TSLA,BOTH_COUNTERFACTUAL,504,41,8.134920634920634,2,12.195121951219512,2.3128551951678578,-0.19648163674662505,11.771355498989578,1.634910485970775,0.10953505007221431,0.8910589390795212,0.7093253172195022,-1.2185144953132054,-0.4306803828819936,-0.4820795556854573,-0.5136305733227322,0.0008875738653448852,4.878048780487805,0.0
selected_15m,validation28,US.AAPL,LONG,28,4,14.285714285714286,2,25.0,1.6739078753752932,-0.22107374379293823,7.571717231798935,2.523905743932978,0.2526716609991196,3.60959515713028,0.8155466277500238,-0.5851881184703256,-0.41780121101830353,-0.4713458906742959,-0.4713458906742959,-0.22107374379293823,25.0,0.0
selected_15m,validation28,US.AAPL,SHORT,28,4,14.285714285714286,2,0.0,,-0.22375081913608127,,0.0,-0.22375081913608127,-3.19644027337259,-0.6357017357499899,-0.8925199619526869,-0.40388638436168733,-0.41324922149771165,-0.41324922149771165,-0.2856641325857696,0.0,0.0
selected_15m,validation28,US.AMD,LONG,28,3,10.714285714285714,2,33.333333333333336,1.8863164156423942,-0.4297841298454984,4.388985736445177,2.1944928682225884,0.3422493853171324,3.6669576998264186,2.2625000000000077,-0.8577785060326915,-0.4903892514074063,-0.5055405317978833,-0.5055405317978833,-0.4297841298454984,33.33333333333333,0.0
selected_15m,validation28,US.AMD,SHORT,28,3,10.714285714285714,2,0.0,,-0.37131331274197926,,0.0,-0.37131331274197926,-3.978356922235492,-1.7444666666666346,-1.110872494541637,-0.6929511664357146,-0.7479887365672032,-0.7479887365672032,-0.47280088590976077,0.0,0.0
selected_15m,validation28,US.IWM,LONG,28,0,0.0,2,,,,,,,0.0,,0.0,,,,,,0.0
selected_15m,validation28,US.IWM,SHORT,28,5,17.857142857142858,2,0.0,,-0.20006925302827025,,0.0,-0.20006925302827025,-3.5726652326476827,-0.5250000000000113,-0.9964163120366076,-0.25983280022997574,-0.26718483932986387,-0.26718483932986387,-0.2195824346160064,0.0,0.0
selected_15m,validation28,US.META,LONG,28,4,14.285714285714286,2,25.0,0.6947707979626547,-0.38013939838685434,1.8276737452391378,0.6092245817463793,-0.11141184929947708,-1.5915978471353867,-0.5687499999999943,-1.136684434859847,-0.6018862379183019,-0.6597343060924443,-0.6597343060924443,-0.38013939838685434,25.0,0.0
selected_15m,validation28,US.META,SHORT,28,3,10.714285714285714,2,33.333333333333336,1.1915059221658153,-0.804618281508003,1.480833768694285,0.7404168843471425,-0.13924354695006355,-1.491895145893538,-0.9199999999999969,-1.6072704653246395,-1.3417518945619231,-1.4760352978254032,-1.4760352978254032,-0.804618281508003,33.33333333333333,0.0
selected_15m,validation28,US.MSFT,LONG,28,7,25.0,2,42.857142857142854,1.633745438624436,-0.6133402231183073,2.6636854669635825,1.9977641002226867,0.3496964890571541,8.742412226428852,1.4351554638571429,-1.2263039107525353,-1.1476256482353218,-1.2263039107525195,-1.2263039107525195,-0.07602762876847072,42.857142857142854,0.0
selected_15m,validation28,US.MSFT,SHORT,28,2,7.142857142857143,2,50.0,1.0065862978407554,-0.15861079875467865,6.346265864265837,6.346265864265837,0.42398774954303836,3.028483925307417,1.6579289499999845,-0.15861079875467698,-0.10035094392490695,-0.15861079875467865,-0.15861079875467865,-0.15861079875467865,50.0,0.0
selected_15m,validation28,US.MU,LONG,28,3,10.714285714285714,2,66.66666666666667,2.8119070591232327,-1.306792322004321,2.1517627642703085,4.303525528540617,1.4390072654140482,15.417934986579088,13.321016782999967,-1.3067923220043243,-1.0719341095537762,-1.306792322004321,-1.306792322004321,-0.1325012597515971,66.66666666666666,0.0
selected_15m,validation28,US.MU,SHORT,28,7,25.0,2,14.285714285714286,3.3622821154024227,-0.6125728850893468,5.488787044356391,0.9147978407260651,-0.04473645644766546,-1.1184114111916366,-0.41039883757144124,-3.623209878603406,-1.0444411053960845,-1.1248154983931207,-1.1248154983931207,-0.6125728850893468,28.57142857142857,0.0
selected_15m,validation28,US.NVDA,LONG,28,1,3.5714285714285716,2,0.0,,-0.3757350255082491,,0.0,-0.3757350255082491,-1.341910805386604,-0.7391728879999846,-0.37573502550825033,-0.3757350255082491,-0.3757350255082491,-0.3757350255082491,,0.0,0.0
selected_15m,validation28,US.NVDA,SHORT,28,0,0.0,2,,,,,,,0.0,,0.0,,,,,,0.0
selected_15m,validation28,US.QQQ,LONG,28,6,21.428571428571427,2,16.666666666666668,1.0893612810614242,-0.08401769221671443,12.965855789653638,2.5931711579307275,0.11154546999630865,2.3902600713494713,0.9569333333333437,-0.4194541216042458,-0.1597172660516684,-0.1819862670049736,-0.1819862670049736,-0.08401769221671443,16.666666666666664,0.0
selected_15m,validation28,US.QQQ,SHORT,28,5,17.857142857142858,2,20.0,0.24773957571324665,-0.11510993880740547,2.15219969952159,0.5380499248803975,-0.04254003590327505,-0.7596434982727687,-0.15299999999999728,-0.31375317561119775,-0.16981941177401724,-0.17836732254641888,-0.17836732254641888,-0.11510993880740547,20.0,0.0
selected_15m,validation28,US.SPY,LONG,28,6,21.428571428571427,2,33.333333333333336,0.5919558895236182,-0.06883520261099653,8.599609895374266,4.299804947687133,0.15142849476720838,3.2448963164401796,1.3158166666666677,-0.2750665350709114,-0.09540790465140833,-0.1066480734342404,-0.1066480734342404,0.004982655088469311,33.33333333333333,0.0
selected_15m,validation28,US.SPY,SHORT,28,3,10.714285714285714,2,0.0,,-0.29757829407404784,,0.0,-0.29757829407404784,-3.1883388650790843,-2.0299999999999727,-0.8909438467665232,-0.573242030424058,-0.6078000657678345,-0.6078000657678345,-0.4350098890489514,0.0,0.0
selected_15m,validation28,US.TSLA,LONG,28,1,3.5714285714285716,2,100.0,1.8467529107373852,,,,1.8467529107373852,6.595546109776376,7.647899999999993,0.0,1.8467529107373852,1.8467529107373852,1.8467529107373852,,100.0,0.0
selected_15m,validation28,US.TSLA,SHORT,28,1,3.5714285714285716,2,0.0,,-0.018414962751626105,,0.0,-0.018414962751626105,-0.06576772411295037,0.0049999999999954525,-0.0184149627516228,-0.018414962751626105,-0.018414962751626105,-0.018414962751626105,,0.0,0.0
selected_15m,validation28,ALL,LONG,280,35,12.5,2,34.285714285714285,1.5750059578288467,-0.3258489216410318,4.833546632276218,2.521850416839766,0.32587275132006943,4.073409391500868,2.2379729205428607,-1.3067923220043243,-1.0427212982123912,-1.2665481163784202,-1.306792322004321,0.20069182295462032,34.285714285714285,0.0
selected_15m,validation28,ALL,SHORT,280,33,11.785714285714286,2,12.121212121212121,1.45202847778056,-0.3387642673248887,4.286250404290739,0.591206952315964,-0.12169848003937969,-1.434303514749832,-0.592973966848483,-3.623209878603406,-0.9640667123990483,-1.3004253981092622,-1.4760352978254032,-0.23057287364693602,15.151515151515152,0.0
selected_15m,validation28,EXCLUDE_US.AAPL,BOTH_COUNTERFACTUAL,504,60,11.904761904761905,2,25.0,1.5356185019795405,-0.35023254316094143,4.38456828745889,1.4615227624862965,0.12123021812417908,1.4432168824307035,0.9673588624166674,-3.623209878603406,-1.1298899190110905,-1.336377176860748,-1.4760352978254032,0.045623538503481456,26.666666666666668,0.0
selected_15m,validation28,EXCLUDE_US.AMD,BOTH_COUNTERFACTUAL,504,62,12.301587301587302,2,24.193548387096776,1.5214579326284006,-0.32649320749465044,4.659998731071089,1.4872336375758795,0.12059174576092642,1.4834698883288568,0.922690505048388,-3.623209878603406,-1.1167768752582243,-1.2834867572438413,-1.4760352978254032,0.04745350690872294,25.806451612903224,0.0
selected_15m,validation28,EXCLUDE_US.IWM,BOTH_COUNTERFACTUAL,504,63,12.5,2,25.396825396825395,1.544261587816775,-0.3471987805324288,4.4477736513033035,1.5141357110819755,0.13317210666736906,1.6646513333421131,0.9743795446507973,-3.623209878603406,-1.108738252123328,-1.2834867572438413,-1.4760352978254032,0.061416425875788896,26.984126984126984,0.0
selected_15m,validation28,EXCLUDE_US.META,BOTH_COUNTERFACTUAL,504,61,12.103174603174603,2,22.950819672131146,1.6301363346385667,-0.3099794508933816,5.258852901185561,1.5664668216297415,0.1352930244746065,1.6374750978077375,1.045834611688527,-3.623209878603406,-0.9640430356951937,-1.1554886917112888,-1.306792322004321,0.06118083628676098,24.59016393442623,0.0
selected_15m,validation28,EXCLUDE_US.MSFT,BOTH_COUNTERFACTUAL,504,59,11.706349206349206,2,20.338983050847457,1.5666968992795283,-0.31290887784973614,5.006879031511152,1.2783520931517836,0.06938382258333463,0.8122312564318935,0.7694739858644103,-3.623209878603406,-0.883692319402012,-1.3025477060742816,-1.4760352978254032,-0.008420323850493037,22.033898305084744,0.0
selected_15m,validation28,EXCLUDE_US.MU,BOTH_COUNTERFACTUAL,504,58,11.507936507936508,2,22.413793103448278,1.2093914747245778,-0.2741435403916689,4.411526432454766,1.2744409693758212,0.058372928513696756,0.671751955117939,0.3736319452931098,-1.6072704653246395,-0.7803968814364017,-1.2221274147577055,-1.4760352978254032,0.008448923820763312,22.413793103448278,0.0
selected_15m,validation28,EXCLUDE_US.NVDA,BOTH_COUNTERFACTUAL,504,67,13.293650793650794,2,23.880597014925375,1.544261587816775,-0.33221478283641676,4.64838311718709,1.458316272058695,0.11589897731956941,1.540720531827609,0.8880609582238831,-3.623209878603406,-1.0765837595837424,-1.2834867572438413,-1.4760352978254032,0.04823041158584558,25.37313432835821,0.0
selected_15m,validation28,EXCLUDE_US.QQQ,BOTH_COUNTERFACTUAL,504,57,11.30952380952381,2,24.56140350877193,1.6693631820209807,-0.3822828077640071,4.366827772834402,1.4217578795274795,0.12163024235862141,1.3755801219129802,0.9435844090000018,-3.623209878603406,-1.1451131808650004,-1.336377176860748,-1.4760352978254032,0.04198034819100147,26.31578947368421,0.0
selected_15m,validation28,EXCLUDE_US.SPY,BOTH_COUNTERFACTUAL,504,59,11.706349206349206,2,23.728813559322035,1.6803052590015115,-0.3589025168333194,4.681787338320268,1.45655606081075,0.12497729438172529,1.463027850897181,0.965356123949154,-3.623209878603406,-1.1349643396290605,-1.336377176860748,-1.4760352978254032,0.04813165608235263,25.423728813559322,0.0
selected_15m,validation28,EXCLUDE_US.TSLA,BOTH_COUNTERFACTUAL,504,66,13.095238095238095,2,22.727272727272727,1.524095499622068,-0.3392210585767426,4.492927137297016,1.3214491580285341,0.08425997737753241,1.1034044656581625,0.7743638077727302,-3.623209878603406,-1.084622382718639,-1.2834867572438413,-1.4760352978254032,0.015063602941104618,24.242424242424242,0.0
selected_15m,development56,US.AAPL,LONG,56,10,17.857142857142858,2,10.0,1.6739078753752932,-0.17910971371525367,9.34571241644912,1.0384124907165688,0.006192045193801022,0.11057223560358968,0.07443580250000537,-1.022013692540169,-0.3999446199826537,-0.4713458906742959,-0.4713458906742959,-0.17910971371525367,10.0,0.0
selected_15m,development56,US.AAPL,SHORT,56,5,8.928571428571429,2,20.0,2.330001688065019,-0.22375081913608127,10.413377242869235,2.6033443107173087,0.28699968230413875,2.56249716342981,0.8822391082000081,-0.892519961952698,-0.40076543864967934,-0.41324922149771165,-0.41324922149771165,-0.22375081913608127,20.0,0.0
selected_15m,development56,US.AMD,LONG,56,3,5.357142857142857,2,33.333333333333336,1.8863164156423942,-0.4297841298454984,4.388985736445177,2.1944928682225884,0.3422493853171324,1.8334788499132093,2.2625000000000077,-0.8577785060326915,-0.4903892514074063,-0.5055405317978833,-0.5055405317978833,-0.4297841298454984,33.33333333333333,0.0
selected_15m,development56,US.AMD,SHORT,56,4,7.142857142857143,2,25.0,4.455434098346992,-0.37131331274197926,11.99912296557763,3.9997076551925432,0.8353735400302635,5.966953857359025,4.059150000000031,-1.110872494541637,-0.6654323813699705,-0.7479887365672032,-0.7479887365672032,-0.37131331274197926,0.0,0.0
selected_15m,development56,US.IWM,LONG,56,3,5.357142857142857,2,0.0,,-0.24346690225154505,,0.0,-0.24346690225154505,-1.3042869763475626,-0.6519017060000086,-0.7288486444484654,-0.33969640660917566,-0.34215402348422713,-0.34215402348422713,-0.3298659391089697,0.0,0.0
selected_15m,development56,US.IWM,SHORT,56,7,12.5,2,0.0,,-0.1930927572650371,,0.0,-0.1930927572650371,-2.4136594658129638,-0.5025537552857193,-1.3439147998690615,-0.25615678068003167,-0.26718483932986387,-0.26718483932986387,-0.20493879569632242,0.0,0.0
selected_15m,development56,US.META,LONG,56,10,17.857142857142858,2,20.0,0.35198103496116145,-0.2253638964007731,1.5618341738963384,0.3904585434740846,-0.1098949101283862,-1.9624091094354679,-0.5467286848000186,-1.7811364482827607,-0.5024615007336061,-0.6597343060924443,-0.6597343060924443,-0.19930221102739074,10.0,0.0
selected_15m,development56,US.META,SHORT,56,7,12.5,2,14.285714285714286,1.1915059221658153,-0.47215021978987526,2.5235737954248556,0.4205956325708093,-0.234485056653348,-2.9310632081668504,-1.3727852898571362,-1.6481302556938138,-1.183803021733276,-1.4760352978254032,-1.4760352978254032,-0.4721502197898752,14.285714285714285,0.0
selected_15m,development56,US.MSFT,LONG,56,7,12.5,2,42.857142857142854,1.633745438624436,-0.6133402231183073,2.6636854669635825,1.9977641002226867,0.3496964890571541,4.371206113214426,1.4351554638571429,-1.2263039107525353,-1.1476256482353218,-1.2263039107525195,-1.2263039107525195,-0.07602762876847072,42.857142857142854,0.0
selected_15m,development56,US.MSFT,SHORT,56,4,7.142857142857143,2,25.0,1.0065862978407554,-0.12311723865224597,8.175835560152022,2.725278520050674,0.1593086454710044,1.13791889622146,0.650550339249989,-0.36893496176857443,-0.15865596228580905,-0.15866393232071443,-0.15866393232071443,-0.12311723865224597,25.0,0.0
selected_15m,development56,US.MU,LONG,56,4,7.142857142857143,2,50.0,2.8119070591232327,-0.9102114476635266,3.0892899296545617,3.0892899296545617,0.9508478057298532,6.791770040927522,8.828441330749968,-1.3067923220043243,-1.1878180597020827,-1.306792322004321,-1.306792322004321,-0.2595443642753088,50.0,0.0
selected_15m,development56,US.MU,SHORT,56,8,14.285714285714286,2,12.5,3.3622821154024227,-0.56143044943055,5.988777628311276,0.8555396611873252,-0.07096637882642842,-1.0138054118061204,-0.6328068916250089,-3.868561897261602,-1.0310453732299119,-1.1248154983931207,-1.1248154983931207,-0.5614304494305501,25.0,0.0
selected_15m,development56,US.NVDA,LONG,56,1,1.7857142857142858,2,0.0,,-0.3757350255082491,,0.0,-0.3757350255082491,-0.670955402693302,-0.7391728879999846,-0.37573502550825033,-0.3757350255082491,-0.3757350255082491,-0.3757350255082491,,0.0,0.0
selected_15m,development56,US.NVDA,SHORT,56,3,5.357142857142857,2,0.0,,-0.2311441932765966,,0.0,-0.2311441932765966,-1.2382724639817675,-0.43617084400000294,-0.6921358395973853,-0.3363663600497728,-0.3374448136121181,-0.3374448136121181,-0.33205254580039145,0.0,0.0
selected_15m,development56,US.QQQ,LONG,56,6,10.714285714285714,2,16.666666666666668,1.0893612810614242,-0.08401769221671443,12.965855789653638,2.5931711579307275,0.11154546999630865,1.1951300356747356,0.9569333333333437,-0.4194541216042458,-0.1597172660516684,-0.1819862670049736,-0.1819862670049736,-0.08401769221671443,16.666666666666664,0.0
selected_15m,development56,US.QQQ,SHORT,56,10,17.857142857142858,2,30.0,1.6724628310602851,-0.19553465849330237,8.553280753128336,3.6656917513407152,0.3648645883727739,6.515439078085249,2.7588822172999925,-0.6891468203778728,-0.34703776174159395,-0.4306803828819936,-0.4306803828819936,0.10802539290109643,20.0,0.0
selected_15m,development56,US.SPY,LONG,56,9,16.071428571428573,2,22.22222222222222,0.5919558895236182,-0.07068241529612533,8.374867879706823,2.3928193942019496,0.07657054133048434,1.2305979856684985,0.7436661816666654,-0.49374437472911037,-0.10394426493645363,-0.1066480734342404,-0.1066480734342404,-0.02431535264831808,22.22222222222222,0.0
selected_15m,development56,US.SPY,SHORT,56,6,10.714285714285714,2,0.0,,-0.20822121368667137,,0.0,-0.20822121368667137,-2.230941575214336,-1.3857118578333332,-1.24395056341855,-0.5214049774083929,-0.6078000657678345,-0.6078000657678345,-0.24532243559915748,0.0,0.0
selected_15m,development56,US.TSLA,LONG,56,3,5.357142857142857,2,33.333333333333336,1.8467529107373852,-0.7751939096082415,2.382310913240631,1.1911554566203155,0.09878836384030071,0.5292233777158967,0.3926666666666658,-1.545832401008207,-1.0802277062049073,-1.1564861553540737,-1.1564861553540737,-0.7751939096082415,33.33333333333333,0.0
selected_15m,development56,US.TSLA,SHORT,56,2,3.5714285714285716,2,0.0,,-0.06345546743739865,,0.0,-0.06345546743739865,-0.22662666941928086,-0.1849499999999864,-0.12689095538194195,-0.10399192165459392,-0.10849597212317116,-0.10849597212317116,-0.10849597212317116,0.0,0.0
selected_15m,development56,ALL,LONG,560,56,10.0,2,23.214285714285715,1.4545586743004482,-0.2818520828318736,5.160716428581799,1.5602165946875208,0.12124327150241543,1.2124327150241543,1.0418239709999964,-1.7811364482827607,-1.0121538156099137,-1.2298607960369712,-1.306792322004321,0.040138161607089565,21.428571428571427,0.0
selected_15m,development56,ALL,SHORT,560,56,10.0,2,14.285714285714286,2.1703998268752325,-0.2902348354711061,7.478081751807161,1.2463469586345268,0.06128440200694225,0.6128440200694225,0.4045769096964286,-3.868561897261602,-0.775216766192819,-1.1525838837627302,-1.4760352978254032,-0.018609228835604102,12.5,0.0
selected_15m,development56,EXCLUDE_US.AAPL,BOTH_COUNTERFACTUAL,1008,97,9.623015873015873,2,19.587628865979383,1.6983448324982835,-0.30184514056925704,5.62654356235563,1.3705683036507303,0.08994464796974566,0.8655387751056874,0.7818855232268012,-3.868561897261602,-0.996197528234779,-1.2580866368658876,-1.4760352978254032,0.043152151430416556,17.525773195876287,0.0
selected_15m,development56,EXCLUDE_US.AMD,BOTH_COUNTERFACTUAL,1008,105,10.416666666666666,2,18.095238095238095,1.5753005719430688,-0.2799698077496131,5.626680193143955,1.2431037636015716,0.055745784766205515,0.5806852579813075,0.5521366601809491,-3.868561897261602,-0.9426145995700883,-1.2090793700041054,-1.4760352978254032,-0.020300961463069717,17.142857142857142,0.0
selected_15m,development56,EXCLUDE_US.IWM,BOTH_COUNTERFACTUAL,1008,102,10.119047619047619,2,20.58823529411765,1.7272600657575095,-0.2959118723058489,5.837075924997852,1.5133159805549985,0.12062352670719535,1.2205952107275717,0.8477650070980379,-3.868561897261602,-0.9586859266639172,-1.2090793700041054,-1.4760352978254032,0.03266141310041595,18.627450980392158,0.0
selected_15m,development56,EXCLUDE_US.META,BOTH_COUNTERFACTUAL,1008,95,9.424603174603174,2,18.94736842105263,1.9098329660455309,-0.2781181710966003,6.866983766343618,1.6052689323920146,0.1364409917303298,1.2859022038076717,1.0113182441684205,-3.868561897261602,-0.8890435092573248,-1.1556881844398457,-1.306792322004321,0.08914755211314884,17.894736842105264,0.0
selected_15m,development56,EXCLUDE_US.MSFT,BOTH_COUNTERFACTUAL,1008,101,10.01984126984127,2,16.831683168316832,1.7861552215996253,-0.2765261792375439,6.459262651097012,1.3072317270077283,0.0706578189231677,0.7079801300833272,0.6767342546039589,-3.868561897261602,-0.7479887365672032,-1.111503144202298,-1.4760352978254032,-0.01920220911972118,14.85148514851485,0.0
selected_15m,development56,EXCLUDE_US.MU,BOTH_COUNTERFACTUAL,1008,100,9.920634920634921,2,18.0,1.5159091748477111,-0.24756677589076534,6.123233496875124,1.3441244261433198,0.06985889524216049,0.693044595656354,0.5074713912900001,-1.7811364482827607,-0.6641470276161823,-1.1141714272388785,-1.4760352978254032,0.02556015581685914,15.0,0.0
selected_15m,development56,EXCLUDE_US.NVDA,BOTH_COUNTERFACTUAL,1008,108,10.714285714285714,2,19.444444444444443,1.7272600657575095,-0.287146483437306,6.015257596336297,1.4519587301501407,0.1045436789061303,1.1201108454228246,0.7689456920277759,-3.868561897261602,-0.9265432724762592,-1.2090793700041054,-1.4760352978254032,0.021257159507261696,17.59259259259259,0.0
selected_15m,development56,EXCLUDE_US.QQQ,BOTH_COUNTERFACTUAL,1008,96,9.523809523809524,2,17.708333333333332,1.7744536239214945,-0.307114944225911,5.777815952245627,1.2433274833946286,0.06149615638352543,0.5856776798430994,0.4965419494374981,-3.868561897261602,-1.0042361513696756,-1.2580866368658876,-1.4760352978254032,0.013911649442874775,16.666666666666664,0.0
selected_15m,development56,EXCLUDE_US.SPY,BOTH_COUNTERFACTUAL,1008,97,9.623015873015873,2,19.587628865979383,1.8467657685189716,-0.3116257368614199,5.926229929270024,1.4435688289247495,0.11115198068731649,1.0696172744712003,0.8517497405257712,-3.868561897261602,-0.996197528234779,-1.2580866368658876,-1.4760352978254032,0.06458039386379542,17.525773195876287,0.0
selected_15m,development56,EXCLUDE_US.TSLA,BOTH_COUNTERFACTUAL,1008,107,10.615079365079366,2,18.69158878504673,1.7212854235085153,-0.28015647023324575,6.144014529007487,1.4124171331051696,0.09394481831661615,0.9972317023688422,0.749442516999998,-3.868561897261602,-0.8242272195189274,-1.159148486623371,-1.4760352978254032,0.009663210912243788,16.822429906542055,0.0
selected_15m,stress27,US.AAPL,LONG,27,7,25.925925925925927,2,0.0,,-0.27472303532433556,,0.0,-0.27472303532433556,-7.122449063964256,-0.8213263969999909,-1.909182267896281,-0.660098775437997,-0.7531013916501036,-0.7531013916501036,-0.3127595920572456,0.0,0.0
selected_15m,stress27,US.AAPL,SHORT,27,0,0.0,2,,,,,,,0.0,,0.0,,,,,,0.0
selected_15m,stress27,US.AMD,LONG,27,2,7.407407407407407,2,0.0,,-0.462794891335632,,0.0,-0.462794891335632,-3.428110306189867,-2.2775000000000034,-0.9235182194281655,-0.5382167554084605,-0.5465969625276637,-0.5465969625276637,-0.5465969625276637,0.0,0.0
selected_15m,stress27,US.AMD,SHORT,27,1,3.7037037037037037,2,0.0,,-0.21621137409598623,,0.0,-0.21621137409598623,-0.8007828670221713,-0.9549999999999841,-0.216211374095987,-0.21621137409598623,-0.21621137409598623,-0.21621137409598623,,0.0,0.0
selected_15m,stress27,US.IWM,LONG,27,3,11.11111111111111,2,0.0,,-0.09728158527342068,,0.0,-0.09728158527342068,-1.0809065030380076,-0.22833333333331515,-0.2916188192287339,-0.16802433070384373,-0.17666507731080291,-0.17666507731080291,-0.13346134427600695,0.0,0.0
selected_15m,stress27,US.IWM,SHORT,27,5,18.51851851851852,2,20.0,0.7792076232111861,-0.19458754559896982,4.004406452698025,1.0011016131745063,0.0001714881630613535,0.0031757067233583983,0.06200000000002319,-0.5185321961472145,-0.4411427244748938,-0.518532196147213,-0.518532196147213,-0.19458754559896982,20.0,0.0
selected_15m,stress27,US.META,LONG,27,6,22.22222222222222,2,0.0,,-0.22293721784581536,,0.0,-0.22293721784581536,-4.954160396573674,-1.2241500000000087,-1.3323999321304347,-0.6595265650846175,-0.8245378838970526,-0.8245378838970526,-0.25696190505730676,33.33333333333333,0.0
selected_15m,stress27,US.META,SHORT,27,0,0.0,2,,,,,,,0.0,,0.0,,,,,,0.0
selected_15m,stress27,US.MSFT,LONG,27,2,7.407407407407407,2,0.0,,-0.06952405751586553,,0.0,-0.06952405751586553,-0.514993018636041,-0.2550000000000523,-0.13901264664616386,-0.10180830094810263,-0.1053954391072401,-0.1053954391072401,-0.1053954391072401,0.0,0.0
selected_15m,stress27,US.MSFT,SHORT,27,0,0.0,2,,,,,,,0.0,,0.0,,,,,,0.0
selected_15m,stress27,US.MU,LONG,27,3,11.11111111111111,2,0.0,,-0.6970750461741458,,0.0,-0.6970750461741458,-7.745278290823843,-6.748333333333373,-2.0804116975758125,-1.2525778803359378,-1.3155735852932124,-1.3155735852932124,-1.0005950605068394,0.0,0.0
selected_15m,stress27,US.MU,SHORT,27,0,0.0,2,,,,,,,0.0,,0.0,,,,,,0.0
selected_15m,stress27,US.NVDA,LONG,27,4,14.814814814814815,2,25.0,0.6903198687354457,-0.3012966338965571,2.291163561330892,0.7637211871102974,-0.053392508238556374,-0.7910001220526871,-0.0824077879999976,-0.7250572307842318,-0.4687045470814687,-0.5139748359410861,-0.5139748359410861,-0.3012966338965571,25.0,0.0
selected_15m,stress27,US.NVDA,SHORT,27,2,7.407407407407407,2,50.0,3.0224107147259396,-0.12715117650644936,23.770214305273353,23.770214305273353,1.447629769109745,10.723183474887001,3.2888199105000098,-0.12715117650644592,0.030326918055170064,-0.12715117650644936,-0.12715117650644936,-0.12715117650644936,50.0,0.0
selected_15m,stress27,US.QQQ,LONG,27,4,14.814814814814815,2,0.0,,-0.0918520947707964,,0.0,-0.0918520947707964,-1.360771774382169,-0.5212499999999807,-0.3669992904252961,-0.18933561832743948,-0.2088456979020214,-0.2088456979020214,-0.11186801771497008,0.0,0.0
selected_15m,stress27,US.QQQ,SHORT,27,6,22.22222222222222,2,16.666666666666668,0.43500435642469987,-0.14424789459041054,3.0156721362199934,0.6031344272439987,-0.04770585275455881,-1.060130061212418,-0.19158333333333152,-0.7193038565024734,-0.23379959166798808,-0.24640876565295236,-0.24640876565295236,-0.14424789459041054,16.666666666666664,0.0
selected_15m,stress27,US.SPY,LONG,27,1,3.7037037037037037,2,0.0,,-0.034335796483807066,,0.0,-0.034335796483807066,-0.12716961660669282,-0.10999999999989996,-0.03433579648380869,-0.034335796483807066,-0.034335796483807066,-0.034335796483807066,,0.0,0.0
selected_15m,stress27,US.SPY,SHORT,27,1,3.7037037037037037,2,0.0,,-0.10496839122989159,,0.0,-0.10496839122989159,-0.3887718193699689,-0.6430000000000291,-0.1049683912298871,-0.10496839122989159,-0.10496839122989159,-0.10496839122989159,,0.0,0.0
selected_15m,stress27,US.TSLA,LONG,27,6,22.22222222222222,2,50.0,1.2116807930962232,-0.43952019225470984,2.7568262265275685,2.7568262265275685,0.38608030042075664,8.579562231572371,1.4916000000000054,-1.314448883447683,-0.7526665355925745,-0.885491730697813,-0.885491730697813,0.09605184448336068,50.0,0.0
selected_15m,stress27,US.TSLA,SHORT,27,2,7.407407407407407,2,50.0,0.6230408688196628,-0.46225835258763726,1.3478196020298923,1.3478196020298923,0.08039125811601278,0.5954908008593539,0.34499999999999886,-0.46225835258763004,-0.4079933915172722,-0.46225835258763726,-0.46225835258763726,-0.46225835258763726,50.0,0.0
selected_15m,stress27,ALL,LONG,270,38,14.074074074074074,2,10.526315789473685,1.081340562006029,-0.27448785295328615,3.9394842080318115,0.46346873035668373,-0.131769072431253,-1.8545276860694866,-0.8595846297631564,-2.0804116975758125,-0.8336809609171667,-1.1005326579955126,-1.3155735852932124,-0.1849580360133879,15.789473684210526,0.0
selected_15m,stress27,ALL,SHORT,270,17,6.296296296296297,2,23.529411764705884,1.214915890795372,-0.18539838075137666,6.553001627477002,2.0163081930698468,0.14408733020079953,0.9072165234865155,0.2841258718235371,-0.7193038565024734,-0.4735131212995524,-0.518532196147213,-0.518532196147213,-0.035807881332021736,23.52941176470588,0.0
selected_15m,stress27,EXCLUDE_US.AAPL,BOTH_COUNTERFACTUAL,486,48,9.876543209876543,2,16.666666666666668,1.1481282264007004,-0.2454926175727319,4.676834023575252,0.9353668047150504,-0.013222476910493188,-0.13059236454808087,-0.4600998193958308,-2.0804116975758125,-0.7759154120352474,-1.0085343999626926,-1.3155735852932124,-0.07781041715807684,20.833333333333336,0.0
selected_15m,stress27,EXCLUDE_US.AMD,BOTH_COUNTERFACTUAL,486,52,10.699588477366255,2,15.384615384615385,1.1481282264007004,-0.24093101803209943,4.7653815427274475,0.8664330077686269,-0.027229595811668682,-0.2913454695898707,-0.42930915596153507,-2.0804116975758125,-0.7852478131612306,-1.0085343999626926,-1.3155735852932124,-0.0870264646457394,19.230769230769234,0.0
selected_15m,stress27,EXCLUDE_US.IWM,BOTH_COUNTERFACTUAL,486,47,9.670781893004115,2,14.893617021276595,1.2008311697134881,-0.2668142752990871,4.500625644439037,0.7876094877768313,-0.04822878348870353,-0.46641004608417,-0.5842356619148933,-2.0804116975758125,-0.8031069362229679,-1.0085343999626926,-1.3155735852932124,-0.11498181605858711,19.148936170212767,0.0
selected_15m,stress27,EXCLUDE_US.META,BOTH_COUNTERFACTUAL,486,49,10.08230452674897,2,16.3265306122449,1.1481282264007004,-0.25378396690499355,4.524037670317106,0.88273905762285,-0.0249003435081455,-0.25105284606977973,-0.4181464512244849,-2.0804116975758125,-0.7261074492782486,-0.9847222358803762,-1.3155735852932124,-0.08838599055468895,16.3265306122449,0.0
selected_15m,stress27,EXCLUDE_US.MSFT,BOTH_COUNTERFACTUAL,486,53,10.905349794238683,2,15.09433962264151,1.1481282264007004,-0.25786039633661983,4.45251866014312,0.7915588729143324,-0.045635698564948896,-0.49767325595520395,-0.5155486058490512,-2.0804116975758125,-0.7816759885488833,-1.0085343999626926,-1.3155735852932124,-0.10463659112823519,18.867924528301888,0.0
selected_15m,stress27,EXCLUDE_US.MU,BOTH_COUNTERFACTUAL,486,52,10.699588477366255,2,15.384615384615385,1.1481282264007004,-0.2193532002649361,5.234153069177857,0.9516641943959742,-0.008971442316376626,-0.09599074083365938,-0.14594377134614797,-1.909182267896281,-0.6395239556327615,-0.8210436687483231,-0.885491730697813,-0.06841030814073576,19.230769230769234,0.0
selected_15m,stress27,EXCLUDE_US.NVDA,BOTH_COUNTERFACTUAL,486,49,10.08230452674897,2,12.244897959183673,0.9120492046240363,-0.24910988074380247,3.6612325528830993,0.5108696585418279,-0.10692713559672011,-1.0780719432591124,-0.6955527505918335,-2.0804116975758125,-0.7959632869982729,-1.0085343999626926,-1.3155735852932124,-0.14740942134056298,16.3265306122449,0.0
selected_15m,stress27,EXCLUDE_US.QQQ,BOTH_COUNTERFACTUAL,486,45,9.25925925925926,2,15.555555555555555,1.2500030649687006,-0.2803715288985365,4.4583808843909525,0.8212806892299123,-0.04231325874141073,-0.3917894327908401,-0.5466572468888867,-2.0804116975758125,-0.8102505854476628,-1.0085343999626926,-1.3155735852932124,-0.11196607632021412,20.0,0.0
selected_15m,stress27,EXCLUDE_US.SPY,BOTH_COUNTERFACTUAL,486,53,10.905349794238683,2,15.09433962264151,1.1481282264007004,-0.2578547058325762,4.4526169211981514,0.7915763415463382,-0.04563086700491177,-0.49762056610294725,-0.5109637001886771,-2.0804116975758125,-0.7816759885488833,-1.0085343999626926,-1.3155735852932124,-0.10463166665358196,18.867924528301888,0.0
selected_15m,stress27,EXCLUDE_US.TSLA,BOTH_COUNTERFACTUAL,486,47,9.670781893004115,2,8.51063829787234,1.2317356407743179,-0.23167318653088045,5.316694863219037,0.4945762663459569,-0.10712775441979973,-1.0360091476811908,-0.7973122576595711,-2.0804116975758125,-0.7328559348712124,-0.9644042869467897,-1.3155735852932124,-0.17516119940122887,12.76595744680851,0.0
selected_15m,all83,US.AAPL,LONG,83,17,20.481927710843372,2,5.882352941176471,1.6739078753752932,-0.22094054191922696,7.57628211117203,0.47351763194825186,-0.10947887031366697,-2.2423383076293235,-0.29440745611764013,-2.483198078574922,-0.5276969908694574,-0.7531013916501036,-0.7531013916501036,-0.22094054191922696,5.88235294117647,0.0
selected_15m,all83,US.AAPL,SHORT,83,5,6.024096385542169,2,20.0,2.330001688065019,-0.22375081913608127,10.413377242869235,2.6033443107173087,0.28699968230413875,1.7289137488201127,0.8822391082000081,-0.892519961952698,-0.40076543864967934,-0.41324922149771165,-0.41324922149771165,-0.22375081913608127,20.0,0.0
selected_15m,all83,US.AMD,LONG,83,5,6.024096385542169,2,20.0,1.8863164156423942,-0.4462895105905652,4.226665361563781,1.0566663403909453,0.02023167465602665,0.12187755816883525,0.44650000000000317,-1.7733749846753133,-0.5383856763817075,-0.5465969625276637,-0.5465969625276637,-0.4462895105905652,20.0,0.0
selected_15m,all83,US.AMD,SHORT,83,5,6.024096385542169,2,20.0,4.455434098346992,-0.33253782808048105,13.398277495421318,3.3495693738553296,0.6250565572050136,3.765400947018154,3.056320000000028,-1.3246820359527178,-0.6416332640729598,-0.7479887365672032,-0.7479887365672032,-0.33253782808048105,0.0,0.0
selected_15m,all83,US.IWM,LONG,83,6,7.228915662650603,2,0.0,,-0.1703742437624829,,0.0,-0.1703742437624829,-1.231621039246864,-0.44011751966666185,-1.0183420038662905,-0.3360099812965984,-0.34215402348422713,-0.34215402348422713,-0.19946467906132984,0.0,0.0
selected_15m,all83,US.IWM,SHORT,83,12,14.457831325301205,2,8.333333333333334,0.7792076232111861,-0.19363631665919448,4.02407790364353,0.36582526396759363,-0.11256598833666277,-1.627460072337293,-0.26732302391665996,-1.600038284007288,-0.380291149897671,-0.518532196147213,-0.518532196147213,-0.19363631665919445,8.333333333333332,0.0
selected_15m,all83,US.META,LONG,83,16,19.27710843373494,2,12.5,0.35198103496116145,-0.22432389130579122,1.5690751123844944,0.2241535874834992,-0.15228577552242215,-2.9356294076611498,-0.8007616780000149,-2.4165007811386863,-0.7009352005435964,-0.8245378838970526,-0.8245378838970526,-0.20875621375476058,18.75,0.0
selected_15m,all83,US.META,SHORT,83,7,8.433734939759036,2,14.285714285714286,1.1915059221658153,-0.47215021978987526,2.5235737954248556,0.4205956325708093,-0.234485056653348,-1.9775848151487183,-1.3727852898571362,-1.6481302556938138,-1.183803021733276,-1.4760352978254032,-1.4760352978254032,-0.4721502197898752,14.285714285714285,0.0
selected_15m,all83,US.MSFT,LONG,83,9,10.843373493975903,2,33.333333333333336,1.633745438624436,-0.4320681679174933,3.781221482940655,1.8906107414703275,0.25653636759648313,2.781719648636564,1.0595653607777662,-1.2263039107525353,-1.1213995607295892,-1.2263039107525195,-1.2263039107525195,-0.07440173595531946,33.33333333333333,0.0
selected_15m,all83,US.MSFT,SHORT,83,4,4.819277108433735,2,25.0,1.0065862978407554,-0.12311723865224597,8.175835560152022,2.725278520050674,0.1593086454710044,0.7677525082939971,0.650550339249989,-0.36893496176857443,-0.15865596228580905,-0.15866393232071443,-0.15866393232071443,-0.12311723865224597,25.0,0.0
selected_15m,all83,US.MU,LONG,83,7,8.433734939759036,2,28.571428571428573,2.8119070591232327,-0.7823296067698983,3.5942741202561717,1.4377096481024687,0.24459515491385359,2.062850704092741,2.152680760428536,-2.0804116975758236,-1.312939206306545,-1.3155735852932124,-1.3155735852932124,-0.4783097052247273,28.57142857142857,0.0
selected_15m,all83,US.MU,SHORT,83,8,9.63855421686747,2,12.5,3.3622821154024227,-0.56143044943055,5.988777628311276,0.8555396611873252,-0.07096637882642842,-0.684013289893286,-0.6328068916250089,-3.868561897261602,-1.0310453732299119,-1.1248154983931207,-1.1248154983931207,-0.5614304494305501,25.0,0.0
selected_15m,all83,US.NVDA,LONG,83,5,6.024096385542169,2,20.0,0.6903198687354457,-0.31990623179948013,2.1578819044955146,0.5394704761238787,-0.11786101169249497,-0.7100060945331023,-0.213760807999995,-1.0980679623214473,-0.4863268738545187,-0.5139748359410861,-0.5139748359410861,-0.3199062317994801,20.0,0.0
selected_15m,all83,US.NVDA,SHORT,83,5,6.024096385542169,2,20.0,3.0224107147259396,-0.20514593908405981,14.732978523584073,3.6832446308960183,0.4403653916779401,2.65280356432494,1.0538254578000021,-0.8184069572407582,-0.33528790648742746,-0.3374448136121181,-0.3374448136121181,-0.20514593908405976,20.0,0.0
selected_15m,all83,US.QQQ,LONG,83,10,12.048192771084338,2,10.0,1.0893612810614242,-0.08749964890741752,12.449893167160774,1.3833214630178639,0.030186444089466635,0.36369209746345343,0.365660000000014,-0.4194541216042458,-0.1967589539983499,-0.2088456979020214,-0.2088456979020214,-0.08749964890741752,10.0,0.0
selected_15m,all83,US.QQQ,SHORT,83,16,19.27710843373494,2,25.0,1.3630982124013888,-0.1741651735337641,7.826468315935363,2.6088227719784545,0.21015067295002415,4.051097309879983,1.652457635812496,-0.9745945191767746,-0.29247666996021265,-0.4306803828819936,-0.4306803828819936,0.04573289463883433,18.75,0.0
selected_15m,all83,US.SPY,LONG,83,10,12.048192771084338,2,20.0,0.5919558895236182,-0.06613908794458555,8.950167108738889,2.237541777184722,0.06547990754905521,0.7889145487837977,0.6582995635000088,-0.49374437472911037,-0.1036062888742303,-0.1066480734342404,-0.1066480734342404,-0.02542873529670575,20.0,0.0
selected_15m,all83,US.SPY,SHORT,83,7,8.433734939759036,2,0.0,,-0.19347081047855996,,0.0,-0.19347081047855996,-1.6316815341565296,-1.2796101638571469,-1.3476131997543161,-0.5041259597365045,-0.6078000657678345,-0.6078000657678345,-0.2219300948709465,0.0,0.0
selected_15m,all83,US.TSLA,LONG,83,9,10.843373493975903,2,44.44444444444444,1.3704488225065137,-0.5737896791961226,2.388416648459952,1.9107333187679614,0.2903163215606047,3.148008306078846,1.1252888888888921,-1.545832401008207,-1.0480883854915695,-1.1564861553540737,-1.1564861553540737,0.09576174791350711,44.44444444444444,0.0
selected_15m,all83,US.TSLA,SHORT,83,4,4.819277108433735,2,25.0,0.6230408688196628,-0.19638976248747816,3.1724712170747082,1.0574904056915695,0.008467895339307079,0.040809134165335326,0.08002500000000623,-0.46225835258764114,-0.4091939955179673,-0.46225835258763726,-0.46225835258763726,-0.19638976248747816,25.0,0.0
selected_15m,all83,ALL,LONG,830,94,11.325301204819278,2,18.085106382978722,1.366742647878232,-0.2786003449634064,4.905746430636154,1.0830868742962938,0.018961685656889906,0.21474680141537963,0.2731694302659559,-2.483198078574922,-0.9129846874468961,-1.1938398018198642,-1.3155735852932124,-0.0301035039139536,19.148936170212767,0.0
selected_15m,all83,ALL,SHORT,830,73,8.795180722891565,2,16.438356164383563,1.8519051815152792,-0.26789264020296705,6.912863228016252,1.3599075202654922,0.08056727569592273,0.7086037500966698,0.37652666800000184,-3.868561897261602,-0.7456113928912562,-1.0514350969638484,-1.4760352978254032,0.01980523649243563,15.068493150684931,0.0
selected_15m,all83,EXCLUDE_US.AAPL,BOTH_COUNTERFACTUAL,1494,145,9.705488621151272,2,18.620689655172413,1.5353176899508512,-0.2827425904009434,5.430089919504849,1.2424782019206009,0.055792772147321756,0.541496115218317,0.3707455477379299,-3.868561897261602,-0.8797735555721836,-1.1819426920019571,-1.4760352978254032,-0.006625919249864847,18.620689655172416,0.0
selected_15m,all83,EXCLUDE_US.AMD,BOTH_COUNTERFACTUAL,1494,157,10.508701472556893,2,17.197452229299362,1.448730988078663,-0.26675667892214694,5.430908024242856,1.1279578204196703,0.02826349310983954,0.29701261166297244,0.22707180387897985,-3.868561897261602,-0.8626190301952958,-1.1819426920019571,-1.4760352978254032,-0.022625406534857773,17.8343949044586,0.0
selected_15m,all83,EXCLUDE_US.IWM,BOTH_COUNTERFACTUAL,1494,149,9.973226238286479,2,18.79194630872483,1.5956528417465037,-0.28629283197303507,5.573499101426307,1.2897353292556744,0.06736138859171048,0.6718103681502584,0.3960600980805361,-3.868561897261602,-0.8740553804465544,-1.1819426920019571,-1.4760352978254032,0.006798561129745087,18.79194630872483,0.0
selected_15m,all83,EXCLUDE_US.META,BOTH_COUNTERFACTUAL,1494,144,9.63855421686747,2,18.055555555555557,1.6754622769240441,-0.269663066250364,6.213169271643935,1.3690033988367991,0.08154012071168194,0.7859288743294646,0.5249031742083345,-3.868561897261602,-0.8413309355567321,-1.10455088665749,-1.3155735852932124,0.01904449977739344,17.36111111111111,0.0
selected_15m,all83,EXCLUDE_US.MSFT,BOTH_COUNTERFACTUAL,1494,154,10.307898259705489,2,16.233766233766232,1.5819865831359692,-0.2700148596209425,5.858887119608248,1.1354432402341565,0.030634725242192493,0.31577963101055184,0.2664031402922087,-3.868561897261602,-0.7781041639365357,-1.118329166066833,-1.4760352978254032,-0.028419149518386044,16.233766233766232,0.0
selected_15m,all83,EXCLUDE_US.MU,BOTH_COUNTERFACTUAL,1494,152,10.174029451137885,2,17.105263157894736,1.4027458060947848,-0.23771441614841224,5.900970706038327,1.2176606218809247,0.04289062186687147,0.4363704500511689,0.28393462512500206,-2.483198078574922,-0.6994487998060858,-1.0042485178049203,-1.4760352978254032,-0.006389801928723146,16.447368421052634,0.0
selected_15m,all83,EXCLUDE_US.NVDA,BOTH_COUNTERFACTUAL,1494,157,10.508701472556893,2,17.197452229299362,1.5461020966167371,-0.2745651456233009,5.631093826956335,1.1695348717524696,0.03854323361543173,0.4050393358515918,0.31187292968152835,-3.868561897261602,-0.8626190301952958,-1.1819426920019571,-1.4760352978254032,-0.019265617654642263,17.197452229299362,0.0
selected_15m,all83,EXCLUDE_US.QQQ,BOTH_COUNTERFACTUAL,1494,141,9.437751004016064,2,17.02127659574468,1.6214888775602632,-0.29842904864949876,5.433415027451573,1.1145466722977584,0.028365491981950052,0.26770645043205876,0.16360603571631144,-3.868561897261602,-0.885491730697813,-1.1819426920019571,-1.4760352978254032,-0.03624405787508904,17.73049645390071,0.0
selected_15m,all83,EXCLUDE_US.SPY,BOTH_COUNTERFACTUAL,1494,150,10.040160642570282,2,18.0,1.6397620523357797,-0.29195340843623313,5.616519639618893,1.2328945550382935,0.05575537450272918,0.5597929166940682,0.37025765813999956,-3.868561897261602,-0.872625836665147,-1.1819426920019571,-1.4760352978254032,-0.004555082693803762,18.0,0.0
selected_15m,all83,EXCLUDE_US.TSLA,BOTH_COUNTERFACTUAL,1494,154,10.307898259705489,2,15.584415584415584,1.639693793052816,-0.26411969177784794,6.20814670051928,1.1461193908650977,0.032578513650307395,0.3358160041597951,0.27738099486363593,-3.868561897261602,-0.7781041639365357,-1.1368752986163113,-1.4760352978254032,-0.02644978494700647,15.584415584415584,0.0
previous_payoff_4_45,fit28,US.AAPL,LONG,28,2,7.142857142857143,2,100.0,0.24967428444470588,,,,0.24967428444470588,1.7833877460336134,0.8117998590000184,0.0,0.13777715692908452,0.12534414276068215,0.12534414276068215,0.12534414276068215,0.0,0.0
previous_payoff_4_45,fit28,US.AAPL,SHORT,28,0,0.0,2,,,,,,,0.0,,0.0,,,,,,0.0
previous_payoff_4_45,fit28,US.AMD,LONG,28,1,3.5714285714285716,2,0.0,,-0.2093746563766214,,0.0,-0.2093746563766214,-0.747766629916505,-0.92999999999995,-0.20937465637662633,-0.2093746563766214,-0.2093746563766214,-0.2093746563766214,,0.0,0.0
previous_payoff_4_45,fit28,US.AMD,SHORT,28,0,0.0,2,,,,,,,0.0,,0.0,,,,,,0.0
previous_payoff_4_45,fit28,US.IWM,LONG,28,1,3.5714285714285716,2,0.0,,-0.06742226136442084,,0.0,-0.06742226136442084,-0.24079379058721728,-0.1400000000000432,-0.06742226136442486,-0.06742226136442084,-0.06742226136442084,-0.06742226136442084,,0.0,0.0
previous_payoff_4_45,fit28,US.IWM,SHORT,28,0,0.0,2,,,,,,,0.0,,0.0,,,,,,0.0
previous_payoff_4_45,fit28,US.META,LONG,28,0,0.0,2,,,,,,,0.0,,0.0,,,,,,0.0
previous_payoff_4_45,fit28,US.META,SHORT,28,1,3.5714285714285716,2,100.0,2.1941014617368877,,,,2.1941014617368877,7.836076649060312,12.875,0.0,2.1941014617368877,2.1941014617368877,2.1941014617368877,,100.0,0.0
previous_payoff_4_45,fit28,US.MSFT,LONG,28,0,0.0,2,,,,,,,0.0,,0.0,,,,,,0.0
previous_payoff_4_45,fit28,US.MSFT,SHORT,28,2,7.142857142857143,2,100.0,1.246770707549191,,,,1.246770707549191,8.905505053922793,4.885802480999985,0.0,0.4130165970265068,0.3203772514128752,0.3203772514128752,0.3203772514128752,50.0,0.0
previous_payoff_4_45,fit28,US.MU,LONG,28,3,10.714285714285714,2,0.0,,-0.0795801816202932,,0.0,-0.0795801816202932,-0.8526448030745701,-0.5215531280000126,-0.2385795621641873,-0.13267263836465223,-0.14153827152181728,-0.14153827152181728,-0.09721010573599206,0.0,0.0
previous_payoff_4_45,fit28,US.MU,SHORT,28,0,0.0,2,,,,,,,0.0,,0.0,,,,,,0.0
previous_payoff_4_45,fit28,US.NVDA,LONG,28,1,3.5714285714285716,2,100.0,0.1835792065959034,,,,0.1835792065959034,0.6556400235567977,0.42951938100000575,0.0,0.1835792065959034,0.1835792065959034,0.1835792065959034,,100.0,0.0
previous_payoff_4_45,fit28,US.NVDA,SHORT,28,1,3.5714285714285716,2,0.0,,-0.07090045301136215,,0.0,-0.07090045301136215,-0.2532159036120077,-0.10488263900001016,-0.07090045301135772,-0.07090045301136215,-0.07090045301136215,-0.07090045301136215,,0.0,0.0
previous_payoff_4_45,fit28,US.QQQ,LONG,28,3,10.714285714285714,2,66.66666666666667,0.17712568138814735,-0.028794241857268196,6.151427159157433,12.302854318314866,0.10848570697300883,1.1623468604250946,0.9506213646666689,-0.028794241857277303,-0.02495448611413629,-0.028794241857268196,-0.028794241857268196,-0.009595463141608663,66.66666666666666,0.0
previous_payoff_4_45,fit28,US.QQQ,SHORT,28,2,7.142857142857143,2,100.0,0.4522169881065044,,,,0.4522169881065044,3.230121343617889,3.4819574570000213,0.0,0.2015292765177077,0.17367508634117473,0.17367508634117473,0.17367508634117473,50.0,0.0
previous_payoff_4_45,fit28,US.SPY,LONG,28,2,7.142857142857143,2,0.0,,-0.043181368807854885,,0.0,-0.043181368807854885,-0.30843834862753494,-0.1745504265000477,-0.08634778480222094,-0.060477984174495764,-0.06239983032634475,-0.06239983032634475,-0.06239983032634475,50.0,0.0
previous_payoff_4_45,fit28,US.SPY,SHORT,28,3,10.714285714285714,2,0.0,,-0.11353664269076781,,0.0,-0.11353664269076781,-1.216464028829655,-0.6998308426666805,-0.3402405376512041,-0.1516885197979385,-0.15620641300512536,-0.15620641300512536,-0.13361694696919094,0.0,0.0
previous_payoff_4_45,fit28,US.TSLA,LONG,28,3,10.714285714285714,2,33.333333333333336,1.3115183764385583,-0.4205596843558078,3.1185071351940836,1.5592535675970418,0.15679966924231423,1.6799964561676524,0.653666666666671,-0.8395755667873761,-0.5405336966920095,-0.5705271997760598,-0.5705271997760598,-0.4205596843558078,33.33333333333333,0.0
previous_payoff_4_45,fit28,US.TSLA,SHORT,28,2,7.142857142857143,2,50.0,1.014455938399303,-0.14860664229491896,6.826450841854386,6.826450841854386,0.4329246480521921,3.0923189146585153,1.724999999999966,-0.14860664229492393,-0.09045351326020787,-0.14860664229491896,-0.14860664229491896,-0.14860664229491896,50.0,0.0
previous_payoff_4_45,fit28,ALL,LONG,280,16,5.714285714285714,2,37.5,0.39144958578336125,-0.14718138107865153,2.6596406618455117,1.5957843971073074,0.054805231494603306,0.31317275139773315,0.24263893474999598,-0.8395755667873761,-0.34557592664568176,-0.5705271997760598,-0.5705271997760598,-0.028975644834993722,31.25,0.0
previous_payoff_4_45,fit28,ALL,SHORT,280,11,3.9285714285714284,2,54.54545454545455,1.101088798574597,-0.1120234046757169,9.829095997947988,11.794915197537588,0.5496741607335451,2.159434202881785,2.8051040644545355,-0.3402405376512041,-0.15240652765002216,-0.15620641300512536,-0.15620641300512536,0.3852314306332109,36.36363636363637,0.0
previous_payoff_4_45,fit28,EXCLUDE_US.AAPL,BOTH_COUNTERFACTUAL,504,25,4.9603174603174605,2,40.0,0.8455881737258338,-0.1354620556110066,6.242251159645976,4.161500773097317,0.2569580361237295,1.2745934331534203,1.3245907178799916,-0.8395755667873761,-0.25834866642376886,-0.4205596843558078,-0.5705271997760598,0.17624372672318125,36.0,0.0
previous_payoff_4_45,fit28,EXCLUDE_US.AMD,BOTH_COUNTERFACTUAL,504,26,5.158730158730159,2,46.15384615384615,0.7462691921789791,-0.13018258412774844,5.732481016405878,4.913555156919324,0.27433362032151043,1.4152131207062046,1.3718602948076837,-0.8395755667873761,-0.24199572995294816,-0.4205596843558078,-0.5705271997760598,0.19754290666489532,34.61538461538461,0.0
previous_payoff_4_45,fit28,EXCLUDE_US.IWM,BOTH_COUNTERFACTUAL,504,26,5.158730158730159,2,46.15384615384615,0.7462691921789791,-0.1403220409143342,5.318260676058526,4.558509150907309,0.26887391282104117,1.3870479629656887,1.341475679423072,-0.8395755667873761,-0.25528779079582214,-0.4205596843558078,-0.5705271997760598,0.19186481086440732,34.61538461538461,0.0
previous_payoff_4_45,fit28,EXCLUDE_US.META,BOTH_COUNTERFACTUAL,504,26,5.158730158730159,2,42.30769230769231,0.614648076764624,-0.1354620556110066,4.537418792238395,3.3274404476414894,0.18189223116329853,0.9383329385408259,0.8408987563461472,-0.8395755667873761,-0.25528779079582214,-0.4205596843558078,-0.5705271997760598,0.10224135386241022,30.76923076923077,0.0
previous_payoff_4_45,fit28,EXCLUDE_US.MSFT,BOTH_COUNTERFACTUAL,504,25,4.9603174603174605,2,40.0,0.6461688891049369,-0.1354620556110066,4.7701098746093,3.180073249739533,0.1771903222753707,0.8789202493817991,0.9986705081199944,-0.8395755667873761,-0.25834866642376886,-0.4205596843558078,-0.5705271997760598,0.09315235813114084,32.0,0.0
previous_payoff_4_45,fit28,EXCLUDE_US.MU,BOTH_COUNTERFACTUAL,504,24,4.761904761904762,2,50.0,0.7462691921789791,-0.14943252410868502,4.994021192041191,4.994021192041191,0.29841833403514706,1.4210396858816527,1.512626127041661,-0.8395755667873761,-0.26140954205171557,-0.4205596843558078,-0.5705271997760598,0.2159973284828975,37.5,0.0
previous_payoff_4_45,fit28,EXCLUDE_US.NVDA,BOTH_COUNTERFACTUAL,504,25,4.9603174603174605,2,44.0,0.7974228272319861,-0.14007359865383837,5.692884561370086,4.472980726790782,0.27242482873592433,1.3513136346027994,1.3765492369199932,-0.8395755667873761,-0.25834866642376886,-0.4205596843558078,-0.5705271997760598,0.19235496902755087,32.0,0.0
previous_payoff_4_45,fit28,EXCLUDE_US.QQQ,BOTH_COUNTERFACTUAL,504,22,4.365079365079365,2,36.36363636363637,0.9620681208948059,-0.14308118516484508,6.723931729992304,3.842246702852745,0.258791289765937,1.1296445188195663,1.1328449389545354,-0.8395755667873761,-0.26753129330760905,-0.4205596843558078,-0.5705271997760598,0.1666336625292251,27.27272727272727,0.0
previous_payoff_4_45,fit28,EXCLUDE_US.SPY,BOTH_COUNTERFACTUAL,504,22,4.365079365079365,2,54.54545454545455,0.7462691921789791,-0.1604958168477087,4.649773475947346,5.579728171136816,0.3341032789850302,1.4583873289029097,1.6903164111818165,-0.8395755667873761,-0.26753129330760905,-0.4205596843558078,-0.5705271997760598,0.2455319369492274,36.36363636363637,0.0
previous_payoff_4_45,fit28,EXCLUDE_US.TSLA,BOTH_COUNTERFACTUAL,504,22,4.365079365079365,2,45.45454545454545,0.6629255991309889,-0.08685040192988044,7.632959484358042,6.360799570298368,0.2539568712796056,1.1085418984427229,1.3330621665909037,-0.3402405376512041,-0.15547300593095997,-0.1827905346908734,-0.2093746563766214,0.16156903363878264,31.818181818181817,0.0
previous_payoff_4_45,validation28,US.AAPL,LONG,28,0,0.0,2,,,,,,,0.0,,0.0,,,,,,0.0
previous_payoff_4_45,validation28,US.AAPL,SHORT,28,1,3.5714285714285716,2,0.0,,-0.047785495995830325,,0.0,-0.047785495995830325,-0.17066248569939405,-0.08992244600000276,-0.04778549599583348,-0.047785495995830325,-0.047785495995830325,-0.047785495995830325,,0.0,0.0
previous_payoff_4_45,validation28,US.AMD,LONG,28,3,10.714285714285714,2,66.66666666666667,1.0917621681675322,-0.11548173236291821,9.453981559061742,18.907963118123483,0.6893475346573821,7.385866442757666,3.72983333333328,-0.11548173236293202,-0.018625403880271934,-0.11548173236291821,-0.11548173236291821,0.36879991005031315,66.66666666666666,0.0
previous_payoff_4_45,validation28,US.AMD,SHORT,28,1,3.5714285714285716,2,100.0,1.2376991853765118,,,,1.2376991853765118,4.420354233487542,6.329999999999984,0.0,1.2376991853765118,1.2376991853765118,1.2376991853765118,,100.0,0.0
previous_payoff_4_45,validation28,US.IWM,LONG,28,1,3.5714285714285716,2,0.0,,-0.17512764307152046,,0.0,-0.17512764307152046,-0.6254558681125731,-0.45999999999997954,-0.1751276430715154,-0.17512764307152046,-0.17512764307152046,-0.17512764307152046,,0.0,0.0
previous_payoff_4_45,validation28,US.IWM,SHORT,28,2,7.142857142857143,2,0.0,,-0.23642410428198762,,0.0,-0.23642410428198762,-1.6887436020141973,-0.637500000000017,-0.47228984255652806,-0.24338130460019392,-0.24415432685777239,-0.24415432685777239,-0.24415432685777239,0.0,0.0
previous_payoff_4_45,validation28,US.META,LONG,28,1,3.5714285714285716,2,100.0,0.20552790521649694,,,,0.20552790521649694,0.7340282329160605,1.4600000000000364,0.0,0.20552790521649694,0.20552790521649694,0.20552790521649694,,0.0,0.0
previous_payoff_4_45,validation28,US.META,SHORT,28,3,10.714285714285714,2,0.0,,-0.6784583135911042,,0.0,-0.6784583135911042,-7.269196217047544,-3.7718666666666727,-2.0216243648347176,-0.7302225224810523,-0.7388832217600383,-0.7388832217600383,-0.6955797253651088,0.0,0.0
previous_payoff_4_45,validation28,US.MSFT,LONG,28,2,7.142857142857143,2,0.0,,-0.28003310482590554,,0.0,-0.28003310482590554,-2.0002364630421825,-0.9757631270000218,-0.5595898054351012,-0.43792634623823956,-0.455470039728499,-0.455470039728499,-0.455470039728499,0.0,0.0
previous_payoff_4_45,validation28,US.MSFT,SHORT,28,2,7.142857142857143,2,50.0,0.7827780903479686,-0.049580852090432816,15.78791120653238,15.78791120653238,0.3665986191287679,2.618561565205485,1.3674258224999676,-0.04958085209043617,-0.007962904968512739,-0.049580852090432816,-0.049580852090432816,-0.049580852090432816,0.0,0.0
previous_payoff_4_45,validation28,US.MU,LONG,28,2,7.142857142857143,2,50.0,2.625882365357627,-0.030077371821432535,87.30424921922452,87.30424921922452,1.2979024967680972,9.270732119772124,12.490000000000009,-0.030077371821424226,0.10272061503752046,-0.030077371821432535,-0.030077371821432535,-0.030077371821432535,50.0,0.0
previous_payoff_4_45,validation28,US.MU,SHORT,28,3,10.714285714285714,2,33.333333333333336,3.354760230204088,-0.1501515387747334,22.342496504395513,11.171248252197756,1.0181523842182072,10.908775545195079,10.423347870333297,-0.16721155587947623,-0.16379955245852884,-0.1672115558794777,-0.1672115558794777,-0.1501515387747334,0.0,0.0
previous_payoff_4_45,validation28,US.NVDA,LONG,28,2,7.142857142857143,2,50.0,0.9838119441080386,-0.0008804551600086658,1117.3901736215114,1117.3901736215114,0.49146574447401503,3.510469603385822,1.0063738980000068,-0.0008804551600016808,0.048354164803393704,-0.0008804551600086658,-0.0008804551600086658,-0.0008804551600086658,0.0,0.0
previous_payoff_4_45,validation28,US.NVDA,SHORT,28,1,3.5714285714285716,2,0.0,,-0.339365140588868,,0.0,-0.339365140588868,-1.2120183592459572,-0.6592623049999986,-0.33936514058886535,-0.339365140588868,-0.339365140588868,-0.339365140588868,,0.0,0.0
previous_payoff_4_45,validation28,US.QQQ,LONG,28,3,10.714285714285714,2,33.333333333333336,1.2191536206369433,-0.02670758090022883,45.64822344604403,22.824111723022014,0.38857948627882855,4.163351638701735,2.928299999999998,-0.053408090102780026,-0.028687497786844145,-0.02918247700849797,-0.02918247700849797,-0.02670758090022883,33.33333333333333,0.0
previous_payoff_4_45,validation28,US.QQQ,SHORT,28,0,0.0,2,,,,,,,0.0,,0.0,,,,,,0.0
previous_payoff_4_45,validation28,US.SPY,LONG,28,6,21.428571428571427,2,16.666666666666668,0.2348172400837315,-0.11657274821499333,2.0143407758617964,0.4028681551723593,-0.05800775016520587,-1.24302321782584,-0.2785000000000082,-0.37535344733689024,-0.3180639696684488,-0.3753534473368933,-0.3753534473368933,-0.11657274821499333,16.666666666666664,0.0
previous_payoff_4_45,validation28,US.SPY,SHORT,28,3,10.714285714285714,2,33.333333333333336,0.13013219604873258,-0.15065579280952163,0.8637716056047203,0.43188580280236016,-0.057059796523436894,-0.6113549627511096,-0.2699999999999818,-0.3012254085693056,-0.2455813229735288,-0.26931270551453057,-0.26931270551453057,-0.15065579280952163,0.0,0.0
previous_payoff_4_45,validation28,US.TSLA,LONG,28,2,7.142857142857143,2,50.0,1.4303358925143992,-0.7137449228269669,2.003987484561281,2.003987484561281,0.3582954848437161,2.5592534631694006,1.9550000000000125,-0.7137449228269532,-0.6065408820598985,-0.7137449228269669,-0.7137449228269669,-0.7137449228269669,100.0,0.0
previous_payoff_4_45,validation28,US.TSLA,SHORT,28,3,10.714285714285714,2,33.333333333333336,0.24795885949008756,-0.05694428531095877,4.354411652302686,2.177205826151343,0.04469009628939001,0.47882246024346437,0.19833333333334244,-0.07477542077481969,-0.07120919368204068,-0.07477542077481114,-0.07477542077481114,-0.05694428531095877,33.33333333333333,0.0
previous_payoff_4_45,validation28,ALL,LONG,280,22,7.857142857142857,2,36.36363636363637,1.1103816630315375,-0.15940408841214873,6.965829258786512,3.980473862163721,0.3023361848401009,2.375498595172221,2.193391888272721,-0.7137449228269532,-0.4514642101089187,-0.584607481277733,-0.7137449228269669,0.19169112862498056,31.818181818181817,0.0
previous_payoff_4_45,validation28,ALL,SHORT,280,19,6.785714285714286,2,26.31578947368421,1.1506657122934776,-0.2614612765573462,4.400902984351117,1.5717510658396847,0.11015108892971277,0.7474538177373367,1.4094795002631495,-2.0216243648347176,-0.6609369282491652,-0.7388832217600383,-0.7388832217600383,-0.07010497447441921,10.526315789473683,0.0
previous_payoff_4_45,validation28,EXCLUDE_US.AAPL,BOTH_COUNTERFACTUAL,504,40,7.936507936507937,2,32.5,1.1258755281322836,-0.21645665235470735,5.201390282463171,2.5043730989637494,0.21980130630356473,1.7444548119330536,1.8781163623249923,-2.0216243648347176,-0.6553496636630187,-0.7263140722935025,-0.7388832217600383,0.13941774415226932,22.5,0.0
previous_payoff_4_45,validation28,EXCLUDE_US.AMD,BOTH_COUNTERFACTUAL,504,37,7.341269841269841,2,27.027027027027028,1.1215158344008114,-0.2139493843411115,5.241968037695849,1.9414696435910552,0.14698716126481357,1.0790724140472425,1.5544657309999965,-2.0216243648347176,-0.6645699677415369,-0.7263140722935025,-0.7388832217600383,0.05788235379427817,16.216216216216218,0.0
previous_payoff_4_45,validation28,EXCLUDE_US.IWM,BOTH_COUNTERFACTUAL,504,38,7.5396825396825395,2,34.21052631578947,1.1258755281322836,-0.2097655703174973,5.367303730675054,2.790997939951028,0.24716427915216466,1.863540199956797,2.020256106499992,-2.0216243648347176,-0.6614965330486974,-0.7263140722935025,-0.7388832217600383,0.16317519939400454,23.684210526315788,0.0
previous_payoff_4_45,validation28,EXCLUDE_US.META,BOTH_COUNTERFACTUAL,504,37,7.341269841269841,2,32.432432432432435,1.2025711633752658,-0.15426960675198464,7.7952565556779385,3.7417231467254104,0.28578685923523184,2.0980384507348364,2.2943332985675586,-0.7137449228269532,-0.3913767658152144,-0.584607481277733,-0.7137449228269669,0.20053759893054138,24.324324324324326,0.0
previous_payoff_4_45,validation28,EXCLUDE_US.MSFT,BOTH_COUNTERFACTUAL,504,37,7.341269841269841,2,32.432432432432435,1.1544669812809767,-0.21129872191322738,5.463672334729378,2.6225627206701017,0.23165231696056854,1.7006221681629041,2.006794774486481,-2.0216243648347176,-0.6645699677415369,-0.7263140722935025,-0.7388832217600383,0.1448993193704708,24.324324324324326,0.0
previous_payoff_4_45,validation28,EXCLUDE_US.MU,BOTH_COUNTERFACTUAL,504,36,7.142857142857143,2,30.555555555555557,0.7868853881961796,-0.2224693864080812,3.5370502022816566,1.556302089003929,0.08594457249877624,0.6138898035626874,0.521796900999994,-2.0216243648347176,-0.6676434024343761,-0.7263140722935025,-0.7388832217600383,0.047533391926901314,22.22222222222222,0.0
previous_payoff_4_45,validation28,EXCLUDE_US.NVDA,BOTH_COUNTERFACTUAL,504,38,7.5396825396825395,2,31.57894736842105,1.137714160134304,-0.21353344283938663,5.328037355675748,2.4590941641580377,0.21317632652072632,1.6072818269419842,1.9389801725263074,-2.0216243648347176,-0.6614965330486974,-0.7263140722935025,-0.7388832217600383,0.12826865344820298,23.684210526315788,0.0
previous_payoff_4_45,validation28,EXCLUDE_US.QQQ,BOTH_COUNTERFACTUAL,504,38,7.5396825396825395,2,31.57894736842105,1.1181023537568955,-0.22456538260663353,4.978961319766065,2.297982147584338,0.19943495519237567,1.5036762494663243,1.7434166328157816,-2.0216243648347176,-0.6614965330486974,-0.7263140722935025,-0.7388832217600383,0.11415589370557262,21.052631578947366,0.0
previous_payoff_4_45,validation28,EXCLUDE_US.SPY,BOTH_COUNTERFACTUAL,504,32,6.349206349206349,2,34.375,1.2974029481442928,-0.23847332299423424,5.440453178805502,2.84976118889812,0.2894841452096346,1.8379945727595848,2.4223666264687402,-2.0216243648347176,-0.6799371412057337,-0.7263140722935025,-0.7388832217600383,0.19060427150013606,25.0,0.0
previous_payoff_4_45,validation28,EXCLUDE_US.TSLA,BOTH_COUNTERFACTUAL,504,36,7.142857142857143,2,30.555555555555557,1.1780079194286548,-0.2025792646449618,5.815046873100357,2.558620624164157,0.21926681937753223,1.5661915669823727,1.9591592235277677,-2.0216243648347176,-0.6462306747748663,-0.6955797253651088,-0.7388832217600383,0.1296812933539163,16.666666666666664,0.0
previous_payoff_4_45,development56,US.AAPL,LONG,56,2,3.5714285714285716,2,100.0,0.24967428444470588,,,,0.24967428444470588,0.8916938730168067,0.8117998590000184,0.0,0.13777715692908452,0.12534414276068215,0.12534414276068215,0.12534414276068215,0.0,0.0
previous_payoff_4_45,development56,US.AAPL,SHORT,56,1,1.7857142857142858,2,0.0,,-0.047785495995830325,,0.0,-0.047785495995830325,-0.08533124284969702,-0.08992244600000276,-0.04778549599583348,-0.047785495995830325,-0.047785495995830325,-0.047785495995830325,,0.0,0.0
previous_payoff_4_45,development56,US.AMD,LONG,56,4,7.142857142857143,2,50.0,1.0917621681675322,-0.1624281943697698,6.721506524182138,6.721506524182138,0.46466698689888125,3.3190499064205805,2.5648749999999723,-0.20937465637662633,-0.19529071777456591,-0.2093746563766214,-0.2093746563766214,0.1760750545746683,50.0,0.0
previous_payoff_4_45,development56,US.AMD,SHORT,56,1,1.7857142857142858,2,100.0,1.2376991853765118,,,,1.2376991853765118,2.210177116743771,6.329999999999984,0.0,1.2376991853765118,1.2376991853765118,1.2376991853765118,,100.0,0.0
previous_payoff_4_45,development56,US.IWM,LONG,56,2,3.5714285714285716,2,0.0,,-0.12127495221797066,,0.0,-0.12127495221797066,-0.4331248293498952,-0.30000000000001137,-0.24243182941871,-0.16974237398616548,-0.17512764307152046,-0.17512764307152046,-0.17512764307152046,0.0,0.0
previous_payoff_4_45,development56,US.IWM,SHORT,56,2,3.5714285714285716,2,0.0,,-0.23642410428198762,,0.0,-0.23642410428198762,-0.8443718010070986,-0.637500000000017,-0.47228984255652806,-0.24338130460019392,-0.24415432685777239,-0.24415432685777239,-0.24415432685777239,0.0,0.0
previous_payoff_4_45,development56,US.META,LONG,56,1,1.7857142857142858,2,100.0,0.20552790521649694,,,,0.20552790521649694,0.3670141164580302,1.4600000000000364,0.0,0.20552790521649694,0.20552790521649694,0.20552790521649694,,0.0,0.0
previous_payoff_4_45,development56,US.META,SHORT,56,4,7.142857142857143,2,25.0,2.1941014617368877,-0.6784583135911042,3.233951766503427,1.0779839221678091,0.0396816302408937,0.2834402160063836,0.3898499999999956,-2.0216243648347176,-0.7258921728415594,-0.7388832217600383,-0.7388832217600383,-0.6784583135911043,25.0,0.0
previous_payoff_4_45,development56,US.MSFT,LONG,56,2,3.5714285714285716,2,0.0,,-0.28003310482590554,,0.0,-0.28003310482590554,-1.0001182315210912,-0.9757631270000218,-0.5595898054351012,-0.43792634623823956,-0.455470039728499,-0.455470039728499,-0.455470039728499,0.0,0.0
previous_payoff_4_45,development56,US.MSFT,SHORT,56,4,7.142857142857143,2,75.0,1.09210650181545,-0.049580852090432816,22.026779608860018,66.08033882658006,0.8066846633389795,5.7620333095641385,3.126614151749976,-0.04958085209043617,0.005912863435063396,-0.049580852090432816,-0.049580852090432816,0.35119149655680365,25.0,0.0
previous_payoff_4_45,development56,US.MU,LONG,56,5,8.928571428571429,2,20.0,2.625882365357627,-0.06720447917057805,39.07302605072835,9.768256512682088,0.4714128897350629,4.209043658348777,4.683068123199996,-0.2385795621641873,-0.12380700520748719,-0.14153827152181728,-0.14153827152181728,-0.06720447917057805,20.0,0.0
previous_payoff_4_45,development56,US.MU,SHORT,56,3,5.357142857142857,2,33.333333333333336,3.354760230204088,-0.1501515387747334,22.342496504395513,11.171248252197756,1.0181523842182072,5.454387772597539,10.423347870333297,-0.16721155587947623,-0.16379955245852884,-0.1672115558794777,-0.1672115558794777,-0.1501515387747334,0.0,0.0
previous_payoff_4_45,development56,US.NVDA,LONG,56,3,5.357142857142857,2,66.66666666666667,0.583695575351971,-0.0008804551600086658,662.947531985872,1325.895063971744,0.3888368985146445,2.0830548134713096,0.8140890590000064,-0.000880455160012783,0.01756551101558254,-0.0008804551600086658,-0.0008804551600086658,0.09134937571794736,33.33333333333333,0.0
previous_payoff_4_45,development56,US.NVDA,SHORT,56,2,3.5714285714285716,2,0.0,,-0.2051327968001151,,0.0,-0.2051327968001151,-0.7326171314289825,-0.3820724720000044,-0.41002498217818095,-0.3259419062099927,-0.339365140588868,-0.339365140588868,-0.339365140588868,0.0,0.0
previous_payoff_4_45,development56,US.QQQ,LONG,56,6,10.714285714285714,2,50.0,0.5244683278044127,-0.027403134552575287,19.138990351566342,19.138990351566346,0.24853259662591867,2.6628492495634144,1.9394606823333334,-0.08218695350543648,-0.029085418220690527,-0.02918247700849797,-0.02918247700849797,0.05440839182371376,50.0,0.0
previous_payoff_4_45,development56,US.QQQ,SHORT,56,2,3.5714285714285716,2,100.0,0.4522169881065044,,,,0.4522169881065044,1.6150606718089444,3.4819574570000213,0.0,0.2015292765177077,0.17367508634117473,0.17367508634117473,0.17367508634117473,50.0,0.0
previous_payoff_4_45,development56,US.SPY,LONG,56,8,14.285714285714286,2,12.5,0.2348172400837315,-0.09560378267009664,2.4561500970523693,0.3508785852931956,-0.05430115482586812,-0.7757307832266874,-0.25251260662501807,-0.46137712275216014,-0.29514817860107095,-0.3753534473368933,-0.3753534473368933,-0.09560378267009663,25.0,0.0
previous_payoff_4_45,development56,US.SPY,SHORT,56,6,10.714285714285714,2,16.666666666666668,0.13013219604873258,-0.12838430273826934,1.0136145406656651,0.20272290813313304,-0.08529821960710235,-0.9139094957903824,-0.48491542133333115,-0.6404410552708573,-0.24103613238717927,-0.26931270551453057,-0.26931270551453057,-0.12838430273826934,0.0,0.0
previous_payoff_4_45,development56,US.TSLA,LONG,56,5,8.928571428571429,2,40.0,1.3709271344764788,-0.5182880971795275,2.645106345171592,1.7634042301143944,0.23739799548287496,2.1196249596685264,1.1742000000000075,-0.8395755667873761,-0.6851013782167855,-0.7137449228269669,-0.7137449228269669,-0.06083647877500606,60.0,0.0
previous_payoff_4_45,development56,US.TSLA,SHORT,56,5,8.928571428571429,2,40.0,0.6312073989446952,-0.08749840430561218,7.213930401976594,4.8092869346510625,0.19998391699451082,1.7855706874509896,0.8089999999999918,-0.14860664229492393,-0.1338403979908974,-0.14860664229491896,-0.14860664229491896,-0.0036340883566872277,40.0,0.0
previous_payoff_4_45,development56,ALL,LONG,560,38,6.785714285714286,2,36.8421052631579,0.8022679156394621,-0.15431129368985824,5.199022679778035,3.0327632298705205,0.19811262553673348,1.3443356732849772,1.3720222236315733,-0.8395755667873761,-0.4727286137356331,-0.6421360613015135,-0.7137449228269669,0.1324972271631958,31.57894736842105,0.0
previous_payoff_4_45,development56,ALL,SHORT,560,30,5.357142857142857,2,36.666666666666664,1.1236237593559062,-0.2221355207990227,5.058280437609552,2.928478148089741,0.27130954859111794,1.4534440103095605,1.9212085071333245,-2.0216243648347176,-0.6486488964529915,-0.6955797253651088,-0.7388832217600383,0.16498366301825693,20.0,0.0
previous_payoff_4_45,development56,EXCLUDE_US.AAPL,BOTH_COUNTERFACTUAL,1008,65,6.448412698412699,2,35.38461538461539,1.0040114609990447,-0.18753001066052855,5.353870868255487,2.9318816659494327,0.23409235623439734,1.509524122543237,1.6652218836922998,-2.0216243648347176,-0.6294778319896882,-0.6872799659000698,-0.7388832217600383,0.18533192070362095,27.692307692307693,0.0
previous_payoff_4_45,development56,EXCLUDE_US.AMD,BOTH_COUNTERFACTUAL,1008,63,6.25,2,34.92063492063492,0.9168358477343572,-0.18534608670728023,4.946615620659579,2.6542815525490426,0.19954284278027581,1.247142767376724,1.4791047573333278,-2.0216243648347176,-0.6368466610163916,-0.6872799659000698,-0.7388832217600383,0.14865223975731107,23.809523809523807,0.0
previous_payoff_4_45,development56,EXCLUDE_US.IWM,BOTH_COUNTERFACTUAL,1008,64,6.349206349206349,2,39.0625,0.9436644868746976,-0.18483712386507978,5.105383957194212,3.272682023842443,0.25598381783014573,1.6252940814612429,1.7445015579999934,-2.0216243648347176,-0.6331622465030399,-0.6872799659000698,-0.7388832217600383,0.206796890649607,28.125,0.0
previous_payoff_4_45,development56,EXCLUDE_US.META,BOTH_COUNTERFACTUAL,1008,63,6.25,2,36.507936507936506,0.9213905567353936,-0.1472167750741179,6.258733464793733,3.5987717422563965,0.24290971114205298,1.5181856946378312,1.6945031700317381,-0.8395755667873761,-0.37175461666209075,-0.5287739024171048,-0.7137449228269669,0.1927185737378266,26.984126984126984,0.0
previous_payoff_4_45,development56,EXCLUDE_US.MSFT,BOTH_COUNTERFACTUAL,1008,62,6.150793650793651,2,35.483870967741936,0.9234223939282311,-0.18285997204989465,5.0498880841798925,2.7774384462989405,0.20969183523266618,1.2897712087723516,1.6002930541774139,-2.0216243648347176,-0.6405310755297435,-0.6872799659000698,-0.7388832217600383,0.1581333369544462,27.419354838709676,0.0
previous_payoff_4_45,development56,EXCLUDE_US.MU,BOTH_COUNTERFACTUAL,1008,60,5.9523809523809526,2,38.333333333333336,0.7656943294045966,-0.1987817553920608,3.851934640049858,2.3944458573282903,0.17093407711332456,1.0174647447221703,0.9181285914166608,-2.0216243648347176,-0.6446185269894494,-0.701634791185728,-0.7388832217600383,0.13664310449258624,28.333333333333332,0.0
previous_payoff_4_45,development56,EXCLUDE_US.NVDA,BOTH_COUNTERFACTUAL,1008,63,6.25,2,36.507936507936506,0.9749661313549344,-0.18782249737444473,5.190891107209763,2.984762386645614,0.23668763692358258,1.4792977307723911,1.7157932933174525,-2.0216243648347176,-0.6368466610163916,-0.6872799659000698,-0.7388832217600383,0.1863961434835745,26.984126984126984,0.0
previous_payoff_4_45,development56,EXCLUDE_US.QQQ,BOTH_COUNTERFACTUAL,1008,60,5.9523809523809526,2,33.333333333333336,1.0556886606120597,-0.19604591350200756,5.384905207938695,2.6924526039693473,0.22119894453601477,1.3166603841429452,1.519540345066658,-2.0216243648347176,-0.6446185269894494,-0.701634791185728,-0.7388832217600383,0.16808773630435256,23.333333333333332,0.0
previous_payoff_4_45,development56,EXCLUDE_US.SPY,BOTH_COUNTERFACTUAL,1008,54,5.357142857142857,2,42.592592592592595,1.0098549015536946,-0.21331928875341954,4.734006509467637,3.512327410250182,0.3076623108218327,1.648190950831247,2.12412394616666,-2.0216243648347176,-0.6470367486675745,-0.701634791185728,-0.7388832217600383,0.25016989724858263,29.629629629629626,0.0
previous_payoff_4_45,development56,EXCLUDE_US.TSLA,BOTH_COUNTERFACTUAL,1008,58,5.753968253968254,2,36.206896551724135,0.9327306240488137,-0.16504557944007053,5.651351749093627,3.207523965701788,0.23242511492659454,1.337366732712548,1.721674132965509,-2.0216243648347176,-0.48378185727568845,-0.6784583135911043,-0.7388832217600383,0.17764730588663846,22.413793103448278,0.0
previous_payoff_4_45,stress27,US.AAPL,LONG,27,1,3.7037037037037037,2,0.0,,-0.09886181478739645,,0.0,-0.09886181478739645,-0.36615486958294985,-0.24500000000000455,-0.09886181478739875,-0.09886181478739645,-0.09886181478739645,-0.09886181478739645,,0.0,0.0
previous_payoff_4_45,stress27,US.AAPL,SHORT,27,1,3.7037037037037037,2,0.0,,-0.04106163820055332,,0.0,-0.04106163820055332,-0.1520801414835308,-0.06400000000002137,-0.04106163820055686,-0.04106163820055332,-0.04106163820055332,-0.04106163820055332,,0.0,0.0
previous_payoff_4_45,stress27,US.AMD,LONG,27,1,3.7037037037037037,2,0.0,,-0.7912293976860577,,0.0,-0.7912293976860577,-2.930479250689103,-3.6895999999999844,-0.7912293976860552,-0.7912293976860577,-0.7912293976860577,-0.7912293976860577,,0.0,0.0
previous_payoff_4_45,stress27,US.AMD,SHORT,27,1,3.7037037037037037,2,0.0,,-0.5702092050209195,,0.0,-0.5702092050209195,-2.1118859445219242,-2.6299999999999955,-0.5702092050209218,-0.5702092050209195,-0.5702092050209195,-0.5702092050209195,,0.0,0.0
previous_payoff_4_45,stress27,US.IWM,LONG,27,0,0.0,2,,,,,,,0.0,,0.0,,,,,,0.0
previous_payoff_4_45,stress27,US.IWM,SHORT,27,2,7.407407407407407,2,50.0,0.3301842201347651,-0.049987005630903886,6.605401063084134,6.605401063084134,0.1400986072519306,1.0377674611254117,0.4824999999999875,-0.049987005630891534,-0.03097844434262043,-0.049987005630903886,-0.049987005630903886,-0.049987005630903886,50.0,0.0
previous_payoff_4_45,stress27,US.META,LONG,27,1,3.7037037037037037,2,0.0,,-0.01821865585528432,,0.0,-0.01821865585528432,-0.0674765031677197,0.009900000000016007,-0.01821865585528437,-0.01821865585528432,-0.01821865585528432,-0.01821865585528432,,0.0,0.0
previous_payoff_4_45,stress27,US.META,SHORT,27,2,7.407407407407407,2,50.0,1.0191080916296347,-0.29668584347004306,3.4349737746504108,3.4349737746504108,0.36121112407979583,2.6756379561466357,2.162499999999966,-0.2966858434700459,-0.23089614671505918,-0.29668584347004306,-0.29668584347004306,-0.29668584347004306,50.0,0.0
previous_payoff_4_45,stress27,US.MSFT,LONG,27,1,3.7037037037037037,2,0.0,,-0.05353011105579623,,0.0,-0.05353011105579623,-0.19825967057702307,-0.16500000000002046,-0.05353011105579952,-0.05353011105579623,-0.05353011105579623,-0.05353011105579623,,0.0,0.0
previous_payoff_4_45,stress27,US.MSFT,SHORT,27,0,0.0,2,,,,,,,0.0,,0.0,,,,,,0.0
previous_payoff_4_45,stress27,US.MU,LONG,27,3,11.11111111111111,2,33.333333333333336,0.10372204221587014,-0.3069615035796164,0.3378991860748683,0.16894959303743415,-0.17006698831445421,-1.8896332034939354,-1.531699999999925,-0.5619015819147144,-0.5109135662476934,-0.5619015819147126,-0.5619015819147126,-0.3069615035796164,0.0,0.0
previous_payoff_4_45,stress27,US.MU,SHORT,27,1,3.7037037037037037,2,0.0,,-0.3526637777211339,,0.0,-0.3526637777211339,-1.3061621397079033,-3.2626000000000204,-0.35266377772112945,-0.3526637777211339,-0.3526637777211339,-0.3526637777211339,,0.0,0.0
previous_payoff_4_45,stress27,US.NVDA,LONG,27,2,7.407407407407407,2,0.0,,-0.5987332327549402,,0.0,-0.5987332327549402,-4.435060983369928,-1.2996457360000022,-1.1945420922261474,-0.8300247502429619,-0.8557238077416309,-0.8557238077416309,-0.8557238077416309,0.0,0.0
previous_payoff_4_45,stress27,US.NVDA,SHORT,27,2,7.407407407407407,2,50.0,0.451279284278875,-0.06805711954592221,6.630890159469207,6.630890159469207,0.1916110823664764,1.4193413508627881,0.4644802605000109,-0.06805711954592786,-0.042090299354682344,-0.06805711954592221,-0.06805711954592221,-0.06805711954592221,0.0,0.0
previous_payoff_4_45,stress27,US.QQQ,LONG,27,2,7.407407407407407,2,0.0,,-0.11824153961759015,,0.0,-0.11824153961759015,-0.8758632564265938,-0.7154999999999632,-0.23634383953188287,-0.1250418338865236,-0.1257974221386273,-0.1257974221386273,-0.1257974221386273,0.0,0.0
previous_payoff_4_45,stress27,US.QQQ,SHORT,27,4,14.814814814814815,2,25.0,0.5340281020738047,-0.10807041477661691,4.941482857983366,1.647160952661122,0.052454214435988494,0.7770994731257554,0.5302499999999668,-0.32387274483021145,-0.1374402280143152,-0.14276614444554475,-0.14276614444554475,-0.10807041477661691,50.0,0.0
previous_payoff_4_45,stress27,US.SPY,LONG,27,3,11.11111111111111,2,0.0,,-0.12883047928159594,,0.0,-0.12883047928159594,-1.4314497697955106,-0.839999999999994,-0.3860043420829351,-0.1557374514919578,-0.15807164240735652,-0.15807164240735652,-0.14640068783036306,0.0,0.0
previous_payoff_4_45,stress27,US.SPY,SHORT,27,5,18.51851851851852,2,0.0,,-0.0724827537291435,,0.0,-0.0724827537291435,-1.3422732172063614,-0.40364000000001854,-0.36194282931905075,-0.13704989611722093,-0.14367903025280265,-0.14367903025280265,-0.08387945004625377,0.0,0.0
previous_payoff_4_45,stress27,US.TSLA,LONG,27,3,11.11111111111111,2,66.66666666666667,0.8597725083510286,-0.46093041659600276,1.865297835409729,3.730595670819458,0.4195382000353514,4.661535555948349,1.4366333333333425,-0.4609304165960171,-0.3808694273858652,-0.46093041659600276,-0.46093041659600276,-0.06062547054531482,33.33333333333333,0.0
previous_payoff_4_45,stress27,US.TSLA,SHORT,27,0,0.0,2,,,,,,,0.0,,0.0,,,,,,0.0
previous_payoff_4_45,stress27,ALL,LONG,270,17,6.296296296296297,2,17.647058823529413,0.6077556863059758,-0.27550959898068705,2.2059328914655305,0.47269990531404227,-0.11963925451833482,-0.7532841951154414,-0.6426583218823325,-1.1945420922261474,-0.8041282796971724,-0.8557238077416309,-0.8557238077416309,-0.21335830425052346,5.88235294117647,0.0
previous_payoff_4_45,stress27,ALL,SHORT,270,18,6.666666666666667,2,22.22222222222222,0.58364992452927,-0.14752068589750314,3.956393782867766,1.1303982236765044,0.014961671975113078,0.09974447983408719,0.020286695611092555,-0.5702092050209218,-0.3852955918161017,-0.5702092050209195,-0.5702092050209195,-0.044105764475152916,22.22222222222222,0.0
previous_payoff_4_45,stress27,EXCLUDE_US.AAPL,BOTH_COUNTERFACTUAL,486,33,6.790123456790123,2,21.21212121212121,0.5939809652907152,-0.22240386674256585,2.67073128714193,0.7190430388459043,-0.049231326614294135,-0.3342867856526145,-0.3106373015454534,-1.1945420922261474,-0.6586172820869748,-0.8234766027138444,-0.8557238077416309,-0.0938906037333872,15.151515151515152,0.0
previous_payoff_4_45,stress27,EXCLUDE_US.AMD,BOTH_COUNTERFACTUAL,486,33,6.790123456790123,2,21.21212121212121,0.5939809652907152,-0.17542251483029558,3.3860018816018833,0.9116158912005071,-0.012215716016747858,-0.08294621986680645,-0.12849790760606083,-1.1945420922261474,-0.5013188827234867,-0.7088126948281717,-0.8557238077416309,-0.055718255304667584,15.151515151515152,0.0
previous_payoff_4_45,stress27,EXCLUDE_US.IWM,BOTH_COUNTERFACTUAL,486,33,6.790123456790123,2,18.181818181818183,0.6379470894833736,-0.21749766602458367,2.933121541687104,0.6518047870415786,-0.061962255932227796,-0.420731367441053,-0.349243362151514,-1.1945420922261474,-0.6586172820869748,-0.8234766027138444,-0.8557238077416309,-0.10701937459250631,12.121212121212121,0.0
previous_payoff_4_45,stress27,EXCLUDE_US.META,BOTH_COUNTERFACTUAL,486,32,6.584362139917696,2,18.75,0.5231264442342286,-0.21567382649882058,2.4255444099383534,0.5597410176780816,-0.07714877573637387,-0.507975478099581,-0.465466592218748,-1.1945420922261474,-0.6696682917202318,-0.8234766027138444,-0.8557238077416309,-0.12414923757292409,12.5,0.0
previous_payoff_4_45,stress27,EXCLUDE_US.MSFT,BOTH_COUNTERFACTUAL,486,34,6.995884773662551,2,20.58823529411765,0.5939809652907152,-0.21736643989773582,2.7326249883384244,0.708458330309962,-0.050324327064819416,-0.35206319345758436,-0.3057362044411755,-1.1945420922261474,-0.6475662724537179,-0.8234766027138444,-0.8557238077416309,-0.09366341398183467,14.705882352941178,0.0
previous_payoff_4_45,stress27,EXCLUDE_US.MU,BOTH_COUNTERFACTUAL,486,31,6.378600823045267,2,19.35483870967742,0.6756907858031894,-0.19823348813657182,3.4085602395175334,0.8180544574842079,-0.029086854470811607,-0.18553343386731683,-0.08717196616129652,-1.1945420922261474,-0.6807193013534887,-0.8234766027138444,-0.8557238077416309,-0.07605193432639476,16.129032258064516,0.0
previous_payoff_4_45,stress27,EXCLUDE_US.NVDA,BOTH_COUNTERFACTUAL,486,31,6.378600823045267,2,19.35483870967742,0.6177645787926886,-0.1862760161295544,3.3163935520450214,0.7959344524908052,-0.030655255822023504,-0.19553764001702234,-0.2867645161290324,-0.7912293976860552,-0.566055393467816,-0.6807193013534887,-0.7912293976860577,-0.07767261572264708,16.129032258064516,0.0
previous_payoff_4_45,stress27,EXCLUDE_US.QQQ,BOTH_COUNTERFACTUAL,486,29,5.967078189300412,2,20.689655172413794,0.6039731091602003,-0.23311868107520137,2.5908395945555545,0.6758711985797099,-0.05992727619891137,-0.3575907427507058,-0.3879321017586182,-1.1945420922261474,-0.7028213206200025,-0.8234766027138444,-0.8557238077416309,-0.11134844824875406,10.344827586206897,0.0
previous_payoff_4_45,stress27,EXCLUDE_US.SPY,BOTH_COUNTERFACTUAL,486,27,5.555555555555555,2,25.925925925925927,0.5939809652907152,-0.25867593909020786,2.2962358516211925,0.8036825480674175,-0.03761674165811671,-0.20898189810064838,-0.22303077596295975,-1.1945420922261474,-0.7249233398865162,-0.8234766027138444,-0.8557238077416309,-0.09213529099868598,18.51851851851852,0.0
previous_payoff_4_45,stress27,EXCLUDE_US.TSLA,BOTH_COUNTERFACTUAL,486,32,6.584362139917696,2,15.625,0.48766434806659004,-0.20227753969254297,2.4108675081169575,0.4464569459475847,-0.09447411973017845,-0.6220518171534384,-0.46468534221875046,-1.1945420922261474,-0.6696682917202318,-0.8234766027138444,-0.8557238077416309,-0.13039612654823693,12.5,0.0
previous_payoff_4_45,all83,US.AAPL,LONG,83,3,3.6144578313253013,2,66.66666666666667,0.24967428444470588,-0.09886181478739645,2.525487570520868,5.050975141041736,0.13349558470067177,0.4825141615686931,0.45953323933334406,-0.09886181478740985,-0.07644121903258859,-0.09886181478739645,-0.09886181478739645,0.013241163986642854,0.0,0.0
previous_payoff_4_45,all83,US.AAPL,SHORT,83,2,2.4096385542168677,2,0.0,,-0.04442356709819182,,0.0,-0.04442356709819182,-0.10704473999564294,-0.07696122300001207,-0.08882751268891598,-0.04744930310606647,-0.047785495995830325,-0.047785495995830325,-0.047785495995830325,0.0,0.0
previous_payoff_4_45,all83,US.AMD,LONG,83,5,6.024096385542169,2,40.0,1.0917621681675322,-0.3720285954751991,2.9346189552257504,1.956412636817167,0.21348770998189343,1.286070542059599,1.3139799999999808,-0.7912293976860552,-0.6748584494241705,-0.7912293976860577,-0.7912293976860577,-0.06575105849051317,40.0,0.0
previous_payoff_4_45,all83,US.AMD,SHORT,83,2,2.4096385542168677,2,50.0,1.2376991853765118,-0.5702092050209195,2.170605410221506,2.170605410221506,0.33374499017779613,0.8042047956091473,1.8499999999999943,-0.5702092050209218,-0.4798137855010479,-0.5702092050209195,-0.5702092050209195,-0.5702092050209195,50.0,0.0
previous_payoff_4_45,all83,US.IWM,LONG,83,2,2.4096385542168677,2,0.0,,-0.12127495221797066,,0.0,-0.12127495221797066,-0.2922288005252305,-0.30000000000001137,-0.24243182941871,-0.16974237398616548,-0.17512764307152046,-0.17512764307152046,-0.17512764307152046,0.0,0.0
previous_payoff_4_45,all83,US.IWM,SHORT,83,4,4.819277108433735,2,25.0,0.3301842201347651,-0.17427840473162637,1.8945790824928663,0.6315263608309555,-0.048162748515028504,-0.23210963139772772,-0.07750000000001478,-0.47228984255652806,-0.24183526008503695,-0.24415432685777239,-0.24415432685777239,-0.17427840473162637,25.0,0.0
previous_payoff_4_45,all83,US.META,LONG,83,2,2.4096385542168677,2,50.0,0.20552790521649694,-0.01821865585528432,11.281178306954166,11.281178306954166,0.09365462468060631,0.22567379441109955,0.7349500000000262,-0.01821865585527327,-0.007031327801695255,-0.01821865585528432,-0.01821865585528432,-0.01821865585528432,0.0,0.0
previous_payoff_4_45,all83,US.META,SHORT,83,6,7.228915662650603,2,33.333333333333336,1.6066047766832612,-0.583015196060839,2.755682506285151,1.3778412531425754,0.14685812818719443,1.0616250230399598,0.980733333333319,-2.3123123350061614,-0.7172314735625734,-0.7388832217600383,-0.7388832217600383,-0.2625905385227442,33.33333333333333,0.0
previous_payoff_4_45,all83,US.MSFT,LONG,83,3,3.6144578313253013,2,0.0,,-0.20453210690253576,,0.0,-0.20453210690253576,-0.739272675551334,-0.7055087513333547,-0.6128203674465982,-0.42038265274798026,-0.455470039728499,-0.455470039728499,-0.28003310482590554,0.0,0.0
previous_payoff_4_45,all83,US.MSFT,SHORT,83,4,4.819277108433735,2,75.0,1.09210650181545,-0.049580852090432816,22.026779608860018,66.08033882658006,0.8066846633389795,3.8876369317541175,3.126614151749976,-0.04958085209043617,0.005912863435063396,-0.049580852090432816,-0.049580852090432816,0.35119149655680365,25.0,0.0
previous_payoff_4_45,all83,US.MU,LONG,83,8,9.63855421686747,2,25.0,1.3648022037867487,-0.14712348730692412,9.276575948336133,3.0921919827787105,0.23085793546649405,2.2251367273878944,2.3525300770000257,-0.5619015819147144,-0.4147744232771992,-0.5619015819147126,-0.5619015819147126,-0.11128841166081069,12.5,0.0
previous_payoff_4_45,all83,US.MU,SHORT,83,4,4.819277108433735,2,25.0,3.354760230204088,-0.21765561842353354,15.41315705288204,5.137719017627346,0.6754483437333719,3.25517274088372,7.001860902749968,-0.48528593380297025,-0.32484594444488546,-0.3526637777211339,-0.3526637777211339,-0.21765561842353354,0.0,0.0
previous_payoff_4_45,all83,US.NVDA,LONG,83,5,6.024096385542169,2,40.0,0.583695575351971,-0.39944897355662967,1.4612519094863086,0.974167939657539,-0.006191153993189382,-0.03729610839270712,-0.03140485899999703,-1.1954120299786597,-0.7529275777469546,-0.8557238077416309,-0.8557238077416309,-0.2536919285184964,20.0,0.0
previous_payoff_4_45,all83,US.NVDA,SHORT,83,4,4.819277108433735,2,25.0,0.451279284278875,-0.1594409043820508,2.8303858788803895,0.9434619596267965,-0.0067608572168193475,-0.03258244441840649,0.04120389425000326,-0.41002498217818095,-0.2990954374522421,-0.339365140588868,-0.339365140588868,-0.1594409043820508,0.0,0.0
previous_payoff_4_45,all83,US.QQQ,LONG,83,8,9.63855421686747,2,37.5,0.5244683278044127,-0.06373849657858123,8.228438949102163,4.937063369461297,0.1568390625650415,1.5117018078558218,1.2757205117500092,-0.23634383953189397,-0.12050830437390128,-0.1257974221386273,-0.1257974221386273,0.005079839983341212,37.5,0.0
previous_payoff_4_45,all83,US.QQQ,SHORT,83,6,7.228915662650603,2,50.0,0.4794873594289379,-0.10807041477661691,4.4368050258717435,4.4368050258717435,0.18570847232616047,1.3424708842854973,1.5141524856666517,-0.32387274483018924,-0.13388961706016222,-0.14276614444554475,-0.14276614444554475,0.07669838881702573,50.0,0.0
previous_payoff_4_45,all83,US.SPY,LONG,83,11,13.25301204819277,2,9.090909090909092,0.2348172400837315,-0.10557179165354644,2.224242256438426,0.22242422564384262,-0.07462733422288481,-0.989036959580401,-0.41273644118182967,-0.8189062074592246,-0.26671254487212487,-0.3753534473368933,-0.3753534473368933,-0.10557179165354644,18.181818181818183,0.0
previous_payoff_4_45,all83,US.SPY,SHORT,83,11,13.25301204819277,2,9.090909090909092,0.13013219604873258,-0.10043352823370642,1.295704714723534,0.1295704714723534,-0.07947300784439379,-1.0532567304678695,-0.44797204800000723,-0.871235065723508,-0.21275955925982798,-0.26931270551453057,-0.26931270551453057,-0.10043352823370642,0.0,0.0
previous_payoff_4_45,all83,US.TSLA,LONG,83,8,9.63855421686747,2,50.0,1.1153498214137536,-0.5039486770336463,2.2132210525463623,2.2132210525463623,0.30570057219005364,2.94651153918124,1.2726125000000081,-0.8395755667873761,-0.6636187197591494,-0.7137449228269669,-0.7137449228269669,0.14503838357228996,50.0,0.0
previous_payoff_4_45,all83,US.TSLA,SHORT,83,5,6.024096385542169,2,40.0,0.6312073989446952,-0.08749840430561218,7.213930401976594,4.8092869346510625,0.19998391699451082,1.2047223915331977,0.8089999999999918,-0.14860664229492393,-0.1338403979908974,-0.14860664229491896,-0.14860664229491896,-0.0036340883566872277,40.0,0.0
previous_payoff_4_45,all83,ALL,LONG,830,55,6.626506024096385,2,30.90909090909091,0.7679422281100232,-0.19896330090226885,3.85971797124153,1.7267159345027896,0.09989840806516692,0.6619774028414676,0.7493027822909115,-1.1954120299786597,-0.613492516691332,-0.7868993760848852,-0.8557238077416309,0.05312092737456579,23.636363636363637,0.0
previous_payoff_4_45,all83,ALL,SHORT,830,48,5.783132530120482,2,31.25,0.97963073673547,-0.1904807423559538,5.142938465164218,2.3376993023473718,0.17517909486011615,1.0130839220825996,1.2083628278124874,-2.3123123350061614,-0.6183132902853338,-0.6784583135911043,-0.7388832217600383,0.10752843240598906,20.833333333333336,0.0
previous_payoff_4_45,all83,EXCLUDE_US.AAPL,BOTH_COUNTERFACTUAL,1494,98,6.5595716198125835,2,30.612244897959183,0.9083376786671012,-0.20086413210366047,4.522149719584246,1.9950660527577557,0.13868744262208288,0.9097302126482009,0.9998815458061177,-2.3123123350061614,-0.6454246008821578,-0.7503715157969747,-0.8557238077416309,0.10553205305938182,23.46938775510204,0.0
previous_payoff_4_45,all83,EXCLUDE_US.AMD,BOTH_COUNTERFACTUAL,1494,96,6.42570281124498,2,30.208333333333332,0.8389053588686506,-0.18149514836695785,4.622191647638433,2.000650116142008,0.12675083819379893,0.8144632173095515,0.9264913412604129,-2.3123123350061614,-0.5889492723428187,-0.720968734268382,-0.8557238077416309,0.09277179196211166,20.833333333333336,0.0
previous_payoff_4_45,all83,EXCLUDE_US.IWM,BOTH_COUNTERFACTUAL,1494,97,6.492637215528782,2,31.95876288659794,0.8844933777021832,-0.19819825474851324,4.462669859653838,2.0961025098374084,0.14781659685944132,0.9597195378424236,1.0321965851649444,-2.3123123350061614,-0.645827637828512,-0.7503715157969747,-0.8557238077416309,0.11441093401210128,22.68041237113402,0.0
previous_payoff_4_45,all83,EXCLUDE_US.META,BOTH_COUNTERFACTUAL,1494,95,6.358768406961178,2,30.526315789473685,0.8389910851834286,-0.17418470442324321,4.816674850765333,2.1164177374574944,0.1351005366145829,0.8590730239883116,0.9669344080105218,-1.1954120299786597,-0.5643938688465746,-0.7002869066103269,-0.8557238077416309,0.10084883774660945,22.105263157894736,0.0
previous_payoff_4_45,all83,EXCLUDE_US.MSFT,BOTH_COUNTERFACTUAL,1494,96,6.42570281124498,2,30.208333333333332,0.8439020490846929,-0.1967655635706665,4.288870642660059,1.856376845330473,0.11760277775230671,0.7556804996132158,0.9252410250833302,-2.3123123350061614,-0.6462306747748663,-0.7503715157969747,-0.8557238077416309,0.0835274361475511,22.916666666666664,0.0
previous_payoff_4_45,all83,EXCLUDE_US.MU,BOTH_COUNTERFACTUAL,1494,91,6.091030789825971,2,31.86813186813187,0.7470729065905124,-0.19856067988581527,3.7624413203063454,1.7598515853045809,0.10279507844180567,0.6261279878316142,0.5756635663076863,-2.3123123350061614,-0.6482458595066373,-0.7503715157969747,-0.8557238077416309,0.07955834084963807,24.175824175824175,0.0
previous_payoff_4_45,all83,EXCLUDE_US.NVDA,BOTH_COUNTERFACTUAL,1494,94,6.291834002677376,2,30.851063829787233,0.9010623618592974,-0.18722769689564078,4.812655268421864,2.1471846582189857,0.14852136378407424,0.9344717667806545,1.0553752923297819,-2.3123123350061614,-0.5963181013695221,-0.7080698522572674,-0.7912293976860577,0.11404567704837516,23.404255319148938,0.0
previous_payoff_4_45,all83,EXCLUDE_US.QQQ,BOTH_COUNTERFACTUAL,1494,89,5.957161981258367,2,29.213483146067414,0.951446610277015,-0.20958041594936408,4.5397686895844815,1.8735553322094687,0.12959601867856696,0.7720244753944082,0.8980043792471859,-2.3123123350061614,-0.6490519333993456,-0.7503715157969747,-0.8557238077416309,0.09294642536577695,19.101123595505616,0.0
previous_payoff_4_45,all83,EXCLUDE_US.SPY,BOTH_COUNTERFACTUAL,1494,81,5.421686746987952,2,37.03703703703704,0.9128176497589992,-0.23110621045412086,3.949775507829598,2.3233973575468223,0.19256929332851627,1.0440503855160521,1.3417390387901202,-2.3123123350061614,-0.6522762289701792,-0.7503715157969747,-0.8557238077416309,0.15304190661757164,25.925925925925924,0.0
previous_payoff_4_45,all83,EXCLUDE_US.TSLA,BOTH_COUNTERFACTUAL,1494,90,6.024096385542169,2,28.88888888888889,0.8471409555906938,-0.18075281267158233,4.686737335202087,1.903987042425848,0.11619427593751969,0.6999655176959017,0.9443018751222167,-2.3123123350061614,-0.6109126617831162,-0.7364656292402003,-0.8557238077416309,0.07980589442890655,18.88888888888889,0.0
