rule,period,direction,scenario,jobs,trades,trade_rate_pct,cost_bps,win_rate_pct,avg_win_pct,avg_loss_pct,payoff_ratio,profit_factor,mean_trade_pct,mean_job_bps,mean_gross_points,worst_stream_mdd_pct,p05_pct,cvar05_pct,worst_trade_pct,trim_top1_mean_pct,held_until_flatten_pct,unclosed_after_day_pct
selected_1m,fit28,BOTH_COUNTERFACTUAL,ALL,560,62,11.071428571428571,2,6.451612903225806,4.107113549247732,-0.09502085116952033,43.22328729639041,2.980916365268304,0.17608459401868948,1.9495080052069191,2.0493436927258077,-0.8370278035425116,-0.22057969720885384,-0.29857601232091086,-0.45600526302210925,0.048971432752117294,8.064516129032258,0.0
selected_1m,fit28,BOTH_COUNTERFACTUAL,strong_up_trend,102,10,9.803921568627452,2,10.0,7.929987431279593,-0.0837254239179162,94.71421057305243,10.523801174783603,0.7176458616018349,7.035743741194459,6.916037369200017,-0.21360380606195717,-0.179503931830775,-0.21360380606195933,-0.21360380606195933,-0.08372542391791618,10.0,0.0
selected_1m,fit28,BOTH_COUNTERFACTUAL,strong_down_trend,148,18,12.162162162162161,2,16.666666666666668,2.8328222552371107,-0.11421301224983472,24.802972966341756,4.960594593268351,0.3769595323313229,4.5846429607863595,3.8491385278333277,-0.49751095939074563,-0.25616322587771717,-0.45600526302210925,-0.45600526302210925,0.05854849959112487,16.666666666666664,0.0
selected_1m,fit28,BOTH_COUNTERFACTUAL,range_chop,140,9,6.428571428571429,2,0.0,,-0.08837702083506649,,0.0,-0.08837702083506649,-0.5681379910825702,-0.3348187372222229,-0.2862023300386318,-0.19686807649207838,-0.21455124763164693,-0.21455124763164693,-0.0964292361418787,0.0,0.0
selected_1m,fit28,BOTH_COUNTERFACTUAL,gap_up_open,82,7,8.536585365853659,2,0.0,,-0.1238635837241503,,0.0,-0.1238635837241503,-1.0573720561817708,-0.4164961622857147,-0.24093344368981695,-0.21975640651768694,-0.24093344368981323,-0.24093344368981323,-0.1405108222989682,0.0,0.0
selected_1m,fit28,BOTH_COUNTERFACTUAL,gap_down_open,72,10,13.88888888888889,2,20.0,3.701607545764221,-0.14327933794209988,25.834901242076263,6.458725310519066,0.6256980387991644,8.690250538877283,6.19847227489999,-0.49751095939074563,-0.3502065374750782,-0.45600526302210925,-0.45600526302210925,0.05189258878632824,20.0,0.0
selected_1m,fit28,BOTH_COUNTERFACTUAL,v_reversal_up,32,7,21.875,2,0.0,,-0.09002111704084186,,0.0,-0.09002111704084186,-1.9692119352684154,-0.28973724214284047,-0.2111672076560378,-0.16466014494256465,-0.1703433197827256,-0.1703433197827256,-0.098209045331089,0.0,0.0
selected_1m,fit28,BOTH_COUNTERFACTUAL,v_reversal_down,52,3,5.769230769230769,2,0.0,,-0.11638477919857777,,0.0,-0.11638477919857777,-0.671450649222564,-0.32089257866667253,-0.19010283421119212,-0.18210864103349586,-0.19010283421118734,-0.19010283421118734,-0.15013186832273,0.0,0.0
selected_1m,fit28,BOTH_COUNTERFACTUAL,late_day_spike,146,21,14.383561643835616,2,14.285714285714286,5.111067507602679,-0.11606805268829003,44.035093113251904,7.339182185541984,0.6306655987818484,9.071217516725216,6.196221251,-0.48948161766856346,-0.22089698402870686,-0.24868267128586052,-0.27646835854301416,0.2656995071569611,14.285714285714285,0.0
selected_1m,fit28,BOTH_COUNTERFACTUAL,high_vol,150,14,9.333333333333334,2,21.428571428571427,5.111067507602679,-0.08405170751251752,60.80861006710074,16.584166381936566,1.0291881242978818,9.60575582678023,9.69157590814286,-0.2269196308610888,-0.16875410578393568,-0.22089698402870686,-0.22089698402870686,0.4983574083762116,21.428571428571427,0.0
selected_1m,fit28,BOTH_COUNTERFACTUAL,low_vol,50,6,12.0,2,0.0,,-0.08462568788039243,,0.0,-0.08462568788039243,-1.015508254564709,-0.28910034199999757,-0.21455124763164468,-0.19166625662623504,-0.21455124763164693,-0.21455124763164693,-0.09675896578035718,0.0,0.0
selected_1m,fit28,LONG,ALL,280,33,11.785714285714286,2,3.0303030303030303,7.929987431279593,-0.08079899139741431,98.1446339135041,3.067019809797003,0.16195211232007078,1.9087213237722624,1.8860274043636387,-0.48948161766856346,-0.22453566111310092,-0.2587009011164137,-0.27646835854301416,-0.08079899139741431,3.0303030303030303,0.0
selected_1m,fit28,LONG,strong_up_trend,51,10,19.607843137254903,2,10.0,7.929987431279593,-0.0837254239179162,94.71421057305243,10.523801174783603,0.7176458616018349,14.071487482388918,6.916037369200017,-0.21360380606195717,-0.179503931830775,-0.21360380606195933,-0.21360380606195933,-0.08372542391791618,10.0,0.0
selected_1m,fit28,LONG,strong_down_trend,74,3,4.054054054054054,2,0.0,,-0.11200801141976033,,0.0,-0.11200801141976033,-0.4540865327828122,-0.2445950856666741,-0.1406771713444388,-0.1384171280878535,-0.14067717134444352,-0.14067717134444352,-0.12937695506149338,0.0,0.0
selected_1m,fit28,LONG,range_chop,70,5,7.142857142857143,2,0.0,,-0.059559986313699596,,0.0,-0.059559986313699596,-0.4254284736692828,-0.20867469260000462,-0.09355868837371828,-0.09217513981685851,-0.09355868837372006,-0.09355868837372006,-0.06846015829698232,0.0,0.0
selected_1m,fit28,LONG,gap_up_open,41,6,14.634146341463415,2,0.0,,-0.11611696104772108,,0.0,-0.11611696104772108,-1.6992726006983572,-0.4125621893333384,-0.24093344368981695,-0.2158693756034708,-0.24093344368981323,-0.24093344368981323,-0.13454432280221668,0.0,0.0
selected_1m,fit28,LONG,gap_down_open,36,1,2.7777777777777777,2,0.0,,-0.024902441415820625,,0.0,-0.024902441415820625,-0.06917344837727951,-0.01999999999998181,-0.024902441415819432,-0.024902441415820625,-0.024902441415820625,-0.024902441415820625,,0.0,0.0
selected_1m,fit28,LONG,v_reversal_up,16,3,18.75,2,0.0,,-0.0652354691071946,,0.0,-0.0652354691071946,-1.2231650457598988,-0.23949053166664194,-0.06810930427534334,-0.06809631209420629,-0.0681093042753411,-0.0681093042753411,-0.06804434336966704,0.0,0.0
selected_1m,fit28,LONG,v_reversal_down,26,2,7.6923076923076925,2,0.0,,-0.07952575169227298,,0.0,-0.07952575169227298,-0.611736551479023,-0.14223886800000685,-0.11016090243427534,-0.10709738736007267,-0.11016090243427264,-0.11016090243427264,-0.11016090243427264,0.0,0.0
selected_1m,fit28,LONG,late_day_spike,73,12,16.438356164383563,2,8.333333333333334,7.929987431279593,-0.11656035403545166,68.0333162755125,6.1848469341375,0.5539852947408022,9.106607584780308,5.53932732450001,-0.48948161766856346,-0.24189285467843402,-0.27646835854301416,-0.27646835854301416,-0.11656035403545169,8.333333333333332,0.0
selected_1m,fit28,LONG,high_vol,75,7,9.333333333333334,2,14.285714285714286,7.929987431279593,-0.07957718786819308,99.65151626637464,16.60858604439577,1.0646463291529193,9.936699072093912,10.149355832857168,-0.2269196308610888,-0.1243832061063211,-0.14067717134444352,-0.14067717134444352,-0.07957718786819308,14.285714285714285,0.0
selected_1m,fit28,LONG,low_vol,25,4,16.0,2,0.0,,-0.04254789901017708,,0.0,-0.04254789901017708,-0.6807663841628333,-0.0848840722499915,-0.1169666061774488,-0.06522649877658095,-0.0681093042753411,-0.0681093042753411,-0.04874409922004656,0.0,0.0
selected_1m,fit28,SHORT,ALL,280,29,10.357142857142858,2,10.344827586206897,2.8328222552371107,-0.11252467858134313,25.175119724419275,2.9048215066637626,0.19216638353780732,1.9902946866415756,2.235186365689655,-0.8370278035425116,-0.21835868946988288,-0.33845112352540807,-0.45600526302210925,-0.007754355939938456,13.793103448275861,0.0
selected_1m,fit28,SHORT,strong_up_trend,51,0,0.0,2,,,,,,,0.0,,0.0,,,,,,0.0
selected_1m,fit28,SHORT,strong_down_trend,74,15,20.27027027027027,2,20.0,2.8328222552371107,-0.11476426245735334,24.683836192384312,6.170959048096078,0.47475304108153954,9.62337245435553,4.667885250533328,-0.49751095939074563,-0.29142946772672756,-0.45600526302210925,-0.45600526302210925,0.09509632337917169,20.0,0.0
selected_1m,fit28,SHORT,range_chop,70,4,5.714285714285714,2,0.0,,-0.12439831398677507,,0.0,-0.12439831398677507,-0.7108475084958576,-0.49249879299999577,-0.2862023300386318,-0.20792005845430872,-0.21455124763164693,-0.21455124763164693,-0.15223323621591378,0.0,0.0
selected_1m,fit28,SHORT,gap_up_open,41,1,2.4390243902439024,2,0.0,,-0.1703433197827256,,0.0,-0.1703433197827256,-0.41547151166518437,-0.4400999999999726,-0.17034331978272865,-0.1703433197827256,-0.1703433197827256,-0.1703433197827256,,0.0,0.0
selected_1m,fit28,SHORT,gap_down_open,36,9,25.0,2,22.22222222222222,3.701607545764221,-0.16019032316013979,23.107560261700588,6.6021600747715965,0.6979869810452738,17.449674526131847,6.889413638777764,-0.49751095939074563,-0.3619619514247483,-0.45600526302210925,-0.45600526302210925,0.061491967561596854,22.22222222222222,0.0
selected_1m,fit28,SHORT,v_reversal_up,16,4,25.0,2,0.0,,-0.1086103529910773,,0.0,-0.1086103529910773,-2.7152588247769325,-0.3274222749999893,-0.2111672076560378,-0.16750173236264512,-0.1703433197827256,-0.1703433197827256,-0.13118262155498342,0.0,0.0
selected_1m,fit28,SHORT,v_reversal_down,26,1,3.8461538461538463,2,0.0,,-0.19010283421118734,,0.0,-0.19010283421118734,-0.7311647469661052,-0.6782000000000039,-0.19010283421119212,-0.19010283421118734,-0.19010283421118734,-0.19010283421118734,,0.0,0.0
selected_1m,fit28,SHORT,late_day_spike,73,9,12.32876712328767,2,22.22222222222222,3.701607545764221,-0.11529443628560743,32.105691003116554,9.173054572319016,0.73290600416991,9.035827448670124,7.072079819666653,-0.22089698402870672,-0.20857932410169905,-0.22089698402870686,-0.22089698402870686,0.10077586857681269,22.22222222222222,0.0
selected_1m,fit28,SHORT,high_vol,75,7,9.333333333333334,2,28.571428571428573,3.701607545764221,-0.08942113108570682,41.395221697837485,16.558088679134997,0.9937299194428441,9.274812581466545,9.233795983428552,-0.22089698402870672,-0.1788172232574767,-0.22089698402870686,-0.22089698402870686,0.19436039119753654,28.57142857142857,0.0
selected_1m,fit28,SHORT,low_vol,25,2,8.0,2,0.0,,-0.16878126562082313,,0.0,-0.16878126562082313,-1.3502501249665853,-0.6975328815000097,-0.21455124763164468,-0.20997424943056453,-0.21455124763164693,-0.21455124763164693,-0.21455124763164693,0.0,0.0
selected_1m,validation28,BOTH_COUNTERFACTUAL,ALL,560,103,18.392857142857142,2,12.62135922330097,1.4388327196346893,-0.14062211367932945,10.231909349021459,1.477942461525322,0.058726554603022466,1.0801491293055916,0.5389066660388324,-1.5768527196855286,-0.38420867646985124,-0.47594162546596924,-0.6087414519270011,-0.023501128599931555,11.650485436893204,0.0
selected_1m,validation28,BOTH_COUNTERFACTUAL,strong_up_trend,152,22,14.473684210526315,2,27.272727272727273,2.055336037030912,-0.18760059132974938,10.955914490792868,4.108467934047325,0.42410939822315846,6.138425500598347,2.97238910059091,-1.0170356740770714,-0.4357090416726826,-0.48192143894889883,-0.5234831281584792,0.18296438574633359,27.27272727272727,0.0
selected_1m,validation28,BOTH_COUNTERFACTUAL,strong_down_trend,148,28,18.91891891891892,2,21.428571428571427,0.9707907806034705,-0.16849295093132705,5.761610650401257,1.571348359200343,0.07563927725470095,1.431013353467315,0.7508026015714181,-0.9828206402524575,-0.35799603979457656,-0.4968832358397204,-0.6087414519270011,-0.03023684034578876,17.857142857142858,0.0
selected_1m,validation28,BOTH_COUNTERFACTUAL,range_chop,130,21,16.153846153846153,2,4.761904761904762,0.5480644494446684,-0.11536905202614736,4.750532658623688,0.2375266329311844,-0.08377698052753708,-1.353320454675599,-0.4761479562380901,-0.4901565907056149,-0.2849239791277146,-0.3875402849166655,-0.4901565907056163,-0.11536905202614736,4.761904761904762,0.0
selected_1m,validation28,BOTH_COUNTERFACTUAL,gap_up_open,90,14,15.555555555555555,2,14.285714285714286,3.550798398159647,-0.1732384297456011,20.49659768547867,3.416099614246445,0.35876683138372006,5.5808173770800895,3.330277902999989,-1.1576826184443,-0.41755115164942597,-0.5234831281584792,-0.5234831281584792,-0.035801463143415174,14.285714285714285,0.0
selected_1m,validation28,BOTH_COUNTERFACTUAL,gap_down_open,106,17,16.037735849056602,2,5.882352941176471,0.39809786587082996,-0.17373851764485418,2.291362164632932,0.14321013528955825,-0.14010108332040214,-2.2469041664592795,-0.9714280074705792,-1.2040435836036867,-0.39952058768236937,-0.4901565907056163,-0.4901565907056163,-0.17373851764485418,5.88235294117647,0.0
selected_1m,validation28,BOTH_COUNTERFACTUAL,v_reversal_up,36,8,22.22222222222222,2,0.0,,-0.09353236295604217,,0.0,-0.09353236295604217,-2.0784969545787146,-0.3032857307500123,-0.19667844522968103,-0.17560933520429822,-0.19667844522968528,-0.19667844522968528,-0.10216883999698825,0.0,0.0
selected_1m,validation28,BOTH_COUNTERFACTUAL,v_reversal_down,38,5,13.157894736842104,2,0.0,,-0.111408866451036,,0.0,-0.111408866451036,-1.4659061375136317,-0.7489403418000279,-0.18630377008256316,-0.1797504890003744,-0.18630377008255836,-0.18630377008255836,-0.13019505069817724,0.0,0.0
selected_1m,validation28,BOTH_COUNTERFACTUAL,late_day_spike,114,15,13.157894736842104,2,20.0,2.184491614512096,-0.2691647372992722,8.115816493760317,2.028954123440079,0.22156653306300142,2.9153491192500183,1.9375033084666597,-0.8732943849478758,-0.5257320490720317,-0.6087414519270011,-0.6087414519270011,-0.1546183331636755,13.333333333333334,0.0
selected_1m,validation28,BOTH_COUNTERFACTUAL,high_vol,190,25,13.157894736842104,2,20.0,1.8070867921465457,-0.16017334285943793,11.282069537203682,2.8205173843009206,0.23327868414175873,3.0694563702862996,1.9065314261999913,-0.6087414519269974,-0.4292928037419427,-0.5245506008331599,-0.6087414519270011,0.014325518471145488,16.0,0.0
selected_1m,validation28,BOTH_COUNTERFACTUAL,low_vol,28,8,28.571428571428573,2,0.0,,-0.07039571835561852,,0.0,-0.07039571835561852,-2.0113062387319576,-0.17170022124999917,-0.14103989053785293,-0.1394442746546038,-0.1410398905378477,-0.1410398905378477,-0.07759510669213544,0.0,0.0
selected_1m,validation28,LONG,ALL,280,50,17.857142857142858,2,14.0,1.8400115245185915,-0.1376869995575815,13.363727370274257,2.1754905021376696,0.13919079381308272,2.4855498895193344,0.9558212456800015,-1.5768527196855286,-0.38656598235486855,-0.4572422301369194,-0.5234831281584792,0.030028265926890993,14.000000000000002,0.0
selected_1m,validation28,LONG,strong_up_trend,76,20,26.31578947368421,2,30.0,2.055336037030912,-0.19044405752854301,10.792334839446834,4.625286359762929,0.4832899708392936,12.718157127349832,3.3118514648000015,-1.0170356740770714,-0.4445159186602764,-0.5234831281584792,-0.5234831281584792,0.2198760398183891,30.0,0.0
selected_1m,validation28,LONG,strong_down_trend,74,3,4.054054054054054,2,0.0,,-0.19671963238564838,,0.0,-0.19671963238564838,-0.7975120231850609,-1.3033000000000168,-0.2790942582354572,-0.2700806415886568,-0.2790942582354575,-0.2790942582354575,-0.23402617500145376,0.0,0.0
selected_1m,validation28,LONG,range_chop,65,8,12.307692307692308,2,12.5,0.5480644494446684,-0.08430512574369674,6.500962362726155,0.9287089089608794,-0.005258928845151101,-0.06472527809416741,-0.25661595475,-0.18630377008256316,-0.17046141224190964,-0.18630377008255836,-0.18630377008255836,-0.08430512574369675,12.5,0.0
selected_1m,validation28,LONG,gap_up_open,45,9,20.0,2,22.22222222222222,3.550798398159647,-0.23176273870038383,15.320833789205505,4.377381082630144,0.6088064028240674,12.176128056481348,5.32999999999999,-1.1576826184443,-0.4582942195375233,-0.5234831281584792,-0.5234831281584792,-0.0011121293524838337,22.22222222222222,0.0
selected_1m,validation28,LONG,gap_down_open,53,8,15.09433962264151,2,0.0,,-0.13522051976655214,,0.0,-0.13522051976655214,-2.0410644493064476,-0.9537127136249879,-0.6425649747163087,-0.3023299863662889,-0.3473455884066012,-0.3473455884066012,-0.1499337596424485,0.0,0.0
selected_1m,validation28,LONG,v_reversal_up,18,1,5.555555555555555,2,0.0,,-0.09201087681730712,,0.0,-0.09201087681730712,-0.5111715378739284,-0.2674964380000233,-0.09201087681730558,-0.09201087681730712,-0.09201087681730712,-0.09201087681730712,,0.0,0.0
selected_1m,validation28,LONG,v_reversal_down,19,3,15.789473684210526,2,0.0,,-0.12241427937369004,,0.0,-0.12241427937369004,-1.9328570427424743,-0.8199005696666859,-0.18630377008256316,-0.18177738212808728,-0.18630377008255836,-0.18630377008255836,-0.16367183031020302,0.0,0.0
selected_1m,validation28,LONG,late_day_spike,57,6,10.526315789473685,2,33.333333333333336,3.1589893125757023,-0.2972265358838537,10.628221007192073,5.314110503596036,0.8548454136026649,8.998372774764892,6.59959786766666,-0.6254704250485799,-0.41710620940613913,-0.44035974973931846,-0.44035974973931846,-0.0718164357240977,33.33333333333333,0.0
selected_1m,validation28,LONG,high_vol,95,12,12.631578947368421,2,16.666666666666668,3.550798398159647,-0.15729521554786152,22.574103006198662,4.514820601239732,0.46072038673672333,5.819625937727031,4.076951067583326,-0.44035974973931635,-0.389201961006324,-0.44035974973931846,-0.44035974973931846,0.0036809073276546783,16.666666666666664,0.0
selected_1m,validation28,LONG,low_vol,14,5,35.714285714285715,2,0.0,,-0.06216598184099923,,0.0,-0.06216598184099923,-2.220213637178544,-0.17889999999999873,-0.14103989053785293,-0.12716714055543263,-0.1410398905378477,-0.1410398905378477,-0.07270747730124903,0.0,0.0
selected_1m,validation28,SHORT,ALL,280,53,18.928571428571427,2,11.320754716981131,0.9707907806034705,-0.14330743085454561,6.774183130732453,0.8647893358381855,-0.017183105029109854,-0.3252516309081508,0.1455910248679182,-1.363815512573785,-0.3801269600569103,-0.49464102079501904,-0.6087414519270011,-0.07394228882712973,9.433962264150944,0.0
selected_1m,validation28,SHORT,strong_up_trend,76,2,2.6315789473684212,2,0.0,,-0.16769632793819383,,0.0,-0.16769632793819383,-0.4413061261531417,-0.4222345415000035,-0.2654843791956907,-0.25570557406994227,-0.2654843791956921,-0.2654843791956921,-0.2654843791956921,0.0,0.0
selected_1m,validation28,SHORT,strong_down_trend,74,25,33.78378378378378,2,24.0,0.9707907806034705,-0.16403610649117106,5.9181530296546105,1.8688904304172458,0.1083223464115429,3.659538730119692,0.9972949137599904,-0.9828206402524575,-0.36957988834794636,-0.4968832358397204,-0.6087414519270011,-0.009426491340806304,20.0,0.0
selected_1m,validation28,SHORT,range_chop,65,13,20.0,2,0.0,,-0.13209578156285157,,0.0,-0.13209578156285157,-2.641915631257031,-0.6112445725384532,-0.4901565907056149,-0.3670170237588753,-0.4901565907056163,-0.4901565907056163,-0.14008175257121655,0.0,0.0
selected_1m,validation28,SHORT,gap_up_open,45,5,11.11111111111111,2,0.0,,-0.0913043972089053,,0.0,-0.0913043972089053,-1.01449330232117,-0.2692218716000127,-0.20735252947403637,-0.13058598841698935,-0.13648098801429367,-0.13648098801429367,-0.09771831579669381,0.0,0.0
selected_1m,validation28,SHORT,gap_down_open,53,9,16.9811320754717,2,11.11111111111111,0.39809786587082996,-0.2122565155231562,1.8755507452368374,0.23444384315460468,-0.1444393620349355,-2.452743883612112,-0.987174935333327,-1.2040435836036867,-0.44483858919399283,-0.4901565907056163,-0.4901565907056163,-0.2122565155231562,11.11111111111111,0.0
selected_1m,validation28,SHORT,v_reversal_up,18,7,38.888888888888886,2,0.0,,-0.0937497181187186,,0.0,-0.0937497181187186,-3.6458223712835016,-0.3083984868571536,-0.19667844522968103,-0.1786192080650678,-0.19667844522968528,-0.19667844522968528,-0.10386183386026844,0.0,0.0
selected_1m,validation28,SHORT,v_reversal_down,19,2,10.526315789473685,2,0.0,,-0.09490074706705497,,0.0,-0.09490074706705497,-0.998955232284789,-0.6425000000000409,-0.15353736467164092,-0.1476737029111804,-0.15353736467163878,-0.15353736467163878,-0.15353736467163878,0.0,0.0
selected_1m,validation28,SHORT,late_day_spike,57,9,15.789473684210526,2,11.11111111111111,0.23549621838488316,-0.2551338380069814,0.9230301249904731,0.11537876562380914,-0.20061938729677417,-3.1676745362648555,-1.1705597310000069,-0.8732943849478758,-0.5613075074384472,-0.6087414519270011,-0.6087414519270011,-0.2551338380069814,0.0,0.0
selected_1m,validation28,SHORT,high_vol,95,13,13.68421052631579,2,23.076923076923077,0.6446123881378113,-0.1630514701710144,3.953428861829446,1.1860286585488338,0.02333249713102233,0.3192868028455687,-0.09693285815385567,-0.6087414519269974,-0.47451159262226417,-0.6087414519270011,-0.6087414519270011,-0.11141748596534543,15.384615384615385,0.0
selected_1m,validation28,SHORT,low_vol,14,3,21.428571428571427,2,0.0,,-0.084111945879984,,0.0,-0.084111945879984,-1.8023988402853715,-0.15970058999999992,-0.1364809880142981,-0.12936130895803777,-0.13648098801429367,-0.13648098801429367,-0.10088259273301407,0.0,0.0
selected_1m,development56,BOTH_COUNTERFACTUAL,ALL,1120,165,14.732142857142858,2,10.303030303030303,2.0666635030730522,-0.12275134864170154,16.836177573131426,1.9338852617786095,0.10282472698951552,1.5148285672562556,1.106464821521211,-1.607457260523748,-0.3578778029661919,-0.44989193992784127,-0.6087414519270011,0.019915002656906617,10.303030303030303,0.0
selected_1m,development56,BOTH_COUNTERFACTUAL,strong_up_trend,254,32,12.598425196850394,2,21.875,2.8945719504950094,-0.15020553106148946,19.270741430354267,5.395807600499195,0.5158395430289947,6.49876589642828,4.204779184531256,-1.1534602391292115,-0.389201961006324,-0.48192143894889883,-0.5234831281584792,0.27667348211768505,21.875,0.0
selected_1m,development56,BOTH_COUNTERFACTUAL,strong_down_trend,296,46,15.54054054054054,2,19.565217391304348,1.5914679388146842,-0.14648757038477617,10.864184139544435,2.642639385294592,0.19354720315424867,3.0078281571268373,1.9631949205434698,-1.2015466031284228,-0.3657186054968231,-0.4832572449005167,-0.6087414519270011,0.06918276124846111,17.391304347826086,0.0
selected_1m,development56,BOTH_COUNTERFACTUAL,range_chop,270,30,11.11111111111111,2,3.3333333333333335,0.5480644494446684,-0.10699221475994983,5.122470365477697,0.17663690915440333,-0.08515699261979588,-0.946188806886621,-0.43374919053332994,-0.4901565907056149,-0.25325624995448415,-0.3875402849166655,-0.4901565907056163,-0.10699221475994984,3.3333333333333335,0.0
selected_1m,development56,BOTH_COUNTERFACTUAL,gap_up_open,172,21,12.209302325581396,2,9.523809523809524,3.550798398159647,-0.15504769700085608,22.901329505978033,2.4106662637871614,0.1978900263477633,2.41609915889711,2.081353214571421,-1.2939133350060472,-0.3605108566060896,-0.4419969923822844,-0.5234831281584792,-0.06662320534667246,9.523809523809524,0.0
selected_1m,development56,BOTH_COUNTERFACTUAL,gap_down_open,178,27,15.168539325842696,2,11.11111111111111,2.6004376524664243,-0.16358545774393604,15.89650870150663,1.9870635876883287,0.14352822116832617,2.177113467160004,1.6840906156296316,-1.2040435836036978,-0.43226216019344377,-0.47308092686386277,-0.4901565907056163,-0.073641735283457,11.11111111111111,0.0
selected_1m,development56,BOTH_COUNTERFACTUAL,v_reversal_up,68,15,22.058823529411764,2,0.0,,-0.0918937815289487,,0.0,-0.0918937815289487,-2.0270687101973976,-0.2969631027333321,-0.30851456703320235,-0.1782438574168135,-0.19667844522968528,-0.19667844522968528,-0.09609497851891506,0.0,0.0
selected_1m,development56,BOTH_COUNTERFACTUAL,v_reversal_down,90,8,8.88888888888889,2,0.0,,-0.11327483373136417,,0.0,-0.11327483373136417,-1.0068874109454593,-0.5884224306250196,-0.19010283421119212,-0.1887731617661672,-0.19010283421118734,-0.19010283421118734,-0.1242763629126346,0.0,0.0
selected_1m,development56,BOTH_COUNTERFACTUAL,late_day_spike,260,36,13.846153846153847,2,16.666666666666668,3.6477795610573875,-0.1773067265326829,20.573272274501065,4.114654454900213,0.4602076547323287,6.372105988601476,4.421755441611108,-0.8732943849478647,-0.4528089599808929,-0.5494490213163087,-0.6087414519270011,0.24678537540240697,13.88888888888889,0.0
selected_1m,development56,BOTH_COUNTERFACTUAL,high_vol,340,39,11.470588235294118,2,20.512820512820515,3.0460795604425956,-0.13316243999440167,22.87491548345507,5.903203995730341,0.5189897652234438,5.953117895210092,4.701162778692303,-0.8282937444478611,-0.39055849275112736,-0.5245506008331599,-0.6087414519270011,0.32396351085354524,17.94871794871795,0.0
selected_1m,development56,BOTH_COUNTERFACTUAL,low_vol,78,14,17.94871794871795,2,0.0,,-0.07649427672337877,,0.0,-0.07649427672337877,-1.372974197599106,-0.2220145587142842,-0.25932438460904983,-0.16676886552067743,-0.21455124763164693,-0.21455124763164693,-0.08083999031748483,0.0,0.0
selected_1m,development56,LONG,ALL,560,83,14.821428571428571,2,9.63855421686747,2.601258512863717,-0.11341478274257681,22.935797697271287,2.4464850877089375,0.14824047466525872,2.197135606645799,1.3256622485301224,-1.607457260523748,-0.3423531307722364,-0.41591662708468974,-0.5234831281584792,0.053341121535815605,9.63855421686747,0.0
selected_1m,development56,LONG,strong_up_trend,127,30,23.62204724409449,2,23.333333333333332,2.8945719504950094,-0.14868459220264557,19.46786756861755,5.925003173057515,0.5614086010934739,13.261620498271036,4.513246766266674,-1.1534602391292115,-0.39850337713959566,-0.48192143894889883,-0.5234831281584792,0.3073196759146422,23.333333333333332,0.0
selected_1m,development56,LONG,strong_down_trend,148,6,4.054054054054054,2,0.0,,-0.15436382190270437,,0.0,-0.15436382190270437,-0.6257992779839366,-0.7739475428333454,-0.3293694422133675,-0.2565602166184556,-0.2790942582354575,-0.2790942582354575,-0.1697825614559864,0.0,0.0
selected_1m,development56,LONG,range_chop,135,13,9.62962962962963,2,7.6923076923076925,0.5480644494446684,-0.07399465098119792,7.406811738107013,0.6172343115089177,-0.026143950948438983,-0.2517565646886717,-0.23817700776923253,-0.18630377008256316,-0.15914544235573197,-0.18630377008255836,-0.18630377008255836,-0.07399465098119791,7.6923076923076925,0.0
selected_1m,development56,LONG,gap_up_open,86,15,17.441860465116278,2,13.333333333333334,3.550798398159647,-0.17838776439915488,19.904943649691646,3.0622990230294835,0.318837057275352,5.561111464104977,3.0329751242666587,-1.2939133350060472,-0.4094025380718065,-0.5234831281584792,-0.5234831281584792,-0.05039991436472836,13.333333333333334,0.0
selected_1m,development56,LONG,gap_down_open,89,9,10.112359550561798,2,0.0,,-0.12296295550535974,,0.0,-0.12296295550535974,-1.24344561746993,-0.8499668565555427,-0.6425649747163087,-0.2958991860748157,-0.3473455884066012,-0.3473455884066012,-0.13522051976655214,0.0,0.0
selected_1m,development56,LONG,v_reversal_up,34,4,11.764705882352942,2,0.0,,-0.07192932103472273,,0.0,-0.07192932103472273,-0.8462273062908556,-0.2464920082499873,-0.09201087681730558,-0.08842564093601221,-0.09201087681730712,-0.09201087681730712,-0.07603318785221373,0.0,0.0
selected_1m,development56,LONG,v_reversal_down,45,5,11.11111111111111,2,0.0,,-0.10525886830112322,,0.0,-0.10525886830112322,-1.1695429811235913,-0.5488358890000142,-0.18630377008256316,-0.17725099417361623,-0.18630377008255836,-0.18630377008255836,-0.12159879100123801,0.0,0.0
selected_1m,development56,LONG,late_day_spike,130,18,13.846153846153847,2,16.666666666666668,4.749322018810332,-0.16473800252835888,28.82954719566154,5.765909439132308,0.6542720010280897,9.059150783465858,5.892750838888893,-0.625470425048591,-0.3612977126065087,-0.44035974973931846,-0.44035974973931846,0.22628874042506003,16.666666666666664,0.0
selected_1m,development56,LONG,high_vol,170,19,11.176470588235293,2,15.789473684210526,5.010528075866296,-0.12815095516798586,39.098640110003686,7.330995020625691,0.6832194181532166,7.635981732300657,6.314152823210531,-0.5148227899338553,-0.3566470045398729,-0.44035974973931846,-0.44035974973931846,0.28062119520175116,15.789473684210526,0.0
selected_1m,development56,LONG,low_vol,39,9,23.076923076923077,2,0.0,,-0.05344683391618939,,0.0,-0.05344683391618939,-1.2333884749889859,-0.13711514322221774,-0.14103989053785293,-0.11329439057301753,-0.1410398905378477,-0.1410398905378477,-0.05762768815571306,0.0,0.0
selected_1m,development56,SHORT,ALL,560,82,14.642857142857142,2,10.975609756097562,1.5914679388146842,-0.13234371086682967,12.025263069856733,1.4825666798453507,0.05685512873236085,0.8325215278667125,0.8845942551585324,-1.3877160538144362,-0.37511000918359205,-0.46335798246674476,-0.6087414519270011,-0.013923784356309862,10.975609756097562,0.0
selected_1m,development56,SHORT,strong_up_trend,127,2,1.5748031496062993,2,0.0,,-0.16769632793819383,,0.0,-0.16769632793819383,-0.2640887054144785,-0.4222345415000035,-0.2654843791956907,-0.25570557406994227,-0.2654843791956921,-0.2654843791956921,-0.2654843791956921,0.0,0.0
selected_1m,development56,SHORT,strong_down_trend,148,40,27.027027027027028,2,22.5,1.5914679388146842,-0.1449631346071126,10.978432158824186,3.1872867557876665,0.24573385691279165,6.641455592237612,2.373766290049992,-1.2015466031284228,-0.38857403191592294,-0.5323733574745552,-0.6087414519270011,0.10357454327171733,20.0,0.0
selected_1m,development56,SHORT,range_chop,135,17,12.592592592592593,2,0.0,,-0.13028461272142178,,0.0,-0.13028461272142178,-1.6406210490845705,-0.5833043891176397,-0.4901565907056149,-0.325970501443295,-0.4901565907056163,-0.4901565907056163,-0.13616089292510622,0.0,0.0
selected_1m,development56,SHORT,gap_up_open,86,6,6.976744186046512,2,0.0,,-0.1044775509712087,,0.0,-0.1044775509712087,-0.7289131463107583,-0.2977015596666727,-0.2771670322547215,-0.16187773684061763,-0.1703433197827256,-0.1703433197827256,-0.11224331659390016,0.0,0.0
selected_1m,development56,SHORT,gap_down_open,89,18,20.224719101123597,2,16.666666666666668,2.6004376524664243,-0.18795895908708182,13.835135420502278,2.7670270841004556,0.27677380950516917,5.5976725517899375,2.9511193517222187,-1.2040435836036978,-0.46112796217463536,-0.4901565907056163,-0.4901565907056163,-0.04753050104833203,16.666666666666664,0.0
selected_1m,development56,SHORT,v_reversal_up,34,11,32.35294117647059,2,0.0,,-0.09915358534503084,,0.0,-0.09915358534503084,-3.2079101141039392,-0.315316228000003,-0.30851456703320235,-0.18351088250620545,-0.19667844522968528,-0.19667844522968528,-0.10576124151259196,0.0,0.0
selected_1m,development56,SHORT,v_reversal_down,45,3,6.666666666666667,2,0.0,,-0.12663477611509907,,0.0,-0.12663477611509907,-0.8442318407673272,-0.6544000000000286,-0.19010283421119212,-0.18644628725723247,-0.19010283421118734,-0.19010283421118734,-0.17182009944141305,0.0,0.0
selected_1m,development56,SHORT,late_day_spike,130,18,13.846153846153847,2,16.666666666666668,2.5462371033044415,-0.18987545053700688,13.410038507364478,2.682007701472896,0.26614330843656797,3.685061193737095,2.9507600443333235,-0.8732943849478647,-0.507944319888824,-0.6087414519270011,-0.6087414519270011,-0.05878632570920392,11.11111111111111,0.0
selected_1m,development56,SHORT,high_vol,170,20,11.764705882352942,2,25.0,1.8674104511883751,-0.1385080238092452,13.48232687053707,4.4941089568456905,0.3629715949401599,4.270254058119528,3.168822236399987,-0.8282937444478611,-0.3962108413611675,-0.6087414519270011,-0.6087414519270011,0.07734130578360578,20.0,0.0
selected_1m,development56,SHORT,low_vol,39,5,12.820512820512821,2,0.0,,-0.11797967377631965,,0.0,-0.11797967377631965,-1.5125599202092264,-0.3748335066000038,-0.25932438460904983,-0.1989371957081763,-0.21455124763164693,-0.21455124763164693,-0.1348319291769186,0.0,0.0
selected_1m,stress27,BOTH_COUNTERFACTUAL,ALL,540,89,16.48148148148148,2,10.112359550561798,1.0268772759338798,-0.08630640810664308,11.898042085878904,1.3385297346613767,0.026262728481724378,0.4328486731247166,-0.025923931617978853,-0.9116552488847907,-0.1799157728403339,-0.2303568686430293,-0.2856913892325098,-0.015986324256220614,10.112359550561797,0.0
selected_1m,stress27,BOTH_COUNTERFACTUAL,strong_up_trend,84,10,11.904761904761905,2,20.0,2.021606757334423,-0.10861733686640543,18.61219226743619,4.653048066859047,0.3174274819737603,3.7788985949257183,0.6989316756999955,-0.23639714178889104,-0.14419526072322222,-0.15194408084192793,-0.15194408084192793,0.11270101005482476,10.0,0.0
selected_1m,stress27,BOTH_COUNTERFACTUAL,strong_down_trend,86,11,12.790697674418604,2,27.272727272727273,1.3781155717814573,-0.07270851756275182,18.953977030161024,7.1077413863103835,0.32297077953112335,4.131021598653904,0.7948066106363492,-0.17478021135031163,-0.13565495482410778,-0.1448284284587172,-0.1448284284587172,-0.01915007945785268,27.27272727272727,0.0
selected_1m,stress27,BOTH_COUNTERFACTUAL,range_chop,196,36,18.367346938775512,2,2.7777777777777777,0.205496675867969,-0.08956758987219225,2.294319587712484,0.06555198822035668,-0.08137136026829889,-1.4945760049279389,-0.3228359960833329,-0.510308525856118,-0.2009122748387934,-0.27315970565215053,-0.2856913892325098,-0.08956758987219225,2.7777777777777777,0.0
selected_1m,stress27,BOTH_COUNTERFACTUAL,gap_up_open,34,3,8.823529411764707,2,0.0,,-0.06460770669408465,,0.0,-0.06460770669408465,-0.5700680002419234,-0.40833333333334093,-0.13619699190965395,-0.12699607351495074,-0.13619699190965412,-0.13619699190965412,-0.0901923999361371,0.0,0.0
selected_1m,stress27,BOTH_COUNTERFACTUAL,gap_down_open,44,5,11.363636363636363,2,0.0,,-0.04459537181468781,,0.0,-0.04459537181468781,-0.5067655888032706,-0.14299776460000543,-0.08960879855213211,-0.08659365097531498,-0.08960879855213699,-0.08960879855213699,-0.055144985162046446,0.0,0.0
selected_1m,stress27,BOTH_COUNTERFACTUAL,v_reversal_up,22,3,13.636363636363637,2,0.0,,-0.1236525655185104,,0.0,-0.1236525655185104,-1.6861713479796874,-0.5283333333333454,-0.2856913892325119,-0.26430504902056295,-0.2856913892325098,-0.2856913892325098,-0.17875968817277574,0.0,0.0
selected_1m,stress27,BOTH_COUNTERFACTUAL,v_reversal_down,20,5,25.0,2,0.0,,-0.07166683694110035,,0.0,-0.07166683694110035,-1.791670923527509,-0.28183494100001666,-0.11436025740396705,-0.08933372015089809,-0.09016840410980788,-0.09016840410980788,-0.08133320489053968,0.0,0.0
selected_1m,stress27,BOTH_COUNTERFACTUAL,late_day_spike,18,3,16.666666666666668,2,0.0,,-0.10807324749688531,,0.0,-0.10807324749688531,-1.8012207916147556,-0.3666333333333493,-0.18100702576112626,-0.17475388571537975,-0.18100702576112745,-0.18100702576112745,-0.14974132553238892,0.0,0.0
selected_1m,stress27,BOTH_COUNTERFACTUAL,high_vol,62,4,6.451612903225806,2,75.0,2.59579762802991,-0.024737091425878165,104.93544222076058,314.8063266622817,1.9406639481659629,12.520412568812665,4.97398043375,-0.02473709142587488,0.26146064010170356,-0.024737091425878165,-0.024737091425878165,1.3394921410809895,50.0,0.0
selected_1m,stress27,BOTH_COUNTERFACTUAL,low_vol,192,35,18.229166666666668,2,5.714285714285714,0.24073570967826793,-0.06498598196390182,3.7044252068390833,0.22451061859630808,-0.04751617101292069,-0.8661802007563667,-0.13375759968571238,-0.3362898755699173,-0.12659259178423196,-0.16177100170608966,-0.17591153955202146,-0.057030609674729144,5.714285714285714,0.0
selected_1m,stress27,LONG,ALL,270,46,17.037037037037038,2,8.695652173913043,1.1105297454561707,-0.10163393219519812,10.926761579226193,1.0406439599263042,0.0037716049918774283,0.06425697393568952,-0.12518634628261052,-0.9116552488847907,-0.20304229146767697,-0.22836197607383643,-0.2606280220717912,-0.0441438199915071,8.695652173913043,0.0
selected_1m,stress27,LONG,strong_up_trend,42,10,23.80952380952381,2,20.0,2.021606757334423,-0.10861733686640543,18.61219226743619,4.653048066859047,0.3174274819737603,7.557797189851437,0.6989316756999955,-0.23639714178889104,-0.14419526072322222,-0.15194408084192793,-0.15194408084192793,0.11270101005482476,10.0,0.0
selected_1m,stress27,LONG,strong_down_trend,43,0,0.0,2,,,,,,,0.0,,0.0,,,,,,0.0
selected_1m,stress27,LONG,range_chop,98,18,18.367346938775512,2,0.0,,-0.10128912352221218,,0.0,-0.10128912352221218,-1.8604124728569584,-0.439359175388887,-0.510308525856118,-0.192950175207727,-0.2606280220717912,-0.2606280220717912,-0.10645681783469645,0.0,0.0
selected_1m,stress27,LONG,gap_up_open,17,2,11.764705882352942,2,0.0,,-0.07481765605981693,,0.0,-0.07481765605981693,-0.8802077183507874,-0.5250000000000341,-0.13619699190965395,-0.1300590583246704,-0.13619699190965412,-0.13619699190965412,-0.13619699190965412,0.0,0.0
selected_1m,stress27,LONG,gap_down_open,22,1,4.545454545454546,2,0.0,,-0.0745330606680269,,0.0,-0.0745330606680269,-0.3387866394001222,-0.19999999999998863,-0.07453306066802501,-0.0745330606680269,-0.0745330606680269,-0.0745330606680269,,0.0,0.0
selected_1m,stress27,LONG,v_reversal_up,11,1,9.090909090909092,2,0.0,,-0.013438320209979723,,0.0,-0.013438320209979723,-0.12216654736345203,0.01999999999998181,-0.013438320209979704,-0.013438320209979723,-0.013438320209979723,-0.013438320209979723,,0.0,0.0
selected_1m,stress27,LONG,v_reversal_down,10,2,20.0,2,0.0,,-0.08808169421253344,,0.0,-0.08808169421253344,-1.7616338842506685,-0.24958735250000075,-0.09016840410980276,-0.08995973312008043,-0.09016840410980788,-0.09016840410980788,-0.09016840410980788,0.0,0.0
selected_1m,stress27,LONG,late_day_spike,9,1,11.11111111111111,2,0.0,,-0.18100702576112745,,0.0,-0.18100702576112745,-2.011189175123638,-0.5500000000000114,-0.18100702576112626,-0.18100702576112745,-0.18100702576112745,-0.18100702576112745,,0.0,0.0
selected_1m,stress27,LONG,high_vol,31,2,6.451612903225806,2,100.0,2.021606757334423,,,,2.021606757334423,13.042624240867246,5.712708378500011,0.0,1.8970836826156419,1.8832477854246663,1.8832477854246663,1.8832477854246663,50.0,0.0
selected_1m,stress27,LONG,low_vol,96,16,16.666666666666668,2,6.25,0.2759747434885669,-0.08053884720374614,3.426604093182629,0.22844027287884194,-0.05825674778547659,-0.9709457964246099,-0.21186158043749614,-0.3362898755699173,-0.15470073278312377,-0.17591153955202146,-0.17591153955202146,-0.08053884720374616,6.25,0.0
selected_1m,stress27,SHORT,ALL,270,43,15.925925925925926,2,11.627906976744185,0.9599553003160467,-0.06936546042981911,13.839096495110656,1.8209337493566655,0.05032300012202577,0.8014403723137439,0.08026376779069688,-0.5366254152162298,-0.14299373373179533,-0.19626504205801995,-0.2856913892325098,-0.03762596105175658,11.627906976744185,0.0
selected_1m,stress27,SHORT,strong_up_trend,42,0,0.0,2,,,,,,,0.0,,0.0,,,,,,0.0
selected_1m,stress27,SHORT,strong_down_trend,43,11,25.58139534883721,2,27.272727272727273,1.3781155717814573,-0.07270851756275182,18.953977030161024,7.1077413863103835,0.32297077953112335,8.262043197307808,0.7948066106363492,-0.17478021135031163,-0.13565495482410778,-0.1448284284587172,-0.1448284284587172,-0.01915007945785268,27.27272727272727,0.0
selected_1m,stress27,SHORT,range_chop,98,18,18.367346938775512,2,5.555555555555555,0.205496675867969,-0.0771565542427594,2.663372903116049,0.15666899430094405,-0.06145359701438559,-1.128739536998919,-0.20631281677777874,-0.384459791358438,-0.17738772059528432,-0.2856913892325098,-0.2856913892325098,-0.0771565542427594,5.555555555555555,0.0
selected_1m,stress27,SHORT,gap_up_open,17,1,5.882352941176471,2,0.0,,-0.0441878079626201,,0.0,-0.0441878079626201,-0.2599282821330594,-0.17499999999995453,-0.04418780796261457,-0.0441878079626201,-0.0441878079626201,-0.0441878079626201,,0.0,0.0
selected_1m,stress27,SHORT,gap_down_open,22,4,18.181818181818183,2,0.0,,-0.03711094960135304,,0.0,-0.03711094960135304,-0.674744538206419,-0.12874720575000964,-0.08960879855213211,-0.08094953935937714,-0.08960879855213699,-0.08960879855213699,-0.04868229332671964,0.0,0.0
selected_1m,stress27,SHORT,v_reversal_up,11,2,18.181818181818183,2,0.0,,-0.17875968817277574,,0.0,-0.17875968817277574,-3.2501761485959224,-0.8025000000000091,-0.2856913892325119,-0.2749982191265364,-0.2856913892325098,-0.2856913892325098,-0.2856913892325098,0.0,0.0
selected_1m,stress27,SHORT,v_reversal_down,10,3,30.0,2,0.0,,-0.06072359876014495,,0.0,-0.06072359876014495,-1.8217079628043487,-0.3033333333333606,-0.11436025740396705,-0.08002554364920475,-0.08138575066936946,-0.08138575066936946,-0.07458471556854591,0.0,0.0
selected_1m,stress27,SHORT,late_day_spike,9,2,22.22222222222222,2,0.0,,-0.07160635836476427,,0.0,-0.07160635836476427,-1.5912524081058725,-0.27495000000001824,-0.11847562530364897,-0.11378869860976175,-0.11847562530365036,-0.11847562530365036,-0.11847562530365036,0.0,0.0
selected_1m,stress27,SHORT,high_vol,31,2,6.451612903225806,2,50.0,3.7441793694208836,-0.024737091425878165,151.35891705942407,151.35891705942407,1.8597211389975028,11.998200896758082,4.23525248899999,-0.02473709142587488,0.16370873161645993,-0.024737091425878165,-0.024737091425878165,-0.024737091425878165,50.0,0.0
selected_1m,stress27,SHORT,low_vol,96,19,19.791666666666668,2,5.2631578947368425,0.205496675867969,-0.052025260930698196,3.949940321139513,0.21944112895219517,-0.03847147478339993,-0.7614146050881235,-0.06798582642105239,-0.21651128328175062,-0.10090388114874617,-0.11757636089454943,-0.11757636089454943,-0.0520252609306982,5.263157894736842,0.0
selected_1m,all83,BOTH_COUNTERFACTUAL,ALL,1660,254,15.301204819277109,2,10.236220472440944,1.706737501371031,-0.1099636502083477,15.520924397628509,1.7699299751681634,0.07599788499269108,1.162859204105032,0.709682935578739,-2.4226534026315694,-0.29908251259338203,-0.41139773838384613,-0.6087414519270011,0.0003799745327201896,10.236220472440944,0.0
selected_1m,all83,BOTH_COUNTERFACTUAL,strong_up_trend,338,42,12.42603550295858,2,21.428571428571427,2.7005796853482127,-0.1401235445899539,19.272847352320184,5.256231096087323,0.46859857611108185,5.8228225433921414,3.3700535871904798,-1.3685342262831135,-0.34484935958941876,-0.4370628221014663,-0.5234831281584792,0.2866134820825815,19.047619047619047,0.0
selected_1m,all83,BOTH_COUNTERFACTUAL,strong_down_trend,382,57,14.921465968586388,2,21.05263157894737,1.5381298470563771,-0.13337129432752737,11.53269040997012,3.0753841093253658,0.21852368280592624,3.2606936963187945,1.7377164747719203,-1.2015466031284228,-0.3232444941344671,-0.4832572449005167,-0.6087414519270011,0.11903397912541264,19.298245614035086,0.0
selected_1m,all83,BOTH_COUNTERFACTUAL,range_chop,466,66,14.163090128755364,2,3.0303030303030303,0.37678056265631865,-0.09746312302445742,3.865878200535081,0.12080869376672128,-0.08309210224625209,-1.1768409331014245,-0.3732510844696952,-0.6844305912422688,-0.24910882846175517,-0.330349995284408,-0.4901565907056163,-0.09280220304149701,3.0303030303030303,0.0
selected_1m,all83,BOTH_COUNTERFACTUAL,gap_up_open,206,24,11.650485436893204,2,8.333333333333334,3.550798398159647,-0.14271497104993272,24.880349777160408,2.2618499797418554,0.1650778097175323,1.9232366180683376,1.770142396083326,-1.2939133350060472,-0.34829836685049476,-0.4419969923822844,-0.5234831281584792,-0.06636031421807403,8.333333333333332,0.0
selected_1m,all83,BOTH_COUNTERFACTUAL,gap_down_open,222,32,14.414414414414415,2,9.375,2.6004376524664243,-0.1430699256871691,18.175990795944323,1.880274909925275,0.11413390976473027,1.645173474086202,1.3986080562187508,-1.2040435836036978,-0.41247624116955584,-0.47308092686386277,-0.4901565907056163,-0.06895683794978456,9.375,0.0
selected_1m,all83,BOTH_COUNTERFACTUAL,v_reversal_up,90,18,20.0,2,0.0,,-0.09718691219387564,,0.0,-0.09718691219387564,-1.9437382438775128,-0.3355248078333343,-0.30851456703320235,-0.21003038683010894,-0.2856913892325098,-0.2856913892325098,-0.10211329995763421,0.0,0.0
selected_1m,all83,BOTH_COUNTERFACTUAL,v_reversal_down,110,13,11.818181818181818,2,0.0,,-0.09727175804280117,,0.0,-0.09727175804280117,-1.1495753223240137,-0.4705041653846339,-0.19606115389876333,-0.18782339573400997,-0.19010283421118734,-0.19010283421118734,-0.10262762411775599,0.0,0.0
selected_1m,all83,BOTH_COUNTERFACTUAL,late_day_spike,278,39,14.028776978417266,2,15.384615384615385,3.6477795610573875,-0.1710127738930649,21.3304508079517,3.878263783263945,0.4164937391762354,5.842897779810497,4.053417843538457,-0.8732943849478647,-0.4453394338359482,-0.5494490213163087,-0.6087414519270011,0.21877022096298912,12.82051282051282,0.0
selected_1m,all83,BOTH_COUNTERFACTUAL,high_vol,402,43,10.696517412935323,2,25.58139534883721,2.923275397057318,-0.12977414785163532,22.525868560503756,7.743267317673167,0.6512385264273993,6.965984237905017,4.726541165209298,-0.8282937444478611,-0.38125707661785563,-0.4780420738062531,-0.6087414519270011,0.4779349810737755,20.930232558139537,0.0
selected_1m,all83,BOTH_COUNTERFACTUAL,low_vol,270,49,18.14814814814815,2,4.081632653061225,0.24073570967826793,-0.06841398465821409,3.5188084845656493,0.14973653125811273,-0.055795629787337285,-1.0125873553998246,-0.15897387369387575,-0.47685546323538164,-0.1449942345312338,-0.17936441701460876,-0.21455124763164693,-0.06270751256391861,4.081632653061225,0.0
selected_1m,all83,LONG,ALL,830,129,15.542168674698795,2,9.30232558139535,2.1043489237278683,-0.10918575946915886,19.27310790307112,1.976729015699602,0.09672444361893669,1.5033076176919076,0.8083053852635664,-2.4226534026315694,-0.27866789659207897,-0.3794426293888372,-0.5234831281584792,-0.007406998934434941,9.30232558139535,0.0
selected_1m,all83,LONG,strong_up_trend,169,40,23.668639053254438,2,22.5,2.7005796853482127,-0.13834465534168036,19.520665100349447,5.667289867843388,0.5004133213135454,11.844102279610544,3.559667993625004,-1.3685342262831135,-0.351996296473237,-0.48192143894889883,-0.5234831281584792,0.30991142105800584,20.0,0.0
selected_1m,all83,LONG,strong_down_trend,191,6,3.141361256544503,2,0.0,,-0.15436382190270437,,0.0,-0.15436382190270437,-0.4849125295372912,-0.7739475428333454,-0.3293694422133675,-0.2565602166184556,-0.2790942582354575,-0.2790942582354575,-0.1697825614559864,0.0,0.0
selected_1m,all83,LONG,range_chop,233,31,13.304721030042918,2,3.225806451612903,0.5480644494446684,-0.09037133450580648,6.064582895026901,0.20215276316756337,-0.06977663179772664,-0.9283586204847751,-0.3549924599354835,-0.6844305912422688,-0.18365539792184288,-0.2234658960771748,-0.2606280220717912,-0.09037133450580648,3.225806451612903,0.0
selected_1m,all83,LONG,gap_up_open,103,17,16.50485436893204,2,11.764705882352942,3.550798398159647,-0.1645784166205765,21.575115808446213,2.876682107792828,0.2725247380594498,4.49798111360257,2.614389815529401,-1.2939133350060472,-0.39310531091656753,-0.5234831281584792,-0.5234831281584792,-0.05345213207661443,11.76470588235294,0.0
selected_1m,all83,LONG,gap_down_open,111,10,9.00900900900901,2,0.0,,-0.11811996602162647,,0.0,-0.11811996602162647,-1.0641438380326709,-0.7849701708999873,-0.6425649747163087,-0.2894683857833425,-0.3473455884066012,-0.3473455884066012,-0.1284774687556049,0.0,0.0
selected_1m,all83,LONG,v_reversal_up,45,5,11.11111111111111,2,0.0,,-0.06023112086977412,,0.0,-0.06023112086977412,-0.6692346763308236,-0.19319360659999346,-0.09201087681730558,-0.08723056230891392,-0.09201087681730712,-0.09201087681730712,-0.07192932103472273,0.0,0.0
selected_1m,all83,LONG,v_reversal_down,55,7,12.727272727272727,2,0.0,,-0.10035110427581183,,0.0,-0.10035110427581183,-1.2771958726012416,-0.46333630714286755,-0.19606115389876333,-0.17272460621914515,-0.18630377008255836,-0.18630377008255836,-0.11042642540500314,0.0,0.0
selected_1m,all83,LONG,late_day_spike,139,19,13.66906474820144,2,15.789473684210526,4.749322018810332,-0.16575481648040694,28.652693898470975,5.372380105963308,0.6103099469865519,8.342366181830567,5.5536586894736875,-0.625470425048591,-0.3566470045398729,-0.44035974973931846,-0.44035974973931846,0.20366119785916073,15.789473684210526,0.0
selected_1m,all83,LONG,high_vol,201,21,10.447761194029852,2,23.80952380952381,3.814959548453546,-0.12815095516798586,29.769263470980228,9.302894834681322,0.8106848790276174,8.469842019691525,6.256872399904767,-0.5148227899338553,-0.3473455884066012,-0.3938526690729598,-0.44035974973931846,0.45471975141501836,19.047619047619047,0.0
selected_1m,all83,LONG,low_vol,135,25,18.51851851851852,2,4.0,0.2759747434885669,-0.07037934222091236,3.9212464166305376,0.1633852673596057,-0.0565251787925332,-1.0467625702320962,-0.18495286303999592,-0.47685546323538164,-0.14631234919569583,-0.16177100170608966,-0.17591153955202146,-0.07037934222091237,4.0,0.0
selected_1m,all83,SHORT,ALL,830,125,15.060240963855422,2,11.2,1.3659277107794565,-0.1107835890956008,12.329693611936761,1.5550964915956276,0.0546080764904056,0.8224107905181567,0.607904567503997,-1.8846914091812605,-0.3066731214711003,-0.4237741867329921,-0.6087414519270011,-0.02201721054499899,11.200000000000001,0.0
selected_1m,all83,SHORT,strong_up_trend,169,2,1.183431952662722,2,0.0,,-0.16769632793819383,,0.0,-0.16769632793819383,-0.1984571928262649,-0.4222345415000035,-0.2654843791956907,-0.25570557406994227,-0.2654843791956921,-0.2654843791956921,-0.2654843791956921,0.0,0.0
selected_1m,all83,SHORT,strong_down_trend,191,51,26.701570680628272,2,23.529411764705884,1.5381298470563771,-0.13014167470057705,11.81888776669905,3.636580851292015,0.26239280100694157,7.00629992217488,2.033206359196069,-1.2015466031284228,-0.34641219124120676,-0.4832572449005167,-0.6087414519270011,0.15184171524878665,21.568627450980394,0.0
selected_1m,all83,SHORT,range_chop,233,35,15.021459227467812,2,2.857142857142857,0.205496675867969,-0.1037205834820906,1.9812526016444174,0.058272135342482864,-0.09488580464351748,-1.4253232457180738,-0.3894230090571398,-0.6476561023324612,-0.28515420215915316,-0.3879239899690631,-0.4901565907056163,-0.10372058348209058,2.857142857142857,0.0
selected_1m,all83,SHORT,gap_up_open,103,7,6.796116504854369,2,0.0,,-0.09586473054141031,,0.0,-0.09586473054141031,-0.6515078774658953,-0.2801727654285701,-0.2771670322547215,-0.160184620252196,-0.1703433197827256,-0.1703433197827256,-0.1044775509712087,0.0,0.0
selected_1m,all83,SHORT,gap_down_open,111,22,19.81981981981982,2,13.636363636363637,2.6004376524664243,-0.1562014834058758,16.64797027381242,2.6286268853388033,0.2197038533039833,4.354490786205075,2.3911436139999953,-1.2040435836036978,-0.4520480792173317,-0.47308092686386277,-0.4901565907056163,-0.0455458245822408,13.636363636363635,0.0
selected_1m,all83,SHORT,v_reversal_up,45,13,28.88888888888889,2,0.0,,-0.11140067808776083,,0.0,-0.11140067808776083,-3.218241811424202,-0.3902675775384654,-0.30851456703320235,-0.23228362283081505,-0.2856913892325098,-0.2856913892325098,-0.11792764928928927,0.0,0.0
selected_1m,all83,SHORT,v_reversal_down,55,6,10.909090909090908,2,0.0,,-0.093679187437622,,0.0,-0.093679187437622,-1.0219547720467856,-0.4788666666666946,-0.19010283421119212,-0.1809614668263002,-0.19010283421118734,-0.19010283421118734,-0.1058147518964778,0.0,0.0
selected_1m,all83,SHORT,late_day_spike,139,20,14.388489208633093,2,15.0,2.5462371033044415,-0.17596143969321362,14.47042663292464,2.553604699927878,0.23236834175643473,3.343429377790428,2.628189039899989,-0.8732943849478647,-0.4960858337666856,-0.6087414519270011,-0.6087414519270011,-0.06013580283084184,10.0,0.0
selected_1m,all83,SHORT,high_vol,201,22,10.945273631840797,2,27.272727272727273,2.1802052708937936,-0.13139734053528476,16.592461171680508,6.222172939380189,0.49903973530900925,5.46212645611851,3.2657704411818056,-0.8282937444478611,-0.3768186179662529,-0.4968832358397204,-0.6087414519270011,0.2470917660896912,22.727272727272727,0.0
selected_1m,all83,SHORT,low_vol,135,24,17.77777777777778,2,4.166666666666667,0.205496675867969,-0.06636317676670286,3.096546697732456,0.13463246511880242,-0.05503568290692487,-0.9784121405675533,-0.13191242645833393,-0.3651305615501643,-0.13446053235364955,-0.1755161178229703,-0.21455124763164693,-0.06636317676670286,4.166666666666666,0.0
selected_5m,fit28,BOTH_COUNTERFACTUAL,ALL,560,26,4.642857142857143,2,15.384615384615385,3.71719553962112,-0.10915354047680897,34.054740903350584,6.19177107333647,0.47951554876902613,2.2263221907133355,3.6548531209615334,-0.5053340732185108,-0.27232184329472064,-0.3006212835122606,-0.31664840139033795,0.18908136786758523,7.6923076923076925,0.0
selected_5m,fit28,BOTH_COUNTERFACTUAL,strong_up_trend,102,6,5.882352941176471,2,33.333333333333336,5.0220789735089575,-0.0806419095277837,62.276290367091214,31.138145183545607,1.6202650514844634,9.530970891085078,13.541741093999994,-0.11123790267523193,-0.10765180270651022,-0.11123790267522779,-0.11123790267522779,0.3962440475203456,33.33333333333333,0.0
selected_5m,fit28,BOTH_COUNTERFACTUAL,strong_down_trend,148,4,2.7027027027027026,2,25.0,4.401424665302899,-0.18771847128670965,23.446944965689788,7.815648321896596,0.9595673128606926,2.593425169893764,5.005081977750017,-0.2845941656341777,-0.2629043208138498,-0.28459416563418327,-0.28459416563418327,-0.18771847128670965,0.0,0.0
selected_5m,fit28,BOTH_COUNTERFACTUAL,range_chop,140,5,3.5714285714285716,2,20.0,0.4231995461636648,-0.05570180843197071,7.597590779849159,1.8993976949622897,0.04007846248715639,0.14313736602555854,0.19420760619999555,-0.1075948943758731,-0.09661926919592584,-0.10759489437587055,-0.10759489437587055,-0.05570180843197071,0.0,0.0
selected_5m,fit28,BOTH_COUNTERFACTUAL,gap_up_open,82,5,6.097560975609756,2,20.0,2.303787875712863,-0.10187033000532238,22.614905395835056,5.653726348958764,0.3792613111383146,2.312568970355577,2.0062970991999807,-0.1867405411706491,-0.1422486049983608,-0.1495382138820031,-0.1495382138820031,-0.10187033000532238,20.0,0.0
selected_5m,fit28,BOTH_COUNTERFACTUAL,gap_down_open,72,4,5.555555555555555,2,25.0,4.401424665302899,-0.10117549719418929,43.50287161777034,14.500957205923445,1.0244745434300828,5.691525241278239,5.143264111500017,-0.1399952001652882,-0.13978082734959726,-0.13999520016529343,-0.13999520016529343,-0.10117549719418929,0.0,0.0
selected_5m,fit28,BOTH_COUNTERFACTUAL,v_reversal_up,32,1,3.125,2,0.0,,-0.08557608923768166,,0.0,-0.08557608923768166,-0.2674252788677552,-0.20382421099998282,-0.08557608923768223,-0.08557608923768166,-0.08557608923768166,-0.08557608923768166,,0.0,0.0
selected_5m,fit28,BOTH_COUNTERFACTUAL,v_reversal_down,52,2,3.8461538461538463,2,0.0,,-0.06628006886624638,,0.0,-0.06628006886624638,-0.25492334179325526,-0.32463521700000797,-0.1075948943758731,-0.10346341182490813,-0.10759489437587055,-0.10759489437587055,-0.10759489437587055,0.0,0.0
selected_5m,fit28,BOTH_COUNTERFACTUAL,late_day_spike,146,11,7.534246575342466,2,18.181818181818183,6.070897368303976,-0.11978766117549292,50.68049003319223,11.262331118487163,1.0057914350935016,7.577880675361997,7.879971825363643,-0.3716675957956106,-0.22832180077781572,-0.31664840139033795,-0.31664840139033795,0.3323335714723464,9.090909090909092,0.0
selected_5m,fit28,BOTH_COUNTERFACTUAL,high_vol,150,7,4.666666666666667,2,28.571428571428573,6.070897368303976,-0.1091869842246585,55.60092543459901,22.240370173839608,1.656551402212094,7.730573210323106,12.95120352642858,-0.1399952001652882,-0.1395664545339011,-0.13999520016529343,-0.13999520016529343,0.6425816240299347,14.285714285714285,0.0
selected_5m,fit28,BOTH_COUNTERFACTUAL,low_vol,50,1,2.0,2,0.0,,-0.08557608923768166,,0.0,-0.08557608923768166,-0.17115217847536332,-0.20382421099998282,-0.08557608923768223,-0.08557608923768166,-0.08557608923768166,-0.08557608923768166,,0.0,0.0
selected_5m,fit28,LONG,ALL,280,19,6.785714285714286,2,15.789473684210526,3.4891191643938604,-0.1052350501073712,33.1554853714035,6.216653507138156,0.4622945627086127,3.136998818379872,3.9810690370526225,-0.5053340732185108,-0.24361922878773312,-0.31664840139033795,-0.31664840139033795,0.0579570344532549,10.526315789473683,0.0
selected_5m,fit28,LONG,strong_up_trend,51,6,11.764705882352942,2,33.333333333333336,5.0220789735089575,-0.0806419095277837,62.276290367091214,31.138145183545607,1.6202650514844634,19.061941782170155,13.541741093999994,-0.11123790267523193,-0.10765180270651022,-0.11123790267522779,-0.11123790267522779,0.3962440475203456,33.33333333333333,0.0
selected_5m,fit28,LONG,strong_down_trend,74,0,0.0,2,,,,,,,0.0,,0.0,,,,,,0.0
selected_5m,fit28,LONG,range_chop,70,4,5.714285714285714,2,25.0,0.4231995461636648,-0.05669682175057862,7.464255192740954,2.488085064246985,0.06327727022798223,0.36158440130275554,0.29396205224999505,-0.1075948943758731,-0.09708520934737644,-0.10759489437587055,-0.10759489437587055,-0.05669682175057862,0.0,0.0
selected_5m,fit28,LONG,gap_up_open,41,5,12.195121951219512,2,20.0,2.303787875712863,-0.10187033000532238,22.614905395835056,5.653726348958764,0.3792613111383146,4.625137940711154,2.0062970991999807,-0.1867405411706491,-0.1422486049983608,-0.1495382138820031,-0.1495382138820031,-0.10187033000532238,20.0,0.0
selected_5m,fit28,LONG,gap_down_open,36,1,2.7777777777777777,2,0.0,,-0.02496524335662218,,0.0,-0.02496524335662218,-0.0693478982128394,-0.01996242100000245,-0.024965243356622757,-0.02496524335662218,-0.02496524335662218,-0.02496524335662218,,0.0,0.0
selected_5m,fit28,LONG,v_reversal_up,16,1,6.25,2,0.0,,-0.08557608923768166,,0.0,-0.08557608923768166,-0.5348505577355104,-0.20382421099998282,-0.08557608923768223,-0.08557608923768166,-0.08557608923768166,-0.08557608923768166,,0.0,0.0
selected_5m,fit28,LONG,v_reversal_down,26,2,7.6923076923076925,2,0.0,,-0.06628006886624638,,0.0,-0.06628006886624638,-0.5098466835865105,-0.32463521700000797,-0.1075948943758731,-0.10346341182490813,-0.10759489437587055,-0.10759489437587055,-0.10759489437587055,0.0,0.0
selected_5m,fit28,LONG,late_day_spike,73,7,9.58904109589041,2,14.285714285714286,7.740370071305053,-0.12446848897955719,62.18738682186732,10.364564470311219,0.999079876775387,9.580217996476314,9.470211627142858,-0.3716675957956106,-0.2550252517758049,-0.31664840139033795,-0.31664840139033795,-0.12446848897955723,14.285714285714285,0.0
selected_5m,fit28,LONG,high_vol,75,4,5.333333333333333,2,25.0,7.740370071305053,-0.08912455763244896,86.84890311855973,28.949634372853243,1.8682490996019263,9.96399519787694,17.516351454499997,-0.11123790267523193,-0.10908624269399725,-0.11123790267522779,-0.11123790267522779,-0.08912455763244896,25.0,0.0
selected_5m,fit28,LONG,low_vol,25,1,4.0,2,0.0,,-0.08557608923768166,,0.0,-0.08557608923768166,-0.34230435695072664,-0.20382421099998282,-0.08557608923768223,-0.08557608923768166,-0.08557608923768166,-0.08557608923768166,,0.0,0.0
selected_5m,fit28,SHORT,ALL,280,7,2.5,2,14.285714285714286,4.401424665302899,-0.11960284812864302,36.80033322090117,6.133388870150196,0.5262582252187201,1.3156455630468005,2.769409920142863,-0.2845941656341777,-0.2412144759935163,-0.28459416563418327,-0.28459416563418327,-0.11960284812864302,0.0,0.0
selected_5m,fit28,SHORT,strong_up_trend,51,0,0.0,2,,,,,,,0.0,,0.0,,,,,,0.0
selected_5m,fit28,SHORT,strong_down_trend,74,4,5.405405405405405,2,25.0,4.401424665302899,-0.18771847128670965,23.446944965689788,7.815648321896596,0.9595673128606926,5.186850339787528,5.005081977750017,-0.2845941656341777,-0.2629043208138498,-0.28459416563418327,-0.28459416563418327,-0.18771847128670965,0.0,0.0
selected_5m,fit28,SHORT,range_chop,70,1,1.4285714285714286,2,0.0,,-0.05271676847614698,,0.0,-0.05271676847614698,-0.07530966925163854,-0.20481017800000245,-0.05271676847614648,-0.05271676847614698,-0.05271676847614698,-0.05271676847614698,,0.0,0.0
selected_5m,fit28,SHORT,gap_up_open,41,0,0.0,2,,,,,,,0.0,,0.0,,,,,,0.0
selected_5m,fit28,SHORT,gap_down_open,36,3,8.333333333333334,2,33.333333333333336,4.401424665302899,-0.13928062411297285,31.601126813826095,15.800563406913048,1.374287805692318,11.452398380769317,6.864339622333357,-0.1399952001652882,-0.13985228495482932,-0.13999520016529343,-0.13999520016529343,-0.13928062411297285,0.0,0.0
selected_5m,fit28,SHORT,v_reversal_up,16,0,0.0,2,,,,,,,0.0,,0.0,,,,,,0.0
selected_5m,fit28,SHORT,v_reversal_down,26,0,0.0,2,,,,,,,0.0,,0.0,,,,,,0.0
selected_5m,fit28,SHORT,late_day_spike,73,4,5.47945205479452,2,25.0,4.401424665302899,-0.11042600556736423,39.85858804444264,13.286196014814212,1.0175366621502016,5.57554335424768,5.097052172250017,-0.1399952001652882,-0.13978082734959726,-0.13999520016529343,-0.13999520016529343,-0.11042600556736423,0.0,0.0
selected_5m,fit28,SHORT,high_vol,75,3,4.0,2,33.333333333333336,4.401424665302899,-0.13928062411297285,31.601126813826095,15.800563406913048,1.374287805692318,5.497151222769272,6.864339622333357,-0.1399952001652882,-0.13985228495482932,-0.13999520016529343,-0.13999520016529343,-0.13928062411297285,0.0,0.0
selected_5m,fit28,SHORT,low_vol,25,0,0.0,2,,,,,,,0.0,,0.0,,,,,,0.0
selected_5m,validation28,BOTH_COUNTERFACTUAL,ALL,560,37,6.607142857142857,2,10.81081081081081,1.0428766550487387,-0.16502252837000358,6.319601725592662,0.7660123303748682,-0.03443883286527468,-0.2275422885741363,-0.11042716597297551,-1.2070058742988388,-0.3881040265215908,-0.8005115624631083,-1.2070058742988383,-0.08409752889465828,8.108108108108109,0.0
selected_5m,validation28,BOTH_COUNTERFACTUAL,strong_up_trend,152,5,3.289473684210526,2,20.0,0.347554503801429,-0.1448983544733373,2.3986090460770724,0.5996522615192681,-0.04640778281838402,-0.15265718032363165,0.029042473400028256,-0.218945396249004,-0.21745198717342842,-0.21894539624900483,-0.21894539624900483,-0.1448983544733373,0.0,0.0
selected_5m,validation28,BOTH_COUNTERFACTUAL,strong_down_trend,148,10,6.756756756756757,2,20.0,1.0692655742603903,-0.14743985444247487,7.252215340985533,1.8130538352463832,0.09590123129809815,0.6479812925547173,0.2005194581999831,-0.38662572049514843,-0.30156555842783656,-0.38662572049514404,-0.38662572049514404,-0.0882513234679503,10.0,0.0
selected_5m,validation28,BOTH_COUNTERFACTUAL,range_chop,130,9,6.923076923076923,2,0.0,,-0.2698898627355929,,0.0,-0.2698898627355929,-1.8684682804771815,-1.7579731657777888,-1.2070058742988388,-0.8818104248302542,-1.2070058742988383,-1.2070058742988383,-0.2973120865565812,0.0,0.0
selected_5m,validation28,BOTH_COUNTERFACTUAL,gap_up_open,90,6,6.666666666666667,2,0.0,,-0.13802290380344576,,0.0,-0.13802290380344576,-0.9201526920229717,-0.6658126434999995,-0.218945396249004,-0.21360983171759104,-0.21894539624900483,-0.21894539624900483,-0.15945719849330103,0.0,0.0
selected_5m,validation28,BOTH_COUNTERFACTUAL,gap_down_open,106,15,14.150943396226415,2,13.333333333333334,1.0164877358370872,-0.2300093780446307,4.419331700639829,0.67989718471382,-0.06380976286040164,-0.9029683423641743,-0.13406277646666542,-1.2070058742988388,-0.6379138377288162,-1.2070058742988383,-1.2070058742988383,-0.18875481505562644,6.666666666666667,0.0
selected_5m,validation28,BOTH_COUNTERFACTUAL,v_reversal_up,36,4,11.11111111111111,2,0.0,,-0.2550496309059243,,0.0,-0.2550496309059243,-2.8338847878436035,-0.8917284467499726,-0.39401725062737647,-0.37336727470899755,-0.394017250627378,-0.394017250627378,-0.2872821153344475,0.0,0.0
selected_5m,validation28,BOTH_COUNTERFACTUAL,v_reversal_down,38,4,10.526315789473685,2,25.0,0.38525692432824643,-0.09587256999792947,4.018427005102364,1.3394756683674545,0.024409803583614498,0.2569453008801526,0.20378882374998852,-0.10741140278360817,-0.1073151562910696,-0.10741140278361028,-0.10741140278361028,-0.09587256999792947,25.0,0.0
selected_5m,validation28,BOTH_COUNTERFACTUAL,late_day_spike,114,4,3.508771929824561,2,0.0,,-0.44062440949283327,,0.0,-0.44062440949283327,-1.5460505596239764,-3.2209013545000005,-1.2070058742988388,-1.081325195316037,-1.2070058742988383,-1.2070058742988383,-0.5612843877043237,25.0,0.0
selected_5m,validation28,BOTH_COUNTERFACTUAL,high_vol,190,7,3.6842105263157894,2,28.571428571428573,1.0504143639969816,-0.17244931018874546,6.0911485400974055,2.436459416038962,0.17694031100717655,0.6518853563422293,0.5444563688571732,-0.36913468108016323,-0.31767521819311817,-0.36913468108016184,-0.36913468108016184,-0.08578200785704973,0.0,0.0
selected_5m,validation28,BOTH_COUNTERFACTUAL,low_vol,28,3,10.714285714285714,2,0.0,,-0.10725520751646127,,0.0,-0.10725520751646127,-1.1491629376763706,-0.21825862033334906,-0.1583521776203578,-0.1535226360500774,-0.1583521776203549,-0.1583521776203549,-0.1342044697689674,0.0,0.0
selected_5m,validation28,LONG,ALL,280,12,4.285714285714286,2,8.333333333333334,0.347554503801429,-0.0955912227346986,3.6358411772388637,0.330531016112624,-0.0586624121900213,-0.25141033795723416,-0.16793319191666,-0.3362758939345567,-0.23577780296413126,-0.25635074450484135,-0.25635074450484135,-0.0955912227346986,0.0,0.0
selected_5m,validation28,LONG,strong_up_trend,76,3,3.9473684210526314,2,33.333333333333336,0.347554503801429,-0.12489841330158696,2.7826975108338945,1.3913487554169472,0.03258589239941836,0.128628522629283,0.48166666666668334,-0.218945396249004,-0.20013599965952125,-0.21894539624900483,-0.21894539624900483,-0.12489841330158696,0.0,0.0
selected_5m,validation28,LONG,strong_down_trend,74,0,0.0,2,,,,,,,0.0,,0.0,,,,,,0.0
selected_5m,validation28,LONG,range_chop,65,3,4.615384615384615,2,0.0,,-0.1489730038915141,,0.0,-0.1489730038915141,-0.6875677102685266,-0.7232815683333342,-0.25635074450484074,-0.24139264600435778,-0.25635074450484135,-0.25635074450484135,-0.18156025200242354,0.0,0.0
selected_5m,validation28,LONG,gap_up_open,45,3,6.666666666666667,2,0.0,,-0.11119844475762306,,0.0,-0.11119844475762306,-0.7413229650508203,-0.52333333333335,-0.218945396249004,-0.20543070739107386,-0.21894539624900483,-0.21894539624900483,-0.15137195195935002,0.0,0.0
selected_5m,validation28,LONG,gap_down_open,53,5,9.433962264150944,2,20.0,0.347554503801429,-0.07840954551719588,4.432553479412878,1.1081383698532195,0.006783264346529099,0.06399305987291604,0.15298033940001687,-0.10676975950000278,-0.10457275998670736,-0.10676975950000575,-0.10676975950000575,-0.07840954551719585,0.0,0.0
selected_5m,validation28,LONG,v_reversal_up,18,1,5.555555555555555,2,0.0,,-0.25635074450484135,,0.0,-0.25635074450484135,-1.4241708028046742,-0.6999999999999886,-0.25635074450484074,-0.25635074450484135,-0.25635074450484135,-0.25635074450484135,,0.0,0.0
selected_5m,validation28,LONG,v_reversal_down,19,1,5.2631578947368425,2,0.0,,-0.10676975950000575,,0.0,-0.10676975950000575,-0.5619461026316092,-1.0098447049999777,-0.10676975950000278,-0.10676975950000575,-0.10676975950000575,-0.10676975950000575,,0.0,0.0
selected_5m,validation28,LONG,late_day_spike,57,0,0.0,2,,,,,,,0.0,,0.0,,,,,,0.0
selected_5m,validation28,LONG,high_vol,95,1,1.0526315789473684,2,100.0,0.347554503801429,,,,0.347554503801429,0.36584684610676743,2.5550000000000637,0.0,0.347554503801429,0.347554503801429,0.347554503801429,,0.0,0.0
selected_5m,validation28,LONG,low_vol,14,1,7.142857142857143,2,0.0,,-0.05335668301144893,,0.0,-0.05335668301144893,-0.3811191643674924,-0.10000000000002274,-0.0533566830114518,-0.05335668301144893,-0.05335668301144893,-0.05335668301144893,,0.0,0.0
selected_5m,validation28,SHORT,ALL,280,25,8.928571428571429,2,12.0,1.2746507054645086,-0.19973818118765607,6.381607652004006,0.8702192252732736,-0.02281151478939631,-0.20367423919103847,-0.08282427352000696,-1.2070058742988388,-0.39253894460093125,-0.8005115624631083,-1.2070058742988383,-0.09681508724697675,12.0,0.0
selected_5m,validation28,SHORT,strong_up_trend,76,2,2.6315789473684212,2,0.0,,-0.16489829564508762,,0.0,-0.16489829564508762,-0.4339428832765464,-0.6498938164999544,-0.21147835087111932,-0.20682034534851945,-0.21147835087112296,-0.21147835087112296,-0.21147835087112296,0.0,0.0
selected_5m,validation28,SHORT,strong_down_trend,74,10,13.513513513513514,2,20.0,1.0692655742603903,-0.14743985444247487,7.252215340985533,1.8130538352463832,0.09590123129809815,1.2959625851094345,0.2005194581999831,-0.38662572049514843,-0.30156555842783656,-0.38662572049514404,-0.38662572049514404,-0.0882513234679503,10.0,0.0
selected_5m,validation28,SHORT,range_chop,65,6,9.23076923076923,2,0.0,,-0.3303482921576323,,0.0,-0.3303482921576323,-3.0493688506858367,-2.2753189645000162,-1.2070058742988388,-1.0037587183809733,-1.2070058742988383,-1.2070058742988383,-0.3863155361556215,0.0,0.0
selected_5m,validation28,SHORT,gap_up_open,45,3,6.666666666666667,2,0.0,,-0.16484736284926843,,0.0,-0.16484736284926843,-1.0989824189951227,-0.808291953666649,-0.19760313812334784,-0.19367804207305017,-0.19760313812334968,-0.19760313812334968,-0.17797765787185227,0.0,0.0
selected_5m,validation28,SHORT,gap_down_open,53,10,18.867924528301888,2,10.0,1.6854209678727454,-0.2973870813901573,5.667431685311023,0.6297146317012248,-0.09910627646386705,-1.869929744601265,-0.27758433440000657,-1.2070058742988388,-0.8411609936466813,-1.2070058742988383,-1.2070058742988383,-0.2973870813901573,10.0,0.0
selected_5m,validation28,SHORT,v_reversal_up,18,3,16.666666666666668,2,0.0,,-0.25461592637295194,,0.0,-0.25461592637295194,-4.243598772882532,-0.9556379289999674,-0.39401725062737647,-0.37576336065175253,-0.394017250627378,-0.394017250627378,-0.3027478007492505,0.0,0.0
selected_5m,validation28,SHORT,v_reversal_down,19,3,15.789473684210526,2,33.333333333333336,0.38525692432824643,-0.09042397524689132,4.260561684844652,2.130280842422326,0.06813632461148793,1.0758367043919148,0.6083333333333106,-0.10741140278360817,-0.1040139172762665,-0.10741140278361028,-0.10741140278361028,-0.09042397524689132,33.33333333333333,0.0
selected_5m,validation28,SHORT,late_day_spike,57,4,7.017543859649122,2,0.0,,-0.44062440949283327,,0.0,-0.44062440949283327,-3.092101119247953,-3.2209013545000005,-1.2070058742988388,-1.081325195316037,-1.2070058742988383,-1.2070058742988383,-0.5612843877043237,25.0,0.0
selected_5m,validation28,SHORT,high_vol,95,6,6.315789473684211,2,16.666666666666668,1.753274224192534,-0.17244931018874546,10.166896128917992,2.033379225783598,0.14850461220813446,0.9379238665776914,0.20936576366669138,-0.36913468108016323,-0.3262517953409588,-0.36913468108016184,-0.36913468108016184,-0.17244931018874546,0.0,0.0
selected_5m,validation28,SHORT,low_vol,14,2,14.285714285714286,2,0.0,,-0.1342044697689674,,0.0,-0.1342044697689674,-1.9172067109852489,-0.2773879305000122,-0.1583521776203578,-0.15593740683521615,-0.1583521776203549,-0.1583521776203549,-0.1583521776203549,0.0,0.0
selected_5m,development56,BOTH_COUNTERFACTUAL,ALL,1120,63,5.625,2,12.698412698412698,2.3800360973349295,-0.14267493321272579,16.68152943016513,2.426404280751292,0.17766932463459556,0.9993899510696,1.4434980318095203,-1.2070058742988388,-0.36388605311117944,-0.5891958816253806,-1.2070058742988383,0.055690280333459144,7.936507936507936,0.0
selected_5m,development56,BOTH_COUNTERFACTUAL,strong_up_trend,254,11,4.330708661417323,2,27.272727272727273,3.463904150273115,-0.11277013200056049,30.71650346437387,11.5186887991402,0.8626864904377144,3.7360438562263223,7.3996053573636456,-0.218945396249004,-0.2152118735600639,-0.21894539624900483,-0.21894539624900483,0.17491813235098078,18.181818181818183,0.0
selected_5m,development56,BOTH_COUNTERFACTUAL,strong_down_trend,296,14,4.72972972972973,2,21.428571428571427,2.1799852712745604,-0.15842493176362984,13.760367430847946,3.7528274811403493,0.3426629688874109,1.6207032312242409,1.57325160664285,-0.3933167113304714,-0.3203052098355196,-0.38662572049514404,-0.38662572049514404,0.030450530701604032,7.142857142857142,0.0
selected_5m,development56,BOTH_COUNTERFACTUAL,range_chop,270,14,5.185185185185185,2,7.142857142857143,0.4231995461636648,-0.20398584602678604,2.0746515231654508,0.15958857870503468,-0.15918688944175385,-0.8254135008090941,-1.0607657472142944,-1.2070058742988388,-0.6785632689123892,-1.2070058742988383,-1.2070058742988383,-0.20398584602678604,0.0,0.0
selected_5m,development56,BOTH_COUNTERFACTUAL,gap_up_open,172,11,6.395348837209302,2,9.090909090909092,2.303787875712863,-0.12356187428419639,18.64481167074299,1.864481167074299,0.09710628480644537,0.6210285656226158,0.5487826940909005,-0.218945396249004,-0.20827426718617723,-0.21894539624900483,-0.21894539624900483,-0.12356187428419639,9.090909090909092,0.0
selected_5m,development56,BOTH_COUNTERFACTUAL,gap_down_open,178,19,10.674157303370787,2,15.789473684210526,2.144800045659025,-0.20585302538517297,10.419084400852867,1.9535783251599126,0.16530272267443724,1.76446726450242,0.9769534104736887,-1.2070058742988388,-0.4753161129945241,-1.2070058742988383,-1.2070058742988383,-0.07003738524936626,5.263157894736842,0.0
selected_5m,development56,BOTH_COUNTERFACTUAL,v_reversal_up,68,5,7.352941176470588,2,0.0,,-0.22115492257227576,,0.0,-0.22115492257227576,-1.626139136560851,-0.7541475995999747,-0.39401725062737647,-0.3664839494028707,-0.394017250627378,-0.394017250627378,-0.2550496309059243,0.0,0.0
selected_5m,development56,BOTH_COUNTERFACTUAL,v_reversal_down,90,6,6.666666666666667,2,16.666666666666668,0.38525692432824643,-0.08403556954525623,4.584450684549374,0.9168901369098748,-0.00582015389967245,-0.03880102599781633,0.027647476833323026,-0.1075948943758731,-0.10754902147780548,-0.10759489437587055,-0.10759489437587055,-0.08403556954525622,16.666666666666664,0.0
selected_5m,development56,BOTH_COUNTERFACTUAL,late_day_spike,260,15,5.769230769230769,2,13.333333333333334,6.070897368303976,-0.21850666065775146,27.783580372466844,4.274396980379514,0.6200805432038121,3.577387749252763,4.919738977400004,-1.2070058742988388,-0.6204960390457648,-1.2070058742988383,-1.2070058742988383,0.11148843405372366,13.333333333333334,0.0
selected_5m,development56,BOTH_COUNTERFACTUAL,high_vol,340,14,4.117647058823529,2,28.571428571428573,3.560655866150479,-0.140818147206702,25.285490093289738,10.114196037315896,0.9167458566096357,3.774835880157324,6.7478299476428765,-0.3691346810801521,-0.2576391781582339,-0.36913468108016184,-0.36913468108016184,0.39185168624844946,7.142857142857142,0.0
selected_5m,development56,BOTH_COUNTERFACTUAL,low_vol,78,4,5.128205128205129,2,0.0,,-0.10183542794676637,,0.0,-0.10183542794676637,-0.5222329638295711,-0.2146500180000075,-0.1583521776203578,-0.15110786526493863,-0.1583521776203549,-0.1583521776203549,-0.11799500959187217,0.0,0.0
selected_5m,development56,LONG,ALL,560,31,5.535714285714286,2,12.903225806451612,2.7037279992457526,-0.10130608339998604,26.688703269384565,3.95388196583475,0.2606337982317221,1.442794240211319,2.3750036580967713,-0.8399106504810017,-0.24592781039058698,-0.28649957294758965,-0.31664840139033795,0.01130925579594442,6.451612903225806,0.0
selected_5m,development56,LONG,strong_up_trend,127,9,7.086614173228346,2,33.333333333333336,3.463904150273115,-0.09539407745238479,36.31152208586635,18.15576104293317,1.0910386651227815,7.73177006779924,9.188382951555557,-0.218945396249004,-0.175862398819494,-0.21894539624900483,-0.21894539624900483,0.25987223934999787,22.22222222222222,0.0
selected_5m,development56,LONG,strong_down_trend,148,0,0.0,2,,,,,,,0.0,,0.0,,,,,,0.0
selected_5m,development56,LONG,range_chop,135,7,5.185185185185185,2,14.285714285714286,0.4231995461636648,-0.10283491282104637,4.115329459170329,0.685888243195055,-0.027687132966087626,-0.14356291167600993,-0.14199949942857465,-0.2937848627500683,-0.21172398946615012,-0.25635074450484135,-0.25635074450484135,-0.10283491282104636,0.0,0.0
selected_5m,development56,LONG,gap_up_open,86,8,9.30232558139535,2,12.5,2.303787875712863,-0.10586809347059409,21.7609272084678,3.108703886923971,0.19533890267733803,1.817106071417098,1.0576856869999816,-0.218945396249004,-0.19465288242055423,-0.21894539624900483,-0.21894539624900483,-0.10586809347059409,12.5,0.0
selected_5m,development56,LONG,gap_down_open,89,6,6.741573033707865,2,16.666666666666668,0.347554503801429,-0.06772068508508114,5.132176429768506,1.0264352859537011,0.0014918463960038914,0.010057391433734098,0.12415654600001365,-0.12072609239122123,-0.10402351010838276,-0.10676975950000575,-0.10676975950000575,-0.06772068508508113,0.0,0.0
selected_5m,development56,LONG,v_reversal_up,34,2,5.882352941176471,2,0.0,,-0.17096341687126151,,0.0,-0.17096341687126151,-1.0056671580662442,-0.45191210549998573,-0.25635074450484074,-0.24781201174148337,-0.25635074450484135,-0.25635074450484135,-0.25635074450484135,0.0,0.0
selected_5m,development56,LONG,v_reversal_down,45,3,6.666666666666667,2,0.0,,-0.07977663241083283,,0.0,-0.07977663241083283,-0.5318442160722188,-0.5530383796666646,-0.1075948943758731,-0.10751238088828408,-0.10759489437587055,-0.10759489437587055,-0.10718232693793817,0.0,0.0
selected_5m,development56,LONG,late_day_spike,130,7,5.384615384615385,2,14.285714285714286,7.740370071305053,-0.12446848897955719,62.18738682186732,10.364564470311219,0.999079876775387,5.379660874944392,9.470211627142858,-0.3716675957956106,-0.2550252517758049,-0.31664840139033795,-0.31664840139033795,-0.12446848897955723,14.285714285714285,0.0
selected_5m,development56,LONG,high_vol,170,5,2.9411764705882355,2,40.0,4.043962287553241,-0.08912455763244896,45.374276125224696,30.249517416816463,1.564110180441827,4.600324060123021,14.52408116360001,-0.11123790267523193,-0.10836902270025374,-0.11123790267522779,-0.11123790267522779,0.020045207726020534,20.0,0.0
selected_5m,development56,LONG,low_vol,39,2,5.128205128205129,2,0.0,,-0.06946638612456531,,0.0,-0.06946638612456531,-0.35623787756187336,-0.15191210550000278,-0.08557608923768223,-0.08396511892637003,-0.08557608923768166,-0.08557608923768166,-0.08557608923768166,0.0,0.0
selected_5m,development56,SHORT,ALL,560,32,5.714285714285714,2,12.5,2.056344195424107,-0.18256632410358184,11.263546031947314,1.609078004563902,0.0972974908373792,0.5559856619278811,0.5411019563437458,-1.2070058742988388,-0.3899519090546493,-0.8005115624631083,-1.2070058742988383,-0.04154532124215376,9.375,0.0
selected_5m,development56,SHORT,strong_up_trend,127,2,1.5748031496062993,2,0.0,,-0.16489829564508762,,0.0,-0.16489829564508762,-0.25968235534659473,-0.6498938164999544,-0.21147835087111932,-0.20682034534851945,-0.21147835087112296,-0.21147835087112296,-0.21147835087112296,0.0,0.0
selected_5m,development56,SHORT,strong_down_trend,148,14,9.45945945945946,2,21.428571428571427,2.1799852712745604,-0.15842493176362984,13.760367430847946,3.7528274811403493,0.3426629688874109,3.2414064624484817,1.57325160664285,-0.3933167113304714,-0.3203052098355196,-0.38662572049514404,-0.38662572049514404,0.030450530701604032,7.142857142857142,0.0
selected_5m,development56,SHORT,range_chop,135,7,5.185185185185185,2,0.0,,-0.29068664591742005,,0.0,-0.29068664591742005,-1.5072640899421783,-1.9795319950000143,-1.2070058742988388,-0.9631092871974003,-1.2070058742988383,-1.2070058742988383,-0.3307157415423757,0.0,0.0
selected_5m,development56,SHORT,gap_up_open,86,3,3.488372093023256,2,0.0,,-0.16484736284926843,,0.0,-0.16484736284926843,-0.5750489401718666,-0.808291953666649,-0.19760313812334784,-0.19367804207305017,-0.19760313812334968,-0.19760313812334968,-0.17797765787185227,0.0,0.0
selected_5m,development56,SHORT,gap_down_open,89,13,14.606741573033707,2,15.384615384615385,3.0434228165878228,-0.26864045279430565,11.328981860070533,2.059814883649188,0.24090774249525262,3.5188771375711054,1.3705519633076926,-1.2070058742988388,-0.719212700095962,-1.2070058742988383,-1.2070058742988383,-0.10580200107205134,7.6923076923076925,0.0
selected_5m,development56,SHORT,v_reversal_up,34,3,8.823529411764707,2,0.0,,-0.25461592637295194,,0.0,-0.25461592637295194,-2.246611115055458,-0.9556379289999674,-0.39401725062737647,-0.37576336065175253,-0.394017250627378,-0.394017250627378,-0.3027478007492505,0.0,0.0
selected_5m,development56,SHORT,v_reversal_down,45,3,6.666666666666667,2,33.333333333333336,0.38525692432824643,-0.09042397524689132,4.260561684844652,2.130280842422326,0.06813632461148793,0.45424216407658624,0.6083333333333106,-0.10741140278360817,-0.1040139172762665,-0.10741140278361028,-0.10741140278361028,-0.09042397524689132,33.33333333333333,0.0
selected_5m,development56,SHORT,late_day_spike,130,8,6.153846153846154,2,12.5,4.401424665302899,-0.2991108078104894,14.71503051836079,2.1021472169086843,0.2884561263286843,1.775114623561134,0.9380754088750081,-1.2070058742988388,-0.9137509566723016,-1.2070058742988383,-1.2070058742988383,-0.2991108078104894,12.5,0.0
selected_5m,development56,SHORT,high_vol,170,9,5.294117647058823,2,22.22222222222222,3.077349444747717,-0.16297254273852474,18.882625214267268,5.395035775504934,0.5570990100361957,2.949347700191624,2.4276903832222465,-0.3691346810801521,-0.30052206389743696,-0.36913468108016184,-0.36913468108016184,0.07655830312785764,0.0,0.0
selected_5m,development56,SHORT,low_vol,39,2,5.128205128205129,2,0.0,,-0.1342044697689674,,0.0,-0.1342044697689674,-0.6882280500972688,-0.2773879305000122,-0.1583521776203578,-0.15593740683521615,-0.1583521776203549,-0.1583521776203549,-0.1583521776203549,0.0,0.0
selected_5m,stress27,BOTH_COUNTERFACTUAL,ALL,540,40,7.407407407407407,2,10.0,0.260886040833921,-0.13500514623492213,1.9324155271825996,0.21471283635362218,-0.09541602752803782,-0.7067853890965765,-0.3798003596749993,-1.2112800830329284,-0.3839709873237117,-0.5746020112448634,-0.6911950496845553,-0.11271767372967338,5.0,0.0
selected_5m,stress27,BOTH_COUNTERFACTUAL,strong_up_trend,84,5,5.9523809523809526,2,20.0,0.10533450763863168,-0.16732970565752553,0.6295027366761781,0.15737568416904452,-0.11279686299829411,-0.6714098987993696,-0.5759800000000042,-0.4580089728051684,-0.3879990210991384,-0.4580089728051715,-0.4580089728051715,-0.16732970565752553,0.0,0.0
selected_5m,stress27,BOTH_COUNTERFACTUAL,strong_down_trend,86,5,5.813953488372093,2,20.0,0.5793481743357498,-0.1374256334982799,4.2157213293326485,1.0539303323331621,0.005929128068526047,0.0344716748170119,0.5000581212000043,-0.31436325678497745,-0.27467569587110624,-0.3143632567849739,-0.3143632567849739,-0.1374256334982799,20.0,0.0
selected_5m,stress27,BOTH_COUNTERFACTUAL,range_chop,196,16,8.16326530612245,2,0.0,,-0.14042956229417541,,0.0,-0.14042956229417541,-1.1463637738300032,-0.6828125000000114,-0.6911950496845565,-0.39554038948449766,-0.6911950496845553,-0.6911950496845553,-0.14845819978045377,0.0,0.0
selected_5m,stress27,BOTH_COUNTERFACTUAL,gap_up_open,34,2,5.882352941176471,2,0.0,,-0.08030684143293226,,0.0,-0.08030684143293226,-0.4723931848996016,-0.37999999999996703,-0.09461552279227403,-0.0931846546563395,-0.09461552279227364,-0.09461552279227364,-0.09461552279227364,0.0,0.0
selected_5m,stress27,BOTH_COUNTERFACTUAL,gap_down_open,44,3,6.818181818181818,2,0.0,,-0.0526647165350998,,0.0,-0.0526647165350998,-0.35907761273931676,-0.23500000000001364,-0.09794340751875241,-0.09162701368746505,-0.09794340751874753,-0.09794340751874753,-0.06636143836233517,0.0,0.0
selected_5m,stress27,BOTH_COUNTERFACTUAL,v_reversal_up,22,1,4.545454545454546,2,0.0,,-0.06180711243500954,,0.0,-0.06180711243500954,-0.28094142015913426,-0.32000000000005,-0.06180711243500836,-0.06180711243500954,-0.06180711243500954,-0.06180711243500954,,0.0,0.0
selected_5m,stress27,BOTH_COUNTERFACTUAL,v_reversal_down,20,3,15.0,2,0.0,,-0.16069249611406689,,0.0,-0.16069249611406689,-2.410387441711003,-1.0283000000000204,-0.29698883608447746,-0.281972136933526,-0.2969888360844784,-0.2969888360844784,-0.22190534032971657,0.0,0.0
selected_5m,stress27,BOTH_COUNTERFACTUAL,late_day_spike,18,2,11.11111111111111,2,0.0,,-0.11257789018470024,,0.0,-0.11257789018470024,-1.2508654464966693,-0.3473326394999532,-0.11592545221563721,-0.11559069601254207,-0.1159254522156356,-0.1159254522156356,-0.1159254522156356,0.0,0.0
selected_5m,stress27,BOTH_COUNTERFACTUAL,high_vol,62,1,1.6129032258064515,2,0.0,,-0.0438600849186511,,0.0,-0.0438600849186511,-0.07074207244943725,-0.04994411499998819,-0.04386008491865656,-0.0438600849186511,-0.0438600849186511,-0.0438600849186511,,0.0,0.0
selected_5m,stress27,BOTH_COUNTERFACTUAL,low_vol,192,18,9.375,2,5.555555555555555,0.10533450763863168,-0.10220409316281404,1.0306290519189951,0.06062523834817617,-0.09067417089606708,-0.8500703521506288,-0.32897779088889617,-0.38007425124574334,-0.20255692373126136,-0.3800742512457401,-0.3800742512457401,-0.10220409316281402,0.0,0.0
selected_5m,stress27,LONG,ALL,270,17,6.296296296296297,2,17.647058823529413,0.1547319963333114,-0.1793751925107992,0.8626164753746303,0.1848463875802779,-0.12041510036183851,-0.7581691504263907,-0.5295591172352909,-1.2112800830329284,-0.5046461881810482,-0.6911950496845553,-0.6911950496845553,-0.14688853068863178,5.88235294117647,0.0
selected_5m,stress27,LONG,strong_up_trend,42,5,11.904761904761905,2,20.0,0.10533450763863168,-0.16732970565752553,0.6295027366761781,0.15737568416904452,-0.11279686299829411,-1.3428197975987393,-0.5759800000000042,-0.4580089728051684,-0.3879990210991384,-0.4580089728051715,-0.4580089728051715,-0.16732970565752553,0.0,0.0
selected_5m,stress27,LONG,strong_down_trend,43,0,0.0,2,,,,,,,0.0,,0.0,,,,,,0.0
selected_5m,stress27,LONG,range_chop,98,6,6.122448979591836,2,0.0,,-0.18839018100346558,,0.0,-0.18839018100346558,-1.1534092714497892,-0.8716666666666791,-0.6911950496845565,-0.5612038713941224,-0.6911950496845553,-0.6911950496845553,-0.22101396262803286,0.0,0.0
selected_5m,stress27,LONG,gap_up_open,17,1,5.882352941176471,2,0.0,,-0.06599816007359088,,0.0,-0.06599816007359088,-0.38822447102112284,-0.21999999999997044,-0.06599816007358816,-0.06599816007359088,-0.06599816007359088,-0.06599816007359088,,0.0,0.0
selected_5m,stress27,LONG,gap_down_open,22,2,9.090909090909092,2,0.0,,-0.030025371043275916,,0.0,-0.030025371043275916,-0.2729579185752356,-0.07250000000004775,-0.03477946920592556,-0.03430405938965811,-0.0347794692059228,-0.0347794692059228,-0.0347794692059228,0.0,0.0
selected_5m,stress27,LONG,v_reversal_up,11,0,0.0,2,,,,,,,0.0,,0.0,,,,,,0.0
selected_5m,stress27,LONG,v_reversal_down,10,0,0.0,2,,,,,,,0.0,,0.0,,,,,,0.0
selected_5m,stress27,LONG,late_day_spike,9,0,0.0,2,,,,,,,0.0,,0.0,,,,,,0.0
selected_5m,stress27,LONG,high_vol,31,0,0.0,2,,,,,,,0.0,,0.0,,,,,,0.0
selected_5m,stress27,LONG,low_vol,96,9,9.375,2,11.11111111111111,0.10533450763863168,-0.12252141477488648,0.8597232396652209,0.10746540495815261,-0.09720409006227335,-0.9112883443338126,-0.3112889151111189,-0.38007425124574334,-0.2965366853565737,-0.3800742512457401,-0.3800742512457401,-0.12252141477488647,0.0,0.0
selected_5m,stress27,SHORT,ALL,270,23,8.518518518518519,2,4.3478260869565215,0.5793481743357498,-0.10676966224118219,5.42614973368614,0.24664316971300634,-0.07693845195522864,-0.6554016277667625,-0.26910910408695765,-0.710938974253017,-0.2836866311957308,-0.3056760464347262,-0.3143632567849739,-0.10676966224118219,4.3478260869565215,0.0
selected_5m,stress27,SHORT,strong_up_trend,42,0,0.0,2,,,,,,,0.0,,0.0,,,,,,0.0
selected_5m,stress27,SHORT,strong_down_trend,43,5,11.627906976744185,2,20.0,0.5793481743357498,-0.1374256334982799,4.2157213293326485,1.0539303323331621,0.005929128068526047,0.0689433496340238,0.5000581212000043,-0.31436325678497745,-0.27467569587110624,-0.3143632567849739,-0.3143632567849739,-0.1374256334982799,20.0,0.0
selected_5m,stress27,SHORT,range_chop,98,10,10.204081632653061,2,0.0,,-0.11165319106860128,,0.0,-0.11165319106860128,-1.1393182762102172,-0.5695000000000107,-0.4258516016629854,-0.2371289140851142,-0.2969888360844784,-0.2969888360844784,-0.12183687896511254,0.0,0.0
selected_5m,stress27,SHORT,gap_up_open,17,1,5.882352941176471,2,0.0,,-0.09461552279227364,,0.0,-0.09461552279227364,-0.5565618987780803,-0.5399999999999636,-0.09461552279227403,-0.09461552279227364,-0.09461552279227364,-0.09461552279227364,,0.0,0.0
selected_5m,stress27,SHORT,gap_down_open,22,1,4.545454545454546,2,0.0,,-0.09794340751874753,,0.0,-0.09794340751874753,-0.44519730690339787,-0.5599999999999454,-0.09794340751875241,-0.09794340751874753,-0.09794340751874753,-0.09794340751874753,,0.0,0.0
selected_5m,stress27,SHORT,v_reversal_up,11,1,9.090909090909092,2,0.0,,-0.06180711243500954,,0.0,-0.06180711243500954,-0.5618828403182685,-0.32000000000005,-0.06180711243500836,-0.06180711243500954,-0.06180711243500954,-0.06180711243500954,,0.0,0.0
selected_5m,stress27,SHORT,v_reversal_down,10,3,30.0,2,0.0,,-0.16069249611406689,,0.0,-0.16069249611406689,-4.820774883422006,-1.0283000000000204,-0.29698883608447746,-0.281972136933526,-0.2969888360844784,-0.2969888360844784,-0.22190534032971657,0.0,0.0
selected_5m,stress27,SHORT,late_day_spike,9,2,22.22222222222222,2,0.0,,-0.11257789018470024,,0.0,-0.11257789018470024,-2.5017308929933386,-0.3473326394999532,-0.11592545221563721,-0.11559069601254207,-0.1159254522156356,-0.1159254522156356,-0.1159254522156356,0.0,0.0
selected_5m,stress27,SHORT,high_vol,31,1,3.225806451612903,2,0.0,,-0.0438600849186511,,0.0,-0.0438600849186511,-0.1414841448988745,-0.04994411499998819,-0.04386008491865656,-0.0438600849186511,-0.0438600849186511,-0.0438600849186511,,0.0,0.0
selected_5m,stress27,SHORT,low_vol,96,9,9.375,2,0.0,,-0.08414425172986076,,0.0,-0.08414425172986076,-0.7888523599674445,-0.3466666666666735,-0.2119036937308194,-0.15896056275517118,-0.16396678719700242,-0.16396678719700242,-0.09216228319609335,0.0,0.0
selected_5m,all83,BOTH_COUNTERFACTUAL,ALL,1660,103,6.204819277108434,2,11.650485436893204,1.6736527451679268,-0.13964073177095726,11.985419468533724,1.58049487497148,0.07161676068794177,0.4443690572806026,0.7354209865728136,-1.4275734373044524,-0.3789802942291823,-0.5861545198594713,-1.2070058742988383,-0.04718087510643511,6.796116504854369,0.0
selected_5m,all83,BOTH_COUNTERFACTUAL,strong_up_trend,338,16,4.733727810650888,2,25.0,2.624261739614494,-0.1309566565528822,20.039162641226866,6.679720880408955,0.5578479424889619,2.6407003194743757,4.907234933187505,-0.6759515794938165,-0.2787112903880465,-0.4580089728051715,-0.4580089728051715,0.07901313390122247,12.5,0.0
selected_5m,all83,BOTH_COUNTERFACTUAL,strong_down_trend,382,19,4.973821989528796,2,21.05263157894737,1.7798259970398578,-0.15282511889286982,11.646161376700862,3.1056430337868965,0.25404880025086224,1.2635935091011472,1.2908322683684168,-0.699773568073625,-0.3215895031559909,-0.38662572049514404,-0.38662572049514404,0.023639029970193477,10.526315789473683,0.0
selected_5m,all83,BOTH_COUNTERFACTUAL,range_chop,466,30,6.437768240343348,2,3.3333333333333335,0.4231995461636648,-0.1689203101743112,2.5053206788867444,0.08639036823747395,-0.149182981629712,-0.960405461135485,-0.8591906820333435,-1.2070058742988388,-0.5574650401088255,-0.949100461991697,-1.2070058742988383,-0.16892031017431117,0.0,0.0
selected_5m,all83,BOTH_COUNTERFACTUAL,gap_up_open,206,13,6.310679611650485,2,7.6923076923076925,2.303787875712863,-0.11635270214231903,19.800037586535296,1.6500031322112745,0.06981195769269495,0.4405608980606963,0.4058930488461516,-0.29203169767343384,-0.20614004137361172,-0.21894539624900483,-0.21894539624900483,-0.11635270214231903,7.6923076923076925,0.0
selected_5m,all83,BOTH_COUNTERFACTUAL,gap_down_open,222,22,9.90990990990991,2,13.636363636363637,2.144800045659025,-0.18166539767200351,11.806321254042318,1.8641559874803662,0.1355798900549549,1.3435844960400938,0.8116870363181838,-1.2070058742988388,-0.3927731221500172,-0.8005115624631083,-1.2070058742988383,-0.0675555754330425,4.545454545454546,0.0
selected_5m,all83,BOTH_COUNTERFACTUAL,v_reversal_up,90,6,6.666666666666667,2,0.0,,-0.19459695421606474,,0.0,-0.19459695421606474,-1.2973130281070981,-0.6817896663333206,-0.39401725062737647,-0.3596006240967438,-0.394017250627378,-0.394017250627378,-0.22115492257227579,0.0,0.0
selected_5m,all83,BOTH_COUNTERFACTUAL,v_reversal_down,110,9,8.181818181818182,2,11.11111111111111,0.38525692432824643,-0.1127819170085602,3.4159458763145976,0.4269932345393247,-0.05744426797113727,-0.4699985561274867,-0.32433501544445814,-0.3702072854463334,-0.23692203948066892,-0.2969888360844784,-0.2969888360844784,-0.11278191700856022,11.11111111111111,0.0
selected_5m,all83,BOTH_COUNTERFACTUAL,late_day_spike,278,17,6.115107913669065,2,11.764705882352942,6.070897368303976,-0.20438282459467796,29.70355938833649,3.9604745851115317,0.533885433393399,3.264767038736613,4.300083493058833,-1.2070058742988388,-0.5367089197238971,-1.2070058742988383,-1.2070058742988383,0.08348014352392061,11.76470588235294,0.0
selected_5m,all83,BOTH_COUNTERFACTUAL,high_vol,402,15,3.7313432835820897,2,26.666666666666668,3.560655866150479,-0.13200377790778828,26.973893645966623,9.808688598533317,0.85270546050775,3.1817367929393656,6.294645010133352,-0.3691346810801521,-0.2490626010103933,-0.36913468108016184,-0.36913468108016184,0.3607294168793709,6.666666666666667,0.0
selected_5m,all83,BOTH_COUNTERFACTUAL,low_vol,270,22,8.148148148148149,2,4.545454545454546,0.10533450763863168,-0.10213387121690021,1.031337658933287,0.04911131709206129,-0.09270349035983057,-0.755361773302323,-0.3081909230909164,-0.38007425124574334,-0.17095269666159496,-0.27565229388428203,-0.3800742512457401,-0.10213387121690021,0.0,0.0
selected_5m,all83,LONG,ALL,830,48,5.783132530120482,2,14.583333333333334,1.611301140854706,-0.12796382797441005,12.59184854314401,2.149827800048978,0.12567897997983607,0.7268181974737508,1.3463043418333325,-1.4275734373044524,-0.35787520379634935,-0.5097594245784889,-0.6911950496845553,-0.03633572409091322,6.25,0.0
selected_5m,all83,LONG,strong_up_trend,169,14,8.284023668639053,2,28.571428571428573,2.624261739614494,-0.12416832873444109,21.134710971482953,8.453884388593181,0.6610974050795402,5.476546550954771,5.701110468857142,-0.6759515794938165,-0.30261764804366315,-0.4580089728051715,-0.4580089728051715,0.11653796921603941,14.285714285714285,0.0
selected_5m,all83,LONG,strong_down_trend,191,0,0.0,2,,,,,,,0.0,,0.0,,,,,,0.0
selected_5m,all83,LONG,range_chop,233,13,5.579399141630901,2,7.6923076923076925,0.4231995461636648,-0.145612546912256,2.9063398390983344,0.24219498659152788,-0.10185777052180055,-0.5683051574177712,-0.4787689612307767,-0.6911950496845565,-0.43028846657672687,-0.6911950496845553,-0.6911950496845553,-0.14561254691225595,0.0,0.0
selected_5m,all83,LONG,gap_up_open,103,9,8.737864077669903,2,11.11111111111111,2.303787875712863,-0.1008843517959687,22.83592881056625,2.8544911013207814,0.16630145126056814,1.4531194770340905,0.9157206106666536,-0.2847990563894953,-0.19118252330220414,-0.21894539624900483,-0.21894539624900483,-0.1008843517959687,11.11111111111111,0.0
selected_5m,all83,LONG,gap_down_open,111,8,7.207207207207207,2,12.5,0.347554503801429,-0.05695059535885107,6.1027369707279675,0.8718195672468525,-0.006387457963816061,-0.046035733072548185,0.0749924094999983,-0.12072609239122123,-0.10292501035173356,-0.10676975950000575,-0.10676975950000575,-0.05695059535885107,0.0,0.0
selected_5m,all83,LONG,v_reversal_up,45,2,4.444444444444445,2,0.0,,-0.17096341687126151,,0.0,-0.17096341687126151,-0.7598374083167179,-0.45191210549998573,-0.25635074450484074,-0.24781201174148337,-0.25635074450484135,-0.25635074450484135,-0.25635074450484135,0.0,0.0
selected_5m,all83,LONG,v_reversal_down,55,3,5.454545454545454,2,0.0,,-0.07977663241083283,,0.0,-0.07977663241083283,-0.43514526769545175,-0.5530383796666646,-0.1075948943758731,-0.10751238088828408,-0.10759489437587055,-0.10759489437587055,-0.10718232693793817,0.0,0.0
selected_5m,all83,LONG,late_day_spike,139,7,5.0359712230215825,2,14.285714285714286,7.740370071305053,-0.12446848897955719,62.18738682186732,10.364564470311219,0.999079876775387,5.031337508940798,9.470211627142858,-0.3716675957956106,-0.2550252517758049,-0.31664840139033795,-0.31664840139033795,-0.12446848897955723,14.285714285714285,0.0
selected_5m,all83,LONG,high_vol,201,5,2.487562189054726,2,40.0,4.043962287553241,-0.08912455763244896,45.374276125224696,30.249517416816463,1.564110180441827,3.8908213443826543,14.52408116360001,-0.11123790267523193,-0.10836902270025374,-0.11123790267522779,-0.11123790267522779,0.020045207726020534,20.0,0.0
selected_5m,all83,LONG,low_vol,135,11,8.148148148148149,2,9.090909090909092,0.10533450763863168,-0.11191040904482223,0.9412395910057233,0.09412395910057234,-0.09216087116450826,-0.750940431710808,-0.28231131336364323,-0.38007425124574334,-0.27565229388428203,-0.3800742512457401,-0.3800742512457401,-0.11191040904482223,0.0,0.0
selected_5m,all83,SHORT,ALL,830,55,6.626506024096385,2,9.090909090909092,1.7609449912064354,-0.149215792884126,11.801331194037234,1.1801331194037235,0.02443518748774319,0.1619199170874549,0.20228642198181526,-1.2070058742988388,-0.3743819929046565,-0.6625496151404535,-1.2070058742988383,-0.05662017321253748,7.2727272727272725,0.0
selected_5m,all83,SHORT,strong_up_trend,169,2,1.183431952662722,2,0.0,,-0.16489829564508762,,0.0,-0.16489829564508762,-0.19514591200602088,-0.6498938164999544,-0.21147835087111932,-0.20682034534851945,-0.21147835087112296,-0.21147835087112296,-0.21147835087112296,0.0,0.0
selected_5m,all83,SHORT,strong_down_trend,191,19,9.947643979057592,2,21.05263157894737,1.7798259970398578,-0.15282511889286982,11.646161376700862,3.1056430337868965,0.25404880025086224,2.5271870182022944,1.2908322683684168,-0.699773568073625,-0.3215895031559909,-0.38662572049514404,-0.38662572049514404,0.023639029970193477,10.526315789473683,0.0
selected_5m,all83,SHORT,range_chop,233,17,7.296137339055794,2,0.0,,-0.18537284894752665,,0.0,-0.18537284894752665,-1.3525057648531988,-1.1501014097058946,-1.2070058742988388,-0.55661497536167,-1.2070058742988383,-1.2070058742988383,-0.19570865200674706,0.0,0.0
selected_5m,all83,SHORT,gap_up_open,103,4,3.883495145631068,2,0.0,,-0.14728940283501973,,0.0,-0.14728940283501973,-0.571997680912698,-0.7412189652499777,-0.29203169767343384,-0.19171549404790045,-0.19760313812334968,-0.19760313812334968,-0.16484736284926843,0.0,0.0
selected_5m,all83,SHORT,gap_down_open,111,14,12.612612612612613,2,14.285714285714286,3.0434228165878228,-0.2544156990213424,11.962401802620349,1.993733633770058,0.21670408892282403,2.7332047251527354,1.232655394500004,-1.2070058742988388,-0.6785632689123892,-1.2070058742988383,-1.2070058742988383,-0.10519749387564335,7.142857142857142,0.0
selected_5m,all83,SHORT,v_reversal_up,45,4,8.88888888888889,2,0.0,,-0.20641372288846635,,0.0,-0.20641372288846635,-1.8347886478974789,-0.796728446749988,-0.39401725062737647,-0.3666364156639398,-0.394017250627378,-0.394017250627378,-0.25461592637295194,0.0,0.0
selected_5m,all83,SHORT,v_reversal_down,55,6,10.909090909090908,2,16.666666666666668,0.38525692432824643,-0.13258508776719666,2.9057334487322652,0.5811466897464531,-0.04627808575128947,-0.5048518445595215,-0.20998333333335495,-0.3702072854463334,-0.25944708820709744,-0.2969888360844784,-0.2969888360844784,-0.13258508776719666,16.666666666666664,0.0
selected_5m,all83,SHORT,late_day_spike,139,10,7.194244604316546,2,10.0,4.401424665302899,-0.2576590483380918,17.082360172065428,1.8980400191183808,0.20824932302600735,1.4981965685324272,0.6809937992000158,-1.2070058742988388,-0.829963837350434,-1.2070058742988383,-1.2070058742988383,-0.2576590483380918,10.0,0.0
selected_5m,all83,SHORT,high_vol,201,10,4.975124378109452,2,20.0,3.077349444747717,-0.1480834855110405,20.781179171517287,5.195294792879322,0.497003100540711,2.4726522414960748,2.179926933400023,-0.3691346810801521,-0.29194548674959636,-0.36913468108016184,-0.36913468108016184,0.06317848223380113,0.0,0.0
selected_5m,all83,SHORT,low_vol,135,11,8.148148148148149,2,0.0,,-0.09324610955515288,,0.0,-0.09324610955515288,-0.7597831148938383,-0.3340705328181896,-0.293788323959443,-0.16115948240867867,-0.16396678719700242,-0.16396678719700242,-0.10057072051066816,0.0,0.0
selected_15m,fit28,BOTH_COUNTERFACTUAL,ALL,560,44,7.857142857142857,2,11.363636363636363,2.3128551951678578,-0.22390314651841428,10.329712784887743,1.3243221519086852,0.06436484685502575,0.5057237967180594,0.505398591045446,-1.545832401008207,-0.49124061165619826,-0.7240148131761506,-1.1564861553540737,-0.037753042714554846,4.545454545454546,0.0
selected_15m,fit28,BOTH_COUNTERFACTUAL,strong_up_trend,102,5,4.901960784313726,2,20.0,0.009191271959668124,-0.13819543940524323,0.06650922779525097,0.01662730694881274,-0.10871809713226097,-0.5329318486875537,-0.5662977988000193,-0.3102391830728024,-0.2727903524800533,-0.3102391830728037,-0.3102391830728037,-0.13819543940524323,0.0,0.0
selected_15m,fit28,BOTH_COUNTERFACTUAL,strong_down_trend,148,15,10.135135135135135,2,26.666666666666668,2.888771175969905,-0.22647126300854567,12.75557497933369,4.638390901575888,0.6042600540523745,6.1242573045848765,3.3822305973333244,-0.6630027934345861,-0.3867896827839765,-0.5019277108516461,-0.5019277108516461,0.32917619374561613,13.333333333333334,0.0
selected_15m,fit28,BOTH_COUNTERFACTUAL,range_chop,140,10,7.142857142857143,2,0.0,,-0.325108094374443,,0.0,-0.325108094374443,-2.3222006741031644,-1.5176691714000072,-1.545832401008207,-0.86720114343997,-1.1564861553540737,-1.1564861553540737,-0.35552342835058837,0.0,0.0
selected_15m,fit28,BOTH_COUNTERFACTUAL,gap_up_open,82,4,4.878048780487805,2,0.0,,-0.19914624914590096,,0.0,-0.19914624914590096,-0.9714451177848827,-0.9519478225000029,-0.3126764002484239,-0.30396131553282607,-0.3126764002484243,-0.3126764002484243,-0.24197205601563604,0.0,0.0
selected_15m,fit28,BOTH_COUNTERFACTUAL,gap_down_open,72,4,5.555555555555555,2,25.0,2.093231569849738,-0.19332516337175834,10.827517397849125,3.609172465949708,0.3783140199336157,2.1017445551867535,3.368567096249997,-0.32666027798866626,-0.30784697037715497,-0.32666027798866487,-0.32666027798866487,-0.19332516337175834,25.0,0.0
selected_15m,fit28,BOTH_COUNTERFACTUAL,v_reversal_up,32,2,6.25,2,0.0,,-0.22286607740218886,,0.0,-0.22286607740218886,-1.3929129837636804,-0.8329392269999971,-0.31757785473370825,-0.30810667700056,-0.3175778547337123,-0.3175778547337123,-0.3175778547337123,0.0,0.0
selected_15m,fit28,BOTH_COUNTERFACTUAL,v_reversal_down,52,5,9.615384615384615,2,0.0,,-0.17643359411509307,,0.0,-0.17643359411509307,-1.6964768664912795,-1.1265361570000096,-0.513630573322732,-0.4436965934777375,-0.5136305733227322,-0.5136305733227322,-0.2075227464235301,0.0,0.0
selected_15m,fit28,BOTH_COUNTERFACTUAL,late_day_spike,146,12,8.219178082191782,2,33.333333333333336,2.888771175969905,-0.2531195900780396,11.412673254880293,5.706336627440146,0.7941773319379419,6.527484920037879,4.403517002250003,-0.6243053948216115,-0.44251338500756593,-0.5019277108516461,-0.5019277108516461,0.46133580771893745,16.666666666666664,0.0
selected_15m,fit28,BOTH_COUNTERFACTUAL,high_vol,150,14,9.333333333333334,2,35.714285714285715,2.3128551951678578,-0.2558550099970861,9.039710401583296,5.0220613342129425,0.6615414918475366,6.174387257243675,3.7346671674999987,-0.6630027934345861,-0.39501382764595294,-0.5019277108516461,-0.5019277108516461,0.36970359903988625,14.285714285714285,0.0
selected_15m,fit28,BOTH_COUNTERFACTUAL,low_vol,50,4,8.0,2,0.0,,-0.12349626862522955,,0.0,-0.12349626862522955,-0.9879701490018364,-0.49759493225000995,-0.2094954978895558,-0.17846415238432733,-0.18734236161615003,-0.18734236161615003,-0.13751316689232057,0.0,0.0
selected_15m,fit28,LONG,ALL,280,21,7.5,2,4.761904761904762,0.009191271959668124,-0.23125571820134158,0.03974505811642587,0.001987252905821293,-0.21980586152700782,-1.6485439614525585,-0.9517576115714438,-1.545832401008207,-0.5136305733227322,-0.8350583643384029,-1.1564861553540737,-0.23125571820134155,0.0,0.0
selected_15m,fit28,LONG,strong_up_trend,51,4,7.8431372549019605,2,25.0,0.009191271959668124,-0.14326224250397382,0.06415697394526808,0.021385657981756026,-0.10514886388806333,-0.8246969716710848,-0.5505180870000288,-0.3102391830728024,-0.27287819440787664,-0.3102391830728037,-0.3102391830728037,-0.14326224250397382,0.0,0.0
selected_15m,fit28,LONG,strong_down_trend,74,3,4.054054054054054,2,0.0,,-0.09576544183277527,,0.0,-0.09576544183277527,-0.3882382777004403,-0.37136999466669823,-0.17909090921165438,-0.1682487011441598,-0.17909090921165582,-0.17909090921165582,-0.12487986887417578,0.0,0.0
selected_15m,fit28,LONG,range_chop,70,6,8.571428571428571,2,0.0,,-0.4576071226850811,,0.0,-0.4576071226850811,-3.922346765872124,-2.175200862333346,-1.545832401008207,-0.9957722598462383,-1.1564861553540737,-1.1564861553540737,-0.5388545295042704,0.0,0.0
selected_15m,fit28,LONG,gap_up_open,41,2,4.878048780487805,2,0.0,,-0.19167261439256003,,0.0,-0.19167261439256003,-0.9349883628905367,-0.5121230010000204,-0.3126764002484239,-0.3005760216628379,-0.3126764002484243,-0.3126764002484243,-0.3126764002484243,0.0,0.0
selected_15m,fit28,LONG,gap_down_open,36,0,0.0,2,,,,,,,0.0,,0.0,,,,,,0.0
selected_15m,fit28,LONG,v_reversal_up,16,1,6.25,2,0.0,,-0.3175778547337123,,0.0,-0.3175778547337123,-1.984861592085702,-0.8579593380000006,-0.31757785473370825,-0.3175778547337123,-0.3175778547337123,-0.3175778547337123,,0.0,0.0
selected_15m,fit28,LONG,v_reversal_down,26,3,11.538461538461538,2,0.0,,-0.22204343719878727,,0.0,-0.22204343719878727,-2.5620396599860067,-1.701293044666689,-0.513630573322732,-0.4719717998894736,-0.5136305733227322,-0.5136305733227322,-0.3053367061564392,0.0,0.0
selected_15m,fit28,LONG,late_day_spike,73,4,5.47945205479452,2,0.0,,-0.20200333264343284,,0.0,-0.20200333264343284,-1.1068675761283993,-0.9257999422500234,-0.393901663862406,-0.3813522917439686,-0.39390166386240943,-0.39390166386240943,-0.25682558094125235,0.0,0.0
selected_15m,fit28,LONG,high_vol,75,2,2.6666666666666665,2,50.0,0.009191271959668124,-0.3102391830728037,0.02962640588668393,0.02962640588668393,-0.15052395555656778,-0.40139721481751406,-0.8018068715000481,-0.3102391830728024,-0.2942676603211801,-0.3102391830728037,-0.3102391830728037,-0.3102391830728037,0.0,0.0
selected_15m,fit28,LONG,low_vol,25,1,4.0,2,0.0,,-0.09704283899014626,,0.0,-0.09704283899014626,-0.38817135596058505,-0.2397931890000109,-0.09704283899014676,-0.09704283899014626,-0.09704283899014626,-0.09704283899014626,,0.0,0.0
selected_15m,fit28,SHORT,ALL,280,23,8.214285714285714,2,17.391304347826086,2.888771175969905,-0.21616359737849072,13.363818936228302,2.8134355655217482,0.323825058856013,2.6599915548886783,1.8358455586521714,-1.2185144953132054,-0.4273627233455225,-0.4663040468668198,-0.5019277108516461,0.13602464797005928,8.695652173913043,0.0
selected_15m,fit28,SHORT,strong_up_trend,51,1,1.9607843137254901,2,0.0,,-0.12299503010905152,,0.0,-0.12299503010905152,-0.2411667257040226,-0.6294166459999815,-0.1229950301090521,-0.12299503010905152,-0.12299503010905152,-0.12299503010905152,,0.0,0.0
selected_15m,fit28,SHORT,strong_down_trend,74,12,16.216216216216218,2,33.333333333333336,2.888771175969905,-0.27548594594945963,10.486092733383488,5.243046366691744,0.7792664280236619,12.636752886870193,4.32063074533333,-0.6630027934345861,-0.41146211736990573,-0.5019277108516461,-0.5019277108516461,0.44506936708517736,16.666666666666664,0.0
selected_15m,fit28,SHORT,range_chop,70,4,5.714285714285714,2,0.0,,-0.12635955190848577,,0.0,-0.12635955190848577,-0.7220545823342044,-0.5313716349999993,-0.2094954978895558,-0.17846415238432733,-0.18734236161615003,-0.18734236161615003,-0.1413308779366622,0.0,0.0
selected_15m,fit28,SHORT,gap_up_open,41,2,4.878048780487805,2,0.0,,-0.20661988389924194,,0.0,-0.20661988389924194,-1.007901872679229,-1.3917726439999853,-0.2545758354777661,-0.24978024031991666,-0.2545758354777694,-0.2545758354777694,-0.2545758354777694,0.0,0.0
selected_15m,fit28,SHORT,gap_down_open,36,4,11.11111111111111,2,25.0,2.093231569849738,-0.19332516337175834,10.827517397849125,3.609172465949708,0.3783140199336157,4.203489110373507,3.368567096249997,-0.32666027798866626,-0.30784697037715497,-0.32666027798866487,-0.32666027798866487,-0.19332516337175834,25.0,0.0
selected_15m,fit28,SHORT,v_reversal_up,16,1,6.25,2,0.0,,-0.12815430007066542,,0.0,-0.12815430007066542,-0.8009643754416589,-0.8079191159999937,-0.12815430007067086,-0.12815430007066542,-0.12815430007066542,-0.12815430007066542,,0.0,0.0
selected_15m,fit28,SHORT,v_reversal_down,26,2,7.6923076923076925,2,0.0,,-0.10801882948955173,,0.0,-0.10801882948955173,-0.8309140729965517,-0.26440082549999033,-0.16396067409776283,-0.15836648963693797,-0.1639606740977587,-0.1639606740977587,-0.1639606740977587,0.0,0.0
selected_15m,fit28,SHORT,late_day_spike,73,8,10.95890410958904,2,50.0,2.888771175969905,-0.30423584751264626,9.495170275257673,9.495170275257673,1.2922676642286295,14.161837416204158,7.068175474500016,-0.6243053948216115,-0.44435869681781137,-0.5019277108516461,-0.5019277108516461,0.8403867450688632,25.0,0.0
selected_15m,fit28,SHORT,high_vol,75,12,16.0,2,33.333333333333336,2.888771175969905,-0.24905698836262144,11.598836053393203,5.799418026696602,0.796885733081554,12.750171729304865,4.490746174000006,-0.6630027934345861,-0.41146211736990573,-0.5019277108516461,-0.5019277108516461,0.4642904271483324,16.666666666666664,0.0
selected_15m,fit28,SHORT,low_vol,25,3,12.0,2,0.0,,-0.13231407850359064,,0.0,-0.13231407850359064,-1.5877689420430878,-0.5835288466666763,-0.2094954978895558,-0.18142355546160158,-0.18734236161615003,-0.18734236161615003,-0.15774833084340772,0.0,0.0
selected_15m,validation28,BOTH_COUNTERFACTUAL,ALL,560,68,12.142857142857142,2,23.529411764705884,1.544261587816775,-0.33305171058010585,4.636702165939929,1.4266775895199781,0.10866906551327792,1.3195529383755176,0.8641310487205909,-3.623209878603406,-1.0685451364488463,-1.2834867572438413,-1.4760352978254032,0.0419025692411576,25.0,0.0
selected_15m,validation28,BOTH_COUNTERFACTUAL,strong_up_trend,152,28,18.42105263157895,2,39.285714285714285,1.6234801537677301,-0.3755125181027151,4.323371593496797,2.7974757369685164,0.4098060315606742,7.549058476117683,2.465510879821437,-1.3067923220043243,-1.0588935997876587,-1.2665481163784202,-1.306792322004321,0.2552794284427237,39.285714285714285,0.0
selected_15m,validation28,BOTH_COUNTERFACTUAL,strong_down_trend,148,22,14.864864864864865,2,22.727272727272727,1.3699807427246735,-0.3648267660587529,3.755154144868985,1.1044571014320543,0.02944766775566216,0.4377356017733564,0.7470350835908991,-2.883824171889704,-0.9586859266639174,-1.044429267044157,-1.1248154983931207,-0.12925873451323122,27.27272727272727,0.0
selected_15m,validation28,BOTH_COUNTERFACTUAL,range_chop,130,8,6.153846153846154,2,0.0,,-0.39112680774003133,,0.0,-0.39112680774003133,-2.4069342014771156,-2.5536031611249754,-1.6072704653246506,-1.2198322175740641,-1.4760352978254032,-1.4760352978254032,-0.4399084672734083,0.0,0.0
selected_15m,validation28,BOTH_COUNTERFACTUAL,gap_up_open,90,12,13.333333333333334,2,50.0,1.9301814097392025,-0.24368488498265994,7.920808916304144,7.920808916304144,0.8432482623782713,11.243310165043617,7.238627558083337,-0.8684260065139116,-0.41773087137706305,-0.6078000657678345,-0.6078000657678345,0.5033595302539925,50.0,0.0
selected_15m,validation28,BOTH_COUNTERFACTUAL,gap_down_open,106,17,16.037735849056602,2,5.882352941176471,0.7393037518507479,-0.31208742915626003,2.3688994902790004,0.14805621814243752,-0.25024088909702424,-4.0132972779711436,-1.4685163477058822,-1.6072704653246506,-1.3406409171685374,-1.4760352978254032,-1.4760352978254032,-0.31208742915626003,5.88235294117647,0.0
selected_15m,validation28,BOTH_COUNTERFACTUAL,v_reversal_up,36,2,5.555555555555555,2,0.0,,-0.7844740834137254,,0.0,-0.7844740834137254,-4.358189352298474,-4.729905211500011,-1.4760352978254065,-1.4068791763842354,-1.4760352978254032,-1.4760352978254032,-1.4760352978254032,0.0,0.0
selected_15m,validation28,BOTH_COUNTERFACTUAL,v_reversal_down,38,3,7.894736842105263,2,0.0,,-0.03127371583546772,,0.0,-0.03127371583546772,-0.24689775659579782,-0.08333333333333333,-0.049655191006392485,-0.046961182318177794,-0.049655191006393026,-0.049655191006393026,-0.036185147565316864,0.0,0.0
selected_15m,validation28,BOTH_COUNTERFACTUAL,late_day_spike,114,21,18.42105263157895,2,19.047619047619047,2.4298403091057965,-0.4915769520985809,4.942950027930756,1.163047065395472,0.06488347860701471,1.195221974339745,0.8266529345714166,-2.0444421591633177,-1.306792322004321,-1.391413809914862,-1.4760352978254032,-0.16097356324990147,19.047619047619047,0.0
selected_15m,validation28,BOTH_COUNTERFACTUAL,high_vol,190,44,23.157894736842106,2,34.09090909090909,1.6271954212788047,-0.46110652571704586,3.5288926322359604,1.8252892925358415,0.2508145925769941,5.808337933361968,1.6951569099318184,-3.6063942530281445,-1.2110806488986097,-1.336377176860748,-1.4760352978254032,0.15008878506145118,36.36363636363637,0.0
selected_15m,validation28,BOTH_COUNTERFACTUAL,low_vol,28,0,0.0,2,,,,,,,0.0,,0.0,,,,,,0.0
selected_15m,validation28,LONG,ALL,280,35,12.5,2,34.285714285714285,1.5750059578288467,-0.3258489216410318,4.833546632276218,2.521850416839766,0.32587275132006943,4.073409391500868,2.2379729205428607,-1.3067923220043243,-1.0427212982123912,-1.2665481163784202,-1.306792322004321,0.20069182295462032,34.285714285714285,0.0
selected_15m,validation28,LONG,strong_up_trend,76,25,32.89473684210526,2,44.0,1.6234801537677301,-0.3771851064176312,4.304200049643959,3.3818714675773967,0.5031076080639278,16.549592370523943,2.9873006023200084,-1.3067923220043243,-1.1129899898205045,-1.2665481163784202,-1.306792322004321,0.3331527452438692,44.0,0.0
selected_15m,validation28,LONG,strong_down_trend,74,3,4.054054054054054,2,33.333333333333336,1.0417898025011267,-0.4955313075502811,2.102369288534645,1.0511846442673225,0.016909062466854884,0.06855025324400628,3.018792344333311,-0.9640430356951946,-0.8703406900662112,-0.9640430356951937,-0.9640430356951937,-0.4955313075502811,33.33333333333333,0.0
selected_15m,validation28,LONG,range_chop,65,2,3.076923076923077,2,0.0,,-0.05699628444692902,,0.0,-0.05699628444692902,-0.17537318291362775,-0.2599999999999909,-0.06433737788746896,-0.06360326854341142,-0.06433737788746502,-0.06433737788746502,-0.06433737788746502,0.0,0.0
selected_15m,validation28,LONG,gap_up_open,45,8,17.77777777777778,2,50.0,1.9927666918298863,-0.1480223829495142,13.462603777359515,13.462603777359515,0.9223721544401863,16.397727190047757,7.736091337124996,-0.2250031139665154,-0.2185632038593855,-0.22500311396651376,-0.22500311396651376,0.3995647028251644,50.0,0.0
selected_15m,validation28,LONG,gap_down_open,53,5,9.433962264150944,2,20.0,0.7393037518507479,-0.5648177112217676,1.3089245205352118,0.32723113013380295,-0.30399341860726453,-2.8678624396911747,-2.4037073426000006,-1.3067923220043243,-1.1465419639630334,-1.306792322004321,-1.306792322004321,-0.5648177112217676,20.0,0.0
selected_15m,validation28,LONG,v_reversal_up,18,0,0.0,2,,,,,,,0.0,,0.0,,,,,,0.0
selected_15m,validation28,LONG,v_reversal_down,19,1,5.2631578947368425,2,0.0,,-0.049655191006393026,,0.0,-0.049655191006393026,-0.2613431105599633,-0.22000000000002728,-0.049655191006392485,-0.049655191006393026,-0.049655191006393026,-0.049655191006393026,,0.0,0.0
selected_15m,validation28,LONG,late_day_spike,57,8,14.035087719298245,2,37.5,2.8426184380857893,-0.6682267719182818,4.253972689429175,2.552383613657505,0.648340181833245,9.099511323975369,5.220469875374995,-1.4485478027331466,-1.2786213780661904,-1.306792322004321,-1.306792322004321,0.08638530556008862,37.5,0.0
selected_15m,validation28,LONG,high_vol,95,22,23.157894736842106,2,50.0,1.6908924916418024,-0.5182940781755184,3.2624190837642324,3.262419083764233,0.5862992067331421,13.577455313820131,3.861915679227275,-1.3067923220043243,-1.2131908669996532,-1.2665481163784202,-1.306792322004321,0.39602658249446604,50.0,0.0
selected_15m,validation28,LONG,low_vol,14,0,0.0,2,,,,,,,0.0,,0.0,,,,,,0.0
selected_15m,validation28,SHORT,ALL,280,33,11.785714285714286,2,12.121212121212121,1.45202847778056,-0.3387642673248887,4.286250404290739,0.591206952315964,-0.12169848003937969,-1.434303514749832,-0.592973966848483,-3.623209878603406,-0.9640667123990483,-1.3004253981092622,-1.4760352978254032,-0.23057287364693602,15.151515151515152,0.0
selected_15m,validation28,SHORT,strong_up_trend,76,3,3.9473684210526314,2,0.0,,-0.3677071059664395,,0.0,-0.3677071059664395,-1.4514754182885772,-1.8827368076666555,-0.7479887365672067,-0.6994118341434896,-0.7479887365672032,-0.7479887365672032,-0.5051042244486357,0.0,0.0
selected_15m,validation28,SHORT,strong_down_trend,74,19,25.675675675675677,2,21.05263157894737,1.45202847778056,-0.34739949385988245,4.179708098153449,1.114588826174253,0.0314274475381054,0.8069209503027063,0.38833656873683403,-2.883824171889704,-0.8836923194020121,-1.1248154983931207,-1.1248154983931207,-0.15362003400991217,26.31578947368421,0.0
selected_15m,validation28,SHORT,range_chop,65,6,9.23076923076923,2,0.0,,-0.5025036488377322,,0.0,-0.5025036488377322,-4.638495220040604,-3.318137548166637,-1.6072704653246506,-1.2930330976458755,-1.4760352978254032,-1.4760352978254032,-0.576364125567158,0.0,0.0
selected_15m,validation28,SHORT,gap_up_open,45,4,8.88888888888889,2,50.0,1.8050108455578349,-0.4350098890489514,4.149355890515671,4.149355890515671,0.6850004782544417,6.08889314003948,6.243700000000018,-0.8684260065139116,-0.5559630127521695,-0.6078000657678345,-0.6078000657678345,-0.20742673412821871,50.0,0.0
selected_15m,validation28,SHORT,gap_down_open,53,12,22.641509433962263,2,0.0,,-0.22784400180109082,,0.0,-0.22784400180109082,-5.158732116251113,-1.0788534331666664,-1.6072704653246506,-0.8111675456528564,-1.4760352978254032,-1.4760352978254032,-0.24697120631819788,0.0,0.0
selected_15m,validation28,SHORT,v_reversal_up,18,2,11.11111111111111,2,0.0,,-0.7844740834137254,,0.0,-0.7844740834137254,-8.716378704596949,-4.729905211500011,-1.4760352978254065,-1.4068791763842354,-1.4760352978254032,-1.4760352978254032,-1.4760352978254032,0.0,0.0
selected_15m,validation28,SHORT,v_reversal_down,19,2,10.526315789473685,2,0.0,,-0.022082978250005072,,0.0,-0.022082978250005072,-0.23245240263163236,-0.014999999999986358,-0.02271510412423794,-0.022651891536817133,-0.022715104124240697,-0.022715104124240697,-0.022715104124240697,0.0,0.0
selected_15m,validation28,SHORT,late_day_spike,57,13,22.80701754385965,2,7.6923076923076925,1.1915059221658153,-0.41797286050703875,2.8506777227603033,0.23755647689669193,-0.2941668003014346,-6.709067375295877,-1.8772344136154009,-2.0444421591633177,-1.2653034181660336,-1.4760352978254032,-1.4760352978254032,-0.41797286050703875,7.6923076923076925,0.0
selected_15m,validation28,SHORT,high_vol,95,22,23.157894736842106,2,18.181818181818183,1.45202847778056,-0.4261585769924237,3.4072492170124136,0.7571664926694253,-0.0846700215791539,-1.9607794470961954,-0.4716018593636384,-3.6063942530281445,-1.111419766226948,-1.3004253981092622,-1.4760352978254032,-0.2488105995306575,22.727272727272727,0.0
selected_15m,validation28,SHORT,low_vol,14,0,0.0,2,,,,,,,0.0,,0.0,,,,,,0.0
selected_15m,development56,BOTH_COUNTERFACTUAL,ALL,1120,112,10.0,2,18.75,1.7272600657575095,-0.28627375455366655,6.033595599605367,1.392368215293546,0.09126383675467885,0.9126383675467885,0.7232004403482125,-3.868561897261602,-0.9051148363511538,-1.2090793700041054,-1.4760352978254032,0.010764466385742731,16.964285714285715,0.0
selected_15m,development56,BOTH_COUNTERFACTUAL,strong_up_trend,254,33,12.992125984251969,2,36.36363636363637,1.4889560802837252,-0.3303092650174823,4.5077635960496565,2.575864912028375,0.33124176963750224,4.303534802376999,2.006145928515156,-1.3067923220043243,-0.9393148062413297,-1.2665481163784202,-1.306792322004321,0.1984048150716323,33.33333333333333,0.0
selected_15m,development56,BOTH_COUNTERFACTUAL,strong_down_trend,296,37,12.5,2,24.324324324324323,2.0449987130558878,-0.31047281843188584,6.586723834262279,2.117161232441447,0.2624797162543293,3.2809964531791165,1.8153575891621525,-3.131058487888172,-0.878329291194772,-1.044429267044157,-1.1248154983931207,0.14600876119619982,21.62162162162162,0.0
selected_15m,development56,BOTH_COUNTERFACTUAL,range_chop,270,18,6.666666666666667,2,0.0,,-0.3544497447591489,,0.0,-0.3544497447591489,-2.3629982983943263,-1.9780842779444374,-1.6072704653246506,-1.2044185267247731,-1.4760352978254032,-1.4760352978254032,-0.37237883615636985,0.0,0.0
selected_15m,development56,BOTH_COUNTERFACTUAL,gap_up_open,172,16,9.30232558139535,2,37.5,1.9301814097392025,-0.22586943064795634,8.545562824513485,5.127337694708091,0.5826496344972282,5.4199965999742155,5.190983712937502,-0.8684260065139116,-0.38645731662827687,-0.6078000657678345,-0.6078000657678345,0.3160246557473542,37.5,0.0
selected_15m,development56,BOTH_COUNTERFACTUAL,gap_down_open,178,21,11.797752808988765,2,9.523809523809524,1.416267660850243,-0.2933354924534439,4.828149669188165,0.5082262809671753,-0.13051614451975949,-1.539797210626376,-0.5471671202857148,-1.8052742499784613,-1.306792322004321,-1.391413809914862,-1.4760352978254032,-0.24170353023823438,9.523809523809524,0.0
selected_15m,development56,BOTH_COUNTERFACTUAL,v_reversal_up,68,4,5.882352941176471,2,0.0,,-0.503670080407957,,0.0,-0.503670080407957,-2.9627651788703355,-2.781422219250004,-1.4760352978254065,-1.3022666813616497,-1.4760352978254032,-1.4760352978254032,-0.6405891508765936,0.0,0.0
selected_15m,development56,BOTH_COUNTERFACTUAL,v_reversal_down,90,8,8.88888888888889,2,0.0,,-0.12199863976023353,,0.0,-0.12199863976023353,-1.0844323534242981,-0.735335098125006,-0.513630573322732,-0.3912461085939914,-0.5136305733227322,-0.5136305733227322,-0.13636260938658556,0.0,0.0
selected_15m,development56,BOTH_COUNTERFACTUAL,late_day_spike,260,33,12.692307692307692,2,24.242424242424242,2.6593057425378506,-0.41527059625200763,6.403790122727703,2.0492128392728652,0.33008124345462464,4.18949270538562,2.12733077736363,-2.293813338933526,-1.25849927525324,-1.391413809914862,-1.4760352978254032,0.1972080224455398,18.181818181818183,0.0
selected_15m,development56,BOTH_COUNTERFACTUAL,high_vol,340,58,17.058823529411764,2,34.48275862068966,1.798610364751068,-0.41249432462547647,4.36032754240707,2.2949092328458267,0.3499555682629871,5.96983028213331,2.1874524893448273,-3.8517890802056365,-1.1400387602470305,-1.336377176860748,-1.4760352978254032,0.27570874813171775,31.03448275862069,0.0
selected_15m,development56,BOTH_COUNTERFACTUAL,low_vol,78,4,5.128205128205129,2,0.0,,-0.12349626862522955,,0.0,-0.12349626862522955,-0.6333141980781003,-0.49759493225000995,-0.2094954978895558,-0.17846415238432733,-0.18734236161615003,-0.18734236161615003,-0.13751316689232057,0.0,0.0
selected_15m,development56,LONG,ALL,560,56,10.0,2,23.214285714285715,1.4545586743004482,-0.2818520828318736,5.160716428581799,1.5602165946875208,0.12124327150241543,1.2124327150241543,1.0418239709999964,-1.7811364482827607,-1.0121538156099137,-1.2298607960369712,-1.306792322004321,0.040138161607089565,21.428571428571427,0.0
selected_15m,development56,LONG,strong_up_trend,127,29,22.834645669291337,2,41.37931034482759,1.4889560802837252,-0.3359046010211034,4.432675455345074,3.128947380243582,0.41921016365675673,9.572515548067674,2.499325610689658,-1.3067923220043243,-0.9996760688884894,-1.2665481163784202,-1.306792322004321,0.27053822965359303,37.93103448275862,0.0
selected_15m,development56,LONG,strong_down_trend,148,6,4.054054054054054,2,16.666666666666668,1.0417898025011267,-0.2556717881197776,4.074715517744442,0.8149431035488883,-0.039428189682960184,-0.15984401222821695,1.3237111748333064,-0.9640430356951946,-0.7678050040743092,-0.9640430356951937,-0.9640430356951937,-0.2556717881197776,16.666666666666664,0.0
selected_15m,development56,LONG,range_chop,135,8,5.925925925925926,2,0.0,,-0.3574544131255431,,0.0,-0.3574544131255431,-2.118248374077292,-1.696400646750007,-1.545832401008207,-0.9314867016431041,-1.1564861553540737,-1.1564861553540737,-0.401425730571136,0.0,0.0
selected_15m,development56,LONG,gap_up_open,86,10,11.627906976744185,2,40.0,1.9927666918298863,-0.16257246009719614,12.257713825813326,8.171809217208883,0.699563200673637,8.134455821786476,6.086448469499993,-0.3126764002484239,-0.2732234214215646,-0.3126764002484243,-0.3126764002484243,0.26817863233233674,40.0,0.0
selected_15m,development56,LONG,gap_down_open,89,5,5.617977528089888,2,20.0,0.7393037518507479,-0.5648177112217676,1.3089245205352118,0.32723113013380295,-0.30399341860726453,-1.7078281944228344,-2.4037073426000006,-1.3067923220043243,-1.1465419639630334,-1.306792322004321,-1.306792322004321,-0.5648177112217676,20.0,0.0
selected_15m,development56,LONG,v_reversal_up,34,1,2.9411764705882355,2,0.0,,-0.3175778547337123,,0.0,-0.3175778547337123,-0.9340525139226833,-0.8579593380000006,-0.31757785473370825,-0.3175778547337123,-0.3175778547337123,-0.3175778547337123,,0.0,0.0
selected_15m,development56,LONG,v_reversal_down,45,4,8.88888888888889,2,0.0,,-0.17894637565068872,,0.0,-0.17894637565068872,-1.5906344502283443,-1.3309697835000236,-0.513630573322732,-0.45114241317284426,-0.5136305733227322,-0.5136305733227322,-0.22204343719878727,0.0,0.0
selected_15m,development56,LONG,late_day_spike,130,12,9.23076923076923,2,25.0,2.8426184380857893,-0.4610163544627933,6.165981771727374,2.0553272572424577,0.36489234367435236,3.3682370185324833,3.171713269499989,-1.4485478027331466,-1.2625236958158303,-1.306792322004321,-1.306792322004321,-0.018483290150282817,25.0,0.0
selected_15m,development56,LONG,high_vol,170,24,14.117647058823529,2,50.0,1.5507507233349578,-0.5009561702502923,3.0955816405258725,3.0955816405258725,0.524897276542333,7.410314492362349,3.4732721333333316,-1.3067923220043243,-1.1869647794939204,-1.2665481163784202,-1.306792322004321,0.3485004487508979,45.83333333333333,0.0
selected_15m,development56,LONG,low_vol,39,1,2.5641025641025643,2,0.0,,-0.09704283899014626,,0.0,-0.09704283899014626,-0.24882779228242632,-0.2397931890000109,-0.09704283899014676,-0.09704283899014626,-0.09704283899014626,-0.09704283899014626,,0.0,0.0
selected_15m,development56,SHORT,ALL,560,56,10.0,2,14.285714285714286,2.1703998268752325,-0.2902348354711061,7.478081751807161,1.2463469586345268,0.06128440200694225,0.6128440200694225,0.4045769096964286,-3.868561897261602,-0.775216766192819,-1.1525838837627302,-1.4760352978254032,-0.018609228835604102,12.5,0.0
selected_15m,development56,SHORT,strong_up_trend,127,4,3.1496062992125986,2,0.0,,-0.3065290870020926,,0.0,-0.3065290870020926,-0.9654459433136775,-1.569406767249987,-0.7479887365672067,-0.675123382931633,-0.7479887365672032,-0.7479887365672032,-0.37773449300210765,0.0,0.0
selected_15m,development56,SHORT,strong_down_trend,148,31,20.945945945945947,2,25.806451612903224,2.1703998268752325,-0.3223860858910398,6.732299940540192,2.3416695445357187,0.3209135045002562,6.7218369185864475,1.9105149596774131,-3.131058487888172,-0.7323504604187505,-0.9908581767313938,-1.1248154983931207,0.1830961513720318,22.58064516129032,0.0
selected_15m,development56,SHORT,range_chop,135,10,7.407407407407407,2,0.0,,-0.3520460100660336,,0.0,-0.3520460100660336,-2.60774822271136,-2.203431182899982,-1.6072704653246506,-1.146631337502253,-1.4760352978254032,-1.4760352978254032,-0.38211272520404216,0.0,0.0
selected_15m,development56,SHORT,gap_up_open,86,6,6.976744186046512,2,33.333333333333336,1.8050108455578349,-0.3208148864740966,5.626331325817624,2.813165662908812,0.3877936908698804,2.7055373781619565,3.698542452000017,-0.8684260065139116,-0.5214049774083929,-0.6078000657678345,-0.6078000657678345,-0.207103994036628,33.33333333333333,0.0
selected_15m,development56,SHORT,gap_down_open,89,16,17.97752808988764,2,6.25,2.093231569849738,-0.22094023411522432,9.474198206733499,0.6316132137822333,-0.07630449636741418,-1.371766226829918,0.03300169918749951,-1.8052742499784613,-0.6140040329478494,-1.4760352978254032,-1.4760352978254032,-0.22094023411522432,6.25,0.0
selected_15m,development56,SHORT,v_reversal_up,34,3,8.823529411764707,2,0.0,,-0.565700822299372,,0.0,-0.565700822299372,-4.9914778438179885,-3.422576513000005,-1.4760352978254065,-1.3412471980499294,-1.4760352978254032,-1.4760352978254032,-0.8020947989480344,0.0,0.0
selected_15m,development56,SHORT,v_reversal_down,45,4,8.88888888888889,2,0.0,,-0.0650509038697784,,0.0,-0.0650509038697784,-0.5782302566202524,-0.13970041274998835,-0.16396067409776283,-0.1471781207152966,-0.1639606740977587,-0.1639606740977587,-0.07958425436778138,0.0,0.0
selected_15m,development56,SHORT,late_day_spike,130,21,16.153846153846153,2,23.80952380952381,2.549318125209087,-0.38953860725844064,6.544455614171597,2.0451423794286243,0.3101891861862087,5.010748392238756,1.530540781857139,-2.293813338933526,-1.1248154983931207,-1.3004253981092622,-1.4760352978254032,0.10292694057816962,14.285714285714285,0.0
selected_15m,development56,SHORT,high_vol,170,34,20.0,2,23.529411764705884,2.1703998268752325,-0.3716657804909461,5.839654713458626,1.7968168349103464,0.22646730359521358,4.529346071904272,1.2798150935882362,-3.8517890802056365,-0.9506709802328756,-1.3004253981092622,-1.4760352978254032,0.09831679466334149,20.588235294117645,0.0
selected_15m,development56,SHORT,low_vol,39,3,7.6923076923076925,2,0.0,,-0.13231407850359064,,0.0,-0.13231407850359064,-1.0178006038737741,-0.5835288466666763,-0.2094954978895558,-0.18142355546160158,-0.18734236161615003,-0.18734236161615003,-0.15774833084340772,0.0,0.0
selected_15m,stress27,BOTH_COUNTERFACTUAL,ALL,540,55,10.185185185185185,2,14.545454545454545,1.1481282264007004,-0.24984608404637504,4.595342091443752,0.7821858879053195,-0.04650436616316405,-0.47365558129148566,-0.5060741110909057,-2.0804116975758125,-0.7745323393241883,-1.0085343999626926,-1.3155735852932124,-0.10333612692036964,18.181818181818183,0.0
selected_15m,stress27,BOTH_COUNTERFACTUAL,strong_up_trend,84,18,21.428571428571427,2,22.22222222222222,1.081340562006029,-0.35181891666221177,3.0735714050425695,0.8781632585835913,-0.03333903251371388,-0.7144078395795832,-0.6017302615555593,-1.4044241258941215,-0.8374722206965699,-1.3155735852932124,-1.3155735852932124,-0.14331324502085802,27.77777777777778,0.0
selected_15m,stress27,BOTH_COUNTERFACTUAL,strong_down_trend,86,7,8.13953488372093,2,57.142857142857146,1.214915890795372,-0.10620326835867433,11.439533919919535,15.252711893226047,0.648721965443638,5.280295067564495,1.9846628315714472,-0.13158483778561436,-0.13025473940186674,-0.13158483778561705,-0.13158483778561705,0.2531071738965876,71.42857142857143,0.0
selected_15m,stress27,BOTH_COUNTERFACTUAL,range_chop,196,13,6.63265306122449,2,0.0,,-0.19422919902680552,,0.0,-0.19422919902680552,-1.2882548915043224,-0.701314341846136,-0.8854917306978183,-0.6653160099674529,-0.885491730697813,-0.885491730697813,-0.2083381266733519,0.0,0.0
selected_15m,stress27,BOTH_COUNTERFACTUAL,gap_up_open,34,7,20.58823529411765,2,14.285714285714286,0.15143939608100718,-0.23978098660367764,0.6315738300439726,0.10526230500732876,-0.18389236050586555,-3.7860191868854667,-0.5877683874285863,-0.7250572307842318,-0.46603967024181797,-0.5139748359410861,-0.5139748359410861,-0.23978098660367764,28.57142857142857,0.0
selected_15m,stress27,BOTH_COUNTERFACTUAL,gap_down_open,44,4,9.090909090909092,2,0.0,,-0.23469374877992982,,0.0,-0.23469374877992982,-2.1335795343629984,-1.0320000000000107,-0.46225835258764114,-0.4253513058138896,-0.46225835258763726,-0.46225835258763726,-0.2779355346299426,0.0,0.0
selected_15m,stress27,BOTH_COUNTERFACTUAL,v_reversal_up,22,1,4.545454545454546,2,0.0,,-0.2865895805108232,,0.0,-0.2865895805108232,-1.302679911412833,-0.8292847789999769,-0.28658958051082095,-0.2865895805108232,-0.2865895805108232,-0.2865895805108232,,0.0,0.0
selected_15m,stress27,BOTH_COUNTERFACTUAL,v_reversal_down,20,1,5.0,2,0.0,,-0.19597206971309514,,0.0,-0.19597206971309514,-0.9798603485654758,-1.25,-0.19597206971309067,-0.19597206971309514,-0.19597206971309514,-0.19597206971309514,,0.0,0.0
selected_15m,stress27,BOTH_COUNTERFACTUAL,late_day_spike,18,1,5.555555555555555,2,0.0,,-0.5139748359410861,,0.0,-0.5139748359410861,-2.8554157552282557,-1.1137537429999895,-0.513974835941089,-0.5139748359410861,-0.5139748359410861,-0.5139748359410861,,0.0,0.0
selected_15m,stress27,BOTH_COUNTERFACTUAL,high_vol,62,13,20.967741935483872,2,30.76923076923077,1.4250981399125324,-0.47579929191180254,2.995166584183775,1.3311851485261221,0.10909222557260811,2.287417632974041,-0.48532592253846474,-1.315573585293217,-1.0575244725359727,-1.3155735852932124,-1.3155735852932124,-0.13368431519016943,46.15384615384615,0.0
selected_15m,stress27,BOTH_COUNTERFACTUAL,low_vol,192,8,4.166666666666667,2,0.0,,-0.14470178986402643,,0.0,-0.14470178986402643,-0.6029241244334435,-0.5603124999999807,-0.6028594921716146,-0.4101419217613959,-0.518532196147213,-0.518532196147213,-0.1618131788062805,0.0,0.0
selected_15m,stress27,LONG,ALL,270,38,14.074074074074074,2,10.526315789473685,1.081340562006029,-0.27448785295328615,3.9394842080318115,0.46346873035668373,-0.131769072431253,-1.8545276860694866,-0.8595846297631564,-2.0804116975758125,-0.8336809609171667,-1.1005326579955126,-1.3155735852932124,-0.1849580360133879,15.789473684210526,0.0
selected_15m,stress27,LONG,strong_up_trend,42,18,42.857142857142854,2,22.22222222222222,1.081340562006029,-0.35181891666221177,3.0735714050425695,0.8781632585835913,-0.03333903251371388,-1.4288156791591664,-0.6017302615555593,-1.4044241258941215,-0.8374722206965699,-1.3155735852932124,-1.3155735852932124,-0.14331324502085802,27.77777777777778,0.0
selected_15m,stress27,LONG,strong_down_trend,43,1,2.3255813953488373,2,0.0,,-0.05987379078395655,,0.0,-0.05987379078395655,-0.13924137391617802,-0.2300000000000182,-0.05987379078395971,-0.05987379078395655,-0.05987379078395655,-0.05987379078395655,,100.0,0.0
selected_15m,stress27,LONG,range_chop,98,7,7.142857142857143,2,0.0,,-0.1876489996460667,,0.0,-0.1876489996460667,-1.340349997471905,-0.5906552062856869,-0.8854917306978183,-0.6731668581499536,-0.885491730697813,-0.885491730697813,-0.21477015504236976,0.0,0.0
selected_15m,stress27,LONG,gap_up_open,17,7,41.1764705882353,2,14.285714285714286,0.15143939608100718,-0.23978098660367764,0.6315738300439726,0.10526230500732876,-0.18389236050586555,-7.572038373770933,-0.5877683874285863,-0.7250572307842318,-0.46603967024181797,-0.5139748359410861,-0.5139748359410861,-0.23978098660367764,28.57142857142857,0.0
selected_15m,stress27,LONG,gap_down_open,22,0,0.0,2,,,,,,,0.0,,0.0,,,,,,0.0
selected_15m,stress27,LONG,v_reversal_up,11,1,9.090909090909092,2,0.0,,-0.2865895805108232,,0.0,-0.2865895805108232,-2.605359822825666,-0.8292847789999769,-0.28658958051082095,-0.2865895805108232,-0.2865895805108232,-0.2865895805108232,,0.0,0.0
selected_15m,stress27,LONG,v_reversal_down,10,0,0.0,2,,,,,,,0.0,,0.0,,,,,,0.0
selected_15m,stress27,LONG,late_day_spike,9,1,11.11111111111111,2,0.0,,-0.5139748359410861,,0.0,-0.5139748359410861,-5.7108315104565115,-1.1137537429999895,-0.513974835941089,-0.5139748359410861,-0.5139748359410861,-0.5139748359410861,,0.0,0.0
selected_15m,stress27,LONG,high_vol,31,12,38.70967741935484,2,25.0,0.8926606149747299,-0.47579929191180254,1.8761285065976931,0.6253761688658976,-0.13368431519016952,-5.17487671703882,-1.0930516449166703,-1.315573585293217,-1.0790285652657428,-1.3155735852932124,-1.3155735852932124,-0.3127667602172518,41.66666666666667,0.0
selected_15m,stress27,LONG,low_vol,96,4,4.166666666666667,2,0.0,,-0.08959029322382189,,0.0,-0.08959029322382189,-0.37329288843259123,-0.4262499999999676,-0.2088456979020159,-0.19105748490289984,-0.2088456979020214,-0.2088456979020214,-0.11114636854234648,0.0,0.0
selected_15m,stress27,SHORT,ALL,270,17,6.296296296296297,2,23.529411764705884,1.214915890795372,-0.18539838075137666,6.553001627477002,2.0163081930698468,0.14408733020079953,0.9072165234865155,0.2841258718235371,-0.7193038565024734,-0.4735131212995524,-0.518532196147213,-0.518532196147213,-0.035807881332021736,23.52941176470588,0.0
selected_15m,stress27,SHORT,strong_up_trend,42,0,0.0,2,,,,,,,0.0,,0.0,,,,,,0.0
selected_15m,stress27,SHORT,strong_down_trend,43,6,13.953488372093023,2,66.66666666666667,1.214915890795372,-0.12936800714603322,9.391161830482172,18.782323660964344,0.7668212581482369,10.699831509045167,2.353773303500025,-0.13158483778561436,-0.13047642246582514,-0.13158483778561705,-0.13158483778561705,0.31570336683269645,66.66666666666666,0.0
selected_15m,stress27,SHORT,range_chop,98,6,6.122448979591836,2,0.0,,-0.2019060983043342,,0.0,-0.2019060983043342,-1.2361597855367399,-0.8304166666666598,-0.6028594921716146,-0.4429519906344063,-0.518532196147213,-0.518532196147213,-0.22533395008955356,0.0,0.0
selected_15m,stress27,SHORT,gap_up_open,17,0,0.0,2,,,,,,,0.0,,0.0,,,,,,0.0
selected_15m,stress27,SHORT,gap_down_open,22,4,18.181818181818183,2,0.0,,-0.23469374877992982,,0.0,-0.23469374877992982,-4.267159068725997,-1.0320000000000107,-0.46225835258764114,-0.4253513058138896,-0.46225835258763726,-0.46225835258763726,-0.2779355346299426,0.0,0.0
selected_15m,stress27,SHORT,v_reversal_up,11,0,0.0,2,,,,,,,0.0,,0.0,,,,,,0.0
selected_15m,stress27,SHORT,v_reversal_down,10,1,10.0,2,0.0,,-0.19597206971309514,,0.0,-0.19597206971309514,-1.9597206971309515,-1.25,-0.19597206971309067,-0.19597206971309514,-0.19597206971309514,-0.19597206971309514,,0.0,0.0
selected_15m,stress27,SHORT,late_day_spike,9,0,0.0,2,,,,,,,0.0,,0.0,,,,,,0.0
selected_15m,stress27,SHORT,high_vol,31,1,3.225806451612903,2,100.0,3.0224107147259396,,,,3.0224107147259396,9.749711982986902,6.807382746000002,0.0,3.0224107147259396,3.0224107147259396,3.0224107147259396,,100.0,0.0
selected_15m,stress27,SHORT,low_vol,96,4,4.166666666666667,2,0.0,,-0.19981328650423097,,0.0,-0.19981328650423097,-0.8325553604342956,-0.6943749999999937,-0.6028594921716146,-0.4564976254096148,-0.518532196147213,-0.518532196147213,-0.23816210221289544,0.0,0.0
selected_15m,all83,BOTH_COUNTERFACTUAL,ALL,1660,167,10.060240963855422,2,17.365269461077844,1.5674995583487343,-0.2738672290910383,5.723574753909932,1.2027802019086087,0.04589107531467071,0.46167527575602463,0.31834954017365263,-3.868561897261602,-0.8471919637178825,-1.1458269323428139,-1.4760352978254032,-0.008325144463892839,17.365269461077844,0.0
selected_15m,all83,BOTH_COUNTERFACTUAL,strong_up_trend,338,51,15.088757396449704,2,31.372549019607842,1.3870522007143011,-0.33891312567537407,4.09264822054393,1.8709249008200823,0.20256619240766127,3.056472133961752,1.0857190379019623,-1.4382680565417028,-0.9897026512013116,-1.2828899393500177,-1.3155735852932124,0.1149770299409077,31.372549019607842,0.0
selected_15m,all83,BOTH_COUNTERFACTUAL,strong_down_trend,382,44,11.518324607329843,2,29.545454545454547,1.789588613898806,-0.2907047974570589,6.156033988958001,2.5815626405307746,0.3239273468071739,3.731100329716139,1.8422925140909039,-3.131058487888172,-0.8195357366743918,-0.9819197963859936,-1.1248154983931207,0.22784579444578276,29.545454545454547,0.0
selected_15m,all83,BOTH_COUNTERFACTUAL,range_chop,466,31,6.652360515021459,2,0.0,,-0.28726048364558554,,0.0,-0.28726048364558554,-1.910960298929861,-1.4426646273225692,-2.4176359136246495,-1.0209889430259431,-1.3162607265897384,-1.4760352978254032,-0.2960050975248302,0.0,0.0
selected_15m,all83,BOTH_COUNTERFACTUAL,gap_up_open,206,23,11.16504854368932,2,30.434782608695652,1.676075407788032,-0.23108626413135183,7.253029140820474,3.1732002491089575,0.34935424471367793,3.900557101172132,3.4322330736956492,-0.8684260065139116,-0.49799644737466336,-0.5608874508544603,-0.6078000657678345,0.15696015057587526,34.78260869565217,0.0
selected_15m,all83,BOTH_COUNTERFACTUAL,gap_down_open,222,25,11.26126126126126,2,8.0,1.416267660850243,-0.28313692833631104,5.002059142098183,0.4349616645302768,-0.14718456120138673,-1.6574837973129137,-0.6247403810400022,-1.8052742499784613,-1.1465419639630332,-1.391413809914862,-1.4760352978254032,-0.24053523332851692,8.0,0.0
selected_15m,all83,BOTH_COUNTERFACTUAL,v_reversal_up,90,5,5.555555555555555,2,0.0,,-0.4602539804285303,,0.0,-0.4602539804285303,-2.5569665579362795,-2.3909947311999984,-1.4760352978254065,-1.244343809207065,-1.4760352978254032,-1.4760352978254032,-0.5520892582851511,0.0,0.0
selected_15m,all83,BOTH_COUNTERFACTUAL,v_reversal_down,110,9,8.181818181818182,2,0.0,,-0.13021790975499592,,0.0,-0.13021790975499592,-1.065419261631785,-0.7925200872222276,-0.513630573322732,-0.38656717187887735,-0.5136305733227322,-0.5136305733227322,-0.1438137919273993,0.0,0.0
selected_15m,all83,BOTH_COUNTERFACTUAL,late_day_spike,278,34,12.23021582733813,2,23.529411764705884,2.6593057425378506,-0.41906691316312605,6.345778344716727,1.9525471829897625,0.30525606464886845,3.733347553259542,2.0320047620588175,-2.293813338933526,-1.2544748546906501,-1.391413809914862,-1.4760352978254032,0.17565702673685418,17.647058823529413,0.0
selected_15m,all83,BOTH_COUNTERFACTUAL,high_vol,402,71,17.66169154228856,2,33.80281690140845,1.7363583272779783,-0.42461655240370905,4.089238437476445,2.088121755307121,0.30585382946052336,5.401895992959493,1.698070526605633,-3.8517890802056365,-1.17555970457282,-1.3311762789688641,-1.4760352978254032,0.24476567965645452,33.80281690140845,0.0
selected_15m,all83,BOTH_COUNTERFACTUAL,low_vol,270,12,4.444444444444445,2,0.0,,-0.13763328278442746,,0.0,-0.13763328278442746,-0.6117034790418998,-0.5394066440833237,-0.7890724425779094,-0.3482046221123576,-0.518532196147213,-0.518532196147213,-0.14787975692226193,0.0,0.0
selected_15m,all83,LONG,ALL,830,94,11.325301204819278,2,18.085106382978722,1.366742647878232,-0.2786003449634064,4.905746430636154,1.0830868742962938,0.018961685656889906,0.21474680141537963,0.2731694302659559,-2.483198078574922,-0.9129846874468961,-1.1938398018198642,-1.3155735852932124,-0.0301035039139536,19.148936170212767,0.0
selected_15m,all83,LONG,strong_up_trend,169,47,27.810650887573964,2,34.04255319148936,1.3870522007143011,-0.3430917113106362,4.042803002776305,2.0866080014329316,0.245893450229768,6.8384568998811215,1.3116871915319155,-1.4382680565417028,-1.0843431550217946,-1.2828899393500177,-1.3155735852932124,0.15162973576203817,34.04255319148936,0.0
selected_15m,all83,LONG,strong_down_trend,191,7,3.6649214659685865,2,14.285714285714286,1.0417898025011267,-0.2230387885638074,4.670890696678481,0.7784817827797468,-0.042348989840245384,-0.15520572192760088,1.1017524355714028,-0.9640430356951946,-0.7285573977501323,-0.9640430356951937,-0.9640430356951937,-0.2230387885638074,28.57142857142857,0.0
selected_15m,all83,LONG,range_chop,233,15,6.437768240343348,2,0.0,,-0.27821188683512077,,0.0,-0.27821188683512077,-1.7910636491531375,-1.1803861078666575,-2.4176359136246495,-0.9667900580946911,-1.1564861553540737,-1.1564861553540737,-0.29630401680418306,0.0,0.0
selected_15m,all83,LONG,gap_up_open,103,17,16.50485436893204,2,29.41176470588235,1.6245012326801107,-0.20117672335043693,8.074995981768398,3.3645816590701654,0.33578738136443004,5.542121828344961,3.3382415284117544,-0.7250572307842318,-0.3861477274097046,-0.5139748359410861,-0.5139748359410861,0.07039757296562327,35.294117647058826,0.0
selected_15m,all83,LONG,gap_down_open,111,5,4.504504504504505,2,20.0,0.7393037518507479,-0.5648177112217676,1.3089245205352118,0.32723113013380295,-0.30399341860726453,-1.3693397234561464,-2.4037073426000006,-1.3067923220043243,-1.1465419639630334,-1.306792322004321,-1.306792322004321,-0.5648177112217676,20.0,0.0
selected_15m,all83,LONG,v_reversal_up,45,2,4.444444444444445,2,0.0,,-0.3020837176222678,,0.0,-0.3020837176222678,-1.3425943005434127,-0.8436220584999887,-0.31757785473370825,-0.3160284410225679,-0.3175778547337123,-0.3175778547337123,-0.3175778547337123,0.0,0.0
selected_15m,all83,LONG,v_reversal_down,55,4,7.2727272727272725,2,0.0,,-0.17894637565068872,,0.0,-0.17894637565068872,-1.3014281865504636,-1.3309697835000236,-0.513630573322732,-0.45114241317284426,-0.5136305733227322,-0.5136305733227322,-0.22204343719878727,0.0,0.0
selected_15m,all83,LONG,late_day_spike,139,13,9.352517985611511,2,23.076923076923077,2.8426184380857893,-0.4663122026106226,6.095955503998288,1.8287866511994861,0.2972871760116263,2.78038366054039,2.8420619608461446,-1.4485478027331466,-1.25849927525324,-1.306792322004321,-1.306792322004321,-0.05977425229951637,23.076923076923077,0.0
selected_15m,all83,LONG,high_vol,201,36,17.91044776119403,2,41.666666666666664,1.419132701662912,-0.4901746509623681,2.8951572646131436,2.067969474723674,0.30537007929816545,5.469314853101472,1.9511642072499977,-1.4382680565417028,-1.24642601356547,-1.3111829536487667,-1.3155735852932124,0.18317995825681765,44.44444444444444,0.0
selected_15m,all83,LONG,low_vol,135,5,3.7037037037037037,2,0.0,,-0.09108080237708678,,0.0,-0.09108080237708678,-0.3373363051003214,-0.38895863779997625,-0.2088456979020159,-0.18648512611964638,-0.2088456979020214,-0.2088456979020214,-0.10762048615429642,0.0,0.0
selected_15m,all83,SHORT,ALL,830,73,8.795180722891565,2,16.438356164383563,1.8519051815152792,-0.26789264020296705,6.912863228016252,1.3599075202654922,0.08056727569592273,0.7086037500966698,0.37652666800000184,-3.868561897261602,-0.7456113928912562,-1.0514350969638484,-1.4760352978254032,0.01980523649243563,15.068493150684931,0.0
selected_15m,all83,SHORT,strong_up_trend,169,4,2.366863905325444,2,0.0,,-0.3065290870020926,,0.0,-0.3065290870020926,-0.7255126319576156,-1.569406767249987,-0.7479887365672067,-0.675123382931633,-0.7479887365672032,-0.7479887365672032,-0.37773449300210765,0.0,0.0
selected_15m,all83,SHORT,strong_down_trend,191,37,19.3717277486911,2,32.432432432432435,1.8519051815152792,-0.30694463959143925,6.0333524116279404,2.8960091575814118,0.3932228699566856,7.61740638135988,1.982394691108107,-3.131058487888172,-0.6576202236282009,-0.9908581767313938,-1.1248154983931207,0.28038366916806595,29.72972972972973,0.0
selected_15m,all83,SHORT,range_chop,233,16,6.866952789699571,2,0.0,,-0.2957435431553963,,0.0,-0.2957435431553963,-2.0308569487065844,-1.6885507393124861,-1.6072704653246506,-0.9270286972868195,-1.4760352978254032,-1.4760352978254032,-0.310030074444159,0.0,0.0
selected_15m,all83,SHORT,gap_up_open,103,6,5.825242718446602,2,33.333333333333336,1.8050108455578349,-0.3208148864740966,5.626331325817624,2.813165662908812,0.3877936908698804,2.2589923739993036,3.698542452000017,-0.8684260065139116,-0.5214049774083929,-0.6078000657678345,-0.6078000657678345,-0.207103994036628,33.33333333333333,0.0
selected_15m,all83,SHORT,gap_down_open,111,20,18.01801801801802,2,5.0,2.093231569849738,-0.22383571088674123,9.351642602323153,0.49219171591174493,-0.10798234684991732,-1.9456278711696815,-0.17999864065000254,-1.8052742499784613,-0.5129471998495254,-1.4760352978254032,-1.4760352978254032,-0.22383571088674128,5.0,0.0
selected_15m,all83,SHORT,v_reversal_up,45,3,6.666666666666667,2,0.0,,-0.565700822299372,,0.0,-0.565700822299372,-3.771338815329147,-3.422576513000005,-1.4760352978254065,-1.3412471980499294,-1.4760352978254032,-1.4760352978254032,-0.8020947989480344,0.0,0.0
selected_15m,all83,SHORT,v_reversal_down,55,5,9.090909090909092,2,0.0,,-0.09123513703844174,,0.0,-0.09123513703844174,-0.8294103367131067,-0.36176033019999065,-0.21738088440949044,-0.18956979059002785,-0.19597206971309514,-0.19597206971309514,-0.10868120820410983,0.0,0.0
selected_15m,all83,SHORT,late_day_spike,139,21,15.107913669064748,2,23.80952380952381,2.549318125209087,-0.38953860725844064,6.544455614171597,2.0451423794286243,0.3101891861862087,4.686311445978693,1.530540781857139,-2.293813338933526,-1.1248154983931207,-1.3004253981092622,-1.4760352978254032,0.10292694057816962,14.285714285714285,0.0
selected_15m,all83,SHORT,high_vol,201,35,17.412935323383085,2,25.714285714285715,2.265067703303089,-0.3716657804909461,6.0943670959190355,2.10958861012582,0.3063514010560915,5.334477132817513,1.4377455979428582,-3.8517890802056365,-0.9372752480667028,-1.3004253981092622,-1.4760352978254032,0.1843195570181238,22.857142857142858,0.0
selected_15m,all83,SHORT,low_vol,135,7,5.185185185185185,2,0.0,,-0.17088505450395655,,0.0,-0.17088505450395655,-0.8860706529834783,-0.6468695057142863,-0.7890724425779094,-0.4191752457878941,-0.518532196147213,-0.518532196147213,-0.1857916346172899,0.0,0.0
previous_payoff_4_45,fit28,BOTH_COUNTERFACTUAL,ALL,560,27,4.821428571428571,2,44.44444444444444,0.7462691921789791,-0.1354620556110066,5.5090644299830265,4.407251543986421,0.25641849896232033,1.236303477139759,1.2866062098148083,-0.8395755667873761,-0.25222691516787543,-0.4205596843558078,-0.5705271997760598,0.18189223116329853,33.33333333333333,0.0
previous_payoff_4_45,fit28,BOTH_COUNTERFACTUAL,strong_up_trend,102,5,4.901960784313726,2,80.0,0.5534375140913588,-0.04432033338889551,12.487214598210196,49.94885839284078,0.4338859445953079,2.1268918852711174,1.8811366963999887,-0.044320333388891964,0.0012595746080642752,-0.04432033338889551,-0.04432033338889551,0.21447783663449535,60.0,0.0
previous_payoff_4_45,fit28,BOTH_COUNTERFACTUAL,strong_down_trend,148,10,6.756756756756757,2,50.0,1.2865715410212812,-0.094266574347576,13.648226319092549,13.64822631909255,0.5961524833368527,4.028057319843598,3.0303424593999777,-0.18432204750487013,-0.13169601968217085,-0.14860664229491896,-0.14860664229491896,0.41860259684796,40.0,0.0
previous_payoff_4_45,fit28,BOTH_COUNTERFACTUAL,range_chop,140,3,2.142857142857143,2,0.0,,-0.2894239614343342,,0.0,-0.2894239614343342,-0.6201942030735732,-1.4373787069999935,-0.5705271997760608,-0.5290951210989664,-0.5705271997760598,-0.5705271997760598,-0.3633668063905926,0.0,0.0
previous_payoff_4_45,fit28,BOTH_COUNTERFACTUAL,gap_up_open,82,6,7.317073170731708,2,33.333333333333336,0.09659126108497713,-0.04709908638066882,2.0508096548688406,1.0254048274344203,0.0007976961078798303,0.0058368007893646115,-0.06077199000003001,-0.09717883588696852,-0.060020357732300265,-0.06239983032634475,-0.06239983032634475,-0.03575860598972488,50.0,0.0
previous_payoff_4_45,fit28,BOTH_COUNTERFACTUAL,gap_down_open,72,3,4.166666666666667,2,66.66666666666667,1.6042787000680954,-0.14860664229491896,10.795471018612387,21.590942037224774,1.0199835859470907,4.2499316081128775,5.441666666666644,-0.14860664229492393,-0.03230038422549677,-0.14860664229491896,-0.14860664229491896,0.4329246480521921,66.66666666666666,0.0
previous_payoff_4_45,fit28,BOTH_COUNTERFACTUAL,v_reversal_up,32,0,0.0,2,,,,,,,0.0,,0.0,,,,,,0.0
previous_payoff_4_45,fit28,BOTH_COUNTERFACTUAL,v_reversal_down,52,2,3.8461538461538463,2,0.0,,-0.10448026644311907,,0.0,-0.10448026644311907,-0.40184717862738106,-0.5374281180000082,-0.14153827152181275,-0.13783247101394747,-0.14153827152181728,-0.14153827152181728,-0.14153827152181728,0.0,0.0
previous_payoff_4_45,fit28,BOTH_COUNTERFACTUAL,late_day_spike,146,8,5.47945205479452,2,37.5,1.5625476256117568,-0.18475284396151634,8.457502423817802,5.074501454290681,0.47048483212846093,2.5779990801559505,2.338486710499989,-0.5705271997760608,-0.4203810748870749,-0.5705271997760598,-0.5705271997760598,0.22425388504154292,25.0,0.0
previous_payoff_4_45,fit28,BOTH_COUNTERFACTUAL,high_vol,150,5,3.3333333333333335,2,60.0,1.5625476256117568,-0.07039914774917119,22.195547468543786,33.293321202815676,0.9093689162673856,3.031229720891285,4.421526511799982,-0.07337603413392069,-0.07218527958002141,-0.07337603413392155,-0.07337603413392155,0.58818577990001,40.0,0.0
previous_payoff_4_45,fit28,BOTH_COUNTERFACTUAL,low_vol,50,1,2.0,2,0.0,,-0.15620641300512536,,0.0,-0.15620641300512536,-0.3124128260102507,-1.0172798849999936,-0.15620641300512217,-0.15620641300512536,-0.15620641300512536,-0.15620641300512536,,0.0,0.0
previous_payoff_4_45,fit28,LONG,ALL,280,16,5.714285714285714,2,37.5,0.39144958578336125,-0.14718138107865153,2.6596406618455117,1.5957843971073074,0.054805231494603306,0.31317275139773315,0.24263893474999598,-0.8395755667873761,-0.34557592664568176,-0.5705271997760598,-0.5705271997760598,-0.028975644834993722,31.25,0.0
previous_payoff_4_45,fit28,LONG,strong_up_trend,51,5,9.803921568627452,2,80.0,0.5534375140913588,-0.04432033338889551,12.487214598210196,49.94885839284078,0.4338859445953079,4.253783770542235,1.8811366963999887,-0.044320333388891964,0.0012595746080642752,-0.04432033338889551,-0.04432033338889551,0.21447783663449535,60.0,0.0
previous_payoff_4_45,fit28,LONG,strong_down_trend,74,1,1.3513513513513513,2,0.0,,-0.06742226136442084,,0.0,-0.06742226136442084,-0.0911111640059741,-0.1400000000000432,-0.06742226136442486,-0.06742226136442084,-0.06742226136442084,-0.06742226136442084,,0.0,0.0
previous_payoff_4_45,fit28,LONG,range_chop,70,2,2.857142857142857,2,0.0,,-0.35603273564893856,,0.0,-0.35603273564893856,-1.0172363875683959,-1.6474281179999934,-0.5705271997760608,-0.5490777533633477,-0.5705271997760598,-0.5705271997760598,-0.5705271997760598,0.0,0.0
previous_payoff_4_45,fit28,LONG,gap_up_open,41,6,14.634146341463415,2,33.333333333333336,0.09659126108497713,-0.04709908638066882,2.0508096548688406,1.0254048274344203,0.0007976961078798303,0.011673601578729223,-0.06077199000003001,-0.09717883588696852,-0.060020357732300265,-0.06239983032634475,-0.06239983032634475,-0.03575860598972488,50.0,0.0
previous_payoff_4_45,fit28,LONG,gap_down_open,36,0,0.0,2,,,,,,,0.0,,0.0,,,,,,0.0
previous_payoff_4_45,fit28,LONG,v_reversal_up,16,0,0.0,2,,,,,,,0.0,,0.0,,,,,,0.0
previous_payoff_4_45,fit28,LONG,v_reversal_down,26,2,7.6923076923076925,2,0.0,,-0.10448026644311907,,0.0,-0.10448026644311907,-0.8036943572547621,-0.5374281180000082,-0.14153827152181275,-0.13783247101394747,-0.14153827152181728,-0.14153827152181728,-0.14153827152181728,0.0,0.0
previous_payoff_4_45,fit28,LONG,late_day_spike,73,3,4.109589041095891,2,0.0,,-0.25982924422076603,,0.0,-0.25982924422076603,-1.0677914146058876,-1.1449520786666767,-0.5705271997760608,-0.5276283069506356,-0.5705271997760598,-0.5705271997760598,-0.35603273564893856,0.0,0.0
previous_payoff_4_45,fit28,LONG,high_vol,75,1,1.3333333333333333,2,0.0,,-0.06742226136442084,,0.0,-0.06742226136442084,-0.08989634848589445,-0.1400000000000432,-0.06742226136442486,-0.06742226136442084,-0.06742226136442084,-0.06742226136442084,,0.0,0.0
previous_payoff_4_45,fit28,LONG,low_vol,25,0,0.0,2,,,,,,,0.0,,0.0,,,,,,0.0
previous_payoff_4_45,fit28,SHORT,ALL,280,11,3.9285714285714284,2,54.54545454545455,1.101088798574597,-0.1120234046757169,9.829095997947988,11.794915197537588,0.5496741607335451,2.159434202881785,2.8051040644545355,-0.3402405376512041,-0.15240652765002216,-0.15620641300512536,-0.15620641300512536,0.3852314306332109,36.36363636363637,0.0
previous_payoff_4_45,fit28,SHORT,strong_up_trend,51,0,0.0,2,,,,,,,0.0,,0.0,,,,,,0.0
previous_payoff_4_45,fit28,SHORT,strong_down_trend,74,9,12.162162162162161,2,55.55555555555556,1.2865715410212812,-0.1009776525933648,12.741151214935467,15.926439018669333,0.6698830105258831,8.147225803693171,3.382602732666647,-0.18432204750487013,-0.13357497775025398,-0.14860664229491896,-0.14860664229491896,0.47935570412450756,44.44444444444444,0.0
previous_payoff_4_45,fit28,SHORT,range_chop,70,1,1.4285714285714286,2,0.0,,-0.15620641300512536,,0.0,-0.15620641300512536,-0.2231520185787505,-1.0172798849999936,-0.15620641300512217,-0.15620641300512536,-0.15620641300512536,-0.15620641300512536,,0.0,0.0
previous_payoff_4_45,fit28,SHORT,gap_up_open,41,0,0.0,2,,,,,,,0.0,,0.0,,,,,,0.0
previous_payoff_4_45,fit28,SHORT,gap_down_open,36,3,8.333333333333334,2,66.66666666666667,1.6042787000680954,-0.14860664229491896,10.795471018612387,21.590942037224774,1.0199835859470907,8.499863216225755,5.441666666666644,-0.14860664229492393,-0.03230038422549677,-0.14860664229491896,-0.14860664229491896,0.4329246480521921,66.66666666666666,0.0
previous_payoff_4_45,fit28,SHORT,v_reversal_up,16,0,0.0,2,,,,,,,0.0,,0.0,,,,,,0.0
previous_payoff_4_45,fit28,SHORT,v_reversal_down,26,0,0.0,2,,,,,,,0.0,,0.0,,,,,,0.0
previous_payoff_4_45,fit28,SHORT,late_day_spike,73,5,6.8493150684931505,2,60.0,1.5625476256117568,-0.07213824357264186,21.660461195430976,32.49069179314646,0.9086732779379973,6.22378957491779,4.4285499839999884,-0.07337603413392069,-0.07288091790940966,-0.07337603413392155,-0.07337603413392155,0.5873162319882745,40.0,0.0
previous_payoff_4_45,fit28,SHORT,high_vol,75,4,5.333333333333333,2,75.0,1.5625476256117568,-0.07337603413392155,21.29506785226207,63.885203556786195,1.1535667106753371,6.152355790268465,5.561908139749988,-0.07337603413392069,-0.014313041301902012,-0.07337603413392155,-0.07337603413392155,0.8067217936548201,50.0,0.0
previous_payoff_4_45,fit28,SHORT,low_vol,25,1,4.0,2,0.0,,-0.15620641300512536,,0.0,-0.15620641300512536,-0.6248256520205014,-1.0172798849999936,-0.15620641300512217,-0.15620641300512536,-0.15620641300512536,-0.15620641300512536,,0.0,0.0
previous_payoff_4_45,validation28,BOTH_COUNTERFACTUAL,ALL,560,41,7.321428571428571,2,31.70731707317073,1.1258755281322836,-0.21043268248474747,5.350288343227716,2.4840624450700113,0.21327479893040882,1.5614762064547787,1.8301154157804804,-2.0216243648347176,-0.6522762289701792,-0.701634791185728,-0.7388832217600383,0.1347376631485668,21.951219512195124,0.0
previous_payoff_4_45,validation28,BOTH_COUNTERFACTUAL,strong_up_trend,152,10,6.578947368421052,2,60.0,1.2822855758212943,-0.3119268946483257,4.110852888356984,6.166279332535476,0.6446005876334463,4.240793339693726,4.648332043299996,-0.6522762289701833,-0.5276609772352006,-0.6522762289701792,-0.6522762289701792,0.42445816788631513,60.0,0.0
previous_payoff_4_45,validation28,BOTH_COUNTERFACTUAL,strong_down_trend,148,9,6.081081081081081,2,44.44444444444444,1.405799091354664,-0.13258636988762046,10.602892986256524,8.48231438900522,0.5511405017756171,3.351530078365239,4.579514772333334,-0.33936514058886535,-0.27050370670511187,-0.339365140588868,-0.339365140588868,0.2006880357220582,22.22222222222222,0.0
previous_payoff_4_45,validation28,BOTH_COUNTERFACTUAL,range_chop,130,10,7.6923076923076925,2,20.0,0.16783005063261477,-0.3652878506561342,0.45944602409074514,0.11486150602268629,-0.25866427039838447,-1.9897251569106498,-1.0282013841999968,-1.3783387116352297,-0.7275709872401561,-0.7388832217600383,-0.7388832217600383,-0.31024117880003793,10.0,0.0
previous_payoff_4_45,validation28,BOTH_COUNTERFACTUAL,gap_up_open,90,5,5.555555555555555,2,80.0,1.5071400805824087,-0.02918247700849797,51.64537883962104,206.58151535848415,1.1998755690642273,6.665975383690152,9.120879999999989,-0.029182477008493635,0.14727032888591055,-0.02918247700849797,-0.02918247700849797,0.8433738699908775,80.0,0.0
previous_payoff_4_45,validation28,BOTH_COUNTERFACTUAL,gap_down_open,106,8,7.547169811320755,2,37.5,1.001429739944173,-0.26747474887941897,3.744016002032514,2.2464096012195087,0.20836443442942806,1.5725617692787022,0.3258957031249743,-0.6522762289701833,-0.5182389957607022,-0.6522762289701792,-0.6522762289701792,0.061316612865558916,12.5,0.0
previous_payoff_4_45,validation28,BOTH_COUNTERFACTUAL,v_reversal_up,36,4,11.11111111111111,2,0.0,,-0.5054392833825593,,0.0,-0.5054392833825593,-5.615992037583991,-2.4293866717499952,-1.3863398911148295,-0.7258921728415594,-0.7388832217600383,-0.7388832217600383,-0.6155431634862387,0.0,0.0
previous_payoff_4_45,validation28,BOTH_COUNTERFACTUAL,v_reversal_down,38,2,5.2631578947368425,2,50.0,0.20552790521649694,-0.0008804551600086658,233.43369946798208,233.43369946798208,0.10232372502824415,0.538545921201285,0.7499776455000244,-0.000880455160012783,0.009439962858816615,-0.0008804551600086658,-0.0008804551600086658,-0.0008804551600086658,0.0,0.0
previous_payoff_4_45,validation28,BOTH_COUNTERFACTUAL,late_day_spike,114,7,6.140350877192983,2,42.857142857142854,1.7071167548866986,-0.08222140562430638,20.76243700681807,15.571827755113555,0.6846378060232672,4.203916352774447,5.246078461999986,-0.16721155587947623,-0.1394807153480777,-0.1672115558794777,-0.1672115558794777,0.23961740199313028,0.0,0.0
previous_payoff_4_45,validation28,BOTH_COUNTERFACTUAL,high_vol,190,6,3.1578947368421053,2,66.66666666666667,1.401162700169772,-0.21246714971366304,6.594726300315535,13.18945260063107,0.8632860835419602,2.7261665796061907,7.2690929499999966,-0.37535344733689024,-0.29391029852527817,-0.3753534473368933,-0.3753534473368933,0.3649912542095347,33.33333333333333,0.0
previous_payoff_4_45,validation28,BOTH_COUNTERFACTUAL,low_vol,28,1,3.5714285714285716,2,0.0,,-0.024232684791959693,,0.0,-0.024232684791959693,-0.08654530282842747,-0.029999999999972715,-0.02423268479195828,-0.024232684791959693,-0.024232684791959693,-0.024232684791959693,,0.0,0.0
previous_payoff_4_45,validation28,LONG,ALL,280,22,7.857142857142857,2,36.36363636363637,1.1103816630315375,-0.15940408841214873,6.965829258786512,3.980473862163721,0.3023361848401009,2.375498595172221,2.193391888272721,-0.7137449228269532,-0.4514642101089187,-0.584607481277733,-0.7137449228269669,0.19169112862498056,31.818181818181817,0.0
previous_payoff_4_45,validation28,LONG,strong_up_trend,76,9,11.842105263157896,2,66.66666666666667,1.2822855758212943,-0.19847711654104122,6.460621749087848,12.921243498175697,0.7886980117005158,9.339844875400845,5.571535603666657,-0.37535344733689024,-0.27140476134730324,-0.3753534473368933,-0.3753534473368933,0.5590499674933769,66.66666666666666,0.0
previous_payoff_4_45,validation28,LONG,strong_down_trend,74,0,0.0,2,,,,,,,0.0,,0.0,,,,,,0.0
previous_payoff_4_45,validation28,LONG,range_chop,65,6,9.23076923076923,2,16.666666666666668,0.20552790521649694,-0.2982837194900221,0.6890349415244303,0.13780698830488605,-0.21431511537226888,-1.9782933726670977,-0.6111652326666501,-0.7137449228269643,-0.6491762020523499,-0.7137449228269669,-0.7137449228269669,-0.298283719490022,16.666666666666664,0.0
previous_payoff_4_45,validation28,LONG,gap_up_open,45,5,11.11111111111111,2,80.0,1.5071400805824087,-0.02918247700849797,51.64537883962104,206.58151535848415,1.1998755690642273,13.331950767380304,9.120879999999989,-0.029182477008493635,0.14727032888591055,-0.02918247700849797,-0.02918247700849797,0.8433738699908775,80.0,0.0
previous_payoff_4_45,validation28,LONG,gap_down_open,53,2,3.7735849056603774,2,50.0,0.9838119441080386,-0.11548173236291821,8.51919973815656,8.51919973815656,0.4341651058725603,1.6383588900851331,0.7213962524999573,-0.11548173236292092,-0.060517048539370365,-0.11548173236291821,-0.11548173236291821,-0.11548173236291821,0.0,0.0
previous_payoff_4_45,validation28,LONG,v_reversal_up,18,2,11.11111111111111,2,0.0,,-0.3152988414000097,,0.0,-0.3152988414000097,-3.5033204600001078,-1.0409733435000135,-0.45547003972850053,-0.44145291989565,-0.455470039728499,-0.455470039728499,-0.455470039728499,0.0,0.0
previous_payoff_4_45,validation28,LONG,v_reversal_down,19,2,10.526315789473685,2,50.0,0.20552790521649694,-0.0008804551600086658,233.43369946798208,233.43369946798208,0.10232372502824415,1.07709184240257,0.7499776455000244,-0.000880455160012783,0.009439962858816615,-0.0008804551600086658,-0.0008804551600086658,-0.0008804551600086658,0.0,0.0
previous_payoff_4_45,validation28,LONG,late_day_spike,57,1,1.7543859649122806,2,100.0,0.9838119441080386,,,,0.9838119441080386,1.7259858668562083,1.972792505000001,0.0,0.9838119441080386,0.9838119441080386,0.9838119441080386,,0.0,0.0
previous_payoff_4_45,validation28,LONG,high_vol,95,2,2.1052631578947367,2,50.0,1.2191536206369433,-0.3753534473368933,3.248014982376621,3.248014982376621,0.42190008665002504,0.8882107087368949,3.1349500000000035,-0.37535344733689024,-0.29562809393820144,-0.3753534473368933,-0.3753534473368933,-0.3753534473368933,50.0,0.0
previous_payoff_4_45,validation28,LONG,low_vol,14,1,7.142857142857143,2,0.0,,-0.024232684791959693,,0.0,-0.024232684791959693,-0.17309060565685494,-0.029999999999972715,-0.02423268479195828,-0.024232684791959693,-0.024232684791959693,-0.024232684791959693,,0.0,0.0
previous_payoff_4_45,validation28,SHORT,ALL,280,19,6.785714285714286,2,26.31578947368421,1.1506657122934776,-0.2614612765573462,4.400902984351117,1.5717510658396847,0.11015108892971277,0.7474538177373367,1.4094795002631495,-2.0216243648347176,-0.6609369282491652,-0.7388832217600383,-0.7388832217600383,-0.07010497447441921,10.526315789473683,0.0
previous_payoff_4_45,validation28,SHORT,strong_up_trend,76,1,1.3157894736842106,2,0.0,,-0.6522762289701792,,0.0,-0.6522762289701792,-0.8582581960133937,-3.6604999999999563,-0.6522762289701833,-0.6522762289701792,-0.6522762289701792,-0.6522762289701792,,0.0,0.0
previous_payoff_4_45,validation28,SHORT,strong_down_trend,74,9,12.162162162162161,2,44.44444444444444,1.405799091354664,-0.13258636988762046,10.602892986256524,8.48231438900522,0.5511405017756171,6.703060156730478,4.579514772333334,-0.33936514058886535,-0.27050370670511187,-0.339365140588868,-0.339365140588868,0.2006880357220582,22.22222222222222,0.0
previous_payoff_4_45,validation28,SHORT,range_chop,65,4,6.153846153846154,2,25.0,0.13013219604873258,-0.47696140259965464,0.2728359052524029,0.09094530175080098,-0.32518800293755784,-2.001156941154202,-1.6537556115000172,-1.3783387116352297,-0.7246830620024968,-0.7388832217600383,-0.7388832217600383,-0.47696140259965464,0.0,0.0
previous_payoff_4_45,validation28,SHORT,gap_up_open,45,0,0.0,2,,,,,,,0.0,,0.0,,,,,,0.0
previous_payoff_4_45,validation28,SHORT,gap_down_open,53,6,11.320754716981131,2,33.333333333333336,1.01023863786224,-0.30547300300854413,3.307129035667953,1.6535645178339764,0.1330975439483839,1.506764648472271,0.19406218666664662,-0.6522762289701833,-0.5565353481062671,-0.6522762289701792,-0.6522762289701792,-0.08782278433724161,16.666666666666664,0.0
previous_payoff_4_45,validation28,SHORT,v_reversal_up,18,2,11.11111111111111,2,0.0,,-0.6955797253651088,,0.0,-0.6955797253651088,-7.728663615167875,-3.817799999999977,-1.3863398911148295,-0.7345528721205453,-0.7388832217600383,-0.7388832217600383,-0.7388832217600383,0.0,0.0
previous_payoff_4_45,validation28,SHORT,v_reversal_down,19,0,0.0,2,,,,,,,0.0,,0.0,,,,,,0.0
previous_payoff_4_45,validation28,SHORT,late_day_spike,57,6,10.526315789473685,2,33.333333333333336,2.0687691602760285,-0.08222140562430638,25.16095589181288,12.58047794590644,0.6347754496758052,6.681846838692687,5.791626121499983,-0.16721155587947623,-0.14410252210331104,-0.1672115558794777,-0.1672115558794777,0.09077849357014861,0.0,0.0
previous_payoff_4_45,validation28,SHORT,high_vol,95,4,4.2105263157894735,2,75.0,1.4618323933473816,-0.049580852090432816,29.483809408540974,88.45142822562292,1.083979081987928,4.564122450475486,9.336164424999993,-0.04958085209043617,-0.004949895353354751,-0.049580852090432816,-0.049580852090432816,0.3270520325825411,25.0,0.0
previous_payoff_4_45,validation28,SHORT,low_vol,14,0,0.0,2,,,,,,,0.0,,0.0,,,,,,0.0
previous_payoff_4_45,development56,BOTH_COUNTERFACTUAL,ALL,1120,68,6.071428571428571,2,36.76470588235294,0.9436644868746976,-0.18428013822646577,5.120814950306844,2.977217994364444,0.23040538570778543,1.3988898417972688,1.6143102898823458,-2.0216243648347176,-0.6184245884496329,-0.6872799659000698,-0.7388832217600383,0.18377322384963168,26.47058823529412,0.0
previous_payoff_4_45,development56,BOTH_COUNTERFACTUAL,strong_up_trend,254,15,5.905511811023622,2,66.66666666666667,0.9907463511293201,-0.2584055823964397,3.8340748754001015,7.668149750800203,0.5743623732874001,3.3919037792563005,3.725933594333327,-0.6522762289701833,-0.45843028182687906,-0.6522762289701792,-0.6522762289701792,0.4278252309966697,60.0,0.0
previous_payoff_4_45,development56,BOTH_COUNTERFACTUAL,strong_down_trend,296,19,6.418918918918919,2,47.36842105263158,1.3395615633916735,-0.11342647211759825,11.809955281010975,10.628959752909878,0.5748310183867937,3.689793699104419,3.7641609234210414,-0.41002498217818095,-0.18442691435041672,-0.339365140588868,-0.339365140588868,0.4203905066191662,31.57894736842105,0.0
previous_payoff_4_45,development56,BOTH_COUNTERFACTUAL,range_chop,270,13,4.814814814814815,2,15.384615384615385,0.16783005063261477,-0.3445976990501888,0.4870318376913226,0.08855124321660411,-0.26576266063744974,-1.279597995661795,-1.1226269202307653,-1.3783387116352297,-0.7238002424001955,-0.7388832217600383,-0.7388832217600383,-0.305036874458612,7.6923076923076925,0.0
previous_payoff_4_45,development56,BOTH_COUNTERFACTUAL,gap_up_open,172,11,6.395348837209302,2,54.54545454545455,1.0369571407499314,-0.04351576450623465,23.82945933539472,28.595351202473665,0.5458330929062196,3.4907930360281485,4.112706187272706,-0.09717883588696852,-0.05764088513825579,-0.06239983032634475,-0.06239983032634475,0.3378281656610789,63.63636363636363,0.0
previous_payoff_4_45,development56,BOTH_COUNTERFACTUAL,gap_down_open,178,11,6.179775280898877,2,45.45454545454545,1.242569323993742,-0.2476633977820023,5.017169816459813,4.180974847049844,0.4297151121160633,2.6555428276835373,1.721105965909066,-0.6522762289701833,-0.4607944672423549,-0.6522762289701792,-0.6522762289701792,0.25327647715398083,27.27272727272727,0.0
previous_payoff_4_45,development56,BOTH_COUNTERFACTUAL,v_reversal_up,68,4,5.882352941176471,2,0.0,,-0.5054392833825593,,0.0,-0.5054392833825593,-2.9731722551915247,-2.4293866717499952,-1.3863398911148295,-0.7258921728415594,-0.7388832217600383,-0.7388832217600383,-0.6155431634862387,0.0,0.0
previous_payoff_4_45,development56,BOTH_COUNTERFACTUAL,v_reversal_down,90,4,4.444444444444445,2,25.0,0.20552790521649694,-0.0699469960154156,2.9383378404299263,0.9794459468099755,-0.0010782707074374622,-0.0047923142552776105,0.1062747637500081,-0.14153827152181275,-0.13042086999820782,-0.14153827152181728,-0.14153827152181728,-0.0699469960154156,0.0,0.0
previous_payoff_4_45,development56,BOTH_COUNTERFACTUAL,late_day_spike,260,15,5.769230769230769,2,40.0,1.6348321902492273,-0.13918331581164525,11.745891960654408,7.830594640436272,0.5704228866127039,3.2909012689194457,3.6953628611999876,-0.5705271997760608,-0.2882062490484523,-0.5705271997760598,-0.5705271997760598,0.3715416477847478,13.333333333333334,0.0
previous_payoff_4_45,development56,BOTH_COUNTERFACTUAL,high_vol,340,11,3.235294117647059,2,63.63636363636363,1.4703276682163369,-0.1414331487314171,10.395919778385922,18.192859612175365,0.8842328256898808,2.8607532595849086,5.97474456899999,-0.37535344733689024,-0.2243647407354074,-0.3753534473368933,-0.3753534473368933,0.63718008523846,36.36363636363637,0.0
previous_payoff_4_45,development56,BOTH_COUNTERFACTUAL,low_vol,78,2,2.5641025641025643,2,0.0,,-0.09021954889854253,,0.0,-0.09021954889854253,-0.23133217666292952,-0.5236399424999831,-0.15620641300512217,-0.14960772659446708,-0.15620641300512536,-0.15620641300512536,-0.15620641300512536,0.0,0.0
previous_payoff_4_45,development56,LONG,ALL,560,38,6.785714285714286,2,36.8421052631579,0.8022679156394621,-0.15431129368985824,5.199022679778035,3.0327632298705205,0.19811262553673348,1.3443356732849772,1.3720222236315733,-0.8395755667873761,-0.4727286137356331,-0.6421360613015135,-0.7137449228269669,0.1324972271631958,31.57894736842105,0.0
previous_payoff_4_45,development56,LONG,strong_up_trend,127,14,11.023622047244094,2,71.42857142857143,0.9907463511293201,-0.15993792075300478,6.194568157850124,15.486420394625313,0.6619794163057987,7.297410888410379,4.253535993928561,-0.37535344733689024,-0.20643683260380946,-0.3753534473368933,-0.3753534473368933,0.5109099586864272,64.28571428571429,0.0
previous_payoff_4_45,development56,LONG,strong_down_trend,148,1,0.6756756756756757,2,0.0,,-0.06742226136442084,,0.0,-0.06742226136442084,-0.04555558200298705,-0.1400000000000432,-0.06742226136442486,-0.06742226136442084,-0.06742226136442084,-0.06742226136442084,,0.0,0.0
previous_payoff_4_45,development56,LONG,range_chop,135,8,5.925925925925926,2,12.5,0.20552790521649694,-0.3147834383925696,0.652918419933456,0.09327405999049371,-0.2497445204414363,-1.4799675285418448,-0.870230953999986,-1.2802000136812763,-0.6636187197591494,-0.7137449228269669,-0.7137449228269669,-0.3147834383925696,12.5,0.0
previous_payoff_4_45,development56,LONG,gap_up_open,86,11,12.790697674418604,2,54.54545454545455,1.0369571407499314,-0.04351576450623465,23.82945933539472,28.595351202473665,0.5458330929062196,6.981586072056297,4.112706187272706,-0.09717883588696852,-0.05764088513825579,-0.06239983032634475,-0.06239983032634475,0.3378281656610789,63.63636363636363,0.0
previous_payoff_4_45,development56,LONG,gap_down_open,89,2,2.247191011235955,2,50.0,0.9838119441080386,-0.11548173236291821,8.51919973815656,8.51919973815656,0.4341651058725603,0.9756519233091242,0.7213962524999573,-0.11548173236292092,-0.060517048539370365,-0.11548173236291821,-0.11548173236291821,-0.11548173236291821,0.0,0.0
previous_payoff_4_45,development56,LONG,v_reversal_up,34,2,5.882352941176471,2,0.0,,-0.3152988414000097,,0.0,-0.3152988414000097,-1.8546990670588805,-1.0409733435000135,-0.45547003972850053,-0.44145291989565,-0.455470039728499,-0.455470039728499,-0.455470039728499,0.0,0.0
previous_payoff_4_45,development56,LONG,v_reversal_down,45,4,8.88888888888889,2,25.0,0.20552790521649694,-0.0699469960154156,2.9383378404299263,0.9794459468099755,-0.0010782707074374622,-0.009584628510555221,0.1062747637500081,-0.14153827152181275,-0.13042086999820782,-0.14153827152181728,-0.14153827152181728,-0.0699469960154156,0.0,0.0
previous_payoff_4_45,development56,LONG,late_day_spike,130,4,3.076923076923077,2,25.0,0.9838119441080386,-0.25982924422076603,3.786378808353593,1.2621262694511977,0.051081052861435175,0.15717247034287746,-0.36551593275000727,-0.5705271997760608,-0.5061788605379235,-0.5705271997760598,-0.5705271997760598,-0.25982924422076603,0.0,0.0
previous_payoff_4_45,development56,LONG,high_vol,170,3,1.7647058823529411,2,33.333333333333336,1.2191536206369433,-0.22138785435065708,5.506867683472469,2.7534338417362343,0.25879263731187635,0.4566928893738995,2.043299999999988,-0.37535344733689024,-0.34456032873964604,-0.3753534473368933,-0.3753534473368933,-0.22138785435065708,33.33333333333333,0.0
previous_payoff_4_45,development56,LONG,low_vol,39,1,2.5641025641025643,2,0.0,,-0.024232684791959693,,0.0,-0.024232684791959693,-0.06213508921015306,-0.029999999999972715,-0.02423268479195828,-0.024232684791959693,-0.024232684791959693,-0.024232684791959693,,0.0,0.0
previous_payoff_4_45,development56,SHORT,ALL,560,30,5.357142857142857,2,36.666666666666664,1.1236237593559062,-0.2221355207990227,5.058280437609552,2.928478148089741,0.27130954859111794,1.4534440103095605,1.9212085071333245,-2.0216243648347176,-0.6486488964529915,-0.6955797253651088,-0.7388832217600383,0.16498366301825693,20.0,0.0
previous_payoff_4_45,development56,SHORT,strong_up_trend,127,1,0.7874015748031497,2,0.0,,-0.6522762289701792,,0.0,-0.6522762289701792,-0.5136033298977789,-3.6604999999999563,-0.6522762289701833,-0.6522762289701792,-0.6522762289701792,-0.6522762289701792,,0.0,0.0
previous_payoff_4_45,development56,SHORT,strong_down_trend,148,18,12.162162162162161,2,50.0,1.3395615633916735,-0.11853805109017351,11.300688269057593,11.300688269057593,0.6105117561507499,7.425142980211823,3.9810587524999903,-0.41002498217818095,-0.1930345935858862,-0.339365140588868,-0.339365140588868,0.4490853753240831,33.33333333333333,0.0
previous_payoff_4_45,development56,SHORT,range_chop,135,5,3.7037037037037037,2,20.0,0.13013219604873258,-0.39677265520102234,0.3279767250664034,0.08199418126660085,-0.2913916849510713,-1.0792284627817457,-1.5264604662000125,-1.3783387116352297,-0.7199496754166497,-0.7388832217600383,-0.7388832217600383,-0.3967726552010223,0.0,0.0
previous_payoff_4_45,development56,SHORT,gap_up_open,86,0,0.0,2,,,,,,,0.0,,0.0,,,,,,0.0
previous_payoff_4_45,development56,SHORT,gap_down_open,89,9,10.112359550561798,2,44.44444444444444,1.3072586689651677,-0.2740997308658191,4.769281111060683,3.815424888848546,0.42872622461461957,4.33543373205795,1.943263679999979,-0.6522762289701833,-0.4990908195879198,-0.6522762289701792,-0.6522762289701792,0.20805431997433596,33.33333333333333,0.0
previous_payoff_4_45,development56,SHORT,v_reversal_up,34,2,5.882352941176471,2,0.0,,-0.6955797253651088,,0.0,-0.6955797253651088,-4.091645443324169,-3.817799999999977,-1.3863398911148295,-0.7345528721205453,-0.7388832217600383,-0.7388832217600383,-0.7388832217600383,0.0,0.0
previous_payoff_4_45,development56,SHORT,v_reversal_down,45,0,0.0,2,,,,,,,0.0,,0.0,,,,,,0.0
previous_payoff_4_45,development56,SHORT,late_day_spike,130,11,8.461538461538462,2,45.45454545454545,1.7650362394774652,-0.07886035160708486,22.38179520516991,18.65149600430826,0.759274462522256,6.424630067496013,5.172046058999985,-0.16721155587947623,-0.12099348832714442,-0.1672115558794777,-0.1672115558794777,0.49972588575407284,18.181818181818183,0.0
previous_payoff_4_45,development56,SHORT,high_vol,170,8,4.705882352941177,2,75.0,1.512190009479569,-0.06147844311217718,24.597077169315078,73.79123150794523,1.1187728963316323,5.264813629795917,7.4490362823749905,-0.07337603413392069,-0.06504772041870048,-0.07337603413392155,-0.07337603413392155,0.799346134349853,37.5,0.0
previous_payoff_4_45,development56,SHORT,low_vol,39,1,2.5641025641025643,2,0.0,,-0.15620641300512536,,0.0,-0.15620641300512536,-0.400529264115706,-1.0172798849999936,-0.15620641300512217,-0.15620641300512536,-0.15620641300512536,-0.15620641300512536,,0.0,0.0
previous_payoff_4_45,stress27,BOTH_COUNTERFACTUAL,ALL,540,35,6.481481481481482,2,20.0,0.5939809652907152,-0.2115151424390951,2.808219583908748,0.702054895977187,-0.050415920893133036,-0.32676985764067706,-0.30171517002857107,-1.1945420922261474,-0.636515262820461,-0.8234766027138444,-0.8557238077416309,-0.09248302271930411,14.285714285714285,0.0
previous_payoff_4_45,stress27,BOTH_COUNTERFACTUAL,strong_up_trend,84,3,3.5714285714285716,2,33.333333333333336,1.3798655411966838,-0.29006011888499844,4.757170846171259,2.3785854230856294,0.2665817678088956,0.9520777421746273,-0.250033333333306,-0.5619015819147144,-0.5075332893087697,-0.5619015819147126,-0.5619015819147126,-0.29006011888499844,33.33333333333333,0.0
previous_payoff_4_45,stress27,BOTH_COUNTERFACTUAL,strong_down_trend,86,8,9.30232558139535,2,50.0,0.58364992452927,-0.24132888338495562,2.4184835082432348,2.4184835082432348,0.17116052057215714,1.5921908890433223,0.9511200651250036,-0.5702092050209218,-0.4744760284781127,-0.5702092050209195,-0.5702092050209195,0.05002515327823177,37.5,0.0
previous_payoff_4_45,stress27,BOTH_COUNTERFACTUAL,range_chop,196,11,5.612244897959184,2,0.0,,-0.21179750819457316,,0.0,-0.21179750819457316,-1.1886594847654615,-0.9183619743636459,-0.7912293976860552,-0.6260799071410302,-0.7912293976860577,-0.7912293976860577,-0.2302876621679602,9.090909090909092,0.0
previous_payoff_4_45,stress27,BOTH_COUNTERFACTUAL,gap_up_open,34,1,2.9411764705882355,2,0.0,,-0.06805711954592221,,0.0,-0.06805711954592221,-0.2001679986644771,-0.10488263999999958,-0.06805711954591676,-0.06805711954592221,-0.06805711954592221,-0.06805711954592221,,0.0,0.0
previous_payoff_4_45,stress27,BOTH_COUNTERFACTUAL,gap_down_open,44,1,2.272727272727273,2,0.0,,-0.14276614444554475,,0.0,-0.14276614444554475,-0.3244685101035108,-0.8800000000001091,-0.1427661444455497,-0.14276614444554475,-0.14276614444554475,-0.14276614444554475,,0.0,0.0
previous_payoff_4_45,stress27,BOTH_COUNTERFACTUAL,v_reversal_up,22,0,0.0,2,,,,,,,0.0,,0.0,,,,,,0.0
previous_payoff_4_45,stress27,BOTH_COUNTERFACTUAL,v_reversal_down,20,2,10.0,2,0.0,,-0.22450134633613203,,0.0,-0.22450134633613203,-2.24501346336132,-0.6756408589999978,-0.3417426577682514,-0.3300185266250377,-0.34174265776824947,-0.34174265776824947,-0.34174265776824947,0.0,0.0
previous_payoff_4_45,stress27,BOTH_COUNTERFACTUAL,late_day_spike,18,0,0.0,2,,,,,,,0.0,,0.0,,,,,,0.0
previous_payoff_4_45,stress27,BOTH_COUNTERFACTUAL,high_vol,62,2,3.225806451612903,2,100.0,1.1994868164131594,,,,1.1994868164131594,3.8693123110101912,5.32499999999996,0.0,1.0371459641079872,1.0191080916296347,1.0191080916296347,1.0191080916296347,100.0,0.0
previous_payoff_4_45,stress27,BOTH_COUNTERFACTUAL,low_vol,192,14,7.291666666666667,2,0.0,,-0.2663424041248349,,0.0,-0.2663424041248349,-1.9420800300769212,-1.1901279622857228,-1.1945420922261474,-0.8138024412055084,-0.8557238077416309,-0.8557238077416309,-0.2829851270859065,7.142857142857142,0.0
previous_payoff_4_45,stress27,LONG,ALL,270,17,6.296296296296297,2,17.647058823529413,0.6077556863059758,-0.27550959898068705,2.2059328914655305,0.47269990531404227,-0.11963925451833482,-0.7532841951154414,-0.6426583218823325,-1.1945420922261474,-0.8041282796971724,-0.8557238077416309,-0.8557238077416309,-0.21335830425052346,5.88235294117647,0.0
previous_payoff_4_45,stress27,LONG,strong_up_trend,42,3,7.142857142857143,2,33.333333333333336,1.3798655411966838,-0.29006011888499844,4.757170846171259,2.3785854230856294,0.2665817678088956,1.9041554843492545,-0.250033333333306,-0.5619015819147144,-0.5075332893087697,-0.5619015819147126,-0.5619015819147126,-0.29006011888499844,33.33333333333333,0.0
previous_payoff_4_45,stress27,LONG,strong_down_trend,43,0,0.0,2,,,,,,,0.0,,0.0,,,,,,0.0
previous_payoff_4_45,stress27,LONG,range_chop,98,5,5.1020408163265305,2,0.0,,-0.37734076954220724,,0.0,-0.37734076954220724,-1.9252080078684042,-1.5861963435999997,-0.7912293976860552,-0.7251696014680467,-0.7912293976860577,-0.7912293976860577,-0.43799352861441654,0.0,0.0
previous_payoff_4_45,stress27,LONG,gap_up_open,17,0,0.0,2,,,,,,,0.0,,0.0,,,,,,0.0
previous_payoff_4_45,stress27,LONG,gap_down_open,22,0,0.0,2,,,,,,,0.0,,0.0,,,,,,0.0
previous_payoff_4_45,stress27,LONG,v_reversal_up,11,0,0.0,2,,,,,,,0.0,,0.0,,,,,,0.0
previous_payoff_4_45,stress27,LONG,v_reversal_down,10,1,10.0,2,0.0,,-0.34174265776824947,,0.0,-0.34174265776824947,-3.4174265776824946,-0.7312817179999911,-0.3417426577682514,-0.34174265776824947,-0.34174265776824947,-0.34174265776824947,,0.0,0.0
previous_payoff_4_45,stress27,LONG,late_day_spike,9,0,0.0,2,,,,,,,0.0,,0.0,,,,,,0.0
previous_payoff_4_45,stress27,LONG,high_vol,31,1,3.225806451612903,2,100.0,1.3798655411966838,,,,1.3798655411966838,4.451179165150593,4.685000000000002,0.0,1.3798655411966838,1.3798655411966838,1.3798655411966838,,100.0,0.0
previous_payoff_4_45,stress27,LONG,low_vol,96,8,8.333333333333334,2,0.0,,-0.3683504218416602,,0.0,-0.3683504218416602,-3.0695868486805016,-1.379373933999986,-1.1945420922261474,-0.8331507642221804,-0.8557238077416309,-0.8557238077416309,-0.40758761607846,0.0,0.0
previous_payoff_4_45,stress27,SHORT,ALL,270,18,6.666666666666667,2,22.22222222222222,0.58364992452927,-0.14752068589750314,3.956393782867766,1.1303982236765044,0.014961671975113078,0.09974447983408719,0.020286695611092555,-0.5702092050209218,-0.3852955918161017,-0.5702092050209195,-0.5702092050209195,-0.044105764475152916,22.22222222222222,0.0
previous_payoff_4_45,stress27,SHORT,strong_up_trend,42,0,0.0,2,,,,,,,0.0,,0.0,,,,,,0.0
previous_payoff_4_45,stress27,SHORT,strong_down_trend,43,8,18.6046511627907,2,50.0,0.58364992452927,-0.24132888338495562,2.4184835082432348,2.4184835082432348,0.17116052057215714,3.1843817780866446,0.9511200651250036,-0.5702092050209218,-0.4744760284781127,-0.5702092050209195,-0.5702092050209195,0.05002515327823177,37.5,0.0
previous_payoff_4_45,stress27,SHORT,range_chop,98,6,6.122448979591836,2,0.0,,-0.07384479040487804,,0.0,-0.07384479040487804,-0.45211096166251863,-0.361833333333351,-0.18136552895771096,-0.13457428141560565,-0.14367903025280265,-0.14367903025280265,-0.0832345547937132,16.666666666666664,0.0
previous_payoff_4_45,stress27,SHORT,gap_up_open,17,1,5.882352941176471,2,0.0,,-0.06805711954592221,,0.0,-0.06805711954592221,-0.4003359973289542,-0.10488263999999958,-0.06805711954591676,-0.06805711954592221,-0.06805711954592221,-0.06805711954592221,,0.0,0.0
previous_payoff_4_45,stress27,SHORT,gap_down_open,22,1,4.545454545454546,2,0.0,,-0.14276614444554475,,0.0,-0.14276614444554475,-0.6489370202070216,-0.8800000000001091,-0.1427661444455497,-0.14276614444554475,-0.14276614444554475,-0.14276614444554475,,0.0,0.0
previous_payoff_4_45,stress27,SHORT,v_reversal_up,11,0,0.0,2,,,,,,,0.0,,0.0,,,,,,0.0
previous_payoff_4_45,stress27,SHORT,v_reversal_down,10,1,10.0,2,0.0,,-0.10726003490401462,,0.0,-0.10726003490401462,-1.0726003490401461,-0.6200000000000045,-0.10726003490401093,-0.10726003490401462,-0.10726003490401462,-0.10726003490401462,,0.0,0.0
previous_payoff_4_45,stress27,SHORT,late_day_spike,9,0,0.0,2,,,,,,,0.0,,0.0,,,,,,0.0
previous_payoff_4_45,stress27,SHORT,high_vol,31,1,3.225806451612903,2,100.0,1.0191080916296347,,,,1.0191080916296347,3.2874454568697895,5.964999999999918,0.0,1.0191080916296347,1.0191080916296347,1.0191080916296347,,100.0,0.0
previous_payoff_4_45,stress27,SHORT,low_vol,96,6,6.25,2,0.0,,-0.13033171383573441,,0.0,-0.13033171383573441,-0.81457321147334,-0.9378000000000384,-0.35266377772112945,-0.30041759085405106,-0.3526637777211339,-0.3526637777211339,-0.14640065547670056,16.666666666666664,0.0
previous_payoff_4_45,all83,BOTH_COUNTERFACTUAL,ALL,1660,103,6.204819277108434,2,31.067961165048544,0.8671712165282015,-0.1950207032680661,4.446559785687111,2.0040832836899654,0.13498066987252186,0.8375306624620332,0.9632336772912576,-2.3123123350061614,-0.6368466610163916,-0.7326788448379947,-0.8557238077416309,0.07843927130007962,22.330097087378643,0.0
previous_payoff_4_45,all83,BOTH_COUNTERFACTUAL,strong_up_trend,338,18,5.325443786982248,2,61.111111111111114,1.0261208229536258,-0.267449735678885,3.8366866220636067,6.029078977528525,0.5230656057076493,2.785556480099908,3.0632724397222213,-0.6522762289701833,-0.5754577789730325,-0.6522762289701792,-0.6522762289701792,0.39937050219882714,55.55555555555556,0.0
previous_payoff_4_45,all83,BOTH_COUNTERFACTUAL,strong_down_trend,382,27,7.0680628272251305,2,48.148148148148145,1.1069733668186261,-0.14997001819398606,7.381297809717921,6.854062251880927,0.4552249449602347,3.2175585114990413,2.9306673357777706,-0.5702092050209218,-0.3265613514532205,-0.4547871728048937,-0.5702092050209195,0.3437043570662404,33.33333333333333,0.0
previous_payoff_4_45,all83,BOTH_COUNTERFACTUAL,range_chop,466,24,5.150214592274678,2,8.333333333333334,0.16783005063261477,-0.27819760362238094,0.6032764065804946,0.05484330968913587,-0.24102863243446465,-1.2413491799199896,-1.0290054867083356,-1.7352295990209599,-0.7351124769200775,-0.765056309723048,-0.7912293976860577,-0.26044413407146294,8.333333333333332,0.0
previous_payoff_4_45,all83,BOTH_COUNTERFACTUAL,gap_up_open,206,12,5.825242718446602,2,50.0,1.0369571407499314,-0.047605990346182576,21.78207265954048,21.78207265954048,0.4946755752018745,2.8816052924381035,3.7612404516666467,-0.09717883588696852,-0.06494561047515461,-0.06805711954592221,-0.06805711954592221,0.30092950336953334,58.333333333333336,0.0
previous_payoff_4_45,all83,BOTH_COUNTERFACTUAL,gap_down_open,222,12,5.405405405405405,2,41.666666666666664,1.242569323993742,-0.2326780758767941,5.340293963285556,3.8144956880611116,0.38200834073592926,2.0649099499239423,1.5043471354166347,-0.6522762289701833,-0.4416462910695725,-0.6522762289701792,-0.6522762289701792,0.21727260246311486,25.0,0.0
previous_payoff_4_45,all83,BOTH_COUNTERFACTUAL,v_reversal_up,90,4,4.444444444444445,2,0.0,,-0.5054392833825593,,0.0,-0.5054392833825593,-2.2463968150335965,-2.4293866717499952,-1.3863398911148295,-0.7258921728415594,-0.7388832217600383,-0.7388832217600383,-0.6155431634862387,0.0,0.0
previous_payoff_4_45,all83,BOTH_COUNTERFACTUAL,v_reversal_down,110,6,5.454545454545454,2,16.666666666666668,0.20552790521649694,-0.13176873614370216,1.5597622868018992,0.31195245736037985,-0.07555262925033565,-0.4121052504563763,-0.15436377716666053,-0.3426201040373944,-0.2916915612066414,-0.34174265776824947,-0.34174265776824947,-0.1317687361437022,0.0,0.0
previous_payoff_4_45,all83,BOTH_COUNTERFACTUAL,late_day_spike,278,15,5.39568345323741,2,40.0,1.6348321902492273,-0.13918331581164525,11.745891960654408,7.830594640436272,0.5704228866127039,3.077821330644086,3.6953628611999876,-0.5705271997760608,-0.2882062490484523,-0.5705271997760598,-0.5705271997760598,0.3715416477847478,13.333333333333334,0.0
previous_payoff_4_45,all83,BOTH_COUNTERFACTUAL,high_vol,402,13,3.2338308457711444,2,69.23076923076923,1.4101408122600751,-0.1414331487314171,9.970369923234518,22.43333232727766,0.9327334396473084,3.0163021680136834,5.874783866076909,-0.37535344733689024,-0.19416699941511023,-0.3753534473368933,-0.3753534473368933,0.7308978737675765,46.15384615384615,0.0
previous_payoff_4_45,all83,BOTH_COUNTERFACTUAL,low_vol,270,16,5.925925925925926,2,0.0,,-0.24432704722154833,,0.0,-0.24432704722154833,-1.447863983535101,-1.1068169598125053,-1.1945420922261474,-0.807353000199951,-0.8557238077416309,-0.8557238077416309,-0.2590000047168543,6.25,0.0
previous_payoff_4_45,all83,LONG,ALL,830,55,6.626506024096385,2,30.90909090909091,0.7679422281100232,-0.19896330090226885,3.85971797124153,1.7267159345027896,0.09989840806516692,0.6619774028414676,0.7493027822909115,-1.1954120299786597,-0.613492516691332,-0.7868993760848852,-0.8557238077416309,0.05312092737456579,23.636363636363637,0.0
previous_payoff_4_45,all83,LONG,strong_up_trend,169,17,10.059171597633137,2,64.70588235294117,1.0261208229536258,-0.2033119867970027,5.047025702317092,9.252880454248004,0.592203360688698,5.957075225862644,3.4587884655882317,-0.5619015819147255,-0.41266307425245713,-0.5619015819147126,-0.5619015819147126,0.46509842289689013,58.82352941176471,0.0
previous_payoff_4_45,all83,LONG,strong_down_trend,191,1,0.5235602094240838,2,0.0,,-0.06742226136442084,,0.0,-0.06742226136442084,-0.03529961327980149,-0.1400000000000432,-0.06742226136442486,-0.06742226136442084,-0.06742226136442084,-0.06742226136442084,,0.0,0.0
previous_payoff_4_45,all83,LONG,range_chop,233,13,5.579399141630901,2,7.6923076923076925,0.20552790521649694,-0.340848993038252,0.6029881543274251,0.05024901286061876,-0.29882000086480975,-1.6672360563272646,-1.1456022576922988,-1.7352295990209599,-0.7447387127706033,-0.7912293976860577,-0.7912293976860577,-0.340848993038252,7.6923076923076925,0.0
previous_payoff_4_45,all83,LONG,gap_up_open,103,11,10.679611650485437,2,54.54545454545455,1.0369571407499314,-0.04351576450623465,23.82945933539472,28.595351202473665,0.5458330929062196,5.829285458221762,4.112706187272706,-0.09717883588696852,-0.05764088513825579,-0.06239983032634475,-0.06239983032634475,0.3378281656610789,63.63636363636363,0.0
previous_payoff_4_45,all83,LONG,gap_down_open,111,2,1.8018018018018018,2,50.0,0.9838119441080386,-0.11548173236291821,8.51919973815656,8.51919973815656,0.4341651058725603,0.7822794700406491,0.7213962524999573,-0.11548173236292092,-0.060517048539370365,-0.11548173236291821,-0.11548173236291821,-0.11548173236291821,0.0,0.0
previous_payoff_4_45,all83,LONG,v_reversal_up,45,2,4.444444444444445,2,0.0,,-0.3152988414000097,,0.0,-0.3152988414000097,-1.401328184000043,-1.0409733435000135,-0.45547003972850053,-0.44145291989565,-0.455470039728499,-0.455470039728499,-0.455470039728499,0.0,0.0
previous_payoff_4_45,all83,LONG,v_reversal_down,55,5,9.090909090909092,2,20.0,0.20552790521649694,-0.13789591145362406,1.4904568456739073,0.37261421141847684,-0.06921114811959987,-0.629192255632726,-0.06123653259999173,-0.3426201040373944,-0.301701780518963,-0.34174265776824947,-0.34174265776824947,-0.1378959114536241,0.0,0.0
previous_payoff_4_45,all83,LONG,late_day_spike,139,4,2.8776978417266186,2,25.0,0.9838119441080386,-0.25982924422076603,3.786378808353593,1.2621262694511977,0.051081052861435175,0.1469958355724753,-0.36551593275000727,-0.5705271997760608,-0.5061788605379235,-0.5705271997760598,-0.5705271997760598,-0.25982924422076603,0.0,0.0
previous_payoff_4_45,all83,LONG,high_vol,201,4,1.9900497512437811,2,50.0,1.2995095809168138,-0.22138785435065708,5.869832311841803,5.869832311841803,0.5390608632830782,1.0727579368817477,2.7037249999999915,-0.37535344733689024,-0.32916376944102244,-0.3753534473368933,-0.3753534473368933,0.25879263731187635,50.0,0.0
previous_payoff_4_45,all83,LONG,low_vol,135,9,6.666666666666667,2,0.0,,-0.33011511772502683,,0.0,-0.33011511772502683,-2.200767451500179,-1.2294434968888734,-1.1945420922261474,-0.8299260437194016,-0.8557238077416309,-0.8557238077416309,-0.3683504218416602,0.0,0.0
previous_payoff_4_45,all83,SHORT,ALL,830,48,5.783132530120482,2,31.25,0.97963073673547,-0.1904807423559538,5.142938465164218,2.3376993023473718,0.17517909486011615,1.0130839220825996,1.2083628278124874,-2.3123123350061614,-0.6183132902853338,-0.6784583135911043,-0.7388832217600383,0.10752843240598906,20.833333333333336,0.0
previous_payoff_4_45,all83,SHORT,strong_up_trend,169,1,0.591715976331361,2,0.0,,-0.6522762289701792,,0.0,-0.6522762289701792,-0.38596226566282793,-3.6604999999999563,-0.6522762289701833,-0.6522762289701792,-0.6522762289701792,-0.6522762289701792,,0.0,0.0
previous_payoff_4_45,all83,SHORT,strong_down_trend,191,26,13.612565445026178,2,50.0,1.1069733668186261,-0.1563198456424142,7.081464047443197,7.081464047443197,0.4753267605881061,6.470416636277884,3.048769925615379,-0.5702092050209218,-0.32869531630916177,-0.4547871728048937,-0.5702092050209195,0.3601494218034668,34.61538461538461,0.0
previous_payoff_4_45,all83,SHORT,range_chop,233,11,4.721030042918455,2,9.090909090909092,0.13013219604873258,-0.20301593632333576,0.6409949800269669,0.06409949800269668,-0.17272974247132955,-0.8154623035127146,-0.8912093028181971,-1.3783387116352297,-0.6915493559015667,-0.7388832217600383,-0.7388832217600383,-0.20301593632333576,9.090909090909092,0.0
previous_payoff_4_45,all83,SHORT,gap_up_open,103,1,0.970873786407767,2,0.0,,-0.06805711954592221,,0.0,-0.06805711954592221,-0.06607487334555555,-0.10488263999999958,-0.06805711954591676,-0.06805711954592221,-0.06805711954592221,-0.06805711954592221,,0.0,0.0
previous_payoff_4_45,all83,SHORT,gap_down_open,111,10,9.00900900900901,2,40.0,1.3072586689651677,-0.25221079979577343,5.183198618075494,3.4554657453836626,0.3715769877086031,3.347540429807235,1.6609373119999702,-0.6522762289701833,-0.47994264341513737,-0.6522762289701792,-0.6522762289701792,0.169074268372127,30.0,0.0
previous_payoff_4_45,all83,SHORT,v_reversal_up,45,2,4.444444444444445,2,0.0,,-0.6955797253651088,,0.0,-0.6955797253651088,-3.09146544606715,-3.817799999999977,-1.3863398911148295,-0.7345528721205453,-0.7388832217600383,-0.7388832217600383,-0.7388832217600383,0.0,0.0
previous_payoff_4_45,all83,SHORT,v_reversal_down,55,1,1.8181818181818181,2,0.0,,-0.10726003490401462,,0.0,-0.10726003490401462,-0.1950182452800266,-0.6200000000000045,-0.10726003490401093,-0.10726003490401462,-0.10726003490401462,-0.10726003490401462,,0.0,0.0
previous_payoff_4_45,all83,SHORT,late_day_spike,139,11,7.913669064748201,2,45.45454545454545,1.7650362394774652,-0.07886035160708486,22.38179520516991,18.65149600430826,0.759274462522256,6.0086468257156955,5.172046058999985,-0.16721155587947623,-0.12099348832714442,-0.1672115558794777,-0.1672115558794777,0.49972588575407284,18.181818181818183,0.0
previous_payoff_4_45,all83,SHORT,high_vol,201,9,4.477611940298507,2,77.77777777777777,1.441749735501007,-0.06147844311217718,23.451305246463473,82.07956836262217,1.1076990291425215,4.9598463991456185,7.284143362111093,-0.07337603413392069,-0.06385796131652606,-0.07337603413392155,-0.07337603413392155,0.8268163790098257,44.44444444444444,0.0
previous_payoff_4_45,all83,SHORT,low_vol,135,7,5.185185185185185,2,0.0,,-0.1340280994313617,,0.0,-0.1340280994313617,-0.6949605155700237,-0.9491542692857463,-0.4605963937835744,-0.2937265683063313,-0.3526637777211339,-0.3526637777211339,-0.1480349483981047,14.285714285714285,0.0
