date,symbol,direction,traded,entry_index,exit_index,entry_signal_close_minute,entry_minute,exit_signal_close_minute,exit_minute,exit_time_exact,entry_price,exit_price,pnl_points,gross_return,exit_reason,eod_flatten,unclosed,signal_minutes,execution_minutes,rule_id
2026-05-14,US.AAPL,LONG,False,-1,-1,-1,-1,-1,-1,True,,,0.0,0.0,no_entry,False,False,1,1,c2657363d223
2026-05-14,US.AAPL,SHORT,False,-1,-1,-1,-1,-1,-1,True,,,0.0,0.0,no_entry,False,False,1,1,c2657363d223
2026-05-14,US.AMD,LONG,False,-1,-1,-1,-1,-1,-1,True,,,0.0,0.0,no_entry,False,False,1,1,c2657363d223
2026-05-14,US.AMD,SHORT,False,-1,-1,-1,-1,-1,-1,True,,,0.0,0.0,no_entry,False,False,1,1,c2657363d223
2026-05-14,US.IWM,LONG,False,-1,-1,-1,-1,-1,-1,True,,,0.0,0.0,no_entry,False,False,1,1,c2657363d223
2026-05-14,US.IWM,SHORT,False,-1,-1,-1,-1,-1,-1,True,,,0.0,0.0,no_entry,False,False,1,1,c2657363d223
2026-05-14,US.META,LONG,False,-1,-1,-1,-1,-1,-1,True,,,0.0,0.0,no_entry,False,False,1,1,c2657363d223
2026-05-14,US.META,SHORT,False,-1,-1,-1,-1,-1,-1,True,,,0.0,0.0,no_entry,False,False,1,1,c2657363d223
2026-05-14,US.MSFT,LONG,False,-1,-1,-1,-1,-1,-1,True,,,0.0,0.0,no_entry,False,False,1,1,c2657363d223
2026-05-14,US.MSFT,SHORT,False,-1,-1,-1,-1,-1,-1,True,,,0.0,0.0,no_entry,False,False,1,1,c2657363d223
2026-05-14,US.MU,LONG,False,-1,-1,-1,-1,-1,-1,True,,,0.0,0.0,no_entry,False,False,1,1,c2657363d223
2026-05-14,US.MU,SHORT,False,-1,-1,-1,-1,-1,-1,True,,,0.0,0.0,no_entry,False,False,1,1,c2657363d223
2026-05-14,US.NVDA,LONG,False,-1,-1,-1,-1,-1,-1,True,,,0.0,0.0,no_entry,False,False,1,1,c2657363d223
2026-05-14,US.NVDA,SHORT,False,-1,-1,-1,-1,-1,-1,True,,,0.0,0.0,no_entry,False,False,1,1,c2657363d223
2026-05-14,US.QQQ,LONG,False,-1,-1,-1,-1,-1,-1,True,,,0.0,0.0,no_entry,False,False,1,1,c2657363d223
2026-05-14,US.QQQ,SHORT,False,-1,-1,-1,-1,-1,-1,True,,,0.0,0.0,no_entry,False,False,1,1,c2657363d223
2026-05-14,US.SPY,LONG,False,-1,-1,-1,-1,-1,-1,True,,,0.0,0.0,no_entry,False,False,1,1,c2657363d223
2026-05-14,US.SPY,SHORT,False,-1,-1,-1,-1,-1,-1,True,,,0.0,0.0,no_entry,False,False,1,1,c2657363d223
2026-05-14,US.TSLA,LONG,False,-1,-1,-1,-1,-1,-1,True,,,0.0,0.0,no_entry,False,False,1,1,c2657363d223
2026-05-14,US.TSLA,SHORT,False,-1,-1,-1,-1,-1,-1,True,,,0.0,0.0,no_entry,False,False,1,1,c2657363d223
2026-05-15,US.AAPL,LONG,False,-1,-1,-1,-1,-1,-1,True,,,0.0,0.0,no_entry,False,False,1,1,c2657363d223
2026-05-15,US.AAPL,SHORT,False,-1,-1,-1,-1,-1,-1,True,,,0.0,0.0,no_entry,False,False,1,1,c2657363d223
2026-05-15,US.AMD,LONG,False,-1,-1,-1,-1,-1,-1,True,,,0.0,0.0,no_entry,False,False,1,1,c2657363d223
2026-05-15,US.AMD,SHORT,False,-1,-1,-1,-1,-1,-1,True,,,0.0,0.0,no_entry,False,False,1,1,c2657363d223
2026-05-15,US.IWM,LONG,False,-1,-1,-1,-1,-1,-1,True,,,0.0,0.0,no_entry,False,False,1,1,c2657363d223
2026-05-15,US.IWM,SHORT,False,-1,-1,-1,-1,-1,-1,True,,,0.0,0.0,no_entry,False,False,1,1,c2657363d223
2026-05-15,US.META,LONG,False,-1,-1,-1,-1,-1,-1,True,,,0.0,0.0,no_entry,False,False,1,1,c2657363d223
2026-05-15,US.META,SHORT,False,-1,-1,-1,-1,-1,-1,True,,,0.0,0.0,no_entry,False,False,1,1,c2657363d223
2026-05-15,US.MSFT,LONG,False,-1,-1,-1,-1,-1,-1,True,,,0.0,0.0,no_entry,False,False,1,1,c2657363d223
2026-05-15,US.MSFT,SHORT,False,-1,-1,-1,-1,-1,-1,True,,,0.0,0.0,no_entry,False,False,1,1,c2657363d223
2026-05-15,US.MU,LONG,False,-1,-1,-1,-1,-1,-1,True,,,0.0,0.0,no_entry,False,False,1,1,c2657363d223
2026-05-15,US.MU,SHORT,False,-1,-1,-1,-1,-1,-1,True,,,0.0,0.0,no_entry,False,False,1,1,c2657363d223
2026-05-15,US.NVDA,LONG,False,-1,-1,-1,-1,-1,-1,True,,,0.0,0.0,no_entry,False,False,1,1,c2657363d223
2026-05-15,US.NVDA,SHORT,False,-1,-1,-1,-1,-1,-1,True,,,0.0,0.0,no_entry,False,False,1,1,c2657363d223
2026-05-15,US.QQQ,LONG,False,-1,-1,-1,-1,-1,-1,True,,,0.0,0.0,no_entry,False,False,1,1,c2657363d223
2026-05-15,US.QQQ,SHORT,False,-1,-1,-1,-1,-1,-1,True,,,0.0,0.0,no_entry,False,False,1,1,c2657363d223
2026-05-15,US.SPY,LONG,False,-1,-1,-1,-1,-1,-1,True,,,0.0,0.0,no_entry,False,False,1,1,c2657363d223
2026-05-15,US.SPY,SHORT,False,-1,-1,-1,-1,-1,-1,True,,,0.0,0.0,no_entry,False,False,1,1,c2657363d223
2026-05-15,US.TSLA,LONG,False,-1,-1,-1,-1,-1,-1,True,,,0.0,0.0,no_entry,False,False,1,1,c2657363d223
2026-05-15,US.TSLA,SHORT,False,-1,-1,-1,-1,-1,-1,True,,,0.0,0.0,no_entry,False,False,1,1,c2657363d223
2026-05-18,US.AAPL,LONG,False,-1,-1,-1,-1,-1,-1,True,,,0.0,0.0,no_entry,False,False,1,1,c2657363d223
2026-05-18,US.AAPL,SHORT,False,-1,-1,-1,-1,-1,-1,True,,,0.0,0.0,no_entry,False,False,1,1,c2657363d223
2026-05-18,US.AMD,LONG,False,-1,-1,-1,-1,-1,-1,True,,,0.0,0.0,no_entry,False,False,1,1,c2657363d223
2026-05-18,US.AMD,SHORT,False,-1,-1,-1,-1,-1,-1,True,,,0.0,0.0,no_entry,False,False,1,1,c2657363d223
2026-05-18,US.IWM,LONG,False,-1,-1,-1,-1,-1,-1,True,,,0.0,0.0,no_entry,False,False,1,1,c2657363d223
2026-05-18,US.IWM,SHORT,False,-1,-1,-1,-1,-1,-1,True,,,0.0,0.0,no_entry,False,False,1,1,c2657363d223
2026-05-18,US.META,LONG,False,-1,-1,-1,-1,-1,-1,True,,,0.0,0.0,no_entry,False,False,1,1,c2657363d223
2026-05-18,US.META,SHORT,False,-1,-1,-1,-1,-1,-1,True,,,0.0,0.0,no_entry,False,False,1,1,c2657363d223
2026-05-18,US.MSFT,LONG,False,-1,-1,-1,-1,-1,-1,True,,,0.0,0.0,no_entry,False,False,1,1,c2657363d223
2026-05-18,US.MSFT,SHORT,False,-1,-1,-1,-1,-1,-1,True,,,0.0,0.0,no_entry,False,False,1,1,c2657363d223
2026-05-18,US.MU,LONG,False,-1,-1,-1,-1,-1,-1,True,,,0.0,0.0,no_entry,False,False,1,1,c2657363d223
2026-05-18,US.MU,SHORT,False,-1,-1,-1,-1,-1,-1,True,,,0.0,0.0,no_entry,False,False,1,1,c2657363d223
2026-05-18,US.NVDA,LONG,False,-1,-1,-1,-1,-1,-1,True,,,0.0,0.0,no_entry,False,False,1,1,c2657363d223
2026-05-18,US.NVDA,SHORT,False,-1,-1,-1,-1,-1,-1,True,,,0.0,0.0,no_entry,False,False,1,1,c2657363d223
2026-05-18,US.QQQ,LONG,False,-1,-1,-1,-1,-1,-1,True,,,0.0,0.0,no_entry,False,False,1,1,c2657363d223
2026-05-18,US.QQQ,SHORT,False,-1,-1,-1,-1,-1,-1,True,,,0.0,0.0,no_entry,False,False,1,1,c2657363d223
2026-05-18,US.SPY,LONG,False,-1,-1,-1,-1,-1,-1,True,,,0.0,0.0,no_entry,False,False,1,1,c2657363d223
2026-05-18,US.SPY,SHORT,False,-1,-1,-1,-1,-1,-1,True,,,0.0,0.0,no_entry,False,False,1,1,c2657363d223
2026-05-18,US.TSLA,LONG,False,-1,-1,-1,-1,-1,-1,True,,,0.0,0.0,no_entry,False,False,1,1,c2657363d223
2026-05-18,US.TSLA,SHORT,False,-1,-1,-1,-1,-1,-1,True,,,0.0,0.0,no_entry,False,False,1,1,c2657363d223
2026-05-19,US.AAPL,LONG,False,-1,-1,-1,-1,-1,-1,True,,,0.0,0.0,no_entry,False,False,1,1,c2657363d223
2026-05-19,US.AAPL,SHORT,False,-1,-1,-1,-1,-1,-1,True,,,0.0,0.0,no_entry,False,False,1,1,c2657363d223
2026-05-19,US.AMD,LONG,False,-1,-1,-1,-1,-1,-1,True,,,0.0,0.0,no_entry,False,False,1,1,c2657363d223
2026-05-19,US.AMD,SHORT,False,-1,-1,-1,-1,-1,-1,True,,,0.0,0.0,no_entry,False,False,1,1,c2657363d223
2026-05-19,US.IWM,LONG,False,-1,-1,-1,-1,-1,-1,True,,,0.0,0.0,no_entry,False,False,1,1,c2657363d223
2026-05-19,US.IWM,SHORT,False,-1,-1,-1,-1,-1,-1,True,,,0.0,0.0,no_entry,False,False,1,1,c2657363d223
2026-05-19,US.META,LONG,False,-1,-1,-1,-1,-1,-1,True,,,0.0,0.0,no_entry,False,False,1,1,c2657363d223
2026-05-19,US.META,SHORT,False,-1,-1,-1,-1,-1,-1,True,,,0.0,0.0,no_entry,False,False,1,1,c2657363d223
2026-05-19,US.MSFT,LONG,False,-1,-1,-1,-1,-1,-1,True,,,0.0,0.0,no_entry,False,False,1,1,c2657363d223
2026-05-19,US.MSFT,SHORT,False,-1,-1,-1,-1,-1,-1,True,,,0.0,0.0,no_entry,False,False,1,1,c2657363d223
2026-05-19,US.MU,LONG,False,-1,-1,-1,-1,-1,-1,True,,,0.0,0.0,no_entry,False,False,1,1,c2657363d223
2026-05-19,US.MU,SHORT,False,-1,-1,-1,-1,-1,-1,True,,,0.0,0.0,no_entry,False,False,1,1,c2657363d223
2026-05-19,US.NVDA,LONG,False,-1,-1,-1,-1,-1,-1,True,,,0.0,0.0,no_entry,False,False,1,1,c2657363d223
2026-05-19,US.NVDA,SHORT,False,-1,-1,-1,-1,-1,-1,True,,,0.0,0.0,no_entry,False,False,1,1,c2657363d223
2026-05-19,US.QQQ,LONG,False,-1,-1,-1,-1,-1,-1,True,,,0.0,0.0,no_entry,False,False,1,1,c2657363d223
2026-05-19,US.QQQ,SHORT,False,-1,-1,-1,-1,-1,-1,True,,,0.0,0.0,no_entry,False,False,1,1,c2657363d223
2026-05-19,US.SPY,LONG,False,-1,-1,-1,-1,-1,-1,True,,,0.0,0.0,no_entry,False,False,1,1,c2657363d223
2026-05-19,US.SPY,SHORT,False,-1,-1,-1,-1,-1,-1,True,,,0.0,0.0,no_entry,False,False,1,1,c2657363d223
2026-05-19,US.TSLA,LONG,False,-1,-1,-1,-1,-1,-1,True,,,0.0,0.0,no_entry,False,False,1,1,c2657363d223
2026-05-19,US.TSLA,SHORT,False,-1,-1,-1,-1,-1,-1,True,,,0.0,0.0,no_entry,False,False,1,1,c2657363d223
2026-05-20,US.AAPL,LONG,False,-1,-1,-1,-1,-1,-1,True,,,0.0,0.0,no_entry,False,False,1,1,c2657363d223
2026-05-20,US.AAPL,SHORT,False,-1,-1,-1,-1,-1,-1,True,,,0.0,0.0,no_entry,False,False,1,1,c2657363d223
2026-05-20,US.AMD,LONG,False,-1,-1,-1,-1,-1,-1,True,,,0.0,0.0,no_entry,False,False,1,1,c2657363d223
2026-05-20,US.AMD,SHORT,False,-1,-1,-1,-1,-1,-1,True,,,0.0,0.0,no_entry,False,False,1,1,c2657363d223
2026-05-20,US.IWM,LONG,False,-1,-1,-1,-1,-1,-1,True,,,0.0,0.0,no_entry,False,False,1,1,c2657363d223
2026-05-20,US.IWM,SHORT,False,-1,-1,-1,-1,-1,-1,True,,,0.0,0.0,no_entry,False,False,1,1,c2657363d223
2026-05-20,US.META,LONG,False,-1,-1,-1,-1,-1,-1,True,,,0.0,0.0,no_entry,False,False,1,1,c2657363d223
2026-05-20,US.META,SHORT,False,-1,-1,-1,-1,-1,-1,True,,,0.0,0.0,no_entry,False,False,1,1,c2657363d223
2026-05-20,US.MSFT,LONG,False,-1,-1,-1,-1,-1,-1,True,,,0.0,0.0,no_entry,False,False,1,1,c2657363d223
2026-05-20,US.MSFT,SHORT,False,-1,-1,-1,-1,-1,-1,True,,,0.0,0.0,no_entry,False,False,1,1,c2657363d223
2026-05-20,US.MU,LONG,False,-1,-1,-1,-1,-1,-1,True,,,0.0,0.0,no_entry,False,False,1,1,c2657363d223
2026-05-20,US.MU,SHORT,False,-1,-1,-1,-1,-1,-1,True,,,0.0,0.0,no_entry,False,False,1,1,c2657363d223
2026-05-20,US.NVDA,LONG,False,-1,-1,-1,-1,-1,-1,True,,,0.0,0.0,no_entry,False,False,1,1,c2657363d223
2026-05-20,US.NVDA,SHORT,False,-1,-1,-1,-1,-1,-1,True,,,0.0,0.0,no_entry,False,False,1,1,c2657363d223
2026-05-20,US.QQQ,LONG,False,-1,-1,-1,-1,-1,-1,True,,,0.0,0.0,no_entry,False,False,1,1,c2657363d223
2026-05-20,US.QQQ,SHORT,False,-1,-1,-1,-1,-1,-1,True,,,0.0,0.0,no_entry,False,False,1,1,c2657363d223
2026-05-20,US.SPY,LONG,False,-1,-1,-1,-1,-1,-1,True,,,0.0,0.0,no_entry,False,False,1,1,c2657363d223
2026-05-20,US.SPY,SHORT,False,-1,-1,-1,-1,-1,-1,True,,,0.0,0.0,no_entry,False,False,1,1,c2657363d223
2026-05-20,US.TSLA,LONG,False,-1,-1,-1,-1,-1,-1,True,,,0.0,0.0,no_entry,False,False,1,1,c2657363d223
2026-05-20,US.TSLA,SHORT,False,-1,-1,-1,-1,-1,-1,True,,,0.0,0.0,no_entry,False,False,1,1,c2657363d223
2026-05-21,US.AAPL,LONG,False,-1,-1,-1,-1,-1,-1,True,,,0.0,0.0,no_entry,False,False,1,1,c2657363d223
2026-05-21,US.AAPL,SHORT,False,-1,-1,-1,-1,-1,-1,True,,,0.0,0.0,no_entry,False,False,1,1,c2657363d223
2026-05-21,US.AMD,LONG,False,-1,-1,-1,-1,-1,-1,True,,,0.0,0.0,no_entry,False,False,1,1,c2657363d223
2026-05-21,US.AMD,SHORT,False,-1,-1,-1,-1,-1,-1,True,,,0.0,0.0,no_entry,False,False,1,1,c2657363d223
2026-05-21,US.IWM,LONG,False,-1,-1,-1,-1,-1,-1,True,,,0.0,0.0,no_entry,False,False,1,1,c2657363d223
2026-05-21,US.IWM,SHORT,False,-1,-1,-1,-1,-1,-1,True,,,0.0,0.0,no_entry,False,False,1,1,c2657363d223
2026-05-21,US.META,LONG,False,-1,-1,-1,-1,-1,-1,True,,,0.0,0.0,no_entry,False,False,1,1,c2657363d223
2026-05-21,US.META,SHORT,True,25,134,595,595,704,704,True,597.810938542,603.250896696,-5.43995815400001,-0.009099796947957348,trailing,False,False,1,1,c2657363d223
2026-05-21,US.MSFT,LONG,False,-1,-1,-1,-1,-1,-1,True,,,0.0,0.0,no_entry,False,False,1,1,c2657363d223
2026-05-21,US.MSFT,SHORT,False,-1,-1,-1,-1,-1,-1,True,,,0.0,0.0,no_entry,False,False,1,1,c2657363d223
2026-05-21,US.MU,LONG,True,61,62,631,631,632,632,True,756.583651321,755.118876576,-1.4647747449999997,-0.0019360380606195935,soft_failure_loss,False,False,1,1,c2657363d223
2026-05-21,US.MU,SHORT,False,-1,-1,-1,-1,-1,-1,True,,,0.0,0.0,no_entry,False,False,1,1,c2657363d223
2026-05-21,US.NVDA,LONG,False,-1,-1,-1,-1,-1,-1,True,,,0.0,0.0,no_entry,False,False,1,1,c2657363d223
2026-05-21,US.NVDA,SHORT,False,-1,-1,-1,-1,-1,-1,True,,,0.0,0.0,no_entry,False,False,1,1,c2657363d223
2026-05-21,US.QQQ,LONG,True,137,150,707,707,720,720,True,709.799505323,709.409933695,-0.3895716279999988,-0.0005488474211076282,soft_failure_loss,False,False,1,1,c2657363d223
2026-05-21,US.QQQ,SHORT,False,-1,-1,-1,-1,-1,-1,True,,,0.0,0.0,no_entry,False,False,1,1,c2657363d223
2026-05-21,US.SPY,LONG,True,90,91,660,660,661,661,True,737.061617671,736.88208009,-0.17953758099997685,-0.00024358557913690807,soft_failure_loss,False,False,1,1,c2657363d223
2026-05-21,US.SPY,SHORT,False,-1,-1,-1,-1,-1,-1,True,,,0.0,0.0,no_entry,False,False,1,1,c2657363d223
2026-05-21,US.TSLA,LONG,False,-1,-1,-1,-1,-1,-1,True,,,0.0,0.0,no_entry,False,False,1,1,c2657363d223
2026-05-21,US.TSLA,SHORT,False,-1,-1,-1,-1,-1,-1,True,,,0.0,0.0,no_entry,False,False,1,1,c2657363d223
2026-05-22,US.AAPL,LONG,True,62,375,632,632,-1,945,True,308.743722374,308.184204933,-0.5595174410000254,-0.0018122390852120646,scheduled_flatten,True,False,1,1,c2657363d223
2026-05-22,US.AAPL,SHORT,False,-1,-1,-1,-1,-1,-1,True,,,0.0,0.0,no_entry,False,False,1,1,c2657363d223
2026-05-22,US.AMD,LONG,False,-1,-1,-1,-1,-1,-1,True,,,0.0,0.0,no_entry,False,False,1,1,c2657363d223
2026-05-22,US.AMD,SHORT,False,-1,-1,-1,-1,-1,-1,True,,,0.0,0.0,no_entry,False,False,1,1,c2657363d223
2026-05-22,US.IWM,LONG,True,32,33,602,602,603,603,True,284.43347303,284.243923874,-0.18954915599999822,-0.0006664094558941237,soft_failure_loss,False,False,1,1,c2657363d223
2026-05-22,US.IWM,SHORT,False,-1,-1,-1,-1,-1,-1,True,,,0.0,0.0,no_entry,False,False,1,1,c2657363d223
2026-05-22,US.META,LONG,False,-1,-1,-1,-1,-1,-1,True,,,0.0,0.0,no_entry,False,False,1,1,c2657363d223
2026-05-22,US.META,SHORT,False,-1,-1,-1,-1,-1,-1,True,,,0.0,0.0,no_entry,False,False,1,1,c2657363d223
2026-05-22,US.MSFT,LONG,False,-1,-1,-1,-1,-1,-1,True,,,0.0,0.0,no_entry,False,False,1,1,c2657363d223
2026-05-22,US.MSFT,SHORT,False,-1,-1,-1,-1,-1,-1,True,,,0.0,0.0,no_entry,False,False,1,1,c2657363d223
2026-05-22,US.MU,LONG,False,-1,-1,-1,-1,-1,-1,True,,,0.0,0.0,no_entry,False,False,1,1,c2657363d223
2026-05-22,US.MU,SHORT,False,-1,-1,-1,-1,-1,-1,True,,,0.0,0.0,no_entry,False,False,1,1,c2657363d223
2026-05-22,US.NVDA,LONG,False,-1,-1,-1,-1,-1,-1,True,,,0.0,0.0,no_entry,False,False,1,1,c2657363d223
2026-05-22,US.NVDA,SHORT,True,136,142,706,706,712,712,True,216.764524882,216.914182798,-0.14965791600002376,-0.0006904170139532425,soft_failure_loss,False,False,1,1,c2657363d223
2026-05-22,US.QQQ,LONG,False,-1,-1,-1,-1,-1,-1,True,,,0.0,0.0,no_entry,False,False,1,1,c2657363d223
2026-05-22,US.QQQ,SHORT,False,-1,-1,-1,-1,-1,-1,True,,,0.0,0.0,no_entry,False,False,1,1,c2657363d223
2026-05-22,US.SPY,LONG,False,-1,-1,-1,-1,-1,-1,True,,,0.0,0.0,no_entry,False,False,1,1,c2657363d223
2026-05-22,US.SPY,SHORT,False,-1,-1,-1,-1,-1,-1,True,,,0.0,0.0,no_entry,False,False,1,1,c2657363d223
2026-05-22,US.TSLA,LONG,True,146,375,716,716,-1,945,True,427.86,425.53,-2.330000000000041,-0.005445706539522369,scheduled_flatten,True,False,1,1,c2657363d223
2026-05-22,US.TSLA,SHORT,False,-1,-1,-1,-1,-1,-1,True,,,0.0,0.0,no_entry,False,False,1,1,c2657363d223
2026-05-26,US.AAPL,LONG,True,98,99,668,668,669,669,True,311.251559477,311.161637031,-0.08992244600000276,-0.0002889060095027334,soft_failure_loss,False,False,1,1,c2657363d223
2026-05-26,US.AAPL,SHORT,False,-1,-1,-1,-1,-1,-1,True,,,0.0,0.0,no_entry,False,False,1,1,c2657363d223
2026-05-26,US.AMD,LONG,True,105,106,675,675,676,676,True,492.25,491.67,-0.5799999999999841,-0.0011782630777043863,soft_failure_loss,False,False,1,1,c2657363d223
2026-05-26,US.AMD,SHORT,False,-1,-1,-1,-1,-1,-1,True,,,0.0,0.0,no_entry,False,False,1,1,c2657363d223
2026-05-26,US.IWM,LONG,True,31,375,601,601,-1,945,True,288.95272396,289.536335835,0.5836118749999741,0.002019748653003749,scheduled_flatten,True,False,1,1,c2657363d223
2026-05-26,US.IWM,SHORT,False,-1,-1,-1,-1,-1,-1,True,,,0.0,0.0,no_entry,False,False,1,1,c2657363d223
2026-05-26,US.META,LONG,False,-1,-1,-1,-1,-1,-1,True,,,0.0,0.0,no_entry,False,False,1,1,c2657363d223
2026-05-26,US.META,SHORT,True,150,151,720,720,721,721,True,606.681317323,607.861623395,-1.1803060720000076,-0.0019455124763164695,soft_failure_loss,False,False,1,1,c2657363d223
2026-05-26,US.MSFT,LONG,False,-1,-1,-1,-1,-1,-1,True,,,0.0,0.0,no_entry,False,False,1,1,c2657363d223
2026-05-26,US.MSFT,SHORT,False,-1,-1,-1,-1,-1,-1,True,,,0.0,0.0,no_entry,False,False,1,1,c2657363d223
2026-05-26,US.MU,LONG,False,-1,-1,-1,-1,-1,-1,True,,,0.0,0.0,no_entry,False,False,1,1,c2657363d223
2026-05-26,US.MU,SHORT,False,-1,-1,-1,-1,-1,-1,True,,,0.0,0.0,no_entry,False,False,1,1,c2657363d223
2026-05-26,US.NVDA,LONG,False,-1,-1,-1,-1,-1,-1,True,,,0.0,0.0,no_entry,False,False,1,1,c2657363d223
2026-05-26,US.NVDA,SHORT,False,-1,-1,-1,-1,-1,-1,True,,,0.0,0.0,no_entry,False,False,1,1,c2657363d223
2026-05-26,US.QQQ,LONG,False,-1,-1,-1,-1,-1,-1,True,,,0.0,0.0,no_entry,False,False,1,1,c2657363d223
2026-05-26,US.QQQ,SHORT,False,-1,-1,-1,-1,-1,-1,True,,,0.0,0.0,no_entry,False,False,1,1,c2657363d223
2026-05-26,US.SPY,LONG,False,-1,-1,-1,-1,-1,-1,True,,,0.0,0.0,no_entry,False,False,1,1,c2657363d223
2026-05-26,US.SPY,SHORT,False,-1,-1,-1,-1,-1,-1,True,,,0.0,0.0,no_entry,False,False,1,1,c2657363d223
2026-05-26,US.TSLA,LONG,False,-1,-1,-1,-1,-1,-1,True,,,0.0,0.0,no_entry,False,False,1,1,c2657363d223
2026-05-26,US.TSLA,SHORT,False,-1,-1,-1,-1,-1,-1,True,,,0.0,0.0,no_entry,False,False,1,1,c2657363d223
2026-05-27,US.AAPL,LONG,True,62,65,632,632,635,635,True,311.64122341,311.526322506,-0.11490090400002373,-0.0003686961010573955,soft_failure_loss,False,False,1,1,c2657363d223
2026-05-27,US.AAPL,SHORT,False,-1,-1,-1,-1,-1,-1,True,,,0.0,0.0,no_entry,False,False,1,1,c2657363d223
2026-05-27,US.AMD,LONG,False,-1,-1,-1,-1,-1,-1,True,,,0.0,0.0,no_entry,False,False,1,1,c2657363d223
2026-05-27,US.AMD,SHORT,False,-1,-1,-1,-1,-1,-1,True,,,0.0,0.0,no_entry,False,False,1,1,c2657363d223
2026-05-27,US.IWM,LONG,False,-1,-1,-1,-1,-1,-1,True,,,0.0,0.0,no_entry,False,False,1,1,c2657363d223
2026-05-27,US.IWM,SHORT,False,-1,-1,-1,-1,-1,-1,True,,,0.0,0.0,no_entry,False,False,1,1,c2657363d223
2026-05-27,US.META,LONG,True,101,103,671,671,673,673,True,613.20297294,612.86698434,-0.33598859999995057,-0.0005479239580151645,soft_failure_loss,False,False,1,1,c2657363d223
2026-05-27,US.META,SHORT,False,-1,-1,-1,-1,-1,-1,True,,,0.0,0.0,no_entry,False,False,1,1,c2657363d223
2026-05-27,US.MSFT,LONG,False,-1,-1,-1,-1,-1,-1,True,,,0.0,0.0,no_entry,False,False,1,1,c2657363d223
2026-05-27,US.MSFT,SHORT,False,-1,-1,-1,-1,-1,-1,True,,,0.0,0.0,no_entry,False,False,1,1,c2657363d223
2026-05-27,US.MU,LONG,False,-1,-1,-1,-1,-1,-1,True,,,0.0,0.0,no_entry,False,False,1,1,c2657363d223
2026-05-27,US.MU,SHORT,False,-1,-1,-1,-1,-1,-1,True,,,0.0,0.0,no_entry,False,False,1,1,c2657363d223
2026-05-27,US.NVDA,LONG,False,-1,-1,-1,-1,-1,-1,True,,,0.0,0.0,no_entry,False,False,1,1,c2657363d223
2026-05-27,US.NVDA,SHORT,False,-1,-1,-1,-1,-1,-1,True,,,0.0,0.0,no_entry,False,False,1,1,c2657363d223
2026-05-27,US.QQQ,LONG,False,-1,-1,-1,-1,-1,-1,True,,,0.0,0.0,no_entry,False,False,1,1,c2657363d223
2026-05-27,US.QQQ,SHORT,False,-1,-1,-1,-1,-1,-1,True,,,0.0,0.0,no_entry,False,False,1,1,c2657363d223
2026-05-27,US.SPY,LONG,False,-1,-1,-1,-1,-1,-1,True,,,0.0,0.0,no_entry,False,False,1,1,c2657363d223
2026-05-27,US.SPY,SHORT,False,-1,-1,-1,-1,-1,-1,True,,,0.0,0.0,no_entry,False,False,1,1,c2657363d223
2026-05-27,US.TSLA,LONG,False,-1,-1,-1,-1,-1,-1,True,,,0.0,0.0,no_entry,False,False,1,1,c2657363d223
2026-05-27,US.TSLA,SHORT,False,-1,-1,-1,-1,-1,-1,True,,,0.0,0.0,no_entry,False,False,1,1,c2657363d223
2026-05-28,US.AAPL,LONG,True,115,122,685,685,692,692,True,311.521326815,311.371456072,-0.14987074300000813,-0.00048109304275341104,soft_failure_loss,False,False,1,1,c2657363d223
2026-05-28,US.AAPL,SHORT,False,-1,-1,-1,-1,-1,-1,True,,,0.0,0.0,no_entry,False,False,1,1,c2657363d223
2026-05-28,US.AMD,LONG,False,-1,-1,-1,-1,-1,-1,True,,,0.0,0.0,no_entry,False,False,1,1,c2657363d223
2026-05-28,US.AMD,SHORT,False,-1,-1,-1,-1,-1,-1,True,,,0.0,0.0,no_entry,False,False,1,1,c2657363d223
2026-05-28,US.IWM,LONG,False,-1,-1,-1,-1,-1,-1,True,,,0.0,0.0,no_entry,False,False,1,1,c2657363d223
2026-05-28,US.IWM,SHORT,False,-1,-1,-1,-1,-1,-1,True,,,0.0,0.0,no_entry,False,False,1,1,c2657363d223
2026-05-28,US.META,LONG,False,-1,-1,-1,-1,-1,-1,True,,,0.0,0.0,no_entry,False,False,1,1,c2657363d223
2026-05-28,US.META,SHORT,False,-1,-1,-1,-1,-1,-1,True,,,0.0,0.0,no_entry,False,False,1,1,c2657363d223
2026-05-28,US.MSFT,LONG,False,-1,-1,-1,-1,-1,-1,True,,,0.0,0.0,no_entry,False,False,1,1,c2657363d223
2026-05-28,US.MSFT,SHORT,False,-1,-1,-1,-1,-1,-1,True,,,0.0,0.0,no_entry,False,False,1,1,c2657363d223
2026-05-28,US.MU,LONG,False,-1,-1,-1,-1,-1,-1,True,,,0.0,0.0,no_entry,False,False,1,1,c2657363d223
2026-05-28,US.MU,SHORT,False,-1,-1,-1,-1,-1,-1,True,,,0.0,0.0,no_entry,False,False,1,1,c2657363d223
2026-05-28,US.NVDA,LONG,False,-1,-1,-1,-1,-1,-1,True,,,0.0,0.0,no_entry,False,False,1,1,c2657363d223
2026-05-28,US.NVDA,SHORT,False,-1,-1,-1,-1,-1,-1,True,,,0.0,0.0,no_entry,False,False,1,1,c2657363d223
2026-05-28,US.QQQ,LONG,False,-1,-1,-1,-1,-1,-1,True,,,0.0,0.0,no_entry,False,False,1,1,c2657363d223
2026-05-28,US.QQQ,SHORT,False,-1,-1,-1,-1,-1,-1,True,,,0.0,0.0,no_entry,False,False,1,1,c2657363d223
2026-05-28,US.SPY,LONG,True,31,32,601,601,602,602,True,748.681688914,748.492177023,-0.18951189100005195,-0.0002531274556413265,soft_failure_loss,False,False,1,1,c2657363d223
2026-05-28,US.SPY,SHORT,False,-1,-1,-1,-1,-1,-1,True,,,0.0,0.0,no_entry,False,False,1,1,c2657363d223
2026-05-28,US.TSLA,LONG,False,-1,-1,-1,-1,-1,-1,True,,,0.0,0.0,no_entry,False,False,1,1,c2657363d223
2026-05-28,US.TSLA,SHORT,False,-1,-1,-1,-1,-1,-1,True,,,0.0,0.0,no_entry,False,False,1,1,c2657363d223
2026-05-29,US.AAPL,LONG,False,-1,-1,-1,-1,-1,-1,True,,,0.0,0.0,no_entry,False,False,1,1,c2657363d223
2026-05-29,US.AAPL,SHORT,False,-1,-1,-1,-1,-1,-1,True,,,0.0,0.0,no_entry,False,False,1,1,c2657363d223
2026-05-29,US.AMD,LONG,False,-1,-1,-1,-1,-1,-1,True,,,0.0,0.0,no_entry,False,False,1,1,c2657363d223
2026-05-29,US.AMD,SHORT,False,-1,-1,-1,-1,-1,-1,True,,,0.0,0.0,no_entry,False,False,1,1,c2657363d223
2026-05-29,US.IWM,LONG,False,-1,-1,-1,-1,-1,-1,True,,,0.0,0.0,no_entry,False,False,1,1,c2657363d223
2026-05-29,US.IWM,SHORT,True,40,375,610,610,-1,945,True,289.486454478,289.481466343,0.004988134999962313,1.7230978938053886e-05,scheduled_flatten,True,False,1,1,c2657363d223
2026-05-29,US.META,LONG,False,-1,-1,-1,-1,-1,-1,True,,,0.0,0.0,no_entry,False,False,1,1,c2657363d223
2026-05-29,US.META,SHORT,False,-1,-1,-1,-1,-1,-1,True,,,0.0,0.0,no_entry,False,False,1,1,c2657363d223
2026-05-29,US.MSFT,LONG,False,-1,-1,-1,-1,-1,-1,True,,,0.0,0.0,no_entry,False,False,1,1,c2657363d223
2026-05-29,US.MSFT,SHORT,False,-1,-1,-1,-1,-1,-1,True,,,0.0,0.0,no_entry,False,False,1,1,c2657363d223
2026-05-29,US.MU,LONG,True,35,342,605,605,912,912,True,970.730719432,946.859390405,-23.871329027,-0.02459109261625896,trailing,False,False,1,1,c2657363d223
2026-05-29,US.MU,SHORT,False,-1,-1,-1,-1,-1,-1,True,,,0.0,0.0,no_entry,False,False,1,1,c2657363d223
2026-05-29,US.NVDA,LONG,True,102,107,672,672,677,677,True,215.786759834,215.592204544,-0.19455529000001093,-0.0009016090243427262,soft_failure_loss,False,False,1,1,c2657363d223
2026-05-29,US.NVDA,SHORT,False,-1,-1,-1,-1,-1,-1,True,,,0.0,0.0,no_entry,False,False,1,1,c2657363d223
2026-05-29,US.QQQ,LONG,True,36,39,606,606,609,609,True,740.091196616,739.546795239,-0.5444013770000993,-0.0007355868837372006,soft_failure_loss,False,False,1,1,c2657363d223
2026-05-29,US.QQQ,SHORT,False,-1,-1,-1,-1,-1,-1,True,,,0.0,0.0,no_entry,False,False,1,1,c2657363d223
2026-05-29,US.SPY,LONG,True,26,38,596,596,608,608,True,755.763449071,755.638770195,-0.12467887599996175,-0.0001649707671801535,soft_failure_loss,False,False,1,1,c2657363d223
2026-05-29,US.SPY,SHORT,False,-1,-1,-1,-1,-1,-1,True,,,0.0,0.0,no_entry,False,False,1,1,c2657363d223
2026-05-29,US.TSLA,LONG,False,-1,-1,-1,-1,-1,-1,True,,,0.0,0.0,no_entry,False,False,1,1,c2657363d223
2026-05-29,US.TSLA,SHORT,False,-1,-1,-1,-1,-1,-1,True,,,0.0,0.0,no_entry,False,False,1,1,c2657363d223
2026-06-01,US.AAPL,LONG,False,-1,-1,-1,-1,-1,-1,True,,,0.0,0.0,no_entry,False,False,1,1,c2657363d223
2026-06-01,US.AAPL,SHORT,False,-1,-1,-1,-1,-1,-1,True,,,0.0,0.0,no_entry,False,False,1,1,c2657363d223
2026-06-01,US.AMD,LONG,False,-1,-1,-1,-1,-1,-1,True,,,0.0,0.0,no_entry,False,False,1,1,c2657363d223
2026-06-01,US.AMD,SHORT,False,-1,-1,-1,-1,-1,-1,True,,,0.0,0.0,no_entry,False,False,1,1,c2657363d223
2026-06-01,US.IWM,LONG,False,-1,-1,-1,-1,-1,-1,True,,,0.0,0.0,no_entry,False,False,1,1,c2657363d223
2026-06-01,US.IWM,SHORT,True,35,37,605,605,607,607,True,286.488584932,286.54844256,-0.05985762800003158,-0.0002089354729935896,soft_failure_loss,False,False,1,1,c2657363d223
2026-06-01,US.META,LONG,False,-1,-1,-1,-1,-1,-1,True,,,0.0,0.0,no_entry,False,False,1,1,c2657363d223
2026-06-01,US.META,SHORT,False,-1,-1,-1,-1,-1,-1,True,,,0.0,0.0,no_entry,False,False,1,1,c2657363d223
2026-06-01,US.MSFT,LONG,False,-1,-1,-1,-1,-1,-1,True,,,0.0,0.0,no_entry,False,False,1,1,c2657363d223
2026-06-01,US.MSFT,SHORT,False,-1,-1,-1,-1,-1,-1,True,,,0.0,0.0,no_entry,False,False,1,1,c2657363d223
2026-06-01,US.MU,LONG,False,-1,-1,-1,-1,-1,-1,True,,,0.0,0.0,no_entry,False,False,1,1,c2657363d223
2026-06-01,US.MU,SHORT,False,-1,-1,-1,-1,-1,-1,True,,,0.0,0.0,no_entry,False,False,1,1,c2657363d223
2026-06-01,US.NVDA,LONG,False,-1,-1,-1,-1,-1,-1,True,,,0.0,0.0,no_entry,False,False,1,1,c2657363d223
2026-06-01,US.NVDA,SHORT,False,-1,-1,-1,-1,-1,-1,True,,,0.0,0.0,no_entry,False,False,1,1,c2657363d223
2026-06-01,US.QQQ,LONG,False,-1,-1,-1,-1,-1,-1,True,,,0.0,0.0,no_entry,False,False,1,1,c2657363d223
2026-06-01,US.QQQ,SHORT,False,-1,-1,-1,-1,-1,-1,True,,,0.0,0.0,no_entry,False,False,1,1,c2657363d223
2026-06-01,US.SPY,LONG,False,-1,-1,-1,-1,-1,-1,True,,,0.0,0.0,no_entry,False,False,1,1,c2657363d223
2026-06-01,US.SPY,SHORT,False,-1,-1,-1,-1,-1,-1,True,,,0.0,0.0,no_entry,False,False,1,1,c2657363d223
2026-06-01,US.TSLA,LONG,False,-1,-1,-1,-1,-1,-1,True,,,0.0,0.0,no_entry,False,False,1,1,c2657363d223
2026-06-01,US.TSLA,SHORT,True,140,144,710,710,714,714,True,421.74,421.8315,-0.09149999999999636,-0.00021695831554985622,soft_failure_loss,False,False,1,1,c2657363d223
2026-06-02,US.AAPL,LONG,False,-1,-1,-1,-1,-1,-1,True,,,0.0,0.0,no_entry,False,False,1,1,c2657363d223
2026-06-02,US.AAPL,SHORT,False,-1,-1,-1,-1,-1,-1,True,,,0.0,0.0,no_entry,False,False,1,1,c2657363d223
2026-06-02,US.AMD,LONG,False,-1,-1,-1,-1,-1,-1,True,,,0.0,0.0,no_entry,False,False,1,1,c2657363d223
2026-06-02,US.AMD,SHORT,False,-1,-1,-1,-1,-1,-1,True,,,0.0,0.0,no_entry,False,False,1,1,c2657363d223
2026-06-02,US.IWM,LONG,False,-1,-1,-1,-1,-1,-1,True,,,0.0,0.0,no_entry,False,False,1,1,c2657363d223
2026-06-02,US.IWM,SHORT,False,-1,-1,-1,-1,-1,-1,True,,,0.0,0.0,no_entry,False,False,1,1,c2657363d223
2026-06-02,US.META,LONG,False,-1,-1,-1,-1,-1,-1,True,,,0.0,0.0,no_entry,False,False,1,1,c2657363d223
2026-06-02,US.META,SHORT,False,-1,-1,-1,-1,-1,-1,True,,,0.0,0.0,no_entry,False,False,1,1,c2657363d223
2026-06-02,US.MSFT,LONG,False,-1,-1,-1,-1,-1,-1,True,,,0.0,0.0,no_entry,False,False,1,1,c2657363d223
2026-06-02,US.MSFT,SHORT,False,-1,-1,-1,-1,-1,-1,True,,,0.0,0.0,no_entry,False,False,1,1,c2657363d223
2026-06-02,US.MU,LONG,False,-1,-1,-1,-1,-1,-1,True,,,0.0,0.0,no_entry,False,False,1,1,c2657363d223
2026-06-02,US.MU,SHORT,False,-1,-1,-1,-1,-1,-1,True,,,0.0,0.0,no_entry,False,False,1,1,c2657363d223
2026-06-02,US.NVDA,LONG,False,-1,-1,-1,-1,-1,-1,True,,,0.0,0.0,no_entry,False,False,1,1,c2657363d223
2026-06-02,US.NVDA,SHORT,False,-1,-1,-1,-1,-1,-1,True,,,0.0,0.0,no_entry,False,False,1,1,c2657363d223
2026-06-02,US.QQQ,LONG,False,-1,-1,-1,-1,-1,-1,True,,,0.0,0.0,no_entry,False,False,1,1,c2657363d223
2026-06-02,US.QQQ,SHORT,False,-1,-1,-1,-1,-1,-1,True,,,0.0,0.0,no_entry,False,False,1,1,c2657363d223
2026-06-02,US.SPY,LONG,True,42,48,612,612,618,618,True,756.252190265,756.107562769,-0.14462749599999825,-0.0001912424160375906,soft_failure_loss,False,False,1,1,c2657363d223
2026-06-02,US.SPY,SHORT,False,-1,-1,-1,-1,-1,-1,True,,,0.0,0.0,no_entry,False,False,1,1,c2657363d223
2026-06-02,US.TSLA,LONG,False,-1,-1,-1,-1,-1,-1,True,,,0.0,0.0,no_entry,False,False,1,1,c2657363d223
2026-06-02,US.TSLA,SHORT,False,-1,-1,-1,-1,-1,-1,True,,,0.0,0.0,no_entry,False,False,1,1,c2657363d223
2026-06-03,US.AAPL,LONG,False,-1,-1,-1,-1,-1,-1,True,,,0.0,0.0,no_entry,False,False,1,1,c2657363d223
2026-06-03,US.AAPL,SHORT,False,-1,-1,-1,-1,-1,-1,True,,,0.0,0.0,no_entry,False,False,1,1,c2657363d223
2026-06-03,US.AMD,LONG,False,-1,-1,-1,-1,-1,-1,True,,,0.0,0.0,no_entry,False,False,1,1,c2657363d223
2026-06-03,US.AMD,SHORT,False,-1,-1,-1,-1,-1,-1,True,,,0.0,0.0,no_entry,False,False,1,1,c2657363d223
2026-06-03,US.IWM,LONG,False,-1,-1,-1,-1,-1,-1,True,,,0.0,0.0,no_entry,False,False,1,1,c2657363d223
2026-06-03,US.IWM,SHORT,True,32,33,602,602,603,603,True,287.226829013,287.366496812,-0.13966779899999437,-0.0004862630676943934,soft_failure_loss,False,False,1,1,c2657363d223
2026-06-03,US.META,LONG,False,-1,-1,-1,-1,-1,-1,True,,,0.0,0.0,no_entry,False,False,1,1,c2657363d223
2026-06-03,US.META,SHORT,False,-1,-1,-1,-1,-1,-1,True,,,0.0,0.0,no_entry,False,False,1,1,c2657363d223
2026-06-03,US.MSFT,LONG,False,-1,-1,-1,-1,-1,-1,True,,,0.0,0.0,no_entry,False,False,1,1,c2657363d223
2026-06-03,US.MSFT,SHORT,False,-1,-1,-1,-1,-1,-1,True,,,0.0,0.0,no_entry,False,False,1,1,c2657363d223
2026-06-03,US.MU,LONG,False,-1,-1,-1,-1,-1,-1,True,,,0.0,0.0,no_entry,False,False,1,1,c2657363d223
2026-06-03,US.MU,SHORT,False,-1,-1,-1,-1,-1,-1,True,,,0.0,0.0,no_entry,False,False,1,1,c2657363d223
2026-06-03,US.NVDA,LONG,False,-1,-1,-1,-1,-1,-1,True,,,0.0,0.0,no_entry,False,False,1,1,c2657363d223
2026-06-03,US.NVDA,SHORT,False,-1,-1,-1,-1,-1,-1,True,,,0.0,0.0,no_entry,False,False,1,1,c2657363d223
2026-06-03,US.QQQ,LONG,False,-1,-1,-1,-1,-1,-1,True,,,0.0,0.0,no_entry,False,False,1,1,c2657363d223
2026-06-03,US.QQQ,SHORT,True,116,117,686,686,687,687,True,743.142841031,743.27279813,-0.12995709899996655,-0.00017487499283404308,soft_failure_loss,False,False,1,1,c2657363d223
2026-06-03,US.SPY,LONG,False,-1,-1,-1,-1,-1,-1,True,,,0.0,0.0,no_entry,False,False,1,1,c2657363d223
2026-06-03,US.SPY,SHORT,True,24,31,594,594,601,601,True,754.297225489,754.646326342,-0.3491008529999817,-0.0004628160375025438,soft_failure_loss,False,False,1,1,c2657363d223
2026-06-03,US.TSLA,LONG,False,-1,-1,-1,-1,-1,-1,True,,,0.0,0.0,no_entry,False,False,1,1,c2657363d223
2026-06-03,US.TSLA,SHORT,False,-1,-1,-1,-1,-1,-1,True,,,0.0,0.0,no_entry,False,False,1,1,c2657363d223
2026-06-04,US.AAPL,LONG,False,-1,-1,-1,-1,-1,-1,True,,,0.0,0.0,no_entry,False,False,1,1,c2657363d223
2026-06-04,US.AAPL,SHORT,False,-1,-1,-1,-1,-1,-1,True,,,0.0,0.0,no_entry,False,False,1,1,c2657363d223
2026-06-04,US.AMD,LONG,False,-1,-1,-1,-1,-1,-1,True,,,0.0,0.0,no_entry,False,False,1,1,c2657363d223
2026-06-04,US.AMD,SHORT,True,42,43,612,612,613,613,True,504.65,505.5,-0.8500000000000227,-0.001684335678192852,soft_failure_loss,False,False,1,1,c2657363d223
2026-06-04,US.IWM,LONG,False,-1,-1,-1,-1,-1,-1,True,,,0.0,0.0,no_entry,False,False,1,1,c2657363d223
2026-06-04,US.IWM,SHORT,False,-1,-1,-1,-1,-1,-1,True,,,0.0,0.0,no_entry,False,False,1,1,c2657363d223
2026-06-04,US.META,LONG,False,-1,-1,-1,-1,-1,-1,True,,,0.0,0.0,no_entry,False,False,1,1,c2657363d223
2026-06-04,US.META,SHORT,False,-1,-1,-1,-1,-1,-1,True,,,0.0,0.0,no_entry,False,False,1,1,c2657363d223
2026-06-04,US.MSFT,LONG,False,-1,-1,-1,-1,-1,-1,True,,,0.0,0.0,no_entry,False,False,1,1,c2657363d223
2026-06-04,US.MSFT,SHORT,False,-1,-1,-1,-1,-1,-1,True,,,0.0,0.0,no_entry,False,False,1,1,c2657363d223
2026-06-04,US.MU,LONG,False,-1,-1,-1,-1,-1,-1,True,,,0.0,0.0,no_entry,False,False,1,1,c2657363d223
2026-06-04,US.MU,SHORT,False,-1,-1,-1,-1,-1,-1,True,,,0.0,0.0,no_entry,False,False,1,1,c2657363d223
2026-06-04,US.NVDA,LONG,False,-1,-1,-1,-1,-1,-1,True,,,0.0,0.0,no_entry,False,False,1,1,c2657363d223
2026-06-04,US.NVDA,SHORT,False,-1,-1,-1,-1,-1,-1,True,,,0.0,0.0,no_entry,False,False,1,1,c2657363d223
2026-06-04,US.QQQ,LONG,False,-1,-1,-1,-1,-1,-1,True,,,0.0,0.0,no_entry,False,False,1,1,c2657363d223
2026-06-04,US.QQQ,SHORT,False,-1,-1,-1,-1,-1,-1,True,,,0.0,0.0,no_entry,False,False,1,1,c2657363d223
2026-06-04,US.SPY,LONG,False,-1,-1,-1,-1,-1,-1,True,,,0.0,0.0,no_entry,False,False,1,1,c2657363d223
2026-06-04,US.SPY,SHORT,False,-1,-1,-1,-1,-1,-1,True,,,0.0,0.0,no_entry,False,False,1,1,c2657363d223
2026-06-04,US.TSLA,LONG,False,-1,-1,-1,-1,-1,-1,True,,,0.0,0.0,no_entry,False,False,1,1,c2657363d223
2026-06-04,US.TSLA,SHORT,False,-1,-1,-1,-1,-1,-1,True,,,0.0,0.0,no_entry,False,False,1,1,c2657363d223
2026-06-05,US.AAPL,LONG,True,19,22,589,589,592,592,True,314.029163918,313.849319026,-0.17984489200000553,-0.0005727012413629424,soft_failure_loss,False,False,1,1,c2657363d223
2026-06-05,US.AAPL,SHORT,False,-1,-1,-1,-1,-1,-1,True,,,0.0,0.0,no_entry,False,False,1,1,c2657363d223
2026-06-05,US.AMD,LONG,False,-1,-1,-1,-1,-1,-1,True,,,0.0,0.0,no_entry,False,False,1,1,c2657363d223
2026-06-05,US.AMD,SHORT,True,24,25,594,594,595,595,True,492.7401,493.73,-0.9899000000000342,-0.0020089698402870684,soft_failure_loss,False,False,1,1,c2657363d223
2026-06-05,US.IWM,LONG,False,-1,-1,-1,-1,-1,-1,True,,,0.0,0.0,no_entry,False,False,1,1,c2657363d223
2026-06-05,US.IWM,SHORT,True,39,40,609,609,610,610,True,285.959842549,286.079557806,-0.11971525700005259,-0.00041864359671249664,soft_failure_loss,False,False,1,1,c2657363d223
2026-06-05,US.META,LONG,False,-1,-1,-1,-1,-1,-1,True,,,0.0,0.0,no_entry,False,False,1,1,c2657363d223
2026-06-05,US.META,SHORT,False,-1,-1,-1,-1,-1,-1,True,,,0.0,0.0,no_entry,False,False,1,1,c2657363d223
2026-06-05,US.MSFT,LONG,False,-1,-1,-1,-1,-1,-1,True,,,0.0,0.0,no_entry,False,False,1,1,c2657363d223
2026-06-05,US.MSFT,SHORT,False,-1,-1,-1,-1,-1,-1,True,,,0.0,0.0,no_entry,False,False,1,1,c2657363d223
2026-06-05,US.MU,LONG,False,-1,-1,-1,-1,-1,-1,True,,,0.0,0.0,no_entry,False,False,1,1,c2657363d223
2026-06-05,US.MU,SHORT,True,108,375,678,678,-1,945,True,933.856290043,879.599733705,54.256556337999996,0.058099470889146895,scheduled_flatten,True,False,1,1,c2657363d223
2026-06-05,US.NVDA,LONG,False,-1,-1,-1,-1,-1,-1,True,,,0.0,0.0,no_entry,False,False,1,1,c2657363d223
2026-06-05,US.NVDA,SHORT,False,-1,-1,-1,-1,-1,-1,True,,,0.0,0.0,no_entry,False,False,1,1,c2657363d223
2026-06-05,US.QQQ,LONG,False,-1,-1,-1,-1,-1,-1,True,,,0.0,0.0,no_entry,False,False,1,1,c2657363d223
2026-06-05,US.QQQ,SHORT,True,40,45,610,610,615,615,True,724.902897651,725.342414359,-0.43951670800004194,-0.0006063111479127299,soft_failure_loss,False,False,1,1,c2657363d223
2026-06-05,US.SPY,LONG,False,-1,-1,-1,-1,-1,-1,True,,,0.0,0.0,no_entry,False,False,1,1,c2657363d223
2026-06-05,US.SPY,SHORT,True,25,375,595,595,-1,945,True,748.10317893,735.884649082,12.218529848000003,0.016332680026137532,scheduled_flatten,True,False,1,1,c2657363d223
2026-06-05,US.TSLA,LONG,False,-1,-1,-1,-1,-1,-1,True,,,0.0,0.0,no_entry,False,False,1,1,c2657363d223
2026-06-05,US.TSLA,SHORT,False,-1,-1,-1,-1,-1,-1,True,,,0.0,0.0,no_entry,False,False,1,1,c2657363d223
2026-06-08,US.AAPL,LONG,False,-1,-1,-1,-1,-1,-1,True,,,0.0,0.0,no_entry,False,False,1,1,c2657363d223
2026-06-08,US.AAPL,SHORT,False,-1,-1,-1,-1,-1,-1,True,,,0.0,0.0,no_entry,False,False,1,1,c2657363d223
2026-06-08,US.AMD,LONG,False,-1,-1,-1,-1,-1,-1,True,,,0.0,0.0,no_entry,False,False,1,1,c2657363d223
2026-06-08,US.AMD,SHORT,False,-1,-1,-1,-1,-1,-1,True,,,0.0,0.0,no_entry,False,False,1,1,c2657363d223
2026-06-08,US.IWM,LONG,False,-1,-1,-1,-1,-1,-1,True,,,0.0,0.0,no_entry,False,False,1,1,c2657363d223
2026-06-08,US.IWM,SHORT,False,-1,-1,-1,-1,-1,-1,True,,,0.0,0.0,no_entry,False,False,1,1,c2657363d223
2026-06-08,US.META,LONG,False,-1,-1,-1,-1,-1,-1,True,,,0.0,0.0,no_entry,False,False,1,1,c2657363d223
2026-06-08,US.META,SHORT,False,-1,-1,-1,-1,-1,-1,True,,,0.0,0.0,no_entry,False,False,1,1,c2657363d223
2026-06-08,US.MSFT,LONG,False,-1,-1,-1,-1,-1,-1,True,,,0.0,0.0,no_entry,False,False,1,1,c2657363d223
2026-06-08,US.MSFT,SHORT,True,129,130,699,699,700,700,True,410.411500701,410.631985638,-0.22048493699998062,-0.0005372289436903769,soft_failure_loss,False,False,1,1,c2657363d223
2026-06-08,US.MU,LONG,False,-1,-1,-1,-1,-1,-1,True,,,0.0,0.0,no_entry,False,False,1,1,c2657363d223
2026-06-08,US.MU,SHORT,False,-1,-1,-1,-1,-1,-1,True,,,0.0,0.0,no_entry,False,False,1,1,c2657363d223
2026-06-08,US.NVDA,LONG,False,-1,-1,-1,-1,-1,-1,True,,,0.0,0.0,no_entry,False,False,1,1,c2657363d223
2026-06-08,US.NVDA,SHORT,True,117,129,687,687,699,699,True,207.657637397,208.007246195,-0.34960879799999134,-0.0016835826622240194,soft_failure_loss,False,False,1,1,c2657363d223
2026-06-08,US.QQQ,LONG,False,-1,-1,-1,-1,-1,-1,True,,,0.0,0.0,no_entry,False,False,1,1,c2657363d223
2026-06-08,US.QQQ,SHORT,False,-1,-1,-1,-1,-1,-1,True,,,0.0,0.0,no_entry,False,False,1,1,c2657363d223
2026-06-08,US.SPY,LONG,False,-1,-1,-1,-1,-1,-1,True,,,0.0,0.0,no_entry,False,False,1,1,c2657363d223
2026-06-08,US.SPY,SHORT,False,-1,-1,-1,-1,-1,-1,True,,,0.0,0.0,no_entry,False,False,1,1,c2657363d223
2026-06-08,US.TSLA,LONG,True,26,375,596,596,-1,945,True,400.45,409.43,8.980000000000018,0.022424772131352275,scheduled_flatten,True,False,1,1,c2657363d223
2026-06-08,US.TSLA,SHORT,False,-1,-1,-1,-1,-1,-1,True,,,0.0,0.0,no_entry,False,False,1,1,c2657363d223
2026-06-09,US.AAPL,LONG,False,-1,-1,-1,-1,-1,-1,True,,,0.0,0.0,no_entry,False,False,1,1,c2657363d223
2026-06-09,US.AAPL,SHORT,False,-1,-1,-1,-1,-1,-1,True,,,0.0,0.0,no_entry,False,False,1,1,c2657363d223
2026-06-09,US.AMD,LONG,False,-1,-1,-1,-1,-1,-1,True,,,0.0,0.0,no_entry,False,False,1,1,c2657363d223
2026-06-09,US.AMD,SHORT,False,-1,-1,-1,-1,-1,-1,True,,,0.0,0.0,no_entry,False,False,1,1,c2657363d223
2026-06-09,US.IWM,LONG,True,39,40,609,609,610,610,True,289.341798544,288.992629046,-0.3491694980000375,-0.0012067717134444352,soft_failure_loss,False,False,1,1,c2657363d223
2026-06-09,US.IWM,SHORT,False,-1,-1,-1,-1,-1,-1,True,,,0.0,0.0,no_entry,False,False,1,1,c2657363d223
2026-06-09,US.META,LONG,False,-1,-1,-1,-1,-1,-1,True,,,0.0,0.0,no_entry,False,False,1,1,c2657363d223
2026-06-09,US.META,SHORT,False,-1,-1,-1,-1,-1,-1,True,,,0.0,0.0,no_entry,False,False,1,1,c2657363d223
2026-06-09,US.MSFT,LONG,False,-1,-1,-1,-1,-1,-1,True,,,0.0,0.0,no_entry,False,False,1,1,c2657363d223
2026-06-09,US.MSFT,SHORT,False,-1,-1,-1,-1,-1,-1,True,,,0.0,0.0,no_entry,False,False,1,1,c2657363d223
2026-06-09,US.MU,LONG,False,-1,-1,-1,-1,-1,-1,True,,,0.0,0.0,no_entry,False,False,1,1,c2657363d223
2026-06-09,US.MU,SHORT,False,-1,-1,-1,-1,-1,-1,True,,,0.0,0.0,no_entry,False,False,1,1,c2657363d223
2026-06-09,US.NVDA,LONG,False,-1,-1,-1,-1,-1,-1,True,,,0.0,0.0,no_entry,False,False,1,1,c2657363d223
2026-06-09,US.NVDA,SHORT,False,-1,-1,-1,-1,-1,-1,True,,,0.0,0.0,no_entry,False,False,1,1,c2657363d223
2026-06-09,US.QQQ,LONG,False,-1,-1,-1,-1,-1,-1,True,,,0.0,0.0,no_entry,False,False,1,1,c2657363d223
2026-06-09,US.QQQ,SHORT,False,-1,-1,-1,-1,-1,-1,True,,,0.0,0.0,no_entry,False,False,1,1,c2657363d223
2026-06-09,US.SPY,LONG,False,-1,-1,-1,-1,-1,-1,True,,,0.0,0.0,no_entry,False,False,1,1,c2657363d223
2026-06-09,US.SPY,SHORT,False,-1,-1,-1,-1,-1,-1,True,,,0.0,0.0,no_entry,False,False,1,1,c2657363d223
2026-06-09,US.TSLA,LONG,False,-1,-1,-1,-1,-1,-1,True,,,0.0,0.0,no_entry,False,False,1,1,c2657363d223
2026-06-09,US.TSLA,SHORT,False,-1,-1,-1,-1,-1,-1,True,,,0.0,0.0,no_entry,False,False,1,1,c2657363d223
2026-06-10,US.AAPL,LONG,False,-1,-1,-1,-1,-1,-1,True,,,0.0,0.0,no_entry,False,False,1,1,c2657363d223
2026-06-10,US.AAPL,SHORT,False,-1,-1,-1,-1,-1,-1,True,,,0.0,0.0,no_entry,False,False,1,1,c2657363d223
2026-06-10,US.AMD,LONG,False,-1,-1,-1,-1,-1,-1,True,,,0.0,0.0,no_entry,False,False,1,1,c2657363d223
2026-06-10,US.AMD,SHORT,False,-1,-1,-1,-1,-1,-1,True,,,0.0,0.0,no_entry,False,False,1,1,c2657363d223
2026-06-10,US.IWM,LONG,False,-1,-1,-1,-1,-1,-1,True,,,0.0,0.0,no_entry,False,False,1,1,c2657363d223
2026-06-10,US.IWM,SHORT,False,-1,-1,-1,-1,-1,-1,True,,,0.0,0.0,no_entry,False,False,1,1,c2657363d223
2026-06-10,US.META,LONG,False,-1,-1,-1,-1,-1,-1,True,,,0.0,0.0,no_entry,False,False,1,1,c2657363d223
2026-06-10,US.META,SHORT,False,-1,-1,-1,-1,-1,-1,True,,,0.0,0.0,no_entry,False,False,1,1,c2657363d223
2026-06-10,US.MSFT,LONG,False,-1,-1,-1,-1,-1,-1,True,,,0.0,0.0,no_entry,False,False,1,1,c2657363d223
2026-06-10,US.MSFT,SHORT,False,-1,-1,-1,-1,-1,-1,True,,,0.0,0.0,no_entry,False,False,1,1,c2657363d223
2026-06-10,US.MU,LONG,False,-1,-1,-1,-1,-1,-1,True,,,0.0,0.0,no_entry,False,False,1,1,c2657363d223
2026-06-10,US.MU,SHORT,False,-1,-1,-1,-1,-1,-1,True,,,0.0,0.0,no_entry,False,False,1,1,c2657363d223
2026-06-10,US.NVDA,LONG,False,-1,-1,-1,-1,-1,-1,True,,,0.0,0.0,no_entry,False,False,1,1,c2657363d223
2026-06-10,US.NVDA,SHORT,False,-1,-1,-1,-1,-1,-1,True,,,0.0,0.0,no_entry,False,False,1,1,c2657363d223
2026-06-10,US.QQQ,LONG,False,-1,-1,-1,-1,-1,-1,True,,,0.0,0.0,no_entry,False,False,1,1,c2657363d223
2026-06-10,US.QQQ,SHORT,False,-1,-1,-1,-1,-1,-1,True,,,0.0,0.0,no_entry,False,False,1,1,c2657363d223
2026-06-10,US.SPY,LONG,False,-1,-1,-1,-1,-1,-1,True,,,0.0,0.0,no_entry,False,False,1,1,c2657363d223
2026-06-10,US.SPY,SHORT,False,-1,-1,-1,-1,-1,-1,True,,,0.0,0.0,no_entry,False,False,1,1,c2657363d223
2026-06-10,US.TSLA,LONG,False,-1,-1,-1,-1,-1,-1,True,,,0.0,0.0,no_entry,False,False,1,1,c2657363d223
2026-06-10,US.TSLA,SHORT,False,-1,-1,-1,-1,-1,-1,True,,,0.0,0.0,no_entry,False,False,1,1,c2657363d223
2026-06-11,US.AAPL,LONG,False,-1,-1,-1,-1,-1,-1,True,,,0.0,0.0,no_entry,False,False,1,1,c2657363d223
2026-06-11,US.AAPL,SHORT,False,-1,-1,-1,-1,-1,-1,True,,,0.0,0.0,no_entry,False,False,1,1,c2657363d223
2026-06-11,US.AMD,LONG,False,-1,-1,-1,-1,-1,-1,True,,,0.0,0.0,no_entry,False,False,1,1,c2657363d223
2026-06-11,US.AMD,SHORT,False,-1,-1,-1,-1,-1,-1,True,,,0.0,0.0,no_entry,False,False,1,1,c2657363d223
2026-06-11,US.IWM,LONG,True,103,105,673,673,675,675,True,285.620649323,285.431100167,-0.18954915599999822,-0.0006636395388403541,soft_failure_loss,False,False,1,1,c2657363d223
2026-06-11,US.IWM,SHORT,False,-1,-1,-1,-1,-1,-1,True,,,0.0,0.0,no_entry,False,False,1,1,c2657363d223
2026-06-11,US.META,LONG,False,-1,-1,-1,-1,-1,-1,True,,,0.0,0.0,no_entry,False,False,1,1,c2657363d223
2026-06-11,US.META,SHORT,True,144,145,714,714,715,715,True,559.271657411,559.561388883,-0.2897314719999713,-0.0005180514123336884,soft_failure_loss,False,False,1,1,c2657363d223
2026-06-11,US.MSFT,LONG,False,-1,-1,-1,-1,-1,-1,True,,,0.0,0.0,no_entry,False,False,1,1,c2657363d223
2026-06-11,US.MSFT,SHORT,False,-1,-1,-1,-1,-1,-1,True,,,0.0,0.0,no_entry,False,False,1,1,c2657363d223
2026-06-11,US.MU,LONG,True,126,375,696,696,-1,945,True,914.829316042,987.558131685,72.72881564300008,0.07949987431279594,scheduled_flatten,True,False,1,1,c2657363d223
2026-06-11,US.MU,SHORT,False,-1,-1,-1,-1,-1,-1,True,,,0.0,0.0,no_entry,False,False,1,1,c2657363d223
2026-06-11,US.NVDA,LONG,False,-1,-1,-1,-1,-1,-1,True,,,0.0,0.0,no_entry,False,False,1,1,c2657363d223
2026-06-11,US.NVDA,SHORT,False,-1,-1,-1,-1,-1,-1,True,,,0.0,0.0,no_entry,False,False,1,1,c2657363d223
2026-06-11,US.QQQ,LONG,True,106,107,676,676,677,677,True,700.449786262,700.010269555,-0.43951670699993883,-0.0006274778229934953,soft_failure_loss,False,False,1,1,c2657363d223
2026-06-11,US.QQQ,SHORT,False,-1,-1,-1,-1,-1,-1,True,,,0.0,0.0,no_entry,False,False,1,1,c2657363d223
2026-06-11,US.SPY,LONG,True,54,55,624,624,625,625,True,727.605971715,727.256870863,-0.3491008519999923,-0.0004797938246399296,soft_failure_loss,False,False,1,1,c2657363d223
2026-06-11,US.SPY,SHORT,False,-1,-1,-1,-1,-1,-1,True,,,0.0,0.0,no_entry,False,False,1,1,c2657363d223
2026-06-11,US.TSLA,LONG,False,-1,-1,-1,-1,-1,-1,True,,,0.0,0.0,no_entry,False,False,1,1,c2657363d223
2026-06-11,US.TSLA,SHORT,False,-1,-1,-1,-1,-1,-1,True,,,0.0,0.0,no_entry,False,False,1,1,c2657363d223
2026-06-12,US.AAPL,LONG,False,-1,-1,-1,-1,-1,-1,True,,,0.0,0.0,no_entry,False,False,1,1,c2657363d223
2026-06-12,US.AAPL,SHORT,False,-1,-1,-1,-1,-1,-1,True,,,0.0,0.0,no_entry,False,False,1,1,c2657363d223
2026-06-12,US.AMD,LONG,False,-1,-1,-1,-1,-1,-1,True,,,0.0,0.0,no_entry,False,False,1,1,c2657363d223
2026-06-12,US.AMD,SHORT,False,-1,-1,-1,-1,-1,-1,True,,,0.0,0.0,no_entry,False,False,1,1,c2657363d223
2026-06-12,US.IWM,LONG,False,-1,-1,-1,-1,-1,-1,True,,,0.0,0.0,no_entry,False,False,1,1,c2657363d223
2026-06-12,US.IWM,SHORT,False,-1,-1,-1,-1,-1,-1,True,,,0.0,0.0,no_entry,False,False,1,1,c2657363d223
2026-06-12,US.META,LONG,False,-1,-1,-1,-1,-1,-1,True,,,0.0,0.0,no_entry,False,False,1,1,c2657363d223
2026-06-12,US.META,SHORT,False,-1,-1,-1,-1,-1,-1,True,,,0.0,0.0,no_entry,False,False,1,1,c2657363d223
2026-06-12,US.MSFT,LONG,False,-1,-1,-1,-1,-1,-1,True,,,0.0,0.0,no_entry,False,False,1,1,c2657363d223
2026-06-12,US.MSFT,SHORT,False,-1,-1,-1,-1,-1,-1,True,,,0.0,0.0,no_entry,False,False,1,1,c2657363d223
2026-06-12,US.MU,LONG,True,83,94,653,653,664,664,True,991.29755663,990.047748828,-1.2498078020000776,-0.0012607796656423779,soft_failure_loss,False,False,1,1,c2657363d223
2026-06-12,US.MU,SHORT,False,-1,-1,-1,-1,-1,-1,True,,,0.0,0.0,no_entry,False,False,1,1,c2657363d223
2026-06-12,US.NVDA,LONG,False,-1,-1,-1,-1,-1,-1,True,,,0.0,0.0,no_entry,False,False,1,1,c2657363d223
2026-06-12,US.NVDA,SHORT,False,-1,-1,-1,-1,-1,-1,True,,,0.0,0.0,no_entry,False,False,1,1,c2657363d223
2026-06-12,US.QQQ,LONG,False,-1,-1,-1,-1,-1,-1,True,,,0.0,0.0,no_entry,False,False,1,1,c2657363d223
2026-06-12,US.QQQ,SHORT,False,-1,-1,-1,-1,-1,-1,True,,,0.0,0.0,no_entry,False,False,1,1,c2657363d223
2026-06-12,US.SPY,LONG,False,-1,-1,-1,-1,-1,-1,True,,,0.0,0.0,no_entry,False,False,1,1,c2657363d223
2026-06-12,US.SPY,SHORT,False,-1,-1,-1,-1,-1,-1,True,,,0.0,0.0,no_entry,False,False,1,1,c2657363d223
2026-06-12,US.TSLA,LONG,False,-1,-1,-1,-1,-1,-1,True,,,0.0,0.0,no_entry,False,False,1,1,c2657363d223
2026-06-12,US.TSLA,SHORT,True,131,179,701,701,749,749,True,395.74,396.26,-0.5199999999999818,-0.0013139940364885576,trailing,False,False,1,1,c2657363d223
2026-06-15,US.AAPL,LONG,False,-1,-1,-1,-1,-1,-1,True,,,0.0,0.0,no_entry,False,False,1,1,c2657363d223
2026-06-15,US.AAPL,SHORT,False,-1,-1,-1,-1,-1,-1,True,,,0.0,0.0,no_entry,False,False,1,1,c2657363d223
2026-06-15,US.AMD,LONG,False,-1,-1,-1,-1,-1,-1,True,,,0.0,0.0,no_entry,False,False,1,1,c2657363d223
2026-06-15,US.AMD,SHORT,False,-1,-1,-1,-1,-1,-1,True,,,0.0,0.0,no_entry,False,False,1,1,c2657363d223
2026-06-15,US.IWM,LONG,False,-1,-1,-1,-1,-1,-1,True,,,0.0,0.0,no_entry,False,False,1,1,c2657363d223
2026-06-15,US.IWM,SHORT,False,-1,-1,-1,-1,-1,-1,True,,,0.0,0.0,no_entry,False,False,1,1,c2657363d223
2026-06-15,US.META,LONG,False,-1,-1,-1,-1,-1,-1,True,,,0.0,0.0,no_entry,False,False,1,1,c2657363d223
2026-06-15,US.META,SHORT,False,-1,-1,-1,-1,-1,-1,True,,,0.0,0.0,no_entry,False,False,1,1,c2657363d223
2026-06-15,US.MSFT,LONG,True,60,61,630,630,631,631,True,397.561590645,396.683244132,-0.8783465129999968,-0.002209334436898132,soft_failure_loss,False,False,1,1,c2657363d223
2026-06-15,US.MSFT,SHORT,False,-1,-1,-1,-1,-1,-1,True,,,0.0,0.0,no_entry,False,False,1,1,c2657363d223
2026-06-15,US.MU,LONG,False,-1,-1,-1,-1,-1,-1,True,,,0.0,0.0,no_entry,False,False,1,1,c2657363d223
2026-06-15,US.MU,SHORT,False,-1,-1,-1,-1,-1,-1,True,,,0.0,0.0,no_entry,False,False,1,1,c2657363d223
2026-06-15,US.NVDA,LONG,False,-1,-1,-1,-1,-1,-1,True,,,0.0,0.0,no_entry,False,False,1,1,c2657363d223
2026-06-15,US.NVDA,SHORT,False,-1,-1,-1,-1,-1,-1,True,,,0.0,0.0,no_entry,False,False,1,1,c2657363d223
2026-06-15,US.QQQ,LONG,True,25,27,595,595,597,597,True,740.295971445,739.786531625,-0.5094398200000114,-0.0006881569529625086,soft_failure_loss,False,False,1,1,c2657363d223
2026-06-15,US.QQQ,SHORT,False,-1,-1,-1,-1,-1,-1,True,,,0.0,0.0,no_entry,False,False,1,1,c2657363d223
2026-06-15,US.SPY,LONG,True,19,27,589,589,597,597,True,751.803647969,751.584113405,-0.21953456400001414,-0.0002920105064574872,soft_failure_loss,False,False,1,1,c2657363d223
2026-06-15,US.SPY,SHORT,False,-1,-1,-1,-1,-1,-1,True,,,0.0,0.0,no_entry,False,False,1,1,c2657363d223
2026-06-15,US.TSLA,LONG,False,-1,-1,-1,-1,-1,-1,True,,,0.0,0.0,no_entry,False,False,1,1,c2657363d223
2026-06-15,US.TSLA,SHORT,False,-1,-1,-1,-1,-1,-1,True,,,0.0,0.0,no_entry,False,False,1,1,c2657363d223
2026-06-16,US.AAPL,LONG,False,-1,-1,-1,-1,-1,-1,True,,,0.0,0.0,no_entry,False,False,1,1,c2657363d223
2026-06-16,US.AAPL,SHORT,False,-1,-1,-1,-1,-1,-1,True,,,0.0,0.0,no_entry,False,False,1,1,c2657363d223
2026-06-16,US.AMD,LONG,False,-1,-1,-1,-1,-1,-1,True,,,0.0,0.0,no_entry,False,False,1,1,c2657363d223
2026-06-16,US.AMD,SHORT,False,-1,-1,-1,-1,-1,-1,True,,,0.0,0.0,no_entry,False,False,1,1,c2657363d223
2026-06-16,US.IWM,LONG,False,-1,-1,-1,-1,-1,-1,True,,,0.0,0.0,no_entry,False,False,1,1,c2657363d223
2026-06-16,US.IWM,SHORT,False,-1,-1,-1,-1,-1,-1,True,,,0.0,0.0,no_entry,False,False,1,1,c2657363d223
2026-06-16,US.META,LONG,False,-1,-1,-1,-1,-1,-1,True,,,0.0,0.0,no_entry,False,False,1,1,c2657363d223
2026-06-16,US.META,SHORT,False,-1,-1,-1,-1,-1,-1,True,,,0.0,0.0,no_entry,False,False,1,1,c2657363d223
2026-06-16,US.MSFT,LONG,False,-1,-1,-1,-1,-1,-1,True,,,0.0,0.0,no_entry,False,False,1,1,c2657363d223
2026-06-16,US.MSFT,SHORT,False,-1,-1,-1,-1,-1,-1,True,,,0.0,0.0,no_entry,False,False,1,1,c2657363d223
2026-06-16,US.MU,LONG,False,-1,-1,-1,-1,-1,-1,True,,,0.0,0.0,no_entry,False,False,1,1,c2657363d223
2026-06-16,US.MU,SHORT,False,-1,-1,-1,-1,-1,-1,True,,,0.0,0.0,no_entry,False,False,1,1,c2657363d223
2026-06-16,US.NVDA,LONG,False,-1,-1,-1,-1,-1,-1,True,,,0.0,0.0,no_entry,False,False,1,1,c2657363d223
2026-06-16,US.NVDA,SHORT,True,30,31,600,600,601,601,True,208.481715278,208.696474969,-0.2147596910000118,-0.001030112836099993,soft_failure_loss,False,False,1,1,c2657363d223
2026-06-16,US.QQQ,LONG,False,-1,-1,-1,-1,-1,-1,True,,,0.0,0.0,no_entry,False,False,1,1,c2657363d223
2026-06-16,US.QQQ,SHORT,True,51,375,621,621,-1,945,True,739.826487689,731.575560399,8.25092729000005,0.011152516741828905,scheduled_flatten,True,False,1,1,c2657363d223
2026-06-16,US.SPY,LONG,False,-1,-1,-1,-1,-1,-1,True,,,0.0,0.0,no_entry,False,False,1,1,c2657363d223
2026-06-16,US.SPY,SHORT,True,36,37,606,606,607,607,True,752.282414853,752.422055194,-0.13964034100001754,-0.0001856222320806263,soft_failure_loss,False,False,1,1,c2657363d223
2026-06-16,US.TSLA,LONG,False,-1,-1,-1,-1,-1,-1,True,,,0.0,0.0,no_entry,False,False,1,1,c2657363d223
2026-06-16,US.TSLA,SHORT,False,-1,-1,-1,-1,-1,-1,True,,,0.0,0.0,no_entry,False,False,1,1,c2657363d223
2026-06-17,US.AAPL,LONG,False,-1,-1,-1,-1,-1,-1,True,,,0.0,0.0,no_entry,False,False,1,1,c2657363d223
2026-06-17,US.AAPL,SHORT,False,-1,-1,-1,-1,-1,-1,True,,,0.0,0.0,no_entry,False,False,1,1,c2657363d223
2026-06-17,US.AMD,LONG,False,-1,-1,-1,-1,-1,-1,True,,,0.0,0.0,no_entry,False,False,1,1,c2657363d223
2026-06-17,US.AMD,SHORT,False,-1,-1,-1,-1,-1,-1,True,,,0.0,0.0,no_entry,False,False,1,1,c2657363d223
2026-06-17,US.IWM,LONG,False,-1,-1,-1,-1,-1,-1,True,,,0.0,0.0,no_entry,False,False,1,1,c2657363d223
2026-06-17,US.IWM,SHORT,False,-1,-1,-1,-1,-1,-1,True,,,0.0,0.0,no_entry,False,False,1,1,c2657363d223
2026-06-17,US.META,LONG,False,-1,-1,-1,-1,-1,-1,True,,,0.0,0.0,no_entry,False,False,1,1,c2657363d223
2026-06-17,US.META,SHORT,False,-1,-1,-1,-1,-1,-1,True,,,0.0,0.0,no_entry,False,False,1,1,c2657363d223
2026-06-17,US.MSFT,LONG,False,-1,-1,-1,-1,-1,-1,True,,,0.0,0.0,no_entry,False,False,1,1,c2657363d223
2026-06-17,US.MSFT,SHORT,True,144,163,714,714,733,733,True,385.000237382,385.174908564,-0.17467118199999732,-0.00045369110208284705,soft_failure_loss,False,False,1,1,c2657363d223
2026-06-17,US.MU,LONG,False,-1,-1,-1,-1,-1,-1,True,,,0.0,0.0,no_entry,False,False,1,1,c2657363d223
2026-06-17,US.MU,SHORT,False,-1,-1,-1,-1,-1,-1,True,,,0.0,0.0,no_entry,False,False,1,1,c2657363d223
2026-06-17,US.NVDA,LONG,True,22,24,592,592,594,594,True,208.786374374,208.581603507,-0.20477086699997926,-0.0009807673877854322,soft_failure_loss,False,False,1,1,c2657363d223
2026-06-17,US.NVDA,SHORT,True,71,73,641,641,643,643,True,206.63877747,206.948430977,-0.30965350699997884,-0.0014985256435953054,soft_failure_loss,False,False,1,1,c2657363d223
2026-06-17,US.QQQ,LONG,False,-1,-1,-1,-1,-1,-1,True,,,0.0,0.0,no_entry,False,False,1,1,c2657363d223
2026-06-17,US.QQQ,SHORT,False,-1,-1,-1,-1,-1,-1,True,,,0.0,0.0,no_entry,False,False,1,1,c2657363d223
2026-06-17,US.SPY,LONG,False,-1,-1,-1,-1,-1,-1,True,,,0.0,0.0,no_entry,False,False,1,1,c2657363d223
2026-06-17,US.SPY,SHORT,True,69,74,639,639,644,644,True,748.152950737,748.402408232,-0.24945749500000147,-0.0003334311450008487,soft_failure_loss,False,False,1,1,c2657363d223
2026-06-17,US.TSLA,LONG,False,-1,-1,-1,-1,-1,-1,True,,,0.0,0.0,no_entry,False,False,1,1,c2657363d223
2026-06-17,US.TSLA,SHORT,True,79,85,649,649,655,655,True,398.7,399.3782,-0.6782000000000039,-0.0017010283421118734,soft_failure_loss,False,False,1,1,c2657363d223
2026-06-18,US.AAPL,LONG,False,-1,-1,-1,-1,-1,-1,True,,,0.0,0.0,no_entry,False,False,1,1,c2657363d223
2026-06-18,US.AAPL,SHORT,False,-1,-1,-1,-1,-1,-1,True,,,0.0,0.0,no_entry,False,False,1,1,c2657363d223
2026-06-18,US.AMD,LONG,False,-1,-1,-1,-1,-1,-1,True,,,0.0,0.0,no_entry,False,False,1,1,c2657363d223
2026-06-18,US.AMD,SHORT,False,-1,-1,-1,-1,-1,-1,True,,,0.0,0.0,no_entry,False,False,1,1,c2657363d223
2026-06-18,US.IWM,LONG,False,-1,-1,-1,-1,-1,-1,True,,,0.0,0.0,no_entry,False,False,1,1,c2657363d223
2026-06-18,US.IWM,SHORT,True,129,130,699,699,700,700,True,292.73,293.1701,-0.4400999999999726,-0.0015034331978272559,soft_failure_loss,False,False,1,1,c2657363d223
2026-06-18,US.META,LONG,False,-1,-1,-1,-1,-1,-1,True,,,0.0,0.0,no_entry,False,False,1,1,c2657363d223
2026-06-18,US.META,SHORT,False,-1,-1,-1,-1,-1,-1,True,,,0.0,0.0,no_entry,False,False,1,1,c2657363d223
2026-06-18,US.MSFT,LONG,False,-1,-1,-1,-1,-1,-1,True,,,0.0,0.0,no_entry,False,False,1,1,c2657363d223
2026-06-18,US.MSFT,SHORT,False,-1,-1,-1,-1,-1,-1,True,,,0.0,0.0,no_entry,False,False,1,1,c2657363d223
2026-06-18,US.MU,LONG,False,-1,-1,-1,-1,-1,-1,True,,,0.0,0.0,no_entry,False,False,1,1,c2657363d223
2026-06-18,US.MU,SHORT,False,-1,-1,-1,-1,-1,-1,True,,,0.0,0.0,no_entry,False,False,1,1,c2657363d223
2026-06-18,US.NVDA,LONG,False,-1,-1,-1,-1,-1,-1,True,,,0.0,0.0,no_entry,False,False,1,1,c2657363d223
2026-06-18,US.NVDA,SHORT,False,-1,-1,-1,-1,-1,-1,True,,,0.0,0.0,no_entry,False,False,1,1,c2657363d223
2026-06-18,US.QQQ,LONG,False,-1,-1,-1,-1,-1,-1,True,,,0.0,0.0,no_entry,False,False,1,1,c2657363d223
2026-06-18,US.QQQ,SHORT,False,-1,-1,-1,-1,-1,-1,True,,,0.0,0.0,no_entry,False,False,1,1,c2657363d223
2026-06-18,US.SPY,LONG,False,-1,-1,-1,-1,-1,-1,True,,,0.0,0.0,no_entry,False,False,1,1,c2657363d223
2026-06-18,US.SPY,SHORT,False,-1,-1,-1,-1,-1,-1,True,,,0.0,0.0,no_entry,False,False,1,1,c2657363d223
2026-06-18,US.TSLA,LONG,False,-1,-1,-1,-1,-1,-1,True,,,0.0,0.0,no_entry,False,False,1,1,c2657363d223
2026-06-18,US.TSLA,SHORT,False,-1,-1,-1,-1,-1,-1,True,,,0.0,0.0,no_entry,False,False,1,1,c2657363d223
2026-06-22,US.AAPL,LONG,False,-1,-1,-1,-1,-1,-1,True,,,0.0,0.0,no_entry,False,False,1,1,c2657363d223
2026-06-22,US.AAPL,SHORT,False,-1,-1,-1,-1,-1,-1,True,,,0.0,0.0,no_entry,False,False,1,1,c2657363d223
2026-06-22,US.AMD,LONG,True,32,38,602,602,608,608,True,554.045,553.475,-0.5699999999999363,-0.0010287972998581998,soft_failure_loss,False,False,1,1,c2657363d223
2026-06-22,US.AMD,SHORT,False,-1,-1,-1,-1,-1,-1,True,,,0.0,0.0,no_entry,False,False,1,1,c2657363d223
2026-06-22,US.IWM,LONG,True,19,20,589,589,590,590,True,299.01,298.91,-0.0999999999999659,-0.0003344369753518809,soft_failure_loss,False,False,1,1,c2657363d223
2026-06-22,US.IWM,SHORT,False,-1,-1,-1,-1,-1,-1,True,,,0.0,0.0,no_entry,False,False,1,1,c2657363d223
2026-06-22,US.META,LONG,False,-1,-1,-1,-1,-1,-1,True,,,0.0,0.0,no_entry,False,False,1,1,c2657363d223
2026-06-22,US.META,SHORT,False,-1,-1,-1,-1,-1,-1,True,,,0.0,0.0,no_entry,False,False,1,1,c2657363d223
2026-06-22,US.MSFT,LONG,False,-1,-1,-1,-1,-1,-1,True,,,0.0,0.0,no_entry,False,False,1,1,c2657363d223
2026-06-22,US.MSFT,SHORT,False,-1,-1,-1,-1,-1,-1,True,,,0.0,0.0,no_entry,False,False,1,1,c2657363d223
2026-06-22,US.MU,LONG,False,-1,-1,-1,-1,-1,-1,True,,,0.0,0.0,no_entry,False,False,1,1,c2657363d223
2026-06-22,US.MU,SHORT,False,-1,-1,-1,-1,-1,-1,True,,,0.0,0.0,no_entry,False,False,1,1,c2657363d223
2026-06-22,US.NVDA,LONG,False,-1,-1,-1,-1,-1,-1,True,,,0.0,0.0,no_entry,False,False,1,1,c2657363d223
2026-06-22,US.NVDA,SHORT,False,-1,-1,-1,-1,-1,-1,True,,,0.0,0.0,no_entry,False,False,1,1,c2657363d223
2026-06-22,US.QQQ,LONG,False,-1,-1,-1,-1,-1,-1,True,,,0.0,0.0,no_entry,False,False,1,1,c2657363d223
2026-06-22,US.QQQ,SHORT,False,-1,-1,-1,-1,-1,-1,True,,,0.0,0.0,no_entry,False,False,1,1,c2657363d223
2026-06-22,US.SPY,LONG,False,-1,-1,-1,-1,-1,-1,True,,,0.0,0.0,no_entry,False,False,1,1,c2657363d223
2026-06-22,US.SPY,SHORT,False,-1,-1,-1,-1,-1,-1,True,,,0.0,0.0,no_entry,False,False,1,1,c2657363d223
2026-06-22,US.TSLA,LONG,True,93,375,663,663,-1,945,True,407.96,405.31,-2.6499999999999773,-0.006495734875968177,scheduled_flatten,True,False,1,1,c2657363d223
2026-06-22,US.TSLA,SHORT,False,-1,-1,-1,-1,-1,-1,True,,,0.0,0.0,no_entry,False,False,1,1,c2657363d223
2026-06-23,US.AAPL,LONG,False,-1,-1,-1,-1,-1,-1,True,,,0.0,0.0,no_entry,False,False,1,1,c2657363d223
2026-06-23,US.AAPL,SHORT,False,-1,-1,-1,-1,-1,-1,True,,,0.0,0.0,no_entry,False,False,1,1,c2657363d223
2026-06-23,US.AMD,LONG,False,-1,-1,-1,-1,-1,-1,True,,,0.0,0.0,no_entry,False,False,1,1,c2657363d223
2026-06-23,US.AMD,SHORT,False,-1,-1,-1,-1,-1,-1,True,,,0.0,0.0,no_entry,False,False,1,1,c2657363d223
2026-06-23,US.IWM,LONG,False,-1,-1,-1,-1,-1,-1,True,,,0.0,0.0,no_entry,False,False,1,1,c2657363d223
2026-06-23,US.IWM,SHORT,False,-1,-1,-1,-1,-1,-1,True,,,0.0,0.0,no_entry,False,False,1,1,c2657363d223
2026-06-23,US.META,LONG,False,-1,-1,-1,-1,-1,-1,True,,,0.0,0.0,no_entry,False,False,1,1,c2657363d223
2026-06-23,US.META,SHORT,False,-1,-1,-1,-1,-1,-1,True,,,0.0,0.0,no_entry,False,False,1,1,c2657363d223
2026-06-23,US.MSFT,LONG,False,-1,-1,-1,-1,-1,-1,True,,,0.0,0.0,no_entry,False,False,1,1,c2657363d223
2026-06-23,US.MSFT,SHORT,False,-1,-1,-1,-1,-1,-1,True,,,0.0,0.0,no_entry,False,False,1,1,c2657363d223
2026-06-23,US.MU,LONG,False,-1,-1,-1,-1,-1,-1,True,,,0.0,0.0,no_entry,False,False,1,1,c2657363d223
2026-06-23,US.MU,SHORT,False,-1,-1,-1,-1,-1,-1,True,,,0.0,0.0,no_entry,False,False,1,1,c2657363d223
2026-06-23,US.NVDA,LONG,False,-1,-1,-1,-1,-1,-1,True,,,0.0,0.0,no_entry,False,False,1,1,c2657363d223
2026-06-23,US.NVDA,SHORT,False,-1,-1,-1,-1,-1,-1,True,,,0.0,0.0,no_entry,False,False,1,1,c2657363d223
2026-06-23,US.QQQ,LONG,False,-1,-1,-1,-1,-1,-1,True,,,0.0,0.0,no_entry,False,False,1,1,c2657363d223
2026-06-23,US.QQQ,SHORT,False,-1,-1,-1,-1,-1,-1,True,,,0.0,0.0,no_entry,False,False,1,1,c2657363d223
2026-06-23,US.SPY,LONG,False,-1,-1,-1,-1,-1,-1,True,,,0.0,0.0,no_entry,False,False,1,1,c2657363d223
2026-06-23,US.SPY,SHORT,False,-1,-1,-1,-1,-1,-1,True,,,0.0,0.0,no_entry,False,False,1,1,c2657363d223
2026-06-23,US.TSLA,LONG,False,-1,-1,-1,-1,-1,-1,True,,,0.0,0.0,no_entry,False,False,1,1,c2657363d223
2026-06-23,US.TSLA,SHORT,True,27,28,597,597,598,598,True,387.61,389.3,-1.6899999999999977,-0.004360052630221093,soft_failure_loss,False,False,1,1,c2657363d223
2026-06-24,US.AAPL,LONG,False,-1,-1,-1,-1,-1,-1,True,,,0.0,0.0,no_entry,False,False,1,1,c2657363d223
2026-06-24,US.AAPL,SHORT,False,-1,-1,-1,-1,-1,-1,True,,,0.0,0.0,no_entry,False,False,1,1,c2657363d223
2026-06-24,US.AMD,LONG,False,-1,-1,-1,-1,-1,-1,True,,,0.0,0.0,no_entry,False,False,1,1,c2657363d223
2026-06-24,US.AMD,SHORT,False,-1,-1,-1,-1,-1,-1,True,,,0.0,0.0,no_entry,False,False,1,1,c2657363d223
2026-06-24,US.IWM,LONG,False,-1,-1,-1,-1,-1,-1,True,,,0.0,0.0,no_entry,False,False,1,1,c2657363d223
2026-06-24,US.IWM,SHORT,False,-1,-1,-1,-1,-1,-1,True,,,0.0,0.0,no_entry,False,False,1,1,c2657363d223
2026-06-24,US.META,LONG,False,-1,-1,-1,-1,-1,-1,True,,,0.0,0.0,no_entry,False,False,1,1,c2657363d223
2026-06-24,US.META,SHORT,False,-1,-1,-1,-1,-1,-1,True,,,0.0,0.0,no_entry,False,False,1,1,c2657363d223
2026-06-24,US.MSFT,LONG,False,-1,-1,-1,-1,-1,-1,True,,,0.0,0.0,no_entry,False,False,1,1,c2657363d223
2026-06-24,US.MSFT,SHORT,False,-1,-1,-1,-1,-1,-1,True,,,0.0,0.0,no_entry,False,False,1,1,c2657363d223
2026-06-24,US.MU,LONG,False,-1,-1,-1,-1,-1,-1,True,,,0.0,0.0,no_entry,False,False,1,1,c2657363d223
2026-06-24,US.MU,SHORT,False,-1,-1,-1,-1,-1,-1,True,,,0.0,0.0,no_entry,False,False,1,1,c2657363d223
2026-06-24,US.NVDA,LONG,False,-1,-1,-1,-1,-1,-1,True,,,0.0,0.0,no_entry,False,False,1,1,c2657363d223
2026-06-24,US.NVDA,SHORT,True,52,55,622,622,625,625,True,199.092221837,199.377003175,-0.2847813379999877,-0.0014303991154066419,soft_failure_loss,False,False,1,1,c2657363d223
2026-06-24,US.QQQ,LONG,False,-1,-1,-1,-1,-1,-1,True,,,0.0,0.0,no_entry,False,False,1,1,c2657363d223
2026-06-24,US.QQQ,SHORT,False,-1,-1,-1,-1,-1,-1,True,,,0.0,0.0,no_entry,False,False,1,1,c2657363d223
2026-06-24,US.SPY,LONG,False,-1,-1,-1,-1,-1,-1,True,,,0.0,0.0,no_entry,False,False,1,1,c2657363d223
2026-06-24,US.SPY,SHORT,False,-1,-1,-1,-1,-1,-1,True,,,0.0,0.0,no_entry,False,False,1,1,c2657363d223
2026-06-24,US.TSLA,LONG,False,-1,-1,-1,-1,-1,-1,True,,,0.0,0.0,no_entry,False,False,1,1,c2657363d223
2026-06-24,US.TSLA,SHORT,False,-1,-1,-1,-1,-1,-1,True,,,0.0,0.0,no_entry,False,False,1,1,c2657363d223
2026-06-25,US.AAPL,LONG,False,-1,-1,-1,-1,-1,-1,True,,,0.0,0.0,no_entry,False,False,1,1,c2657363d223
2026-06-25,US.AAPL,SHORT,False,-1,-1,-1,-1,-1,-1,True,,,0.0,0.0,no_entry,False,False,1,1,c2657363d223
2026-06-25,US.AMD,LONG,False,-1,-1,-1,-1,-1,-1,True,,,0.0,0.0,no_entry,False,False,1,1,c2657363d223
2026-06-25,US.AMD,SHORT,False,-1,-1,-1,-1,-1,-1,True,,,0.0,0.0,no_entry,False,False,1,1,c2657363d223
2026-06-25,US.IWM,LONG,False,-1,-1,-1,-1,-1,-1,True,,,0.0,0.0,no_entry,False,False,1,1,c2657363d223
2026-06-25,US.IWM,SHORT,True,122,123,692,692,693,693,True,298.83,299.09,-0.2599999999999909,-0.0008700599002777195,soft_failure_loss,False,False,1,1,c2657363d223
2026-06-25,US.META,LONG,False,-1,-1,-1,-1,-1,-1,True,,,0.0,0.0,no_entry,False,False,1,1,c2657363d223
2026-06-25,US.META,SHORT,False,-1,-1,-1,-1,-1,-1,True,,,0.0,0.0,no_entry,False,False,1,1,c2657363d223
2026-06-25,US.MSFT,LONG,False,-1,-1,-1,-1,-1,-1,True,,,0.0,0.0,no_entry,False,False,1,1,c2657363d223
2026-06-25,US.MSFT,SHORT,True,33,48,603,603,618,618,True,357.646730336,357.871307569,-0.22457723299999088,-0.0006279303400565309,soft_failure_loss,False,False,1,1,c2657363d223
2026-06-25,US.MU,LONG,False,-1,-1,-1,-1,-1,-1,True,,,0.0,0.0,no_entry,False,False,1,1,c2657363d223
2026-06-25,US.MU,SHORT,False,-1,-1,-1,-1,-1,-1,True,,,0.0,0.0,no_entry,False,False,1,1,c2657363d223
2026-06-25,US.NVDA,LONG,False,-1,-1,-1,-1,-1,-1,True,,,0.0,0.0,no_entry,False,False,1,1,c2657363d223
2026-06-25,US.NVDA,SHORT,False,-1,-1,-1,-1,-1,-1,True,,,0.0,0.0,no_entry,False,False,1,1,c2657363d223
2026-06-25,US.QQQ,LONG,False,-1,-1,-1,-1,-1,-1,True,,,0.0,0.0,no_entry,False,False,1,1,c2657363d223
2026-06-25,US.QQQ,SHORT,True,102,164,672,672,734,734,True,712.54,718.39,-5.850000000000023,-0.008210065399837235,trailing,False,False,1,1,c2657363d223
2026-06-25,US.SPY,LONG,False,-1,-1,-1,-1,-1,-1,True,,,0.0,0.0,no_entry,False,False,1,1,c2657363d223
2026-06-25,US.SPY,SHORT,True,102,375,672,672,-1,945,True,733.865,731.976,1.88900000000001,0.0025740429097995,scheduled_flatten,True,False,1,1,c2657363d223
2026-06-25,US.TSLA,LONG,False,-1,-1,-1,-1,-1,-1,True,,,0.0,0.0,no_entry,False,False,1,1,c2657363d223
2026-06-25,US.TSLA,SHORT,False,-1,-1,-1,-1,-1,-1,True,,,0.0,0.0,no_entry,False,False,1,1,c2657363d223
2026-06-26,US.AAPL,LONG,False,-1,-1,-1,-1,-1,-1,True,,,0.0,0.0,no_entry,False,False,1,1,c2657363d223
2026-06-26,US.AAPL,SHORT,False,-1,-1,-1,-1,-1,-1,True,,,0.0,0.0,no_entry,False,False,1,1,c2657363d223
2026-06-26,US.AMD,LONG,False,-1,-1,-1,-1,-1,-1,True,,,0.0,0.0,no_entry,False,False,1,1,c2657363d223
2026-06-26,US.AMD,SHORT,False,-1,-1,-1,-1,-1,-1,True,,,0.0,0.0,no_entry,False,False,1,1,c2657363d223
2026-06-26,US.IWM,LONG,False,-1,-1,-1,-1,-1,-1,True,,,0.0,0.0,no_entry,False,False,1,1,c2657363d223
2026-06-26,US.IWM,SHORT,False,-1,-1,-1,-1,-1,-1,True,,,0.0,0.0,no_entry,False,False,1,1,c2657363d223
2026-06-26,US.META,LONG,False,-1,-1,-1,-1,-1,-1,True,,,0.0,0.0,no_entry,False,False,1,1,c2657363d223
2026-06-26,US.META,SHORT,False,-1,-1,-1,-1,-1,-1,True,,,0.0,0.0,no_entry,False,False,1,1,c2657363d223
2026-06-26,US.MSFT,LONG,False,-1,-1,-1,-1,-1,-1,True,,,0.0,0.0,no_entry,False,False,1,1,c2657363d223
2026-06-26,US.MSFT,SHORT,False,-1,-1,-1,-1,-1,-1,True,,,0.0,0.0,no_entry,False,False,1,1,c2657363d223
2026-06-26,US.MU,LONG,True,120,124,690,690,694,694,True,1166.360635142,1164.420933433,-1.939701709000019,-0.0016630377008255834,soft_failure_loss,False,False,1,1,c2657363d223
2026-06-26,US.MU,SHORT,False,-1,-1,-1,-1,-1,-1,True,,,0.0,0.0,no_entry,False,False,1,1,c2657363d223
2026-06-26,US.NVDA,LONG,True,120,375,690,690,-1,945,True,193.423564892,194.522335401,1.0987705089999906,0.005680644494446684,scheduled_flatten,True,False,1,1,c2657363d223
2026-06-26,US.NVDA,SHORT,False,-1,-1,-1,-1,-1,-1,True,,,0.0,0.0,no_entry,False,False,1,1,c2657363d223
2026-06-26,US.QQQ,LONG,False,-1,-1,-1,-1,-1,-1,True,,,0.0,0.0,no_entry,False,False,1,1,c2657363d223
2026-06-26,US.QQQ,SHORT,False,-1,-1,-1,-1,-1,-1,True,,,0.0,0.0,no_entry,False,False,1,1,c2657363d223
2026-06-26,US.SPY,LONG,False,-1,-1,-1,-1,-1,-1,True,,,0.0,0.0,no_entry,False,False,1,1,c2657363d223
2026-06-26,US.SPY,SHORT,False,-1,-1,-1,-1,-1,-1,True,,,0.0,0.0,no_entry,False,False,1,1,c2657363d223
2026-06-26,US.TSLA,LONG,False,-1,-1,-1,-1,-1,-1,True,,,0.0,0.0,no_entry,False,False,1,1,c2657363d223
2026-06-26,US.TSLA,SHORT,False,-1,-1,-1,-1,-1,-1,True,,,0.0,0.0,no_entry,False,False,1,1,c2657363d223
2026-06-29,US.AAPL,LONG,False,-1,-1,-1,-1,-1,-1,True,,,0.0,0.0,no_entry,False,False,1,1,c2657363d223
2026-06-29,US.AAPL,SHORT,True,148,375,718,718,-1,945,True,281.776979981,281.557169558,0.21981042300001263,0.0007800865174111606,scheduled_flatten,True,False,1,1,c2657363d223
2026-06-29,US.AMD,LONG,False,-1,-1,-1,-1,-1,-1,True,,,0.0,0.0,no_entry,False,False,1,1,c2657363d223
2026-06-29,US.AMD,SHORT,False,-1,-1,-1,-1,-1,-1,True,,,0.0,0.0,no_entry,False,False,1,1,c2657363d223
2026-06-29,US.IWM,LONG,False,-1,-1,-1,-1,-1,-1,True,,,0.0,0.0,no_entry,False,False,1,1,c2657363d223
2026-06-29,US.IWM,SHORT,True,76,80,646,646,650,650,True,296.57,296.8,-0.2300000000000182,-0.0007755336008362888,soft_failure_loss,False,False,1,1,c2657363d223
2026-06-29,US.META,LONG,True,57,58,627,627,628,628,True,567.99,567.41,-0.5800000000000409,-0.0010211447384637774,soft_failure_loss,False,False,1,1,c2657363d223
2026-06-29,US.META,SHORT,False,-1,-1,-1,-1,-1,-1,True,,,0.0,0.0,no_entry,False,False,1,1,c2657363d223
2026-06-29,US.MSFT,LONG,False,-1,-1,-1,-1,-1,-1,True,,,0.0,0.0,no_entry,False,False,1,1,c2657363d223
2026-06-29,US.MSFT,SHORT,False,-1,-1,-1,-1,-1,-1,True,,,0.0,0.0,no_entry,False,False,1,1,c2657363d223
2026-06-29,US.MU,LONG,False,-1,-1,-1,-1,-1,-1,True,,,0.0,0.0,no_entry,False,False,1,1,c2657363d223
2026-06-29,US.MU,SHORT,False,-1,-1,-1,-1,-1,-1,True,,,0.0,0.0,no_entry,False,False,1,1,c2657363d223
2026-06-29,US.NVDA,LONG,False,-1,-1,-1,-1,-1,-1,True,,,0.0,0.0,no_entry,False,False,1,1,c2657363d223
2026-06-29,US.NVDA,SHORT,False,-1,-1,-1,-1,-1,-1,True,,,0.0,0.0,no_entry,False,False,1,1,c2657363d223
2026-06-29,US.QQQ,LONG,False,-1,-1,-1,-1,-1,-1,True,,,0.0,0.0,no_entry,False,False,1,1,c2657363d223
2026-06-29,US.QQQ,SHORT,False,-1,-1,-1,-1,-1,-1,True,,,0.0,0.0,no_entry,False,False,1,1,c2657363d223
2026-06-29,US.SPY,LONG,False,-1,-1,-1,-1,-1,-1,True,,,0.0,0.0,no_entry,False,False,1,1,c2657363d223
2026-06-29,US.SPY,SHORT,False,-1,-1,-1,-1,-1,-1,True,,,0.0,0.0,no_entry,False,False,1,1,c2657363d223
2026-06-29,US.TSLA,LONG,False,-1,-1,-1,-1,-1,-1,True,,,0.0,0.0,no_entry,False,False,1,1,c2657363d223
2026-06-29,US.TSLA,SHORT,False,-1,-1,-1,-1,-1,-1,True,,,0.0,0.0,no_entry,False,False,1,1,c2657363d223
2026-06-30,US.AAPL,LONG,False,-1,-1,-1,-1,-1,-1,True,,,0.0,0.0,no_entry,False,False,1,1,c2657363d223
2026-06-30,US.AAPL,SHORT,False,-1,-1,-1,-1,-1,-1,True,,,0.0,0.0,no_entry,False,False,1,1,c2657363d223
2026-06-30,US.AMD,LONG,False,-1,-1,-1,-1,-1,-1,True,,,0.0,0.0,no_entry,False,False,1,1,c2657363d223
2026-06-30,US.AMD,SHORT,False,-1,-1,-1,-1,-1,-1,True,,,0.0,0.0,no_entry,False,False,1,1,c2657363d223
2026-06-30,US.IWM,LONG,False,-1,-1,-1,-1,-1,-1,True,,,0.0,0.0,no_entry,False,False,1,1,c2657363d223
2026-06-30,US.IWM,SHORT,False,-1,-1,-1,-1,-1,-1,True,,,0.0,0.0,no_entry,False,False,1,1,c2657363d223
2026-06-30,US.META,LONG,False,-1,-1,-1,-1,-1,-1,True,,,0.0,0.0,no_entry,False,False,1,1,c2657363d223
2026-06-30,US.META,SHORT,True,31,32,601,601,602,602,True,554.68,555.66,-0.9800000000000182,-0.0017667844522968527,soft_failure_loss,False,False,1,1,c2657363d223
2026-06-30,US.MSFT,LONG,True,28,29,598,598,599,599,True,371.466714228,371.19921779,-0.2674964380000233,-0.0007201087681730712,soft_failure_loss,False,False,1,1,c2657363d223
2026-06-30,US.MSFT,SHORT,False,-1,-1,-1,-1,-1,-1,True,,,0.0,0.0,no_entry,False,False,1,1,c2657363d223
2026-06-30,US.MU,LONG,False,-1,-1,-1,-1,-1,-1,True,,,0.0,0.0,no_entry,False,False,1,1,c2657363d223
2026-06-30,US.MU,SHORT,False,-1,-1,-1,-1,-1,-1,True,,,0.0,0.0,no_entry,False,False,1,1,c2657363d223
2026-06-30,US.NVDA,LONG,False,-1,-1,-1,-1,-1,-1,True,,,0.0,0.0,no_entry,False,False,1,1,c2657363d223
2026-06-30,US.NVDA,SHORT,False,-1,-1,-1,-1,-1,-1,True,,,0.0,0.0,no_entry,False,False,1,1,c2657363d223
2026-06-30,US.QQQ,LONG,True,43,375,613,613,-1,945,True,731.492,737.16,5.668000000000006,0.007748546805706702,scheduled_flatten,True,False,1,1,c2657363d223
2026-06-30,US.QQQ,SHORT,False,-1,-1,-1,-1,-1,-1,True,,,0.0,0.0,no_entry,False,False,1,1,c2657363d223
2026-06-30,US.SPY,LONG,True,22,375,592,592,-1,945,True,742.93,747.139,4.20900000000006,0.005665405892883664,scheduled_flatten,True,False,1,1,c2657363d223
2026-06-30,US.SPY,SHORT,False,-1,-1,-1,-1,-1,-1,True,,,0.0,0.0,no_entry,False,False,1,1,c2657363d223
2026-06-30,US.TSLA,LONG,True,111,375,681,681,-1,945,True,415.21,422.845,7.635000000000048,0.01838828544591905,scheduled_flatten,True,False,1,1,c2657363d223
2026-06-30,US.TSLA,SHORT,False,-1,-1,-1,-1,-1,-1,True,,,0.0,0.0,no_entry,False,False,1,1,c2657363d223
2026-07-01,US.AAPL,LONG,False,-1,-1,-1,-1,-1,-1,True,,,0.0,0.0,no_entry,False,False,1,1,c2657363d223
2026-07-01,US.AAPL,SHORT,False,-1,-1,-1,-1,-1,-1,True,,,0.0,0.0,no_entry,False,False,1,1,c2657363d223
2026-07-01,US.AMD,LONG,False,-1,-1,-1,-1,-1,-1,True,,,0.0,0.0,no_entry,False,False,1,1,c2657363d223
2026-07-01,US.AMD,SHORT,False,-1,-1,-1,-1,-1,-1,True,,,0.0,0.0,no_entry,False,False,1,1,c2657363d223
2026-07-01,US.IWM,LONG,True,100,375,670,670,-1,945,True,301.52,300.15,-1.3700000000000045,-0.004543645529318137,scheduled_flatten,True,False,1,1,c2657363d223
2026-07-01,US.IWM,SHORT,False,-1,-1,-1,-1,-1,-1,True,,,0.0,0.0,no_entry,False,False,1,1,c2657363d223
2026-07-01,US.META,LONG,False,-1,-1,-1,-1,-1,-1,True,,,0.0,0.0,no_entry,False,False,1,1,c2657363d223
2026-07-01,US.META,SHORT,False,-1,-1,-1,-1,-1,-1,True,,,0.0,0.0,no_entry,False,False,1,1,c2657363d223
2026-07-01,US.MSFT,LONG,False,-1,-1,-1,-1,-1,-1,True,,,0.0,0.0,no_entry,False,False,1,1,c2657363d223
2026-07-01,US.MSFT,SHORT,False,-1,-1,-1,-1,-1,-1,True,,,0.0,0.0,no_entry,False,False,1,1,c2657363d223
2026-07-01,US.MU,LONG,False,-1,-1,-1,-1,-1,-1,True,,,0.0,0.0,no_entry,False,False,1,1,c2657363d223
2026-07-01,US.MU,SHORT,False,-1,-1,-1,-1,-1,-1,True,,,0.0,0.0,no_entry,False,False,1,1,c2657363d223
2026-07-01,US.NVDA,LONG,False,-1,-1,-1,-1,-1,-1,True,,,0.0,0.0,no_entry,False,False,1,1,c2657363d223
2026-07-01,US.NVDA,SHORT,False,-1,-1,-1,-1,-1,-1,True,,,0.0,0.0,no_entry,False,False,1,1,c2657363d223
2026-07-01,US.QQQ,LONG,True,107,375,677,677,-1,945,True,729.845,726.75,-3.0950000000000273,-0.00424062643437994,scheduled_flatten,True,False,1,1,c2657363d223
2026-07-01,US.QQQ,SHORT,False,-1,-1,-1,-1,-1,-1,True,,,0.0,0.0,no_entry,False,False,1,1,c2657363d223
2026-07-01,US.SPY,LONG,False,-1,-1,-1,-1,-1,-1,True,,,0.0,0.0,no_entry,False,False,1,1,c2657363d223
2026-07-01,US.SPY,SHORT,False,-1,-1,-1,-1,-1,-1,True,,,0.0,0.0,no_entry,False,False,1,1,c2657363d223
2026-07-01,US.TSLA,LONG,False,-1,-1,-1,-1,-1,-1,True,,,0.0,0.0,no_entry,False,False,1,1,c2657363d223
2026-07-01,US.TSLA,SHORT,False,-1,-1,-1,-1,-1,-1,True,,,0.0,0.0,no_entry,False,False,1,1,c2657363d223
2026-07-02,US.AAPL,LONG,False,-1,-1,-1,-1,-1,-1,True,,,0.0,0.0,no_entry,False,False,1,1,c2657363d223
2026-07-02,US.AAPL,SHORT,False,-1,-1,-1,-1,-1,-1,True,,,0.0,0.0,no_entry,False,False,1,1,c2657363d223
2026-07-02,US.AMD,LONG,False,-1,-1,-1,-1,-1,-1,True,,,0.0,0.0,no_entry,False,False,1,1,c2657363d223
2026-07-02,US.AMD,SHORT,False,-1,-1,-1,-1,-1,-1,True,,,0.0,0.0,no_entry,False,False,1,1,c2657363d223
2026-07-02,US.IWM,LONG,True,30,31,600,600,601,601,True,301.85,301.34,-0.5100000000000477,-0.0016895809176744995,soft_failure_loss,False,False,1,1,c2657363d223
2026-07-02,US.IWM,SHORT,False,-1,-1,-1,-1,-1,-1,True,,,0.0,0.0,no_entry,False,False,1,1,c2657363d223
2026-07-02,US.META,LONG,False,-1,-1,-1,-1,-1,-1,True,,,0.0,0.0,no_entry,False,False,1,1,c2657363d223
2026-07-02,US.META,SHORT,False,-1,-1,-1,-1,-1,-1,True,,,0.0,0.0,no_entry,False,False,1,1,c2657363d223
2026-07-02,US.MSFT,LONG,True,115,116,685,685,686,686,True,388.568520093,387.490549372,-1.0779707210000424,-0.0027742101206295377,soft_failure_loss,False,False,1,1,c2657363d223
2026-07-02,US.MSFT,SHORT,False,-1,-1,-1,-1,-1,-1,True,,,0.0,0.0,no_entry,False,False,1,1,c2657363d223
2026-07-02,US.MU,LONG,False,-1,-1,-1,-1,-1,-1,True,,,0.0,0.0,no_entry,False,False,1,1,c2657363d223
2026-07-02,US.MU,SHORT,False,-1,-1,-1,-1,-1,-1,True,,,0.0,0.0,no_entry,False,False,1,1,c2657363d223
2026-07-02,US.NVDA,LONG,False,-1,-1,-1,-1,-1,-1,True,,,0.0,0.0,no_entry,False,False,1,1,c2657363d223
2026-07-02,US.NVDA,SHORT,False,-1,-1,-1,-1,-1,-1,True,,,0.0,0.0,no_entry,False,False,1,1,c2657363d223
2026-07-02,US.QQQ,LONG,True,44,45,614,614,615,615,True,729.63,728.885,-0.7450000000000045,-0.001021065471540376,soft_failure_loss,False,False,1,1,c2657363d223
2026-07-02,US.QQQ,SHORT,False,-1,-1,-1,-1,-1,-1,True,,,0.0,0.0,no_entry,False,False,1,1,c2657363d223
2026-07-02,US.SPY,LONG,True,38,39,608,608,609,609,True,750.91,750.44,-0.4699999999999136,-0.0006259072325577148,soft_failure_loss,False,False,1,1,c2657363d223
2026-07-02,US.SPY,SHORT,False,-1,-1,-1,-1,-1,-1,True,,,0.0,0.0,no_entry,False,False,1,1,c2657363d223
2026-07-02,US.TSLA,LONG,False,-1,-1,-1,-1,-1,-1,True,,,0.0,0.0,no_entry,False,False,1,1,c2657363d223
2026-07-02,US.TSLA,SHORT,False,-1,-1,-1,-1,-1,-1,True,,,0.0,0.0,no_entry,False,False,1,1,c2657363d223
2026-07-06,US.AAPL,LONG,False,-1,-1,-1,-1,-1,-1,True,,,0.0,0.0,no_entry,False,False,1,1,c2657363d223
2026-07-06,US.AAPL,SHORT,False,-1,-1,-1,-1,-1,-1,True,,,0.0,0.0,no_entry,False,False,1,1,c2657363d223
2026-07-06,US.AMD,LONG,False,-1,-1,-1,-1,-1,-1,True,,,0.0,0.0,no_entry,False,False,1,1,c2657363d223
2026-07-06,US.AMD,SHORT,False,-1,-1,-1,-1,-1,-1,True,,,0.0,0.0,no_entry,False,False,1,1,c2657363d223
2026-07-06,US.IWM,LONG,True,93,95,663,663,665,665,True,299.945,299.79,-0.15499999999997272,-0.000516761406257723,soft_failure_loss,False,False,1,1,c2657363d223
2026-07-06,US.IWM,SHORT,False,-1,-1,-1,-1,-1,-1,True,,,0.0,0.0,no_entry,False,False,1,1,c2657363d223
2026-07-06,US.META,LONG,False,-1,-1,-1,-1,-1,-1,True,,,0.0,0.0,no_entry,False,False,1,1,c2657363d223
2026-07-06,US.META,SHORT,False,-1,-1,-1,-1,-1,-1,True,,,0.0,0.0,no_entry,False,False,1,1,c2657363d223
2026-07-06,US.MSFT,LONG,False,-1,-1,-1,-1,-1,-1,True,,,0.0,0.0,no_entry,False,False,1,1,c2657363d223
2026-07-06,US.MSFT,SHORT,False,-1,-1,-1,-1,-1,-1,True,,,0.0,0.0,no_entry,False,False,1,1,c2657363d223
2026-07-06,US.MU,LONG,True,49,51,619,619,621,621,True,1013.19,1009.26,-3.9300000000000637,-0.003878838125129604,soft_failure_loss,False,False,1,1,c2657363d223
2026-07-06,US.MU,SHORT,False,-1,-1,-1,-1,-1,-1,True,,,0.0,0.0,no_entry,False,False,1,1,c2657363d223
2026-07-06,US.NVDA,LONG,True,117,136,687,687,706,706,True,196.070602937,195.951436281,-0.119166655999976,-0.0006077742109981974,soft_failure_loss,False,False,1,1,c2657363d223
2026-07-06,US.NVDA,SHORT,False,-1,-1,-1,-1,-1,-1,True,,,0.0,0.0,no_entry,False,False,1,1,c2657363d223
2026-07-06,US.QQQ,LONG,True,21,23,591,591,593,593,True,723.35,722.565,-0.7849999999999682,-0.0010852284509573072,soft_failure_loss,False,False,1,1,c2657363d223
2026-07-06,US.QQQ,SHORT,False,-1,-1,-1,-1,-1,-1,True,,,0.0,0.0,no_entry,False,False,1,1,c2657363d223
2026-07-06,US.SPY,LONG,True,56,59,626,626,629,629,True,749.88,749.68,-0.20000000000004547,-0.0002667093401611531,soft_failure_loss,False,False,1,1,c2657363d223
2026-07-06,US.SPY,SHORT,False,-1,-1,-1,-1,-1,-1,True,,,0.0,0.0,no_entry,False,False,1,1,c2657363d223
2026-07-06,US.TSLA,LONG,False,-1,-1,-1,-1,-1,-1,True,,,0.0,0.0,no_entry,False,False,1,1,c2657363d223
2026-07-06,US.TSLA,SHORT,False,-1,-1,-1,-1,-1,-1,True,,,0.0,0.0,no_entry,False,False,1,1,c2657363d223
2026-07-07,US.AAPL,LONG,False,-1,-1,-1,-1,-1,-1,True,,,0.0,0.0,no_entry,False,False,1,1,c2657363d223
2026-07-07,US.AAPL,SHORT,False,-1,-1,-1,-1,-1,-1,True,,,0.0,0.0,no_entry,False,False,1,1,c2657363d223
2026-07-07,US.AMD,LONG,False,-1,-1,-1,-1,-1,-1,True,,,0.0,0.0,no_entry,False,False,1,1,c2657363d223
2026-07-07,US.AMD,SHORT,False,-1,-1,-1,-1,-1,-1,True,,,0.0,0.0,no_entry,False,False,1,1,c2657363d223
2026-07-07,US.IWM,LONG,False,-1,-1,-1,-1,-1,-1,True,,,0.0,0.0,no_entry,False,False,1,1,c2657363d223
2026-07-07,US.IWM,SHORT,True,130,135,700,700,705,705,True,296.46,296.67,-0.21000000000003638,-0.0007083586318560223,soft_failure_loss,False,False,1,1,c2657363d223
2026-07-07,US.META,LONG,True,50,51,620,620,621,621,True,613.76,611.18,-2.580000000000041,-0.004203597497393185,soft_failure_loss,False,False,1,1,c2657363d223
2026-07-07,US.META,SHORT,False,-1,-1,-1,-1,-1,-1,True,,,0.0,0.0,no_entry,False,False,1,1,c2657363d223
2026-07-07,US.MSFT,LONG,False,-1,-1,-1,-1,-1,-1,True,,,0.0,0.0,no_entry,False,False,1,1,c2657363d223
2026-07-07,US.MSFT,SHORT,False,-1,-1,-1,-1,-1,-1,True,,,0.0,0.0,no_entry,False,False,1,1,c2657363d223
2026-07-07,US.MU,LONG,False,-1,-1,-1,-1,-1,-1,True,,,0.0,0.0,no_entry,False,False,1,1,c2657363d223
2026-07-07,US.MU,SHORT,True,26,27,596,596,597,597,True,910.335,914.615,-4.279999999999973,-0.004701565907056163,soft_failure_loss,False,False,1,1,c2657363d223
2026-07-07,US.NVDA,LONG,False,-1,-1,-1,-1,-1,-1,True,,,0.0,0.0,no_entry,False,False,1,1,c2657363d223
2026-07-07,US.NVDA,SHORT,False,-1,-1,-1,-1,-1,-1,True,,,0.0,0.0,no_entry,False,False,1,1,c2657363d223
2026-07-07,US.QQQ,LONG,False,-1,-1,-1,-1,-1,-1,True,,,0.0,0.0,no_entry,False,False,1,1,c2657363d223
2026-07-07,US.QQQ,SHORT,True,39,375,609,609,-1,945,True,710.36,707.39,2.9700000000000273,0.004180978658708299,scheduled_flatten,True,False,1,1,c2657363d223
2026-07-07,US.SPY,LONG,False,-1,-1,-1,-1,-1,-1,True,,,0.0,0.0,no_entry,False,False,1,1,c2657363d223
2026-07-07,US.SPY,SHORT,True,28,30,598,598,600,600,True,748.63,748.8504,-0.22040000000004056,-0.0002944044454537496,soft_failure_loss,False,False,1,1,c2657363d223
2026-07-07,US.TSLA,LONG,False,-1,-1,-1,-1,-1,-1,True,,,0.0,0.0,no_entry,False,False,1,1,c2657363d223
2026-07-07,US.TSLA,SHORT,False,-1,-1,-1,-1,-1,-1,True,,,0.0,0.0,no_entry,False,False,1,1,c2657363d223
2026-07-08,US.AAPL,LONG,False,-1,-1,-1,-1,-1,-1,True,,,0.0,0.0,no_entry,False,False,1,1,c2657363d223
2026-07-08,US.AAPL,SHORT,False,-1,-1,-1,-1,-1,-1,True,,,0.0,0.0,no_entry,False,False,1,1,c2657363d223
2026-07-08,US.AMD,LONG,False,-1,-1,-1,-1,-1,-1,True,,,0.0,0.0,no_entry,False,False,1,1,c2657363d223
2026-07-08,US.AMD,SHORT,False,-1,-1,-1,-1,-1,-1,True,,,0.0,0.0,no_entry,False,False,1,1,c2657363d223
2026-07-08,US.IWM,LONG,False,-1,-1,-1,-1,-1,-1,True,,,0.0,0.0,no_entry,False,False,1,1,c2657363d223
2026-07-08,US.IWM,SHORT,False,-1,-1,-1,-1,-1,-1,True,,,0.0,0.0,no_entry,False,False,1,1,c2657363d223
2026-07-08,US.META,LONG,False,-1,-1,-1,-1,-1,-1,True,,,0.0,0.0,no_entry,False,False,1,1,c2657363d223
2026-07-08,US.META,SHORT,False,-1,-1,-1,-1,-1,-1,True,,,0.0,0.0,no_entry,False,False,1,1,c2657363d223
2026-07-08,US.MSFT,LONG,False,-1,-1,-1,-1,-1,-1,True,,,0.0,0.0,no_entry,False,False,1,1,c2657363d223
2026-07-08,US.MSFT,SHORT,False,-1,-1,-1,-1,-1,-1,True,,,0.0,0.0,no_entry,False,False,1,1,c2657363d223
2026-07-08,US.MU,LONG,False,-1,-1,-1,-1,-1,-1,True,,,0.0,0.0,no_entry,False,False,1,1,c2657363d223
2026-07-08,US.MU,SHORT,False,-1,-1,-1,-1,-1,-1,True,,,0.0,0.0,no_entry,False,False,1,1,c2657363d223
2026-07-08,US.NVDA,LONG,False,-1,-1,-1,-1,-1,-1,True,,,0.0,0.0,no_entry,False,False,1,1,c2657363d223
2026-07-08,US.NVDA,SHORT,False,-1,-1,-1,-1,-1,-1,True,,,0.0,0.0,no_entry,False,False,1,1,c2657363d223
2026-07-08,US.QQQ,LONG,False,-1,-1,-1,-1,-1,-1,True,,,0.0,0.0,no_entry,False,False,1,1,c2657363d223
2026-07-08,US.QQQ,SHORT,False,-1,-1,-1,-1,-1,-1,True,,,0.0,0.0,no_entry,False,False,1,1,c2657363d223
2026-07-08,US.SPY,LONG,False,-1,-1,-1,-1,-1,-1,True,,,0.0,0.0,no_entry,False,False,1,1,c2657363d223
2026-07-08,US.SPY,SHORT,True,67,68,637,637,638,638,True,742.49,742.65,-0.15999999999996817,-0.00021549111772544837,soft_failure_loss,False,False,1,1,c2657363d223
2026-07-08,US.TSLA,LONG,False,-1,-1,-1,-1,-1,-1,True,,,0.0,0.0,no_entry,False,False,1,1,c2657363d223
2026-07-08,US.TSLA,SHORT,True,23,24,593,593,594,594,True,394.775,395.0,-0.22500000000002274,-0.0005699449053258762,soft_failure_loss,False,False,1,1,c2657363d223
2026-07-09,US.AAPL,LONG,False,-1,-1,-1,-1,-1,-1,True,,,0.0,0.0,no_entry,False,False,1,1,c2657363d223
2026-07-09,US.AAPL,SHORT,False,-1,-1,-1,-1,-1,-1,True,,,0.0,0.0,no_entry,False,False,1,1,c2657363d223
2026-07-09,US.AMD,LONG,True,41,46,611,611,616,616,True,553.58,551.695,-1.884999999999991,-0.003405108566060896,soft_failure_loss,False,False,1,1,c2657363d223
2026-07-09,US.AMD,SHORT,False,-1,-1,-1,-1,-1,-1,True,,,0.0,0.0,no_entry,False,False,1,1,c2657363d223
2026-07-09,US.IWM,LONG,True,30,38,600,600,608,608,True,296.52,296.36,-0.15999999999996817,-0.0005395926075811688,soft_failure_loss,False,False,1,1,c2657363d223
2026-07-09,US.IWM,SHORT,False,-1,-1,-1,-1,-1,-1,True,,,0.0,0.0,no_entry,False,False,1,1,c2657363d223
2026-07-09,US.META,LONG,False,-1,-1,-1,-1,-1,-1,True,,,0.0,0.0,no_entry,False,False,1,1,c2657363d223
2026-07-09,US.META,SHORT,False,-1,-1,-1,-1,-1,-1,True,,,0.0,0.0,no_entry,False,False,1,1,c2657363d223
2026-07-09,US.MSFT,LONG,False,-1,-1,-1,-1,-1,-1,True,,,0.0,0.0,no_entry,False,False,1,1,c2657363d223
2026-07-09,US.MSFT,SHORT,False,-1,-1,-1,-1,-1,-1,True,,,0.0,0.0,no_entry,False,False,1,1,c2657363d223
2026-07-09,US.MU,LONG,True,23,375,593,593,-1,945,True,1024.685,1000.15,-24.534999999999968,-0.023943943748566603,scheduled_flatten,True,False,1,1,c2657363d223
2026-07-09,US.MU,SHORT,False,-1,-1,-1,-1,-1,-1,True,,,0.0,0.0,no_entry,False,False,1,1,c2657363d223
2026-07-09,US.NVDA,LONG,False,-1,-1,-1,-1,-1,-1,True,,,0.0,0.0,no_entry,False,False,1,1,c2657363d223
2026-07-09,US.NVDA,SHORT,True,125,126,695,695,696,696,True,201.045036696,201.194869039,-0.1498323429999857,-0.0007452675552818896,soft_failure_loss,False,False,1,1,c2657363d223
2026-07-09,US.QQQ,LONG,True,115,119,685,685,689,689,True,721.49,721.28,-0.21000000000003638,-0.00029106432521592315,soft_failure_loss,False,False,1,1,c2657363d223
2026-07-09,US.QQQ,SHORT,False,-1,-1,-1,-1,-1,-1,True,,,0.0,0.0,no_entry,False,False,1,1,c2657363d223
2026-07-09,US.SPY,LONG,True,23,30,593,593,600,600,True,748.83,748.69,-0.13999999999998636,-0.00018695832164842,soft_failure_loss,False,False,1,1,c2657363d223
2026-07-09,US.SPY,SHORT,False,-1,-1,-1,-1,-1,-1,True,,,0.0,0.0,no_entry,False,False,1,1,c2657363d223
2026-07-09,US.TSLA,LONG,True,128,375,698,698,-1,945,True,396.55,404.7,8.149999999999977,0.020552263270709813,scheduled_flatten,True,False,1,1,c2657363d223
2026-07-09,US.TSLA,SHORT,False,-1,-1,-1,-1,-1,-1,True,,,0.0,0.0,no_entry,False,False,1,1,c2657363d223
2026-07-10,US.AAPL,LONG,False,-1,-1,-1,-1,-1,-1,True,,,0.0,0.0,no_entry,False,False,1,1,c2657363d223
2026-07-10,US.AAPL,SHORT,True,142,143,712,712,713,713,True,312.520465103,312.635366006,-0.1149009030000343,-0.00036765881223863354,soft_failure_loss,False,False,1,1,c2657363d223
2026-07-10,US.AMD,LONG,False,-1,-1,-1,-1,-1,-1,True,,,0.0,0.0,no_entry,False,False,1,1,c2657363d223
2026-07-10,US.AMD,SHORT,False,-1,-1,-1,-1,-1,-1,True,,,0.0,0.0,no_entry,False,False,1,1,c2657363d223
2026-07-10,US.IWM,LONG,False,-1,-1,-1,-1,-1,-1,True,,,0.0,0.0,no_entry,False,False,1,1,c2657363d223
2026-07-10,US.IWM,SHORT,True,128,145,698,698,715,715,True,295.07,295.23,-0.160000000000025,-0.0005422442132376217,soft_failure_loss,False,False,1,1,c2657363d223
2026-07-10,US.META,LONG,False,-1,-1,-1,-1,-1,-1,True,,,0.0,0.0,no_entry,False,False,1,1,c2657363d223
2026-07-10,US.META,SHORT,False,-1,-1,-1,-1,-1,-1,True,,,0.0,0.0,no_entry,False,False,1,1,c2657363d223
2026-07-10,US.MSFT,LONG,False,-1,-1,-1,-1,-1,-1,True,,,0.0,0.0,no_entry,False,False,1,1,c2657363d223
2026-07-10,US.MSFT,SHORT,False,-1,-1,-1,-1,-1,-1,True,,,0.0,0.0,no_entry,False,False,1,1,c2657363d223
2026-07-10,US.MU,LONG,True,107,109,677,677,679,679,True,982.02,979.7,-2.3199999999999363,-0.0023624773426202486,soft_failure_loss,False,False,1,1,c2657363d223
2026-07-10,US.MU,SHORT,False,-1,-1,-1,-1,-1,-1,True,,,0.0,0.0,no_entry,False,False,1,1,c2657363d223
2026-07-10,US.NVDA,LONG,False,-1,-1,-1,-1,-1,-1,True,,,0.0,0.0,no_entry,False,False,1,1,c2657363d223
2026-07-10,US.NVDA,SHORT,False,-1,-1,-1,-1,-1,-1,True,,,0.0,0.0,no_entry,False,False,1,1,c2657363d223
2026-07-10,US.QQQ,LONG,True,20,21,590,590,591,591,True,723.31,723.0,-0.30999999999994543,-0.0004285852539021242,soft_failure_loss,False,False,1,1,c2657363d223
2026-07-10,US.QQQ,SHORT,False,-1,-1,-1,-1,-1,-1,True,,,0.0,0.0,no_entry,False,False,1,1,c2657363d223
2026-07-10,US.SPY,LONG,False,-1,-1,-1,-1,-1,-1,True,,,0.0,0.0,no_entry,False,False,1,1,c2657363d223
2026-07-10,US.SPY,SHORT,True,64,65,634,634,635,635,True,750.64,750.98,-0.34000000000003183,-0.0004529468187147392,soft_failure_loss,False,False,1,1,c2657363d223
2026-07-10,US.TSLA,LONG,False,-1,-1,-1,-1,-1,-1,True,,,0.0,0.0,no_entry,False,False,1,1,c2657363d223
2026-07-10,US.TSLA,SHORT,False,-1,-1,-1,-1,-1,-1,True,,,0.0,0.0,no_entry,False,False,1,1,c2657363d223
2026-07-13,US.AAPL,LONG,False,-1,-1,-1,-1,-1,-1,True,,,0.0,0.0,no_entry,False,False,1,1,c2657363d223
2026-07-13,US.AAPL,SHORT,False,-1,-1,-1,-1,-1,-1,True,,,0.0,0.0,no_entry,False,False,1,1,c2657363d223
2026-07-13,US.AMD,LONG,False,-1,-1,-1,-1,-1,-1,True,,,0.0,0.0,no_entry,False,False,1,1,c2657363d223
2026-07-13,US.AMD,SHORT,False,-1,-1,-1,-1,-1,-1,True,,,0.0,0.0,no_entry,False,False,1,1,c2657363d223
2026-07-13,US.IWM,LONG,False,-1,-1,-1,-1,-1,-1,True,,,0.0,0.0,no_entry,False,False,1,1,c2657363d223
2026-07-13,US.IWM,SHORT,False,-1,-1,-1,-1,-1,-1,True,,,0.0,0.0,no_entry,False,False,1,1,c2657363d223
2026-07-13,US.META,LONG,False,-1,-1,-1,-1,-1,-1,True,,,0.0,0.0,no_entry,False,False,1,1,c2657363d223
2026-07-13,US.META,SHORT,False,-1,-1,-1,-1,-1,-1,True,,,0.0,0.0,no_entry,False,False,1,1,c2657363d223
2026-07-13,US.MSFT,LONG,False,-1,-1,-1,-1,-1,-1,True,,,0.0,0.0,no_entry,False,False,1,1,c2657363d223
2026-07-13,US.MSFT,SHORT,False,-1,-1,-1,-1,-1,-1,True,,,0.0,0.0,no_entry,False,False,1,1,c2657363d223
2026-07-13,US.MU,LONG,False,-1,-1,-1,-1,-1,-1,True,,,0.0,0.0,no_entry,False,False,1,1,c2657363d223
2026-07-13,US.MU,SHORT,False,-1,-1,-1,-1,-1,-1,True,,,0.0,0.0,no_entry,False,False,1,1,c2657363d223
2026-07-13,US.NVDA,LONG,False,-1,-1,-1,-1,-1,-1,True,,,0.0,0.0,no_entry,False,False,1,1,c2657363d223
2026-07-13,US.NVDA,SHORT,False,-1,-1,-1,-1,-1,-1,True,,,0.0,0.0,no_entry,False,False,1,1,c2657363d223
2026-07-13,US.QQQ,LONG,False,-1,-1,-1,-1,-1,-1,True,,,0.0,0.0,no_entry,False,False,1,1,c2657363d223
2026-07-13,US.QQQ,SHORT,False,-1,-1,-1,-1,-1,-1,True,,,0.0,0.0,no_entry,False,False,1,1,c2657363d223
2026-07-13,US.SPY,LONG,False,-1,-1,-1,-1,-1,-1,True,,,0.0,0.0,no_entry,False,False,1,1,c2657363d223
2026-07-13,US.SPY,SHORT,True,48,50,618,618,620,620,True,751.51,751.92,-0.40999999999996817,-0.0005455682559113893,soft_failure_loss,False,False,1,1,c2657363d223
2026-07-13,US.TSLA,LONG,False,-1,-1,-1,-1,-1,-1,True,,,0.0,0.0,no_entry,False,False,1,1,c2657363d223
2026-07-13,US.TSLA,SHORT,False,-1,-1,-1,-1,-1,-1,True,,,0.0,0.0,no_entry,False,False,1,1,c2657363d223
2026-07-14,US.AAPL,LONG,False,-1,-1,-1,-1,-1,-1,True,,,0.0,0.0,no_entry,False,False,1,1,c2657363d223
2026-07-14,US.AAPL,SHORT,False,-1,-1,-1,-1,-1,-1,True,,,0.0,0.0,no_entry,False,False,1,1,c2657363d223
2026-07-14,US.AMD,LONG,False,-1,-1,-1,-1,-1,-1,True,,,0.0,0.0,no_entry,False,False,1,1,c2657363d223
2026-07-14,US.AMD,SHORT,False,-1,-1,-1,-1,-1,-1,True,,,0.0,0.0,no_entry,False,False,1,1,c2657363d223
2026-07-14,US.IWM,LONG,False,-1,-1,-1,-1,-1,-1,True,,,0.0,0.0,no_entry,False,False,1,1,c2657363d223
2026-07-14,US.IWM,SHORT,True,128,129,698,698,699,699,True,294.4,294.49,-0.09000000000003183,-0.0003057065217392386,soft_failure_loss,False,False,1,1,c2657363d223
2026-07-14,US.META,LONG,False,-1,-1,-1,-1,-1,-1,True,,,0.0,0.0,no_entry,False,False,1,1,c2657363d223
2026-07-14,US.META,SHORT,False,-1,-1,-1,-1,-1,-1,True,,,0.0,0.0,no_entry,False,False,1,1,c2657363d223
2026-07-14,US.MSFT,LONG,False,-1,-1,-1,-1,-1,-1,True,,,0.0,0.0,no_entry,False,False,1,1,c2657363d223
2026-07-14,US.MSFT,SHORT,False,-1,-1,-1,-1,-1,-1,True,,,0.0,0.0,no_entry,False,False,1,1,c2657363d223
2026-07-14,US.MU,LONG,False,-1,-1,-1,-1,-1,-1,True,,,0.0,0.0,no_entry,False,False,1,1,c2657363d223
2026-07-14,US.MU,SHORT,False,-1,-1,-1,-1,-1,-1,True,,,0.0,0.0,no_entry,False,False,1,1,c2657363d223
2026-07-14,US.NVDA,LONG,False,-1,-1,-1,-1,-1,-1,True,,,0.0,0.0,no_entry,False,False,1,1,c2657363d223
2026-07-14,US.NVDA,SHORT,False,-1,-1,-1,-1,-1,-1,True,,,0.0,0.0,no_entry,False,False,1,1,c2657363d223
2026-07-14,US.QQQ,LONG,False,-1,-1,-1,-1,-1,-1,True,,,0.0,0.0,no_entry,False,False,1,1,c2657363d223
2026-07-14,US.QQQ,SHORT,False,-1,-1,-1,-1,-1,-1,True,,,0.0,0.0,no_entry,False,False,1,1,c2657363d223
2026-07-14,US.SPY,LONG,True,67,68,637,637,638,638,True,751.91,751.735,-0.17499999999995453,-0.00023274062055293125,soft_failure_loss,False,False,1,1,c2657363d223
2026-07-14,US.SPY,SHORT,False,-1,-1,-1,-1,-1,-1,True,,,0.0,0.0,no_entry,False,False,1,1,c2657363d223
2026-07-14,US.TSLA,LONG,False,-1,-1,-1,-1,-1,-1,True,,,0.0,0.0,no_entry,False,False,1,1,c2657363d223
2026-07-14,US.TSLA,SHORT,False,-1,-1,-1,-1,-1,-1,True,,,0.0,0.0,no_entry,False,False,1,1,c2657363d223
2026-07-15,US.AAPL,LONG,False,-1,-1,-1,-1,-1,-1,True,,,0.0,0.0,no_entry,False,False,1,1,c2657363d223
2026-07-15,US.AAPL,SHORT,False,-1,-1,-1,-1,-1,-1,True,,,0.0,0.0,no_entry,False,False,1,1,c2657363d223
2026-07-15,US.AMD,LONG,False,-1,-1,-1,-1,-1,-1,True,,,0.0,0.0,no_entry,False,False,1,1,c2657363d223
2026-07-15,US.AMD,SHORT,False,-1,-1,-1,-1,-1,-1,True,,,0.0,0.0,no_entry,False,False,1,1,c2657363d223
2026-07-15,US.IWM,LONG,False,-1,-1,-1,-1,-1,-1,True,,,0.0,0.0,no_entry,False,False,1,1,c2657363d223
2026-07-15,US.IWM,SHORT,False,-1,-1,-1,-1,-1,-1,True,,,0.0,0.0,no_entry,False,False,1,1,c2657363d223
2026-07-15,US.META,LONG,False,-1,-1,-1,-1,-1,-1,True,,,0.0,0.0,no_entry,False,False,1,1,c2657363d223
2026-07-15,US.META,SHORT,False,-1,-1,-1,-1,-1,-1,True,,,0.0,0.0,no_entry,False,False,1,1,c2657363d223
2026-07-15,US.MSFT,LONG,False,-1,-1,-1,-1,-1,-1,True,,,0.0,0.0,no_entry,False,False,1,1,c2657363d223
2026-07-15,US.MSFT,SHORT,False,-1,-1,-1,-1,-1,-1,True,,,0.0,0.0,no_entry,False,False,1,1,c2657363d223
2026-07-15,US.MU,LONG,False,-1,-1,-1,-1,-1,-1,True,,,0.0,0.0,no_entry,False,False,1,1,c2657363d223
2026-07-15,US.MU,SHORT,True,22,23,592,592,593,593,True,949.25,952.715,-3.465000000000032,-0.0036502501975243947,soft_failure_loss,False,False,1,1,c2657363d223
2026-07-15,US.NVDA,LONG,False,-1,-1,-1,-1,-1,-1,True,,,0.0,0.0,no_entry,False,False,1,1,c2657363d223
2026-07-15,US.NVDA,SHORT,False,-1,-1,-1,-1,-1,-1,True,,,0.0,0.0,no_entry,False,False,1,1,c2657363d223
2026-07-15,US.QQQ,LONG,False,-1,-1,-1,-1,-1,-1,True,,,0.0,0.0,no_entry,False,False,1,1,c2657363d223
2026-07-15,US.QQQ,SHORT,True,17,30,587,587,600,600,True,720.33,720.69,-0.36000000000001364,-0.0004997709383199556,soft_failure_loss,False,False,1,1,c2657363d223
2026-07-15,US.SPY,LONG,False,-1,-1,-1,-1,-1,-1,True,,,0.0,0.0,no_entry,False,False,1,1,c2657363d223
2026-07-15,US.SPY,SHORT,True,21,23,591,591,593,593,True,753.33,753.769,-0.43899999999996453,-0.0005827459413536756,soft_failure_loss,False,False,1,1,c2657363d223
2026-07-15,US.TSLA,LONG,False,-1,-1,-1,-1,-1,-1,True,,,0.0,0.0,no_entry,False,False,1,1,c2657363d223
2026-07-15,US.TSLA,SHORT,False,-1,-1,-1,-1,-1,-1,True,,,0.0,0.0,no_entry,False,False,1,1,c2657363d223
2026-07-16,US.AAPL,LONG,True,53,375,623,623,-1,945,True,329.19608313,331.993670336,2.797587206000003,0.008498239649149263,scheduled_flatten,True,False,1,1,c2657363d223
2026-07-16,US.AAPL,SHORT,False,-1,-1,-1,-1,-1,-1,True,,,0.0,0.0,no_entry,False,False,1,1,c2657363d223
2026-07-16,US.AMD,LONG,False,-1,-1,-1,-1,-1,-1,True,,,0.0,0.0,no_entry,False,False,1,1,c2657363d223
2026-07-16,US.AMD,SHORT,True,113,115,683,683,685,685,True,506.79,508.22,-1.4300000000000068,-0.0028216815643560583,soft_failure_loss,False,False,1,1,c2657363d223
2026-07-16,US.IWM,LONG,True,25,26,595,595,596,596,True,296.31,296.24,-0.06999999999999318,-0.00023623907394280713,soft_failure_loss,False,False,1,1,c2657363d223
2026-07-16,US.IWM,SHORT,False,-1,-1,-1,-1,-1,-1,True,,,0.0,0.0,no_entry,False,False,1,1,c2657363d223
2026-07-16,US.META,LONG,False,-1,-1,-1,-1,-1,-1,True,,,0.0,0.0,no_entry,False,False,1,1,c2657363d223
2026-07-16,US.META,SHORT,False,-1,-1,-1,-1,-1,-1,True,,,0.0,0.0,no_entry,False,False,1,1,c2657363d223
2026-07-16,US.MSFT,LONG,False,-1,-1,-1,-1,-1,-1,True,,,0.0,0.0,no_entry,False,False,1,1,c2657363d223
2026-07-16,US.MSFT,SHORT,False,-1,-1,-1,-1,-1,-1,True,,,0.0,0.0,no_entry,False,False,1,1,c2657363d223
2026-07-16,US.MU,LONG,False,-1,-1,-1,-1,-1,-1,True,,,0.0,0.0,no_entry,False,False,1,1,c2657363d223
2026-07-16,US.MU,SHORT,True,16,30,586,586,600,600,True,863.81,866.59,-2.7800000000000864,-0.0032183003206724702,soft_failure_loss,False,False,1,1,c2657363d223
2026-07-16,US.NVDA,LONG,False,-1,-1,-1,-1,-1,-1,True,,,0.0,0.0,no_entry,False,False,1,1,c2657363d223
2026-07-16,US.NVDA,SHORT,False,-1,-1,-1,-1,-1,-1,True,,,0.0,0.0,no_entry,False,False,1,1,c2657363d223
2026-07-16,US.QQQ,LONG,False,-1,-1,-1,-1,-1,-1,True,,,0.0,0.0,no_entry,False,False,1,1,c2657363d223
2026-07-16,US.QQQ,SHORT,False,-1,-1,-1,-1,-1,-1,True,,,0.0,0.0,no_entry,False,False,1,1,c2657363d223
2026-07-16,US.SPY,LONG,True,124,128,694,694,698,698,True,753.99,753.85,-0.13999999999998636,-0.0001856788551572121,soft_failure_loss,False,False,1,1,c2657363d223
2026-07-16,US.SPY,SHORT,True,20,21,590,590,591,591,True,751.045,751.66,-0.6150000000000091,-0.000818859056381454,soft_failure_loss,False,False,1,1,c2657363d223
2026-07-16,US.TSLA,LONG,False,-1,-1,-1,-1,-1,-1,True,,,0.0,0.0,no_entry,False,False,1,1,c2657363d223
2026-07-16,US.TSLA,SHORT,False,-1,-1,-1,-1,-1,-1,True,,,0.0,0.0,no_entry,False,False,1,1,c2657363d223
2026-07-17,US.AAPL,LONG,False,-1,-1,-1,-1,-1,-1,True,,,0.0,0.0,no_entry,False,False,1,1,c2657363d223
2026-07-17,US.AAPL,SHORT,False,-1,-1,-1,-1,-1,-1,True,,,0.0,0.0,no_entry,False,False,1,1,c2657363d223
2026-07-17,US.AMD,LONG,False,-1,-1,-1,-1,-1,-1,True,,,0.0,0.0,no_entry,False,False,1,1,c2657363d223
2026-07-17,US.AMD,SHORT,False,-1,-1,-1,-1,-1,-1,True,,,0.0,0.0,no_entry,False,False,1,1,c2657363d223
2026-07-17,US.IWM,LONG,True,148,152,718,718,722,722,True,294.24,294.17,-0.06999999999999318,-0.000237901033170178,soft_failure_loss,False,False,1,1,c2657363d223
2026-07-17,US.IWM,SHORT,False,-1,-1,-1,-1,-1,-1,True,,,0.0,0.0,no_entry,False,False,1,1,c2657363d223
2026-07-17,US.META,LONG,False,-1,-1,-1,-1,-1,-1,True,,,0.0,0.0,no_entry,False,False,1,1,c2657363d223
2026-07-17,US.META,SHORT,False,-1,-1,-1,-1,-1,-1,True,,,0.0,0.0,no_entry,False,False,1,1,c2657363d223
2026-07-17,US.MSFT,LONG,False,-1,-1,-1,-1,-1,-1,True,,,0.0,0.0,no_entry,False,False,1,1,c2657363d223
2026-07-17,US.MSFT,SHORT,True,35,288,605,605,858,858,True,392.411286089,395.196043785,-2.7847576959999856,-0.007096528042693438,trailing,False,False,1,1,c2657363d223
2026-07-17,US.MU,LONG,True,121,122,691,691,692,692,True,858.42,855.61,-2.8099999999999454,-0.0032734558840660116,soft_failure_loss,False,False,1,1,c2657363d223
2026-07-17,US.MU,SHORT,False,-1,-1,-1,-1,-1,-1,True,,,0.0,0.0,no_entry,False,False,1,1,c2657363d223
2026-07-17,US.NVDA,LONG,False,-1,-1,-1,-1,-1,-1,True,,,0.0,0.0,no_entry,False,False,1,1,c2657363d223
2026-07-17,US.NVDA,SHORT,False,-1,-1,-1,-1,-1,-1,True,,,0.0,0.0,no_entry,False,False,1,1,c2657363d223
2026-07-17,US.QQQ,LONG,True,120,375,690,690,-1,945,True,695.135,696.1,0.9650000000000318,0.0013882195544750759,scheduled_flatten,True,False,1,1,c2657363d223
2026-07-17,US.QQQ,SHORT,False,-1,-1,-1,-1,-1,-1,True,,,0.0,0.0,no_entry,False,False,1,1,c2657363d223
2026-07-17,US.SPY,LONG,True,129,132,699,699,702,702,True,745.64,745.325,-0.3149999999999409,-0.0004224558768305629,soft_failure_loss,False,False,1,1,c2657363d223
2026-07-17,US.SPY,SHORT,False,-1,-1,-1,-1,-1,-1,True,,,0.0,0.0,no_entry,False,False,1,1,c2657363d223
2026-07-17,US.TSLA,LONG,False,-1,-1,-1,-1,-1,-1,True,,,0.0,0.0,no_entry,False,False,1,1,c2657363d223
2026-07-17,US.TSLA,SHORT,False,-1,-1,-1,-1,-1,-1,True,,,0.0,0.0,no_entry,False,False,1,1,c2657363d223
2026-07-20,US.AAPL,LONG,False,-1,-1,-1,-1,-1,-1,True,,,0.0,0.0,no_entry,False,False,1,1,c2657363d223
2026-07-20,US.AAPL,SHORT,False,-1,-1,-1,-1,-1,-1,True,,,0.0,0.0,no_entry,False,False,1,1,c2657363d223
2026-07-20,US.AMD,LONG,False,-1,-1,-1,-1,-1,-1,True,,,0.0,0.0,no_entry,False,False,1,1,c2657363d223
2026-07-20,US.AMD,SHORT,False,-1,-1,-1,-1,-1,-1,True,,,0.0,0.0,no_entry,False,False,1,1,c2657363d223
2026-07-20,US.IWM,LONG,False,-1,-1,-1,-1,-1,-1,True,,,0.0,0.0,no_entry,False,False,1,1,c2657363d223
2026-07-20,US.IWM,SHORT,True,30,375,600,600,-1,945,True,294.72,293.015,1.705000000000041,0.005785152008686349,scheduled_flatten,True,False,1,1,c2657363d223
2026-07-20,US.META,LONG,False,-1,-1,-1,-1,-1,-1,True,,,0.0,0.0,no_entry,False,False,1,1,c2657363d223
2026-07-20,US.META,SHORT,False,-1,-1,-1,-1,-1,-1,True,,,0.0,0.0,no_entry,False,False,1,1,c2657363d223
2026-07-20,US.MSFT,LONG,False,-1,-1,-1,-1,-1,-1,True,,,0.0,0.0,no_entry,False,False,1,1,c2657363d223
2026-07-20,US.MSFT,SHORT,False,-1,-1,-1,-1,-1,-1,True,,,0.0,0.0,no_entry,False,False,1,1,c2657363d223
2026-07-20,US.MU,LONG,False,-1,-1,-1,-1,-1,-1,True,,,0.0,0.0,no_entry,False,False,1,1,c2657363d223
2026-07-20,US.MU,SHORT,True,91,99,661,661,669,669,True,872.415,876.21,-3.7950000000000728,-0.004349993982221847,soft_failure_loss,False,False,1,1,c2657363d223
2026-07-20,US.NVDA,LONG,False,-1,-1,-1,-1,-1,-1,True,,,0.0,0.0,no_entry,False,False,1,1,c2657363d223
2026-07-20,US.NVDA,SHORT,False,-1,-1,-1,-1,-1,-1,True,,,0.0,0.0,no_entry,False,False,1,1,c2657363d223
2026-07-20,US.QQQ,LONG,False,-1,-1,-1,-1,-1,-1,True,,,0.0,0.0,no_entry,False,False,1,1,c2657363d223
2026-07-20,US.QQQ,SHORT,False,-1,-1,-1,-1,-1,-1,True,,,0.0,0.0,no_entry,False,False,1,1,c2657363d223
2026-07-20,US.SPY,LONG,False,-1,-1,-1,-1,-1,-1,True,,,0.0,0.0,no_entry,False,False,1,1,c2657363d223
2026-07-20,US.SPY,SHORT,False,-1,-1,-1,-1,-1,-1,True,,,0.0,0.0,no_entry,False,False,1,1,c2657363d223
2026-07-20,US.TSLA,LONG,False,-1,-1,-1,-1,-1,-1,True,,,0.0,0.0,no_entry,False,False,1,1,c2657363d223
2026-07-20,US.TSLA,SHORT,True,21,22,591,591,592,592,True,379.77,380.46,-0.6899999999999977,-0.0018168891697606386,soft_failure_loss,False,False,1,1,c2657363d223
2026-07-21,US.AAPL,LONG,False,-1,-1,-1,-1,-1,-1,True,,,0.0,0.0,no_entry,False,False,1,1,c2657363d223
2026-07-21,US.AAPL,SHORT,False,-1,-1,-1,-1,-1,-1,True,,,0.0,0.0,no_entry,False,False,1,1,c2657363d223
2026-07-21,US.AMD,LONG,True,22,25,592,592,595,595,True,533.285,530.6,-2.6849999999999454,-0.005034831281584792,soft_failure_loss,False,False,1,1,c2657363d223
2026-07-21,US.AMD,SHORT,False,-1,-1,-1,-1,-1,-1,True,,,0.0,0.0,no_entry,False,False,1,1,c2657363d223
2026-07-21,US.IWM,LONG,False,-1,-1,-1,-1,-1,-1,True,,,0.0,0.0,no_entry,False,False,1,1,c2657363d223
2026-07-21,US.IWM,SHORT,False,-1,-1,-1,-1,-1,-1,True,,,0.0,0.0,no_entry,False,False,1,1,c2657363d223
2026-07-21,US.META,LONG,False,-1,-1,-1,-1,-1,-1,True,,,0.0,0.0,no_entry,False,False,1,1,c2657363d223
2026-07-21,US.META,SHORT,False,-1,-1,-1,-1,-1,-1,True,,,0.0,0.0,no_entry,False,False,1,1,c2657363d223
2026-07-21,US.MSFT,LONG,False,-1,-1,-1,-1,-1,-1,True,,,0.0,0.0,no_entry,False,False,1,1,c2657363d223
2026-07-21,US.MSFT,SHORT,False,-1,-1,-1,-1,-1,-1,True,,,0.0,0.0,no_entry,False,False,1,1,c2657363d223
2026-07-21,US.MU,LONG,False,-1,-1,-1,-1,-1,-1,True,,,0.0,0.0,no_entry,False,False,1,1,c2657363d223
2026-07-21,US.MU,SHORT,False,-1,-1,-1,-1,-1,-1,True,,,0.0,0.0,no_entry,False,False,1,1,c2657363d223
2026-07-21,US.NVDA,LONG,False,-1,-1,-1,-1,-1,-1,True,,,0.0,0.0,no_entry,False,False,1,1,c2657363d223
2026-07-21,US.NVDA,SHORT,True,145,154,715,715,724,724,True,205.779738708,205.884621348,-0.10488263999999958,-0.0005096839983300169,soft_failure_loss,False,False,1,1,c2657363d223
2026-07-21,US.QQQ,LONG,False,-1,-1,-1,-1,-1,-1,True,,,0.0,0.0,no_entry,False,False,1,1,c2657363d223
2026-07-21,US.QQQ,SHORT,False,-1,-1,-1,-1,-1,-1,True,,,0.0,0.0,no_entry,False,False,1,1,c2657363d223
2026-07-21,US.SPY,LONG,False,-1,-1,-1,-1,-1,-1,True,,,0.0,0.0,no_entry,False,False,1,1,c2657363d223
2026-07-21,US.SPY,SHORT,False,-1,-1,-1,-1,-1,-1,True,,,0.0,0.0,no_entry,False,False,1,1,c2657363d223
2026-07-21,US.TSLA,LONG,False,-1,-1,-1,-1,-1,-1,True,,,0.0,0.0,no_entry,False,False,1,1,c2657363d223
2026-07-21,US.TSLA,SHORT,False,-1,-1,-1,-1,-1,-1,True,,,0.0,0.0,no_entry,False,False,1,1,c2657363d223
2026-07-22,US.AAPL,LONG,False,-1,-1,-1,-1,-1,-1,True,,,0.0,0.0,no_entry,False,False,1,1,c2657363d223
2026-07-22,US.AAPL,SHORT,False,-1,-1,-1,-1,-1,-1,True,,,0.0,0.0,no_entry,False,False,1,1,c2657363d223
2026-07-22,US.AMD,LONG,True,77,78,647,647,648,648,True,551.0,549.905,-1.0950000000000273,-0.0019872958257713745,soft_failure_loss,False,False,1,1,c2657363d223
2026-07-22,US.AMD,SHORT,False,-1,-1,-1,-1,-1,-1,True,,,0.0,0.0,no_entry,False,False,1,1,c2657363d223
2026-07-22,US.IWM,LONG,False,-1,-1,-1,-1,-1,-1,True,,,0.0,0.0,no_entry,False,False,1,1,c2657363d223
2026-07-22,US.IWM,SHORT,True,62,63,632,632,633,633,True,295.14,295.34,-0.19999999999998863,-0.0006776445076912267,soft_failure_loss,False,False,1,1,c2657363d223
2026-07-22,US.META,LONG,False,-1,-1,-1,-1,-1,-1,True,,,0.0,0.0,no_entry,False,False,1,1,c2657363d223
2026-07-22,US.META,SHORT,True,145,146,715,715,716,716,True,629.14,629.37,-0.2300000000000182,-0.0003655784086213215,soft_failure_loss,False,False,1,1,c2657363d223
2026-07-22,US.MSFT,LONG,False,-1,-1,-1,-1,-1,-1,True,,,0.0,0.0,no_entry,False,False,1,1,c2657363d223
2026-07-22,US.MSFT,SHORT,False,-1,-1,-1,-1,-1,-1,True,,,0.0,0.0,no_entry,False,False,1,1,c2657363d223
2026-07-22,US.MU,LONG,True,23,375,593,593,-1,945,True,965.06,972.33,7.2700000000000955,0.007533210370339768,scheduled_flatten,True,False,1,1,c2657363d223
2026-07-22,US.MU,SHORT,False,-1,-1,-1,-1,-1,-1,True,,,0.0,0.0,no_entry,False,False,1,1,c2657363d223
2026-07-22,US.NVDA,LONG,True,28,29,598,598,599,599,True,207.447872118,207.31302301,-0.1348491079999974,-0.0006500385211148025,soft_failure_loss,False,False,1,1,c2657363d223
2026-07-22,US.NVDA,SHORT,False,-1,-1,-1,-1,-1,-1,True,,,0.0,0.0,no_entry,False,False,1,1,c2657363d223
2026-07-22,US.QQQ,LONG,True,94,375,664,664,-1,945,True,707.73,706.52,-1.2100000000000364,-0.0017096915490371135,scheduled_flatten,True,False,1,1,c2657363d223
2026-07-22,US.QQQ,SHORT,False,-1,-1,-1,-1,-1,-1,True,,,0.0,0.0,no_entry,False,False,1,1,c2657363d223
2026-07-22,US.SPY,LONG,True,27,375,597,597,-1,945,True,748.4095,747.795,-0.6145000000000209,-0.0008210745587810162,scheduled_flatten,True,False,1,1,c2657363d223
2026-07-22,US.SPY,SHORT,False,-1,-1,-1,-1,-1,-1,True,,,0.0,0.0,no_entry,False,False,1,1,c2657363d223
2026-07-22,US.TSLA,LONG,True,24,26,594,594,596,596,True,380.04,379.58,-0.4600000000000364,-0.001210398905378477,soft_failure_loss,False,False,1,1,c2657363d223
2026-07-22,US.TSLA,SHORT,False,-1,-1,-1,-1,-1,-1,True,,,0.0,0.0,no_entry,False,False,1,1,c2657363d223
2026-07-23,US.AAPL,LONG,False,-1,-1,-1,-1,-1,-1,True,,,0.0,0.0,no_entry,False,False,1,1,c2657363d223
2026-07-23,US.AAPL,SHORT,True,29,32,599,599,602,602,True,319.924079817,320.068954869,-0.14487505199997486,-0.00045284197451734464,soft_failure_loss,False,False,1,1,c2657363d223
2026-07-23,US.AMD,LONG,False,-1,-1,-1,-1,-1,-1,True,,,0.0,0.0,no_entry,False,False,1,1,c2657363d223
2026-07-23,US.AMD,SHORT,False,-1,-1,-1,-1,-1,-1,True,,,0.0,0.0,no_entry,False,False,1,1,c2657363d223
2026-07-23,US.IWM,LONG,False,-1,-1,-1,-1,-1,-1,True,,,0.0,0.0,no_entry,False,False,1,1,c2657363d223
2026-07-23,US.IWM,SHORT,False,-1,-1,-1,-1,-1,-1,True,,,0.0,0.0,no_entry,False,False,1,1,c2657363d223
2026-07-23,US.META,LONG,False,-1,-1,-1,-1,-1,-1,True,,,0.0,0.0,no_entry,False,False,1,1,c2657363d223
2026-07-23,US.META,SHORT,False,-1,-1,-1,-1,-1,-1,True,,,0.0,0.0,no_entry,False,False,1,1,c2657363d223
2026-07-23,US.MSFT,LONG,False,-1,-1,-1,-1,-1,-1,True,,,0.0,0.0,no_entry,False,False,1,1,c2657363d223
2026-07-23,US.MSFT,SHORT,False,-1,-1,-1,-1,-1,-1,True,,,0.0,0.0,no_entry,False,False,1,1,c2657363d223
2026-07-23,US.MU,LONG,False,-1,-1,-1,-1,-1,-1,True,,,0.0,0.0,no_entry,False,False,1,1,c2657363d223
2026-07-23,US.MU,SHORT,False,-1,-1,-1,-1,-1,-1,True,,,0.0,0.0,no_entry,False,False,1,1,c2657363d223
2026-07-23,US.NVDA,LONG,False,-1,-1,-1,-1,-1,-1,True,,,0.0,0.0,no_entry,False,False,1,1,c2657363d223
2026-07-23,US.NVDA,SHORT,False,-1,-1,-1,-1,-1,-1,True,,,0.0,0.0,no_entry,False,False,1,1,c2657363d223
2026-07-23,US.QQQ,LONG,False,-1,-1,-1,-1,-1,-1,True,,,0.0,0.0,no_entry,False,False,1,1,c2657363d223
2026-07-23,US.QQQ,SHORT,False,-1,-1,-1,-1,-1,-1,True,,,0.0,0.0,no_entry,False,False,1,1,c2657363d223
2026-07-23,US.SPY,LONG,False,-1,-1,-1,-1,-1,-1,True,,,0.0,0.0,no_entry,False,False,1,1,c2657363d223
2026-07-23,US.SPY,SHORT,False,-1,-1,-1,-1,-1,-1,True,,,0.0,0.0,no_entry,False,False,1,1,c2657363d223
2026-07-23,US.TSLA,LONG,False,-1,-1,-1,-1,-1,-1,True,,,0.0,0.0,no_entry,False,False,1,1,c2657363d223
2026-07-23,US.TSLA,SHORT,False,-1,-1,-1,-1,-1,-1,True,,,0.0,0.0,no_entry,False,False,1,1,c2657363d223
2026-07-24,US.AAPL,LONG,False,-1,-1,-1,-1,-1,-1,True,,,0.0,0.0,no_entry,False,False,1,1,c2657363d223
2026-07-24,US.AAPL,SHORT,False,-1,-1,-1,-1,-1,-1,True,,,0.0,0.0,no_entry,False,False,1,1,c2657363d223
2026-07-24,US.AMD,LONG,False,-1,-1,-1,-1,-1,-1,True,,,0.0,0.0,no_entry,False,False,1,1,c2657363d223
2026-07-24,US.AMD,SHORT,True,120,121,690,690,691,691,True,528.23,528.5175,-0.28750000000002274,-0.0005442704882343349,soft_failure_loss,False,False,1,1,c2657363d223
2026-07-24,US.IWM,LONG,False,-1,-1,-1,-1,-1,-1,True,,,0.0,0.0,no_entry,False,False,1,1,c2657363d223
2026-07-24,US.IWM,SHORT,True,24,105,594,594,675,675,True,291.87,292.71,-0.839999999999975,-0.0028779936272997396,trailing,False,False,1,1,c2657363d223
2026-07-24,US.META,LONG,False,-1,-1,-1,-1,-1,-1,True,,,0.0,0.0,no_entry,False,False,1,1,c2657363d223
2026-07-24,US.META,SHORT,False,-1,-1,-1,-1,-1,-1,True,,,0.0,0.0,no_entry,False,False,1,1,c2657363d223
2026-07-24,US.MSFT,LONG,False,-1,-1,-1,-1,-1,-1,True,,,0.0,0.0,no_entry,False,False,1,1,c2657363d223
2026-07-24,US.MSFT,SHORT,False,-1,-1,-1,-1,-1,-1,True,,,0.0,0.0,no_entry,False,False,1,1,c2657363d223
2026-07-24,US.MU,LONG,False,-1,-1,-1,-1,-1,-1,True,,,0.0,0.0,no_entry,False,False,1,1,c2657363d223
2026-07-24,US.MU,SHORT,True,21,375,591,591,-1,945,True,941.68,913.86,27.819999999999936,0.029542944524679232,scheduled_flatten,True,False,1,1,c2657363d223
2026-07-24,US.NVDA,LONG,False,-1,-1,-1,-1,-1,-1,True,,,0.0,0.0,no_entry,False,False,1,1,c2657363d223
2026-07-24,US.NVDA,SHORT,False,-1,-1,-1,-1,-1,-1,True,,,0.0,0.0,no_entry,False,False,1,1,c2657363d223
2026-07-24,US.QQQ,LONG,False,-1,-1,-1,-1,-1,-1,True,,,0.0,0.0,no_entry,False,False,1,1,c2657363d223
2026-07-24,US.QQQ,SHORT,True,36,38,606,606,608,608,True,686.36,686.82,-0.4600000000000364,-0.0006702022262370132,soft_failure_loss,False,False,1,1,c2657363d223
2026-07-24,US.SPY,LONG,False,-1,-1,-1,-1,-1,-1,True,,,0.0,0.0,no_entry,False,False,1,1,c2657363d223
2026-07-24,US.SPY,SHORT,True,28,29,598,598,599,599,True,737.82,737.94,-0.12000000000000455,-0.00016264129462471136,soft_failure_loss,False,False,1,1,c2657363d223
2026-07-24,US.TSLA,LONG,False,-1,-1,-1,-1,-1,-1,True,,,0.0,0.0,no_entry,False,False,1,1,c2657363d223
2026-07-24,US.TSLA,SHORT,True,34,375,604,604,-1,945,True,316.0271,310.78,5.247100000000046,0.016603322942874348,scheduled_flatten,True,False,1,1,c2657363d223
2026-07-27,US.AAPL,LONG,True,79,83,649,649,653,653,True,337.009344542,336.591205168,-0.4181393740000203,-0.0012407352519209136,soft_failure_loss,False,False,1,1,c2657363d223
2026-07-27,US.AAPL,SHORT,False,-1,-1,-1,-1,-1,-1,True,,,0.0,0.0,no_entry,False,False,1,1,c2657363d223
2026-07-27,US.AMD,LONG,False,-1,-1,-1,-1,-1,-1,True,,,0.0,0.0,no_entry,False,False,1,1,c2657363d223
2026-07-27,US.AMD,SHORT,False,-1,-1,-1,-1,-1,-1,True,,,0.0,0.0,no_entry,False,False,1,1,c2657363d223
2026-07-27,US.IWM,LONG,False,-1,-1,-1,-1,-1,-1,True,,,0.0,0.0,no_entry,False,False,1,1,c2657363d223
2026-07-27,US.IWM,SHORT,False,-1,-1,-1,-1,-1,-1,True,,,0.0,0.0,no_entry,False,False,1,1,c2657363d223
2026-07-27,US.META,LONG,False,-1,-1,-1,-1,-1,-1,True,,,0.0,0.0,no_entry,False,False,1,1,c2657363d223
2026-07-27,US.META,SHORT,False,-1,-1,-1,-1,-1,-1,True,,,0.0,0.0,no_entry,False,False,1,1,c2657363d223
2026-07-27,US.MSFT,LONG,False,-1,-1,-1,-1,-1,-1,True,,,0.0,0.0,no_entry,False,False,1,1,c2657363d223
2026-07-27,US.MSFT,SHORT,False,-1,-1,-1,-1,-1,-1,True,,,0.0,0.0,no_entry,False,False,1,1,c2657363d223
2026-07-27,US.MU,LONG,False,-1,-1,-1,-1,-1,-1,True,,,0.0,0.0,no_entry,False,False,1,1,c2657363d223
2026-07-27,US.MU,SHORT,False,-1,-1,-1,-1,-1,-1,True,,,0.0,0.0,no_entry,False,False,1,1,c2657363d223
2026-07-27,US.NVDA,LONG,False,-1,-1,-1,-1,-1,-1,True,,,0.0,0.0,no_entry,False,False,1,1,c2657363d223
2026-07-27,US.NVDA,SHORT,False,-1,-1,-1,-1,-1,-1,True,,,0.0,0.0,no_entry,False,False,1,1,c2657363d223
2026-07-27,US.QQQ,LONG,False,-1,-1,-1,-1,-1,-1,True,,,0.0,0.0,no_entry,False,False,1,1,c2657363d223
2026-07-27,US.QQQ,SHORT,False,-1,-1,-1,-1,-1,-1,True,,,0.0,0.0,no_entry,False,False,1,1,c2657363d223
2026-07-27,US.SPY,LONG,False,-1,-1,-1,-1,-1,-1,True,,,0.0,0.0,no_entry,False,False,1,1,c2657363d223
2026-07-27,US.SPY,SHORT,False,-1,-1,-1,-1,-1,-1,True,,,0.0,0.0,no_entry,False,False,1,1,c2657363d223
2026-07-27,US.TSLA,LONG,False,-1,-1,-1,-1,-1,-1,True,,,0.0,0.0,no_entry,False,False,1,1,c2657363d223
2026-07-27,US.TSLA,SHORT,True,114,120,684,684,690,690,True,307.95,308.5,-0.5500000000000114,-0.0017860042214645603,soft_failure_loss,False,False,1,1,c2657363d223
2026-07-28,US.AAPL,LONG,False,-1,-1,-1,-1,-1,-1,True,,,0.0,0.0,no_entry,False,False,1,1,c2657363d223
2026-07-28,US.AAPL,SHORT,False,-1,-1,-1,-1,-1,-1,True,,,0.0,0.0,no_entry,False,False,1,1,c2657363d223
2026-07-28,US.AMD,LONG,False,-1,-1,-1,-1,-1,-1,True,,,0.0,0.0,no_entry,False,False,1,1,c2657363d223
2026-07-28,US.AMD,SHORT,False,-1,-1,-1,-1,-1,-1,True,,,0.0,0.0,no_entry,False,False,1,1,c2657363d223
2026-07-28,US.IWM,LONG,False,-1,-1,-1,-1,-1,-1,True,,,0.0,0.0,no_entry,False,False,1,1,c2657363d223
2026-07-28,US.IWM,SHORT,False,-1,-1,-1,-1,-1,-1,True,,,0.0,0.0,no_entry,False,False,1,1,c2657363d223
2026-07-28,US.META,LONG,False,-1,-1,-1,-1,-1,-1,True,,,0.0,0.0,no_entry,False,False,1,1,c2657363d223
2026-07-28,US.META,SHORT,False,-1,-1,-1,-1,-1,-1,True,,,0.0,0.0,no_entry,False,False,1,1,c2657363d223
2026-07-28,US.MSFT,LONG,False,-1,-1,-1,-1,-1,-1,True,,,0.0,0.0,no_entry,False,False,1,1,c2657363d223
2026-07-28,US.MSFT,SHORT,False,-1,-1,-1,-1,-1,-1,True,,,0.0,0.0,no_entry,False,False,1,1,c2657363d223
2026-07-28,US.MU,LONG,False,-1,-1,-1,-1,-1,-1,True,,,0.0,0.0,no_entry,False,False,1,1,c2657363d223
2026-07-28,US.MU,SHORT,True,31,35,601,601,605,605,True,812.64,815.54,-2.8999999999999773,-0.0035686158692655756,soft_failure_loss,False,False,1,1,c2657363d223
2026-07-28,US.NVDA,LONG,False,-1,-1,-1,-1,-1,-1,True,,,0.0,0.0,no_entry,False,False,1,1,c2657363d223
2026-07-28,US.NVDA,SHORT,True,26,27,596,596,597,597,True,193.278726962,193.753196045,-0.47446908300000246,-0.002454843791956921,soft_failure_loss,False,False,1,1,c2657363d223
2026-07-28,US.QQQ,LONG,False,-1,-1,-1,-1,-1,-1,True,,,0.0,0.0,no_entry,False,False,1,1,c2657363d223
2026-07-28,US.QQQ,SHORT,True,38,109,608,608,679,679,True,670.7998,675.3,-4.50019999999995,-0.006708708022870534,trailing,False,False,1,1,c2657363d223
2026-07-28,US.SPY,LONG,False,-1,-1,-1,-1,-1,-1,True,,,0.0,0.0,no_entry,False,False,1,1,c2657363d223
2026-07-28,US.SPY,SHORT,False,-1,-1,-1,-1,-1,-1,True,,,0.0,0.0,no_entry,False,False,1,1,c2657363d223
2026-07-28,US.TSLA,LONG,False,-1,-1,-1,-1,-1,-1,True,,,0.0,0.0,no_entry,False,False,1,1,c2657363d223
2026-07-28,US.TSLA,SHORT,True,39,41,609,609,611,611,True,302.1999,303.0005,-0.8005999999999744,-0.002649239791277146,soft_failure_loss,False,False,1,1,c2657363d223
2026-07-29,US.AAPL,LONG,False,-1,-1,-1,-1,-1,-1,True,,,0.0,0.0,no_entry,False,False,1,1,c2657363d223
2026-07-29,US.AAPL,SHORT,False,-1,-1,-1,-1,-1,-1,True,,,0.0,0.0,no_entry,False,False,1,1,c2657363d223
2026-07-29,US.AMD,LONG,False,-1,-1,-1,-1,-1,-1,True,,,0.0,0.0,no_entry,False,False,1,1,c2657363d223
2026-07-29,US.AMD,SHORT,True,42,310,612,612,880,880,True,441.62,444.22,-2.6000000000000227,-0.005887414519270012,trailing,False,False,1,1,c2657363d223
2026-07-29,US.IWM,LONG,False,-1,-1,-1,-1,-1,-1,True,,,0.0,0.0,no_entry,False,False,1,1,c2657363d223
2026-07-29,US.IWM,SHORT,True,31,33,601,601,603,603,True,292.07,292.21,-0.13999999999998636,-0.0004793371452048699,soft_failure_loss,False,False,1,1,c2657363d223
2026-07-29,US.META,LONG,False,-1,-1,-1,-1,-1,-1,True,,,0.0,0.0,no_entry,False,False,1,1,c2657363d223
2026-07-29,US.META,SHORT,True,18,31,588,588,601,601,True,589.43,590.76,-1.330000000000041,-0.002256417216633088,soft_failure_loss,False,False,1,1,c2657363d223
2026-07-29,US.MSFT,LONG,False,-1,-1,-1,-1,-1,-1,True,,,0.0,0.0,no_entry,False,False,1,1,c2657363d223
2026-07-29,US.MSFT,SHORT,False,-1,-1,-1,-1,-1,-1,True,,,0.0,0.0,no_entry,False,False,1,1,c2657363d223
2026-07-29,US.MU,LONG,False,-1,-1,-1,-1,-1,-1,True,,,0.0,0.0,no_entry,False,False,1,1,c2657363d223
2026-07-29,US.MU,SHORT,False,-1,-1,-1,-1,-1,-1,True,,,0.0,0.0,no_entry,False,False,1,1,c2657363d223
2026-07-29,US.NVDA,LONG,False,-1,-1,-1,-1,-1,-1,True,,,0.0,0.0,no_entry,False,False,1,1,c2657363d223
2026-07-29,US.NVDA,SHORT,False,-1,-1,-1,-1,-1,-1,True,,,0.0,0.0,no_entry,False,False,1,1,c2657363d223
2026-07-29,US.QQQ,LONG,False,-1,-1,-1,-1,-1,-1,True,,,0.0,0.0,no_entry,False,False,1,1,c2657363d223
2026-07-29,US.QQQ,SHORT,False,-1,-1,-1,-1,-1,-1,True,,,0.0,0.0,no_entry,False,False,1,1,c2657363d223
2026-07-29,US.SPY,LONG,False,-1,-1,-1,-1,-1,-1,True,,,0.0,0.0,no_entry,False,False,1,1,c2657363d223
2026-07-29,US.SPY,SHORT,True,33,215,603,603,785,785,True,737.78,735.895,1.884999999999991,0.0025549621838488316,trailing,False,False,1,1,c2657363d223
2026-07-29,US.TSLA,LONG,False,-1,-1,-1,-1,-1,-1,True,,,0.0,0.0,no_entry,False,False,1,1,c2657363d223
2026-07-29,US.TSLA,SHORT,True,92,93,662,662,663,663,True,302.665,303.065,-0.39999999999997726,-0.0013215931805791129,soft_failure_loss,False,False,1,1,c2657363d223
2026-07-30,US.AAPL,LONG,False,-1,-1,-1,-1,-1,-1,True,,,0.0,0.0,no_entry,False,False,1,1,c2657363d223
2026-07-30,US.AAPL,SHORT,False,-1,-1,-1,-1,-1,-1,True,,,0.0,0.0,no_entry,False,False,1,1,c2657363d223
2026-07-30,US.AMD,LONG,False,-1,-1,-1,-1,-1,-1,True,,,0.0,0.0,no_entry,False,False,1,1,c2657363d223
2026-07-30,US.AMD,SHORT,False,-1,-1,-1,-1,-1,-1,True,,,0.0,0.0,no_entry,False,False,1,1,c2657363d223
2026-07-30,US.IWM,LONG,False,-1,-1,-1,-1,-1,-1,True,,,0.0,0.0,no_entry,False,False,1,1,c2657363d223
2026-07-30,US.IWM,SHORT,False,-1,-1,-1,-1,-1,-1,True,,,0.0,0.0,no_entry,False,False,1,1,c2657363d223
2026-07-30,US.META,LONG,False,-1,-1,-1,-1,-1,-1,True,,,0.0,0.0,no_entry,False,False,1,1,c2657363d223
2026-07-30,US.META,SHORT,False,-1,-1,-1,-1,-1,-1,True,,,0.0,0.0,no_entry,False,False,1,1,c2657363d223
2026-07-30,US.MSFT,LONG,False,-1,-1,-1,-1,-1,-1,True,,,0.0,0.0,no_entry,False,False,1,1,c2657363d223
2026-07-30,US.MSFT,SHORT,False,-1,-1,-1,-1,-1,-1,True,,,0.0,0.0,no_entry,False,False,1,1,c2657363d223
2026-07-30,US.MU,LONG,True,41,375,611,611,-1,945,True,827.6801,873.27,45.58989999999994,0.05508154660236478,scheduled_flatten,True,False,1,1,c2657363d223
2026-07-30,US.MU,SHORT,False,-1,-1,-1,-1,-1,-1,True,,,0.0,0.0,no_entry,False,False,1,1,c2657363d223
2026-07-30,US.NVDA,LONG,False,-1,-1,-1,-1,-1,-1,True,,,0.0,0.0,no_entry,False,False,1,1,c2657363d223
2026-07-30,US.NVDA,SHORT,False,-1,-1,-1,-1,-1,-1,True,,,0.0,0.0,no_entry,False,False,1,1,c2657363d223
2026-07-30,US.QQQ,LONG,True,135,143,705,705,713,713,True,680.06,679.515,-0.5449999999999591,-0.0008013998764814268,soft_failure_loss,False,False,1,1,c2657363d223
2026-07-30,US.QQQ,SHORT,False,-1,-1,-1,-1,-1,-1,True,,,0.0,0.0,no_entry,False,False,1,1,c2657363d223
2026-07-30,US.SPY,LONG,True,137,139,707,707,709,709,True,737.06,736.93,-0.12999999999999545,-0.00017637641440316319,soft_failure_loss,False,False,1,1,c2657363d223
2026-07-30,US.SPY,SHORT,False,-1,-1,-1,-1,-1,-1,True,,,0.0,0.0,no_entry,False,False,1,1,c2657363d223
2026-07-30,US.TSLA,LONG,False,-1,-1,-1,-1,-1,-1,True,,,0.0,0.0,no_entry,False,False,1,1,c2657363d223
2026-07-30,US.TSLA,SHORT,False,-1,-1,-1,-1,-1,-1,True,,,0.0,0.0,no_entry,False,False,1,1,c2657363d223
2026-07-31,US.AAPL,LONG,False,-1,-1,-1,-1,-1,-1,True,,,0.0,0.0,no_entry,False,False,1,1,c2657363d223
2026-07-31,US.AAPL,SHORT,False,-1,-1,-1,-1,-1,-1,True,,,0.0,0.0,no_entry,False,False,1,1,c2657363d223
2026-07-31,US.AMD,LONG,False,-1,-1,-1,-1,-1,-1,True,,,0.0,0.0,no_entry,False,False,1,1,c2657363d223
2026-07-31,US.AMD,SHORT,False,-1,-1,-1,-1,-1,-1,True,,,0.0,0.0,no_entry,False,False,1,1,c2657363d223
2026-07-31,US.IWM,LONG,False,-1,-1,-1,-1,-1,-1,True,,,0.0,0.0,no_entry,False,False,1,1,c2657363d223
2026-07-31,US.IWM,SHORT,True,132,135,702,702,705,705,True,289.71,289.89,-0.18000000000000682,-0.000621310966138576,soft_failure_loss,False,False,1,1,c2657363d223
2026-07-31,US.META,LONG,False,-1,-1,-1,-1,-1,-1,True,,,0.0,0.0,no_entry,False,False,1,1,c2657363d223
2026-07-31,US.META,SHORT,False,-1,-1,-1,-1,-1,-1,True,,,0.0,0.0,no_entry,False,False,1,1,c2657363d223
2026-07-31,US.MSFT,LONG,False,-1,-1,-1,-1,-1,-1,True,,,0.0,0.0,no_entry,False,False,1,1,c2657363d223
2026-07-31,US.MSFT,SHORT,False,-1,-1,-1,-1,-1,-1,True,,,0.0,0.0,no_entry,False,False,1,1,c2657363d223
2026-07-31,US.MU,LONG,False,-1,-1,-1,-1,-1,-1,True,,,0.0,0.0,no_entry,False,False,1,1,c2657363d223
2026-07-31,US.MU,SHORT,False,-1,-1,-1,-1,-1,-1,True,,,0.0,0.0,no_entry,False,False,1,1,c2657363d223
2026-07-31,US.NVDA,LONG,False,-1,-1,-1,-1,-1,-1,True,,,0.0,0.0,no_entry,False,False,1,1,c2657363d223
2026-07-31,US.NVDA,SHORT,False,-1,-1,-1,-1,-1,-1,True,,,0.0,0.0,no_entry,False,False,1,1,c2657363d223
2026-07-31,US.QQQ,LONG,False,-1,-1,-1,-1,-1,-1,True,,,0.0,0.0,no_entry,False,False,1,1,c2657363d223
2026-07-31,US.QQQ,SHORT,False,-1,-1,-1,-1,-1,-1,True,,,0.0,0.0,no_entry,False,False,1,1,c2657363d223
2026-07-31,US.SPY,LONG,False,-1,-1,-1,-1,-1,-1,True,,,0.0,0.0,no_entry,False,False,1,1,c2657363d223
2026-07-31,US.SPY,SHORT,True,113,175,683,683,745,745,True,741.36,744.3,-2.939999999999941,-0.003965684687601086,trailing,False,False,1,1,c2657363d223
2026-07-31,US.TSLA,LONG,False,-1,-1,-1,-1,-1,-1,True,,,0.0,0.0,no_entry,False,False,1,1,c2657363d223
2026-07-31,US.TSLA,SHORT,True,117,127,687,687,697,697,True,305.88,307.015,-1.134999999999991,-0.003710605466195864,soft_failure_loss,False,False,1,1,c2657363d223
2026-08-03,US.AAPL,LONG,False,-1,-1,-1,-1,-1,-1,True,,,0.0,0.0,no_entry,False,False,1,1,c2657363d223
2026-08-03,US.AAPL,SHORT,False,-1,-1,-1,-1,-1,-1,True,,,0.0,0.0,no_entry,False,False,1,1,c2657363d223
2026-08-03,US.AMD,LONG,False,-1,-1,-1,-1,-1,-1,True,,,0.0,0.0,no_entry,False,False,1,1,c2657363d223
2026-08-03,US.AMD,SHORT,False,-1,-1,-1,-1,-1,-1,True,,,0.0,0.0,no_entry,False,False,1,1,c2657363d223
2026-08-03,US.IWM,LONG,False,-1,-1,-1,-1,-1,-1,True,,,0.0,0.0,no_entry,False,False,1,1,c2657363d223
2026-08-03,US.IWM,SHORT,False,-1,-1,-1,-1,-1,-1,True,,,0.0,0.0,no_entry,False,False,1,1,c2657363d223
2026-08-03,US.META,LONG,False,-1,-1,-1,-1,-1,-1,True,,,0.0,0.0,no_entry,False,False,1,1,c2657363d223
2026-08-03,US.META,SHORT,False,-1,-1,-1,-1,-1,-1,True,,,0.0,0.0,no_entry,False,False,1,1,c2657363d223
2026-08-03,US.MSFT,LONG,False,-1,-1,-1,-1,-1,-1,True,,,0.0,0.0,no_entry,False,False,1,1,c2657363d223
2026-08-03,US.MSFT,SHORT,False,-1,-1,-1,-1,-1,-1,True,,,0.0,0.0,no_entry,False,False,1,1,c2657363d223
2026-08-03,US.MU,LONG,False,-1,-1,-1,-1,-1,-1,True,,,0.0,0.0,no_entry,False,False,1,1,c2657363d223
2026-08-03,US.MU,SHORT,False,-1,-1,-1,-1,-1,-1,True,,,0.0,0.0,no_entry,False,False,1,1,c2657363d223
2026-08-03,US.NVDA,LONG,False,-1,-1,-1,-1,-1,-1,True,,,0.0,0.0,no_entry,False,False,1,1,c2657363d223
2026-08-03,US.NVDA,SHORT,False,-1,-1,-1,-1,-1,-1,True,,,0.0,0.0,no_entry,False,False,1,1,c2657363d223
2026-08-03,US.QQQ,LONG,False,-1,-1,-1,-1,-1,-1,True,,,0.0,0.0,no_entry,False,False,1,1,c2657363d223
2026-08-03,US.QQQ,SHORT,False,-1,-1,-1,-1,-1,-1,True,,,0.0,0.0,no_entry,False,False,1,1,c2657363d223
2026-08-03,US.SPY,LONG,False,-1,-1,-1,-1,-1,-1,True,,,0.0,0.0,no_entry,False,False,1,1,c2657363d223
2026-08-03,US.SPY,SHORT,False,-1,-1,-1,-1,-1,-1,True,,,0.0,0.0,no_entry,False,False,1,1,c2657363d223
2026-08-03,US.TSLA,LONG,False,-1,-1,-1,-1,-1,-1,True,,,0.0,0.0,no_entry,False,False,1,1,c2657363d223
2026-08-03,US.TSLA,SHORT,False,-1,-1,-1,-1,-1,-1,True,,,0.0,0.0,no_entry,False,False,1,1,c2657363d223
2026-08-04,US.AAPL,LONG,True,23,25,593,593,595,595,True,304.337522524,303.917884443,-0.4196380810000164,-0.001378857518191579,soft_failure_loss,False,False,1,1,c2657363d223
2026-08-04,US.AAPL,SHORT,False,-1,-1,-1,-1,-1,-1,True,,,0.0,0.0,no_entry,False,False,1,1,c2657363d223
2026-08-04,US.AMD,LONG,True,84,86,654,654,656,656,True,517.385,516.05,-1.3350000000000364,-0.0025802835412701113,soft_failure_loss,False,False,1,1,c2657363d223
2026-08-04,US.AMD,SHORT,False,-1,-1,-1,-1,-1,-1,True,,,0.0,0.0,no_entry,False,False,1,1,c2657363d223
2026-08-04,US.IWM,LONG,False,-1,-1,-1,-1,-1,-1,True,,,0.0,0.0,no_entry,False,False,1,1,c2657363d223
2026-08-04,US.IWM,SHORT,False,-1,-1,-1,-1,-1,-1,True,,,0.0,0.0,no_entry,False,False,1,1,c2657363d223
2026-08-04,US.META,LONG,False,-1,-1,-1,-1,-1,-1,True,,,0.0,0.0,no_entry,False,False,1,1,c2657363d223
2026-08-04,US.META,SHORT,False,-1,-1,-1,-1,-1,-1,True,,,0.0,0.0,no_entry,False,False,1,1,c2657363d223
2026-08-04,US.MSFT,LONG,False,-1,-1,-1,-1,-1,-1,True,,,0.0,0.0,no_entry,False,False,1,1,c2657363d223
2026-08-04,US.MSFT,SHORT,False,-1,-1,-1,-1,-1,-1,True,,,0.0,0.0,no_entry,False,False,1,1,c2657363d223
2026-08-04,US.MU,LONG,False,-1,-1,-1,-1,-1,-1,True,,,0.0,0.0,no_entry,False,False,1,1,c2657363d223
2026-08-04,US.MU,SHORT,False,-1,-1,-1,-1,-1,-1,True,,,0.0,0.0,no_entry,False,False,1,1,c2657363d223
2026-08-04,US.NVDA,LONG,False,-1,-1,-1,-1,-1,-1,True,,,0.0,0.0,no_entry,False,False,1,1,c2657363d223
2026-08-04,US.NVDA,SHORT,True,82,83,652,652,653,653,True,209.670884634,209.915111352,-0.24422671799999307,-0.0011648098801429368,soft_failure_loss,False,False,1,1,c2657363d223
2026-08-04,US.QQQ,LONG,True,32,375,602,602,-1,945,True,713.83,725.49,11.659999999999968,0.016334421360828164,scheduled_flatten,True,False,1,1,c2657363d223
2026-08-04,US.QQQ,SHORT,False,-1,-1,-1,-1,-1,-1,True,,,0.0,0.0,no_entry,False,False,1,1,c2657363d223
2026-08-04,US.SPY,LONG,True,16,17,586,586,587,587,True,762.48,762.17,-0.3100000000000591,-0.00040656804112902515,soft_failure_loss,False,False,1,1,c2657363d223
2026-08-04,US.SPY,SHORT,False,-1,-1,-1,-1,-1,-1,True,,,0.0,0.0,no_entry,False,False,1,1,c2657363d223
2026-08-04,US.TSLA,LONG,False,-1,-1,-1,-1,-1,-1,True,,,0.0,0.0,no_entry,False,False,1,1,c2657363d223
2026-08-04,US.TSLA,SHORT,False,-1,-1,-1,-1,-1,-1,True,,,0.0,0.0,no_entry,False,False,1,1,c2657363d223
2026-08-05,US.AAPL,LONG,False,-1,-1,-1,-1,-1,-1,True,,,0.0,0.0,no_entry,False,False,1,1,c2657363d223
2026-08-05,US.AAPL,SHORT,False,-1,-1,-1,-1,-1,-1,True,,,0.0,0.0,no_entry,False,False,1,1,c2657363d223
2026-08-05,US.AMD,LONG,False,-1,-1,-1,-1,-1,-1,True,,,0.0,0.0,no_entry,False,False,1,1,c2657363d223
2026-08-05,US.AMD,SHORT,False,-1,-1,-1,-1,-1,-1,True,,,0.0,0.0,no_entry,False,False,1,1,c2657363d223
2026-08-05,US.IWM,LONG,False,-1,-1,-1,-1,-1,-1,True,,,0.0,0.0,no_entry,False,False,1,1,c2657363d223
2026-08-05,US.IWM,SHORT,False,-1,-1,-1,-1,-1,-1,True,,,0.0,0.0,no_entry,False,False,1,1,c2657363d223
2026-08-05,US.META,LONG,False,-1,-1,-1,-1,-1,-1,True,,,0.0,0.0,no_entry,False,False,1,1,c2657363d223
2026-08-05,US.META,SHORT,False,-1,-1,-1,-1,-1,-1,True,,,0.0,0.0,no_entry,False,False,1,1,c2657363d223
2026-08-05,US.MSFT,LONG,False,-1,-1,-1,-1,-1,-1,True,,,0.0,0.0,no_entry,False,False,1,1,c2657363d223
2026-08-05,US.MSFT,SHORT,True,101,104,671,671,674,674,True,489.004449542,489.328838879,-0.3243893370000137,-0.0006633668411480421,soft_failure_loss,False,False,1,1,c2657363d223
2026-08-05,US.MU,LONG,True,40,53,610,610,623,623,True,917.24,915.43,-1.8100000000000591,-0.0019733112380620767,soft_failure_loss,False,False,1,1,c2657363d223
2026-08-05,US.MU,SHORT,False,-1,-1,-1,-1,-1,-1,True,,,0.0,0.0,no_entry,False,False,1,1,c2657363d223
2026-08-05,US.NVDA,LONG,False,-1,-1,-1,-1,-1,-1,True,,,0.0,0.0,no_entry,False,False,1,1,c2657363d223
2026-08-05,US.NVDA,SHORT,False,-1,-1,-1,-1,-1,-1,True,,,0.0,0.0,no_entry,False,False,1,1,c2657363d223
2026-08-05,US.QQQ,LONG,False,-1,-1,-1,-1,-1,-1,True,,,0.0,0.0,no_entry,False,False,1,1,c2657363d223
2026-08-05,US.QQQ,SHORT,False,-1,-1,-1,-1,-1,-1,True,,,0.0,0.0,no_entry,False,False,1,1,c2657363d223
2026-08-05,US.SPY,LONG,False,-1,-1,-1,-1,-1,-1,True,,,0.0,0.0,no_entry,False,False,1,1,c2657363d223
2026-08-05,US.SPY,SHORT,False,-1,-1,-1,-1,-1,-1,True,,,0.0,0.0,no_entry,False,False,1,1,c2657363d223
2026-08-05,US.TSLA,LONG,False,-1,-1,-1,-1,-1,-1,True,,,0.0,0.0,no_entry,False,False,1,1,c2657363d223
2026-08-05,US.TSLA,SHORT,False,-1,-1,-1,-1,-1,-1,True,,,0.0,0.0,no_entry,False,False,1,1,c2657363d223
2026-08-06,US.AAPL,LONG,False,-1,-1,-1,-1,-1,-1,True,,,0.0,0.0,no_entry,False,False,1,1,c2657363d223
2026-08-06,US.AAPL,SHORT,False,-1,-1,-1,-1,-1,-1,True,,,0.0,0.0,no_entry,False,False,1,1,c2657363d223
2026-08-06,US.AMD,LONG,False,-1,-1,-1,-1,-1,-1,True,,,0.0,0.0,no_entry,False,False,1,1,c2657363d223
2026-08-06,US.AMD,SHORT,False,-1,-1,-1,-1,-1,-1,True,,,0.0,0.0,no_entry,False,False,1,1,c2657363d223
2026-08-06,US.IWM,LONG,True,98,105,668,668,675,675,True,300.765,300.66,-0.10499999999996135,-0.0003491097700861515,soft_failure_loss,False,False,1,1,c2657363d223
2026-08-06,US.IWM,SHORT,False,-1,-1,-1,-1,-1,-1,True,,,0.0,0.0,no_entry,False,False,1,1,c2657363d223
2026-08-06,US.META,LONG,False,-1,-1,-1,-1,-1,-1,True,,,0.0,0.0,no_entry,False,False,1,1,c2657363d223
2026-08-06,US.META,SHORT,False,-1,-1,-1,-1,-1,-1,True,,,0.0,0.0,no_entry,False,False,1,1,c2657363d223
2026-08-06,US.MSFT,LONG,False,-1,-1,-1,-1,-1,-1,True,,,0.0,0.0,no_entry,False,False,1,1,c2657363d223
2026-08-06,US.MSFT,SHORT,False,-1,-1,-1,-1,-1,-1,True,,,0.0,0.0,no_entry,False,False,1,1,c2657363d223
2026-08-06,US.MU,LONG,False,-1,-1,-1,-1,-1,-1,True,,,0.0,0.0,no_entry,False,False,1,1,c2657363d223
2026-08-06,US.MU,SHORT,False,-1,-1,-1,-1,-1,-1,True,,,0.0,0.0,no_entry,False,False,1,1,c2657363d223
2026-08-06,US.NVDA,LONG,False,-1,-1,-1,-1,-1,-1,True,,,0.0,0.0,no_entry,False,False,1,1,c2657363d223
2026-08-06,US.NVDA,SHORT,False,-1,-1,-1,-1,-1,-1,True,,,0.0,0.0,no_entry,False,False,1,1,c2657363d223
2026-08-06,US.QQQ,LONG,False,-1,-1,-1,-1,-1,-1,True,,,0.0,0.0,no_entry,False,False,1,1,c2657363d223
2026-08-06,US.QQQ,SHORT,False,-1,-1,-1,-1,-1,-1,True,,,0.0,0.0,no_entry,False,False,1,1,c2657363d223
2026-08-06,US.SPY,LONG,False,-1,-1,-1,-1,-1,-1,True,,,0.0,0.0,no_entry,False,False,1,1,c2657363d223
2026-08-06,US.SPY,SHORT,False,-1,-1,-1,-1,-1,-1,True,,,0.0,0.0,no_entry,False,False,1,1,c2657363d223
2026-08-06,US.TSLA,LONG,False,-1,-1,-1,-1,-1,-1,True,,,0.0,0.0,no_entry,False,False,1,1,c2657363d223
2026-08-06,US.TSLA,SHORT,False,-1,-1,-1,-1,-1,-1,True,,,0.0,0.0,no_entry,False,False,1,1,c2657363d223
2026-08-07,US.AAPL,LONG,False,-1,-1,-1,-1,-1,-1,True,,,0.0,0.0,no_entry,False,False,1,1,c2657363d223
2026-08-07,US.AAPL,SHORT,False,-1,-1,-1,-1,-1,-1,True,,,0.0,0.0,no_entry,False,False,1,1,c2657363d223
2026-08-07,US.AMD,LONG,False,-1,-1,-1,-1,-1,-1,True,,,0.0,0.0,no_entry,False,False,1,1,c2657363d223
2026-08-07,US.AMD,SHORT,False,-1,-1,-1,-1,-1,-1,True,,,0.0,0.0,no_entry,False,False,1,1,c2657363d223
2026-08-07,US.IWM,LONG,False,-1,-1,-1,-1,-1,-1,True,,,0.0,0.0,no_entry,False,False,1,1,c2657363d223
2026-08-07,US.IWM,SHORT,False,-1,-1,-1,-1,-1,-1,True,,,0.0,0.0,no_entry,False,False,1,1,c2657363d223
2026-08-07,US.META,LONG,False,-1,-1,-1,-1,-1,-1,True,,,0.0,0.0,no_entry,False,False,1,1,c2657363d223
2026-08-07,US.META,SHORT,False,-1,-1,-1,-1,-1,-1,True,,,0.0,0.0,no_entry,False,False,1,1,c2657363d223
2026-08-07,US.MSFT,LONG,False,-1,-1,-1,-1,-1,-1,True,,,0.0,0.0,no_entry,False,False,1,1,c2657363d223
2026-08-07,US.MSFT,SHORT,False,-1,-1,-1,-1,-1,-1,True,,,0.0,0.0,no_entry,False,False,1,1,c2657363d223
2026-08-07,US.MU,LONG,False,-1,-1,-1,-1,-1,-1,True,,,0.0,0.0,no_entry,False,False,1,1,c2657363d223
2026-08-07,US.MU,SHORT,False,-1,-1,-1,-1,-1,-1,True,,,0.0,0.0,no_entry,False,False,1,1,c2657363d223
2026-08-07,US.NVDA,LONG,True,92,375,662,662,-1,945,True,223.24020098,222.685821314,-0.5543796659999884,-0.002483332587797012,scheduled_flatten,True,False,1,1,c2657363d223
2026-08-07,US.NVDA,SHORT,False,-1,-1,-1,-1,-1,-1,True,,,0.0,0.0,no_entry,False,False,1,1,c2657363d223
2026-08-07,US.QQQ,LONG,False,-1,-1,-1,-1,-1,-1,True,,,0.0,0.0,no_entry,False,False,1,1,c2657363d223
2026-08-07,US.QQQ,SHORT,False,-1,-1,-1,-1,-1,-1,True,,,0.0,0.0,no_entry,False,False,1,1,c2657363d223
2026-08-07,US.SPY,LONG,False,-1,-1,-1,-1,-1,-1,True,,,0.0,0.0,no_entry,False,False,1,1,c2657363d223
2026-08-07,US.SPY,SHORT,False,-1,-1,-1,-1,-1,-1,True,,,0.0,0.0,no_entry,False,False,1,1,c2657363d223
2026-08-07,US.TSLA,LONG,True,27,28,597,597,598,598,True,326.869,326.65,-0.21900000000005093,-0.0006699931776951957,soft_failure_loss,False,False,1,1,c2657363d223
2026-08-07,US.TSLA,SHORT,False,-1,-1,-1,-1,-1,-1,True,,,0.0,0.0,no_entry,False,False,1,1,c2657363d223
2026-08-10,US.AAPL,LONG,False,-1,-1,-1,-1,-1,-1,True,,,0.0,0.0,no_entry,False,False,1,1,c2657363d223
2026-08-10,US.AAPL,SHORT,False,-1,-1,-1,-1,-1,-1,True,,,0.0,0.0,no_entry,False,False,1,1,c2657363d223
2026-08-10,US.AMD,LONG,False,-1,-1,-1,-1,-1,-1,True,,,0.0,0.0,no_entry,False,False,1,1,c2657363d223
2026-08-10,US.AMD,SHORT,False,-1,-1,-1,-1,-1,-1,True,,,0.0,0.0,no_entry,False,False,1,1,c2657363d223
2026-08-10,US.IWM,LONG,False,-1,-1,-1,-1,-1,-1,True,,,0.0,0.0,no_entry,False,False,1,1,c2657363d223
2026-08-10,US.IWM,SHORT,False,-1,-1,-1,-1,-1,-1,True,,,0.0,0.0,no_entry,False,False,1,1,c2657363d223
2026-08-10,US.META,LONG,False,-1,-1,-1,-1,-1,-1,True,,,0.0,0.0,no_entry,False,False,1,1,c2657363d223
2026-08-10,US.META,SHORT,False,-1,-1,-1,-1,-1,-1,True,,,0.0,0.0,no_entry,False,False,1,1,c2657363d223
2026-08-10,US.MSFT,LONG,True,138,182,708,708,752,752,True,508.981842117,508.288147996,-0.6936941209999645,-0.0013629054390519979,soft_failure_loss,False,False,1,1,c2657363d223
2026-08-10,US.MSFT,SHORT,False,-1,-1,-1,-1,-1,-1,True,,,0.0,0.0,no_entry,False,False,1,1,c2657363d223
2026-08-10,US.MU,LONG,True,136,137,706,706,707,707,True,878.95,876.835,-2.115000000000009,-0.002406280220717912,soft_failure_loss,False,False,1,1,c2657363d223
2026-08-10,US.MU,SHORT,False,-1,-1,-1,-1,-1,-1,True,,,0.0,0.0,no_entry,False,False,1,1,c2657363d223
2026-08-10,US.NVDA,LONG,False,-1,-1,-1,-1,-1,-1,True,,,0.0,0.0,no_entry,False,False,1,1,c2657363d223
2026-08-10,US.NVDA,SHORT,False,-1,-1,-1,-1,-1,-1,True,,,0.0,0.0,no_entry,False,False,1,1,c2657363d223
2026-08-10,US.QQQ,LONG,True,38,54,608,608,624,624,True,723.62,723.375,-0.24500000000000455,-0.00033857549542578224,soft_failure_loss,False,False,1,1,c2657363d223
2026-08-10,US.QQQ,SHORT,False,-1,-1,-1,-1,-1,-1,True,,,0.0,0.0,no_entry,False,False,1,1,c2657363d223
2026-08-10,US.SPY,LONG,True,32,34,602,602,604,604,True,773.725,773.59,-0.1349999999999909,-0.00017448059711136501,soft_failure_loss,False,False,1,1,c2657363d223
2026-08-10,US.SPY,SHORT,False,-1,-1,-1,-1,-1,-1,True,,,0.0,0.0,no_entry,False,False,1,1,c2657363d223
2026-08-10,US.TSLA,LONG,True,19,20,589,589,590,590,True,329.5008,329.3,-0.2008000000000152,-0.0006094067146423171,soft_failure_loss,False,False,1,1,c2657363d223
2026-08-10,US.TSLA,SHORT,False,-1,-1,-1,-1,-1,-1,True,,,0.0,0.0,no_entry,False,False,1,1,c2657363d223
2026-08-11,US.AAPL,LONG,False,-1,-1,-1,-1,-1,-1,True,,,0.0,0.0,no_entry,False,False,1,1,c2657363d223
2026-08-11,US.AAPL,SHORT,False,-1,-1,-1,-1,-1,-1,True,,,0.0,0.0,no_entry,False,False,1,1,c2657363d223
2026-08-11,US.AMD,LONG,False,-1,-1,-1,-1,-1,-1,True,,,0.0,0.0,no_entry,False,False,1,1,c2657363d223
2026-08-11,US.AMD,SHORT,False,-1,-1,-1,-1,-1,-1,True,,,0.0,0.0,no_entry,False,False,1,1,c2657363d223
2026-08-11,US.IWM,LONG,True,45,53,615,615,623,623,True,301.7099,301.64,-0.06990000000001828,-0.00023167950405345757,soft_failure_loss,False,False,1,1,c2657363d223
2026-08-11,US.IWM,SHORT,False,-1,-1,-1,-1,-1,-1,True,,,0.0,0.0,no_entry,False,False,1,1,c2657363d223
2026-08-11,US.META,LONG,False,-1,-1,-1,-1,-1,-1,True,,,0.0,0.0,no_entry,False,False,1,1,c2657363d223
2026-08-11,US.META,SHORT,False,-1,-1,-1,-1,-1,-1,True,,,0.0,0.0,no_entry,False,False,1,1,c2657363d223
2026-08-11,US.MSFT,LONG,False,-1,-1,-1,-1,-1,-1,True,,,0.0,0.0,no_entry,False,False,1,1,c2657363d223
2026-08-11,US.MSFT,SHORT,False,-1,-1,-1,-1,-1,-1,True,,,0.0,0.0,no_entry,False,False,1,1,c2657363d223
2026-08-11,US.MU,LONG,False,-1,-1,-1,-1,-1,-1,True,,,0.0,0.0,no_entry,False,False,1,1,c2657363d223
2026-08-11,US.MU,SHORT,True,45,47,615,615,617,617,True,853.37,854.55,-1.17999999999995,-0.0013827530848283278,soft_failure_loss,False,False,1,1,c2657363d223
2026-08-11,US.NVDA,LONG,False,-1,-1,-1,-1,-1,-1,True,,,0.0,0.0,no_entry,False,False,1,1,c2657363d223
2026-08-11,US.NVDA,SHORT,False,-1,-1,-1,-1,-1,-1,True,,,0.0,0.0,no_entry,False,False,1,1,c2657363d223
2026-08-11,US.QQQ,LONG,False,-1,-1,-1,-1,-1,-1,True,,,0.0,0.0,no_entry,False,False,1,1,c2657363d223
2026-08-11,US.QQQ,SHORT,True,17,19,587,587,589,589,True,719.05,719.21,-0.16000000000008185,-0.0002225158194841553,soft_failure_loss,False,False,1,1,c2657363d223
2026-08-11,US.SPY,LONG,False,-1,-1,-1,-1,-1,-1,True,,,0.0,0.0,no_entry,False,False,1,1,c2657363d223
2026-08-11,US.SPY,SHORT,True,103,375,673,673,-1,945,True,772.815,770.72,2.0950000000000273,0.002710868707258564,scheduled_flatten,True,False,1,1,c2657363d223
2026-08-11,US.TSLA,LONG,True,50,57,620,620,627,627,True,334.7001,334.5,-0.20010000000002037,-0.0005978486412164812,soft_failure_loss,False,False,1,1,c2657363d223
2026-08-11,US.TSLA,SHORT,False,-1,-1,-1,-1,-1,-1,True,,,0.0,0.0,no_entry,False,False,1,1,c2657363d223
2026-08-12,US.AAPL,LONG,False,-1,-1,-1,-1,-1,-1,True,,,0.0,0.0,no_entry,False,False,1,1,c2657363d223
2026-08-12,US.AAPL,SHORT,True,81,82,651,651,652,652,True,302.15,302.335,-0.18500000000000227,-0.0006122786695350067,soft_failure_loss,False,False,1,1,c2657363d223
2026-08-12,US.AMD,LONG,True,55,56,625,625,626,626,True,489.695,489.07,-0.625,-0.0012763046386015785,soft_failure_loss,False,False,1,1,c2657363d223
2026-08-12,US.AMD,SHORT,False,-1,-1,-1,-1,-1,-1,True,,,0.0,0.0,no_entry,False,False,1,1,c2657363d223
2026-08-12,US.IWM,LONG,False,-1,-1,-1,-1,-1,-1,True,,,0.0,0.0,no_entry,False,False,1,1,c2657363d223
2026-08-12,US.IWM,SHORT,False,-1,-1,-1,-1,-1,-1,True,,,0.0,0.0,no_entry,False,False,1,1,c2657363d223
2026-08-12,US.META,LONG,False,-1,-1,-1,-1,-1,-1,True,,,0.0,0.0,no_entry,False,False,1,1,c2657363d223
2026-08-12,US.META,SHORT,False,-1,-1,-1,-1,-1,-1,True,,,0.0,0.0,no_entry,False,False,1,1,c2657363d223
2026-08-12,US.MSFT,LONG,False,-1,-1,-1,-1,-1,-1,True,,,0.0,0.0,no_entry,False,False,1,1,c2657363d223
2026-08-12,US.MSFT,SHORT,False,-1,-1,-1,-1,-1,-1,True,,,0.0,0.0,no_entry,False,False,1,1,c2657363d223
2026-08-12,US.MU,LONG,True,27,31,597,597,601,601,True,920.85,919.78,-1.07000000000005,-0.0011619699190965412,soft_failure_loss,False,False,1,1,c2657363d223
2026-08-12,US.MU,SHORT,False,-1,-1,-1,-1,-1,-1,True,,,0.0,0.0,no_entry,False,False,1,1,c2657363d223
2026-08-12,US.NVDA,LONG,True,35,43,605,605,613,613,True,222.550972206,222.341206927,-0.20976527900000974,-0.0009425493715922506,soft_failure_loss,False,False,1,1,c2657363d223
2026-08-12,US.NVDA,SHORT,False,-1,-1,-1,-1,-1,-1,True,,,0.0,0.0,no_entry,False,False,1,1,c2657363d223
2026-08-12,US.QQQ,LONG,False,-1,-1,-1,-1,-1,-1,True,,,0.0,0.0,no_entry,False,False,1,1,c2657363d223
2026-08-12,US.QQQ,SHORT,True,94,95,664,664,665,665,True,723.505,723.68,-0.17499999999995453,-0.00024187807962620095,soft_failure_loss,False,False,1,1,c2657363d223
2026-08-12,US.SPY,LONG,False,-1,-1,-1,-1,-1,-1,True,,,0.0,0.0,no_entry,False,False,1,1,c2657363d223
2026-08-12,US.SPY,SHORT,True,87,89,657,657,659,659,True,772.07,772.195,-0.125,-0.00016190241817451784,soft_failure_loss,False,False,1,1,c2657363d223
2026-08-12,US.TSLA,LONG,False,-1,-1,-1,-1,-1,-1,True,,,0.0,0.0,no_entry,False,False,1,1,c2657363d223
2026-08-12,US.TSLA,SHORT,True,43,375,613,613,-1,945,True,327.8215,327.3,0.5215000000000032,0.0015908047519763138,scheduled_flatten,True,False,1,1,c2657363d223
2026-08-13,US.AAPL,LONG,True,37,375,607,607,-1,945,True,304.8,304.08,-0.7200000000000273,-0.002362204724409538,scheduled_flatten,True,False,1,1,c2657363d223
2026-08-13,US.AAPL,SHORT,False,-1,-1,-1,-1,-1,-1,True,,,0.0,0.0,no_entry,False,False,1,1,c2657363d223
2026-08-13,US.AMD,LONG,True,29,31,599,599,601,601,True,495.96,495.175,-0.7849999999999682,-0.0015827889345914352,soft_failure_loss,False,False,1,1,c2657363d223
2026-08-13,US.AMD,SHORT,False,-1,-1,-1,-1,-1,-1,True,,,0.0,0.0,no_entry,False,False,1,1,c2657363d223
2026-08-13,US.IWM,LONG,False,-1,-1,-1,-1,-1,-1,True,,,0.0,0.0,no_entry,False,False,1,1,c2657363d223
2026-08-13,US.IWM,SHORT,False,-1,-1,-1,-1,-1,-1,True,,,0.0,0.0,no_entry,False,False,1,1,c2657363d223
2026-08-13,US.META,LONG,False,-1,-1,-1,-1,-1,-1,True,,,0.0,0.0,no_entry,False,False,1,1,c2657363d223
2026-08-13,US.META,SHORT,False,-1,-1,-1,-1,-1,-1,True,,,0.0,0.0,no_entry,False,False,1,1,c2657363d223
2026-08-13,US.MSFT,LONG,True,38,56,608,608,626,626,True,498.691214215,498.431702746,-0.2595114690000173,-0.0005203850831992691,soft_failure_loss,False,False,1,1,c2657363d223
2026-08-13,US.MSFT,SHORT,False,-1,-1,-1,-1,-1,-1,True,,,0.0,0.0,no_entry,False,False,1,1,c2657363d223
2026-08-13,US.MU,LONG,False,-1,-1,-1,-1,-1,-1,True,,,0.0,0.0,no_entry,False,False,1,1,c2657363d223
2026-08-13,US.MU,SHORT,False,-1,-1,-1,-1,-1,-1,True,,,0.0,0.0,no_entry,False,False,1,1,c2657363d223
2026-08-13,US.NVDA,LONG,False,-1,-1,-1,-1,-1,-1,True,,,0.0,0.0,no_entry,False,False,1,1,c2657363d223
2026-08-13,US.NVDA,SHORT,False,-1,-1,-1,-1,-1,-1,True,,,0.0,0.0,no_entry,False,False,1,1,c2657363d223
2026-08-13,US.QQQ,LONG,False,-1,-1,-1,-1,-1,-1,True,,,0.0,0.0,no_entry,False,False,1,1,c2657363d223
2026-08-13,US.QQQ,SHORT,False,-1,-1,-1,-1,-1,-1,True,,,0.0,0.0,no_entry,False,False,1,1,c2657363d223
2026-08-13,US.SPY,LONG,True,17,375,587,587,-1,945,True,776.6,777.71,1.1100000000000136,0.0014293072366726933,scheduled_flatten,True,False,1,1,c2657363d223
2026-08-13,US.SPY,SHORT,False,-1,-1,-1,-1,-1,-1,True,,,0.0,0.0,no_entry,False,False,1,1,c2657363d223
2026-08-13,US.TSLA,LONG,True,34,375,604,604,-1,945,True,332.1199,339.36,7.240100000000041,0.0217996572924418,scheduled_flatten,True,False,1,1,c2657363d223
2026-08-13,US.TSLA,SHORT,False,-1,-1,-1,-1,-1,-1,True,,,0.0,0.0,no_entry,False,False,1,1,c2657363d223
2026-08-14,US.AAPL,LONG,False,-1,-1,-1,-1,-1,-1,True,,,0.0,0.0,no_entry,False,False,1,1,c2657363d223
2026-08-14,US.AAPL,SHORT,True,52,55,622,622,625,625,True,305.19,305.3399,-0.14990000000000236,-0.000491169435433672,soft_failure_loss,False,False,1,1,c2657363d223
2026-08-14,US.AMD,LONG,False,-1,-1,-1,-1,-1,-1,True,,,0.0,0.0,no_entry,False,False,1,1,c2657363d223
2026-08-14,US.AMD,SHORT,False,-1,-1,-1,-1,-1,-1,True,,,0.0,0.0,no_entry,False,False,1,1,c2657363d223
2026-08-14,US.IWM,LONG,True,27,375,597,597,-1,945,True,304.08,304.98,0.9000000000000341,0.0029597474348856687,scheduled_flatten,True,False,1,1,c2657363d223
2026-08-14,US.IWM,SHORT,False,-1,-1,-1,-1,-1,-1,True,,,0.0,0.0,no_entry,False,False,1,1,c2657363d223
2026-08-14,US.META,LONG,False,-1,-1,-1,-1,-1,-1,True,,,0.0,0.0,no_entry,False,False,1,1,c2657363d223
2026-08-14,US.META,SHORT,False,-1,-1,-1,-1,-1,-1,True,,,0.0,0.0,no_entry,False,False,1,1,c2657363d223
2026-08-14,US.MSFT,LONG,True,49,50,619,619,620,620,True,497.862773754,497.513431391,-0.3493423630000052,-0.0007016840410980788,soft_failure_loss,False,False,1,1,c2657363d223
2026-08-14,US.MSFT,SHORT,False,-1,-1,-1,-1,-1,-1,True,,,0.0,0.0,no_entry,False,False,1,1,c2657363d223
2026-08-14,US.MU,LONG,False,-1,-1,-1,-1,-1,-1,True,,,0.0,0.0,no_entry,False,False,1,1,c2657363d223
2026-08-14,US.MU,SHORT,False,-1,-1,-1,-1,-1,-1,True,,,0.0,0.0,no_entry,False,False,1,1,c2657363d223
2026-08-14,US.NVDA,LONG,False,-1,-1,-1,-1,-1,-1,True,,,0.0,0.0,no_entry,False,False,1,1,c2657363d223
2026-08-14,US.NVDA,SHORT,False,-1,-1,-1,-1,-1,-1,True,,,0.0,0.0,no_entry,False,False,1,1,c2657363d223
2026-08-14,US.QQQ,LONG,False,-1,-1,-1,-1,-1,-1,True,,,0.0,0.0,no_entry,False,False,1,1,c2657363d223
2026-08-14,US.QQQ,SHORT,True,53,70,623,623,640,640,True,731.5,731.69,-0.19000000000005457,-0.00025974025974033433,soft_failure_loss,False,False,1,1,c2657363d223
2026-08-14,US.SPY,LONG,False,-1,-1,-1,-1,-1,-1,True,,,0.0,0.0,no_entry,False,False,1,1,c2657363d223
2026-08-14,US.SPY,SHORT,True,67,70,637,637,640,640,True,777.295,777.375,-0.08000000000004093,-0.00010292102740920877,soft_failure_loss,False,False,1,1,c2657363d223
2026-08-14,US.TSLA,LONG,False,-1,-1,-1,-1,-1,-1,True,,,0.0,0.0,no_entry,False,False,1,1,c2657363d223
2026-08-14,US.TSLA,SHORT,False,-1,-1,-1,-1,-1,-1,True,,,0.0,0.0,no_entry,False,False,1,1,c2657363d223
2026-08-17,US.AAPL,LONG,False,-1,-1,-1,-1,-1,-1,True,,,0.0,0.0,no_entry,False,False,1,1,c2657363d223
2026-08-17,US.AAPL,SHORT,False,-1,-1,-1,-1,-1,-1,True,,,0.0,0.0,no_entry,False,False,1,1,c2657363d223
2026-08-17,US.AMD,LONG,True,98,100,668,668,670,670,True,516.29,515.79,-0.5,-0.000968447965290825,soft_failure_loss,False,False,1,1,c2657363d223
2026-08-17,US.AMD,SHORT,False,-1,-1,-1,-1,-1,-1,True,,,0.0,0.0,no_entry,False,False,1,1,c2657363d223
2026-08-17,US.IWM,LONG,False,-1,-1,-1,-1,-1,-1,True,,,0.0,0.0,no_entry,False,False,1,1,c2657363d223
2026-08-17,US.IWM,SHORT,True,127,131,697,697,701,701,True,303.46,303.6,-0.1400000000000432,-0.0004613458116392382,soft_failure_loss,False,False,1,1,c2657363d223
2026-08-17,US.META,LONG,False,-1,-1,-1,-1,-1,-1,True,,,0.0,0.0,no_entry,False,False,1,1,c2657363d223
2026-08-17,US.META,SHORT,False,-1,-1,-1,-1,-1,-1,True,,,0.0,0.0,no_entry,False,False,1,1,c2657363d223
2026-08-17,US.MSFT,LONG,False,-1,-1,-1,-1,-1,-1,True,,,0.0,0.0,no_entry,False,False,1,1,c2657363d223
2026-08-17,US.MSFT,SHORT,False,-1,-1,-1,-1,-1,-1,True,,,0.0,0.0,no_entry,False,False,1,1,c2657363d223
2026-08-17,US.MU,LONG,True,29,33,599,599,603,603,True,1019.585,1018.11,-1.4750000000000227,-0.0014466670262901305,soft_failure_loss,False,False,1,1,c2657363d223
2026-08-17,US.MU,SHORT,False,-1,-1,-1,-1,-1,-1,True,,,0.0,0.0,no_entry,False,False,1,1,c2657363d223
2026-08-17,US.NVDA,LONG,True,135,163,705,705,733,733,True,227.035953648,226.886121306,-0.1498323419999963,-0.00065994984315259,soft_failure_loss,False,False,1,1,c2657363d223
2026-08-17,US.NVDA,SHORT,False,-1,-1,-1,-1,-1,-1,True,,,0.0,0.0,no_entry,False,False,1,1,c2657363d223
2026-08-17,US.QQQ,LONG,True,95,100,665,665,670,670,True,734.185,733.92,-0.26499999999998636,-0.00036094444860625916,soft_failure_loss,False,False,1,1,c2657363d223
2026-08-17,US.QQQ,SHORT,False,-1,-1,-1,-1,-1,-1,True,,,0.0,0.0,no_entry,False,False,1,1,c2657363d223
2026-08-17,US.SPY,LONG,False,-1,-1,-1,-1,-1,-1,True,,,0.0,0.0,no_entry,False,False,1,1,c2657363d223
2026-08-17,US.SPY,SHORT,True,133,135,703,703,705,705,True,774.9,775.1,-0.20000000000004547,-0.0002580978190734875,soft_failure_loss,False,False,1,1,c2657363d223
2026-08-17,US.TSLA,LONG,True,98,99,668,668,669,669,True,341.6,341.05,-0.5500000000000114,-0.0016100702576112744,soft_failure_loss,False,False,1,1,c2657363d223
2026-08-17,US.TSLA,SHORT,False,-1,-1,-1,-1,-1,-1,True,,,0.0,0.0,no_entry,False,False,1,1,c2657363d223
2026-08-18,US.AAPL,LONG,False,-1,-1,-1,-1,-1,-1,True,,,0.0,0.0,no_entry,False,False,1,1,c2657363d223
2026-08-18,US.AAPL,SHORT,False,-1,-1,-1,-1,-1,-1,True,,,0.0,0.0,no_entry,False,False,1,1,c2657363d223
2026-08-18,US.AMD,LONG,False,-1,-1,-1,-1,-1,-1,True,,,0.0,0.0,no_entry,False,False,1,1,c2657363d223
2026-08-18,US.AMD,SHORT,True,27,375,597,597,-1,945,True,482.87,483.87,-1.0,-0.002070950773500114,scheduled_flatten,True,False,1,1,c2657363d223
2026-08-18,US.IWM,LONG,False,-1,-1,-1,-1,-1,-1,True,,,0.0,0.0,no_entry,False,False,1,1,c2657363d223
2026-08-18,US.IWM,SHORT,True,23,24,593,593,594,594,True,301.995,302.2,-0.20499999999998408,-0.0006788191857480557,soft_failure_loss,False,False,1,1,c2657363d223
2026-08-18,US.META,LONG,False,-1,-1,-1,-1,-1,-1,True,,,0.0,0.0,no_entry,False,False,1,1,c2657363d223
2026-08-18,US.META,SHORT,False,-1,-1,-1,-1,-1,-1,True,,,0.0,0.0,no_entry,False,False,1,1,c2657363d223
2026-08-18,US.MSFT,LONG,False,-1,-1,-1,-1,-1,-1,True,,,0.0,0.0,no_entry,False,False,1,1,c2657363d223
2026-08-18,US.MSFT,SHORT,False,-1,-1,-1,-1,-1,-1,True,,,0.0,0.0,no_entry,False,False,1,1,c2657363d223
2026-08-18,US.MU,LONG,False,-1,-1,-1,-1,-1,-1,True,,,0.0,0.0,no_entry,False,False,1,1,c2657363d223
2026-08-18,US.MU,SHORT,False,-1,-1,-1,-1,-1,-1,True,,,0.0,0.0,no_entry,False,False,1,1,c2657363d223
2026-08-18,US.NVDA,LONG,False,-1,-1,-1,-1,-1,-1,True,,,0.0,0.0,no_entry,False,False,1,1,c2657363d223
2026-08-18,US.NVDA,SHORT,True,75,107,645,645,677,677,True,219.164761274,219.359543319,-0.19478204500001084,-0.000888747095416923,soft_failure_loss,False,False,1,1,c2657363d223
2026-08-18,US.QQQ,LONG,False,-1,-1,-1,-1,-1,-1,True,,,0.0,0.0,no_entry,False,False,1,1,c2657363d223
2026-08-18,US.QQQ,SHORT,True,46,49,616,616,619,619,True,718.3,718.8,-0.5,-0.00069608798552137,soft_failure_loss,False,False,1,1,c2657363d223
2026-08-18,US.SPY,LONG,False,-1,-1,-1,-1,-1,-1,True,,,0.0,0.0,no_entry,False,False,1,1,c2657363d223
2026-08-18,US.SPY,SHORT,True,42,44,612,612,614,614,True,767.85,767.97,-0.12000000000000455,-0.00015628052353975976,soft_failure_loss,False,False,1,1,c2657363d223
2026-08-18,US.TSLA,LONG,False,-1,-1,-1,-1,-1,-1,True,,,0.0,0.0,no_entry,False,False,1,1,c2657363d223
2026-08-18,US.TSLA,SHORT,False,-1,-1,-1,-1,-1,-1,True,,,0.0,0.0,no_entry,False,False,1,1,c2657363d223
2026-08-19,US.AAPL,LONG,False,-1,-1,-1,-1,-1,-1,True,,,0.0,0.0,no_entry,False,False,1,1,c2657363d223
2026-08-19,US.AAPL,SHORT,False,-1,-1,-1,-1,-1,-1,True,,,0.0,0.0,no_entry,False,False,1,1,c2657363d223
2026-08-19,US.AMD,LONG,False,-1,-1,-1,-1,-1,-1,True,,,0.0,0.0,no_entry,False,False,1,1,c2657363d223
2026-08-19,US.AMD,SHORT,False,-1,-1,-1,-1,-1,-1,True,,,0.0,0.0,no_entry,False,False,1,1,c2657363d223
2026-08-19,US.IWM,LONG,False,-1,-1,-1,-1,-1,-1,True,,,0.0,0.0,no_entry,False,False,1,1,c2657363d223
2026-08-19,US.IWM,SHORT,False,-1,-1,-1,-1,-1,-1,True,,,0.0,0.0,no_entry,False,False,1,1,c2657363d223
2026-08-19,US.META,LONG,False,-1,-1,-1,-1,-1,-1,True,,,0.0,0.0,no_entry,False,False,1,1,c2657363d223
2026-08-19,US.META,SHORT,False,-1,-1,-1,-1,-1,-1,True,,,0.0,0.0,no_entry,False,False,1,1,c2657363d223
2026-08-19,US.MSFT,LONG,True,122,375,692,692,-1,945,True,483.449905965,482.511672189,-0.9382337760000041,-0.001940705261131913,scheduled_flatten,True,False,1,1,c2657363d223
2026-08-19,US.MSFT,SHORT,False,-1,-1,-1,-1,-1,-1,True,,,0.0,0.0,no_entry,False,False,1,1,c2657363d223
2026-08-19,US.MU,LONG,False,-1,-1,-1,-1,-1,-1,True,,,0.0,0.0,no_entry,False,False,1,1,c2657363d223
2026-08-19,US.MU,SHORT,True,80,82,650,650,652,652,True,925.27,926.425,-1.1549999999999727,-0.001248284284587172,soft_failure_loss,False,False,1,1,c2657363d223
2026-08-19,US.NVDA,LONG,False,-1,-1,-1,-1,-1,-1,True,,,0.0,0.0,no_entry,False,False,1,1,c2657363d223
2026-08-19,US.NVDA,SHORT,False,-1,-1,-1,-1,-1,-1,True,,,0.0,0.0,no_entry,False,False,1,1,c2657363d223
2026-08-19,US.QQQ,LONG,False,-1,-1,-1,-1,-1,-1,True,,,0.0,0.0,no_entry,False,False,1,1,c2657363d223
2026-08-19,US.QQQ,SHORT,True,26,29,596,596,599,599,True,715.6402,715.89,-0.24979999999993652,-0.0003490580881285547,soft_failure_loss,False,False,1,1,c2657363d223
2026-08-19,US.SPY,LONG,False,-1,-1,-1,-1,-1,-1,True,,,0.0,0.0,no_entry,False,False,1,1,c2657363d223
2026-08-19,US.SPY,SHORT,True,42,43,612,612,613,613,True,769.15,769.25,-0.10000000000002274,-0.00013001365143343007,soft_failure_loss,False,False,1,1,c2657363d223
2026-08-19,US.TSLA,LONG,False,-1,-1,-1,-1,-1,-1,True,,,0.0,0.0,no_entry,False,False,1,1,c2657363d223
2026-08-19,US.TSLA,SHORT,False,-1,-1,-1,-1,-1,-1,True,,,0.0,0.0,no_entry,False,False,1,1,c2657363d223
2026-08-20,US.AAPL,LONG,False,-1,-1,-1,-1,-1,-1,True,,,0.0,0.0,no_entry,False,False,1,1,c2657363d223
2026-08-20,US.AAPL,SHORT,True,101,118,671,671,688,688,True,316.65,316.74,-0.09000000000003183,-0.0002842254855519717,soft_failure_loss,False,False,1,1,c2657363d223
2026-08-20,US.AMD,LONG,False,-1,-1,-1,-1,-1,-1,True,,,0.0,0.0,no_entry,False,False,1,1,c2657363d223
2026-08-20,US.AMD,SHORT,True,96,104,666,666,674,674,True,464.825,466.06,-1.2350000000000136,-0.002656913892325098,soft_failure_loss,False,False,1,1,c2657363d223
2026-08-20,US.IWM,LONG,False,-1,-1,-1,-1,-1,-1,True,,,0.0,0.0,no_entry,False,False,1,1,c2657363d223
2026-08-20,US.IWM,SHORT,True,30,375,600,600,-1,945,True,299.0,297.565,1.4350000000000023,0.004799331103678937,scheduled_flatten,True,False,1,1,c2657363d223
2026-08-20,US.META,LONG,False,-1,-1,-1,-1,-1,-1,True,,,0.0,0.0,no_entry,False,False,1,1,c2657363d223
2026-08-20,US.META,SHORT,True,98,104,668,668,674,674,True,543.1801,543.715,-0.5348999999999933,-0.0009847562530365035,soft_failure_loss,False,False,1,1,c2657363d223
2026-08-20,US.MSFT,LONG,False,-1,-1,-1,-1,-1,-1,True,,,0.0,0.0,no_entry,False,False,1,1,c2657363d223
2026-08-20,US.MSFT,SHORT,False,-1,-1,-1,-1,-1,-1,True,,,0.0,0.0,no_entry,False,False,1,1,c2657363d223
2026-08-20,US.MU,LONG,True,58,65,628,628,635,635,True,954.95,953.69,-1.259999999999991,-0.0013194408084192793,soft_failure_loss,False,False,1,1,c2657363d223
2026-08-20,US.MU,SHORT,False,-1,-1,-1,-1,-1,-1,True,,,0.0,0.0,no_entry,False,False,1,1,c2657363d223
2026-08-20,US.NVDA,LONG,False,-1,-1,-1,-1,-1,-1,True,,,0.0,0.0,no_entry,False,False,1,1,c2657363d223
2026-08-20,US.NVDA,SHORT,False,-1,-1,-1,-1,-1,-1,True,,,0.0,0.0,no_entry,False,False,1,1,c2657363d223
2026-08-20,US.QQQ,LONG,False,-1,-1,-1,-1,-1,-1,True,,,0.0,0.0,no_entry,False,False,1,1,c2657363d223
2026-08-20,US.QQQ,SHORT,True,33,34,603,603,604,604,True,711.54,711.88,-0.34000000000003183,-0.0004778368046772238,soft_failure_loss,False,False,1,1,c2657363d223
2026-08-20,US.SPY,LONG,False,-1,-1,-1,-1,-1,-1,True,,,0.0,0.0,no_entry,False,False,1,1,c2657363d223
2026-08-20,US.SPY,SHORT,True,49,51,619,619,621,621,True,765.65,766.12,-0.4700000000000273,-0.0006138575066936946,soft_failure_loss,False,False,1,1,c2657363d223
2026-08-20,US.TSLA,LONG,False,-1,-1,-1,-1,-1,-1,True,,,0.0,0.0,no_entry,False,False,1,1,c2657363d223
2026-08-20,US.TSLA,SHORT,False,-1,-1,-1,-1,-1,-1,True,,,0.0,0.0,no_entry,False,False,1,1,c2657363d223
2026-08-21,US.AAPL,LONG,False,-1,-1,-1,-1,-1,-1,True,,,0.0,0.0,no_entry,False,False,1,1,c2657363d223
2026-08-21,US.AAPL,SHORT,False,-1,-1,-1,-1,-1,-1,True,,,0.0,0.0,no_entry,False,False,1,1,c2657363d223
2026-08-21,US.AMD,LONG,False,-1,-1,-1,-1,-1,-1,True,,,0.0,0.0,no_entry,False,False,1,1,c2657363d223
2026-08-21,US.AMD,SHORT,False,-1,-1,-1,-1,-1,-1,True,,,0.0,0.0,no_entry,False,False,1,1,c2657363d223
2026-08-21,US.IWM,LONG,False,-1,-1,-1,-1,-1,-1,True,,,0.0,0.0,no_entry,False,False,1,1,c2657363d223
2026-08-21,US.IWM,SHORT,False,-1,-1,-1,-1,-1,-1,True,,,0.0,0.0,no_entry,False,False,1,1,c2657363d223
2026-08-21,US.META,LONG,True,83,375,653,653,-1,945,True,550.82,550.65,-0.17000000000007276,-0.00030863076867229357,scheduled_flatten,True,False,1,1,c2657363d223
2026-08-21,US.META,SHORT,False,-1,-1,-1,-1,-1,-1,True,,,0.0,0.0,no_entry,False,False,1,1,c2657363d223
2026-08-21,US.MSFT,LONG,False,-1,-1,-1,-1,-1,-1,True,,,0.0,0.0,no_entry,False,False,1,1,c2657363d223
2026-08-21,US.MSFT,SHORT,False,-1,-1,-1,-1,-1,-1,True,,,0.0,0.0,no_entry,False,False,1,1,c2657363d223
2026-08-21,US.MU,LONG,False,-1,-1,-1,-1,-1,-1,True,,,0.0,0.0,no_entry,False,False,1,1,c2657363d223
2026-08-21,US.MU,SHORT,False,-1,-1,-1,-1,-1,-1,True,,,0.0,0.0,no_entry,False,False,1,1,c2657363d223
2026-08-21,US.NVDA,LONG,False,-1,-1,-1,-1,-1,-1,True,,,0.0,0.0,no_entry,False,False,1,1,c2657363d223
2026-08-21,US.NVDA,SHORT,True,140,141,710,710,711,711,True,215.758572696,215.98831562,-0.22974292400002128,-0.0010648148118949832,soft_failure_loss,False,False,1,1,c2657363d223
2026-08-21,US.QQQ,LONG,False,-1,-1,-1,-1,-1,-1,True,,,0.0,0.0,no_entry,False,False,1,1,c2657363d223
2026-08-21,US.QQQ,SHORT,True,25,27,595,595,597,597,True,710.97,711.44,-0.4700000000000273,-0.0006610686808163879,soft_failure_loss,False,False,1,1,c2657363d223
2026-08-21,US.SPY,LONG,False,-1,-1,-1,-1,-1,-1,True,,,0.0,0.0,no_entry,False,False,1,1,c2657363d223
2026-08-21,US.SPY,SHORT,False,-1,-1,-1,-1,-1,-1,True,,,0.0,0.0,no_entry,False,False,1,1,c2657363d223
2026-08-21,US.TSLA,LONG,False,-1,-1,-1,-1,-1,-1,True,,,0.0,0.0,no_entry,False,False,1,1,c2657363d223
2026-08-21,US.TSLA,SHORT,False,-1,-1,-1,-1,-1,-1,True,,,0.0,0.0,no_entry,False,False,1,1,c2657363d223
2026-08-24,US.AAPL,LONG,False,-1,-1,-1,-1,-1,-1,True,,,0.0,0.0,no_entry,False,False,1,1,c2657363d223
2026-08-24,US.AAPL,SHORT,False,-1,-1,-1,-1,-1,-1,True,,,0.0,0.0,no_entry,False,False,1,1,c2657363d223
2026-08-24,US.AMD,LONG,False,-1,-1,-1,-1,-1,-1,True,,,0.0,0.0,no_entry,False,False,1,1,c2657363d223
2026-08-24,US.AMD,SHORT,False,-1,-1,-1,-1,-1,-1,True,,,0.0,0.0,no_entry,False,False,1,1,c2657363d223
2026-08-24,US.IWM,LONG,False,-1,-1,-1,-1,-1,-1,True,,,0.0,0.0,no_entry,False,False,1,1,c2657363d223
2026-08-24,US.IWM,SHORT,False,-1,-1,-1,-1,-1,-1,True,,,0.0,0.0,no_entry,False,False,1,1,c2657363d223
2026-08-24,US.META,LONG,True,81,84,651,651,654,654,True,553.5,552.865,-0.6349999999999909,-0.0011472448057813747,soft_failure_loss,False,False,1,1,c2657363d223
2026-08-24,US.META,SHORT,False,-1,-1,-1,-1,-1,-1,True,,,0.0,0.0,no_entry,False,False,1,1,c2657363d223
2026-08-24,US.MSFT,LONG,False,-1,-1,-1,-1,-1,-1,True,,,0.0,0.0,no_entry,False,False,1,1,c2657363d223
2026-08-24,US.MSFT,SHORT,False,-1,-1,-1,-1,-1,-1,True,,,0.0,0.0,no_entry,False,False,1,1,c2657363d223
2026-08-24,US.MU,LONG,False,-1,-1,-1,-1,-1,-1,True,,,0.0,0.0,no_entry,False,False,1,1,c2657363d223
2026-08-24,US.MU,SHORT,True,29,375,599,599,-1,945,True,900.43,910.03,-9.600000000000023,-0.010661572804104732,scheduled_flatten,True,False,1,1,c2657363d223
2026-08-24,US.NVDA,LONG,False,-1,-1,-1,-1,-1,-1,True,,,0.0,0.0,no_entry,False,False,1,1,c2657363d223
2026-08-24,US.NVDA,SHORT,False,-1,-1,-1,-1,-1,-1,True,,,0.0,0.0,no_entry,False,False,1,1,c2657363d223
2026-08-24,US.QQQ,LONG,False,-1,-1,-1,-1,-1,-1,True,,,0.0,0.0,no_entry,False,False,1,1,c2657363d223
2026-08-24,US.QQQ,SHORT,False,-1,-1,-1,-1,-1,-1,True,,,0.0,0.0,no_entry,False,False,1,1,c2657363d223
2026-08-24,US.SPY,LONG,False,-1,-1,-1,-1,-1,-1,True,,,0.0,0.0,no_entry,False,False,1,1,c2657363d223
2026-08-24,US.SPY,SHORT,False,-1,-1,-1,-1,-1,-1,True,,,0.0,0.0,no_entry,False,False,1,1,c2657363d223
2026-08-24,US.TSLA,LONG,False,-1,-1,-1,-1,-1,-1,True,,,0.0,0.0,no_entry,False,False,1,1,c2657363d223
2026-08-24,US.TSLA,SHORT,False,-1,-1,-1,-1,-1,-1,True,,,0.0,0.0,no_entry,False,False,1,1,c2657363d223
2026-08-25,US.AAPL,LONG,False,-1,-1,-1,-1,-1,-1,True,,,0.0,0.0,no_entry,False,False,1,1,c2657363d223
2026-08-25,US.AAPL,SHORT,False,-1,-1,-1,-1,-1,-1,True,,,0.0,0.0,no_entry,False,False,1,1,c2657363d223
2026-08-25,US.AMD,LONG,False,-1,-1,-1,-1,-1,-1,True,,,0.0,0.0,no_entry,False,False,1,1,c2657363d223
2026-08-25,US.AMD,SHORT,False,-1,-1,-1,-1,-1,-1,True,,,0.0,0.0,no_entry,False,False,1,1,c2657363d223
2026-08-25,US.IWM,LONG,False,-1,-1,-1,-1,-1,-1,True,,,0.0,0.0,no_entry,False,False,1,1,c2657363d223
2026-08-25,US.IWM,SHORT,False,-1,-1,-1,-1,-1,-1,True,,,0.0,0.0,no_entry,False,False,1,1,c2657363d223
2026-08-25,US.META,LONG,False,-1,-1,-1,-1,-1,-1,True,,,0.0,0.0,no_entry,False,False,1,1,c2657363d223
2026-08-25,US.META,SHORT,False,-1,-1,-1,-1,-1,-1,True,,,0.0,0.0,no_entry,False,False,1,1,c2657363d223
2026-08-25,US.MSFT,LONG,True,92,93,662,662,663,663,True,489.3,488.85,-0.44999999999998863,-0.0009196811771918836,soft_failure_loss,False,False,1,1,c2657363d223
2026-08-25,US.MSFT,SHORT,False,-1,-1,-1,-1,-1,-1,True,,,0.0,0.0,no_entry,False,False,1,1,c2657363d223
2026-08-25,US.MU,LONG,False,-1,-1,-1,-1,-1,-1,True,,,0.0,0.0,no_entry,False,False,1,1,c2657363d223
2026-08-25,US.MU,SHORT,False,-1,-1,-1,-1,-1,-1,True,,,0.0,0.0,no_entry,False,False,1,1,c2657363d223
2026-08-25,US.NVDA,LONG,True,31,38,601,601,608,608,True,212.929038858,212.841836435,-0.08720242300000791,-0.0004095374847305925,soft_failure_loss,False,False,1,1,c2657363d223
2026-08-25,US.NVDA,SHORT,False,-1,-1,-1,-1,-1,-1,True,,,0.0,0.0,no_entry,False,False,1,1,c2657363d223
2026-08-25,US.QQQ,LONG,False,-1,-1,-1,-1,-1,-1,True,,,0.0,0.0,no_entry,False,False,1,1,c2657363d223
2026-08-25,US.QQQ,SHORT,True,140,141,710,710,711,711,True,709.605,709.752,-0.14699999999993452,-0.0002071575031178395,soft_failure_loss,False,False,1,1,c2657363d223
2026-08-25,US.SPY,LONG,False,-1,-1,-1,-1,-1,-1,True,,,0.0,0.0,no_entry,False,False,1,1,c2657363d223
2026-08-25,US.SPY,SHORT,True,36,375,606,606,-1,945,True,765.45,765.39,0.06000000000005912,7.838526357052599e-05,scheduled_flatten,True,False,1,1,c2657363d223
2026-08-25,US.TSLA,LONG,True,19,20,589,589,590,590,True,352.7,352.1501,-0.5498999999999796,-0.0015591153955202145,soft_failure_loss,False,False,1,1,c2657363d223
2026-08-25,US.TSLA,SHORT,False,-1,-1,-1,-1,-1,-1,True,,,0.0,0.0,no_entry,False,False,1,1,c2657363d223
2026-08-26,US.AAPL,LONG,False,-1,-1,-1,-1,-1,-1,True,,,0.0,0.0,no_entry,False,False,1,1,c2657363d223
2026-08-26,US.AAPL,SHORT,False,-1,-1,-1,-1,-1,-1,True,,,0.0,0.0,no_entry,False,False,1,1,c2657363d223
2026-08-26,US.AMD,LONG,False,-1,-1,-1,-1,-1,-1,True,,,0.0,0.0,no_entry,False,False,1,1,c2657363d223
2026-08-26,US.AMD,SHORT,False,-1,-1,-1,-1,-1,-1,True,,,0.0,0.0,no_entry,False,False,1,1,c2657363d223
2026-08-26,US.IWM,LONG,False,-1,-1,-1,-1,-1,-1,True,,,0.0,0.0,no_entry,False,False,1,1,c2657363d223
2026-08-26,US.IWM,SHORT,False,-1,-1,-1,-1,-1,-1,True,,,0.0,0.0,no_entry,False,False,1,1,c2657363d223
2026-08-26,US.META,LONG,False,-1,-1,-1,-1,-1,-1,True,,,0.0,0.0,no_entry,False,False,1,1,c2657363d223
2026-08-26,US.META,SHORT,False,-1,-1,-1,-1,-1,-1,True,,,0.0,0.0,no_entry,False,False,1,1,c2657363d223
2026-08-26,US.MSFT,LONG,True,50,54,620,620,624,624,True,495.345,494.88,-0.46500000000003183,-0.0009387396662932538,soft_failure_loss,False,False,1,1,c2657363d223
2026-08-26,US.MSFT,SHORT,False,-1,-1,-1,-1,-1,-1,True,,,0.0,0.0,no_entry,False,False,1,1,c2657363d223
2026-08-26,US.MU,LONG,False,-1,-1,-1,-1,-1,-1,True,,,0.0,0.0,no_entry,False,False,1,1,c2657363d223
2026-08-26,US.MU,SHORT,False,-1,-1,-1,-1,-1,-1,True,,,0.0,0.0,no_entry,False,False,1,1,c2657363d223
2026-08-26,US.NVDA,LONG,False,-1,-1,-1,-1,-1,-1,True,,,0.0,0.0,no_entry,False,False,1,1,c2657363d223
2026-08-26,US.NVDA,SHORT,False,-1,-1,-1,-1,-1,-1,True,,,0.0,0.0,no_entry,False,False,1,1,c2657363d223
2026-08-26,US.QQQ,LONG,False,-1,-1,-1,-1,-1,-1,True,,,0.0,0.0,no_entry,False,False,1,1,c2657363d223
2026-08-26,US.QQQ,SHORT,False,-1,-1,-1,-1,-1,-1,True,,,0.0,0.0,no_entry,False,False,1,1,c2657363d223
2026-08-26,US.SPY,LONG,False,-1,-1,-1,-1,-1,-1,True,,,0.0,0.0,no_entry,False,False,1,1,c2657363d223
2026-08-26,US.SPY,SHORT,False,-1,-1,-1,-1,-1,-1,True,,,0.0,0.0,no_entry,False,False,1,1,c2657363d223
2026-08-26,US.TSLA,LONG,False,-1,-1,-1,-1,-1,-1,True,,,0.0,0.0,no_entry,False,False,1,1,c2657363d223
2026-08-26,US.TSLA,SHORT,False,-1,-1,-1,-1,-1,-1,True,,,0.0,0.0,no_entry,False,False,1,1,c2657363d223
2026-08-27,US.AAPL,LONG,False,-1,-1,-1,-1,-1,-1,True,,,0.0,0.0,no_entry,False,False,1,1,c2657363d223
2026-08-27,US.AAPL,SHORT,False,-1,-1,-1,-1,-1,-1,True,,,0.0,0.0,no_entry,False,False,1,1,c2657363d223
2026-08-27,US.AMD,LONG,False,-1,-1,-1,-1,-1,-1,True,,,0.0,0.0,no_entry,False,False,1,1,c2657363d223
2026-08-27,US.AMD,SHORT,False,-1,-1,-1,-1,-1,-1,True,,,0.0,0.0,no_entry,False,False,1,1,c2657363d223
2026-08-27,US.IWM,LONG,False,-1,-1,-1,-1,-1,-1,True,,,0.0,0.0,no_entry,False,False,1,1,c2657363d223
2026-08-27,US.IWM,SHORT,False,-1,-1,-1,-1,-1,-1,True,,,0.0,0.0,no_entry,False,False,1,1,c2657363d223
2026-08-27,US.META,LONG,False,-1,-1,-1,-1,-1,-1,True,,,0.0,0.0,no_entry,False,False,1,1,c2657363d223
2026-08-27,US.META,SHORT,False,-1,-1,-1,-1,-1,-1,True,,,0.0,0.0,no_entry,False,False,1,1,c2657363d223
2026-08-27,US.MSFT,LONG,False,-1,-1,-1,-1,-1,-1,True,,,0.0,0.0,no_entry,False,False,1,1,c2657363d223
2026-08-27,US.MSFT,SHORT,False,-1,-1,-1,-1,-1,-1,True,,,0.0,0.0,no_entry,False,False,1,1,c2657363d223
2026-08-27,US.MU,LONG,False,-1,-1,-1,-1,-1,-1,True,,,0.0,0.0,no_entry,False,False,1,1,c2657363d223
2026-08-27,US.MU,SHORT,False,-1,-1,-1,-1,-1,-1,True,,,0.0,0.0,no_entry,False,False,1,1,c2657363d223
2026-08-27,US.NVDA,LONG,False,-1,-1,-1,-1,-1,-1,True,,,0.0,0.0,no_entry,False,False,1,1,c2657363d223
2026-08-27,US.NVDA,SHORT,False,-1,-1,-1,-1,-1,-1,True,,,0.0,0.0,no_entry,False,False,1,1,c2657363d223
2026-08-27,US.QQQ,LONG,True,143,172,713,713,742,742,True,718.48,718.18,-0.3000000000000682,-0.0004175481572208944,soft_failure_loss,False,False,1,1,c2657363d223
2026-08-27,US.QQQ,SHORT,False,-1,-1,-1,-1,-1,-1,True,,,0.0,0.0,no_entry,False,False,1,1,c2657363d223
2026-08-27,US.SPY,LONG,True,49,50,619,619,620,620,True,769.25,769.16,-0.09000000000003183,-0.00011699707507316455,soft_failure_loss,False,False,1,1,c2657363d223
2026-08-27,US.SPY,SHORT,False,-1,-1,-1,-1,-1,-1,True,,,0.0,0.0,no_entry,False,False,1,1,c2657363d223
2026-08-27,US.TSLA,LONG,False,-1,-1,-1,-1,-1,-1,True,,,0.0,0.0,no_entry,False,False,1,1,c2657363d223
2026-08-27,US.TSLA,SHORT,False,-1,-1,-1,-1,-1,-1,True,,,0.0,0.0,no_entry,False,False,1,1,c2657363d223
2026-08-28,US.AAPL,LONG,False,-1,-1,-1,-1,-1,-1,True,,,0.0,0.0,no_entry,False,False,1,1,c2657363d223
2026-08-28,US.AAPL,SHORT,False,-1,-1,-1,-1,-1,-1,True,,,0.0,0.0,no_entry,False,False,1,1,c2657363d223
2026-08-28,US.AMD,LONG,False,-1,-1,-1,-1,-1,-1,True,,,0.0,0.0,no_entry,False,False,1,1,c2657363d223
2026-08-28,US.AMD,SHORT,False,-1,-1,-1,-1,-1,-1,True,,,0.0,0.0,no_entry,False,False,1,1,c2657363d223
2026-08-28,US.IWM,LONG,False,-1,-1,-1,-1,-1,-1,True,,,0.0,0.0,no_entry,False,False,1,1,c2657363d223
2026-08-28,US.IWM,SHORT,False,-1,-1,-1,-1,-1,-1,True,,,0.0,0.0,no_entry,False,False,1,1,c2657363d223
2026-08-28,US.META,LONG,False,-1,-1,-1,-1,-1,-1,True,,,0.0,0.0,no_entry,False,False,1,1,c2657363d223
2026-08-28,US.META,SHORT,False,-1,-1,-1,-1,-1,-1,True,,,0.0,0.0,no_entry,False,False,1,1,c2657363d223
2026-08-28,US.MSFT,LONG,False,-1,-1,-1,-1,-1,-1,True,,,0.0,0.0,no_entry,False,False,1,1,c2657363d223
2026-08-28,US.MSFT,SHORT,False,-1,-1,-1,-1,-1,-1,True,,,0.0,0.0,no_entry,False,False,1,1,c2657363d223
2026-08-28,US.MU,LONG,False,-1,-1,-1,-1,-1,-1,True,,,0.0,0.0,no_entry,False,False,1,1,c2657363d223
2026-08-28,US.MU,SHORT,False,-1,-1,-1,-1,-1,-1,True,,,0.0,0.0,no_entry,False,False,1,1,c2657363d223
2026-08-28,US.NVDA,LONG,False,-1,-1,-1,-1,-1,-1,True,,,0.0,0.0,no_entry,False,False,1,1,c2657363d223
2026-08-28,US.NVDA,SHORT,True,95,375,665,665,-1,945,True,225.427753176,216.942248198,8.485504978000023,0.037641793694208836,scheduled_flatten,True,False,1,1,c2657363d223
2026-08-28,US.QQQ,LONG,False,-1,-1,-1,-1,-1,-1,True,,,0.0,0.0,no_entry,False,False,1,1,c2657363d223
2026-08-28,US.QQQ,SHORT,False,-1,-1,-1,-1,-1,-1,True,,,0.0,0.0,no_entry,False,False,1,1,c2657363d223
2026-08-28,US.SPY,LONG,False,-1,-1,-1,-1,-1,-1,True,,,0.0,0.0,no_entry,False,False,1,1,c2657363d223
2026-08-28,US.SPY,SHORT,True,34,35,604,604,605,605,True,771.45,771.7381,-0.2880999999999858,-0.00037345258927990897,soft_failure_loss,False,False,1,1,c2657363d223
2026-08-28,US.TSLA,LONG,False,-1,-1,-1,-1,-1,-1,True,,,0.0,0.0,no_entry,False,False,1,1,c2657363d223
2026-08-28,US.TSLA,SHORT,False,-1,-1,-1,-1,-1,-1,True,,,0.0,0.0,no_entry,False,False,1,1,c2657363d223
2026-08-31,US.AAPL,LONG,False,-1,-1,-1,-1,-1,-1,True,,,0.0,0.0,no_entry,False,False,1,1,c2657363d223
2026-08-31,US.AAPL,SHORT,False,-1,-1,-1,-1,-1,-1,True,,,0.0,0.0,no_entry,False,False,1,1,c2657363d223
2026-08-31,US.AMD,LONG,False,-1,-1,-1,-1,-1,-1,True,,,0.0,0.0,no_entry,False,False,1,1,c2657363d223
2026-08-31,US.AMD,SHORT,False,-1,-1,-1,-1,-1,-1,True,,,0.0,0.0,no_entry,False,False,1,1,c2657363d223
2026-08-31,US.IWM,LONG,False,-1,-1,-1,-1,-1,-1,True,,,0.0,0.0,no_entry,False,False,1,1,c2657363d223
2026-08-31,US.IWM,SHORT,True,48,49,618,618,619,619,True,293.43,293.525,-0.09499999999997044,-0.0003237569437343504,soft_failure_loss,False,False,1,1,c2657363d223
2026-08-31,US.META,LONG,False,-1,-1,-1,-1,-1,-1,True,,,0.0,0.0,no_entry,False,False,1,1,c2657363d223
2026-08-31,US.META,SHORT,False,-1,-1,-1,-1,-1,-1,True,,,0.0,0.0,no_entry,False,False,1,1,c2657363d223
2026-08-31,US.MSFT,LONG,False,-1,-1,-1,-1,-1,-1,True,,,0.0,0.0,no_entry,False,False,1,1,c2657363d223
2026-08-31,US.MSFT,SHORT,False,-1,-1,-1,-1,-1,-1,True,,,0.0,0.0,no_entry,False,False,1,1,c2657363d223
2026-08-31,US.MU,LONG,False,-1,-1,-1,-1,-1,-1,True,,,0.0,0.0,no_entry,False,False,1,1,c2657363d223
2026-08-31,US.MU,SHORT,False,-1,-1,-1,-1,-1,-1,True,,,0.0,0.0,no_entry,False,False,1,1,c2657363d223
2026-08-31,US.NVDA,LONG,False,-1,-1,-1,-1,-1,-1,True,,,0.0,0.0,no_entry,False,False,1,1,c2657363d223
2026-08-31,US.NVDA,SHORT,False,-1,-1,-1,-1,-1,-1,True,,,0.0,0.0,no_entry,False,False,1,1,c2657363d223
2026-08-31,US.QQQ,LONG,False,-1,-1,-1,-1,-1,-1,True,,,0.0,0.0,no_entry,False,False,1,1,c2657363d223
2026-08-31,US.QQQ,SHORT,True,54,66,624,624,636,636,True,713.9,714.27,-0.37000000000000455,-0.0005182798711304168,soft_failure_loss,False,False,1,1,c2657363d223
2026-08-31,US.SPY,LONG,False,-1,-1,-1,-1,-1,-1,True,,,0.0,0.0,no_entry,False,False,1,1,c2657363d223
2026-08-31,US.SPY,SHORT,False,-1,-1,-1,-1,-1,-1,True,,,0.0,0.0,no_entry,False,False,1,1,c2657363d223
2026-08-31,US.TSLA,LONG,False,-1,-1,-1,-1,-1,-1,True,,,0.0,0.0,no_entry,False,False,1,1,c2657363d223
2026-08-31,US.TSLA,SHORT,False,-1,-1,-1,-1,-1,-1,True,,,0.0,0.0,no_entry,False,False,1,1,c2657363d223
2026-09-01,US.AAPL,LONG,False,-1,-1,-1,-1,-1,-1,True,,,0.0,0.0,no_entry,False,False,1,1,c2657363d223
2026-09-01,US.AAPL,SHORT,False,-1,-1,-1,-1,-1,-1,True,,,0.0,0.0,no_entry,False,False,1,1,c2657363d223
2026-09-01,US.AMD,LONG,False,-1,-1,-1,-1,-1,-1,True,,,0.0,0.0,no_entry,False,False,1,1,c2657363d223
2026-09-01,US.AMD,SHORT,False,-1,-1,-1,-1,-1,-1,True,,,0.0,0.0,no_entry,False,False,1,1,c2657363d223
2026-09-01,US.IWM,LONG,False,-1,-1,-1,-1,-1,-1,True,,,0.0,0.0,no_entry,False,False,1,1,c2657363d223
2026-09-01,US.IWM,SHORT,False,-1,-1,-1,-1,-1,-1,True,,,0.0,0.0,no_entry,False,False,1,1,c2657363d223
2026-09-01,US.META,LONG,False,-1,-1,-1,-1,-1,-1,True,,,0.0,0.0,no_entry,False,False,1,1,c2657363d223
2026-09-01,US.META,SHORT,False,-1,-1,-1,-1,-1,-1,True,,,0.0,0.0,no_entry,False,False,1,1,c2657363d223
2026-09-01,US.MSFT,LONG,False,-1,-1,-1,-1,-1,-1,True,,,0.0,0.0,no_entry,False,False,1,1,c2657363d223
2026-09-01,US.MSFT,SHORT,False,-1,-1,-1,-1,-1,-1,True,,,0.0,0.0,no_entry,False,False,1,1,c2657363d223
2026-09-01,US.MU,LONG,False,-1,-1,-1,-1,-1,-1,True,,,0.0,0.0,no_entry,False,False,1,1,c2657363d223
2026-09-01,US.MU,SHORT,False,-1,-1,-1,-1,-1,-1,True,,,0.0,0.0,no_entry,False,False,1,1,c2657363d223
2026-09-01,US.NVDA,LONG,False,-1,-1,-1,-1,-1,-1,True,,,0.0,0.0,no_entry,False,False,1,1,c2657363d223
2026-09-01,US.NVDA,SHORT,False,-1,-1,-1,-1,-1,-1,True,,,0.0,0.0,no_entry,False,False,1,1,c2657363d223
2026-09-01,US.QQQ,LONG,False,-1,-1,-1,-1,-1,-1,True,,,0.0,0.0,no_entry,False,False,1,1,c2657363d223
2026-09-01,US.QQQ,SHORT,False,-1,-1,-1,-1,-1,-1,True,,,0.0,0.0,no_entry,False,False,1,1,c2657363d223
2026-09-01,US.SPY,LONG,False,-1,-1,-1,-1,-1,-1,True,,,0.0,0.0,no_entry,False,False,1,1,c2657363d223
2026-09-01,US.SPY,SHORT,False,-1,-1,-1,-1,-1,-1,True,,,0.0,0.0,no_entry,False,False,1,1,c2657363d223
2026-09-01,US.TSLA,LONG,False,-1,-1,-1,-1,-1,-1,True,,,0.0,0.0,no_entry,False,False,1,1,c2657363d223
2026-09-01,US.TSLA,SHORT,False,-1,-1,-1,-1,-1,-1,True,,,0.0,0.0,no_entry,False,False,1,1,c2657363d223
2026-09-02,US.AAPL,LONG,False,-1,-1,-1,-1,-1,-1,True,,,0.0,0.0,no_entry,False,False,1,1,c2657363d223
2026-09-02,US.AAPL,SHORT,False,-1,-1,-1,-1,-1,-1,True,,,0.0,0.0,no_entry,False,False,1,1,c2657363d223
2026-09-02,US.AMD,LONG,False,-1,-1,-1,-1,-1,-1,True,,,0.0,0.0,no_entry,False,False,1,1,c2657363d223
2026-09-02,US.AMD,SHORT,True,93,94,663,663,664,664,True,455.4,455.76,-0.36000000000001364,-0.0007905138339921249,soft_failure_loss,False,False,1,1,c2657363d223
2026-09-02,US.IWM,LONG,True,129,136,699,699,706,706,True,292.875,292.775,-0.10000000000002274,-0.0003414425949637994,soft_failure_loss,False,False,1,1,c2657363d223
2026-09-02,US.IWM,SHORT,False,-1,-1,-1,-1,-1,-1,True,,,0.0,0.0,no_entry,False,False,1,1,c2657363d223
2026-09-02,US.META,LONG,False,-1,-1,-1,-1,-1,-1,True,,,0.0,0.0,no_entry,False,False,1,1,c2657363d223
2026-09-02,US.META,SHORT,False,-1,-1,-1,-1,-1,-1,True,,,0.0,0.0,no_entry,False,False,1,1,c2657363d223
2026-09-02,US.MSFT,LONG,False,-1,-1,-1,-1,-1,-1,True,,,0.0,0.0,no_entry,False,False,1,1,c2657363d223
2026-09-02,US.MSFT,SHORT,False,-1,-1,-1,-1,-1,-1,True,,,0.0,0.0,no_entry,False,False,1,1,c2657363d223
2026-09-02,US.MU,LONG,False,-1,-1,-1,-1,-1,-1,True,,,0.0,0.0,no_entry,False,False,1,1,c2657363d223
2026-09-02,US.MU,SHORT,False,-1,-1,-1,-1,-1,-1,True,,,0.0,0.0,no_entry,False,False,1,1,c2657363d223
2026-09-02,US.NVDA,LONG,True,29,324,599,599,894,894,True,219.903934162,224.089250919,4.185316756999981,0.019032477854246662,trailing,False,False,1,1,c2657363d223
2026-09-02,US.NVDA,SHORT,False,-1,-1,-1,-1,-1,-1,True,,,0.0,0.0,no_entry,False,False,1,1,c2657363d223
2026-09-02,US.QQQ,LONG,False,-1,-1,-1,-1,-1,-1,True,,,0.0,0.0,no_entry,False,False,1,1,c2657363d223
2026-09-02,US.QQQ,SHORT,False,-1,-1,-1,-1,-1,-1,True,,,0.0,0.0,no_entry,False,False,1,1,c2657363d223
2026-09-02,US.SPY,LONG,False,-1,-1,-1,-1,-1,-1,True,,,0.0,0.0,no_entry,False,False,1,1,c2657363d223
2026-09-02,US.SPY,SHORT,False,-1,-1,-1,-1,-1,-1,True,,,0.0,0.0,no_entry,False,False,1,1,c2657363d223
2026-09-02,US.TSLA,LONG,False,-1,-1,-1,-1,-1,-1,True,,,0.0,0.0,no_entry,False,False,1,1,c2657363d223
2026-09-02,US.TSLA,SHORT,False,-1,-1,-1,-1,-1,-1,True,,,0.0,0.0,no_entry,False,False,1,1,c2657363d223
2026-09-03,US.AAPL,LONG,False,-1,-1,-1,-1,-1,-1,True,,,0.0,0.0,no_entry,False,False,1,1,c2657363d223
2026-09-03,US.AAPL,SHORT,False,-1,-1,-1,-1,-1,-1,True,,,0.0,0.0,no_entry,False,False,1,1,c2657363d223
2026-09-03,US.AMD,LONG,False,-1,-1,-1,-1,-1,-1,True,,,0.0,0.0,no_entry,False,False,1,1,c2657363d223
2026-09-03,US.AMD,SHORT,False,-1,-1,-1,-1,-1,-1,True,,,0.0,0.0,no_entry,False,False,1,1,c2657363d223
2026-09-03,US.IWM,LONG,False,-1,-1,-1,-1,-1,-1,True,,,0.0,0.0,no_entry,False,False,1,1,c2657363d223
2026-09-03,US.IWM,SHORT,False,-1,-1,-1,-1,-1,-1,True,,,0.0,0.0,no_entry,False,False,1,1,c2657363d223
2026-09-03,US.META,LONG,False,-1,-1,-1,-1,-1,-1,True,,,0.0,0.0,no_entry,False,False,1,1,c2657363d223
2026-09-03,US.META,SHORT,False,-1,-1,-1,-1,-1,-1,True,,,0.0,0.0,no_entry,False,False,1,1,c2657363d223
2026-09-03,US.MSFT,LONG,False,-1,-1,-1,-1,-1,-1,True,,,0.0,0.0,no_entry,False,False,1,1,c2657363d223
2026-09-03,US.MSFT,SHORT,False,-1,-1,-1,-1,-1,-1,True,,,0.0,0.0,no_entry,False,False,1,1,c2657363d223
2026-09-03,US.MU,LONG,False,-1,-1,-1,-1,-1,-1,True,,,0.0,0.0,no_entry,False,False,1,1,c2657363d223
2026-09-03,US.MU,SHORT,False,-1,-1,-1,-1,-1,-1,True,,,0.0,0.0,no_entry,False,False,1,1,c2657363d223
2026-09-03,US.NVDA,LONG,False,-1,-1,-1,-1,-1,-1,True,,,0.0,0.0,no_entry,False,False,1,1,c2657363d223
2026-09-03,US.NVDA,SHORT,False,-1,-1,-1,-1,-1,-1,True,,,0.0,0.0,no_entry,False,False,1,1,c2657363d223
2026-09-03,US.QQQ,LONG,False,-1,-1,-1,-1,-1,-1,True,,,0.0,0.0,no_entry,False,False,1,1,c2657363d223
2026-09-03,US.QQQ,SHORT,False,-1,-1,-1,-1,-1,-1,True,,,0.0,0.0,no_entry,False,False,1,1,c2657363d223
2026-09-03,US.SPY,LONG,False,-1,-1,-1,-1,-1,-1,True,,,0.0,0.0,no_entry,False,False,1,1,c2657363d223
2026-09-03,US.SPY,SHORT,False,-1,-1,-1,-1,-1,-1,True,,,0.0,0.0,no_entry,False,False,1,1,c2657363d223
2026-09-03,US.TSLA,LONG,False,-1,-1,-1,-1,-1,-1,True,,,0.0,0.0,no_entry,False,False,1,1,c2657363d223
2026-09-03,US.TSLA,SHORT,False,-1,-1,-1,-1,-1,-1,True,,,0.0,0.0,no_entry,False,False,1,1,c2657363d223
2026-09-04,US.AAPL,LONG,False,-1,-1,-1,-1,-1,-1,True,,,0.0,0.0,no_entry,False,False,1,1,c2657363d223
2026-09-04,US.AAPL,SHORT,False,-1,-1,-1,-1,-1,-1,True,,,0.0,0.0,no_entry,False,False,1,1,c2657363d223
2026-09-04,US.AMD,LONG,True,68,69,638,638,639,639,True,470.02,469.6,-0.4199999999999591,-0.0008935789966383539,soft_failure_loss,False,False,1,1,c2657363d223
2026-09-04,US.AMD,SHORT,False,-1,-1,-1,-1,-1,-1,True,,,0.0,0.0,no_entry,False,False,1,1,c2657363d223
2026-09-04,US.IWM,LONG,False,-1,-1,-1,-1,-1,-1,True,,,0.0,0.0,no_entry,False,False,1,1,c2657363d223
2026-09-04,US.IWM,SHORT,False,-1,-1,-1,-1,-1,-1,True,,,0.0,0.0,no_entry,False,False,1,1,c2657363d223
2026-09-04,US.META,LONG,False,-1,-1,-1,-1,-1,-1,True,,,0.0,0.0,no_entry,False,False,1,1,c2657363d223
2026-09-04,US.META,SHORT,False,-1,-1,-1,-1,-1,-1,True,,,0.0,0.0,no_entry,False,False,1,1,c2657363d223
2026-09-04,US.MSFT,LONG,False,-1,-1,-1,-1,-1,-1,True,,,0.0,0.0,no_entry,False,False,1,1,c2657363d223
2026-09-04,US.MSFT,SHORT,False,-1,-1,-1,-1,-1,-1,True,,,0.0,0.0,no_entry,False,False,1,1,c2657363d223
2026-09-04,US.MU,LONG,True,123,126,693,693,696,696,True,1000.4401,999.794,-0.6461000000000467,-0.0006458157764768193,soft_failure_loss,False,False,1,1,c2657363d223
2026-09-04,US.MU,SHORT,False,-1,-1,-1,-1,-1,-1,True,,,0.0,0.0,no_entry,False,False,1,1,c2657363d223
2026-09-04,US.NVDA,LONG,True,33,38,603,603,608,608,True,233.623582291,233.313928784,-0.30965350699997884,-0.0013254377146493562,soft_failure_loss,False,False,1,1,c2657363d223
2026-09-04,US.NVDA,SHORT,False,-1,-1,-1,-1,-1,-1,True,,,0.0,0.0,no_entry,False,False,1,1,c2657363d223
2026-09-04,US.QQQ,LONG,True,36,38,606,606,608,608,True,721.14,720.88,-0.2599999999999909,-0.0003605402557062303,soft_failure_loss,False,False,1,1,c2657363d223
2026-09-04,US.QQQ,SHORT,False,-1,-1,-1,-1,-1,-1,True,,,0.0,0.0,no_entry,False,False,1,1,c2657363d223
2026-09-04,US.SPY,LONG,False,-1,-1,-1,-1,-1,-1,True,,,0.0,0.0,no_entry,False,False,1,1,c2657363d223
2026-09-04,US.SPY,SHORT,True,45,375,615,615,-1,945,True,771.63,769.89,1.740000000000009,0.00225496675867969,scheduled_flatten,True,False,1,1,c2657363d223
2026-09-04,US.TSLA,LONG,False,-1,-1,-1,-1,-1,-1,True,,,0.0,0.0,no_entry,False,False,1,1,c2657363d223
2026-09-04,US.TSLA,SHORT,False,-1,-1,-1,-1,-1,-1,True,,,0.0,0.0,no_entry,False,False,1,1,c2657363d223
2026-09-08,US.AAPL,LONG,False,-1,-1,-1,-1,-1,-1,True,,,0.0,0.0,no_entry,False,False,1,1,c2657363d223
2026-09-08,US.AAPL,SHORT,False,-1,-1,-1,-1,-1,-1,True,,,0.0,0.0,no_entry,False,False,1,1,c2657363d223
2026-09-08,US.AMD,LONG,False,-1,-1,-1,-1,-1,-1,True,,,0.0,0.0,no_entry,False,False,1,1,c2657363d223
2026-09-08,US.AMD,SHORT,False,-1,-1,-1,-1,-1,-1,True,,,0.0,0.0,no_entry,False,False,1,1,c2657363d223
2026-09-08,US.IWM,LONG,False,-1,-1,-1,-1,-1,-1,True,,,0.0,0.0,no_entry,False,False,1,1,c2657363d223
2026-09-08,US.IWM,SHORT,False,-1,-1,-1,-1,-1,-1,True,,,0.0,0.0,no_entry,False,False,1,1,c2657363d223
2026-09-08,US.META,LONG,False,-1,-1,-1,-1,-1,-1,True,,,0.0,0.0,no_entry,False,False,1,1,c2657363d223
2026-09-08,US.META,SHORT,False,-1,-1,-1,-1,-1,-1,True,,,0.0,0.0,no_entry,False,False,1,1,c2657363d223
2026-09-08,US.MSFT,LONG,False,-1,-1,-1,-1,-1,-1,True,,,0.0,0.0,no_entry,False,False,1,1,c2657363d223
2026-09-08,US.MSFT,SHORT,False,-1,-1,-1,-1,-1,-1,True,,,0.0,0.0,no_entry,False,False,1,1,c2657363d223
2026-09-08,US.MU,LONG,False,-1,-1,-1,-1,-1,-1,True,,,0.0,0.0,no_entry,False,False,1,1,c2657363d223
2026-09-08,US.MU,SHORT,False,-1,-1,-1,-1,-1,-1,True,,,0.0,0.0,no_entry,False,False,1,1,c2657363d223
2026-09-08,US.NVDA,LONG,False,-1,-1,-1,-1,-1,-1,True,,,0.0,0.0,no_entry,False,False,1,1,c2657363d223
2026-09-08,US.NVDA,SHORT,False,-1,-1,-1,-1,-1,-1,True,,,0.0,0.0,no_entry,False,False,1,1,c2657363d223
2026-09-08,US.QQQ,LONG,False,-1,-1,-1,-1,-1,-1,True,,,0.0,0.0,no_entry,False,False,1,1,c2657363d223
2026-09-08,US.QQQ,SHORT,False,-1,-1,-1,-1,-1,-1,True,,,0.0,0.0,no_entry,False,False,1,1,c2657363d223
2026-09-08,US.SPY,LONG,False,-1,-1,-1,-1,-1,-1,True,,,0.0,0.0,no_entry,False,False,1,1,c2657363d223
2026-09-08,US.SPY,SHORT,False,-1,-1,-1,-1,-1,-1,True,,,0.0,0.0,no_entry,False,False,1,1,c2657363d223
2026-09-08,US.TSLA,LONG,False,-1,-1,-1,-1,-1,-1,True,,,0.0,0.0,no_entry,False,False,1,1,c2657363d223
2026-09-08,US.TSLA,SHORT,False,-1,-1,-1,-1,-1,-1,True,,,0.0,0.0,no_entry,False,False,1,1,c2657363d223
2026-09-09,US.AAPL,LONG,False,-1,-1,-1,-1,-1,-1,True,,,0.0,0.0,no_entry,False,False,1,1,c2657363d223
2026-09-09,US.AAPL,SHORT,False,-1,-1,-1,-1,-1,-1,True,,,0.0,0.0,no_entry,False,False,1,1,c2657363d223
2026-09-09,US.AMD,LONG,True,125,126,695,695,696,696,True,520.69,520.23,-0.4600000000000364,-0.0008834431235476701,soft_failure_loss,False,False,1,1,c2657363d223
2026-09-09,US.AMD,SHORT,False,-1,-1,-1,-1,-1,-1,True,,,0.0,0.0,no_entry,False,False,1,1,c2657363d223
2026-09-09,US.IWM,LONG,False,-1,-1,-1,-1,-1,-1,True,,,0.0,0.0,no_entry,False,False,1,1,c2657363d223
2026-09-09,US.IWM,SHORT,False,-1,-1,-1,-1,-1,-1,True,,,0.0,0.0,no_entry,False,False,1,1,c2657363d223
2026-09-09,US.META,LONG,False,-1,-1,-1,-1,-1,-1,True,,,0.0,0.0,no_entry,False,False,1,1,c2657363d223
2026-09-09,US.META,SHORT,False,-1,-1,-1,-1,-1,-1,True,,,0.0,0.0,no_entry,False,False,1,1,c2657363d223
2026-09-09,US.MSFT,LONG,False,-1,-1,-1,-1,-1,-1,True,,,0.0,0.0,no_entry,False,False,1,1,c2657363d223
2026-09-09,US.MSFT,SHORT,False,-1,-1,-1,-1,-1,-1,True,,,0.0,0.0,no_entry,False,False,1,1,c2657363d223
2026-09-09,US.MU,LONG,False,-1,-1,-1,-1,-1,-1,True,,,0.0,0.0,no_entry,False,False,1,1,c2657363d223
2026-09-09,US.MU,SHORT,False,-1,-1,-1,-1,-1,-1,True,,,0.0,0.0,no_entry,False,False,1,1,c2657363d223
2026-09-09,US.NVDA,LONG,False,-1,-1,-1,-1,-1,-1,True,,,0.0,0.0,no_entry,False,False,1,1,c2657363d223
2026-09-09,US.NVDA,SHORT,True,113,123,683,683,693,693,True,223.759619766,223.9494074,-0.18978763400002663,-0.0008481764234248339,soft_failure_loss,False,False,1,1,c2657363d223
2026-09-09,US.QQQ,LONG,False,-1,-1,-1,-1,-1,-1,True,,,0.0,0.0,no_entry,False,False,1,1,c2657363d223
2026-09-09,US.QQQ,SHORT,False,-1,-1,-1,-1,-1,-1,True,,,0.0,0.0,no_entry,False,False,1,1,c2657363d223
2026-09-09,US.SPY,LONG,False,-1,-1,-1,-1,-1,-1,True,,,0.0,0.0,no_entry,False,False,1,1,c2657363d223
2026-09-09,US.SPY,SHORT,True,56,58,626,626,628,628,True,763.1,763.42,-0.31999999999993634,-0.0004193421569911366,soft_failure_loss,False,False,1,1,c2657363d223
2026-09-09,US.TSLA,LONG,False,-1,-1,-1,-1,-1,-1,True,,,0.0,0.0,no_entry,False,False,1,1,c2657363d223
2026-09-09,US.TSLA,SHORT,False,-1,-1,-1,-1,-1,-1,True,,,0.0,0.0,no_entry,False,False,1,1,c2657363d223
2026-09-10,US.AAPL,LONG,False,-1,-1,-1,-1,-1,-1,True,,,0.0,0.0,no_entry,False,False,1,1,c2657363d223
2026-09-10,US.AAPL,SHORT,False,-1,-1,-1,-1,-1,-1,True,,,0.0,0.0,no_entry,False,False,1,1,c2657363d223
2026-09-10,US.AMD,LONG,False,-1,-1,-1,-1,-1,-1,True,,,0.0,0.0,no_entry,False,False,1,1,c2657363d223
2026-09-10,US.AMD,SHORT,True,35,40,605,605,610,610,True,507.295,507.79,-0.49500000000000455,-0.0009757636089454943,soft_failure_loss,False,False,1,1,c2657363d223
2026-09-10,US.IWM,LONG,False,-1,-1,-1,-1,-1,-1,True,,,0.0,0.0,no_entry,False,False,1,1,c2657363d223
2026-09-10,US.IWM,SHORT,False,-1,-1,-1,-1,-1,-1,True,,,0.0,0.0,no_entry,False,False,1,1,c2657363d223
2026-09-10,US.META,LONG,False,-1,-1,-1,-1,-1,-1,True,,,0.0,0.0,no_entry,False,False,1,1,c2657363d223
2026-09-10,US.META,SHORT,False,-1,-1,-1,-1,-1,-1,True,,,0.0,0.0,no_entry,False,False,1,1,c2657363d223
2026-09-10,US.MSFT,LONG,False,-1,-1,-1,-1,-1,-1,True,,,0.0,0.0,no_entry,False,False,1,1,c2657363d223
2026-09-10,US.MSFT,SHORT,False,-1,-1,-1,-1,-1,-1,True,,,0.0,0.0,no_entry,False,False,1,1,c2657363d223
2026-09-10,US.MU,LONG,False,-1,-1,-1,-1,-1,-1,True,,,0.0,0.0,no_entry,False,False,1,1,c2657363d223
2026-09-10,US.MU,SHORT,False,-1,-1,-1,-1,-1,-1,True,,,0.0,0.0,no_entry,False,False,1,1,c2657363d223
2026-09-10,US.NVDA,LONG,False,-1,-1,-1,-1,-1,-1,True,,,0.0,0.0,no_entry,False,False,1,1,c2657363d223
2026-09-10,US.NVDA,SHORT,True,80,90,650,650,660,660,True,218.02,218.15,-0.12999999999999545,-0.0005962755710485067,soft_failure_loss,False,False,1,1,c2657363d223
2026-09-10,US.QQQ,LONG,False,-1,-1,-1,-1,-1,-1,True,,,0.0,0.0,no_entry,False,False,1,1,c2657363d223
2026-09-10,US.QQQ,SHORT,False,-1,-1,-1,-1,-1,-1,True,,,0.0,0.0,no_entry,False,False,1,1,c2657363d223
2026-09-10,US.SPY,LONG,False,-1,-1,-1,-1,-1,-1,True,,,0.0,0.0,no_entry,False,False,1,1,c2657363d223
2026-09-10,US.SPY,SHORT,True,32,68,602,602,638,638,True,757.55,759.5,-1.9500000000000455,-0.0025740875189757054,trailing,False,False,1,1,c2657363d223
2026-09-10,US.TSLA,LONG,True,150,152,720,720,722,722,True,366.75,366.55,-0.19999999999998863,-0.000545330606680269,soft_failure_loss,False,False,1,1,c2657363d223
2026-09-10,US.TSLA,SHORT,False,-1,-1,-1,-1,-1,-1,True,,,0.0,0.0,no_entry,False,False,1,1,c2657363d223
2026-09-11,US.AAPL,LONG,False,-1,-1,-1,-1,-1,-1,True,,,0.0,0.0,no_entry,False,False,1,1,c2657363d223
2026-09-11,US.AAPL,SHORT,False,-1,-1,-1,-1,-1,-1,True,,,0.0,0.0,no_entry,False,False,1,1,c2657363d223
2026-09-11,US.AMD,LONG,True,101,103,671,671,673,673,True,514.74,513.76,-0.9800000000000182,-0.0019038738003652681,soft_failure_loss,False,False,1,1,c2657363d223
2026-09-11,US.AMD,SHORT,False,-1,-1,-1,-1,-1,-1,True,,,0.0,0.0,no_entry,False,False,1,1,c2657363d223
2026-09-11,US.IWM,LONG,False,-1,-1,-1,-1,-1,-1,True,,,0.0,0.0,no_entry,False,False,1,1,c2657363d223
2026-09-11,US.IWM,SHORT,False,-1,-1,-1,-1,-1,-1,True,,,0.0,0.0,no_entry,False,False,1,1,c2657363d223
2026-09-11,US.META,LONG,False,-1,-1,-1,-1,-1,-1,True,,,0.0,0.0,no_entry,False,False,1,1,c2657363d223
2026-09-11,US.META,SHORT,False,-1,-1,-1,-1,-1,-1,True,,,0.0,0.0,no_entry,False,False,1,1,c2657363d223
2026-09-11,US.MSFT,LONG,False,-1,-1,-1,-1,-1,-1,True,,,0.0,0.0,no_entry,False,False,1,1,c2657363d223
2026-09-11,US.MSFT,SHORT,False,-1,-1,-1,-1,-1,-1,True,,,0.0,0.0,no_entry,False,False,1,1,c2657363d223
2026-09-11,US.MU,LONG,False,-1,-1,-1,-1,-1,-1,True,,,0.0,0.0,no_entry,False,False,1,1,c2657363d223
2026-09-11,US.MU,SHORT,False,-1,-1,-1,-1,-1,-1,True,,,0.0,0.0,no_entry,False,False,1,1,c2657363d223
2026-09-11,US.NVDA,LONG,False,-1,-1,-1,-1,-1,-1,True,,,0.0,0.0,no_entry,False,False,1,1,c2657363d223
2026-09-11,US.NVDA,SHORT,False,-1,-1,-1,-1,-1,-1,True,,,0.0,0.0,no_entry,False,False,1,1,c2657363d223
2026-09-11,US.QQQ,LONG,True,17,19,587,587,589,589,True,716.16,715.48,-0.67999999999995,-0.0009495084897228972,soft_failure_loss,False,False,1,1,c2657363d223
2026-09-11,US.QQQ,SHORT,False,-1,-1,-1,-1,-1,-1,True,,,0.0,0.0,no_entry,False,False,1,1,c2657363d223
2026-09-11,US.SPY,LONG,False,-1,-1,-1,-1,-1,-1,True,,,0.0,0.0,no_entry,False,False,1,1,c2657363d223
2026-09-11,US.SPY,SHORT,False,-1,-1,-1,-1,-1,-1,True,,,0.0,0.0,no_entry,False,False,1,1,c2657363d223
2026-09-11,US.TSLA,LONG,False,-1,-1,-1,-1,-1,-1,True,,,0.0,0.0,no_entry,False,False,1,1,c2657363d223
2026-09-11,US.TSLA,SHORT,False,-1,-1,-1,-1,-1,-1,True,,,0.0,0.0,no_entry,False,False,1,1,c2657363d223
