date,symbol,direction,traded,entry_index,exit_index,entry_signal_close_minute,entry_minute,exit_signal_close_minute,exit_minute,exit_time_exact,entry_price,exit_price,pnl_points,gross_return,exit_reason,eod_flatten,unclosed,signal_minutes,execution_minutes,rule_id
2026-05-14,US.AAPL,LONG,False,-1,-1,-1,-1,-1,-1,True,,,0.0,0.0,no_entry,False,False,1,1,e09ae2026370
2026-05-14,US.AAPL,SHORT,False,-1,-1,-1,-1,-1,-1,True,,,0.0,0.0,no_entry,False,False,1,1,e09ae2026370
2026-05-14,US.AMD,LONG,False,-1,-1,-1,-1,-1,-1,True,,,0.0,0.0,no_entry,False,False,1,1,e09ae2026370
2026-05-14,US.AMD,SHORT,False,-1,-1,-1,-1,-1,-1,True,,,0.0,0.0,no_entry,False,False,1,1,e09ae2026370
2026-05-14,US.IWM,LONG,False,-1,-1,-1,-1,-1,-1,True,,,0.0,0.0,no_entry,False,False,1,1,e09ae2026370
2026-05-14,US.IWM,SHORT,False,-1,-1,-1,-1,-1,-1,True,,,0.0,0.0,no_entry,False,False,1,1,e09ae2026370
2026-05-14,US.META,LONG,False,-1,-1,-1,-1,-1,-1,True,,,0.0,0.0,no_entry,False,False,1,1,e09ae2026370
2026-05-14,US.META,SHORT,False,-1,-1,-1,-1,-1,-1,True,,,0.0,0.0,no_entry,False,False,1,1,e09ae2026370
2026-05-14,US.MSFT,LONG,False,-1,-1,-1,-1,-1,-1,True,,,0.0,0.0,no_entry,False,False,1,1,e09ae2026370
2026-05-14,US.MSFT,SHORT,False,-1,-1,-1,-1,-1,-1,True,,,0.0,0.0,no_entry,False,False,1,1,e09ae2026370
2026-05-14,US.MU,LONG,False,-1,-1,-1,-1,-1,-1,True,,,0.0,0.0,no_entry,False,False,1,1,e09ae2026370
2026-05-14,US.MU,SHORT,False,-1,-1,-1,-1,-1,-1,True,,,0.0,0.0,no_entry,False,False,1,1,e09ae2026370
2026-05-14,US.NVDA,LONG,False,-1,-1,-1,-1,-1,-1,True,,,0.0,0.0,no_entry,False,False,1,1,e09ae2026370
2026-05-14,US.NVDA,SHORT,False,-1,-1,-1,-1,-1,-1,True,,,0.0,0.0,no_entry,False,False,1,1,e09ae2026370
2026-05-14,US.QQQ,LONG,False,-1,-1,-1,-1,-1,-1,True,,,0.0,0.0,no_entry,False,False,1,1,e09ae2026370
2026-05-14,US.QQQ,SHORT,False,-1,-1,-1,-1,-1,-1,True,,,0.0,0.0,no_entry,False,False,1,1,e09ae2026370
2026-05-14,US.SPY,LONG,False,-1,-1,-1,-1,-1,-1,True,,,0.0,0.0,no_entry,False,False,1,1,e09ae2026370
2026-05-14,US.SPY,SHORT,False,-1,-1,-1,-1,-1,-1,True,,,0.0,0.0,no_entry,False,False,1,1,e09ae2026370
2026-05-14,US.TSLA,LONG,False,-1,-1,-1,-1,-1,-1,True,,,0.0,0.0,no_entry,False,False,1,1,e09ae2026370
2026-05-14,US.TSLA,SHORT,False,-1,-1,-1,-1,-1,-1,True,,,0.0,0.0,no_entry,False,False,1,1,e09ae2026370
2026-05-15,US.AAPL,LONG,False,-1,-1,-1,-1,-1,-1,True,,,0.0,0.0,no_entry,False,False,1,1,e09ae2026370
2026-05-15,US.AAPL,SHORT,False,-1,-1,-1,-1,-1,-1,True,,,0.0,0.0,no_entry,False,False,1,1,e09ae2026370
2026-05-15,US.AMD,LONG,False,-1,-1,-1,-1,-1,-1,True,,,0.0,0.0,no_entry,False,False,1,1,e09ae2026370
2026-05-15,US.AMD,SHORT,False,-1,-1,-1,-1,-1,-1,True,,,0.0,0.0,no_entry,False,False,1,1,e09ae2026370
2026-05-15,US.IWM,LONG,False,-1,-1,-1,-1,-1,-1,True,,,0.0,0.0,no_entry,False,False,1,1,e09ae2026370
2026-05-15,US.IWM,SHORT,False,-1,-1,-1,-1,-1,-1,True,,,0.0,0.0,no_entry,False,False,1,1,e09ae2026370
2026-05-15,US.META,LONG,False,-1,-1,-1,-1,-1,-1,True,,,0.0,0.0,no_entry,False,False,1,1,e09ae2026370
2026-05-15,US.META,SHORT,False,-1,-1,-1,-1,-1,-1,True,,,0.0,0.0,no_entry,False,False,1,1,e09ae2026370
2026-05-15,US.MSFT,LONG,False,-1,-1,-1,-1,-1,-1,True,,,0.0,0.0,no_entry,False,False,1,1,e09ae2026370
2026-05-15,US.MSFT,SHORT,False,-1,-1,-1,-1,-1,-1,True,,,0.0,0.0,no_entry,False,False,1,1,e09ae2026370
2026-05-15,US.MU,LONG,False,-1,-1,-1,-1,-1,-1,True,,,0.0,0.0,no_entry,False,False,1,1,e09ae2026370
2026-05-15,US.MU,SHORT,False,-1,-1,-1,-1,-1,-1,True,,,0.0,0.0,no_entry,False,False,1,1,e09ae2026370
2026-05-15,US.NVDA,LONG,False,-1,-1,-1,-1,-1,-1,True,,,0.0,0.0,no_entry,False,False,1,1,e09ae2026370
2026-05-15,US.NVDA,SHORT,False,-1,-1,-1,-1,-1,-1,True,,,0.0,0.0,no_entry,False,False,1,1,e09ae2026370
2026-05-15,US.QQQ,LONG,False,-1,-1,-1,-1,-1,-1,True,,,0.0,0.0,no_entry,False,False,1,1,e09ae2026370
2026-05-15,US.QQQ,SHORT,False,-1,-1,-1,-1,-1,-1,True,,,0.0,0.0,no_entry,False,False,1,1,e09ae2026370
2026-05-15,US.SPY,LONG,False,-1,-1,-1,-1,-1,-1,True,,,0.0,0.0,no_entry,False,False,1,1,e09ae2026370
2026-05-15,US.SPY,SHORT,False,-1,-1,-1,-1,-1,-1,True,,,0.0,0.0,no_entry,False,False,1,1,e09ae2026370
2026-05-15,US.TSLA,LONG,False,-1,-1,-1,-1,-1,-1,True,,,0.0,0.0,no_entry,False,False,1,1,e09ae2026370
2026-05-15,US.TSLA,SHORT,False,-1,-1,-1,-1,-1,-1,True,,,0.0,0.0,no_entry,False,False,1,1,e09ae2026370
2026-05-18,US.AAPL,LONG,False,-1,-1,-1,-1,-1,-1,True,,,0.0,0.0,no_entry,False,False,1,1,e09ae2026370
2026-05-18,US.AAPL,SHORT,False,-1,-1,-1,-1,-1,-1,True,,,0.0,0.0,no_entry,False,False,1,1,e09ae2026370
2026-05-18,US.AMD,LONG,False,-1,-1,-1,-1,-1,-1,True,,,0.0,0.0,no_entry,False,False,1,1,e09ae2026370
2026-05-18,US.AMD,SHORT,False,-1,-1,-1,-1,-1,-1,True,,,0.0,0.0,no_entry,False,False,1,1,e09ae2026370
2026-05-18,US.IWM,LONG,False,-1,-1,-1,-1,-1,-1,True,,,0.0,0.0,no_entry,False,False,1,1,e09ae2026370
2026-05-18,US.IWM,SHORT,False,-1,-1,-1,-1,-1,-1,True,,,0.0,0.0,no_entry,False,False,1,1,e09ae2026370
2026-05-18,US.META,LONG,False,-1,-1,-1,-1,-1,-1,True,,,0.0,0.0,no_entry,False,False,1,1,e09ae2026370
2026-05-18,US.META,SHORT,False,-1,-1,-1,-1,-1,-1,True,,,0.0,0.0,no_entry,False,False,1,1,e09ae2026370
2026-05-18,US.MSFT,LONG,False,-1,-1,-1,-1,-1,-1,True,,,0.0,0.0,no_entry,False,False,1,1,e09ae2026370
2026-05-18,US.MSFT,SHORT,False,-1,-1,-1,-1,-1,-1,True,,,0.0,0.0,no_entry,False,False,1,1,e09ae2026370
2026-05-18,US.MU,LONG,False,-1,-1,-1,-1,-1,-1,True,,,0.0,0.0,no_entry,False,False,1,1,e09ae2026370
2026-05-18,US.MU,SHORT,False,-1,-1,-1,-1,-1,-1,True,,,0.0,0.0,no_entry,False,False,1,1,e09ae2026370
2026-05-18,US.NVDA,LONG,False,-1,-1,-1,-1,-1,-1,True,,,0.0,0.0,no_entry,False,False,1,1,e09ae2026370
2026-05-18,US.NVDA,SHORT,False,-1,-1,-1,-1,-1,-1,True,,,0.0,0.0,no_entry,False,False,1,1,e09ae2026370
2026-05-18,US.QQQ,LONG,False,-1,-1,-1,-1,-1,-1,True,,,0.0,0.0,no_entry,False,False,1,1,e09ae2026370
2026-05-18,US.QQQ,SHORT,False,-1,-1,-1,-1,-1,-1,True,,,0.0,0.0,no_entry,False,False,1,1,e09ae2026370
2026-05-18,US.SPY,LONG,False,-1,-1,-1,-1,-1,-1,True,,,0.0,0.0,no_entry,False,False,1,1,e09ae2026370
2026-05-18,US.SPY,SHORT,False,-1,-1,-1,-1,-1,-1,True,,,0.0,0.0,no_entry,False,False,1,1,e09ae2026370
2026-05-18,US.TSLA,LONG,False,-1,-1,-1,-1,-1,-1,True,,,0.0,0.0,no_entry,False,False,1,1,e09ae2026370
2026-05-18,US.TSLA,SHORT,False,-1,-1,-1,-1,-1,-1,True,,,0.0,0.0,no_entry,False,False,1,1,e09ae2026370
2026-05-19,US.AAPL,LONG,False,-1,-1,-1,-1,-1,-1,True,,,0.0,0.0,no_entry,False,False,1,1,e09ae2026370
2026-05-19,US.AAPL,SHORT,False,-1,-1,-1,-1,-1,-1,True,,,0.0,0.0,no_entry,False,False,1,1,e09ae2026370
2026-05-19,US.AMD,LONG,False,-1,-1,-1,-1,-1,-1,True,,,0.0,0.0,no_entry,False,False,1,1,e09ae2026370
2026-05-19,US.AMD,SHORT,False,-1,-1,-1,-1,-1,-1,True,,,0.0,0.0,no_entry,False,False,1,1,e09ae2026370
2026-05-19,US.IWM,LONG,False,-1,-1,-1,-1,-1,-1,True,,,0.0,0.0,no_entry,False,False,1,1,e09ae2026370
2026-05-19,US.IWM,SHORT,False,-1,-1,-1,-1,-1,-1,True,,,0.0,0.0,no_entry,False,False,1,1,e09ae2026370
2026-05-19,US.META,LONG,False,-1,-1,-1,-1,-1,-1,True,,,0.0,0.0,no_entry,False,False,1,1,e09ae2026370
2026-05-19,US.META,SHORT,False,-1,-1,-1,-1,-1,-1,True,,,0.0,0.0,no_entry,False,False,1,1,e09ae2026370
2026-05-19,US.MSFT,LONG,False,-1,-1,-1,-1,-1,-1,True,,,0.0,0.0,no_entry,False,False,1,1,e09ae2026370
2026-05-19,US.MSFT,SHORT,False,-1,-1,-1,-1,-1,-1,True,,,0.0,0.0,no_entry,False,False,1,1,e09ae2026370
2026-05-19,US.MU,LONG,False,-1,-1,-1,-1,-1,-1,True,,,0.0,0.0,no_entry,False,False,1,1,e09ae2026370
2026-05-19,US.MU,SHORT,False,-1,-1,-1,-1,-1,-1,True,,,0.0,0.0,no_entry,False,False,1,1,e09ae2026370
2026-05-19,US.NVDA,LONG,False,-1,-1,-1,-1,-1,-1,True,,,0.0,0.0,no_entry,False,False,1,1,e09ae2026370
2026-05-19,US.NVDA,SHORT,False,-1,-1,-1,-1,-1,-1,True,,,0.0,0.0,no_entry,False,False,1,1,e09ae2026370
2026-05-19,US.QQQ,LONG,False,-1,-1,-1,-1,-1,-1,True,,,0.0,0.0,no_entry,False,False,1,1,e09ae2026370
2026-05-19,US.QQQ,SHORT,False,-1,-1,-1,-1,-1,-1,True,,,0.0,0.0,no_entry,False,False,1,1,e09ae2026370
2026-05-19,US.SPY,LONG,False,-1,-1,-1,-1,-1,-1,True,,,0.0,0.0,no_entry,False,False,1,1,e09ae2026370
2026-05-19,US.SPY,SHORT,False,-1,-1,-1,-1,-1,-1,True,,,0.0,0.0,no_entry,False,False,1,1,e09ae2026370
2026-05-19,US.TSLA,LONG,False,-1,-1,-1,-1,-1,-1,True,,,0.0,0.0,no_entry,False,False,1,1,e09ae2026370
2026-05-19,US.TSLA,SHORT,False,-1,-1,-1,-1,-1,-1,True,,,0.0,0.0,no_entry,False,False,1,1,e09ae2026370
2026-05-20,US.AAPL,LONG,False,-1,-1,-1,-1,-1,-1,True,,,0.0,0.0,no_entry,False,False,1,1,e09ae2026370
2026-05-20,US.AAPL,SHORT,False,-1,-1,-1,-1,-1,-1,True,,,0.0,0.0,no_entry,False,False,1,1,e09ae2026370
2026-05-20,US.AMD,LONG,False,-1,-1,-1,-1,-1,-1,True,,,0.0,0.0,no_entry,False,False,1,1,e09ae2026370
2026-05-20,US.AMD,SHORT,False,-1,-1,-1,-1,-1,-1,True,,,0.0,0.0,no_entry,False,False,1,1,e09ae2026370
2026-05-20,US.IWM,LONG,False,-1,-1,-1,-1,-1,-1,True,,,0.0,0.0,no_entry,False,False,1,1,e09ae2026370
2026-05-20,US.IWM,SHORT,False,-1,-1,-1,-1,-1,-1,True,,,0.0,0.0,no_entry,False,False,1,1,e09ae2026370
2026-05-20,US.META,LONG,False,-1,-1,-1,-1,-1,-1,True,,,0.0,0.0,no_entry,False,False,1,1,e09ae2026370
2026-05-20,US.META,SHORT,False,-1,-1,-1,-1,-1,-1,True,,,0.0,0.0,no_entry,False,False,1,1,e09ae2026370
2026-05-20,US.MSFT,LONG,False,-1,-1,-1,-1,-1,-1,True,,,0.0,0.0,no_entry,False,False,1,1,e09ae2026370
2026-05-20,US.MSFT,SHORT,False,-1,-1,-1,-1,-1,-1,True,,,0.0,0.0,no_entry,False,False,1,1,e09ae2026370
2026-05-20,US.MU,LONG,False,-1,-1,-1,-1,-1,-1,True,,,0.0,0.0,no_entry,False,False,1,1,e09ae2026370
2026-05-20,US.MU,SHORT,False,-1,-1,-1,-1,-1,-1,True,,,0.0,0.0,no_entry,False,False,1,1,e09ae2026370
2026-05-20,US.NVDA,LONG,False,-1,-1,-1,-1,-1,-1,True,,,0.0,0.0,no_entry,False,False,1,1,e09ae2026370
2026-05-20,US.NVDA,SHORT,False,-1,-1,-1,-1,-1,-1,True,,,0.0,0.0,no_entry,False,False,1,1,e09ae2026370
2026-05-20,US.QQQ,LONG,False,-1,-1,-1,-1,-1,-1,True,,,0.0,0.0,no_entry,False,False,1,1,e09ae2026370
2026-05-20,US.QQQ,SHORT,False,-1,-1,-1,-1,-1,-1,True,,,0.0,0.0,no_entry,False,False,1,1,e09ae2026370
2026-05-20,US.SPY,LONG,False,-1,-1,-1,-1,-1,-1,True,,,0.0,0.0,no_entry,False,False,1,1,e09ae2026370
2026-05-20,US.SPY,SHORT,False,-1,-1,-1,-1,-1,-1,True,,,0.0,0.0,no_entry,False,False,1,1,e09ae2026370
2026-05-20,US.TSLA,LONG,False,-1,-1,-1,-1,-1,-1,True,,,0.0,0.0,no_entry,False,False,1,1,e09ae2026370
2026-05-20,US.TSLA,SHORT,False,-1,-1,-1,-1,-1,-1,True,,,0.0,0.0,no_entry,False,False,1,1,e09ae2026370
2026-05-21,US.AAPL,LONG,False,-1,-1,-1,-1,-1,-1,True,,,0.0,0.0,no_entry,False,False,1,1,e09ae2026370
2026-05-21,US.AAPL,SHORT,False,-1,-1,-1,-1,-1,-1,True,,,0.0,0.0,no_entry,False,False,1,1,e09ae2026370
2026-05-21,US.AMD,LONG,False,-1,-1,-1,-1,-1,-1,True,,,0.0,0.0,no_entry,False,False,1,1,e09ae2026370
2026-05-21,US.AMD,SHORT,True,73,76,643,643,646,646,True,438.31,438.97,-0.660000000000025,-0.0015057835778330977,soft_failure_loss,False,False,1,1,e09ae2026370
2026-05-21,US.IWM,LONG,True,50,51,620,620,621,621,True,279.19593056,279.056262761,-0.13966779899999437,-0.0005002501244192718,soft_failure_loss,False,False,1,1,e09ae2026370
2026-05-21,US.IWM,SHORT,False,-1,-1,-1,-1,-1,-1,True,,,0.0,0.0,no_entry,False,False,1,1,e09ae2026370
2026-05-21,US.META,LONG,False,-1,-1,-1,-1,-1,-1,True,,,0.0,0.0,no_entry,False,False,1,1,e09ae2026370
2026-05-21,US.META,SHORT,True,25,86,595,595,656,656,True,597.810938542,598.115656125,-0.304717582999956,-0.0005097223275022888,failed_followthrough,False,False,1,1,e09ae2026370
2026-05-21,US.MSFT,LONG,False,-1,-1,-1,-1,-1,-1,True,,,0.0,0.0,no_entry,False,False,1,1,e09ae2026370
2026-05-21,US.MSFT,SHORT,True,112,113,682,682,683,683,True,417.414218091,417.753579244,-0.3393611529999703,-0.0008130081302740544,soft_failure_loss,False,False,1,1,e09ae2026370
2026-05-21,US.MU,LONG,True,54,55,624,624,625,625,True,750.374606158,747.635027455,-2.7395787030000065,-0.003650948047171997,soft_failure_loss,False,False,1,1,e09ae2026370
2026-05-21,US.MU,SHORT,False,-1,-1,-1,-1,-1,-1,True,,,0.0,0.0,no_entry,False,False,1,1,e09ae2026370
2026-05-21,US.NVDA,LONG,False,-1,-1,-1,-1,-1,-1,True,,,0.0,0.0,no_entry,False,False,1,1,e09ae2026370
2026-05-21,US.NVDA,SHORT,False,-1,-1,-1,-1,-1,-1,True,,,0.0,0.0,no_entry,False,False,1,1,e09ae2026370
2026-05-21,US.QQQ,LONG,True,137,143,707,707,713,713,True,709.799505323,709.739571226,-0.059934096999995745,-8.443806532764806e-05,failed_followthrough,False,False,1,1,e09ae2026370
2026-05-21,US.QQQ,SHORT,False,-1,-1,-1,-1,-1,-1,True,,,0.0,0.0,no_entry,False,False,1,1,e09ae2026370
2026-05-21,US.SPY,LONG,True,45,46,615,615,616,616,True,737.490513005,736.672619578,-0.8178934270000582,-0.0011090223027648805,soft_failure_loss,False,False,1,1,e09ae2026370
2026-05-21,US.SPY,SHORT,False,-1,-1,-1,-1,-1,-1,True,,,0.0,0.0,no_entry,False,False,1,1,e09ae2026370
2026-05-21,US.TSLA,LONG,False,-1,-1,-1,-1,-1,-1,True,,,0.0,0.0,no_entry,False,False,1,1,e09ae2026370
2026-05-21,US.TSLA,SHORT,True,112,113,682,682,683,683,True,417.18,417.46,-0.2799999999999727,-0.0006711731147225963,soft_failure_loss,False,False,1,1,e09ae2026370
2026-05-22,US.AAPL,LONG,True,62,68,632,632,638,638,True,308.743722374,308.703756843,-0.039965531000007104,-0.0001294456473242699,failed_followthrough,False,False,1,1,e09ae2026370
2026-05-22,US.AAPL,SHORT,False,-1,-1,-1,-1,-1,-1,True,,,0.0,0.0,no_entry,False,False,1,1,e09ae2026370
2026-05-22,US.AMD,LONG,False,-1,-1,-1,-1,-1,-1,True,,,0.0,0.0,no_entry,False,False,1,1,e09ae2026370
2026-05-22,US.AMD,SHORT,False,-1,-1,-1,-1,-1,-1,True,,,0.0,0.0,no_entry,False,False,1,1,e09ae2026370
2026-05-22,US.IWM,LONG,True,32,33,602,602,603,603,True,284.43347303,284.243923874,-0.18954915599999822,-0.0006664094558941237,soft_failure_loss,False,False,1,1,e09ae2026370
2026-05-22,US.IWM,SHORT,False,-1,-1,-1,-1,-1,-1,True,,,0.0,0.0,no_entry,False,False,1,1,e09ae2026370
2026-05-22,US.META,LONG,False,-1,-1,-1,-1,-1,-1,True,,,0.0,0.0,no_entry,False,False,1,1,e09ae2026370
2026-05-22,US.META,SHORT,False,-1,-1,-1,-1,-1,-1,True,,,0.0,0.0,no_entry,False,False,1,1,e09ae2026370
2026-05-22,US.MSFT,LONG,False,-1,-1,-1,-1,-1,-1,True,,,0.0,0.0,no_entry,False,False,1,1,e09ae2026370
2026-05-22,US.MSFT,SHORT,True,109,110,679,679,680,680,True,418.257630368,418.452263971,-0.19463360299999977,-0.00046534381890117165,soft_failure_loss,False,False,1,1,e09ae2026370
2026-05-22,US.MU,LONG,False,-1,-1,-1,-1,-1,-1,True,,,0.0,0.0,no_entry,False,False,1,1,e09ae2026370
2026-05-22,US.MU,SHORT,False,-1,-1,-1,-1,-1,-1,True,,,0.0,0.0,no_entry,False,False,1,1,e09ae2026370
2026-05-22,US.NVDA,LONG,False,-1,-1,-1,-1,-1,-1,True,,,0.0,0.0,no_entry,False,False,1,1,e09ae2026370
2026-05-22,US.NVDA,SHORT,True,79,84,649,649,654,654,True,216.768216444,216.844342437,-0.07612599300000511,-0.00035118613904207464,failed_followthrough,False,False,1,1,e09ae2026370
2026-05-22,US.QQQ,LONG,False,-1,-1,-1,-1,-1,-1,True,,,0.0,0.0,no_entry,False,False,1,1,e09ae2026370
2026-05-22,US.QQQ,SHORT,False,-1,-1,-1,-1,-1,-1,True,,,0.0,0.0,no_entry,False,False,1,1,e09ae2026370
2026-05-22,US.SPY,LONG,False,-1,-1,-1,-1,-1,-1,True,,,0.0,0.0,no_entry,False,False,1,1,e09ae2026370
2026-05-22,US.SPY,SHORT,False,-1,-1,-1,-1,-1,-1,True,,,0.0,0.0,no_entry,False,False,1,1,e09ae2026370
2026-05-22,US.TSLA,LONG,True,108,113,678,678,683,683,True,427.82,427.6601,-0.15989999999999327,-0.0003737553176569428,failed_followthrough,False,False,1,1,e09ae2026370
2026-05-22,US.TSLA,SHORT,False,-1,-1,-1,-1,-1,-1,True,,,0.0,0.0,no_entry,False,False,1,1,e09ae2026370
2026-05-26,US.AAPL,LONG,True,98,99,668,668,669,669,True,311.251559477,311.161637031,-0.08992244600000276,-0.0002889060095027334,soft_failure_loss,False,False,1,1,e09ae2026370
2026-05-26,US.AAPL,SHORT,False,-1,-1,-1,-1,-1,-1,True,,,0.0,0.0,no_entry,False,False,1,1,e09ae2026370
2026-05-26,US.AMD,LONG,True,78,92,648,648,662,662,True,490.24,490.31,0.06999999999999318,0.00014278720626630461,failed_followthrough,False,False,1,1,e09ae2026370
2026-05-26,US.AMD,SHORT,False,-1,-1,-1,-1,-1,-1,True,,,0.0,0.0,no_entry,False,False,1,1,e09ae2026370
2026-05-26,US.IWM,LONG,True,31,58,601,601,628,628,True,288.95272396,288.824229585,-0.1284943750000025,-0.00044468995910137217,failed_followthrough,False,False,1,1,e09ae2026370
2026-05-26,US.IWM,SHORT,False,-1,-1,-1,-1,-1,-1,True,,,0.0,0.0,no_entry,False,False,1,1,e09ae2026370
2026-05-26,US.META,LONG,False,-1,-1,-1,-1,-1,-1,True,,,0.0,0.0,no_entry,False,False,1,1,e09ae2026370
2026-05-26,US.META,SHORT,True,97,102,667,667,672,672,True,606.397979925,606.387989184,0.009990740999910486,1.6475551256200017e-05,failed_followthrough,False,False,1,1,e09ae2026370
2026-05-26,US.MSFT,LONG,False,-1,-1,-1,-1,-1,-1,True,,,0.0,0.0,no_entry,False,False,1,1,e09ae2026370
2026-05-26,US.MSFT,SHORT,False,-1,-1,-1,-1,-1,-1,True,,,0.0,0.0,no_entry,False,False,1,1,e09ae2026370
2026-05-26,US.MU,LONG,True,143,144,713,713,714,714,True,869.245326023,868.38145887,-0.863867153000001,-0.0009938128249160623,soft_failure_loss,False,False,1,1,e09ae2026370
2026-05-26,US.MU,SHORT,False,-1,-1,-1,-1,-1,-1,True,,,0.0,0.0,no_entry,False,False,1,1,e09ae2026370
2026-05-26,US.NVDA,LONG,False,-1,-1,-1,-1,-1,-1,True,,,0.0,0.0,no_entry,False,False,1,1,e09ae2026370
2026-05-26,US.NVDA,SHORT,False,-1,-1,-1,-1,-1,-1,True,,,0.0,0.0,no_entry,False,False,1,1,e09ae2026370
2026-05-26,US.QQQ,LONG,True,93,97,663,663,667,667,True,728.453992871,728.169305912,-0.28468695899994145,-0.0003908097996387205,soft_failure_loss,False,False,1,1,e09ae2026370
2026-05-26,US.QQQ,SHORT,False,-1,-1,-1,-1,-1,-1,True,,,0.0,0.0,no_entry,False,False,1,1,e09ae2026370
2026-05-26,US.SPY,LONG,True,92,93,662,662,663,663,True,749.020815457,748.871200806,-0.14961465099997895,-0.00019974698688272712,soft_failure_loss,False,False,1,1,e09ae2026370
2026-05-26,US.SPY,SHORT,False,-1,-1,-1,-1,-1,-1,True,,,0.0,0.0,no_entry,False,False,1,1,e09ae2026370
2026-05-26,US.TSLA,LONG,False,-1,-1,-1,-1,-1,-1,True,,,0.0,0.0,no_entry,False,False,1,1,e09ae2026370
2026-05-26,US.TSLA,SHORT,False,-1,-1,-1,-1,-1,-1,True,,,0.0,0.0,no_entry,False,False,1,1,e09ae2026370
2026-05-27,US.AAPL,LONG,True,51,52,621,621,622,622,True,311.351473306,311.181619797,-0.1698535090000064,-0.0005455362301532208,soft_failure_loss,False,False,1,1,e09ae2026370
2026-05-27,US.AAPL,SHORT,False,-1,-1,-1,-1,-1,-1,True,,,0.0,0.0,no_entry,False,False,1,1,e09ae2026370
2026-05-27,US.AMD,LONG,False,-1,-1,-1,-1,-1,-1,True,,,0.0,0.0,no_entry,False,False,1,1,e09ae2026370
2026-05-27,US.AMD,SHORT,False,-1,-1,-1,-1,-1,-1,True,,,0.0,0.0,no_entry,False,False,1,1,e09ae2026370
2026-05-27,US.IWM,LONG,False,-1,-1,-1,-1,-1,-1,True,,,0.0,0.0,no_entry,False,False,1,1,e09ae2026370
2026-05-27,US.IWM,SHORT,False,-1,-1,-1,-1,-1,-1,True,,,0.0,0.0,no_entry,False,False,1,1,e09ae2026370
2026-05-27,US.META,LONG,True,101,103,671,671,673,673,True,613.20297294,612.86698434,-0.33598859999995057,-0.0005479239580151645,soft_failure_loss,False,False,1,1,e09ae2026370
2026-05-27,US.META,SHORT,False,-1,-1,-1,-1,-1,-1,True,,,0.0,0.0,no_entry,False,False,1,1,e09ae2026370
2026-05-27,US.MSFT,LONG,True,97,102,667,667,672,672,True,413.471639991,413.04743855,-0.42420144100003654,-0.0010259505126138037,soft_failure_loss,False,False,1,1,e09ae2026370
2026-05-27,US.MSFT,SHORT,False,-1,-1,-1,-1,-1,-1,True,,,0.0,0.0,no_entry,False,False,1,1,e09ae2026370
2026-05-27,US.MU,LONG,False,-1,-1,-1,-1,-1,-1,True,,,0.0,0.0,no_entry,False,False,1,1,e09ae2026370
2026-05-27,US.MU,SHORT,True,148,149,718,718,719,719,True,910.130038705,911.049897247,-0.9198585420000427,-0.0010106891354875894,soft_failure_loss,False,False,1,1,e09ae2026370
2026-05-27,US.NVDA,LONG,False,-1,-1,-1,-1,-1,-1,True,,,0.0,0.0,no_entry,False,False,1,1,e09ae2026370
2026-05-27,US.NVDA,SHORT,True,81,156,651,651,726,726,True,209.75055724,209.840351989,-0.08979474899999218,-0.0004281025527729472,failed_followthrough,False,False,1,1,e09ae2026370
2026-05-27,US.QQQ,LONG,False,-1,-1,-1,-1,-1,-1,True,,,0.0,0.0,no_entry,False,False,1,1,e09ae2026370
2026-05-27,US.QQQ,SHORT,False,-1,-1,-1,-1,-1,-1,True,,,0.0,0.0,no_entry,False,False,1,1,e09ae2026370
2026-05-27,US.SPY,LONG,False,-1,-1,-1,-1,-1,-1,True,,,0.0,0.0,no_entry,False,False,1,1,e09ae2026370
2026-05-27,US.SPY,SHORT,False,-1,-1,-1,-1,-1,-1,True,,,0.0,0.0,no_entry,False,False,1,1,e09ae2026370
2026-05-27,US.TSLA,LONG,False,-1,-1,-1,-1,-1,-1,True,,,0.0,0.0,no_entry,False,False,1,1,e09ae2026370
2026-05-27,US.TSLA,SHORT,False,-1,-1,-1,-1,-1,-1,True,,,0.0,0.0,no_entry,False,False,1,1,e09ae2026370
2026-05-28,US.AAPL,LONG,True,32,33,602,602,603,603,True,310.831921396,310.682050653,-0.14987074300000813,-0.00048216007650344494,soft_failure_loss,False,False,1,1,e09ae2026370
2026-05-28,US.AAPL,SHORT,False,-1,-1,-1,-1,-1,-1,True,,,0.0,0.0,no_entry,False,False,1,1,e09ae2026370
2026-05-28,US.AMD,LONG,False,-1,-1,-1,-1,-1,-1,True,,,0.0,0.0,no_entry,False,False,1,1,e09ae2026370
2026-05-28,US.AMD,SHORT,False,-1,-1,-1,-1,-1,-1,True,,,0.0,0.0,no_entry,False,False,1,1,e09ae2026370
2026-05-28,US.IWM,LONG,True,72,73,642,642,643,643,True,289.192154473,289.147261252,-0.044893220999995265,-0.00015523664907785958,soft_failure_loss,False,False,1,1,e09ae2026370
2026-05-28,US.IWM,SHORT,False,-1,-1,-1,-1,-1,-1,True,,,0.0,0.0,no_entry,False,False,1,1,e09ae2026370
2026-05-28,US.META,LONG,False,-1,-1,-1,-1,-1,-1,True,,,0.0,0.0,no_entry,False,False,1,1,e09ae2026370
2026-05-28,US.META,SHORT,False,-1,-1,-1,-1,-1,-1,True,,,0.0,0.0,no_entry,False,False,1,1,e09ae2026370
2026-05-28,US.MSFT,LONG,True,62,65,632,632,635,635,True,423.123470428,422.704259593,-0.4192108350000012,-0.0009907529699923262,soft_failure_loss,False,False,1,1,e09ae2026370
2026-05-28,US.MSFT,SHORT,False,-1,-1,-1,-1,-1,-1,True,,,0.0,0.0,no_entry,False,False,1,1,e09ae2026370
2026-05-28,US.MU,LONG,False,-1,-1,-1,-1,-1,-1,True,,,0.0,0.0,no_entry,False,False,1,1,e09ae2026370
2026-05-28,US.MU,SHORT,True,37,39,607,607,609,609,True,915.68918381,918.213995541,-2.524811731,-0.0027572802820436974,soft_failure_loss,False,False,1,1,e09ae2026370
2026-05-28,US.NVDA,LONG,False,-1,-1,-1,-1,-1,-1,True,,,0.0,0.0,no_entry,False,False,1,1,e09ae2026370
2026-05-28,US.NVDA,SHORT,False,-1,-1,-1,-1,-1,-1,True,,,0.0,0.0,no_entry,False,False,1,1,e09ae2026370
2026-05-28,US.QQQ,LONG,False,-1,-1,-1,-1,-1,-1,True,,,0.0,0.0,no_entry,False,False,1,1,e09ae2026370
2026-05-28,US.QQQ,SHORT,False,-1,-1,-1,-1,-1,-1,True,,,0.0,0.0,no_entry,False,False,1,1,e09ae2026370
2026-05-28,US.SPY,LONG,True,31,32,601,601,602,602,True,748.681688914,748.492177023,-0.18951189100005195,-0.0002531274556413265,soft_failure_loss,False,False,1,1,e09ae2026370
2026-05-28,US.SPY,SHORT,False,-1,-1,-1,-1,-1,-1,True,,,0.0,0.0,no_entry,False,False,1,1,e09ae2026370
2026-05-28,US.TSLA,LONG,False,-1,-1,-1,-1,-1,-1,True,,,0.0,0.0,no_entry,False,False,1,1,e09ae2026370
2026-05-28,US.TSLA,SHORT,False,-1,-1,-1,-1,-1,-1,True,,,0.0,0.0,no_entry,False,False,1,1,e09ae2026370
2026-05-29,US.AAPL,LONG,False,-1,-1,-1,-1,-1,-1,True,,,0.0,0.0,no_entry,False,False,1,1,e09ae2026370
2026-05-29,US.AAPL,SHORT,False,-1,-1,-1,-1,-1,-1,True,,,0.0,0.0,no_entry,False,False,1,1,e09ae2026370
2026-05-29,US.AMD,LONG,False,-1,-1,-1,-1,-1,-1,True,,,0.0,0.0,no_entry,False,False,1,1,e09ae2026370
2026-05-29,US.AMD,SHORT,True,82,84,652,652,654,654,True,513.55,514.355,-0.8050000000000637,-0.001567520202512051,soft_failure_loss,False,False,1,1,e09ae2026370
2026-05-29,US.IWM,LONG,False,-1,-1,-1,-1,-1,-1,True,,,0.0,0.0,no_entry,False,False,1,1,e09ae2026370
2026-05-29,US.IWM,SHORT,True,40,375,610,610,-1,945,True,289.486454478,289.481466343,0.004988134999962313,1.7230978938053886e-05,scheduled_flatten,True,False,1,1,e09ae2026370
2026-05-29,US.META,LONG,False,-1,-1,-1,-1,-1,-1,True,,,0.0,0.0,no_entry,False,False,1,1,e09ae2026370
2026-05-29,US.META,SHORT,True,82,87,652,652,657,657,True,625.110636713,625.205548747,-0.09491203400000359,-0.00015183237722377692,failed_followthrough,False,False,1,1,e09ae2026370
2026-05-29,US.MSFT,LONG,False,-1,-1,-1,-1,-1,-1,True,,,0.0,0.0,no_entry,False,False,1,1,e09ae2026370
2026-05-29,US.MSFT,SHORT,False,-1,-1,-1,-1,-1,-1,True,,,0.0,0.0,no_entry,False,False,1,1,e09ae2026370
2026-05-29,US.MU,LONG,True,35,41,605,605,611,611,True,970.730719432,968.24110229,-2.489617142000043,-0.0025646835854301418,failed_followthrough,False,False,1,1,e09ae2026370
2026-05-29,US.MU,SHORT,False,-1,-1,-1,-1,-1,-1,True,,,0.0,0.0,no_entry,False,False,1,1,e09ae2026370
2026-05-29,US.NVDA,LONG,True,102,107,672,672,677,677,True,215.786759834,215.592204544,-0.19455529000001093,-0.0009016090243427262,soft_failure_loss,False,False,1,1,e09ae2026370
2026-05-29,US.NVDA,SHORT,False,-1,-1,-1,-1,-1,-1,True,,,0.0,0.0,no_entry,False,False,1,1,e09ae2026370
2026-05-29,US.QQQ,LONG,True,36,39,606,606,609,609,True,740.091196616,739.546795239,-0.5444013770000993,-0.0007355868837372006,soft_failure_loss,False,False,1,1,e09ae2026370
2026-05-29,US.QQQ,SHORT,True,82,83,652,652,653,653,True,736.560079428,737.0395522,-0.47947277200000826,-0.0006509622030729098,soft_failure_loss,False,False,1,1,e09ae2026370
2026-05-29,US.SPY,LONG,True,26,35,596,596,605,605,True,755.763449071,755.733526141,-0.029922929999997905,-3.959298380568654e-05,failed_followthrough,False,False,1,1,e09ae2026370
2026-05-29,US.SPY,SHORT,False,-1,-1,-1,-1,-1,-1,True,,,0.0,0.0,no_entry,False,False,1,1,e09ae2026370
2026-05-29,US.TSLA,LONG,False,-1,-1,-1,-1,-1,-1,True,,,0.0,0.0,no_entry,False,False,1,1,e09ae2026370
2026-05-29,US.TSLA,SHORT,True,95,101,665,665,671,671,True,433.16,433.33,-0.16999999999995907,-0.0003924646781788694,failed_followthrough,False,False,1,1,e09ae2026370
2026-06-01,US.AAPL,LONG,False,-1,-1,-1,-1,-1,-1,True,,,0.0,0.0,no_entry,False,False,1,1,e09ae2026370
2026-06-01,US.AAPL,SHORT,False,-1,-1,-1,-1,-1,-1,True,,,0.0,0.0,no_entry,False,False,1,1,e09ae2026370
2026-06-01,US.AMD,LONG,False,-1,-1,-1,-1,-1,-1,True,,,0.0,0.0,no_entry,False,False,1,1,e09ae2026370
2026-06-01,US.AMD,SHORT,False,-1,-1,-1,-1,-1,-1,True,,,0.0,0.0,no_entry,False,False,1,1,e09ae2026370
2026-06-01,US.IWM,LONG,False,-1,-1,-1,-1,-1,-1,True,,,0.0,0.0,no_entry,False,False,1,1,e09ae2026370
2026-06-01,US.IWM,SHORT,True,35,37,605,605,607,607,True,286.488584932,286.54844256,-0.05985762800003158,-0.0002089354729935896,soft_failure_loss,False,False,1,1,e09ae2026370
2026-06-01,US.META,LONG,False,-1,-1,-1,-1,-1,-1,True,,,0.0,0.0,no_entry,False,False,1,1,e09ae2026370
2026-06-01,US.META,SHORT,True,85,86,655,655,656,656,True,614.6381428,615.329701851,-0.6915590510000129,-0.0011251482829386372,soft_failure_loss,False,False,1,1,e09ae2026370
2026-06-01,US.MSFT,LONG,False,-1,-1,-1,-1,-1,-1,True,,,0.0,0.0,no_entry,False,False,1,1,e09ae2026370
2026-06-01,US.MSFT,SHORT,False,-1,-1,-1,-1,-1,-1,True,,,0.0,0.0,no_entry,False,False,1,1,e09ae2026370
2026-06-01,US.MU,LONG,False,-1,-1,-1,-1,-1,-1,True,,,0.0,0.0,no_entry,False,False,1,1,e09ae2026370
2026-06-01,US.MU,SHORT,False,-1,-1,-1,-1,-1,-1,True,,,0.0,0.0,no_entry,False,False,1,1,e09ae2026370
2026-06-01,US.NVDA,LONG,False,-1,-1,-1,-1,-1,-1,True,,,0.0,0.0,no_entry,False,False,1,1,e09ae2026370
2026-06-01,US.NVDA,SHORT,False,-1,-1,-1,-1,-1,-1,True,,,0.0,0.0,no_entry,False,False,1,1,e09ae2026370
2026-06-01,US.QQQ,LONG,False,-1,-1,-1,-1,-1,-1,True,,,0.0,0.0,no_entry,False,False,1,1,e09ae2026370
2026-06-01,US.QQQ,SHORT,False,-1,-1,-1,-1,-1,-1,True,,,0.0,0.0,no_entry,False,False,1,1,e09ae2026370
2026-06-01,US.SPY,LONG,True,140,146,710,710,716,716,True,754.945555645,754.850799699,-0.09475594599996384,-0.00012551361524210518,failed_followthrough,False,False,1,1,e09ae2026370
2026-06-01,US.SPY,SHORT,False,-1,-1,-1,-1,-1,-1,True,,,0.0,0.0,no_entry,False,False,1,1,e09ae2026370
2026-06-01,US.TSLA,LONG,False,-1,-1,-1,-1,-1,-1,True,,,0.0,0.0,no_entry,False,False,1,1,e09ae2026370
2026-06-01,US.TSLA,SHORT,True,98,104,668,668,674,674,True,420.94,421.56,-0.6200000000000045,-0.001472893999144782,soft_failure_loss,False,False,1,1,e09ae2026370
2026-06-02,US.AAPL,LONG,False,-1,-1,-1,-1,-1,-1,True,,,0.0,0.0,no_entry,False,False,1,1,e09ae2026370
2026-06-02,US.AAPL,SHORT,False,-1,-1,-1,-1,-1,-1,True,,,0.0,0.0,no_entry,False,False,1,1,e09ae2026370
2026-06-02,US.AMD,LONG,False,-1,-1,-1,-1,-1,-1,True,,,0.0,0.0,no_entry,False,False,1,1,e09ae2026370
2026-06-02,US.AMD,SHORT,False,-1,-1,-1,-1,-1,-1,True,,,0.0,0.0,no_entry,False,False,1,1,e09ae2026370
2026-06-02,US.IWM,LONG,False,-1,-1,-1,-1,-1,-1,True,,,0.0,0.0,no_entry,False,False,1,1,e09ae2026370
2026-06-02,US.IWM,SHORT,False,-1,-1,-1,-1,-1,-1,True,,,0.0,0.0,no_entry,False,False,1,1,e09ae2026370
2026-06-02,US.META,LONG,False,-1,-1,-1,-1,-1,-1,True,,,0.0,0.0,no_entry,False,False,1,1,e09ae2026370
2026-06-02,US.META,SHORT,False,-1,-1,-1,-1,-1,-1,True,,,0.0,0.0,no_entry,False,False,1,1,e09ae2026370
2026-06-02,US.MSFT,LONG,False,-1,-1,-1,-1,-1,-1,True,,,0.0,0.0,no_entry,False,False,1,1,e09ae2026370
2026-06-02,US.MSFT,SHORT,False,-1,-1,-1,-1,-1,-1,True,,,0.0,0.0,no_entry,False,False,1,1,e09ae2026370
2026-06-02,US.MU,LONG,False,-1,-1,-1,-1,-1,-1,True,,,0.0,0.0,no_entry,False,False,1,1,e09ae2026370
2026-06-02,US.MU,SHORT,False,-1,-1,-1,-1,-1,-1,True,,,0.0,0.0,no_entry,False,False,1,1,e09ae2026370
2026-06-02,US.NVDA,LONG,True,38,49,608,608,619,619,True,228.823859945,228.787044098,-0.036815847000013946,-0.00016089164394335006,failed_followthrough,False,False,1,1,e09ae2026370
2026-06-02,US.NVDA,SHORT,False,-1,-1,-1,-1,-1,-1,True,,,0.0,0.0,no_entry,False,False,1,1,e09ae2026370
2026-06-02,US.QQQ,LONG,True,65,71,635,635,641,641,True,742.58355602,742.343719744,-0.23983627599989177,-0.0003229754740130985,soft_failure_loss,False,False,1,1,e09ae2026370
2026-06-02,US.QQQ,SHORT,False,-1,-1,-1,-1,-1,-1,True,,,0.0,0.0,no_entry,False,False,1,1,e09ae2026370
2026-06-02,US.SPY,LONG,True,42,47,612,612,617,617,True,756.252190265,756.182370095,-0.06982016999995722,-9.232392434525231e-05,failed_followthrough,False,False,1,1,e09ae2026370
2026-06-02,US.SPY,SHORT,False,-1,-1,-1,-1,-1,-1,True,,,0.0,0.0,no_entry,False,False,1,1,e09ae2026370
2026-06-02,US.TSLA,LONG,False,-1,-1,-1,-1,-1,-1,True,,,0.0,0.0,no_entry,False,False,1,1,e09ae2026370
2026-06-02,US.TSLA,SHORT,False,-1,-1,-1,-1,-1,-1,True,,,0.0,0.0,no_entry,False,False,1,1,e09ae2026370
2026-06-03,US.AAPL,LONG,False,-1,-1,-1,-1,-1,-1,True,,,0.0,0.0,no_entry,False,False,1,1,e09ae2026370
2026-06-03,US.AAPL,SHORT,False,-1,-1,-1,-1,-1,-1,True,,,0.0,0.0,no_entry,False,False,1,1,e09ae2026370
2026-06-03,US.AMD,LONG,False,-1,-1,-1,-1,-1,-1,True,,,0.0,0.0,no_entry,False,False,1,1,e09ae2026370
2026-06-03,US.AMD,SHORT,False,-1,-1,-1,-1,-1,-1,True,,,0.0,0.0,no_entry,False,False,1,1,e09ae2026370
2026-06-03,US.IWM,LONG,False,-1,-1,-1,-1,-1,-1,True,,,0.0,0.0,no_entry,False,False,1,1,e09ae2026370
2026-06-03,US.IWM,SHORT,True,32,33,602,602,603,603,True,287.226829013,287.366496812,-0.13966779899999437,-0.0004862630676943934,soft_failure_loss,False,False,1,1,e09ae2026370
2026-06-03,US.META,LONG,True,67,169,637,637,739,739,True,613.806113939,611.453294572,-2.352819367000052,-0.003833163785061083,trailing,False,False,1,1,e09ae2026370
2026-06-03,US.META,SHORT,False,-1,-1,-1,-1,-1,-1,True,,,0.0,0.0,no_entry,False,False,1,1,e09ae2026370
2026-06-03,US.MSFT,LONG,False,-1,-1,-1,-1,-1,-1,True,,,0.0,0.0,no_entry,False,False,1,1,e09ae2026370
2026-06-03,US.MSFT,SHORT,False,-1,-1,-1,-1,-1,-1,True,,,0.0,0.0,no_entry,False,False,1,1,e09ae2026370
2026-06-03,US.MU,LONG,False,-1,-1,-1,-1,-1,-1,True,,,0.0,0.0,no_entry,False,False,1,1,e09ae2026370
2026-06-03,US.MU,SHORT,False,-1,-1,-1,-1,-1,-1,True,,,0.0,0.0,no_entry,False,False,1,1,e09ae2026370
2026-06-03,US.NVDA,LONG,False,-1,-1,-1,-1,-1,-1,True,,,0.0,0.0,no_entry,False,False,1,1,e09ae2026370
2026-06-03,US.NVDA,SHORT,True,96,98,666,666,668,668,True,215.966349333,216.150927428,-0.1845780949999778,-0.000854661365393437,soft_failure_loss,False,False,1,1,e09ae2026370
2026-06-03,US.QQQ,LONG,False,-1,-1,-1,-1,-1,-1,True,,,0.0,0.0,no_entry,False,False,1,1,e09ae2026370
2026-06-03,US.QQQ,SHORT,True,23,33,593,593,603,603,True,743.202775128,743.562379707,-0.3596045790000062,-0.00048385796048470406,failed_followthrough,False,False,1,1,e09ae2026370
2026-06-03,US.SPY,LONG,False,-1,-1,-1,-1,-1,-1,True,,,0.0,0.0,no_entry,False,False,1,1,e09ae2026370
2026-06-03,US.SPY,SHORT,True,24,31,594,594,601,601,True,754.297225489,754.646326342,-0.3491008529999817,-0.0004628160375025438,soft_failure_loss,False,False,1,1,e09ae2026370
2026-06-03,US.TSLA,LONG,True,117,124,687,687,694,694,True,429.25,428.98,-0.2699999999999818,-0.0006290040768782337,soft_failure_loss,False,False,1,1,e09ae2026370
2026-06-03,US.TSLA,SHORT,False,-1,-1,-1,-1,-1,-1,True,,,0.0,0.0,no_entry,False,False,1,1,e09ae2026370
2026-06-04,US.AAPL,LONG,False,-1,-1,-1,-1,-1,-1,True,,,0.0,0.0,no_entry,False,False,1,1,e09ae2026370
2026-06-04,US.AAPL,SHORT,False,-1,-1,-1,-1,-1,-1,True,,,0.0,0.0,no_entry,False,False,1,1,e09ae2026370
2026-06-04,US.AMD,LONG,False,-1,-1,-1,-1,-1,-1,True,,,0.0,0.0,no_entry,False,False,1,1,e09ae2026370
2026-06-04,US.AMD,SHORT,True,42,43,612,612,613,613,True,504.65,505.5,-0.8500000000000227,-0.001684335678192852,soft_failure_loss,False,False,1,1,e09ae2026370
2026-06-04,US.IWM,LONG,True,35,375,605,605,-1,945,True,288.024930723,291.736103672,3.7111729490000016,0.012884901802369043,scheduled_flatten,True,False,1,1,e09ae2026370
2026-06-04,US.IWM,SHORT,False,-1,-1,-1,-1,-1,-1,True,,,0.0,0.0,no_entry,False,False,1,1,e09ae2026370
2026-06-04,US.META,LONG,True,137,138,707,707,708,708,True,637.384261306,637.024594652,-0.359666653999966,-0.0005642854331906615,soft_failure_loss,False,False,1,1,e09ae2026370
2026-06-04,US.META,SHORT,False,-1,-1,-1,-1,-1,-1,True,,,0.0,0.0,no_entry,False,False,1,1,e09ae2026370
2026-06-04,US.MSFT,LONG,False,-1,-1,-1,-1,-1,-1,True,,,0.0,0.0,no_entry,False,False,1,1,e09ae2026370
2026-06-04,US.MSFT,SHORT,False,-1,-1,-1,-1,-1,-1,True,,,0.0,0.0,no_entry,False,False,1,1,e09ae2026370
2026-06-04,US.MU,LONG,False,-1,-1,-1,-1,-1,-1,True,,,0.0,0.0,no_entry,False,False,1,1,e09ae2026370
2026-06-04,US.MU,SHORT,False,-1,-1,-1,-1,-1,-1,True,,,0.0,0.0,no_entry,False,False,1,1,e09ae2026370
2026-06-04,US.NVDA,LONG,False,-1,-1,-1,-1,-1,-1,True,,,0.0,0.0,no_entry,False,False,1,1,e09ae2026370
2026-06-04,US.NVDA,SHORT,False,-1,-1,-1,-1,-1,-1,True,,,0.0,0.0,no_entry,False,False,1,1,e09ae2026370
2026-06-04,US.QQQ,LONG,False,-1,-1,-1,-1,-1,-1,True,,,0.0,0.0,no_entry,False,False,1,1,e09ae2026370
2026-06-04,US.QQQ,SHORT,False,-1,-1,-1,-1,-1,-1,True,,,0.0,0.0,no_entry,False,False,1,1,e09ae2026370
2026-06-04,US.SPY,LONG,True,70,79,640,640,649,649,True,751.743802109,751.564264528,-0.17953758099997685,-0.0002388281492927355,soft_failure_loss,False,False,1,1,e09ae2026370
2026-06-04,US.SPY,SHORT,False,-1,-1,-1,-1,-1,-1,True,,,0.0,0.0,no_entry,False,False,1,1,e09ae2026370
2026-06-04,US.TSLA,LONG,False,-1,-1,-1,-1,-1,-1,True,,,0.0,0.0,no_entry,False,False,1,1,e09ae2026370
2026-06-04,US.TSLA,SHORT,False,-1,-1,-1,-1,-1,-1,True,,,0.0,0.0,no_entry,False,False,1,1,e09ae2026370
2026-06-05,US.AAPL,LONG,True,19,22,589,589,592,592,True,314.029163918,313.849319026,-0.17984489200000553,-0.0005727012413629424,soft_failure_loss,False,False,1,1,e09ae2026370
2026-06-05,US.AAPL,SHORT,False,-1,-1,-1,-1,-1,-1,True,,,0.0,0.0,no_entry,False,False,1,1,e09ae2026370
2026-06-05,US.AMD,LONG,False,-1,-1,-1,-1,-1,-1,True,,,0.0,0.0,no_entry,False,False,1,1,e09ae2026370
2026-06-05,US.AMD,SHORT,True,24,25,594,594,595,595,True,492.7401,493.73,-0.9899000000000342,-0.0020089698402870684,soft_failure_loss,False,False,1,1,e09ae2026370
2026-06-05,US.IWM,LONG,False,-1,-1,-1,-1,-1,-1,True,,,0.0,0.0,no_entry,False,False,1,1,e09ae2026370
2026-06-05,US.IWM,SHORT,True,39,40,609,609,610,610,True,285.959842549,286.079557806,-0.11971525700005259,-0.00041864359671249664,soft_failure_loss,False,False,1,1,e09ae2026370
2026-06-05,US.META,LONG,False,-1,-1,-1,-1,-1,-1,True,,,0.0,0.0,no_entry,False,False,1,1,e09ae2026370
2026-06-05,US.META,SHORT,False,-1,-1,-1,-1,-1,-1,True,,,0.0,0.0,no_entry,False,False,1,1,e09ae2026370
2026-06-05,US.MSFT,LONG,False,-1,-1,-1,-1,-1,-1,True,,,0.0,0.0,no_entry,False,False,1,1,e09ae2026370
2026-06-05,US.MSFT,SHORT,False,-1,-1,-1,-1,-1,-1,True,,,0.0,0.0,no_entry,False,False,1,1,e09ae2026370
2026-06-05,US.MU,LONG,False,-1,-1,-1,-1,-1,-1,True,,,0.0,0.0,no_entry,False,False,1,1,e09ae2026370
2026-06-05,US.MU,SHORT,True,39,40,609,609,610,610,True,930.641884359,932.631578381,-1.9896940220000943,-0.002137980307398844,soft_failure_loss,False,False,1,1,e09ae2026370
2026-06-05,US.NVDA,LONG,False,-1,-1,-1,-1,-1,-1,True,,,0.0,0.0,no_entry,False,False,1,1,e09ae2026370
2026-06-05,US.NVDA,SHORT,False,-1,-1,-1,-1,-1,-1,True,,,0.0,0.0,no_entry,False,False,1,1,e09ae2026370
2026-06-05,US.QQQ,LONG,False,-1,-1,-1,-1,-1,-1,True,,,0.0,0.0,no_entry,False,False,1,1,e09ae2026370
2026-06-05,US.QQQ,SHORT,True,40,45,610,610,615,615,True,724.902897651,725.342414359,-0.43951670800004194,-0.0006063111479127299,soft_failure_loss,False,False,1,1,e09ae2026370
2026-06-05,US.SPY,LONG,False,-1,-1,-1,-1,-1,-1,True,,,0.0,0.0,no_entry,False,False,1,1,e09ae2026370
2026-06-05,US.SPY,SHORT,True,25,375,595,595,-1,945,True,748.10317893,735.884649082,12.218529848000003,0.016332680026137532,scheduled_flatten,True,False,1,1,e09ae2026370
2026-06-05,US.TSLA,LONG,False,-1,-1,-1,-1,-1,-1,True,,,0.0,0.0,no_entry,False,False,1,1,e09ae2026370
2026-06-05,US.TSLA,SHORT,False,-1,-1,-1,-1,-1,-1,True,,,0.0,0.0,no_entry,False,False,1,1,e09ae2026370
2026-06-08,US.AAPL,LONG,False,-1,-1,-1,-1,-1,-1,True,,,0.0,0.0,no_entry,False,False,1,1,e09ae2026370
2026-06-08,US.AAPL,SHORT,False,-1,-1,-1,-1,-1,-1,True,,,0.0,0.0,no_entry,False,False,1,1,e09ae2026370
2026-06-08,US.AMD,LONG,True,128,139,698,698,709,709,True,489.86,490.1199,0.25989999999995916,0.0005305597517657273,failed_followthrough,False,False,1,1,e09ae2026370
2026-06-08,US.AMD,SHORT,False,-1,-1,-1,-1,-1,-1,True,,,0.0,0.0,no_entry,False,False,1,1,e09ae2026370
2026-06-08,US.IWM,LONG,True,122,123,692,692,693,693,True,285.101883211,284.942262869,-0.15962034199998243,-0.0005598712298994168,soft_failure_loss,False,False,1,1,e09ae2026370
2026-06-08,US.IWM,SHORT,False,-1,-1,-1,-1,-1,-1,True,,,0.0,0.0,no_entry,False,False,1,1,e09ae2026370
2026-06-08,US.META,LONG,False,-1,-1,-1,-1,-1,-1,True,,,0.0,0.0,no_entry,False,False,1,1,e09ae2026370
2026-06-08,US.META,SHORT,False,-1,-1,-1,-1,-1,-1,True,,,0.0,0.0,no_entry,False,False,1,1,e09ae2026370
2026-06-08,US.MSFT,LONG,False,-1,-1,-1,-1,-1,-1,True,,,0.0,0.0,no_entry,False,False,1,1,e09ae2026370
2026-06-08,US.MSFT,SHORT,True,129,130,699,699,700,700,True,410.411500701,410.631985638,-0.22048493699998062,-0.0005372289436903769,soft_failure_loss,False,False,1,1,e09ae2026370
2026-06-08,US.MU,LONG,False,-1,-1,-1,-1,-1,-1,True,,,0.0,0.0,no_entry,False,False,1,1,e09ae2026370
2026-06-08,US.MU,SHORT,True,38,40,608,608,610,610,True,928.687184956,930.936839001,-2.249654044999943,-0.0024224023777247757,soft_failure_loss,False,False,1,1,e09ae2026370
2026-06-08,US.NVDA,LONG,False,-1,-1,-1,-1,-1,-1,True,,,0.0,0.0,no_entry,False,False,1,1,e09ae2026370
2026-06-08,US.NVDA,SHORT,True,117,128,687,687,698,698,True,207.657637397,207.687603865,-0.029966467999997803,-0.0001443070834072329,failed_followthrough,False,False,1,1,e09ae2026370
2026-06-08,US.QQQ,LONG,True,121,123,691,691,693,693,True,718.449993257,718.260201951,-0.18979130599996097,-0.0002641677330102916,soft_failure_loss,False,False,1,1,e09ae2026370
2026-06-08,US.QQQ,SHORT,False,-1,-1,-1,-1,-1,-1,True,,,0.0,0.0,no_entry,False,False,1,1,e09ae2026370
2026-06-08,US.SPY,LONG,False,-1,-1,-1,-1,-1,-1,True,,,0.0,0.0,no_entry,False,False,1,1,e09ae2026370
2026-06-08,US.SPY,SHORT,False,-1,-1,-1,-1,-1,-1,True,,,0.0,0.0,no_entry,False,False,1,1,e09ae2026370
2026-06-08,US.TSLA,LONG,True,26,36,596,596,606,606,True,400.45,400.45,0.0,0.0,failed_followthrough,False,False,1,1,e09ae2026370
2026-06-08,US.TSLA,SHORT,False,-1,-1,-1,-1,-1,-1,True,,,0.0,0.0,no_entry,False,False,1,1,e09ae2026370
2026-06-09,US.AAPL,LONG,False,-1,-1,-1,-1,-1,-1,True,,,0.0,0.0,no_entry,False,False,1,1,e09ae2026370
2026-06-09,US.AAPL,SHORT,False,-1,-1,-1,-1,-1,-1,True,,,0.0,0.0,no_entry,False,False,1,1,e09ae2026370
2026-06-09,US.AMD,LONG,False,-1,-1,-1,-1,-1,-1,True,,,0.0,0.0,no_entry,False,False,1,1,e09ae2026370
2026-06-09,US.AMD,SHORT,False,-1,-1,-1,-1,-1,-1,True,,,0.0,0.0,no_entry,False,False,1,1,e09ae2026370
2026-06-09,US.IWM,LONG,True,37,40,607,607,610,610,True,289.192154473,288.992629046,-0.19952542700002596,-0.0006899406637210635,soft_failure_loss,False,False,1,1,e09ae2026370
2026-06-09,US.IWM,SHORT,False,-1,-1,-1,-1,-1,-1,True,,,0.0,0.0,no_entry,False,False,1,1,e09ae2026370
2026-06-09,US.META,LONG,False,-1,-1,-1,-1,-1,-1,True,,,0.0,0.0,no_entry,False,False,1,1,e09ae2026370
2026-06-09,US.META,SHORT,False,-1,-1,-1,-1,-1,-1,True,,,0.0,0.0,no_entry,False,False,1,1,e09ae2026370
2026-06-09,US.MSFT,LONG,False,-1,-1,-1,-1,-1,-1,True,,,0.0,0.0,no_entry,False,False,1,1,e09ae2026370
2026-06-09,US.MSFT,SHORT,False,-1,-1,-1,-1,-1,-1,True,,,0.0,0.0,no_entry,False,False,1,1,e09ae2026370
2026-06-09,US.MU,LONG,False,-1,-1,-1,-1,-1,-1,True,,,0.0,0.0,no_entry,False,False,1,1,e09ae2026370
2026-06-09,US.MU,SHORT,False,-1,-1,-1,-1,-1,-1,True,,,0.0,0.0,no_entry,False,False,1,1,e09ae2026370
2026-06-09,US.NVDA,LONG,False,-1,-1,-1,-1,-1,-1,True,,,0.0,0.0,no_entry,False,False,1,1,e09ae2026370
2026-06-09,US.NVDA,SHORT,False,-1,-1,-1,-1,-1,-1,True,,,0.0,0.0,no_entry,False,False,1,1,e09ae2026370
2026-06-09,US.QQQ,LONG,False,-1,-1,-1,-1,-1,-1,True,,,0.0,0.0,no_entry,False,False,1,1,e09ae2026370
2026-06-09,US.QQQ,SHORT,False,-1,-1,-1,-1,-1,-1,True,,,0.0,0.0,no_entry,False,False,1,1,e09ae2026370
2026-06-09,US.SPY,LONG,False,-1,-1,-1,-1,-1,-1,True,,,0.0,0.0,no_entry,False,False,1,1,e09ae2026370
2026-06-09,US.SPY,SHORT,False,-1,-1,-1,-1,-1,-1,True,,,0.0,0.0,no_entry,False,False,1,1,e09ae2026370
2026-06-09,US.TSLA,LONG,False,-1,-1,-1,-1,-1,-1,True,,,0.0,0.0,no_entry,False,False,1,1,e09ae2026370
2026-06-09,US.TSLA,SHORT,False,-1,-1,-1,-1,-1,-1,True,,,0.0,0.0,no_entry,False,False,1,1,e09ae2026370
2026-06-10,US.AAPL,LONG,False,-1,-1,-1,-1,-1,-1,True,,,0.0,0.0,no_entry,False,False,1,1,e09ae2026370
2026-06-10,US.AAPL,SHORT,False,-1,-1,-1,-1,-1,-1,True,,,0.0,0.0,no_entry,False,False,1,1,e09ae2026370
2026-06-10,US.AMD,LONG,False,-1,-1,-1,-1,-1,-1,True,,,0.0,0.0,no_entry,False,False,1,1,e09ae2026370
2026-06-10,US.AMD,SHORT,False,-1,-1,-1,-1,-1,-1,True,,,0.0,0.0,no_entry,False,False,1,1,e09ae2026370
2026-06-10,US.IWM,LONG,False,-1,-1,-1,-1,-1,-1,True,,,0.0,0.0,no_entry,False,False,1,1,e09ae2026370
2026-06-10,US.IWM,SHORT,False,-1,-1,-1,-1,-1,-1,True,,,0.0,0.0,no_entry,False,False,1,1,e09ae2026370
2026-06-10,US.META,LONG,False,-1,-1,-1,-1,-1,-1,True,,,0.0,0.0,no_entry,False,False,1,1,e09ae2026370
2026-06-10,US.META,SHORT,False,-1,-1,-1,-1,-1,-1,True,,,0.0,0.0,no_entry,False,False,1,1,e09ae2026370
2026-06-10,US.MSFT,LONG,False,-1,-1,-1,-1,-1,-1,True,,,0.0,0.0,no_entry,False,False,1,1,e09ae2026370
2026-06-10,US.MSFT,SHORT,False,-1,-1,-1,-1,-1,-1,True,,,0.0,0.0,no_entry,False,False,1,1,e09ae2026370
2026-06-10,US.MU,LONG,True,76,78,646,646,648,648,True,933.136500733,930.586892816,-2.549607917000003,-0.0027322989884086923,soft_failure_loss,False,False,1,1,e09ae2026370
2026-06-10,US.MU,SHORT,False,-1,-1,-1,-1,-1,-1,True,,,0.0,0.0,no_entry,False,False,1,1,e09ae2026370
2026-06-10,US.NVDA,LONG,False,-1,-1,-1,-1,-1,-1,True,,,0.0,0.0,no_entry,False,False,1,1,e09ae2026370
2026-06-10,US.NVDA,SHORT,False,-1,-1,-1,-1,-1,-1,True,,,0.0,0.0,no_entry,False,False,1,1,e09ae2026370
2026-06-10,US.QQQ,LONG,True,77,78,647,647,648,648,True,707.007575326,706.253404611,-0.7541707150001002,-0.0010667081108039801,soft_failure_loss,False,False,1,1,e09ae2026370
2026-06-10,US.QQQ,SHORT,False,-1,-1,-1,-1,-1,-1,True,,,0.0,0.0,no_entry,False,False,1,1,e09ae2026370
2026-06-10,US.SPY,LONG,True,74,75,644,644,645,645,True,734.488245671,733.660377934,-0.8278677369999059,-0.0011271354468628673,soft_failure_loss,False,False,1,1,e09ae2026370
2026-06-10,US.SPY,SHORT,False,-1,-1,-1,-1,-1,-1,True,,,0.0,0.0,no_entry,False,False,1,1,e09ae2026370
2026-06-10,US.TSLA,LONG,False,-1,-1,-1,-1,-1,-1,True,,,0.0,0.0,no_entry,False,False,1,1,e09ae2026370
2026-06-10,US.TSLA,SHORT,True,59,60,629,629,630,630,True,390.54,390.93,-0.38999999999998636,-0.0009986172991242545,soft_failure_loss,False,False,1,1,e09ae2026370
2026-06-11,US.AAPL,LONG,False,-1,-1,-1,-1,-1,-1,True,,,0.0,0.0,no_entry,False,False,1,1,e09ae2026370
2026-06-11,US.AAPL,SHORT,False,-1,-1,-1,-1,-1,-1,True,,,0.0,0.0,no_entry,False,False,1,1,e09ae2026370
2026-06-11,US.AMD,LONG,True,41,43,611,611,613,613,True,474.025,472.36,-1.6649999999999636,-0.003512472970834795,soft_failure_loss,False,False,1,1,e09ae2026370
2026-06-11,US.AMD,SHORT,False,-1,-1,-1,-1,-1,-1,True,,,0.0,0.0,no_entry,False,False,1,1,e09ae2026370
2026-06-11,US.IWM,LONG,True,41,43,611,611,613,613,True,285.002120498,284.842500156,-0.15962034199998243,-0.0005600672083459202,soft_failure_loss,False,False,1,1,e09ae2026370
2026-06-11,US.IWM,SHORT,False,-1,-1,-1,-1,-1,-1,True,,,0.0,0.0,no_entry,False,False,1,1,e09ae2026370
2026-06-11,US.META,LONG,False,-1,-1,-1,-1,-1,-1,True,,,0.0,0.0,no_entry,False,False,1,1,e09ae2026370
2026-06-11,US.META,SHORT,True,138,148,708,708,718,718,True,560.46055552,560.47054626,-0.009990740000034748,-1.7825946717633422e-05,failed_followthrough,False,False,1,1,e09ae2026370
2026-06-11,US.MSFT,LONG,False,-1,-1,-1,-1,-1,-1,True,,,0.0,0.0,no_entry,False,False,1,1,e09ae2026370
2026-06-11,US.MSFT,SHORT,False,-1,-1,-1,-1,-1,-1,True,,,0.0,0.0,no_entry,False,False,1,1,e09ae2026370
2026-06-11,US.MU,LONG,True,53,55,623,623,625,625,True,918.238791727,915.809165359,-2.429626368000072,-0.002645963544439778,soft_failure_loss,False,False,1,1,e09ae2026370
2026-06-11,US.MU,SHORT,False,-1,-1,-1,-1,-1,-1,True,,,0.0,0.0,no_entry,False,False,1,1,e09ae2026370
2026-06-11,US.NVDA,LONG,False,-1,-1,-1,-1,-1,-1,True,,,0.0,0.0,no_entry,False,False,1,1,e09ae2026370
2026-06-11,US.NVDA,SHORT,False,-1,-1,-1,-1,-1,-1,True,,,0.0,0.0,no_entry,False,False,1,1,e09ae2026370
2026-06-11,US.QQQ,LONG,True,42,43,612,612,613,613,True,702.107962933,701.278874598,-0.8290883349999376,-0.0011808559064570173,soft_failure_loss,False,False,1,1,e09ae2026370
2026-06-11,US.QQQ,SHORT,False,-1,-1,-1,-1,-1,-1,True,,,0.0,0.0,no_entry,False,False,1,1,e09ae2026370
2026-06-11,US.SPY,LONG,True,30,47,600,600,617,617,True,727.875278088,725.222111606,-2.6531664819999605,-0.0036450839338428432,trailing,False,False,1,1,e09ae2026370
2026-06-11,US.SPY,SHORT,False,-1,-1,-1,-1,-1,-1,True,,,0.0,0.0,no_entry,False,False,1,1,e09ae2026370
2026-06-11,US.TSLA,LONG,False,-1,-1,-1,-1,-1,-1,True,,,0.0,0.0,no_entry,False,False,1,1,e09ae2026370
2026-06-11,US.TSLA,SHORT,False,-1,-1,-1,-1,-1,-1,True,,,0.0,0.0,no_entry,False,False,1,1,e09ae2026370
2026-06-12,US.AAPL,LONG,False,-1,-1,-1,-1,-1,-1,True,,,0.0,0.0,no_entry,False,False,1,1,e09ae2026370
2026-06-12,US.AAPL,SHORT,True,92,93,662,662,663,663,True,291.588517969,291.698423181,-0.10990521200000103,-0.00037691886074775244,soft_failure_loss,False,False,1,1,e09ae2026370
2026-06-12,US.AMD,LONG,True,72,73,642,642,643,643,True,512.5962,511.805,-0.7911999999999466,-0.0015435151489612033,soft_failure_loss,False,False,1,1,e09ae2026370
2026-06-12,US.AMD,SHORT,False,-1,-1,-1,-1,-1,-1,True,,,0.0,0.0,no_entry,False,False,1,1,e09ae2026370
2026-06-12,US.IWM,LONG,True,75,77,645,645,647,647,True,292.554157925,292.404513854,-0.14964407100001154,-0.0005115089529453029,soft_failure_loss,False,False,1,1,e09ae2026370
2026-06-12,US.IWM,SHORT,False,-1,-1,-1,-1,-1,-1,True,,,0.0,0.0,no_entry,False,False,1,1,e09ae2026370
2026-06-12,US.META,LONG,False,-1,-1,-1,-1,-1,-1,True,,,0.0,0.0,no_entry,False,False,1,1,e09ae2026370
2026-06-12,US.META,SHORT,False,-1,-1,-1,-1,-1,-1,True,,,0.0,0.0,no_entry,False,False,1,1,e09ae2026370
2026-06-12,US.MSFT,LONG,False,-1,-1,-1,-1,-1,-1,True,,,0.0,0.0,no_entry,False,False,1,1,e09ae2026370
2026-06-12,US.MSFT,SHORT,False,-1,-1,-1,-1,-1,-1,True,,,0.0,0.0,no_entry,False,False,1,1,e09ae2026370
2026-06-12,US.MU,LONG,True,56,57,626,626,627,627,True,995.846957016,993.167269103,-2.679687913000066,-0.0026908631834650595,soft_failure_loss,False,False,1,1,e09ae2026370
2026-06-12,US.MU,SHORT,False,-1,-1,-1,-1,-1,-1,True,,,0.0,0.0,no_entry,False,False,1,1,e09ae2026370
2026-06-12,US.NVDA,LONG,False,-1,-1,-1,-1,-1,-1,True,,,0.0,0.0,no_entry,False,False,1,1,e09ae2026370
2026-06-12,US.NVDA,SHORT,False,-1,-1,-1,-1,-1,-1,True,,,0.0,0.0,no_entry,False,False,1,1,e09ae2026370
2026-06-12,US.QQQ,LONG,True,135,139,705,705,709,709,True,718.649773578,717.580948857,-1.0688247210000554,-0.0014872678741393195,soft_failure_loss,False,False,1,1,e09ae2026370
2026-06-12,US.QQQ,SHORT,False,-1,-1,-1,-1,-1,-1,True,,,0.0,0.0,no_entry,False,False,1,1,e09ae2026370
2026-06-12,US.SPY,LONG,False,-1,-1,-1,-1,-1,-1,True,,,0.0,0.0,no_entry,False,False,1,1,e09ae2026370
2026-06-12,US.SPY,SHORT,False,-1,-1,-1,-1,-1,-1,True,,,0.0,0.0,no_entry,False,False,1,1,e09ae2026370
2026-06-12,US.TSLA,LONG,False,-1,-1,-1,-1,-1,-1,True,,,0.0,0.0,no_entry,False,False,1,1,e09ae2026370
2026-06-12,US.TSLA,SHORT,True,83,84,653,653,654,654,True,395.76,396.6039,-0.8439000000000192,-0.0021323529411765192,soft_failure_loss,False,False,1,1,e09ae2026370
2026-06-15,US.AAPL,LONG,False,-1,-1,-1,-1,-1,-1,True,,,0.0,0.0,no_entry,False,False,1,1,e09ae2026370
2026-06-15,US.AAPL,SHORT,False,-1,-1,-1,-1,-1,-1,True,,,0.0,0.0,no_entry,False,False,1,1,e09ae2026370
2026-06-15,US.AMD,LONG,False,-1,-1,-1,-1,-1,-1,True,,,0.0,0.0,no_entry,False,False,1,1,e09ae2026370
2026-06-15,US.AMD,SHORT,False,-1,-1,-1,-1,-1,-1,True,,,0.0,0.0,no_entry,False,False,1,1,e09ae2026370
2026-06-15,US.IWM,LONG,False,-1,-1,-1,-1,-1,-1,True,,,0.0,0.0,no_entry,False,False,1,1,e09ae2026370
2026-06-15,US.IWM,SHORT,True,118,121,688,688,691,691,True,295.43,295.62,-0.18999999999999773,-0.0006431303523677274,soft_failure_loss,False,False,1,1,e09ae2026370
2026-06-15,US.META,LONG,False,-1,-1,-1,-1,-1,-1,True,,,0.0,0.0,no_entry,False,False,1,1,e09ae2026370
2026-06-15,US.META,SHORT,False,-1,-1,-1,-1,-1,-1,True,,,0.0,0.0,no_entry,False,False,1,1,e09ae2026370
2026-06-15,US.MSFT,LONG,True,53,55,623,623,625,625,True,397.351985227,397.102454968,-0.24953025899998238,-0.0006279829176074967,soft_failure_loss,False,False,1,1,e09ae2026370
2026-06-15,US.MSFT,SHORT,False,-1,-1,-1,-1,-1,-1,True,,,0.0,0.0,no_entry,False,False,1,1,e09ae2026370
2026-06-15,US.MU,LONG,False,-1,-1,-1,-1,-1,-1,True,,,0.0,0.0,no_entry,False,False,1,1,e09ae2026370
2026-06-15,US.MU,SHORT,False,-1,-1,-1,-1,-1,-1,True,,,0.0,0.0,no_entry,False,False,1,1,e09ae2026370
2026-06-15,US.NVDA,LONG,False,-1,-1,-1,-1,-1,-1,True,,,0.0,0.0,no_entry,False,False,1,1,e09ae2026370
2026-06-15,US.NVDA,SHORT,False,-1,-1,-1,-1,-1,-1,True,,,0.0,0.0,no_entry,False,False,1,1,e09ae2026370
2026-06-15,US.QQQ,LONG,True,25,27,595,595,597,597,True,740.295971445,739.786531625,-0.5094398200000114,-0.0006881569529625086,soft_failure_loss,False,False,1,1,e09ae2026370
2026-06-15,US.QQQ,SHORT,False,-1,-1,-1,-1,-1,-1,True,,,0.0,0.0,no_entry,False,False,1,1,e09ae2026370
2026-06-15,US.SPY,LONG,True,19,25,589,589,595,595,True,751.803647969,751.773725039,-0.029922929999997905,-3.980152275242983e-05,failed_followthrough,False,False,1,1,e09ae2026370
2026-06-15,US.SPY,SHORT,False,-1,-1,-1,-1,-1,-1,True,,,0.0,0.0,no_entry,False,False,1,1,e09ae2026370
2026-06-15,US.TSLA,LONG,False,-1,-1,-1,-1,-1,-1,True,,,0.0,0.0,no_entry,False,False,1,1,e09ae2026370
2026-06-15,US.TSLA,SHORT,False,-1,-1,-1,-1,-1,-1,True,,,0.0,0.0,no_entry,False,False,1,1,e09ae2026370
2026-06-16,US.AAPL,LONG,True,59,65,629,629,635,635,True,297.03881733,296.913925044,-0.1248922859999766,-0.0004204577944478736,soft_failure_loss,False,False,1,1,e09ae2026370
2026-06-16,US.AAPL,SHORT,False,-1,-1,-1,-1,-1,-1,True,,,0.0,0.0,no_entry,False,False,1,1,e09ae2026370
2026-06-16,US.AMD,LONG,False,-1,-1,-1,-1,-1,-1,True,,,0.0,0.0,no_entry,False,False,1,1,e09ae2026370
2026-06-16,US.AMD,SHORT,False,-1,-1,-1,-1,-1,-1,True,,,0.0,0.0,no_entry,False,False,1,1,e09ae2026370
2026-06-16,US.IWM,LONG,False,-1,-1,-1,-1,-1,-1,True,,,0.0,0.0,no_entry,False,False,1,1,e09ae2026370
2026-06-16,US.IWM,SHORT,False,-1,-1,-1,-1,-1,-1,True,,,0.0,0.0,no_entry,False,False,1,1,e09ae2026370
2026-06-16,US.META,LONG,False,-1,-1,-1,-1,-1,-1,True,,,0.0,0.0,no_entry,False,False,1,1,e09ae2026370
2026-06-16,US.META,SHORT,False,-1,-1,-1,-1,-1,-1,True,,,0.0,0.0,no_entry,False,False,1,1,e09ae2026370
2026-06-16,US.MSFT,LONG,False,-1,-1,-1,-1,-1,-1,True,,,0.0,0.0,no_entry,False,False,1,1,e09ae2026370
2026-06-16,US.MSFT,SHORT,False,-1,-1,-1,-1,-1,-1,True,,,0.0,0.0,no_entry,False,False,1,1,e09ae2026370
2026-06-16,US.MU,LONG,False,-1,-1,-1,-1,-1,-1,True,,,0.0,0.0,no_entry,False,False,1,1,e09ae2026370
2026-06-16,US.MU,SHORT,False,-1,-1,-1,-1,-1,-1,True,,,0.0,0.0,no_entry,False,False,1,1,e09ae2026370
2026-06-16,US.NVDA,LONG,False,-1,-1,-1,-1,-1,-1,True,,,0.0,0.0,no_entry,False,False,1,1,e09ae2026370
2026-06-16,US.NVDA,SHORT,True,30,31,600,600,601,601,True,208.481715278,208.696474969,-0.2147596910000118,-0.001030112836099993,soft_failure_loss,False,False,1,1,e09ae2026370
2026-06-16,US.QQQ,LONG,False,-1,-1,-1,-1,-1,-1,True,,,0.0,0.0,no_entry,False,False,1,1,e09ae2026370
2026-06-16,US.QQQ,SHORT,True,51,375,621,621,-1,945,True,739.826487689,731.575560399,8.25092729000005,0.011152516741828905,scheduled_flatten,True,False,1,1,e09ae2026370
2026-06-16,US.SPY,LONG,False,-1,-1,-1,-1,-1,-1,True,,,0.0,0.0,no_entry,False,False,1,1,e09ae2026370
2026-06-16,US.SPY,SHORT,True,36,37,606,606,607,607,True,752.282414853,752.422055194,-0.13964034100001754,-0.0001856222320806263,soft_failure_loss,False,False,1,1,e09ae2026370
2026-06-16,US.TSLA,LONG,False,-1,-1,-1,-1,-1,-1,True,,,0.0,0.0,no_entry,False,False,1,1,e09ae2026370
2026-06-16,US.TSLA,SHORT,False,-1,-1,-1,-1,-1,-1,True,,,0.0,0.0,no_entry,False,False,1,1,e09ae2026370
2026-06-17,US.AAPL,LONG,False,-1,-1,-1,-1,-1,-1,True,,,0.0,0.0,no_entry,False,False,1,1,e09ae2026370
2026-06-17,US.AAPL,SHORT,True,150,152,720,720,722,722,True,298.302727265,298.482572157,-0.17984489200000553,-0.0006028938912121935,soft_failure_loss,False,False,1,1,e09ae2026370
2026-06-17,US.AMD,LONG,False,-1,-1,-1,-1,-1,-1,True,,,0.0,0.0,no_entry,False,False,1,1,e09ae2026370
2026-06-17,US.AMD,SHORT,False,-1,-1,-1,-1,-1,-1,True,,,0.0,0.0,no_entry,False,False,1,1,e09ae2026370
2026-06-17,US.IWM,LONG,False,-1,-1,-1,-1,-1,-1,True,,,0.0,0.0,no_entry,False,False,1,1,e09ae2026370
2026-06-17,US.IWM,SHORT,False,-1,-1,-1,-1,-1,-1,True,,,0.0,0.0,no_entry,False,False,1,1,e09ae2026370
2026-06-17,US.META,LONG,False,-1,-1,-1,-1,-1,-1,True,,,0.0,0.0,no_entry,False,False,1,1,e09ae2026370
2026-06-17,US.META,SHORT,False,-1,-1,-1,-1,-1,-1,True,,,0.0,0.0,no_entry,False,False,1,1,e09ae2026370
2026-06-17,US.MSFT,LONG,False,-1,-1,-1,-1,-1,-1,True,,,0.0,0.0,no_entry,False,False,1,1,e09ae2026370
2026-06-17,US.MSFT,SHORT,True,98,133,668,668,703,703,True,385.534232137,385.649016057,-0.11478391999997939,-0.00029772692132612184,failed_followthrough,False,False,1,1,e09ae2026370
2026-06-17,US.MU,LONG,False,-1,-1,-1,-1,-1,-1,True,,,0.0,0.0,no_entry,False,False,1,1,e09ae2026370
2026-06-17,US.MU,SHORT,False,-1,-1,-1,-1,-1,-1,True,,,0.0,0.0,no_entry,False,False,1,1,e09ae2026370
2026-06-17,US.NVDA,LONG,True,22,24,592,592,594,594,True,208.786374374,208.581603507,-0.20477086699997926,-0.0009807673877854322,soft_failure_loss,False,False,1,1,e09ae2026370
2026-06-17,US.NVDA,SHORT,True,71,73,641,641,643,643,True,206.63877747,206.948430977,-0.30965350699997884,-0.0014985256435953054,soft_failure_loss,False,False,1,1,e09ae2026370
2026-06-17,US.QQQ,LONG,False,-1,-1,-1,-1,-1,-1,True,,,0.0,0.0,no_entry,False,False,1,1,e09ae2026370
2026-06-17,US.QQQ,SHORT,False,-1,-1,-1,-1,-1,-1,True,,,0.0,0.0,no_entry,False,False,1,1,e09ae2026370
2026-06-17,US.SPY,LONG,False,-1,-1,-1,-1,-1,-1,True,,,0.0,0.0,no_entry,False,False,1,1,e09ae2026370
2026-06-17,US.SPY,SHORT,True,69,74,639,639,644,644,True,748.152950737,748.402408232,-0.24945749500000147,-0.0003334311450008487,soft_failure_loss,False,False,1,1,e09ae2026370
2026-06-17,US.TSLA,LONG,False,-1,-1,-1,-1,-1,-1,True,,,0.0,0.0,no_entry,False,False,1,1,e09ae2026370
2026-06-17,US.TSLA,SHORT,True,79,85,649,649,655,655,True,398.7,399.3782,-0.6782000000000039,-0.0017010283421118734,soft_failure_loss,False,False,1,1,e09ae2026370
2026-06-18,US.AAPL,LONG,False,-1,-1,-1,-1,-1,-1,True,,,0.0,0.0,no_entry,False,False,1,1,e09ae2026370
2026-06-18,US.AAPL,SHORT,False,-1,-1,-1,-1,-1,-1,True,,,0.0,0.0,no_entry,False,False,1,1,e09ae2026370
2026-06-18,US.AMD,LONG,False,-1,-1,-1,-1,-1,-1,True,,,0.0,0.0,no_entry,False,False,1,1,e09ae2026370
2026-06-18,US.AMD,SHORT,False,-1,-1,-1,-1,-1,-1,True,,,0.0,0.0,no_entry,False,False,1,1,e09ae2026370
2026-06-18,US.IWM,LONG,False,-1,-1,-1,-1,-1,-1,True,,,0.0,0.0,no_entry,False,False,1,1,e09ae2026370
2026-06-18,US.IWM,SHORT,True,59,65,629,629,635,635,True,292.98,293.35,-0.37000000000000455,-0.0012628848385555483,soft_failure_loss,False,False,1,1,e09ae2026370
2026-06-18,US.META,LONG,False,-1,-1,-1,-1,-1,-1,True,,,0.0,0.0,no_entry,False,False,1,1,e09ae2026370
2026-06-18,US.META,SHORT,False,-1,-1,-1,-1,-1,-1,True,,,0.0,0.0,no_entry,False,False,1,1,e09ae2026370
2026-06-18,US.MSFT,LONG,False,-1,-1,-1,-1,-1,-1,True,,,0.0,0.0,no_entry,False,False,1,1,e09ae2026370
2026-06-18,US.MSFT,SHORT,False,-1,-1,-1,-1,-1,-1,True,,,0.0,0.0,no_entry,False,False,1,1,e09ae2026370
2026-06-18,US.MU,LONG,True,72,73,642,642,643,643,True,1119.005717459,1117.870092098,-1.1356253609999385,-0.001014852152479326,soft_failure_loss,False,False,1,1,e09ae2026370
2026-06-18,US.MU,SHORT,False,-1,-1,-1,-1,-1,-1,True,,,0.0,0.0,no_entry,False,False,1,1,e09ae2026370
2026-06-18,US.NVDA,LONG,False,-1,-1,-1,-1,-1,-1,True,,,0.0,0.0,no_entry,False,False,1,1,e09ae2026370
2026-06-18,US.NVDA,SHORT,False,-1,-1,-1,-1,-1,-1,True,,,0.0,0.0,no_entry,False,False,1,1,e09ae2026370
2026-06-18,US.QQQ,LONG,False,-1,-1,-1,-1,-1,-1,True,,,0.0,0.0,no_entry,False,False,1,1,e09ae2026370
2026-06-18,US.QQQ,SHORT,False,-1,-1,-1,-1,-1,-1,True,,,0.0,0.0,no_entry,False,False,1,1,e09ae2026370
2026-06-18,US.SPY,LONG,False,-1,-1,-1,-1,-1,-1,True,,,0.0,0.0,no_entry,False,False,1,1,e09ae2026370
2026-06-18,US.SPY,SHORT,False,-1,-1,-1,-1,-1,-1,True,,,0.0,0.0,no_entry,False,False,1,1,e09ae2026370
2026-06-18,US.TSLA,LONG,False,-1,-1,-1,-1,-1,-1,True,,,0.0,0.0,no_entry,False,False,1,1,e09ae2026370
2026-06-18,US.TSLA,SHORT,False,-1,-1,-1,-1,-1,-1,True,,,0.0,0.0,no_entry,False,False,1,1,e09ae2026370
2026-06-22,US.AAPL,LONG,False,-1,-1,-1,-1,-1,-1,True,,,0.0,0.0,no_entry,False,False,1,1,e09ae2026370
2026-06-22,US.AAPL,SHORT,False,-1,-1,-1,-1,-1,-1,True,,,0.0,0.0,no_entry,False,False,1,1,e09ae2026370
2026-06-22,US.AMD,LONG,True,32,37,602,602,607,607,True,554.045,553.8255,-0.21949999999992542,-0.0003961772058224972,failed_followthrough,False,False,1,1,e09ae2026370
2026-06-22,US.AMD,SHORT,False,-1,-1,-1,-1,-1,-1,True,,,0.0,0.0,no_entry,False,False,1,1,e09ae2026370
2026-06-22,US.IWM,LONG,True,19,20,589,589,590,590,True,299.01,298.91,-0.0999999999999659,-0.0003344369753518809,soft_failure_loss,False,False,1,1,e09ae2026370
2026-06-22,US.IWM,SHORT,False,-1,-1,-1,-1,-1,-1,True,,,0.0,0.0,no_entry,False,False,1,1,e09ae2026370
2026-06-22,US.META,LONG,False,-1,-1,-1,-1,-1,-1,True,,,0.0,0.0,no_entry,False,False,1,1,e09ae2026370
2026-06-22,US.META,SHORT,False,-1,-1,-1,-1,-1,-1,True,,,0.0,0.0,no_entry,False,False,1,1,e09ae2026370
2026-06-22,US.MSFT,LONG,False,-1,-1,-1,-1,-1,-1,True,,,0.0,0.0,no_entry,False,False,1,1,e09ae2026370
2026-06-22,US.MSFT,SHORT,False,-1,-1,-1,-1,-1,-1,True,,,0.0,0.0,no_entry,False,False,1,1,e09ae2026370
2026-06-22,US.MU,LONG,False,-1,-1,-1,-1,-1,-1,True,,,0.0,0.0,no_entry,False,False,1,1,e09ae2026370
2026-06-22,US.MU,SHORT,False,-1,-1,-1,-1,-1,-1,True,,,0.0,0.0,no_entry,False,False,1,1,e09ae2026370
2026-06-22,US.NVDA,LONG,False,-1,-1,-1,-1,-1,-1,True,,,0.0,0.0,no_entry,False,False,1,1,e09ae2026370
2026-06-22,US.NVDA,SHORT,True,129,131,699,699,701,701,True,210.377094407,210.5494016,-0.17230719300002306,-0.0008190397033750924,soft_failure_loss,False,False,1,1,e09ae2026370
2026-06-22,US.QQQ,LONG,False,-1,-1,-1,-1,-1,-1,True,,,0.0,0.0,no_entry,False,False,1,1,e09ae2026370
2026-06-22,US.QQQ,SHORT,False,-1,-1,-1,-1,-1,-1,True,,,0.0,0.0,no_entry,False,False,1,1,e09ae2026370
2026-06-22,US.SPY,LONG,False,-1,-1,-1,-1,-1,-1,True,,,0.0,0.0,no_entry,False,False,1,1,e09ae2026370
2026-06-22,US.SPY,SHORT,False,-1,-1,-1,-1,-1,-1,True,,,0.0,0.0,no_entry,False,False,1,1,e09ae2026370
2026-06-22,US.TSLA,LONG,True,75,77,645,645,647,647,True,407.95,407.49,-0.45999999999997954,-0.0011275891653388394,soft_failure_loss,False,False,1,1,e09ae2026370
2026-06-22,US.TSLA,SHORT,False,-1,-1,-1,-1,-1,-1,True,,,0.0,0.0,no_entry,False,False,1,1,e09ae2026370
2026-06-23,US.AAPL,LONG,False,-1,-1,-1,-1,-1,-1,True,,,0.0,0.0,no_entry,False,False,1,1,e09ae2026370
2026-06-23,US.AAPL,SHORT,False,-1,-1,-1,-1,-1,-1,True,,,0.0,0.0,no_entry,False,False,1,1,e09ae2026370
2026-06-23,US.AMD,LONG,True,38,77,608,608,647,647,True,520.4,519.46,-0.9399999999999409,-0.0018063028439660664,failed_followthrough,False,False,1,1,e09ae2026370
2026-06-23,US.AMD,SHORT,False,-1,-1,-1,-1,-1,-1,True,,,0.0,0.0,no_entry,False,False,1,1,e09ae2026370
2026-06-23,US.IWM,LONG,True,79,108,649,649,678,678,True,295.89,295.76,-0.12999999999999545,-0.0004393524620635894,failed_followthrough,False,False,1,1,e09ae2026370
2026-06-23,US.IWM,SHORT,False,-1,-1,-1,-1,-1,-1,True,,,0.0,0.0,no_entry,False,False,1,1,e09ae2026370
2026-06-23,US.META,LONG,False,-1,-1,-1,-1,-1,-1,True,,,0.0,0.0,no_entry,False,False,1,1,e09ae2026370
2026-06-23,US.META,SHORT,False,-1,-1,-1,-1,-1,-1,True,,,0.0,0.0,no_entry,False,False,1,1,e09ae2026370
2026-06-23,US.MSFT,LONG,False,-1,-1,-1,-1,-1,-1,True,,,0.0,0.0,no_entry,False,False,1,1,e09ae2026370
2026-06-23,US.MSFT,SHORT,False,-1,-1,-1,-1,-1,-1,True,,,0.0,0.0,no_entry,False,False,1,1,e09ae2026370
2026-06-23,US.MU,LONG,True,63,70,633,633,640,640,True,1094.851631914,1092.202039373,-2.6495925410001746,-0.002420047122154994,soft_failure_loss,False,False,1,1,e09ae2026370
2026-06-23,US.MU,SHORT,False,-1,-1,-1,-1,-1,-1,True,,,0.0,0.0,no_entry,False,False,1,1,e09ae2026370
2026-06-23,US.NVDA,LONG,True,71,76,641,641,646,646,True,202.513393649,202.463449535,-0.04994411399999876,-0.00024662128810385174,failed_followthrough,False,False,1,1,e09ae2026370
2026-06-23,US.NVDA,SHORT,False,-1,-1,-1,-1,-1,-1,True,,,0.0,0.0,no_entry,False,False,1,1,e09ae2026370
2026-06-23,US.QQQ,LONG,True,20,129,590,590,699,699,True,718.12,715.56,-2.560000000000059,-0.0035648638110623004,trailing,False,False,1,1,e09ae2026370
2026-06-23,US.QQQ,SHORT,False,-1,-1,-1,-1,-1,-1,True,,,0.0,0.0,no_entry,False,False,1,1,e09ae2026370
2026-06-23,US.SPY,LONG,True,85,86,655,655,656,656,True,737.16,736.82,-0.33999999999991815,-0.00046122958380801746,soft_failure_loss,False,False,1,1,e09ae2026370
2026-06-23,US.SPY,SHORT,False,-1,-1,-1,-1,-1,-1,True,,,0.0,0.0,no_entry,False,False,1,1,e09ae2026370
2026-06-23,US.TSLA,LONG,False,-1,-1,-1,-1,-1,-1,True,,,0.0,0.0,no_entry,False,False,1,1,e09ae2026370
2026-06-23,US.TSLA,SHORT,True,27,28,597,597,598,598,True,387.61,389.3,-1.6899999999999977,-0.004360052630221093,soft_failure_loss,False,False,1,1,e09ae2026370
2026-06-24,US.AAPL,LONG,False,-1,-1,-1,-1,-1,-1,True,,,0.0,0.0,no_entry,False,False,1,1,e09ae2026370
2026-06-24,US.AAPL,SHORT,False,-1,-1,-1,-1,-1,-1,True,,,0.0,0.0,no_entry,False,False,1,1,e09ae2026370
2026-06-24,US.AMD,LONG,False,-1,-1,-1,-1,-1,-1,True,,,0.0,0.0,no_entry,False,False,1,1,e09ae2026370
2026-06-24,US.AMD,SHORT,False,-1,-1,-1,-1,-1,-1,True,,,0.0,0.0,no_entry,False,False,1,1,e09ae2026370
2026-06-24,US.IWM,LONG,False,-1,-1,-1,-1,-1,-1,True,,,0.0,0.0,no_entry,False,False,1,1,e09ae2026370
2026-06-24,US.IWM,SHORT,False,-1,-1,-1,-1,-1,-1,True,,,0.0,0.0,no_entry,False,False,1,1,e09ae2026370
2026-06-24,US.META,LONG,False,-1,-1,-1,-1,-1,-1,True,,,0.0,0.0,no_entry,False,False,1,1,e09ae2026370
2026-06-24,US.META,SHORT,False,-1,-1,-1,-1,-1,-1,True,,,0.0,0.0,no_entry,False,False,1,1,e09ae2026370
2026-06-24,US.MSFT,LONG,False,-1,-1,-1,-1,-1,-1,True,,,0.0,0.0,no_entry,False,False,1,1,e09ae2026370
2026-06-24,US.MSFT,SHORT,False,-1,-1,-1,-1,-1,-1,True,,,0.0,0.0,no_entry,False,False,1,1,e09ae2026370
2026-06-24,US.MU,LONG,False,-1,-1,-1,-1,-1,-1,True,,,0.0,0.0,no_entry,False,False,1,1,e09ae2026370
2026-06-24,US.MU,SHORT,False,-1,-1,-1,-1,-1,-1,True,,,0.0,0.0,no_entry,False,False,1,1,e09ae2026370
2026-06-24,US.NVDA,LONG,False,-1,-1,-1,-1,-1,-1,True,,,0.0,0.0,no_entry,False,False,1,1,e09ae2026370
2026-06-24,US.NVDA,SHORT,True,52,55,622,622,625,625,True,199.092221837,199.377003175,-0.2847813379999877,-0.0014303991154066419,soft_failure_loss,False,False,1,1,e09ae2026370
2026-06-24,US.QQQ,LONG,False,-1,-1,-1,-1,-1,-1,True,,,0.0,0.0,no_entry,False,False,1,1,e09ae2026370
2026-06-24,US.QQQ,SHORT,False,-1,-1,-1,-1,-1,-1,True,,,0.0,0.0,no_entry,False,False,1,1,e09ae2026370
2026-06-24,US.SPY,LONG,False,-1,-1,-1,-1,-1,-1,True,,,0.0,0.0,no_entry,False,False,1,1,e09ae2026370
2026-06-24,US.SPY,SHORT,False,-1,-1,-1,-1,-1,-1,True,,,0.0,0.0,no_entry,False,False,1,1,e09ae2026370
2026-06-24,US.TSLA,LONG,False,-1,-1,-1,-1,-1,-1,True,,,0.0,0.0,no_entry,False,False,1,1,e09ae2026370
2026-06-24,US.TSLA,SHORT,False,-1,-1,-1,-1,-1,-1,True,,,0.0,0.0,no_entry,False,False,1,1,e09ae2026370
2026-06-25,US.AAPL,LONG,False,-1,-1,-1,-1,-1,-1,True,,,0.0,0.0,no_entry,False,False,1,1,e09ae2026370
2026-06-25,US.AAPL,SHORT,False,-1,-1,-1,-1,-1,-1,True,,,0.0,0.0,no_entry,False,False,1,1,e09ae2026370
2026-06-25,US.AMD,LONG,False,-1,-1,-1,-1,-1,-1,True,,,0.0,0.0,no_entry,False,False,1,1,e09ae2026370
2026-06-25,US.AMD,SHORT,True,85,86,655,655,656,656,True,522.8,522.83,-0.030000000000086402,-5.738332058164959e-05,soft_failure_loss,False,False,1,1,e09ae2026370
2026-06-25,US.IWM,LONG,False,-1,-1,-1,-1,-1,-1,True,,,0.0,0.0,no_entry,False,False,1,1,e09ae2026370
2026-06-25,US.IWM,SHORT,True,33,34,603,603,604,604,True,298.81,298.97,-0.160000000000025,-0.0005354573140123323,soft_failure_loss,False,False,1,1,e09ae2026370
2026-06-25,US.META,LONG,False,-1,-1,-1,-1,-1,-1,True,,,0.0,0.0,no_entry,False,False,1,1,e09ae2026370
2026-06-25,US.META,SHORT,False,-1,-1,-1,-1,-1,-1,True,,,0.0,0.0,no_entry,False,False,1,1,e09ae2026370
2026-06-25,US.MSFT,LONG,False,-1,-1,-1,-1,-1,-1,True,,,0.0,0.0,no_entry,False,False,1,1,e09ae2026370
2026-06-25,US.MSFT,SHORT,True,33,45,603,603,615,615,True,357.646730336,357.626767915,0.01996242100000245,5.581603103500558e-05,failed_followthrough,False,False,1,1,e09ae2026370
2026-06-25,US.MU,LONG,False,-1,-1,-1,-1,-1,-1,True,,,0.0,0.0,no_entry,False,False,1,1,e09ae2026370
2026-06-25,US.MU,SHORT,True,85,86,655,655,656,656,True,1176.04704555,1178.24880696,-2.2017614100000173,-0.0018721712012552383,soft_failure_loss,False,False,1,1,e09ae2026370
2026-06-25,US.NVDA,LONG,False,-1,-1,-1,-1,-1,-1,True,,,0.0,0.0,no_entry,False,False,1,1,e09ae2026370
2026-06-25,US.NVDA,SHORT,True,40,41,610,610,611,611,True,194.757072737,195.12166477,-0.3645920330000081,-0.0018720348785091533,soft_failure_loss,False,False,1,1,e09ae2026370
2026-06-25,US.QQQ,LONG,False,-1,-1,-1,-1,-1,-1,True,,,0.0,0.0,no_entry,False,False,1,1,e09ae2026370
2026-06-25,US.QQQ,SHORT,True,38,39,608,608,609,609,True,712.0,712.39,-0.38999999999998636,-0.0005477528089887449,soft_failure_loss,False,False,1,1,e09ae2026370
2026-06-25,US.SPY,LONG,False,-1,-1,-1,-1,-1,-1,True,,,0.0,0.0,no_entry,False,False,1,1,e09ae2026370
2026-06-25,US.SPY,SHORT,True,33,34,603,603,604,604,True,732.67,733.13,-0.4600000000000364,-0.0006278406376677582,soft_failure_loss,False,False,1,1,e09ae2026370
2026-06-25,US.TSLA,LONG,False,-1,-1,-1,-1,-1,-1,True,,,0.0,0.0,no_entry,False,False,1,1,e09ae2026370
2026-06-25,US.TSLA,SHORT,False,-1,-1,-1,-1,-1,-1,True,,,0.0,0.0,no_entry,False,False,1,1,e09ae2026370
2026-06-26,US.AAPL,LONG,True,112,113,682,682,683,683,True,278.504802088,278.309970122,-0.19483196600003794,-0.0006995641171690687,soft_failure_loss,False,False,1,1,e09ae2026370
2026-06-26,US.AAPL,SHORT,False,-1,-1,-1,-1,-1,-1,True,,,0.0,0.0,no_entry,False,False,1,1,e09ae2026370
2026-06-26,US.AMD,LONG,False,-1,-1,-1,-1,-1,-1,True,,,0.0,0.0,no_entry,False,False,1,1,e09ae2026370
2026-06-26,US.AMD,SHORT,False,-1,-1,-1,-1,-1,-1,True,,,0.0,0.0,no_entry,False,False,1,1,e09ae2026370
2026-06-26,US.IWM,LONG,True,72,75,642,642,645,645,True,298.45,298.24,-0.20999999999997954,-0.0007036354498240226,soft_failure_loss,False,False,1,1,e09ae2026370
2026-06-26,US.IWM,SHORT,False,-1,-1,-1,-1,-1,-1,True,,,0.0,0.0,no_entry,False,False,1,1,e09ae2026370
2026-06-26,US.META,LONG,False,-1,-1,-1,-1,-1,-1,True,,,0.0,0.0,no_entry,False,False,1,1,e09ae2026370
2026-06-26,US.META,SHORT,False,-1,-1,-1,-1,-1,-1,True,,,0.0,0.0,no_entry,False,False,1,1,e09ae2026370
2026-06-26,US.MSFT,LONG,False,-1,-1,-1,-1,-1,-1,True,,,0.0,0.0,no_entry,False,False,1,1,e09ae2026370
2026-06-26,US.MSFT,SHORT,False,-1,-1,-1,-1,-1,-1,True,,,0.0,0.0,no_entry,False,False,1,1,e09ae2026370
2026-06-26,US.MU,LONG,True,63,66,633,633,636,636,True,1174.289415841,1172.884631871,-1.4047839699999258,-0.0011962842814127307,soft_failure_loss,False,False,1,1,e09ae2026370
2026-06-26,US.MU,SHORT,False,-1,-1,-1,-1,-1,-1,True,,,0.0,0.0,no_entry,False,False,1,1,e09ae2026370
2026-06-26,US.NVDA,LONG,True,57,61,627,627,631,631,True,193.59337488,193.283721373,-0.30965350700000727,-0.0015995046689585726,soft_failure_loss,False,False,1,1,e09ae2026370
2026-06-26,US.NVDA,SHORT,False,-1,-1,-1,-1,-1,-1,True,,,0.0,0.0,no_entry,False,False,1,1,e09ae2026370
2026-06-26,US.QQQ,LONG,True,68,70,638,638,640,640,True,710.615,710.12,-0.49500000000000455,-0.0006965797231975184,soft_failure_loss,False,False,1,1,e09ae2026370
2026-06-26,US.QQQ,SHORT,False,-1,-1,-1,-1,-1,-1,True,,,0.0,0.0,no_entry,False,False,1,1,e09ae2026370
2026-06-26,US.SPY,LONG,True,71,375,641,641,-1,945,True,731.72,733.28,1.5599999999999454,0.0021319630459737953,scheduled_flatten,True,False,1,1,e09ae2026370
2026-06-26,US.SPY,SHORT,False,-1,-1,-1,-1,-1,-1,True,,,0.0,0.0,no_entry,False,False,1,1,e09ae2026370
2026-06-26,US.TSLA,LONG,False,-1,-1,-1,-1,-1,-1,True,,,0.0,0.0,no_entry,False,False,1,1,e09ae2026370
2026-06-26,US.TSLA,SHORT,False,-1,-1,-1,-1,-1,-1,True,,,0.0,0.0,no_entry,False,False,1,1,e09ae2026370
2026-06-29,US.AAPL,LONG,False,-1,-1,-1,-1,-1,-1,True,,,0.0,0.0,no_entry,False,False,1,1,e09ae2026370
2026-06-29,US.AAPL,SHORT,True,82,83,652,652,653,653,True,282.136669765,282.356480188,-0.2198104229999558,-0.0007790920024080613,soft_failure_loss,False,False,1,1,e09ae2026370
2026-06-29,US.AMD,LONG,False,-1,-1,-1,-1,-1,-1,True,,,0.0,0.0,no_entry,False,False,1,1,e09ae2026370
2026-06-29,US.AMD,SHORT,True,64,86,634,634,656,656,True,510.28,511.82,-1.5400000000000205,-0.0030179509289018198,failed_followthrough,False,False,1,1,e09ae2026370
2026-06-29,US.IWM,LONG,False,-1,-1,-1,-1,-1,-1,True,,,0.0,0.0,no_entry,False,False,1,1,e09ae2026370
2026-06-29,US.IWM,SHORT,True,56,57,626,626,627,627,True,296.59,296.85,-0.26000000000004775,-0.0008766310394822744,soft_failure_loss,False,False,1,1,e09ae2026370
2026-06-29,US.META,LONG,True,57,58,627,627,628,628,True,567.99,567.41,-0.5800000000000409,-0.0010211447384637774,soft_failure_loss,False,False,1,1,e09ae2026370
2026-06-29,US.META,SHORT,False,-1,-1,-1,-1,-1,-1,True,,,0.0,0.0,no_entry,False,False,1,1,e09ae2026370
2026-06-29,US.MSFT,LONG,False,-1,-1,-1,-1,-1,-1,True,,,0.0,0.0,no_entry,False,False,1,1,e09ae2026370
2026-06-29,US.MSFT,SHORT,False,-1,-1,-1,-1,-1,-1,True,,,0.0,0.0,no_entry,False,False,1,1,e09ae2026370
2026-06-29,US.MU,LONG,False,-1,-1,-1,-1,-1,-1,True,,,0.0,0.0,no_entry,False,False,1,1,e09ae2026370
2026-06-29,US.MU,SHORT,True,60,61,630,630,631,631,True,1055.04775302,1057.305405835,-2.2576528150000286,-0.0021398584173442916,soft_failure_loss,False,False,1,1,e09ae2026370
2026-06-29,US.NVDA,LONG,False,-1,-1,-1,-1,-1,-1,True,,,0.0,0.0,no_entry,False,False,1,1,e09ae2026370
2026-06-29,US.NVDA,SHORT,False,-1,-1,-1,-1,-1,-1,True,,,0.0,0.0,no_entry,False,False,1,1,e09ae2026370
2026-06-29,US.QQQ,LONG,False,-1,-1,-1,-1,-1,-1,True,,,0.0,0.0,no_entry,False,False,1,1,e09ae2026370
2026-06-29,US.QQQ,SHORT,True,58,59,628,628,629,629,True,710.2,711.5,-1.2999999999999545,-0.001830470290059074,soft_failure_loss,False,False,1,1,e09ae2026370
2026-06-29,US.SPY,LONG,False,-1,-1,-1,-1,-1,-1,True,,,0.0,0.0,no_entry,False,False,1,1,e09ae2026370
2026-06-29,US.SPY,SHORT,True,57,59,627,627,629,629,True,735.26,735.99,-0.7300000000000182,-0.0009928460680575827,soft_failure_loss,False,False,1,1,e09ae2026370
2026-06-29,US.TSLA,LONG,False,-1,-1,-1,-1,-1,-1,True,,,0.0,0.0,no_entry,False,False,1,1,e09ae2026370
2026-06-29,US.TSLA,SHORT,False,-1,-1,-1,-1,-1,-1,True,,,0.0,0.0,no_entry,False,False,1,1,e09ae2026370
2026-06-30,US.AAPL,LONG,False,-1,-1,-1,-1,-1,-1,True,,,0.0,0.0,no_entry,False,False,1,1,e09ae2026370
2026-06-30,US.AAPL,SHORT,False,-1,-1,-1,-1,-1,-1,True,,,0.0,0.0,no_entry,False,False,1,1,e09ae2026370
2026-06-30,US.AMD,LONG,False,-1,-1,-1,-1,-1,-1,True,,,0.0,0.0,no_entry,False,False,1,1,e09ae2026370
2026-06-30,US.AMD,SHORT,False,-1,-1,-1,-1,-1,-1,True,,,0.0,0.0,no_entry,False,False,1,1,e09ae2026370
2026-06-30,US.IWM,LONG,True,73,78,643,643,648,648,True,299.25,299.22,-0.029999999999972715,-0.00010025062656632486,failed_followthrough,False,False,1,1,e09ae2026370
2026-06-30,US.IWM,SHORT,False,-1,-1,-1,-1,-1,-1,True,,,0.0,0.0,no_entry,False,False,1,1,e09ae2026370
2026-06-30,US.META,LONG,False,-1,-1,-1,-1,-1,-1,True,,,0.0,0.0,no_entry,False,False,1,1,e09ae2026370
2026-06-30,US.META,SHORT,True,31,32,601,601,602,602,True,554.68,555.66,-0.9800000000000182,-0.0017667844522968527,soft_failure_loss,False,False,1,1,e09ae2026370
2026-06-30,US.MSFT,LONG,True,28,29,598,598,599,599,True,371.466714228,371.19921779,-0.2674964380000233,-0.0007201087681730712,soft_failure_loss,False,False,1,1,e09ae2026370
2026-06-30,US.MSFT,SHORT,False,-1,-1,-1,-1,-1,-1,True,,,0.0,0.0,no_entry,False,False,1,1,e09ae2026370
2026-06-30,US.MU,LONG,False,-1,-1,-1,-1,-1,-1,True,,,0.0,0.0,no_entry,False,False,1,1,e09ae2026370
2026-06-30,US.MU,SHORT,False,-1,-1,-1,-1,-1,-1,True,,,0.0,0.0,no_entry,False,False,1,1,e09ae2026370
2026-06-30,US.NVDA,LONG,False,-1,-1,-1,-1,-1,-1,True,,,0.0,0.0,no_entry,False,False,1,1,e09ae2026370
2026-06-30,US.NVDA,SHORT,False,-1,-1,-1,-1,-1,-1,True,,,0.0,0.0,no_entry,False,False,1,1,e09ae2026370
2026-06-30,US.QQQ,LONG,True,43,83,613,613,653,653,True,731.492,731.23,-0.2619999999999436,-0.0003581720647661815,failed_followthrough,False,False,1,1,e09ae2026370
2026-06-30,US.QQQ,SHORT,False,-1,-1,-1,-1,-1,-1,True,,,0.0,0.0,no_entry,False,False,1,1,e09ae2026370
2026-06-30,US.SPY,LONG,True,22,375,592,592,-1,945,True,742.93,747.139,4.20900000000006,0.005665405892883664,scheduled_flatten,True,False,1,1,e09ae2026370
2026-06-30,US.SPY,SHORT,False,-1,-1,-1,-1,-1,-1,True,,,0.0,0.0,no_entry,False,False,1,1,e09ae2026370
2026-06-30,US.TSLA,LONG,True,111,375,681,681,-1,945,True,415.21,422.845,7.635000000000048,0.01838828544591905,scheduled_flatten,True,False,1,1,e09ae2026370
2026-06-30,US.TSLA,SHORT,False,-1,-1,-1,-1,-1,-1,True,,,0.0,0.0,no_entry,False,False,1,1,e09ae2026370
2026-07-01,US.AAPL,LONG,False,-1,-1,-1,-1,-1,-1,True,,,0.0,0.0,no_entry,False,False,1,1,e09ae2026370
2026-07-01,US.AAPL,SHORT,False,-1,-1,-1,-1,-1,-1,True,,,0.0,0.0,no_entry,False,False,1,1,e09ae2026370
2026-07-01,US.AMD,LONG,False,-1,-1,-1,-1,-1,-1,True,,,0.0,0.0,no_entry,False,False,1,1,e09ae2026370
2026-07-01,US.AMD,SHORT,False,-1,-1,-1,-1,-1,-1,True,,,0.0,0.0,no_entry,False,False,1,1,e09ae2026370
2026-07-01,US.IWM,LONG,True,62,63,632,632,633,633,True,301.37,301.215,-0.15500000000002956,-0.0005143179480373944,soft_failure_loss,False,False,1,1,e09ae2026370
2026-07-01,US.IWM,SHORT,False,-1,-1,-1,-1,-1,-1,True,,,0.0,0.0,no_entry,False,False,1,1,e09ae2026370
2026-07-01,US.META,LONG,True,138,375,708,708,-1,945,True,616.34,616.515,0.17499999999995453,0.00028393419216658745,scheduled_flatten,True,False,1,1,e09ae2026370
2026-07-01,US.META,SHORT,False,-1,-1,-1,-1,-1,-1,True,,,0.0,0.0,no_entry,False,False,1,1,e09ae2026370
2026-07-01,US.MSFT,LONG,False,-1,-1,-1,-1,-1,-1,True,,,0.0,0.0,no_entry,False,False,1,1,e09ae2026370
2026-07-01,US.MSFT,SHORT,False,-1,-1,-1,-1,-1,-1,True,,,0.0,0.0,no_entry,False,False,1,1,e09ae2026370
2026-07-01,US.MU,LONG,False,-1,-1,-1,-1,-1,-1,True,,,0.0,0.0,no_entry,False,False,1,1,e09ae2026370
2026-07-01,US.MU,SHORT,True,108,109,678,678,679,679,True,1062.536601373,1065.481148556,-2.944547183000168,-0.002771243060422814,soft_failure_loss,False,False,1,1,e09ae2026370
2026-07-01,US.NVDA,LONG,False,-1,-1,-1,-1,-1,-1,True,,,0.0,0.0,no_entry,False,False,1,1,e09ae2026370
2026-07-01,US.NVDA,SHORT,False,-1,-1,-1,-1,-1,-1,True,,,0.0,0.0,no_entry,False,False,1,1,e09ae2026370
2026-07-01,US.QQQ,LONG,True,107,140,677,677,710,710,True,729.845,729.4,-0.44500000000005,-0.000609718501873754,failed_followthrough,False,False,1,1,e09ae2026370
2026-07-01,US.QQQ,SHORT,False,-1,-1,-1,-1,-1,-1,True,,,0.0,0.0,no_entry,False,False,1,1,e09ae2026370
2026-07-01,US.SPY,LONG,True,77,375,647,647,-1,945,True,746.13,746.65,0.5199999999999818,0.0006969294894991246,scheduled_flatten,True,False,1,1,e09ae2026370
2026-07-01,US.SPY,SHORT,False,-1,-1,-1,-1,-1,-1,True,,,0.0,0.0,no_entry,False,False,1,1,e09ae2026370
2026-07-01,US.TSLA,LONG,True,64,88,634,634,658,658,True,425.53,425.32,-0.20999999999997954,-0.0004935022207599453,failed_followthrough,False,False,1,1,e09ae2026370
2026-07-01,US.TSLA,SHORT,False,-1,-1,-1,-1,-1,-1,True,,,0.0,0.0,no_entry,False,False,1,1,e09ae2026370
2026-07-02,US.AAPL,LONG,False,-1,-1,-1,-1,-1,-1,True,,,0.0,0.0,no_entry,False,False,1,1,e09ae2026370
2026-07-02,US.AAPL,SHORT,False,-1,-1,-1,-1,-1,-1,True,,,0.0,0.0,no_entry,False,False,1,1,e09ae2026370
2026-07-02,US.AMD,LONG,False,-1,-1,-1,-1,-1,-1,True,,,0.0,0.0,no_entry,False,False,1,1,e09ae2026370
2026-07-02,US.AMD,SHORT,True,126,127,696,696,697,697,True,525.045,525.59,-0.5450000000000728,-0.0010380062661297085,soft_failure_loss,False,False,1,1,e09ae2026370
2026-07-02,US.IWM,LONG,True,30,31,600,600,601,601,True,301.85,301.34,-0.5100000000000477,-0.0016895809176744995,soft_failure_loss,False,False,1,1,e09ae2026370
2026-07-02,US.IWM,SHORT,False,-1,-1,-1,-1,-1,-1,True,,,0.0,0.0,no_entry,False,False,1,1,e09ae2026370
2026-07-02,US.META,LONG,False,-1,-1,-1,-1,-1,-1,True,,,0.0,0.0,no_entry,False,False,1,1,e09ae2026370
2026-07-02,US.META,SHORT,True,63,375,633,633,-1,945,True,592.56,583.84,8.719999999999914,0.014715809369515179,scheduled_flatten,True,False,1,1,e09ae2026370
2026-07-02,US.MSFT,LONG,True,94,97,664,664,667,667,True,388.528595251,388.039515943,-0.48907930799998667,-0.0012587987447462603,soft_failure_loss,False,False,1,1,e09ae2026370
2026-07-02,US.MSFT,SHORT,False,-1,-1,-1,-1,-1,-1,True,,,0.0,0.0,no_entry,False,False,1,1,e09ae2026370
2026-07-02,US.MU,LONG,False,-1,-1,-1,-1,-1,-1,True,,,0.0,0.0,no_entry,False,False,1,1,e09ae2026370
2026-07-02,US.MU,SHORT,True,124,126,694,694,696,696,True,1004.620507805,1008.584898155,-3.9643903500000306,-0.003946157100318254,soft_failure_loss,False,False,1,1,e09ae2026370
2026-07-02,US.NVDA,LONG,False,-1,-1,-1,-1,-1,-1,True,,,0.0,0.0,no_entry,False,False,1,1,e09ae2026370
2026-07-02,US.NVDA,SHORT,False,-1,-1,-1,-1,-1,-1,True,,,0.0,0.0,no_entry,False,False,1,1,e09ae2026370
2026-07-02,US.QQQ,LONG,True,43,46,613,613,616,616,True,729.09,728.38,-0.7100000000000364,-0.0009738166755819396,soft_failure_loss,False,False,1,1,e09ae2026370
2026-07-02,US.QQQ,SHORT,False,-1,-1,-1,-1,-1,-1,True,,,0.0,0.0,no_entry,False,False,1,1,e09ae2026370
2026-07-02,US.SPY,LONG,True,38,39,608,608,609,609,True,750.91,750.44,-0.4699999999999136,-0.0006259072325577148,soft_failure_loss,False,False,1,1,e09ae2026370
2026-07-02,US.SPY,SHORT,False,-1,-1,-1,-1,-1,-1,True,,,0.0,0.0,no_entry,False,False,1,1,e09ae2026370
2026-07-02,US.TSLA,LONG,False,-1,-1,-1,-1,-1,-1,True,,,0.0,0.0,no_entry,False,False,1,1,e09ae2026370
2026-07-02,US.TSLA,SHORT,False,-1,-1,-1,-1,-1,-1,True,,,0.0,0.0,no_entry,False,False,1,1,e09ae2026370
2026-07-06,US.AAPL,LONG,False,-1,-1,-1,-1,-1,-1,True,,,0.0,0.0,no_entry,False,False,1,1,e09ae2026370
2026-07-06,US.AAPL,SHORT,False,-1,-1,-1,-1,-1,-1,True,,,0.0,0.0,no_entry,False,False,1,1,e09ae2026370
2026-07-06,US.AMD,LONG,True,104,107,674,674,677,677,True,563.64,561.3168,-2.3232000000000426,-0.004121779859484853,soft_failure_loss,False,False,1,1,e09ae2026370
2026-07-06,US.AMD,SHORT,False,-1,-1,-1,-1,-1,-1,True,,,0.0,0.0,no_entry,False,False,1,1,e09ae2026370
2026-07-06,US.IWM,LONG,True,93,95,663,663,665,665,True,299.945,299.79,-0.15499999999997272,-0.000516761406257723,soft_failure_loss,False,False,1,1,e09ae2026370
2026-07-06,US.IWM,SHORT,False,-1,-1,-1,-1,-1,-1,True,,,0.0,0.0,no_entry,False,False,1,1,e09ae2026370
2026-07-06,US.META,LONG,False,-1,-1,-1,-1,-1,-1,True,,,0.0,0.0,no_entry,False,False,1,1,e09ae2026370
2026-07-06,US.META,SHORT,False,-1,-1,-1,-1,-1,-1,True,,,0.0,0.0,no_entry,False,False,1,1,e09ae2026370
2026-07-06,US.MSFT,LONG,False,-1,-1,-1,-1,-1,-1,True,,,0.0,0.0,no_entry,False,False,1,1,e09ae2026370
2026-07-06,US.MSFT,SHORT,False,-1,-1,-1,-1,-1,-1,True,,,0.0,0.0,no_entry,False,False,1,1,e09ae2026370
2026-07-06,US.MU,LONG,True,49,51,619,619,621,621,True,1013.19,1009.26,-3.9300000000000637,-0.003878838125129604,soft_failure_loss,False,False,1,1,e09ae2026370
2026-07-06,US.MU,SHORT,False,-1,-1,-1,-1,-1,-1,True,,,0.0,0.0,no_entry,False,False,1,1,e09ae2026370
2026-07-06,US.NVDA,LONG,True,52,86,622,622,656,656,True,195.69102767,195.560673533,-0.13035413700001186,-0.0006661221955450721,failed_followthrough,False,False,1,1,e09ae2026370
2026-07-06,US.NVDA,SHORT,False,-1,-1,-1,-1,-1,-1,True,,,0.0,0.0,no_entry,False,False,1,1,e09ae2026370
2026-07-06,US.QQQ,LONG,True,21,23,591,591,593,593,True,723.35,722.565,-0.7849999999999682,-0.0010852284509573072,soft_failure_loss,False,False,1,1,e09ae2026370
2026-07-06,US.QQQ,SHORT,False,-1,-1,-1,-1,-1,-1,True,,,0.0,0.0,no_entry,False,False,1,1,e09ae2026370
2026-07-06,US.SPY,LONG,True,56,59,626,626,629,629,True,749.88,749.68,-0.20000000000004547,-0.0002667093401611531,soft_failure_loss,False,False,1,1,e09ae2026370
2026-07-06,US.SPY,SHORT,False,-1,-1,-1,-1,-1,-1,True,,,0.0,0.0,no_entry,False,False,1,1,e09ae2026370
2026-07-06,US.TSLA,LONG,False,-1,-1,-1,-1,-1,-1,True,,,0.0,0.0,no_entry,False,False,1,1,e09ae2026370
2026-07-06,US.TSLA,SHORT,False,-1,-1,-1,-1,-1,-1,True,,,0.0,0.0,no_entry,False,False,1,1,e09ae2026370
2026-07-07,US.AAPL,LONG,False,-1,-1,-1,-1,-1,-1,True,,,0.0,0.0,no_entry,False,False,1,1,e09ae2026370
2026-07-07,US.AAPL,SHORT,False,-1,-1,-1,-1,-1,-1,True,,,0.0,0.0,no_entry,False,False,1,1,e09ae2026370
2026-07-07,US.AMD,LONG,False,-1,-1,-1,-1,-1,-1,True,,,0.0,0.0,no_entry,False,False,1,1,e09ae2026370
2026-07-07,US.AMD,SHORT,True,65,89,635,635,659,659,True,509.355,509.57,-0.214999999999975,-0.00042210246291874033,failed_followthrough,False,False,1,1,e09ae2026370
2026-07-07,US.IWM,LONG,False,-1,-1,-1,-1,-1,-1,True,,,0.0,0.0,no_entry,False,False,1,1,e09ae2026370
2026-07-07,US.IWM,SHORT,True,83,98,653,653,668,668,True,296.66,296.73,-0.06999999999999318,-0.00023596035865972216,soft_failure_loss,False,False,1,1,e09ae2026370
2026-07-07,US.META,LONG,True,50,51,620,620,621,621,True,613.76,611.18,-2.580000000000041,-0.004203597497393185,soft_failure_loss,False,False,1,1,e09ae2026370
2026-07-07,US.META,SHORT,False,-1,-1,-1,-1,-1,-1,True,,,0.0,0.0,no_entry,False,False,1,1,e09ae2026370
2026-07-07,US.MSFT,LONG,False,-1,-1,-1,-1,-1,-1,True,,,0.0,0.0,no_entry,False,False,1,1,e09ae2026370
2026-07-07,US.MSFT,SHORT,False,-1,-1,-1,-1,-1,-1,True,,,0.0,0.0,no_entry,False,False,1,1,e09ae2026370
2026-07-07,US.MU,LONG,False,-1,-1,-1,-1,-1,-1,True,,,0.0,0.0,no_entry,False,False,1,1,e09ae2026370
2026-07-07,US.MU,SHORT,True,26,27,596,596,597,597,True,910.335,914.615,-4.279999999999973,-0.004701565907056163,soft_failure_loss,False,False,1,1,e09ae2026370
2026-07-07,US.NVDA,LONG,False,-1,-1,-1,-1,-1,-1,True,,,0.0,0.0,no_entry,False,False,1,1,e09ae2026370
2026-07-07,US.NVDA,SHORT,False,-1,-1,-1,-1,-1,-1,True,,,0.0,0.0,no_entry,False,False,1,1,e09ae2026370
2026-07-07,US.QQQ,LONG,False,-1,-1,-1,-1,-1,-1,True,,,0.0,0.0,no_entry,False,False,1,1,e09ae2026370
2026-07-07,US.QQQ,SHORT,True,39,375,609,609,-1,945,True,710.36,707.39,2.9700000000000273,0.004180978658708299,scheduled_flatten,True,False,1,1,e09ae2026370
2026-07-07,US.SPY,LONG,False,-1,-1,-1,-1,-1,-1,True,,,0.0,0.0,no_entry,False,False,1,1,e09ae2026370
2026-07-07,US.SPY,SHORT,True,28,30,598,598,600,600,True,748.63,748.8504,-0.22040000000004056,-0.0002944044454537496,soft_failure_loss,False,False,1,1,e09ae2026370
2026-07-07,US.TSLA,LONG,False,-1,-1,-1,-1,-1,-1,True,,,0.0,0.0,no_entry,False,False,1,1,e09ae2026370
2026-07-07,US.TSLA,SHORT,False,-1,-1,-1,-1,-1,-1,True,,,0.0,0.0,no_entry,False,False,1,1,e09ae2026370
2026-07-08,US.AAPL,LONG,False,-1,-1,-1,-1,-1,-1,True,,,0.0,0.0,no_entry,False,False,1,1,e09ae2026370
2026-07-08,US.AAPL,SHORT,False,-1,-1,-1,-1,-1,-1,True,,,0.0,0.0,no_entry,False,False,1,1,e09ae2026370
2026-07-08,US.AMD,LONG,False,-1,-1,-1,-1,-1,-1,True,,,0.0,0.0,no_entry,False,False,1,1,e09ae2026370
2026-07-08,US.AMD,SHORT,False,-1,-1,-1,-1,-1,-1,True,,,0.0,0.0,no_entry,False,False,1,1,e09ae2026370
2026-07-08,US.IWM,LONG,False,-1,-1,-1,-1,-1,-1,True,,,0.0,0.0,no_entry,False,False,1,1,e09ae2026370
2026-07-08,US.IWM,SHORT,False,-1,-1,-1,-1,-1,-1,True,,,0.0,0.0,no_entry,False,False,1,1,e09ae2026370
2026-07-08,US.META,LONG,False,-1,-1,-1,-1,-1,-1,True,,,0.0,0.0,no_entry,False,False,1,1,e09ae2026370
2026-07-08,US.META,SHORT,False,-1,-1,-1,-1,-1,-1,True,,,0.0,0.0,no_entry,False,False,1,1,e09ae2026370
2026-07-08,US.MSFT,LONG,False,-1,-1,-1,-1,-1,-1,True,,,0.0,0.0,no_entry,False,False,1,1,e09ae2026370
2026-07-08,US.MSFT,SHORT,False,-1,-1,-1,-1,-1,-1,True,,,0.0,0.0,no_entry,False,False,1,1,e09ae2026370
2026-07-08,US.MU,LONG,False,-1,-1,-1,-1,-1,-1,True,,,0.0,0.0,no_entry,False,False,1,1,e09ae2026370
2026-07-08,US.MU,SHORT,False,-1,-1,-1,-1,-1,-1,True,,,0.0,0.0,no_entry,False,False,1,1,e09ae2026370
2026-07-08,US.NVDA,LONG,False,-1,-1,-1,-1,-1,-1,True,,,0.0,0.0,no_entry,False,False,1,1,e09ae2026370
2026-07-08,US.NVDA,SHORT,False,-1,-1,-1,-1,-1,-1,True,,,0.0,0.0,no_entry,False,False,1,1,e09ae2026370
2026-07-08,US.QQQ,LONG,False,-1,-1,-1,-1,-1,-1,True,,,0.0,0.0,no_entry,False,False,1,1,e09ae2026370
2026-07-08,US.QQQ,SHORT,False,-1,-1,-1,-1,-1,-1,True,,,0.0,0.0,no_entry,False,False,1,1,e09ae2026370
2026-07-08,US.SPY,LONG,False,-1,-1,-1,-1,-1,-1,True,,,0.0,0.0,no_entry,False,False,1,1,e09ae2026370
2026-07-08,US.SPY,SHORT,True,67,68,637,637,638,638,True,742.49,742.65,-0.15999999999996817,-0.00021549111772544837,soft_failure_loss,False,False,1,1,e09ae2026370
2026-07-08,US.TSLA,LONG,False,-1,-1,-1,-1,-1,-1,True,,,0.0,0.0,no_entry,False,False,1,1,e09ae2026370
2026-07-08,US.TSLA,SHORT,True,23,24,593,593,594,594,True,394.775,395.0,-0.22500000000002274,-0.0005699449053258762,soft_failure_loss,False,False,1,1,e09ae2026370
2026-07-09,US.AAPL,LONG,False,-1,-1,-1,-1,-1,-1,True,,,0.0,0.0,no_entry,False,False,1,1,e09ae2026370
2026-07-09,US.AAPL,SHORT,False,-1,-1,-1,-1,-1,-1,True,,,0.0,0.0,no_entry,False,False,1,1,e09ae2026370
2026-07-09,US.AMD,LONG,True,41,46,611,611,616,616,True,553.58,551.695,-1.884999999999991,-0.003405108566060896,soft_failure_loss,False,False,1,1,e09ae2026370
2026-07-09,US.AMD,SHORT,False,-1,-1,-1,-1,-1,-1,True,,,0.0,0.0,no_entry,False,False,1,1,e09ae2026370
2026-07-09,US.IWM,LONG,True,30,37,600,600,607,607,True,296.52,296.51,-0.009999999999990905,-3.3724537973799085e-05,failed_followthrough,False,False,1,1,e09ae2026370
2026-07-09,US.IWM,SHORT,False,-1,-1,-1,-1,-1,-1,True,,,0.0,0.0,no_entry,False,False,1,1,e09ae2026370
2026-07-09,US.META,LONG,False,-1,-1,-1,-1,-1,-1,True,,,0.0,0.0,no_entry,False,False,1,1,e09ae2026370
2026-07-09,US.META,SHORT,False,-1,-1,-1,-1,-1,-1,True,,,0.0,0.0,no_entry,False,False,1,1,e09ae2026370
2026-07-09,US.MSFT,LONG,False,-1,-1,-1,-1,-1,-1,True,,,0.0,0.0,no_entry,False,False,1,1,e09ae2026370
2026-07-09,US.MSFT,SHORT,False,-1,-1,-1,-1,-1,-1,True,,,0.0,0.0,no_entry,False,False,1,1,e09ae2026370
2026-07-09,US.MU,LONG,True,23,43,593,593,613,613,True,1024.685,1022.0301,-2.654899999999998,-0.0025909425823545753,failed_followthrough,False,False,1,1,e09ae2026370
2026-07-09,US.MU,SHORT,False,-1,-1,-1,-1,-1,-1,True,,,0.0,0.0,no_entry,False,False,1,1,e09ae2026370
2026-07-09,US.NVDA,LONG,False,-1,-1,-1,-1,-1,-1,True,,,0.0,0.0,no_entry,False,False,1,1,e09ae2026370
2026-07-09,US.NVDA,SHORT,True,71,73,641,641,643,643,True,200.425729682,200.630999991,-0.20527030900001364,-0.0010241714440840514,soft_failure_loss,False,False,1,1,e09ae2026370
2026-07-09,US.QQQ,LONG,True,115,119,685,685,689,689,True,721.49,721.28,-0.21000000000003638,-0.00029106432521592315,soft_failure_loss,False,False,1,1,e09ae2026370
2026-07-09,US.QQQ,SHORT,False,-1,-1,-1,-1,-1,-1,True,,,0.0,0.0,no_entry,False,False,1,1,e09ae2026370
2026-07-09,US.SPY,LONG,True,23,30,593,593,600,600,True,748.83,748.69,-0.13999999999998636,-0.00018695832164842,soft_failure_loss,False,False,1,1,e09ae2026370
2026-07-09,US.SPY,SHORT,False,-1,-1,-1,-1,-1,-1,True,,,0.0,0.0,no_entry,False,False,1,1,e09ae2026370
2026-07-09,US.TSLA,LONG,True,128,375,698,698,-1,945,True,396.55,404.7,8.149999999999977,0.020552263270709813,scheduled_flatten,True,False,1,1,e09ae2026370
2026-07-09,US.TSLA,SHORT,False,-1,-1,-1,-1,-1,-1,True,,,0.0,0.0,no_entry,False,False,1,1,e09ae2026370
2026-07-10,US.AAPL,LONG,False,-1,-1,-1,-1,-1,-1,True,,,0.0,0.0,no_entry,False,False,1,1,e09ae2026370
2026-07-10,US.AAPL,SHORT,True,142,143,712,712,713,713,True,312.520465103,312.635366006,-0.1149009030000343,-0.00036765881223863354,soft_failure_loss,False,False,1,1,e09ae2026370
2026-07-10,US.AMD,LONG,False,-1,-1,-1,-1,-1,-1,True,,,0.0,0.0,no_entry,False,False,1,1,e09ae2026370
2026-07-10,US.AMD,SHORT,False,-1,-1,-1,-1,-1,-1,True,,,0.0,0.0,no_entry,False,False,1,1,e09ae2026370
2026-07-10,US.IWM,LONG,False,-1,-1,-1,-1,-1,-1,True,,,0.0,0.0,no_entry,False,False,1,1,e09ae2026370
2026-07-10,US.IWM,SHORT,True,57,58,627,627,628,628,True,295.57,295.69,-0.12000000000000455,-0.0004059951957235327,soft_failure_loss,False,False,1,1,e09ae2026370
2026-07-10,US.META,LONG,False,-1,-1,-1,-1,-1,-1,True,,,0.0,0.0,no_entry,False,False,1,1,e09ae2026370
2026-07-10,US.META,SHORT,False,-1,-1,-1,-1,-1,-1,True,,,0.0,0.0,no_entry,False,False,1,1,e09ae2026370
2026-07-10,US.MSFT,LONG,False,-1,-1,-1,-1,-1,-1,True,,,0.0,0.0,no_entry,False,False,1,1,e09ae2026370
2026-07-10,US.MSFT,SHORT,True,127,146,697,697,716,716,True,383.687708217,383.807482742,-0.11977452499996843,-0.0003121666981633622,failed_followthrough,False,False,1,1,e09ae2026370
2026-07-10,US.MU,LONG,True,64,69,634,634,639,639,True,976.485,975.71,-0.7749999999999773,-0.0007936629850944738,failed_followthrough,False,False,1,1,e09ae2026370
2026-07-10,US.MU,SHORT,False,-1,-1,-1,-1,-1,-1,True,,,0.0,0.0,no_entry,False,False,1,1,e09ae2026370
2026-07-10,US.NVDA,LONG,True,38,375,608,608,-1,945,True,205.909593405,209.405681388,3.4960879829999953,0.016978752301859003,scheduled_flatten,True,False,1,1,e09ae2026370
2026-07-10,US.NVDA,SHORT,False,-1,-1,-1,-1,-1,-1,True,,,0.0,0.0,no_entry,False,False,1,1,e09ae2026370
2026-07-10,US.QQQ,LONG,True,20,21,590,590,591,591,True,723.31,723.0,-0.30999999999994543,-0.0004285852539021242,soft_failure_loss,False,False,1,1,e09ae2026370
2026-07-10,US.QQQ,SHORT,False,-1,-1,-1,-1,-1,-1,True,,,0.0,0.0,no_entry,False,False,1,1,e09ae2026370
2026-07-10,US.SPY,LONG,False,-1,-1,-1,-1,-1,-1,True,,,0.0,0.0,no_entry,False,False,1,1,e09ae2026370
2026-07-10,US.SPY,SHORT,True,64,65,634,634,635,635,True,750.64,750.98,-0.34000000000003183,-0.0004529468187147392,soft_failure_loss,False,False,1,1,e09ae2026370
2026-07-10,US.TSLA,LONG,False,-1,-1,-1,-1,-1,-1,True,,,0.0,0.0,no_entry,False,False,1,1,e09ae2026370
2026-07-10,US.TSLA,SHORT,False,-1,-1,-1,-1,-1,-1,True,,,0.0,0.0,no_entry,False,False,1,1,e09ae2026370
2026-07-13,US.AAPL,LONG,False,-1,-1,-1,-1,-1,-1,True,,,0.0,0.0,no_entry,False,False,1,1,e09ae2026370
2026-07-13,US.AAPL,SHORT,False,-1,-1,-1,-1,-1,-1,True,,,0.0,0.0,no_entry,False,False,1,1,e09ae2026370
2026-07-13,US.AMD,LONG,False,-1,-1,-1,-1,-1,-1,True,,,0.0,0.0,no_entry,False,False,1,1,e09ae2026370
2026-07-13,US.AMD,SHORT,False,-1,-1,-1,-1,-1,-1,True,,,0.0,0.0,no_entry,False,False,1,1,e09ae2026370
2026-07-13,US.IWM,LONG,False,-1,-1,-1,-1,-1,-1,True,,,0.0,0.0,no_entry,False,False,1,1,e09ae2026370
2026-07-13,US.IWM,SHORT,False,-1,-1,-1,-1,-1,-1,True,,,0.0,0.0,no_entry,False,False,1,1,e09ae2026370
2026-07-13,US.META,LONG,False,-1,-1,-1,-1,-1,-1,True,,,0.0,0.0,no_entry,False,False,1,1,e09ae2026370
2026-07-13,US.META,SHORT,False,-1,-1,-1,-1,-1,-1,True,,,0.0,0.0,no_entry,False,False,1,1,e09ae2026370
2026-07-13,US.MSFT,LONG,False,-1,-1,-1,-1,-1,-1,True,,,0.0,0.0,no_entry,False,False,1,1,e09ae2026370
2026-07-13,US.MSFT,SHORT,False,-1,-1,-1,-1,-1,-1,True,,,0.0,0.0,no_entry,False,False,1,1,e09ae2026370
2026-07-13,US.MU,LONG,True,140,142,710,710,712,712,True,931.73,930.445,-1.2849999999999682,-0.0013791549053910127,soft_failure_loss,False,False,1,1,e09ae2026370
2026-07-13,US.MU,SHORT,False,-1,-1,-1,-1,-1,-1,True,,,0.0,0.0,no_entry,False,False,1,1,e09ae2026370
2026-07-13,US.NVDA,LONG,False,-1,-1,-1,-1,-1,-1,True,,,0.0,0.0,no_entry,False,False,1,1,e09ae2026370
2026-07-13,US.NVDA,SHORT,False,-1,-1,-1,-1,-1,-1,True,,,0.0,0.0,no_entry,False,False,1,1,e09ae2026370
2026-07-13,US.QQQ,LONG,False,-1,-1,-1,-1,-1,-1,True,,,0.0,0.0,no_entry,False,False,1,1,e09ae2026370
2026-07-13,US.QQQ,SHORT,False,-1,-1,-1,-1,-1,-1,True,,,0.0,0.0,no_entry,False,False,1,1,e09ae2026370
2026-07-13,US.SPY,LONG,False,-1,-1,-1,-1,-1,-1,True,,,0.0,0.0,no_entry,False,False,1,1,e09ae2026370
2026-07-13,US.SPY,SHORT,True,48,50,618,618,620,620,True,751.51,751.92,-0.40999999999996817,-0.0005455682559113893,soft_failure_loss,False,False,1,1,e09ae2026370
2026-07-13,US.TSLA,LONG,False,-1,-1,-1,-1,-1,-1,True,,,0.0,0.0,no_entry,False,False,1,1,e09ae2026370
2026-07-13,US.TSLA,SHORT,False,-1,-1,-1,-1,-1,-1,True,,,0.0,0.0,no_entry,False,False,1,1,e09ae2026370
2026-07-14,US.AAPL,LONG,False,-1,-1,-1,-1,-1,-1,True,,,0.0,0.0,no_entry,False,False,1,1,e09ae2026370
2026-07-14,US.AAPL,SHORT,False,-1,-1,-1,-1,-1,-1,True,,,0.0,0.0,no_entry,False,False,1,1,e09ae2026370
2026-07-14,US.AMD,LONG,False,-1,-1,-1,-1,-1,-1,True,,,0.0,0.0,no_entry,False,False,1,1,e09ae2026370
2026-07-14,US.AMD,SHORT,False,-1,-1,-1,-1,-1,-1,True,,,0.0,0.0,no_entry,False,False,1,1,e09ae2026370
2026-07-14,US.IWM,LONG,False,-1,-1,-1,-1,-1,-1,True,,,0.0,0.0,no_entry,False,False,1,1,e09ae2026370
2026-07-14,US.IWM,SHORT,True,74,85,644,644,655,655,True,294.55,294.635,-0.08499999999997954,-0.0002885757935833629,soft_failure_loss,False,False,1,1,e09ae2026370
2026-07-14,US.META,LONG,False,-1,-1,-1,-1,-1,-1,True,,,0.0,0.0,no_entry,False,False,1,1,e09ae2026370
2026-07-14,US.META,SHORT,False,-1,-1,-1,-1,-1,-1,True,,,0.0,0.0,no_entry,False,False,1,1,e09ae2026370
2026-07-14,US.MSFT,LONG,True,35,39,605,605,609,609,True,382.997307895,382.84429594,-0.15301195500001086,-0.000399511829054317,soft_failure_loss,False,False,1,1,e09ae2026370
2026-07-14,US.MSFT,SHORT,False,-1,-1,-1,-1,-1,-1,True,,,0.0,0.0,no_entry,False,False,1,1,e09ae2026370
2026-07-14,US.MU,LONG,False,-1,-1,-1,-1,-1,-1,True,,,0.0,0.0,no_entry,False,False,1,1,e09ae2026370
2026-07-14,US.MU,SHORT,False,-1,-1,-1,-1,-1,-1,True,,,0.0,0.0,no_entry,False,False,1,1,e09ae2026370
2026-07-14,US.NVDA,LONG,False,-1,-1,-1,-1,-1,-1,True,,,0.0,0.0,no_entry,False,False,1,1,e09ae2026370
2026-07-14,US.NVDA,SHORT,False,-1,-1,-1,-1,-1,-1,True,,,0.0,0.0,no_entry,False,False,1,1,e09ae2026370
2026-07-14,US.QQQ,LONG,True,132,133,702,702,703,703,True,720.66,720.26,-0.39999999999997726,-0.0005550467626897251,soft_failure_loss,False,False,1,1,e09ae2026370
2026-07-14,US.QQQ,SHORT,False,-1,-1,-1,-1,-1,-1,True,,,0.0,0.0,no_entry,False,False,1,1,e09ae2026370
2026-07-14,US.SPY,LONG,True,67,68,637,637,638,638,True,751.91,751.735,-0.17499999999995453,-0.00023274062055293125,soft_failure_loss,False,False,1,1,e09ae2026370
2026-07-14,US.SPY,SHORT,False,-1,-1,-1,-1,-1,-1,True,,,0.0,0.0,no_entry,False,False,1,1,e09ae2026370
2026-07-14,US.TSLA,LONG,False,-1,-1,-1,-1,-1,-1,True,,,0.0,0.0,no_entry,False,False,1,1,e09ae2026370
2026-07-14,US.TSLA,SHORT,False,-1,-1,-1,-1,-1,-1,True,,,0.0,0.0,no_entry,False,False,1,1,e09ae2026370
2026-07-15,US.AAPL,LONG,False,-1,-1,-1,-1,-1,-1,True,,,0.0,0.0,no_entry,False,False,1,1,e09ae2026370
2026-07-15,US.AAPL,SHORT,False,-1,-1,-1,-1,-1,-1,True,,,0.0,0.0,no_entry,False,False,1,1,e09ae2026370
2026-07-15,US.AMD,LONG,False,-1,-1,-1,-1,-1,-1,True,,,0.0,0.0,no_entry,False,False,1,1,e09ae2026370
2026-07-15,US.AMD,SHORT,False,-1,-1,-1,-1,-1,-1,True,,,0.0,0.0,no_entry,False,False,1,1,e09ae2026370
2026-07-15,US.IWM,LONG,True,70,73,640,640,643,643,True,296.17,295.97,-0.19999999999998863,-0.0006752878414423764,soft_failure_loss,False,False,1,1,e09ae2026370
2026-07-15,US.IWM,SHORT,False,-1,-1,-1,-1,-1,-1,True,,,0.0,0.0,no_entry,False,False,1,1,e09ae2026370
2026-07-15,US.META,LONG,False,-1,-1,-1,-1,-1,-1,True,,,0.0,0.0,no_entry,False,False,1,1,e09ae2026370
2026-07-15,US.META,SHORT,False,-1,-1,-1,-1,-1,-1,True,,,0.0,0.0,no_entry,False,False,1,1,e09ae2026370
2026-07-15,US.MSFT,LONG,True,86,375,656,656,-1,945,True,393.070045974,394.367603324,1.2975573500000337,0.003301084280754026,scheduled_flatten,True,False,1,1,e09ae2026370
2026-07-15,US.MSFT,SHORT,False,-1,-1,-1,-1,-1,-1,True,,,0.0,0.0,no_entry,False,False,1,1,e09ae2026370
2026-07-15,US.MU,LONG,False,-1,-1,-1,-1,-1,-1,True,,,0.0,0.0,no_entry,False,False,1,1,e09ae2026370
2026-07-15,US.MU,SHORT,True,22,23,592,592,593,593,True,949.25,952.715,-3.465000000000032,-0.0036502501975243947,soft_failure_loss,False,False,1,1,e09ae2026370
2026-07-15,US.NVDA,LONG,False,-1,-1,-1,-1,-1,-1,True,,,0.0,0.0,no_entry,False,False,1,1,e09ae2026370
2026-07-15,US.NVDA,SHORT,True,80,263,650,650,833,833,True,210.289692207,209.475603148,0.814089058999997,0.003871274195402042,trailing,False,False,1,1,e09ae2026370
2026-07-15,US.QQQ,LONG,False,-1,-1,-1,-1,-1,-1,True,,,0.0,0.0,no_entry,False,False,1,1,e09ae2026370
2026-07-15,US.QQQ,SHORT,True,17,30,587,587,600,600,True,720.33,720.69,-0.36000000000001364,-0.0004997709383199556,soft_failure_loss,False,False,1,1,e09ae2026370
2026-07-15,US.SPY,LONG,False,-1,-1,-1,-1,-1,-1,True,,,0.0,0.0,no_entry,False,False,1,1,e09ae2026370
2026-07-15,US.SPY,SHORT,True,16,25,586,586,595,595,True,753.995,754.06,-0.06499999999994088,-8.620746821920686e-05,failed_followthrough,False,False,1,1,e09ae2026370
2026-07-15,US.TSLA,LONG,False,-1,-1,-1,-1,-1,-1,True,,,0.0,0.0,no_entry,False,False,1,1,e09ae2026370
2026-07-15,US.TSLA,SHORT,False,-1,-1,-1,-1,-1,-1,True,,,0.0,0.0,no_entry,False,False,1,1,e09ae2026370
2026-07-16,US.AAPL,LONG,True,53,375,623,623,-1,945,True,329.19608313,331.993670336,2.797587206000003,0.008498239649149263,scheduled_flatten,True,False,1,1,e09ae2026370
2026-07-16,US.AAPL,SHORT,False,-1,-1,-1,-1,-1,-1,True,,,0.0,0.0,no_entry,False,False,1,1,e09ae2026370
2026-07-16,US.AMD,LONG,False,-1,-1,-1,-1,-1,-1,True,,,0.0,0.0,no_entry,False,False,1,1,e09ae2026370
2026-07-16,US.AMD,SHORT,True,113,115,683,683,685,685,True,506.79,508.22,-1.4300000000000068,-0.0028216815643560583,soft_failure_loss,False,False,1,1,e09ae2026370
2026-07-16,US.IWM,LONG,True,25,26,595,595,596,596,True,296.31,296.24,-0.06999999999999318,-0.00023623907394280713,soft_failure_loss,False,False,1,1,e09ae2026370
2026-07-16,US.IWM,SHORT,False,-1,-1,-1,-1,-1,-1,True,,,0.0,0.0,no_entry,False,False,1,1,e09ae2026370
2026-07-16,US.META,LONG,False,-1,-1,-1,-1,-1,-1,True,,,0.0,0.0,no_entry,False,False,1,1,e09ae2026370
2026-07-16,US.META,SHORT,False,-1,-1,-1,-1,-1,-1,True,,,0.0,0.0,no_entry,False,False,1,1,e09ae2026370
2026-07-16,US.MSFT,LONG,False,-1,-1,-1,-1,-1,-1,True,,,0.0,0.0,no_entry,False,False,1,1,e09ae2026370
2026-07-16,US.MSFT,SHORT,False,-1,-1,-1,-1,-1,-1,True,,,0.0,0.0,no_entry,False,False,1,1,e09ae2026370
2026-07-16,US.MU,LONG,False,-1,-1,-1,-1,-1,-1,True,,,0.0,0.0,no_entry,False,False,1,1,e09ae2026370
2026-07-16,US.MU,SHORT,True,16,30,586,586,600,600,True,863.81,866.59,-2.7800000000000864,-0.0032183003206724702,soft_failure_loss,False,False,1,1,e09ae2026370
2026-07-16,US.NVDA,LONG,False,-1,-1,-1,-1,-1,-1,True,,,0.0,0.0,no_entry,False,False,1,1,e09ae2026370
2026-07-16,US.NVDA,SHORT,False,-1,-1,-1,-1,-1,-1,True,,,0.0,0.0,no_entry,False,False,1,1,e09ae2026370
2026-07-16,US.QQQ,LONG,False,-1,-1,-1,-1,-1,-1,True,,,0.0,0.0,no_entry,False,False,1,1,e09ae2026370
2026-07-16,US.QQQ,SHORT,False,-1,-1,-1,-1,-1,-1,True,,,0.0,0.0,no_entry,False,False,1,1,e09ae2026370
2026-07-16,US.SPY,LONG,True,96,97,666,666,667,667,True,753.71,753.39,-0.32000000000005,-0.00042456647782310175,soft_failure_loss,False,False,1,1,e09ae2026370
2026-07-16,US.SPY,SHORT,True,20,21,590,590,591,591,True,751.045,751.66,-0.6150000000000091,-0.000818859056381454,soft_failure_loss,False,False,1,1,e09ae2026370
2026-07-16,US.TSLA,LONG,False,-1,-1,-1,-1,-1,-1,True,,,0.0,0.0,no_entry,False,False,1,1,e09ae2026370
2026-07-16,US.TSLA,SHORT,False,-1,-1,-1,-1,-1,-1,True,,,0.0,0.0,no_entry,False,False,1,1,e09ae2026370
2026-07-17,US.AAPL,LONG,False,-1,-1,-1,-1,-1,-1,True,,,0.0,0.0,no_entry,False,False,1,1,e09ae2026370
2026-07-17,US.AAPL,SHORT,False,-1,-1,-1,-1,-1,-1,True,,,0.0,0.0,no_entry,False,False,1,1,e09ae2026370
2026-07-17,US.AMD,LONG,False,-1,-1,-1,-1,-1,-1,True,,,0.0,0.0,no_entry,False,False,1,1,e09ae2026370
2026-07-17,US.AMD,SHORT,False,-1,-1,-1,-1,-1,-1,True,,,0.0,0.0,no_entry,False,False,1,1,e09ae2026370
2026-07-17,US.IWM,LONG,True,76,79,646,646,649,649,True,294.91,294.81,-0.10000000000002274,-0.0003390865009664736,soft_failure_loss,False,False,1,1,e09ae2026370
2026-07-17,US.IWM,SHORT,False,-1,-1,-1,-1,-1,-1,True,,,0.0,0.0,no_entry,False,False,1,1,e09ae2026370
2026-07-17,US.META,LONG,False,-1,-1,-1,-1,-1,-1,True,,,0.0,0.0,no_entry,False,False,1,1,e09ae2026370
2026-07-17,US.META,SHORT,False,-1,-1,-1,-1,-1,-1,True,,,0.0,0.0,no_entry,False,False,1,1,e09ae2026370
2026-07-17,US.MSFT,LONG,False,-1,-1,-1,-1,-1,-1,True,,,0.0,0.0,no_entry,False,False,1,1,e09ae2026370
2026-07-17,US.MSFT,SHORT,True,35,53,605,605,623,623,True,392.411286089,392.590947876,-0.17966178699998636,-0.0004578405192944388,failed_followthrough,False,False,1,1,e09ae2026370
2026-07-17,US.MU,LONG,True,89,92,659,659,662,662,True,853.2984,851.115,-2.183400000000006,-0.0025587766249180895,soft_failure_loss,False,False,1,1,e09ae2026370
2026-07-17,US.MU,SHORT,False,-1,-1,-1,-1,-1,-1,True,,,0.0,0.0,no_entry,False,False,1,1,e09ae2026370
2026-07-17,US.NVDA,LONG,False,-1,-1,-1,-1,-1,-1,True,,,0.0,0.0,no_entry,False,False,1,1,e09ae2026370
2026-07-17,US.NVDA,SHORT,False,-1,-1,-1,-1,-1,-1,True,,,0.0,0.0,no_entry,False,False,1,1,e09ae2026370
2026-07-17,US.QQQ,LONG,True,90,91,660,660,661,661,True,694.54,694.08,-0.4599999999999227,-0.0006623088662998859,soft_failure_loss,False,False,1,1,e09ae2026370
2026-07-17,US.QQQ,SHORT,False,-1,-1,-1,-1,-1,-1,True,,,0.0,0.0,no_entry,False,False,1,1,e09ae2026370
2026-07-17,US.SPY,LONG,True,18,346,588,588,916,916,True,742.67,742.63,-0.03999999999996362,-5.3859722353082285e-05,trailing,False,False,1,1,e09ae2026370
2026-07-17,US.SPY,SHORT,False,-1,-1,-1,-1,-1,-1,True,,,0.0,0.0,no_entry,False,False,1,1,e09ae2026370
2026-07-17,US.TSLA,LONG,False,-1,-1,-1,-1,-1,-1,True,,,0.0,0.0,no_entry,False,False,1,1,e09ae2026370
2026-07-17,US.TSLA,SHORT,False,-1,-1,-1,-1,-1,-1,True,,,0.0,0.0,no_entry,False,False,1,1,e09ae2026370
2026-07-20,US.AAPL,LONG,False,-1,-1,-1,-1,-1,-1,True,,,0.0,0.0,no_entry,False,False,1,1,e09ae2026370
2026-07-20,US.AAPL,SHORT,True,75,341,645,645,911,911,True,327.677392932,328.067056864,-0.38966393200001903,-0.0011891694099289986,trailing,False,False,1,1,e09ae2026370
2026-07-20,US.AMD,LONG,False,-1,-1,-1,-1,-1,-1,True,,,0.0,0.0,no_entry,False,False,1,1,e09ae2026370
2026-07-20,US.AMD,SHORT,True,99,112,669,669,682,682,True,510.18,511.41,-1.2300000000000182,-0.002410913795131166,soft_failure_loss,False,False,1,1,e09ae2026370
2026-07-20,US.IWM,LONG,False,-1,-1,-1,-1,-1,-1,True,,,0.0,0.0,no_entry,False,False,1,1,e09ae2026370
2026-07-20,US.IWM,SHORT,True,29,375,599,599,-1,945,True,294.76,293.015,1.7450000000000045,0.005920070565884125,scheduled_flatten,True,False,1,1,e09ae2026370
2026-07-20,US.META,LONG,False,-1,-1,-1,-1,-1,-1,True,,,0.0,0.0,no_entry,False,False,1,1,e09ae2026370
2026-07-20,US.META,SHORT,False,-1,-1,-1,-1,-1,-1,True,,,0.0,0.0,no_entry,False,False,1,1,e09ae2026370
2026-07-20,US.MSFT,LONG,False,-1,-1,-1,-1,-1,-1,True,,,0.0,0.0,no_entry,False,False,1,1,e09ae2026370
2026-07-20,US.MSFT,SHORT,False,-1,-1,-1,-1,-1,-1,True,,,0.0,0.0,no_entry,False,False,1,1,e09ae2026370
2026-07-20,US.MU,LONG,False,-1,-1,-1,-1,-1,-1,True,,,0.0,0.0,no_entry,False,False,1,1,e09ae2026370
2026-07-20,US.MU,SHORT,True,56,60,626,626,630,630,True,877.47,880.45,-2.980000000000018,-0.003396127502934594,soft_failure_loss,False,False,1,1,e09ae2026370
2026-07-20,US.NVDA,LONG,False,-1,-1,-1,-1,-1,-1,True,,,0.0,0.0,no_entry,False,False,1,1,e09ae2026370
2026-07-20,US.NVDA,SHORT,False,-1,-1,-1,-1,-1,-1,True,,,0.0,0.0,no_entry,False,False,1,1,e09ae2026370
2026-07-20,US.QQQ,LONG,False,-1,-1,-1,-1,-1,-1,True,,,0.0,0.0,no_entry,False,False,1,1,e09ae2026370
2026-07-20,US.QQQ,SHORT,True,38,60,608,608,630,630,True,701.54,701.88,-0.34000000000003183,-0.00048464805998237,failed_followthrough,False,False,1,1,e09ae2026370
2026-07-20,US.SPY,LONG,False,-1,-1,-1,-1,-1,-1,True,,,0.0,0.0,no_entry,False,False,1,1,e09ae2026370
2026-07-20,US.SPY,SHORT,True,61,375,631,631,-1,945,True,745.84,743.0,2.840000000000032,0.003807787192963681,scheduled_flatten,True,False,1,1,e09ae2026370
2026-07-20,US.TSLA,LONG,False,-1,-1,-1,-1,-1,-1,True,,,0.0,0.0,no_entry,False,False,1,1,e09ae2026370
2026-07-20,US.TSLA,SHORT,True,21,22,591,591,592,592,True,379.77,380.46,-0.6899999999999977,-0.0018168891697606386,soft_failure_loss,False,False,1,1,e09ae2026370
2026-07-21,US.AAPL,LONG,False,-1,-1,-1,-1,-1,-1,True,,,0.0,0.0,no_entry,False,False,1,1,e09ae2026370
2026-07-21,US.AAPL,SHORT,False,-1,-1,-1,-1,-1,-1,True,,,0.0,0.0,no_entry,False,False,1,1,e09ae2026370
2026-07-21,US.AMD,LONG,True,22,25,592,592,595,595,True,533.285,530.6,-2.6849999999999454,-0.005034831281584792,soft_failure_loss,False,False,1,1,e09ae2026370
2026-07-21,US.AMD,SHORT,False,-1,-1,-1,-1,-1,-1,True,,,0.0,0.0,no_entry,False,False,1,1,e09ae2026370
2026-07-21,US.IWM,LONG,False,-1,-1,-1,-1,-1,-1,True,,,0.0,0.0,no_entry,False,False,1,1,e09ae2026370
2026-07-21,US.IWM,SHORT,False,-1,-1,-1,-1,-1,-1,True,,,0.0,0.0,no_entry,False,False,1,1,e09ae2026370
2026-07-21,US.META,LONG,False,-1,-1,-1,-1,-1,-1,True,,,0.0,0.0,no_entry,False,False,1,1,e09ae2026370
2026-07-21,US.META,SHORT,False,-1,-1,-1,-1,-1,-1,True,,,0.0,0.0,no_entry,False,False,1,1,e09ae2026370
2026-07-21,US.MSFT,LONG,False,-1,-1,-1,-1,-1,-1,True,,,0.0,0.0,no_entry,False,False,1,1,e09ae2026370
2026-07-21,US.MSFT,SHORT,False,-1,-1,-1,-1,-1,-1,True,,,0.0,0.0,no_entry,False,False,1,1,e09ae2026370
2026-07-21,US.MU,LONG,False,-1,-1,-1,-1,-1,-1,True,,,0.0,0.0,no_entry,False,False,1,1,e09ae2026370
2026-07-21,US.MU,SHORT,False,-1,-1,-1,-1,-1,-1,True,,,0.0,0.0,no_entry,False,False,1,1,e09ae2026370
2026-07-21,US.NVDA,LONG,False,-1,-1,-1,-1,-1,-1,True,,,0.0,0.0,no_entry,False,False,1,1,e09ae2026370
2026-07-21,US.NVDA,SHORT,True,111,112,681,681,682,682,True,205.549995784,206.049436924,-0.4994411399999876,-0.0024297793736022255,soft_failure_loss,False,False,1,1,e09ae2026370
2026-07-21,US.QQQ,LONG,True,136,150,706,706,720,720,True,707.66,707.52,-0.13999999999998636,-0.00019783511855974106,failed_followthrough,False,False,1,1,e09ae2026370
2026-07-21,US.QQQ,SHORT,True,39,44,609,609,614,614,True,703.53,704.08,-0.5500000000000682,-0.0007817719215954803,soft_failure_loss,False,False,1,1,e09ae2026370
2026-07-21,US.SPY,LONG,False,-1,-1,-1,-1,-1,-1,True,,,0.0,0.0,no_entry,False,False,1,1,e09ae2026370
2026-07-21,US.SPY,SHORT,False,-1,-1,-1,-1,-1,-1,True,,,0.0,0.0,no_entry,False,False,1,1,e09ae2026370
2026-07-21,US.TSLA,LONG,True,122,127,692,692,697,697,True,380.9195,380.73,-0.18950000000000955,-0.0004974804387803972,failed_followthrough,False,False,1,1,e09ae2026370
2026-07-21,US.TSLA,SHORT,False,-1,-1,-1,-1,-1,-1,True,,,0.0,0.0,no_entry,False,False,1,1,e09ae2026370
2026-07-22,US.AAPL,LONG,False,-1,-1,-1,-1,-1,-1,True,,,0.0,0.0,no_entry,False,False,1,1,e09ae2026370
2026-07-22,US.AAPL,SHORT,True,80,85,650,650,655,655,True,324.799874663,325.029676469,-0.22980180599995492,-0.0007075181486396462,soft_failure_loss,False,False,1,1,e09ae2026370
2026-07-22,US.AMD,LONG,True,43,46,613,613,616,616,True,549.01,545.76,-3.25,-0.00591974645270578,soft_failure_loss,False,False,1,1,e09ae2026370
2026-07-22,US.AMD,SHORT,False,-1,-1,-1,-1,-1,-1,True,,,0.0,0.0,no_entry,False,False,1,1,e09ae2026370
2026-07-22,US.IWM,LONG,False,-1,-1,-1,-1,-1,-1,True,,,0.0,0.0,no_entry,False,False,1,1,e09ae2026370
2026-07-22,US.IWM,SHORT,True,62,63,632,632,633,633,True,295.14,295.34,-0.19999999999998863,-0.0006776445076912267,soft_failure_loss,False,False,1,1,e09ae2026370
2026-07-22,US.META,LONG,False,-1,-1,-1,-1,-1,-1,True,,,0.0,0.0,no_entry,False,False,1,1,e09ae2026370
2026-07-22,US.META,SHORT,True,128,131,698,698,701,701,True,629.715,630.445,-0.7300000000000182,-0.0011592545834226884,soft_failure_loss,False,False,1,1,e09ae2026370
2026-07-22,US.MSFT,LONG,False,-1,-1,-1,-1,-1,-1,True,,,0.0,0.0,no_entry,False,False,1,1,e09ae2026370
2026-07-22,US.MSFT,SHORT,True,119,375,689,689,-1,945,True,389.167392716,388.009572312,1.157820404000006,0.002975121825905236,scheduled_flatten,True,False,1,1,e09ae2026370
2026-07-22,US.MU,LONG,True,23,40,593,593,610,610,True,965.06,964.19,-0.8699999999998909,-0.0009014983524339325,failed_followthrough,False,False,1,1,e09ae2026370
2026-07-22,US.MU,SHORT,False,-1,-1,-1,-1,-1,-1,True,,,0.0,0.0,no_entry,False,False,1,1,e09ae2026370
2026-07-22,US.NVDA,LONG,True,28,29,598,598,599,599,True,207.447872118,207.31302301,-0.1348491079999974,-0.0006500385211148025,soft_failure_loss,False,False,1,1,e09ae2026370
2026-07-22,US.NVDA,SHORT,False,-1,-1,-1,-1,-1,-1,True,,,0.0,0.0,no_entry,False,False,1,1,e09ae2026370
2026-07-22,US.QQQ,LONG,True,57,72,627,627,642,642,True,706.4,705.965,-0.43499999999994543,-0.000615798414495959,soft_failure_loss,False,False,1,1,e09ae2026370
2026-07-22,US.QQQ,SHORT,False,-1,-1,-1,-1,-1,-1,True,,,0.0,0.0,no_entry,False,False,1,1,e09ae2026370
2026-07-22,US.SPY,LONG,True,27,44,597,597,614,614,True,748.4095,748.23,-0.1794999999999618,-0.00023984195817926122,failed_followthrough,False,False,1,1,e09ae2026370
2026-07-22,US.SPY,SHORT,False,-1,-1,-1,-1,-1,-1,True,,,0.0,0.0,no_entry,False,False,1,1,e09ae2026370
2026-07-22,US.TSLA,LONG,True,24,26,594,594,596,596,True,380.04,379.58,-0.4600000000000364,-0.001210398905378477,soft_failure_loss,False,False,1,1,e09ae2026370
2026-07-22,US.TSLA,SHORT,False,-1,-1,-1,-1,-1,-1,True,,,0.0,0.0,no_entry,False,False,1,1,e09ae2026370
2026-07-23,US.AAPL,LONG,False,-1,-1,-1,-1,-1,-1,True,,,0.0,0.0,no_entry,False,False,1,1,e09ae2026370
2026-07-23,US.AAPL,SHORT,True,29,32,599,599,602,602,True,319.924079817,320.068954869,-0.14487505199997486,-0.00045284197451734464,soft_failure_loss,False,False,1,1,e09ae2026370
2026-07-23,US.AMD,LONG,False,-1,-1,-1,-1,-1,-1,True,,,0.0,0.0,no_entry,False,False,1,1,e09ae2026370
2026-07-23,US.AMD,SHORT,False,-1,-1,-1,-1,-1,-1,True,,,0.0,0.0,no_entry,False,False,1,1,e09ae2026370
2026-07-23,US.IWM,LONG,False,-1,-1,-1,-1,-1,-1,True,,,0.0,0.0,no_entry,False,False,1,1,e09ae2026370
2026-07-23,US.IWM,SHORT,False,-1,-1,-1,-1,-1,-1,True,,,0.0,0.0,no_entry,False,False,1,1,e09ae2026370
2026-07-23,US.META,LONG,False,-1,-1,-1,-1,-1,-1,True,,,0.0,0.0,no_entry,False,False,1,1,e09ae2026370
2026-07-23,US.META,SHORT,True,147,152,717,717,722,722,True,601.46,602.42,-0.9599999999999227,-0.0015961161174474156,soft_failure_loss,False,False,1,1,e09ae2026370
2026-07-23,US.MSFT,LONG,False,-1,-1,-1,-1,-1,-1,True,,,0.0,0.0,no_entry,False,False,1,1,e09ae2026370
2026-07-23,US.MSFT,SHORT,False,-1,-1,-1,-1,-1,-1,True,,,0.0,0.0,no_entry,False,False,1,1,e09ae2026370
2026-07-23,US.MU,LONG,False,-1,-1,-1,-1,-1,-1,True,,,0.0,0.0,no_entry,False,False,1,1,e09ae2026370
2026-07-23,US.MU,SHORT,False,-1,-1,-1,-1,-1,-1,True,,,0.0,0.0,no_entry,False,False,1,1,e09ae2026370
2026-07-23,US.NVDA,LONG,False,-1,-1,-1,-1,-1,-1,True,,,0.0,0.0,no_entry,False,False,1,1,e09ae2026370
2026-07-23,US.NVDA,SHORT,False,-1,-1,-1,-1,-1,-1,True,,,0.0,0.0,no_entry,False,False,1,1,e09ae2026370
2026-07-23,US.QQQ,LONG,False,-1,-1,-1,-1,-1,-1,True,,,0.0,0.0,no_entry,False,False,1,1,e09ae2026370
2026-07-23,US.QQQ,SHORT,True,149,151,719,719,721,721,True,691.41,691.8,-0.38999999999998636,-0.0005640647372759816,soft_failure_loss,False,False,1,1,e09ae2026370
2026-07-23,US.SPY,LONG,False,-1,-1,-1,-1,-1,-1,True,,,0.0,0.0,no_entry,False,False,1,1,e09ae2026370
2026-07-23,US.SPY,SHORT,True,150,153,720,720,723,723,True,737.845,738.19,-0.3450000000000273,-0.00046757787882282495,soft_failure_loss,False,False,1,1,e09ae2026370
2026-07-23,US.TSLA,LONG,False,-1,-1,-1,-1,-1,-1,True,,,0.0,0.0,no_entry,False,False,1,1,e09ae2026370
2026-07-23,US.TSLA,SHORT,False,-1,-1,-1,-1,-1,-1,True,,,0.0,0.0,no_entry,False,False,1,1,e09ae2026370
2026-07-24,US.AAPL,LONG,False,-1,-1,-1,-1,-1,-1,True,,,0.0,0.0,no_entry,False,False,1,1,e09ae2026370
2026-07-24,US.AAPL,SHORT,False,-1,-1,-1,-1,-1,-1,True,,,0.0,0.0,no_entry,False,False,1,1,e09ae2026370
2026-07-24,US.AMD,LONG,False,-1,-1,-1,-1,-1,-1,True,,,0.0,0.0,no_entry,False,False,1,1,e09ae2026370
2026-07-24,US.AMD,SHORT,True,38,42,608,608,612,612,True,529.1,529.3501,-0.2500999999999749,-0.00047268947268942524,soft_failure_loss,False,False,1,1,e09ae2026370
2026-07-24,US.IWM,LONG,False,-1,-1,-1,-1,-1,-1,True,,,0.0,0.0,no_entry,False,False,1,1,e09ae2026370
2026-07-24,US.IWM,SHORT,True,24,105,594,594,675,675,True,291.87,292.71,-0.839999999999975,-0.0028779936272997396,trailing,False,False,1,1,e09ae2026370
2026-07-24,US.META,LONG,False,-1,-1,-1,-1,-1,-1,True,,,0.0,0.0,no_entry,False,False,1,1,e09ae2026370
2026-07-24,US.META,SHORT,False,-1,-1,-1,-1,-1,-1,True,,,0.0,0.0,no_entry,False,False,1,1,e09ae2026370
2026-07-24,US.MSFT,LONG,False,-1,-1,-1,-1,-1,-1,True,,,0.0,0.0,no_entry,False,False,1,1,e09ae2026370
2026-07-24,US.MSFT,SHORT,False,-1,-1,-1,-1,-1,-1,True,,,0.0,0.0,no_entry,False,False,1,1,e09ae2026370
2026-07-24,US.MU,LONG,False,-1,-1,-1,-1,-1,-1,True,,,0.0,0.0,no_entry,False,False,1,1,e09ae2026370
2026-07-24,US.MU,SHORT,True,21,375,591,591,-1,945,True,941.68,913.86,27.819999999999936,0.029542944524679232,scheduled_flatten,True,False,1,1,e09ae2026370
2026-07-24,US.NVDA,LONG,False,-1,-1,-1,-1,-1,-1,True,,,0.0,0.0,no_entry,False,False,1,1,e09ae2026370
2026-07-24,US.NVDA,SHORT,False,-1,-1,-1,-1,-1,-1,True,,,0.0,0.0,no_entry,False,False,1,1,e09ae2026370
2026-07-24,US.QQQ,LONG,False,-1,-1,-1,-1,-1,-1,True,,,0.0,0.0,no_entry,False,False,1,1,e09ae2026370
2026-07-24,US.QQQ,SHORT,True,36,38,606,606,608,608,True,686.36,686.82,-0.4600000000000364,-0.0006702022262370132,soft_failure_loss,False,False,1,1,e09ae2026370
2026-07-24,US.SPY,LONG,False,-1,-1,-1,-1,-1,-1,True,,,0.0,0.0,no_entry,False,False,1,1,e09ae2026370
2026-07-24,US.SPY,SHORT,True,22,34,592,592,604,604,True,738.29,738.43,-0.13999999999998636,-0.00018962738219397034,soft_failure_loss,False,False,1,1,e09ae2026370
2026-07-24,US.TSLA,LONG,False,-1,-1,-1,-1,-1,-1,True,,,0.0,0.0,no_entry,False,False,1,1,e09ae2026370
2026-07-24,US.TSLA,SHORT,True,34,375,604,604,-1,945,True,316.0271,310.78,5.247100000000046,0.016603322942874348,scheduled_flatten,True,False,1,1,e09ae2026370
2026-07-27,US.AAPL,LONG,True,62,67,632,632,637,637,True,336.949396245,336.839491033,-0.10990521200000103,-0.00032617720412856185,soft_failure_loss,False,False,1,1,e09ae2026370
2026-07-27,US.AAPL,SHORT,False,-1,-1,-1,-1,-1,-1,True,,,0.0,0.0,no_entry,False,False,1,1,e09ae2026370
2026-07-27,US.AMD,LONG,False,-1,-1,-1,-1,-1,-1,True,,,0.0,0.0,no_entry,False,False,1,1,e09ae2026370
2026-07-27,US.AMD,SHORT,False,-1,-1,-1,-1,-1,-1,True,,,0.0,0.0,no_entry,False,False,1,1,e09ae2026370
2026-07-27,US.IWM,LONG,False,-1,-1,-1,-1,-1,-1,True,,,0.0,0.0,no_entry,False,False,1,1,e09ae2026370
2026-07-27,US.IWM,SHORT,True,90,375,660,660,-1,945,True,293.3,293.0201,0.2798999999999978,0.0009543129901125054,scheduled_flatten,True,False,1,1,e09ae2026370
2026-07-27,US.META,LONG,False,-1,-1,-1,-1,-1,-1,True,,,0.0,0.0,no_entry,False,False,1,1,e09ae2026370
2026-07-27,US.META,SHORT,False,-1,-1,-1,-1,-1,-1,True,,,0.0,0.0,no_entry,False,False,1,1,e09ae2026370
2026-07-27,US.MSFT,LONG,False,-1,-1,-1,-1,-1,-1,True,,,0.0,0.0,no_entry,False,False,1,1,e09ae2026370
2026-07-27,US.MSFT,SHORT,False,-1,-1,-1,-1,-1,-1,True,,,0.0,0.0,no_entry,False,False,1,1,e09ae2026370
2026-07-27,US.MU,LONG,False,-1,-1,-1,-1,-1,-1,True,,,0.0,0.0,no_entry,False,False,1,1,e09ae2026370
2026-07-27,US.MU,SHORT,False,-1,-1,-1,-1,-1,-1,True,,,0.0,0.0,no_entry,False,False,1,1,e09ae2026370
2026-07-27,US.NVDA,LONG,False,-1,-1,-1,-1,-1,-1,True,,,0.0,0.0,no_entry,False,False,1,1,e09ae2026370
2026-07-27,US.NVDA,SHORT,False,-1,-1,-1,-1,-1,-1,True,,,0.0,0.0,no_entry,False,False,1,1,e09ae2026370
2026-07-27,US.QQQ,LONG,False,-1,-1,-1,-1,-1,-1,True,,,0.0,0.0,no_entry,False,False,1,1,e09ae2026370
2026-07-27,US.QQQ,SHORT,True,96,375,666,666,-1,945,True,682.02,681.67,0.35000000000002274,0.0005131814316296044,scheduled_flatten,True,False,1,1,e09ae2026370
2026-07-27,US.SPY,LONG,False,-1,-1,-1,-1,-1,-1,True,,,0.0,0.0,no_entry,False,False,1,1,e09ae2026370
2026-07-27,US.SPY,SHORT,True,98,375,668,668,-1,945,True,739.87,738.96,0.9099999999999682,0.0012299458012893726,scheduled_flatten,True,False,1,1,e09ae2026370
2026-07-27,US.TSLA,LONG,False,-1,-1,-1,-1,-1,-1,True,,,0.0,0.0,no_entry,False,False,1,1,e09ae2026370
2026-07-27,US.TSLA,SHORT,True,82,83,652,652,653,653,True,307.56,308.11,-0.5500000000000114,-0.0017882689556509668,soft_failure_loss,False,False,1,1,e09ae2026370
2026-07-28,US.AAPL,LONG,False,-1,-1,-1,-1,-1,-1,True,,,0.0,0.0,no_entry,False,False,1,1,e09ae2026370
2026-07-28,US.AAPL,SHORT,True,69,72,639,639,642,642,True,337.408999857,337.528896452,-0.11989659500000016,-0.0003553449820568345,soft_failure_loss,False,False,1,1,e09ae2026370
2026-07-28,US.AMD,LONG,False,-1,-1,-1,-1,-1,-1,True,,,0.0,0.0,no_entry,False,False,1,1,e09ae2026370
2026-07-28,US.AMD,SHORT,True,66,68,636,636,638,638,True,450.46,451.35,-0.8900000000000432,-0.0019757581139280807,soft_failure_loss,False,False,1,1,e09ae2026370
2026-07-28,US.IWM,LONG,False,-1,-1,-1,-1,-1,-1,True,,,0.0,0.0,no_entry,False,False,1,1,e09ae2026370
2026-07-28,US.IWM,SHORT,True,43,109,613,613,679,679,True,291.37,292.46,-1.089999999999975,-0.003740947935614425,trailing,False,False,1,1,e09ae2026370
2026-07-28,US.META,LONG,False,-1,-1,-1,-1,-1,-1,True,,,0.0,0.0,no_entry,False,False,1,1,e09ae2026370
2026-07-28,US.META,SHORT,True,22,23,592,592,593,593,True,593.62,595.47,-1.8500000000000227,-0.0031164718169873367,soft_failure_loss,False,False,1,1,e09ae2026370
2026-07-28,US.MSFT,LONG,False,-1,-1,-1,-1,-1,-1,True,,,0.0,0.0,no_entry,False,False,1,1,e09ae2026370
2026-07-28,US.MSFT,SHORT,False,-1,-1,-1,-1,-1,-1,True,,,0.0,0.0,no_entry,False,False,1,1,e09ae2026370
2026-07-28,US.MU,LONG,False,-1,-1,-1,-1,-1,-1,True,,,0.0,0.0,no_entry,False,False,1,1,e09ae2026370
2026-07-28,US.MU,SHORT,True,31,35,601,601,605,605,True,812.64,815.54,-2.8999999999999773,-0.0035686158692655756,soft_failure_loss,False,False,1,1,e09ae2026370
2026-07-28,US.NVDA,LONG,False,-1,-1,-1,-1,-1,-1,True,,,0.0,0.0,no_entry,False,False,1,1,e09ae2026370
2026-07-28,US.NVDA,SHORT,True,26,27,596,596,597,597,True,193.278726962,193.753196045,-0.47446908300000246,-0.002454843791956921,soft_failure_loss,False,False,1,1,e09ae2026370
2026-07-28,US.QQQ,LONG,False,-1,-1,-1,-1,-1,-1,True,,,0.0,0.0,no_entry,False,False,1,1,e09ae2026370
2026-07-28,US.QQQ,SHORT,True,38,66,608,608,636,636,True,670.7998,670.958,-0.15819999999996526,-0.00023583787592060292,failed_followthrough,False,False,1,1,e09ae2026370
2026-07-28,US.SPY,LONG,False,-1,-1,-1,-1,-1,-1,True,,,0.0,0.0,no_entry,False,False,1,1,e09ae2026370
2026-07-28,US.SPY,SHORT,False,-1,-1,-1,-1,-1,-1,True,,,0.0,0.0,no_entry,False,False,1,1,e09ae2026370
2026-07-28,US.TSLA,LONG,False,-1,-1,-1,-1,-1,-1,True,,,0.0,0.0,no_entry,False,False,1,1,e09ae2026370
2026-07-28,US.TSLA,SHORT,True,39,41,609,609,611,611,True,302.1999,303.0005,-0.8005999999999744,-0.002649239791277146,soft_failure_loss,False,False,1,1,e09ae2026370
2026-07-29,US.AAPL,LONG,True,37,38,607,607,608,608,True,342.329755926,342.20486364,-0.12489228600003344,-0.00036483035388554095,soft_failure_loss,False,False,1,1,e09ae2026370
2026-07-29,US.AAPL,SHORT,False,-1,-1,-1,-1,-1,-1,True,,,0.0,0.0,no_entry,False,False,1,1,e09ae2026370
2026-07-29,US.AMD,LONG,False,-1,-1,-1,-1,-1,-1,True,,,0.0,0.0,no_entry,False,False,1,1,e09ae2026370
2026-07-29,US.AMD,SHORT,True,42,310,612,612,880,880,True,441.62,444.22,-2.6000000000000227,-0.005887414519270012,trailing,False,False,1,1,e09ae2026370
2026-07-29,US.IWM,LONG,False,-1,-1,-1,-1,-1,-1,True,,,0.0,0.0,no_entry,False,False,1,1,e09ae2026370
2026-07-29,US.IWM,SHORT,True,31,33,601,601,603,603,True,292.07,292.21,-0.13999999999998636,-0.0004793371452048699,soft_failure_loss,False,False,1,1,e09ae2026370
2026-07-29,US.META,LONG,False,-1,-1,-1,-1,-1,-1,True,,,0.0,0.0,no_entry,False,False,1,1,e09ae2026370
2026-07-29,US.META,SHORT,True,18,31,588,588,601,601,True,589.43,590.76,-1.330000000000041,-0.002256417216633088,soft_failure_loss,False,False,1,1,e09ae2026370
2026-07-29,US.MSFT,LONG,False,-1,-1,-1,-1,-1,-1,True,,,0.0,0.0,no_entry,False,False,1,1,e09ae2026370
2026-07-29,US.MSFT,SHORT,False,-1,-1,-1,-1,-1,-1,True,,,0.0,0.0,no_entry,False,False,1,1,e09ae2026370
2026-07-29,US.MU,LONG,False,-1,-1,-1,-1,-1,-1,True,,,0.0,0.0,no_entry,False,False,1,1,e09ae2026370
2026-07-29,US.MU,SHORT,False,-1,-1,-1,-1,-1,-1,True,,,0.0,0.0,no_entry,False,False,1,1,e09ae2026370
2026-07-29,US.NVDA,LONG,False,-1,-1,-1,-1,-1,-1,True,,,0.0,0.0,no_entry,False,False,1,1,e09ae2026370
2026-07-29,US.NVDA,SHORT,True,83,89,653,653,659,659,True,192.075073813,192.149989984,-0.07491617100001235,-0.00039003588291185073,failed_followthrough,False,False,1,1,e09ae2026370
2026-07-29,US.QQQ,LONG,False,-1,-1,-1,-1,-1,-1,True,,,0.0,0.0,no_entry,False,False,1,1,e09ae2026370
2026-07-29,US.QQQ,SHORT,False,-1,-1,-1,-1,-1,-1,True,,,0.0,0.0,no_entry,False,False,1,1,e09ae2026370
2026-07-29,US.SPY,LONG,False,-1,-1,-1,-1,-1,-1,True,,,0.0,0.0,no_entry,False,False,1,1,e09ae2026370
2026-07-29,US.SPY,SHORT,True,33,215,603,603,785,785,True,737.78,735.895,1.884999999999991,0.0025549621838488316,trailing,False,False,1,1,e09ae2026370
2026-07-29,US.TSLA,LONG,False,-1,-1,-1,-1,-1,-1,True,,,0.0,0.0,no_entry,False,False,1,1,e09ae2026370
2026-07-29,US.TSLA,SHORT,True,92,93,662,662,663,663,True,302.665,303.065,-0.39999999999997726,-0.0013215931805791129,soft_failure_loss,False,False,1,1,e09ae2026370
2026-07-30,US.AAPL,LONG,False,-1,-1,-1,-1,-1,-1,True,,,0.0,0.0,no_entry,False,False,1,1,e09ae2026370
2026-07-30,US.AAPL,SHORT,False,-1,-1,-1,-1,-1,-1,True,,,0.0,0.0,no_entry,False,False,1,1,e09ae2026370
2026-07-30,US.AMD,LONG,True,85,86,655,655,656,656,True,485.32,484.06,-1.259999999999991,-0.002596225171021163,soft_failure_loss,False,False,1,1,e09ae2026370
2026-07-30,US.AMD,SHORT,False,-1,-1,-1,-1,-1,-1,True,,,0.0,0.0,no_entry,False,False,1,1,e09ae2026370
2026-07-30,US.IWM,LONG,False,-1,-1,-1,-1,-1,-1,True,,,0.0,0.0,no_entry,False,False,1,1,e09ae2026370
2026-07-30,US.IWM,SHORT,False,-1,-1,-1,-1,-1,-1,True,,,0.0,0.0,no_entry,False,False,1,1,e09ae2026370
2026-07-30,US.META,LONG,False,-1,-1,-1,-1,-1,-1,True,,,0.0,0.0,no_entry,False,False,1,1,e09ae2026370
2026-07-30,US.META,SHORT,False,-1,-1,-1,-1,-1,-1,True,,,0.0,0.0,no_entry,False,False,1,1,e09ae2026370
2026-07-30,US.MSFT,LONG,False,-1,-1,-1,-1,-1,-1,True,,,0.0,0.0,no_entry,False,False,1,1,e09ae2026370
2026-07-30,US.MSFT,SHORT,False,-1,-1,-1,-1,-1,-1,True,,,0.0,0.0,no_entry,False,False,1,1,e09ae2026370
2026-07-30,US.MU,LONG,True,38,39,608,608,609,609,True,825.16,823.635,-1.5249999999999773,-0.0018481264239662335,soft_failure_loss,False,False,1,1,e09ae2026370
2026-07-30,US.MU,SHORT,False,-1,-1,-1,-1,-1,-1,True,,,0.0,0.0,no_entry,False,False,1,1,e09ae2026370
2026-07-30,US.NVDA,LONG,True,78,84,648,648,654,654,True,194.911899491,194.876938611,-0.03496087999999986,-0.0001793676019334785,failed_followthrough,False,False,1,1,e09ae2026370
2026-07-30,US.NVDA,SHORT,False,-1,-1,-1,-1,-1,-1,True,,,0.0,0.0,no_entry,False,False,1,1,e09ae2026370
2026-07-30,US.QQQ,LONG,True,82,83,652,652,653,653,True,680.8,680.31,-0.4900000000000091,-0.0007197414806110593,soft_failure_loss,False,False,1,1,e09ae2026370
2026-07-30,US.QQQ,SHORT,False,-1,-1,-1,-1,-1,-1,True,,,0.0,0.0,no_entry,False,False,1,1,e09ae2026370
2026-07-30,US.SPY,LONG,True,39,41,609,609,611,611,True,737.755,737.64,-0.1150000000000091,-0.00015587830648387214,soft_failure_loss,False,False,1,1,e09ae2026370
2026-07-30,US.SPY,SHORT,False,-1,-1,-1,-1,-1,-1,True,,,0.0,0.0,no_entry,False,False,1,1,e09ae2026370
2026-07-30,US.TSLA,LONG,False,-1,-1,-1,-1,-1,-1,True,,,0.0,0.0,no_entry,False,False,1,1,e09ae2026370
2026-07-30,US.TSLA,SHORT,False,-1,-1,-1,-1,-1,-1,True,,,0.0,0.0,no_entry,False,False,1,1,e09ae2026370
2026-07-31,US.AAPL,LONG,False,-1,-1,-1,-1,-1,-1,True,,,0.0,0.0,no_entry,False,False,1,1,e09ae2026370
2026-07-31,US.AAPL,SHORT,False,-1,-1,-1,-1,-1,-1,True,,,0.0,0.0,no_entry,False,False,1,1,e09ae2026370
2026-07-31,US.AMD,LONG,False,-1,-1,-1,-1,-1,-1,True,,,0.0,0.0,no_entry,False,False,1,1,e09ae2026370
2026-07-31,US.AMD,SHORT,True,84,106,654,654,676,676,True,493.18,494.73,-1.5500000000000114,-0.0031428687294699936,failed_followthrough,False,False,1,1,e09ae2026370
2026-07-31,US.IWM,LONG,False,-1,-1,-1,-1,-1,-1,True,,,0.0,0.0,no_entry,False,False,1,1,e09ae2026370
2026-07-31,US.IWM,SHORT,True,62,66,632,632,636,636,True,289.94,290.165,-0.22500000000002274,-0.0007760226253708448,soft_failure_loss,False,False,1,1,e09ae2026370
2026-07-31,US.META,LONG,False,-1,-1,-1,-1,-1,-1,True,,,0.0,0.0,no_entry,False,False,1,1,e09ae2026370
2026-07-31,US.META,SHORT,False,-1,-1,-1,-1,-1,-1,True,,,0.0,0.0,no_entry,False,False,1,1,e09ae2026370
2026-07-31,US.MSFT,LONG,False,-1,-1,-1,-1,-1,-1,True,,,0.0,0.0,no_entry,False,False,1,1,e09ae2026370
2026-07-31,US.MSFT,SHORT,False,-1,-1,-1,-1,-1,-1,True,,,0.0,0.0,no_entry,False,False,1,1,e09ae2026370
2026-07-31,US.MU,LONG,False,-1,-1,-1,-1,-1,-1,True,,,0.0,0.0,no_entry,False,False,1,1,e09ae2026370
2026-07-31,US.MU,SHORT,False,-1,-1,-1,-1,-1,-1,True,,,0.0,0.0,no_entry,False,False,1,1,e09ae2026370
2026-07-31,US.NVDA,LONG,False,-1,-1,-1,-1,-1,-1,True,,,0.0,0.0,no_entry,False,False,1,1,e09ae2026370
2026-07-31,US.NVDA,SHORT,False,-1,-1,-1,-1,-1,-1,True,,,0.0,0.0,no_entry,False,False,1,1,e09ae2026370
2026-07-31,US.QQQ,LONG,False,-1,-1,-1,-1,-1,-1,True,,,0.0,0.0,no_entry,False,False,1,1,e09ae2026370
2026-07-31,US.QQQ,SHORT,True,80,82,650,650,652,652,True,686.19,686.39,-0.1999999999999318,-0.00029146446319522546,soft_failure_loss,False,False,1,1,e09ae2026370
2026-07-31,US.SPY,LONG,False,-1,-1,-1,-1,-1,-1,True,,,0.0,0.0,no_entry,False,False,1,1,e09ae2026370
2026-07-31,US.SPY,SHORT,True,62,63,632,632,633,633,True,740.7,740.84,-0.13999999999998636,-0.00018901039557173803,soft_failure_loss,False,False,1,1,e09ae2026370
2026-07-31,US.TSLA,LONG,False,-1,-1,-1,-1,-1,-1,True,,,0.0,0.0,no_entry,False,False,1,1,e09ae2026370
2026-07-31,US.TSLA,SHORT,True,75,76,645,645,646,646,True,305.95,306.86,-0.910000000000025,-0.002974342212779948,soft_failure_loss,False,False,1,1,e09ae2026370
2026-08-03,US.AAPL,LONG,False,-1,-1,-1,-1,-1,-1,True,,,0.0,0.0,no_entry,False,False,1,1,e09ae2026370
2026-08-03,US.AAPL,SHORT,False,-1,-1,-1,-1,-1,-1,True,,,0.0,0.0,no_entry,False,False,1,1,e09ae2026370
2026-08-03,US.AMD,LONG,False,-1,-1,-1,-1,-1,-1,True,,,0.0,0.0,no_entry,False,False,1,1,e09ae2026370
2026-08-03,US.AMD,SHORT,False,-1,-1,-1,-1,-1,-1,True,,,0.0,0.0,no_entry,False,False,1,1,e09ae2026370
2026-08-03,US.IWM,LONG,True,119,123,689,689,693,693,True,295.33,295.26,-0.06999999999999318,-0.00023702299123012623,soft_failure_loss,False,False,1,1,e09ae2026370
2026-08-03,US.IWM,SHORT,False,-1,-1,-1,-1,-1,-1,True,,,0.0,0.0,no_entry,False,False,1,1,e09ae2026370
2026-08-03,US.META,LONG,True,60,62,630,630,632,632,True,586.79,585.455,-1.3349999999999227,-0.0022750898958740313,soft_failure_loss,False,False,1,1,e09ae2026370
2026-08-03,US.META,SHORT,False,-1,-1,-1,-1,-1,-1,True,,,0.0,0.0,no_entry,False,False,1,1,e09ae2026370
2026-08-03,US.MSFT,LONG,False,-1,-1,-1,-1,-1,-1,True,,,0.0,0.0,no_entry,False,False,1,1,e09ae2026370
2026-08-03,US.MSFT,SHORT,False,-1,-1,-1,-1,-1,-1,True,,,0.0,0.0,no_entry,False,False,1,1,e09ae2026370
2026-08-03,US.MU,LONG,True,117,119,687,687,689,689,True,808.16,805.0,-3.159999999999968,-0.003910116808552723,soft_failure_loss,False,False,1,1,e09ae2026370
2026-08-03,US.MU,SHORT,False,-1,-1,-1,-1,-1,-1,True,,,0.0,0.0,no_entry,False,False,1,1,e09ae2026370
2026-08-03,US.NVDA,LONG,False,-1,-1,-1,-1,-1,-1,True,,,0.0,0.0,no_entry,False,False,1,1,e09ae2026370
2026-08-03,US.NVDA,SHORT,False,-1,-1,-1,-1,-1,-1,True,,,0.0,0.0,no_entry,False,False,1,1,e09ae2026370
2026-08-03,US.QQQ,LONG,False,-1,-1,-1,-1,-1,-1,True,,,0.0,0.0,no_entry,False,False,1,1,e09ae2026370
2026-08-03,US.QQQ,SHORT,False,-1,-1,-1,-1,-1,-1,True,,,0.0,0.0,no_entry,False,False,1,1,e09ae2026370
2026-08-03,US.SPY,LONG,False,-1,-1,-1,-1,-1,-1,True,,,0.0,0.0,no_entry,False,False,1,1,e09ae2026370
2026-08-03,US.SPY,SHORT,False,-1,-1,-1,-1,-1,-1,True,,,0.0,0.0,no_entry,False,False,1,1,e09ae2026370
2026-08-03,US.TSLA,LONG,False,-1,-1,-1,-1,-1,-1,True,,,0.0,0.0,no_entry,False,False,1,1,e09ae2026370
2026-08-03,US.TSLA,SHORT,False,-1,-1,-1,-1,-1,-1,True,,,0.0,0.0,no_entry,False,False,1,1,e09ae2026370
2026-08-04,US.AAPL,LONG,True,23,25,593,593,595,595,True,304.337522524,303.917884443,-0.4196380810000164,-0.001378857518191579,soft_failure_loss,False,False,1,1,e09ae2026370
2026-08-04,US.AAPL,SHORT,False,-1,-1,-1,-1,-1,-1,True,,,0.0,0.0,no_entry,False,False,1,1,e09ae2026370
2026-08-04,US.AMD,LONG,True,84,86,654,654,656,656,True,517.385,516.05,-1.3350000000000364,-0.0025802835412701113,soft_failure_loss,False,False,1,1,e09ae2026370
2026-08-04,US.AMD,SHORT,False,-1,-1,-1,-1,-1,-1,True,,,0.0,0.0,no_entry,False,False,1,1,e09ae2026370
2026-08-04,US.IWM,LONG,True,53,55,623,623,625,625,True,298.63,298.45,-0.18000000000000682,-0.0006027525700700091,soft_failure_loss,False,False,1,1,e09ae2026370
2026-08-04,US.IWM,SHORT,True,19,20,589,589,590,590,True,297.38,297.46,-0.07999999999998408,-0.00026901607371035066,soft_failure_loss,False,False,1,1,e09ae2026370
2026-08-04,US.META,LONG,False,-1,-1,-1,-1,-1,-1,True,,,0.0,0.0,no_entry,False,False,1,1,e09ae2026370
2026-08-04,US.META,SHORT,False,-1,-1,-1,-1,-1,-1,True,,,0.0,0.0,no_entry,False,False,1,1,e09ae2026370
2026-08-04,US.MSFT,LONG,False,-1,-1,-1,-1,-1,-1,True,,,0.0,0.0,no_entry,False,False,1,1,e09ae2026370
2026-08-04,US.MSFT,SHORT,False,-1,-1,-1,-1,-1,-1,True,,,0.0,0.0,no_entry,False,False,1,1,e09ae2026370
2026-08-04,US.MU,LONG,False,-1,-1,-1,-1,-1,-1,True,,,0.0,0.0,no_entry,False,False,1,1,e09ae2026370
2026-08-04,US.MU,SHORT,False,-1,-1,-1,-1,-1,-1,True,,,0.0,0.0,no_entry,False,False,1,1,e09ae2026370
2026-08-04,US.NVDA,LONG,False,-1,-1,-1,-1,-1,-1,True,,,0.0,0.0,no_entry,False,False,1,1,e09ae2026370
2026-08-04,US.NVDA,SHORT,True,56,59,626,626,629,629,True,209.85208188,210.044966048,-0.19288416800000618,-0.0009191434570103689,soft_failure_loss,False,False,1,1,e09ae2026370
2026-08-04,US.QQQ,LONG,True,32,375,602,602,-1,945,True,713.83,725.49,11.659999999999968,0.016334421360828164,scheduled_flatten,True,False,1,1,e09ae2026370
2026-08-04,US.QQQ,SHORT,False,-1,-1,-1,-1,-1,-1,True,,,0.0,0.0,no_entry,False,False,1,1,e09ae2026370
2026-08-04,US.SPY,LONG,True,16,17,586,586,587,587,True,762.48,762.17,-0.3100000000000591,-0.00040656804112902515,soft_failure_loss,False,False,1,1,e09ae2026370
2026-08-04,US.SPY,SHORT,False,-1,-1,-1,-1,-1,-1,True,,,0.0,0.0,no_entry,False,False,1,1,e09ae2026370
2026-08-04,US.TSLA,LONG,False,-1,-1,-1,-1,-1,-1,True,,,0.0,0.0,no_entry,False,False,1,1,e09ae2026370
2026-08-04,US.TSLA,SHORT,False,-1,-1,-1,-1,-1,-1,True,,,0.0,0.0,no_entry,False,False,1,1,e09ae2026370
2026-08-05,US.AAPL,LONG,True,109,116,679,679,686,686,True,309.333213964,309.293048605,-0.04016535899995688,-0.00012984496066636834,failed_followthrough,False,False,1,1,e09ae2026370
2026-08-05,US.AAPL,SHORT,False,-1,-1,-1,-1,-1,-1,True,,,0.0,0.0,no_entry,False,False,1,1,e09ae2026370
2026-08-05,US.AMD,LONG,False,-1,-1,-1,-1,-1,-1,True,,,0.0,0.0,no_entry,False,False,1,1,e09ae2026370
2026-08-05,US.AMD,SHORT,False,-1,-1,-1,-1,-1,-1,True,,,0.0,0.0,no_entry,False,False,1,1,e09ae2026370
2026-08-05,US.IWM,LONG,False,-1,-1,-1,-1,-1,-1,True,,,0.0,0.0,no_entry,False,False,1,1,e09ae2026370
2026-08-05,US.IWM,SHORT,False,-1,-1,-1,-1,-1,-1,True,,,0.0,0.0,no_entry,False,False,1,1,e09ae2026370
2026-08-05,US.META,LONG,False,-1,-1,-1,-1,-1,-1,True,,,0.0,0.0,no_entry,False,False,1,1,e09ae2026370
2026-08-05,US.META,SHORT,False,-1,-1,-1,-1,-1,-1,True,,,0.0,0.0,no_entry,False,False,1,1,e09ae2026370
2026-08-05,US.MSFT,LONG,False,-1,-1,-1,-1,-1,-1,True,,,0.0,0.0,no_entry,False,False,1,1,e09ae2026370
2026-08-05,US.MSFT,SHORT,True,101,104,671,671,674,674,True,489.004449542,489.328838879,-0.3243893370000137,-0.0006633668411480421,soft_failure_loss,False,False,1,1,e09ae2026370
2026-08-05,US.MU,LONG,True,40,52,610,610,622,622,True,917.24,916.35,-0.8899999999999864,-0.0009703022109807535,failed_followthrough,False,False,1,1,e09ae2026370
2026-08-05,US.MU,SHORT,False,-1,-1,-1,-1,-1,-1,True,,,0.0,0.0,no_entry,False,False,1,1,e09ae2026370
2026-08-05,US.NVDA,LONG,False,-1,-1,-1,-1,-1,-1,True,,,0.0,0.0,no_entry,False,False,1,1,e09ae2026370
2026-08-05,US.NVDA,SHORT,False,-1,-1,-1,-1,-1,-1,True,,,0.0,0.0,no_entry,False,False,1,1,e09ae2026370
2026-08-05,US.QQQ,LONG,False,-1,-1,-1,-1,-1,-1,True,,,0.0,0.0,no_entry,False,False,1,1,e09ae2026370
2026-08-05,US.QQQ,SHORT,True,79,80,649,649,650,650,True,723.79,724.12,-0.3300000000000409,-0.00045593335083386196,soft_failure_loss,False,False,1,1,e09ae2026370
2026-08-05,US.SPY,LONG,False,-1,-1,-1,-1,-1,-1,True,,,0.0,0.0,no_entry,False,False,1,1,e09ae2026370
2026-08-05,US.SPY,SHORT,True,23,24,593,593,594,594,True,775.18,775.415,-0.23500000000001364,-0.0003031553961660694,soft_failure_loss,False,False,1,1,e09ae2026370
2026-08-05,US.TSLA,LONG,False,-1,-1,-1,-1,-1,-1,True,,,0.0,0.0,no_entry,False,False,1,1,e09ae2026370
2026-08-05,US.TSLA,SHORT,False,-1,-1,-1,-1,-1,-1,True,,,0.0,0.0,no_entry,False,False,1,1,e09ae2026370
2026-08-06,US.AAPL,LONG,False,-1,-1,-1,-1,-1,-1,True,,,0.0,0.0,no_entry,False,False,1,1,e09ae2026370
2026-08-06,US.AAPL,SHORT,False,-1,-1,-1,-1,-1,-1,True,,,0.0,0.0,no_entry,False,False,1,1,e09ae2026370
2026-08-06,US.AMD,LONG,False,-1,-1,-1,-1,-1,-1,True,,,0.0,0.0,no_entry,False,False,1,1,e09ae2026370
2026-08-06,US.AMD,SHORT,False,-1,-1,-1,-1,-1,-1,True,,,0.0,0.0,no_entry,False,False,1,1,e09ae2026370
2026-08-06,US.IWM,LONG,True,98,103,668,668,673,673,True,300.765,300.75,-0.014999999999986358,-4.987282429799464e-05,failed_followthrough,False,False,1,1,e09ae2026370
2026-08-06,US.IWM,SHORT,False,-1,-1,-1,-1,-1,-1,True,,,0.0,0.0,no_entry,False,False,1,1,e09ae2026370
2026-08-06,US.META,LONG,False,-1,-1,-1,-1,-1,-1,True,,,0.0,0.0,no_entry,False,False,1,1,e09ae2026370
2026-08-06,US.META,SHORT,False,-1,-1,-1,-1,-1,-1,True,,,0.0,0.0,no_entry,False,False,1,1,e09ae2026370
2026-08-06,US.MSFT,LONG,False,-1,-1,-1,-1,-1,-1,True,,,0.0,0.0,no_entry,False,False,1,1,e09ae2026370
2026-08-06,US.MSFT,SHORT,False,-1,-1,-1,-1,-1,-1,True,,,0.0,0.0,no_entry,False,False,1,1,e09ae2026370
2026-08-06,US.MU,LONG,False,-1,-1,-1,-1,-1,-1,True,,,0.0,0.0,no_entry,False,False,1,1,e09ae2026370
2026-08-06,US.MU,SHORT,False,-1,-1,-1,-1,-1,-1,True,,,0.0,0.0,no_entry,False,False,1,1,e09ae2026370
2026-08-06,US.NVDA,LONG,False,-1,-1,-1,-1,-1,-1,True,,,0.0,0.0,no_entry,False,False,1,1,e09ae2026370
2026-08-06,US.NVDA,SHORT,False,-1,-1,-1,-1,-1,-1,True,,,0.0,0.0,no_entry,False,False,1,1,e09ae2026370
2026-08-06,US.QQQ,LONG,True,115,124,685,685,694,694,True,716.69,716.62,-0.07000000000005002,-9.767123861090571e-05,failed_followthrough,False,False,1,1,e09ae2026370
2026-08-06,US.QQQ,SHORT,False,-1,-1,-1,-1,-1,-1,True,,,0.0,0.0,no_entry,False,False,1,1,e09ae2026370
2026-08-06,US.SPY,LONG,False,-1,-1,-1,-1,-1,-1,True,,,0.0,0.0,no_entry,False,False,1,1,e09ae2026370
2026-08-06,US.SPY,SHORT,False,-1,-1,-1,-1,-1,-1,True,,,0.0,0.0,no_entry,False,False,1,1,e09ae2026370
2026-08-06,US.TSLA,LONG,False,-1,-1,-1,-1,-1,-1,True,,,0.0,0.0,no_entry,False,False,1,1,e09ae2026370
2026-08-06,US.TSLA,SHORT,False,-1,-1,-1,-1,-1,-1,True,,,0.0,0.0,no_entry,False,False,1,1,e09ae2026370
2026-08-07,US.AAPL,LONG,False,-1,-1,-1,-1,-1,-1,True,,,0.0,0.0,no_entry,False,False,1,1,e09ae2026370
2026-08-07,US.AAPL,SHORT,False,-1,-1,-1,-1,-1,-1,True,,,0.0,0.0,no_entry,False,False,1,1,e09ae2026370
2026-08-07,US.AMD,LONG,False,-1,-1,-1,-1,-1,-1,True,,,0.0,0.0,no_entry,False,False,1,1,e09ae2026370
2026-08-07,US.AMD,SHORT,False,-1,-1,-1,-1,-1,-1,True,,,0.0,0.0,no_entry,False,False,1,1,e09ae2026370
2026-08-07,US.IWM,LONG,False,-1,-1,-1,-1,-1,-1,True,,,0.0,0.0,no_entry,False,False,1,1,e09ae2026370
2026-08-07,US.IWM,SHORT,False,-1,-1,-1,-1,-1,-1,True,,,0.0,0.0,no_entry,False,False,1,1,e09ae2026370
2026-08-07,US.META,LONG,False,-1,-1,-1,-1,-1,-1,True,,,0.0,0.0,no_entry,False,False,1,1,e09ae2026370
2026-08-07,US.META,SHORT,False,-1,-1,-1,-1,-1,-1,True,,,0.0,0.0,no_entry,False,False,1,1,e09ae2026370
2026-08-07,US.MSFT,LONG,False,-1,-1,-1,-1,-1,-1,True,,,0.0,0.0,no_entry,False,False,1,1,e09ae2026370
2026-08-07,US.MSFT,SHORT,False,-1,-1,-1,-1,-1,-1,True,,,0.0,0.0,no_entry,False,False,1,1,e09ae2026370
2026-08-07,US.MU,LONG,False,-1,-1,-1,-1,-1,-1,True,,,0.0,0.0,no_entry,False,False,1,1,e09ae2026370
2026-08-07,US.MU,SHORT,True,104,109,674,674,679,679,True,865.495,866.0,-0.5049999999999955,-0.0005834811292959467,failed_followthrough,False,False,1,1,e09ae2026370
2026-08-07,US.NVDA,LONG,True,92,103,662,662,673,673,True,223.24020098,223.160290398,-0.07991058199999657,-0.0003579578483140486,failed_followthrough,False,False,1,1,e09ae2026370
2026-08-07,US.NVDA,SHORT,False,-1,-1,-1,-1,-1,-1,True,,,0.0,0.0,no_entry,False,False,1,1,e09ae2026370
2026-08-07,US.QQQ,LONG,False,-1,-1,-1,-1,-1,-1,True,,,0.0,0.0,no_entry,False,False,1,1,e09ae2026370
2026-08-07,US.QQQ,SHORT,True,47,49,617,617,619,619,True,718.61,719.58,-0.9700000000000273,-0.0013498281404378276,soft_failure_loss,False,False,1,1,e09ae2026370
2026-08-07,US.SPY,LONG,False,-1,-1,-1,-1,-1,-1,True,,,0.0,0.0,no_entry,False,False,1,1,e09ae2026370
2026-08-07,US.SPY,SHORT,False,-1,-1,-1,-1,-1,-1,True,,,0.0,0.0,no_entry,False,False,1,1,e09ae2026370
2026-08-07,US.TSLA,LONG,True,27,28,597,597,598,598,True,326.869,326.65,-0.21900000000005093,-0.0006699931776951957,soft_failure_loss,False,False,1,1,e09ae2026370
2026-08-07,US.TSLA,SHORT,False,-1,-1,-1,-1,-1,-1,True,,,0.0,0.0,no_entry,False,False,1,1,e09ae2026370
2026-08-10,US.AAPL,LONG,False,-1,-1,-1,-1,-1,-1,True,,,0.0,0.0,no_entry,False,False,1,1,e09ae2026370
2026-08-10,US.AAPL,SHORT,False,-1,-1,-1,-1,-1,-1,True,,,0.0,0.0,no_entry,False,False,1,1,e09ae2026370
2026-08-10,US.AMD,LONG,False,-1,-1,-1,-1,-1,-1,True,,,0.0,0.0,no_entry,False,False,1,1,e09ae2026370
2026-08-10,US.AMD,SHORT,False,-1,-1,-1,-1,-1,-1,True,,,0.0,0.0,no_entry,False,False,1,1,e09ae2026370
2026-08-10,US.IWM,LONG,False,-1,-1,-1,-1,-1,-1,True,,,0.0,0.0,no_entry,False,False,1,1,e09ae2026370
2026-08-10,US.IWM,SHORT,True,142,144,712,712,714,714,True,300.22,300.37,-0.14999999999997726,-0.0004996336020251057,soft_failure_loss,False,False,1,1,e09ae2026370
2026-08-10,US.META,LONG,False,-1,-1,-1,-1,-1,-1,True,,,0.0,0.0,no_entry,False,False,1,1,e09ae2026370
2026-08-10,US.META,SHORT,False,-1,-1,-1,-1,-1,-1,True,,,0.0,0.0,no_entry,False,False,1,1,e09ae2026370
2026-08-10,US.MSFT,LONG,True,138,180,708,708,750,750,True,508.981842117,508.842105172,-0.13973694499998146,-0.00027454210236415477,failed_followthrough,False,False,1,1,e09ae2026370
2026-08-10,US.MSFT,SHORT,False,-1,-1,-1,-1,-1,-1,True,,,0.0,0.0,no_entry,False,False,1,1,e09ae2026370
2026-08-10,US.MU,LONG,True,136,137,706,706,707,707,True,878.95,876.835,-2.115000000000009,-0.002406280220717912,soft_failure_loss,False,False,1,1,e09ae2026370
2026-08-10,US.MU,SHORT,False,-1,-1,-1,-1,-1,-1,True,,,0.0,0.0,no_entry,False,False,1,1,e09ae2026370
2026-08-10,US.NVDA,LONG,False,-1,-1,-1,-1,-1,-1,True,,,0.0,0.0,no_entry,False,False,1,1,e09ae2026370
2026-08-10,US.NVDA,SHORT,False,-1,-1,-1,-1,-1,-1,True,,,0.0,0.0,no_entry,False,False,1,1,e09ae2026370
2026-08-10,US.QQQ,LONG,True,38,54,608,608,624,624,True,723.62,723.375,-0.24500000000000455,-0.00033857549542578224,soft_failure_loss,False,False,1,1,e09ae2026370
2026-08-10,US.QQQ,SHORT,False,-1,-1,-1,-1,-1,-1,True,,,0.0,0.0,no_entry,False,False,1,1,e09ae2026370
2026-08-10,US.SPY,LONG,True,32,34,602,602,604,604,True,773.725,773.59,-0.1349999999999909,-0.00017448059711136501,soft_failure_loss,False,False,1,1,e09ae2026370
2026-08-10,US.SPY,SHORT,False,-1,-1,-1,-1,-1,-1,True,,,0.0,0.0,no_entry,False,False,1,1,e09ae2026370
2026-08-10,US.TSLA,LONG,True,19,20,589,589,590,590,True,329.5008,329.3,-0.2008000000000152,-0.0006094067146423171,soft_failure_loss,False,False,1,1,e09ae2026370
2026-08-10,US.TSLA,SHORT,False,-1,-1,-1,-1,-1,-1,True,,,0.0,0.0,no_entry,False,False,1,1,e09ae2026370
2026-08-11,US.AAPL,LONG,False,-1,-1,-1,-1,-1,-1,True,,,0.0,0.0,no_entry,False,False,1,1,e09ae2026370
2026-08-11,US.AAPL,SHORT,False,-1,-1,-1,-1,-1,-1,True,,,0.0,0.0,no_entry,False,False,1,1,e09ae2026370
2026-08-11,US.AMD,LONG,False,-1,-1,-1,-1,-1,-1,True,,,0.0,0.0,no_entry,False,False,1,1,e09ae2026370
2026-08-11,US.AMD,SHORT,False,-1,-1,-1,-1,-1,-1,True,,,0.0,0.0,no_entry,False,False,1,1,e09ae2026370
2026-08-11,US.IWM,LONG,True,45,53,615,615,623,623,True,301.7099,301.64,-0.06990000000001828,-0.00023167950405345757,soft_failure_loss,False,False,1,1,e09ae2026370
2026-08-11,US.IWM,SHORT,False,-1,-1,-1,-1,-1,-1,True,,,0.0,0.0,no_entry,False,False,1,1,e09ae2026370
2026-08-11,US.META,LONG,True,97,98,667,667,668,668,True,607.605,607.265,-0.34000000000003183,-0.0005595740653879277,soft_failure_loss,False,False,1,1,e09ae2026370
2026-08-11,US.META,SHORT,False,-1,-1,-1,-1,-1,-1,True,,,0.0,0.0,no_entry,False,False,1,1,e09ae2026370
2026-08-11,US.MSFT,LONG,False,-1,-1,-1,-1,-1,-1,True,,,0.0,0.0,no_entry,False,False,1,1,e09ae2026370
2026-08-11,US.MSFT,SHORT,False,-1,-1,-1,-1,-1,-1,True,,,0.0,0.0,no_entry,False,False,1,1,e09ae2026370
2026-08-11,US.MU,LONG,False,-1,-1,-1,-1,-1,-1,True,,,0.0,0.0,no_entry,False,False,1,1,e09ae2026370
2026-08-11,US.MU,SHORT,True,45,47,615,615,617,617,True,853.37,854.55,-1.17999999999995,-0.0013827530848283278,soft_failure_loss,False,False,1,1,e09ae2026370
2026-08-11,US.NVDA,LONG,False,-1,-1,-1,-1,-1,-1,True,,,0.0,0.0,no_entry,False,False,1,1,e09ae2026370
2026-08-11,US.NVDA,SHORT,True,127,188,697,697,758,758,True,218.790180418,218.900057469,-0.1098770509999838,-0.0005022028447074865,soft_failure_loss,False,False,1,1,e09ae2026370
2026-08-11,US.QQQ,LONG,False,-1,-1,-1,-1,-1,-1,True,,,0.0,0.0,no_entry,False,False,1,1,e09ae2026370
2026-08-11,US.QQQ,SHORT,True,17,19,587,587,589,589,True,719.05,719.21,-0.16000000000008185,-0.0002225158194841553,soft_failure_loss,False,False,1,1,e09ae2026370
2026-08-11,US.SPY,LONG,False,-1,-1,-1,-1,-1,-1,True,,,0.0,0.0,no_entry,False,False,1,1,e09ae2026370
2026-08-11,US.SPY,SHORT,True,103,375,673,673,-1,945,True,772.815,770.72,2.0950000000000273,0.002710868707258564,scheduled_flatten,True,False,1,1,e09ae2026370
2026-08-11,US.TSLA,LONG,True,50,57,620,620,627,627,True,334.7001,334.5,-0.20010000000002037,-0.0005978486412164812,soft_failure_loss,False,False,1,1,e09ae2026370
2026-08-11,US.TSLA,SHORT,False,-1,-1,-1,-1,-1,-1,True,,,0.0,0.0,no_entry,False,False,1,1,e09ae2026370
2026-08-12,US.AAPL,LONG,False,-1,-1,-1,-1,-1,-1,True,,,0.0,0.0,no_entry,False,False,1,1,e09ae2026370
2026-08-12,US.AAPL,SHORT,True,81,82,651,651,652,652,True,302.15,302.335,-0.18500000000000227,-0.0006122786695350067,soft_failure_loss,False,False,1,1,e09ae2026370
2026-08-12,US.AMD,LONG,True,55,56,625,625,626,626,True,489.695,489.07,-0.625,-0.0012763046386015785,soft_failure_loss,False,False,1,1,e09ae2026370
2026-08-12,US.AMD,SHORT,False,-1,-1,-1,-1,-1,-1,True,,,0.0,0.0,no_entry,False,False,1,1,e09ae2026370
2026-08-12,US.IWM,LONG,False,-1,-1,-1,-1,-1,-1,True,,,0.0,0.0,no_entry,False,False,1,1,e09ae2026370
2026-08-12,US.IWM,SHORT,True,105,108,675,675,678,678,True,301.58,301.6601,-0.08010000000001583,-0.00026560116718620544,soft_failure_loss,False,False,1,1,e09ae2026370
2026-08-12,US.META,LONG,False,-1,-1,-1,-1,-1,-1,True,,,0.0,0.0,no_entry,False,False,1,1,e09ae2026370
2026-08-12,US.META,SHORT,False,-1,-1,-1,-1,-1,-1,True,,,0.0,0.0,no_entry,False,False,1,1,e09ae2026370
2026-08-12,US.MSFT,LONG,False,-1,-1,-1,-1,-1,-1,True,,,0.0,0.0,no_entry,False,False,1,1,e09ae2026370
2026-08-12,US.MSFT,SHORT,False,-1,-1,-1,-1,-1,-1,True,,,0.0,0.0,no_entry,False,False,1,1,e09ae2026370
2026-08-12,US.MU,LONG,True,27,31,597,597,601,601,True,920.85,919.78,-1.07000000000005,-0.0011619699190965412,soft_failure_loss,False,False,1,1,e09ae2026370
2026-08-12,US.MU,SHORT,False,-1,-1,-1,-1,-1,-1,True,,,0.0,0.0,no_entry,False,False,1,1,e09ae2026370
2026-08-12,US.NVDA,LONG,True,35,43,605,605,613,613,True,222.550972206,222.341206927,-0.20976527900000974,-0.0009425493715922506,soft_failure_loss,False,False,1,1,e09ae2026370
2026-08-12,US.NVDA,SHORT,False,-1,-1,-1,-1,-1,-1,True,,,0.0,0.0,no_entry,False,False,1,1,e09ae2026370
2026-08-12,US.QQQ,LONG,False,-1,-1,-1,-1,-1,-1,True,,,0.0,0.0,no_entry,False,False,1,1,e09ae2026370
2026-08-12,US.QQQ,SHORT,True,94,95,664,664,665,665,True,723.505,723.68,-0.17499999999995453,-0.00024187807962620095,soft_failure_loss,False,False,1,1,e09ae2026370
2026-08-12,US.SPY,LONG,False,-1,-1,-1,-1,-1,-1,True,,,0.0,0.0,no_entry,False,False,1,1,e09ae2026370
2026-08-12,US.SPY,SHORT,True,36,41,606,606,611,611,True,772.31,772.635,-0.3250000000000455,-0.00042081547565102806,soft_failure_loss,False,False,1,1,e09ae2026370
2026-08-12,US.TSLA,LONG,False,-1,-1,-1,-1,-1,-1,True,,,0.0,0.0,no_entry,False,False,1,1,e09ae2026370
2026-08-12,US.TSLA,SHORT,True,43,375,613,613,-1,945,True,327.8215,327.3,0.5215000000000032,0.0015908047519763138,scheduled_flatten,True,False,1,1,e09ae2026370
2026-08-13,US.AAPL,LONG,True,37,48,607,607,618,618,True,304.8,304.82,0.01999999999998181,6.561679790020278e-05,failed_followthrough,False,False,1,1,e09ae2026370
2026-08-13,US.AAPL,SHORT,False,-1,-1,-1,-1,-1,-1,True,,,0.0,0.0,no_entry,False,False,1,1,e09ae2026370
2026-08-13,US.AMD,LONG,True,29,31,599,599,601,601,True,495.96,495.175,-0.7849999999999682,-0.0015827889345914352,soft_failure_loss,False,False,1,1,e09ae2026370
2026-08-13,US.AMD,SHORT,False,-1,-1,-1,-1,-1,-1,True,,,0.0,0.0,no_entry,False,False,1,1,e09ae2026370
2026-08-13,US.IWM,LONG,False,-1,-1,-1,-1,-1,-1,True,,,0.0,0.0,no_entry,False,False,1,1,e09ae2026370
2026-08-13,US.IWM,SHORT,False,-1,-1,-1,-1,-1,-1,True,,,0.0,0.0,no_entry,False,False,1,1,e09ae2026370
2026-08-13,US.META,LONG,False,-1,-1,-1,-1,-1,-1,True,,,0.0,0.0,no_entry,False,False,1,1,e09ae2026370
2026-08-13,US.META,SHORT,False,-1,-1,-1,-1,-1,-1,True,,,0.0,0.0,no_entry,False,False,1,1,e09ae2026370
2026-08-13,US.MSFT,LONG,True,38,56,608,608,626,626,True,498.691214215,498.431702746,-0.2595114690000173,-0.0005203850831992691,soft_failure_loss,False,False,1,1,e09ae2026370
2026-08-13,US.MSFT,SHORT,False,-1,-1,-1,-1,-1,-1,True,,,0.0,0.0,no_entry,False,False,1,1,e09ae2026370
2026-08-13,US.MU,LONG,True,142,375,712,712,-1,945,True,956.4,954.15,-2.25,-0.0023525721455457966,scheduled_flatten,True,False,1,1,e09ae2026370
2026-08-13,US.MU,SHORT,False,-1,-1,-1,-1,-1,-1,True,,,0.0,0.0,no_entry,False,False,1,1,e09ae2026370
2026-08-13,US.NVDA,LONG,False,-1,-1,-1,-1,-1,-1,True,,,0.0,0.0,no_entry,False,False,1,1,e09ae2026370
2026-08-13,US.NVDA,SHORT,False,-1,-1,-1,-1,-1,-1,True,,,0.0,0.0,no_entry,False,False,1,1,e09ae2026370
2026-08-13,US.QQQ,LONG,True,81,86,651,651,656,656,True,732.41,732.29,-0.12000000000000455,-0.00016384265643560922,failed_followthrough,False,False,1,1,e09ae2026370
2026-08-13,US.QQQ,SHORT,False,-1,-1,-1,-1,-1,-1,True,,,0.0,0.0,no_entry,False,False,1,1,e09ae2026370
2026-08-13,US.SPY,LONG,True,17,375,587,587,-1,945,True,776.6,777.71,1.1100000000000136,0.0014293072366726933,scheduled_flatten,True,False,1,1,e09ae2026370
2026-08-13,US.SPY,SHORT,False,-1,-1,-1,-1,-1,-1,True,,,0.0,0.0,no_entry,False,False,1,1,e09ae2026370
2026-08-13,US.TSLA,LONG,True,34,375,604,604,-1,945,True,332.1199,339.36,7.240100000000041,0.0217996572924418,scheduled_flatten,True,False,1,1,e09ae2026370
2026-08-13,US.TSLA,SHORT,False,-1,-1,-1,-1,-1,-1,True,,,0.0,0.0,no_entry,False,False,1,1,e09ae2026370
2026-08-14,US.AAPL,LONG,False,-1,-1,-1,-1,-1,-1,True,,,0.0,0.0,no_entry,False,False,1,1,e09ae2026370
2026-08-14,US.AAPL,SHORT,True,52,55,622,622,625,625,True,305.19,305.3399,-0.14990000000000236,-0.000491169435433672,soft_failure_loss,False,False,1,1,e09ae2026370
2026-08-14,US.AMD,LONG,True,106,110,676,676,680,680,True,503.965,503.47,-0.4949999999999477,-0.000982211066244576,soft_failure_loss,False,False,1,1,e09ae2026370
2026-08-14,US.AMD,SHORT,False,-1,-1,-1,-1,-1,-1,True,,,0.0,0.0,no_entry,False,False,1,1,e09ae2026370
2026-08-14,US.IWM,LONG,True,27,375,597,597,-1,945,True,304.08,304.98,0.9000000000000341,0.0029597474348856687,scheduled_flatten,True,False,1,1,e09ae2026370
2026-08-14,US.IWM,SHORT,False,-1,-1,-1,-1,-1,-1,True,,,0.0,0.0,no_entry,False,False,1,1,e09ae2026370
2026-08-14,US.META,LONG,False,-1,-1,-1,-1,-1,-1,True,,,0.0,0.0,no_entry,False,False,1,1,e09ae2026370
2026-08-14,US.META,SHORT,True,96,131,666,666,701,701,True,594.23,594.3006,-0.0706000000000131,-0.00011880921528703212,failed_followthrough,False,False,1,1,e09ae2026370
2026-08-14,US.MSFT,LONG,True,49,50,619,619,620,620,True,497.862773754,497.513431391,-0.3493423630000052,-0.0007016840410980788,soft_failure_loss,False,False,1,1,e09ae2026370
2026-08-14,US.MSFT,SHORT,False,-1,-1,-1,-1,-1,-1,True,,,0.0,0.0,no_entry,False,False,1,1,e09ae2026370
2026-08-14,US.MU,LONG,False,-1,-1,-1,-1,-1,-1,True,,,0.0,0.0,no_entry,False,False,1,1,e09ae2026370
2026-08-14,US.MU,SHORT,False,-1,-1,-1,-1,-1,-1,True,,,0.0,0.0,no_entry,False,False,1,1,e09ae2026370
2026-08-14,US.NVDA,LONG,False,-1,-1,-1,-1,-1,-1,True,,,0.0,0.0,no_entry,False,False,1,1,e09ae2026370
2026-08-14,US.NVDA,SHORT,False,-1,-1,-1,-1,-1,-1,True,,,0.0,0.0,no_entry,False,False,1,1,e09ae2026370
2026-08-14,US.QQQ,LONG,False,-1,-1,-1,-1,-1,-1,True,,,0.0,0.0,no_entry,False,False,1,1,e09ae2026370
2026-08-14,US.QQQ,SHORT,True,53,67,623,623,637,637,True,731.5,731.65,-0.14999999999997726,-0.00020505809979491082,failed_followthrough,False,False,1,1,e09ae2026370
2026-08-14,US.SPY,LONG,False,-1,-1,-1,-1,-1,-1,True,,,0.0,0.0,no_entry,False,False,1,1,e09ae2026370
2026-08-14,US.SPY,SHORT,True,67,70,637,637,640,640,True,777.295,777.375,-0.08000000000004093,-0.00010292102740920877,soft_failure_loss,False,False,1,1,e09ae2026370
2026-08-14,US.TSLA,LONG,True,41,42,611,611,612,612,True,349.1303,348.685,-0.4452999999999747,-0.001275455037846829,soft_failure_loss,False,False,1,1,e09ae2026370
2026-08-14,US.TSLA,SHORT,False,-1,-1,-1,-1,-1,-1,True,,,0.0,0.0,no_entry,False,False,1,1,e09ae2026370
2026-08-17,US.AAPL,LONG,False,-1,-1,-1,-1,-1,-1,True,,,0.0,0.0,no_entry,False,False,1,1,e09ae2026370
2026-08-17,US.AAPL,SHORT,False,-1,-1,-1,-1,-1,-1,True,,,0.0,0.0,no_entry,False,False,1,1,e09ae2026370
2026-08-17,US.AMD,LONG,True,98,100,668,668,670,670,True,516.29,515.79,-0.5,-0.000968447965290825,soft_failure_loss,False,False,1,1,e09ae2026370
2026-08-17,US.AMD,SHORT,False,-1,-1,-1,-1,-1,-1,True,,,0.0,0.0,no_entry,False,False,1,1,e09ae2026370
2026-08-17,US.IWM,LONG,False,-1,-1,-1,-1,-1,-1,True,,,0.0,0.0,no_entry,False,False,1,1,e09ae2026370
2026-08-17,US.IWM,SHORT,True,127,131,697,697,701,701,True,303.46,303.6,-0.1400000000000432,-0.0004613458116392382,soft_failure_loss,False,False,1,1,e09ae2026370
2026-08-17,US.META,LONG,False,-1,-1,-1,-1,-1,-1,True,,,0.0,0.0,no_entry,False,False,1,1,e09ae2026370
2026-08-17,US.META,SHORT,False,-1,-1,-1,-1,-1,-1,True,,,0.0,0.0,no_entry,False,False,1,1,e09ae2026370
2026-08-17,US.MSFT,LONG,False,-1,-1,-1,-1,-1,-1,True,,,0.0,0.0,no_entry,False,False,1,1,e09ae2026370
2026-08-17,US.MSFT,SHORT,True,104,110,674,674,680,680,True,483.70442683,483.739361066,-0.03493423600002643,-7.222227885936678e-05,failed_followthrough,False,False,1,1,e09ae2026370
2026-08-17,US.MU,LONG,True,29,33,599,599,603,603,True,1019.585,1018.11,-1.4750000000000227,-0.0014466670262901305,soft_failure_loss,False,False,1,1,e09ae2026370
2026-08-17,US.MU,SHORT,False,-1,-1,-1,-1,-1,-1,True,,,0.0,0.0,no_entry,False,False,1,1,e09ae2026370
2026-08-17,US.NVDA,LONG,True,135,163,705,705,733,733,True,227.035953648,226.886121306,-0.1498323419999963,-0.00065994984315259,soft_failure_loss,False,False,1,1,e09ae2026370
2026-08-17,US.NVDA,SHORT,False,-1,-1,-1,-1,-1,-1,True,,,0.0,0.0,no_entry,False,False,1,1,e09ae2026370
2026-08-17,US.QQQ,LONG,True,95,100,665,665,670,670,True,734.185,733.92,-0.26499999999998636,-0.00036094444860625916,soft_failure_loss,False,False,1,1,e09ae2026370
2026-08-17,US.QQQ,SHORT,False,-1,-1,-1,-1,-1,-1,True,,,0.0,0.0,no_entry,False,False,1,1,e09ae2026370
2026-08-17,US.SPY,LONG,False,-1,-1,-1,-1,-1,-1,True,,,0.0,0.0,no_entry,False,False,1,1,e09ae2026370
2026-08-17,US.SPY,SHORT,True,81,82,651,651,652,652,True,775.24,775.35,-0.11000000000001364,-0.00014189154326403906,soft_failure_loss,False,False,1,1,e09ae2026370
2026-08-17,US.TSLA,LONG,True,98,99,668,668,669,669,True,341.6,341.05,-0.5500000000000114,-0.0016100702576112744,soft_failure_loss,False,False,1,1,e09ae2026370
2026-08-17,US.TSLA,SHORT,False,-1,-1,-1,-1,-1,-1,True,,,0.0,0.0,no_entry,False,False,1,1,e09ae2026370
2026-08-18,US.AAPL,LONG,True,133,138,703,703,708,708,True,309.87,309.74,-0.12999999999999545,-0.00041953077096845595,soft_failure_loss,False,False,1,1,e09ae2026370
2026-08-18,US.AAPL,SHORT,False,-1,-1,-1,-1,-1,-1,True,,,0.0,0.0,no_entry,False,False,1,1,e09ae2026370
2026-08-18,US.AMD,LONG,False,-1,-1,-1,-1,-1,-1,True,,,0.0,0.0,no_entry,False,False,1,1,e09ae2026370
2026-08-18,US.AMD,SHORT,True,27,34,597,597,604,604,True,482.87,482.785,0.08499999999997954,0.0001760308157474673,failed_followthrough,False,False,1,1,e09ae2026370
2026-08-18,US.IWM,LONG,False,-1,-1,-1,-1,-1,-1,True,,,0.0,0.0,no_entry,False,False,1,1,e09ae2026370
2026-08-18,US.IWM,SHORT,True,23,24,593,593,594,594,True,301.995,302.2,-0.20499999999998408,-0.0006788191857480557,soft_failure_loss,False,False,1,1,e09ae2026370
2026-08-18,US.META,LONG,False,-1,-1,-1,-1,-1,-1,True,,,0.0,0.0,no_entry,False,False,1,1,e09ae2026370
2026-08-18,US.META,SHORT,False,-1,-1,-1,-1,-1,-1,True,,,0.0,0.0,no_entry,False,False,1,1,e09ae2026370
2026-08-18,US.MSFT,LONG,False,-1,-1,-1,-1,-1,-1,True,,,0.0,0.0,no_entry,False,False,1,1,e09ae2026370
2026-08-18,US.MSFT,SHORT,False,-1,-1,-1,-1,-1,-1,True,,,0.0,0.0,no_entry,False,False,1,1,e09ae2026370
2026-08-18,US.MU,LONG,False,-1,-1,-1,-1,-1,-1,True,,,0.0,0.0,no_entry,False,False,1,1,e09ae2026370
2026-08-18,US.MU,SHORT,True,137,138,707,707,708,708,True,944.655,945.89,-1.2350000000000136,-0.0013073555954290336,soft_failure_loss,False,False,1,1,e09ae2026370
2026-08-18,US.NVDA,LONG,False,-1,-1,-1,-1,-1,-1,True,,,0.0,0.0,no_entry,False,False,1,1,e09ae2026370
2026-08-18,US.NVDA,SHORT,True,75,95,645,645,665,665,True,219.164761274,219.174750097,-0.009988822999986269,-4.557677494283961e-05,failed_followthrough,False,False,1,1,e09ae2026370
2026-08-18,US.QQQ,LONG,False,-1,-1,-1,-1,-1,-1,True,,,0.0,0.0,no_entry,False,False,1,1,e09ae2026370
2026-08-18,US.QQQ,SHORT,True,46,49,616,616,619,619,True,718.3,718.8,-0.5,-0.00069608798552137,soft_failure_loss,False,False,1,1,e09ae2026370
2026-08-18,US.SPY,LONG,False,-1,-1,-1,-1,-1,-1,True,,,0.0,0.0,no_entry,False,False,1,1,e09ae2026370
2026-08-18,US.SPY,SHORT,True,42,44,612,612,614,614,True,767.85,767.97,-0.12000000000000455,-0.00015628052353975976,soft_failure_loss,False,False,1,1,e09ae2026370
2026-08-18,US.TSLA,LONG,False,-1,-1,-1,-1,-1,-1,True,,,0.0,0.0,no_entry,False,False,1,1,e09ae2026370
2026-08-18,US.TSLA,SHORT,False,-1,-1,-1,-1,-1,-1,True,,,0.0,0.0,no_entry,False,False,1,1,e09ae2026370
2026-08-19,US.AAPL,LONG,True,75,204,645,645,774,774,True,315.88,314.96,-0.9200000000000159,-0.002912498417120476,trailing,False,False,1,1,e09ae2026370
2026-08-19,US.AAPL,SHORT,False,-1,-1,-1,-1,-1,-1,True,,,0.0,0.0,no_entry,False,False,1,1,e09ae2026370
2026-08-19,US.AMD,LONG,False,-1,-1,-1,-1,-1,-1,True,,,0.0,0.0,no_entry,False,False,1,1,e09ae2026370
2026-08-19,US.AMD,SHORT,True,71,152,641,641,722,722,True,468.359,468.415,-0.05600000000004002,-0.0001195664009873623,failed_followthrough,False,False,1,1,e09ae2026370
2026-08-19,US.IWM,LONG,False,-1,-1,-1,-1,-1,-1,True,,,0.0,0.0,no_entry,False,False,1,1,e09ae2026370
2026-08-19,US.IWM,SHORT,False,-1,-1,-1,-1,-1,-1,True,,,0.0,0.0,no_entry,False,False,1,1,e09ae2026370
2026-08-19,US.META,LONG,True,104,375,674,674,-1,945,True,547.3538,547.235,-0.11879999999996471,-0.00021704425912447253,scheduled_flatten,True,False,1,1,e09ae2026370
2026-08-19,US.META,SHORT,False,-1,-1,-1,-1,-1,-1,True,,,0.0,0.0,no_entry,False,False,1,1,e09ae2026370
2026-08-19,US.MSFT,LONG,True,122,375,692,692,-1,945,True,483.449905965,482.511672189,-0.9382337760000041,-0.001940705261131913,scheduled_flatten,True,False,1,1,e09ae2026370
2026-08-19,US.MSFT,SHORT,False,-1,-1,-1,-1,-1,-1,True,,,0.0,0.0,no_entry,False,False,1,1,e09ae2026370
2026-08-19,US.MU,LONG,False,-1,-1,-1,-1,-1,-1,True,,,0.0,0.0,no_entry,False,False,1,1,e09ae2026370
2026-08-19,US.MU,SHORT,True,60,62,630,630,632,632,True,927.005,932.39,-5.384999999999991,-0.00580903015625589,soft_failure_loss,False,False,1,1,e09ae2026370
2026-08-19,US.NVDA,LONG,False,-1,-1,-1,-1,-1,-1,True,,,0.0,0.0,no_entry,False,False,1,1,e09ae2026370
2026-08-19,US.NVDA,SHORT,True,65,66,635,635,636,636,True,218.070985176,218.4755325,-0.4045473240000206,-0.0018551176061937808,soft_failure_loss,False,False,1,1,e09ae2026370
2026-08-19,US.QQQ,LONG,False,-1,-1,-1,-1,-1,-1,True,,,0.0,0.0,no_entry,False,False,1,1,e09ae2026370
2026-08-19,US.QQQ,SHORT,True,26,29,596,596,599,599,True,715.6402,715.89,-0.24979999999993652,-0.0003490580881285547,soft_failure_loss,False,False,1,1,e09ae2026370
2026-08-19,US.SPY,LONG,True,116,121,686,686,691,691,True,771.055,771.04,-0.014999999999986358,-1.9453865158758272e-05,failed_followthrough,False,False,1,1,e09ae2026370
2026-08-19,US.SPY,SHORT,True,23,24,593,593,594,594,True,768.795,769.35,-0.5550000000000637,-0.000721908961426731,soft_failure_loss,False,False,1,1,e09ae2026370
2026-08-19,US.TSLA,LONG,False,-1,-1,-1,-1,-1,-1,True,,,0.0,0.0,no_entry,False,False,1,1,e09ae2026370
2026-08-19,US.TSLA,SHORT,False,-1,-1,-1,-1,-1,-1,True,,,0.0,0.0,no_entry,False,False,1,1,e09ae2026370
2026-08-20,US.AAPL,LONG,False,-1,-1,-1,-1,-1,-1,True,,,0.0,0.0,no_entry,False,False,1,1,e09ae2026370
2026-08-20,US.AAPL,SHORT,True,101,117,671,671,687,687,True,316.65,316.665,-0.015000000000043201,-4.7370914258781626e-05,failed_followthrough,False,False,1,1,e09ae2026370
2026-08-20,US.AMD,LONG,False,-1,-1,-1,-1,-1,-1,True,,,0.0,0.0,no_entry,False,False,1,1,e09ae2026370
2026-08-20,US.AMD,SHORT,True,96,104,666,666,674,674,True,464.825,466.06,-1.2350000000000136,-0.002656913892325098,soft_failure_loss,False,False,1,1,e09ae2026370
2026-08-20,US.IWM,LONG,False,-1,-1,-1,-1,-1,-1,True,,,0.0,0.0,no_entry,False,False,1,1,e09ae2026370
2026-08-20,US.IWM,SHORT,True,30,375,600,600,-1,945,True,299.0,297.565,1.4350000000000023,0.004799331103678937,scheduled_flatten,True,False,1,1,e09ae2026370
2026-08-20,US.META,LONG,False,-1,-1,-1,-1,-1,-1,True,,,0.0,0.0,no_entry,False,False,1,1,e09ae2026370
2026-08-20,US.META,SHORT,True,98,104,668,668,674,674,True,543.1801,543.715,-0.5348999999999933,-0.0009847562530365035,soft_failure_loss,False,False,1,1,e09ae2026370
2026-08-20,US.MSFT,LONG,False,-1,-1,-1,-1,-1,-1,True,,,0.0,0.0,no_entry,False,False,1,1,e09ae2026370
2026-08-20,US.MSFT,SHORT,False,-1,-1,-1,-1,-1,-1,True,,,0.0,0.0,no_entry,False,False,1,1,e09ae2026370
2026-08-20,US.MU,LONG,True,58,65,628,628,635,635,True,954.95,953.69,-1.259999999999991,-0.0013194408084192793,soft_failure_loss,False,False,1,1,e09ae2026370
2026-08-20,US.MU,SHORT,False,-1,-1,-1,-1,-1,-1,True,,,0.0,0.0,no_entry,False,False,1,1,e09ae2026370
2026-08-20,US.NVDA,LONG,False,-1,-1,-1,-1,-1,-1,True,,,0.0,0.0,no_entry,False,False,1,1,e09ae2026370
2026-08-20,US.NVDA,SHORT,False,-1,-1,-1,-1,-1,-1,True,,,0.0,0.0,no_entry,False,False,1,1,e09ae2026370
2026-08-20,US.QQQ,LONG,False,-1,-1,-1,-1,-1,-1,True,,,0.0,0.0,no_entry,False,False,1,1,e09ae2026370
2026-08-20,US.QQQ,SHORT,True,33,34,603,603,604,604,True,711.54,711.88,-0.34000000000003183,-0.0004778368046772238,soft_failure_loss,False,False,1,1,e09ae2026370
2026-08-20,US.SPY,LONG,False,-1,-1,-1,-1,-1,-1,True,,,0.0,0.0,no_entry,False,False,1,1,e09ae2026370
2026-08-20,US.SPY,SHORT,True,49,51,619,619,621,621,True,765.65,766.12,-0.4700000000000273,-0.0006138575066936946,soft_failure_loss,False,False,1,1,e09ae2026370
2026-08-20,US.TSLA,LONG,False,-1,-1,-1,-1,-1,-1,True,,,0.0,0.0,no_entry,False,False,1,1,e09ae2026370
2026-08-20,US.TSLA,SHORT,True,93,98,663,663,668,668,True,341.365,341.69,-0.32499999999998863,-0.0009520601116107059,soft_failure_loss,False,False,1,1,e09ae2026370
2026-08-21,US.AAPL,LONG,False,-1,-1,-1,-1,-1,-1,True,,,0.0,0.0,no_entry,False,False,1,1,e09ae2026370
2026-08-21,US.AAPL,SHORT,False,-1,-1,-1,-1,-1,-1,True,,,0.0,0.0,no_entry,False,False,1,1,e09ae2026370
2026-08-21,US.AMD,LONG,False,-1,-1,-1,-1,-1,-1,True,,,0.0,0.0,no_entry,False,False,1,1,e09ae2026370
2026-08-21,US.AMD,SHORT,True,98,102,668,668,672,672,True,466.36,467.44,-1.079999999999984,-0.002315807530662973,soft_failure_loss,False,False,1,1,e09ae2026370
2026-08-21,US.IWM,LONG,False,-1,-1,-1,-1,-1,-1,True,,,0.0,0.0,no_entry,False,False,1,1,e09ae2026370
2026-08-21,US.IWM,SHORT,True,58,331,628,628,901,901,True,298.98,300.07,-1.089999999999975,-0.0036457288112916415,trailing,False,False,1,1,e09ae2026370
2026-08-21,US.META,LONG,True,83,103,653,653,673,673,True,550.82,550.7,-0.12000000000000455,-0.00021785701318035753,failed_followthrough,False,False,1,1,e09ae2026370
2026-08-21,US.META,SHORT,False,-1,-1,-1,-1,-1,-1,True,,,0.0,0.0,no_entry,False,False,1,1,e09ae2026370
2026-08-21,US.MSFT,LONG,False,-1,-1,-1,-1,-1,-1,True,,,0.0,0.0,no_entry,False,False,1,1,e09ae2026370
2026-08-21,US.MSFT,SHORT,False,-1,-1,-1,-1,-1,-1,True,,,0.0,0.0,no_entry,False,False,1,1,e09ae2026370
2026-08-21,US.MU,LONG,False,-1,-1,-1,-1,-1,-1,True,,,0.0,0.0,no_entry,False,False,1,1,e09ae2026370
2026-08-21,US.MU,SHORT,True,102,105,672,672,675,675,True,963.865,964.95,-1.0850000000000364,-0.0011256763135916714,soft_failure_loss,False,False,1,1,e09ae2026370
2026-08-21,US.NVDA,LONG,False,-1,-1,-1,-1,-1,-1,True,,,0.0,0.0,no_entry,False,False,1,1,e09ae2026370
2026-08-21,US.NVDA,SHORT,True,102,103,672,672,673,673,True,215.369008606,215.448919188,-0.07991058199999657,-0.000371040302025007,soft_failure_loss,False,False,1,1,e09ae2026370
2026-08-21,US.QQQ,LONG,False,-1,-1,-1,-1,-1,-1,True,,,0.0,0.0,no_entry,False,False,1,1,e09ae2026370
2026-08-21,US.QQQ,SHORT,True,25,27,595,595,597,597,True,710.97,711.44,-0.4700000000000273,-0.0006610686808163879,soft_failure_loss,False,False,1,1,e09ae2026370
2026-08-21,US.SPY,LONG,False,-1,-1,-1,-1,-1,-1,True,,,0.0,0.0,no_entry,False,False,1,1,e09ae2026370
2026-08-21,US.SPY,SHORT,True,24,27,594,594,597,597,True,764.43,764.72,-0.2900000000000773,-0.0003793676334001509,soft_failure_loss,False,False,1,1,e09ae2026370
2026-08-21,US.TSLA,LONG,True,67,68,637,637,638,638,True,356.375,356.15,-0.22500000000002274,-0.0006313574184497306,soft_failure_loss,False,False,1,1,e09ae2026370
2026-08-21,US.TSLA,SHORT,False,-1,-1,-1,-1,-1,-1,True,,,0.0,0.0,no_entry,False,False,1,1,e09ae2026370
2026-08-24,US.AAPL,LONG,False,-1,-1,-1,-1,-1,-1,True,,,0.0,0.0,no_entry,False,False,1,1,e09ae2026370
2026-08-24,US.AAPL,SHORT,False,-1,-1,-1,-1,-1,-1,True,,,0.0,0.0,no_entry,False,False,1,1,e09ae2026370
2026-08-24,US.AMD,LONG,False,-1,-1,-1,-1,-1,-1,True,,,0.0,0.0,no_entry,False,False,1,1,e09ae2026370
2026-08-24,US.AMD,SHORT,False,-1,-1,-1,-1,-1,-1,True,,,0.0,0.0,no_entry,False,False,1,1,e09ae2026370
2026-08-24,US.IWM,LONG,False,-1,-1,-1,-1,-1,-1,True,,,0.0,0.0,no_entry,False,False,1,1,e09ae2026370
2026-08-24,US.IWM,SHORT,True,119,120,689,689,690,690,True,298.39,298.49,-0.10000000000002274,-0.0003351318743926497,soft_failure_loss,False,False,1,1,e09ae2026370
2026-08-24,US.META,LONG,True,81,84,651,651,654,654,True,553.5,552.865,-0.6349999999999909,-0.0011472448057813747,soft_failure_loss,False,False,1,1,e09ae2026370
2026-08-24,US.META,SHORT,False,-1,-1,-1,-1,-1,-1,True,,,0.0,0.0,no_entry,False,False,1,1,e09ae2026370
2026-08-24,US.MSFT,LONG,True,80,94,650,650,664,664,True,487.05,486.76,-0.29000000000002046,-0.0005954214146391961,failed_followthrough,False,False,1,1,e09ae2026370
2026-08-24,US.MSFT,SHORT,False,-1,-1,-1,-1,-1,-1,True,,,0.0,0.0,no_entry,False,False,1,1,e09ae2026370
2026-08-24,US.MU,LONG,False,-1,-1,-1,-1,-1,-1,True,,,0.0,0.0,no_entry,False,False,1,1,e09ae2026370
2026-08-24,US.MU,SHORT,True,29,64,599,599,634,634,True,900.43,900.52,-0.09000000000003183,-9.995224503851698e-05,failed_followthrough,False,False,1,1,e09ae2026370
2026-08-24,US.NVDA,LONG,False,-1,-1,-1,-1,-1,-1,True,,,0.0,0.0,no_entry,False,False,1,1,e09ae2026370
2026-08-24,US.NVDA,SHORT,True,118,120,688,688,690,690,True,209.355737274,209.620441079,-0.26470380499998214,-0.0012643733028130193,soft_failure_loss,False,False,1,1,e09ae2026370
2026-08-24,US.QQQ,LONG,False,-1,-1,-1,-1,-1,-1,True,,,0.0,0.0,no_entry,False,False,1,1,e09ae2026370
2026-08-24,US.QQQ,SHORT,False,-1,-1,-1,-1,-1,-1,True,,,0.0,0.0,no_entry,False,False,1,1,e09ae2026370
2026-08-24,US.SPY,LONG,False,-1,-1,-1,-1,-1,-1,True,,,0.0,0.0,no_entry,False,False,1,1,e09ae2026370
2026-08-24,US.SPY,SHORT,False,-1,-1,-1,-1,-1,-1,True,,,0.0,0.0,no_entry,False,False,1,1,e09ae2026370
2026-08-24,US.TSLA,LONG,False,-1,-1,-1,-1,-1,-1,True,,,0.0,0.0,no_entry,False,False,1,1,e09ae2026370
2026-08-24,US.TSLA,SHORT,False,-1,-1,-1,-1,-1,-1,True,,,0.0,0.0,no_entry,False,False,1,1,e09ae2026370
2026-08-25,US.AAPL,LONG,False,-1,-1,-1,-1,-1,-1,True,,,0.0,0.0,no_entry,False,False,1,1,e09ae2026370
2026-08-25,US.AAPL,SHORT,True,126,128,696,696,698,698,True,309.49,309.695,-0.20499999999998408,-0.0006623800445894345,soft_failure_loss,False,False,1,1,e09ae2026370
2026-08-25,US.AMD,LONG,True,104,107,674,674,677,677,True,478.1613,477.78,-0.3813000000000102,-0.0007974296539682534,soft_failure_loss,False,False,1,1,e09ae2026370
2026-08-25,US.AMD,SHORT,False,-1,-1,-1,-1,-1,-1,True,,,0.0,0.0,no_entry,False,False,1,1,e09ae2026370
2026-08-25,US.IWM,LONG,False,-1,-1,-1,-1,-1,-1,True,,,0.0,0.0,no_entry,False,False,1,1,e09ae2026370
2026-08-25,US.IWM,SHORT,True,16,19,586,586,589,589,True,298.69,298.73,-0.040000000000020464,-0.00013391810907636837,soft_failure_loss,False,False,1,1,e09ae2026370
2026-08-25,US.META,LONG,False,-1,-1,-1,-1,-1,-1,True,,,0.0,0.0,no_entry,False,False,1,1,e09ae2026370
2026-08-25,US.META,SHORT,True,61,62,631,631,632,632,True,563.225,563.78,-0.55499999999995,-0.000985396599937769,soft_failure_loss,False,False,1,1,e09ae2026370
2026-08-25,US.MSFT,LONG,True,92,93,662,662,663,663,True,489.3,488.85,-0.44999999999998863,-0.0009196811771918836,soft_failure_loss,False,False,1,1,e09ae2026370
2026-08-25,US.MSFT,SHORT,False,-1,-1,-1,-1,-1,-1,True,,,0.0,0.0,no_entry,False,False,1,1,e09ae2026370
2026-08-25,US.MU,LONG,False,-1,-1,-1,-1,-1,-1,True,,,0.0,0.0,no_entry,False,False,1,1,e09ae2026370
2026-08-25,US.MU,SHORT,False,-1,-1,-1,-1,-1,-1,True,,,0.0,0.0,no_entry,False,False,1,1,e09ae2026370
2026-08-25,US.NVDA,LONG,True,31,38,601,601,608,608,True,212.929038858,212.841836435,-0.08720242300000791,-0.0004095374847305925,soft_failure_loss,False,False,1,1,e09ae2026370
2026-08-25,US.NVDA,SHORT,False,-1,-1,-1,-1,-1,-1,True,,,0.0,0.0,no_entry,False,False,1,1,e09ae2026370
2026-08-25,US.QQQ,LONG,False,-1,-1,-1,-1,-1,-1,True,,,0.0,0.0,no_entry,False,False,1,1,e09ae2026370
2026-08-25,US.QQQ,SHORT,True,71,82,641,641,652,652,True,709.77,709.885,-0.1150000000000091,-0.00016202431773674445,failed_followthrough,False,False,1,1,e09ae2026370
2026-08-25,US.SPY,LONG,False,-1,-1,-1,-1,-1,-1,True,,,0.0,0.0,no_entry,False,False,1,1,e09ae2026370
2026-08-25,US.SPY,SHORT,True,27,375,597,597,-1,945,True,765.825,765.39,0.4350000000000591,0.000568014885907432,scheduled_flatten,True,False,1,1,e09ae2026370
2026-08-25,US.TSLA,LONG,True,19,20,589,589,590,590,True,352.7,352.1501,-0.5498999999999796,-0.0015591153955202145,soft_failure_loss,False,False,1,1,e09ae2026370
2026-08-25,US.TSLA,SHORT,False,-1,-1,-1,-1,-1,-1,True,,,0.0,0.0,no_entry,False,False,1,1,e09ae2026370
2026-08-26,US.AAPL,LONG,True,109,116,679,679,686,686,True,312.71,312.62,-0.08999999999997499,-0.00028780659396877297,failed_followthrough,False,False,1,1,e09ae2026370
2026-08-26,US.AAPL,SHORT,False,-1,-1,-1,-1,-1,-1,True,,,0.0,0.0,no_entry,False,False,1,1,e09ae2026370
2026-08-26,US.AMD,LONG,False,-1,-1,-1,-1,-1,-1,True,,,0.0,0.0,no_entry,False,False,1,1,e09ae2026370
2026-08-26,US.AMD,SHORT,False,-1,-1,-1,-1,-1,-1,True,,,0.0,0.0,no_entry,False,False,1,1,e09ae2026370
2026-08-26,US.IWM,LONG,False,-1,-1,-1,-1,-1,-1,True,,,0.0,0.0,no_entry,False,False,1,1,e09ae2026370
2026-08-26,US.IWM,SHORT,False,-1,-1,-1,-1,-1,-1,True,,,0.0,0.0,no_entry,False,False,1,1,e09ae2026370
2026-08-26,US.META,LONG,False,-1,-1,-1,-1,-1,-1,True,,,0.0,0.0,no_entry,False,False,1,1,e09ae2026370
2026-08-26,US.META,SHORT,False,-1,-1,-1,-1,-1,-1,True,,,0.0,0.0,no_entry,False,False,1,1,e09ae2026370
2026-08-26,US.MSFT,LONG,True,50,54,620,620,624,624,True,495.345,494.88,-0.46500000000003183,-0.0009387396662932538,soft_failure_loss,False,False,1,1,e09ae2026370
2026-08-26,US.MSFT,SHORT,False,-1,-1,-1,-1,-1,-1,True,,,0.0,0.0,no_entry,False,False,1,1,e09ae2026370
2026-08-26,US.MU,LONG,False,-1,-1,-1,-1,-1,-1,True,,,0.0,0.0,no_entry,False,False,1,1,e09ae2026370
2026-08-26,US.MU,SHORT,False,-1,-1,-1,-1,-1,-1,True,,,0.0,0.0,no_entry,False,False,1,1,e09ae2026370
2026-08-26,US.NVDA,LONG,False,-1,-1,-1,-1,-1,-1,True,,,0.0,0.0,no_entry,False,False,1,1,e09ae2026370
2026-08-26,US.NVDA,SHORT,False,-1,-1,-1,-1,-1,-1,True,,,0.0,0.0,no_entry,False,False,1,1,e09ae2026370
2026-08-26,US.QQQ,LONG,False,-1,-1,-1,-1,-1,-1,True,,,0.0,0.0,no_entry,False,False,1,1,e09ae2026370
2026-08-26,US.QQQ,SHORT,False,-1,-1,-1,-1,-1,-1,True,,,0.0,0.0,no_entry,False,False,1,1,e09ae2026370
2026-08-26,US.SPY,LONG,False,-1,-1,-1,-1,-1,-1,True,,,0.0,0.0,no_entry,False,False,1,1,e09ae2026370
2026-08-26,US.SPY,SHORT,False,-1,-1,-1,-1,-1,-1,True,,,0.0,0.0,no_entry,False,False,1,1,e09ae2026370
2026-08-26,US.TSLA,LONG,False,-1,-1,-1,-1,-1,-1,True,,,0.0,0.0,no_entry,False,False,1,1,e09ae2026370
2026-08-26,US.TSLA,SHORT,False,-1,-1,-1,-1,-1,-1,True,,,0.0,0.0,no_entry,False,False,1,1,e09ae2026370
2026-08-27,US.AAPL,LONG,False,-1,-1,-1,-1,-1,-1,True,,,0.0,0.0,no_entry,False,False,1,1,e09ae2026370
2026-08-27,US.AAPL,SHORT,False,-1,-1,-1,-1,-1,-1,True,,,0.0,0.0,no_entry,False,False,1,1,e09ae2026370
2026-08-27,US.AMD,LONG,False,-1,-1,-1,-1,-1,-1,True,,,0.0,0.0,no_entry,False,False,1,1,e09ae2026370
2026-08-27,US.AMD,SHORT,False,-1,-1,-1,-1,-1,-1,True,,,0.0,0.0,no_entry,False,False,1,1,e09ae2026370
2026-08-27,US.IWM,LONG,False,-1,-1,-1,-1,-1,-1,True,,,0.0,0.0,no_entry,False,False,1,1,e09ae2026370
2026-08-27,US.IWM,SHORT,False,-1,-1,-1,-1,-1,-1,True,,,0.0,0.0,no_entry,False,False,1,1,e09ae2026370
2026-08-27,US.META,LONG,True,53,54,623,623,624,624,True,580.47,579.57,-0.8999999999999773,-0.001550467724430164,soft_failure_loss,False,False,1,1,e09ae2026370
2026-08-27,US.META,SHORT,False,-1,-1,-1,-1,-1,-1,True,,,0.0,0.0,no_entry,False,False,1,1,e09ae2026370
2026-08-27,US.MSFT,LONG,True,113,115,683,683,685,685,True,501.9847,501.5101,-0.4745999999999526,-0.000945447142113998,soft_failure_loss,False,False,1,1,e09ae2026370
2026-08-27,US.MSFT,SHORT,False,-1,-1,-1,-1,-1,-1,True,,,0.0,0.0,no_entry,False,False,1,1,e09ae2026370
2026-08-27,US.MU,LONG,False,-1,-1,-1,-1,-1,-1,True,,,0.0,0.0,no_entry,False,False,1,1,e09ae2026370
2026-08-27,US.MU,SHORT,False,-1,-1,-1,-1,-1,-1,True,,,0.0,0.0,no_entry,False,False,1,1,e09ae2026370
2026-08-27,US.NVDA,LONG,False,-1,-1,-1,-1,-1,-1,True,,,0.0,0.0,no_entry,False,False,1,1,e09ae2026370
2026-08-27,US.NVDA,SHORT,False,-1,-1,-1,-1,-1,-1,True,,,0.0,0.0,no_entry,False,False,1,1,e09ae2026370
2026-08-27,US.QQQ,LONG,True,123,124,693,693,694,694,True,718.61,718.44,-0.16999999999995907,-0.00023656781842718453,soft_failure_loss,False,False,1,1,e09ae2026370
2026-08-27,US.QQQ,SHORT,False,-1,-1,-1,-1,-1,-1,True,,,0.0,0.0,no_entry,False,False,1,1,e09ae2026370
2026-08-27,US.SPY,LONG,True,49,50,619,619,620,620,True,769.25,769.16,-0.09000000000003183,-0.00011699707507316455,soft_failure_loss,False,False,1,1,e09ae2026370
2026-08-27,US.SPY,SHORT,False,-1,-1,-1,-1,-1,-1,True,,,0.0,0.0,no_entry,False,False,1,1,e09ae2026370
2026-08-27,US.TSLA,LONG,True,79,134,649,649,704,704,True,351.49,351.445,-0.045000000000015916,-0.00012802640188914596,failed_followthrough,False,False,1,1,e09ae2026370
2026-08-27,US.TSLA,SHORT,False,-1,-1,-1,-1,-1,-1,True,,,0.0,0.0,no_entry,False,False,1,1,e09ae2026370
2026-08-28,US.AAPL,LONG,False,-1,-1,-1,-1,-1,-1,True,,,0.0,0.0,no_entry,False,False,1,1,e09ae2026370
2026-08-28,US.AAPL,SHORT,False,-1,-1,-1,-1,-1,-1,True,,,0.0,0.0,no_entry,False,False,1,1,e09ae2026370
2026-08-28,US.AMD,LONG,False,-1,-1,-1,-1,-1,-1,True,,,0.0,0.0,no_entry,False,False,1,1,e09ae2026370
2026-08-28,US.AMD,SHORT,False,-1,-1,-1,-1,-1,-1,True,,,0.0,0.0,no_entry,False,False,1,1,e09ae2026370
2026-08-28,US.IWM,LONG,False,-1,-1,-1,-1,-1,-1,True,,,0.0,0.0,no_entry,False,False,1,1,e09ae2026370
2026-08-28,US.IWM,SHORT,True,53,375,623,623,-1,945,True,298.43,296.11,2.319999999999993,0.0077740173575042495,scheduled_flatten,True,False,1,1,e09ae2026370
2026-08-28,US.META,LONG,False,-1,-1,-1,-1,-1,-1,True,,,0.0,0.0,no_entry,False,False,1,1,e09ae2026370
2026-08-28,US.META,SHORT,False,-1,-1,-1,-1,-1,-1,True,,,0.0,0.0,no_entry,False,False,1,1,e09ae2026370
2026-08-28,US.MSFT,LONG,False,-1,-1,-1,-1,-1,-1,True,,,0.0,0.0,no_entry,False,False,1,1,e09ae2026370
2026-08-28,US.MSFT,SHORT,False,-1,-1,-1,-1,-1,-1,True,,,0.0,0.0,no_entry,False,False,1,1,e09ae2026370
2026-08-28,US.MU,LONG,True,37,38,607,607,608,608,True,933.745,930.17,-3.5750000000000455,-0.0038286684266047428,soft_failure_loss,False,False,1,1,e09ae2026370
2026-08-28,US.MU,SHORT,False,-1,-1,-1,-1,-1,-1,True,,,0.0,0.0,no_entry,False,False,1,1,e09ae2026370
2026-08-28,US.NVDA,LONG,False,-1,-1,-1,-1,-1,-1,True,,,0.0,0.0,no_entry,False,False,1,1,e09ae2026370
2026-08-28,US.NVDA,SHORT,True,54,60,624,624,630,630,True,224.825023612,224.863384687,-0.038361075000011624,-0.00017062635815048174,failed_followthrough,False,False,1,1,e09ae2026370
2026-08-28,US.QQQ,LONG,False,-1,-1,-1,-1,-1,-1,True,,,0.0,0.0,no_entry,False,False,1,1,e09ae2026370
2026-08-28,US.QQQ,SHORT,False,-1,-1,-1,-1,-1,-1,True,,,0.0,0.0,no_entry,False,False,1,1,e09ae2026370
2026-08-28,US.SPY,LONG,True,131,137,701,701,707,707,True,772.89,772.78,-0.11000000000001364,-0.00014232296963347132,soft_failure_loss,False,False,1,1,e09ae2026370
2026-08-28,US.SPY,SHORT,True,34,35,604,604,605,605,True,771.45,771.7381,-0.2880999999999858,-0.00037345258927990897,soft_failure_loss,False,False,1,1,e09ae2026370
2026-08-28,US.TSLA,LONG,False,-1,-1,-1,-1,-1,-1,True,,,0.0,0.0,no_entry,False,False,1,1,e09ae2026370
2026-08-28,US.TSLA,SHORT,True,81,84,651,651,654,654,True,353.565,353.815,-0.25,-0.0007070835631354913,soft_failure_loss,False,False,1,1,e09ae2026370
2026-08-31,US.AAPL,LONG,False,-1,-1,-1,-1,-1,-1,True,,,0.0,0.0,no_entry,False,False,1,1,e09ae2026370
2026-08-31,US.AAPL,SHORT,False,-1,-1,-1,-1,-1,-1,True,,,0.0,0.0,no_entry,False,False,1,1,e09ae2026370
2026-08-31,US.AMD,LONG,False,-1,-1,-1,-1,-1,-1,True,,,0.0,0.0,no_entry,False,False,1,1,e09ae2026370
2026-08-31,US.AMD,SHORT,False,-1,-1,-1,-1,-1,-1,True,,,0.0,0.0,no_entry,False,False,1,1,e09ae2026370
2026-08-31,US.IWM,LONG,False,-1,-1,-1,-1,-1,-1,True,,,0.0,0.0,no_entry,False,False,1,1,e09ae2026370
2026-08-31,US.IWM,SHORT,True,48,49,618,618,619,619,True,293.43,293.525,-0.09499999999997044,-0.0003237569437343504,soft_failure_loss,False,False,1,1,e09ae2026370
2026-08-31,US.META,LONG,False,-1,-1,-1,-1,-1,-1,True,,,0.0,0.0,no_entry,False,False,1,1,e09ae2026370
2026-08-31,US.META,SHORT,False,-1,-1,-1,-1,-1,-1,True,,,0.0,0.0,no_entry,False,False,1,1,e09ae2026370
2026-08-31,US.MSFT,LONG,False,-1,-1,-1,-1,-1,-1,True,,,0.0,0.0,no_entry,False,False,1,1,e09ae2026370
2026-08-31,US.MSFT,SHORT,False,-1,-1,-1,-1,-1,-1,True,,,0.0,0.0,no_entry,False,False,1,1,e09ae2026370
2026-08-31,US.MU,LONG,False,-1,-1,-1,-1,-1,-1,True,,,0.0,0.0,no_entry,False,False,1,1,e09ae2026370
2026-08-31,US.MU,SHORT,False,-1,-1,-1,-1,-1,-1,True,,,0.0,0.0,no_entry,False,False,1,1,e09ae2026370
2026-08-31,US.NVDA,LONG,True,82,83,652,652,653,653,True,219.264649502,219.11481716,-0.1498323419999963,-0.0006833401660518451,soft_failure_loss,False,False,1,1,e09ae2026370
2026-08-31,US.NVDA,SHORT,False,-1,-1,-1,-1,-1,-1,True,,,0.0,0.0,no_entry,False,False,1,1,e09ae2026370
2026-08-31,US.QQQ,LONG,False,-1,-1,-1,-1,-1,-1,True,,,0.0,0.0,no_entry,False,False,1,1,e09ae2026370
2026-08-31,US.QQQ,SHORT,True,54,66,624,624,636,636,True,713.9,714.27,-0.37000000000000455,-0.0005182798711304168,soft_failure_loss,False,False,1,1,e09ae2026370
2026-08-31,US.SPY,LONG,False,-1,-1,-1,-1,-1,-1,True,,,0.0,0.0,no_entry,False,False,1,1,e09ae2026370
2026-08-31,US.SPY,SHORT,True,67,70,637,637,640,640,True,765.56,765.62,-0.06000000000005912,-7.83740007315679e-05,soft_failure_loss,False,False,1,1,e09ae2026370
2026-08-31,US.TSLA,LONG,False,-1,-1,-1,-1,-1,-1,True,,,0.0,0.0,no_entry,False,False,1,1,e09ae2026370
2026-08-31,US.TSLA,SHORT,False,-1,-1,-1,-1,-1,-1,True,,,0.0,0.0,no_entry,False,False,1,1,e09ae2026370
2026-09-01,US.AAPL,LONG,False,-1,-1,-1,-1,-1,-1,True,,,0.0,0.0,no_entry,False,False,1,1,e09ae2026370
2026-09-01,US.AAPL,SHORT,False,-1,-1,-1,-1,-1,-1,True,,,0.0,0.0,no_entry,False,False,1,1,e09ae2026370
2026-09-01,US.AMD,LONG,False,-1,-1,-1,-1,-1,-1,True,,,0.0,0.0,no_entry,False,False,1,1,e09ae2026370
2026-09-01,US.AMD,SHORT,False,-1,-1,-1,-1,-1,-1,True,,,0.0,0.0,no_entry,False,False,1,1,e09ae2026370
2026-09-01,US.IWM,LONG,False,-1,-1,-1,-1,-1,-1,True,,,0.0,0.0,no_entry,False,False,1,1,e09ae2026370
2026-09-01,US.IWM,SHORT,False,-1,-1,-1,-1,-1,-1,True,,,0.0,0.0,no_entry,False,False,1,1,e09ae2026370
2026-09-01,US.META,LONG,False,-1,-1,-1,-1,-1,-1,True,,,0.0,0.0,no_entry,False,False,1,1,e09ae2026370
2026-09-01,US.META,SHORT,False,-1,-1,-1,-1,-1,-1,True,,,0.0,0.0,no_entry,False,False,1,1,e09ae2026370
2026-09-01,US.MSFT,LONG,False,-1,-1,-1,-1,-1,-1,True,,,0.0,0.0,no_entry,False,False,1,1,e09ae2026370
2026-09-01,US.MSFT,SHORT,False,-1,-1,-1,-1,-1,-1,True,,,0.0,0.0,no_entry,False,False,1,1,e09ae2026370
2026-09-01,US.MU,LONG,False,-1,-1,-1,-1,-1,-1,True,,,0.0,0.0,no_entry,False,False,1,1,e09ae2026370
2026-09-01,US.MU,SHORT,False,-1,-1,-1,-1,-1,-1,True,,,0.0,0.0,no_entry,False,False,1,1,e09ae2026370
2026-09-01,US.NVDA,LONG,False,-1,-1,-1,-1,-1,-1,True,,,0.0,0.0,no_entry,False,False,1,1,e09ae2026370
2026-09-01,US.NVDA,SHORT,False,-1,-1,-1,-1,-1,-1,True,,,0.0,0.0,no_entry,False,False,1,1,e09ae2026370
2026-09-01,US.QQQ,LONG,True,98,100,668,668,670,670,True,709.1681,709.012,-0.15610000000003765,-0.00022011706392326114,soft_failure_loss,False,False,1,1,e09ae2026370
2026-09-01,US.QQQ,SHORT,False,-1,-1,-1,-1,-1,-1,True,,,0.0,0.0,no_entry,False,False,1,1,e09ae2026370
2026-09-01,US.SPY,LONG,True,97,98,667,667,668,668,True,762.91,762.75,-0.15999999999996817,-0.0002097232963258683,soft_failure_loss,False,False,1,1,e09ae2026370
2026-09-01,US.SPY,SHORT,False,-1,-1,-1,-1,-1,-1,True,,,0.0,0.0,no_entry,False,False,1,1,e09ae2026370
2026-09-01,US.TSLA,LONG,False,-1,-1,-1,-1,-1,-1,True,,,0.0,0.0,no_entry,False,False,1,1,e09ae2026370
2026-09-01,US.TSLA,SHORT,False,-1,-1,-1,-1,-1,-1,True,,,0.0,0.0,no_entry,False,False,1,1,e09ae2026370
2026-09-02,US.AAPL,LONG,False,-1,-1,-1,-1,-1,-1,True,,,0.0,0.0,no_entry,False,False,1,1,e09ae2026370
2026-09-02,US.AAPL,SHORT,False,-1,-1,-1,-1,-1,-1,True,,,0.0,0.0,no_entry,False,False,1,1,e09ae2026370
2026-09-02,US.AMD,LONG,False,-1,-1,-1,-1,-1,-1,True,,,0.0,0.0,no_entry,False,False,1,1,e09ae2026370
2026-09-02,US.AMD,SHORT,True,38,40,608,608,610,610,True,455.615,456.5,-0.8849999999999909,-0.0019424294634724293,soft_failure_loss,False,False,1,1,e09ae2026370
2026-09-02,US.IWM,LONG,True,90,91,660,660,661,661,True,293.16,292.95,-0.21000000000003638,-0.0007163323782236197,soft_failure_loss,False,False,1,1,e09ae2026370
2026-09-02,US.IWM,SHORT,False,-1,-1,-1,-1,-1,-1,True,,,0.0,0.0,no_entry,False,False,1,1,e09ae2026370
2026-09-02,US.META,LONG,True,49,50,619,619,620,620,True,594.24,594.0,-0.2400000000000091,-0.0004038772213247326,soft_failure_loss,False,False,1,1,e09ae2026370
2026-09-02,US.META,SHORT,False,-1,-1,-1,-1,-1,-1,True,,,0.0,0.0,no_entry,False,False,1,1,e09ae2026370
2026-09-02,US.MSFT,LONG,False,-1,-1,-1,-1,-1,-1,True,,,0.0,0.0,no_entry,False,False,1,1,e09ae2026370
2026-09-02,US.MSFT,SHORT,False,-1,-1,-1,-1,-1,-1,True,,,0.0,0.0,no_entry,False,False,1,1,e09ae2026370
2026-09-02,US.MU,LONG,False,-1,-1,-1,-1,-1,-1,True,,,0.0,0.0,no_entry,False,False,1,1,e09ae2026370
2026-09-02,US.MU,SHORT,False,-1,-1,-1,-1,-1,-1,True,,,0.0,0.0,no_entry,False,False,1,1,e09ae2026370
2026-09-02,US.NVDA,LONG,True,29,324,599,599,894,894,True,219.903934162,224.089250919,4.185316756999981,0.019032477854246662,trailing,False,False,1,1,e09ae2026370
2026-09-02,US.NVDA,SHORT,False,-1,-1,-1,-1,-1,-1,True,,,0.0,0.0,no_entry,False,False,1,1,e09ae2026370
2026-09-02,US.QQQ,LONG,True,88,89,658,658,659,659,True,708.0,707.625,-0.375,-0.0005296610169491525,soft_failure_loss,False,False,1,1,e09ae2026370
2026-09-02,US.QQQ,SHORT,False,-1,-1,-1,-1,-1,-1,True,,,0.0,0.0,no_entry,False,False,1,1,e09ae2026370
2026-09-02,US.SPY,LONG,False,-1,-1,-1,-1,-1,-1,True,,,0.0,0.0,no_entry,False,False,1,1,e09ae2026370
2026-09-02,US.SPY,SHORT,False,-1,-1,-1,-1,-1,-1,True,,,0.0,0.0,no_entry,False,False,1,1,e09ae2026370
2026-09-02,US.TSLA,LONG,False,-1,-1,-1,-1,-1,-1,True,,,0.0,0.0,no_entry,False,False,1,1,e09ae2026370
2026-09-02,US.TSLA,SHORT,False,-1,-1,-1,-1,-1,-1,True,,,0.0,0.0,no_entry,False,False,1,1,e09ae2026370
2026-09-03,US.AAPL,LONG,True,70,71,640,640,641,641,True,328.375,328.16,-0.214999999999975,-0.0006547392462884659,soft_failure_loss,False,False,1,1,e09ae2026370
2026-09-03,US.AAPL,SHORT,False,-1,-1,-1,-1,-1,-1,True,,,0.0,0.0,no_entry,False,False,1,1,e09ae2026370
2026-09-03,US.AMD,LONG,False,-1,-1,-1,-1,-1,-1,True,,,0.0,0.0,no_entry,False,False,1,1,e09ae2026370
2026-09-03,US.AMD,SHORT,False,-1,-1,-1,-1,-1,-1,True,,,0.0,0.0,no_entry,False,False,1,1,e09ae2026370
2026-09-03,US.IWM,LONG,False,-1,-1,-1,-1,-1,-1,True,,,0.0,0.0,no_entry,False,False,1,1,e09ae2026370
2026-09-03,US.IWM,SHORT,True,87,90,657,657,660,660,True,294.215,294.35,-0.13500000000004775,-0.0004588481212720213,soft_failure_loss,False,False,1,1,e09ae2026370
2026-09-03,US.META,LONG,False,-1,-1,-1,-1,-1,-1,True,,,0.0,0.0,no_entry,False,False,1,1,e09ae2026370
2026-09-03,US.META,SHORT,False,-1,-1,-1,-1,-1,-1,True,,,0.0,0.0,no_entry,False,False,1,1,e09ae2026370
2026-09-03,US.MSFT,LONG,False,-1,-1,-1,-1,-1,-1,True,,,0.0,0.0,no_entry,False,False,1,1,e09ae2026370
2026-09-03,US.MSFT,SHORT,False,-1,-1,-1,-1,-1,-1,True,,,0.0,0.0,no_entry,False,False,1,1,e09ae2026370
2026-09-03,US.MU,LONG,False,-1,-1,-1,-1,-1,-1,True,,,0.0,0.0,no_entry,False,False,1,1,e09ae2026370
2026-09-03,US.MU,SHORT,False,-1,-1,-1,-1,-1,-1,True,,,0.0,0.0,no_entry,False,False,1,1,e09ae2026370
2026-09-03,US.NVDA,LONG,False,-1,-1,-1,-1,-1,-1,True,,,0.0,0.0,no_entry,False,False,1,1,e09ae2026370
2026-09-03,US.NVDA,SHORT,False,-1,-1,-1,-1,-1,-1,True,,,0.0,0.0,no_entry,False,False,1,1,e09ae2026370
2026-09-03,US.QQQ,LONG,False,-1,-1,-1,-1,-1,-1,True,,,0.0,0.0,no_entry,False,False,1,1,e09ae2026370
2026-09-03,US.QQQ,SHORT,False,-1,-1,-1,-1,-1,-1,True,,,0.0,0.0,no_entry,False,False,1,1,e09ae2026370
2026-09-03,US.SPY,LONG,False,-1,-1,-1,-1,-1,-1,True,,,0.0,0.0,no_entry,False,False,1,1,e09ae2026370
2026-09-03,US.SPY,SHORT,False,-1,-1,-1,-1,-1,-1,True,,,0.0,0.0,no_entry,False,False,1,1,e09ae2026370
2026-09-03,US.TSLA,LONG,False,-1,-1,-1,-1,-1,-1,True,,,0.0,0.0,no_entry,False,False,1,1,e09ae2026370
2026-09-03,US.TSLA,SHORT,False,-1,-1,-1,-1,-1,-1,True,,,0.0,0.0,no_entry,False,False,1,1,e09ae2026370
2026-09-04,US.AAPL,LONG,False,-1,-1,-1,-1,-1,-1,True,,,0.0,0.0,no_entry,False,False,1,1,e09ae2026370
2026-09-04,US.AAPL,SHORT,True,143,144,713,713,714,714,True,321.01,321.18,-0.17000000000001592,-0.0005295785178032333,soft_failure_loss,False,False,1,1,e09ae2026370
2026-09-04,US.AMD,LONG,True,50,51,620,620,621,621,True,470.31,469.24,-1.0699999999999932,-0.0022750951500074275,soft_failure_loss,False,False,1,1,e09ae2026370
2026-09-04,US.AMD,SHORT,False,-1,-1,-1,-1,-1,-1,True,,,0.0,0.0,no_entry,False,False,1,1,e09ae2026370
2026-09-04,US.IWM,LONG,True,85,87,655,655,657,657,True,294.98,294.87,-0.11000000000001364,-0.00037290663773819797,soft_failure_loss,False,False,1,1,e09ae2026370
2026-09-04,US.IWM,SHORT,False,-1,-1,-1,-1,-1,-1,True,,,0.0,0.0,no_entry,False,False,1,1,e09ae2026370
2026-09-04,US.META,LONG,False,-1,-1,-1,-1,-1,-1,True,,,0.0,0.0,no_entry,False,False,1,1,e09ae2026370
2026-09-04,US.META,SHORT,False,-1,-1,-1,-1,-1,-1,True,,,0.0,0.0,no_entry,False,False,1,1,e09ae2026370
2026-09-04,US.MSFT,LONG,False,-1,-1,-1,-1,-1,-1,True,,,0.0,0.0,no_entry,False,False,1,1,e09ae2026370
2026-09-04,US.MSFT,SHORT,False,-1,-1,-1,-1,-1,-1,True,,,0.0,0.0,no_entry,False,False,1,1,e09ae2026370
2026-09-04,US.MU,LONG,True,106,109,676,676,679,679,True,1000.26,998.8,-1.4600000000000364,-0.0014596204986703821,soft_failure_loss,False,False,1,1,e09ae2026370
2026-09-04,US.MU,SHORT,False,-1,-1,-1,-1,-1,-1,True,,,0.0,0.0,no_entry,False,False,1,1,e09ae2026370
2026-09-04,US.NVDA,LONG,True,33,38,603,603,608,608,True,233.623582291,233.313928784,-0.30965350699997884,-0.0013254377146493562,soft_failure_loss,False,False,1,1,e09ae2026370
2026-09-04,US.NVDA,SHORT,False,-1,-1,-1,-1,-1,-1,True,,,0.0,0.0,no_entry,False,False,1,1,e09ae2026370
2026-09-04,US.QQQ,LONG,True,36,38,606,606,608,608,True,721.14,720.88,-0.2599999999999909,-0.0003605402557062303,soft_failure_loss,False,False,1,1,e09ae2026370
2026-09-04,US.QQQ,SHORT,False,-1,-1,-1,-1,-1,-1,True,,,0.0,0.0,no_entry,False,False,1,1,e09ae2026370
2026-09-04,US.SPY,LONG,False,-1,-1,-1,-1,-1,-1,True,,,0.0,0.0,no_entry,False,False,1,1,e09ae2026370
2026-09-04,US.SPY,SHORT,True,45,375,615,615,-1,945,True,771.63,769.89,1.740000000000009,0.00225496675867969,scheduled_flatten,True,False,1,1,e09ae2026370
2026-09-04,US.TSLA,LONG,False,-1,-1,-1,-1,-1,-1,True,,,0.0,0.0,no_entry,False,False,1,1,e09ae2026370
2026-09-04,US.TSLA,SHORT,True,93,94,663,663,664,664,True,355.4,355.7001,-0.3001000000000431,-0.0008444006752955631,soft_failure_loss,False,False,1,1,e09ae2026370
2026-09-08,US.AAPL,LONG,False,-1,-1,-1,-1,-1,-1,True,,,0.0,0.0,no_entry,False,False,1,1,e09ae2026370
2026-09-08,US.AAPL,SHORT,False,-1,-1,-1,-1,-1,-1,True,,,0.0,0.0,no_entry,False,False,1,1,e09ae2026370
2026-09-08,US.AMD,LONG,False,-1,-1,-1,-1,-1,-1,True,,,0.0,0.0,no_entry,False,False,1,1,e09ae2026370
2026-09-08,US.AMD,SHORT,False,-1,-1,-1,-1,-1,-1,True,,,0.0,0.0,no_entry,False,False,1,1,e09ae2026370
2026-09-08,US.IWM,LONG,False,-1,-1,-1,-1,-1,-1,True,,,0.0,0.0,no_entry,False,False,1,1,e09ae2026370
2026-09-08,US.IWM,SHORT,False,-1,-1,-1,-1,-1,-1,True,,,0.0,0.0,no_entry,False,False,1,1,e09ae2026370
2026-09-08,US.META,LONG,False,-1,-1,-1,-1,-1,-1,True,,,0.0,0.0,no_entry,False,False,1,1,e09ae2026370
2026-09-08,US.META,SHORT,False,-1,-1,-1,-1,-1,-1,True,,,0.0,0.0,no_entry,False,False,1,1,e09ae2026370
2026-09-08,US.MSFT,LONG,False,-1,-1,-1,-1,-1,-1,True,,,0.0,0.0,no_entry,False,False,1,1,e09ae2026370
2026-09-08,US.MSFT,SHORT,False,-1,-1,-1,-1,-1,-1,True,,,0.0,0.0,no_entry,False,False,1,1,e09ae2026370
2026-09-08,US.MU,LONG,False,-1,-1,-1,-1,-1,-1,True,,,0.0,0.0,no_entry,False,False,1,1,e09ae2026370
2026-09-08,US.MU,SHORT,False,-1,-1,-1,-1,-1,-1,True,,,0.0,0.0,no_entry,False,False,1,1,e09ae2026370
2026-09-08,US.NVDA,LONG,False,-1,-1,-1,-1,-1,-1,True,,,0.0,0.0,no_entry,False,False,1,1,e09ae2026370
2026-09-08,US.NVDA,SHORT,False,-1,-1,-1,-1,-1,-1,True,,,0.0,0.0,no_entry,False,False,1,1,e09ae2026370
2026-09-08,US.QQQ,LONG,False,-1,-1,-1,-1,-1,-1,True,,,0.0,0.0,no_entry,False,False,1,1,e09ae2026370
2026-09-08,US.QQQ,SHORT,False,-1,-1,-1,-1,-1,-1,True,,,0.0,0.0,no_entry,False,False,1,1,e09ae2026370
2026-09-08,US.SPY,LONG,False,-1,-1,-1,-1,-1,-1,True,,,0.0,0.0,no_entry,False,False,1,1,e09ae2026370
2026-09-08,US.SPY,SHORT,True,70,72,640,640,642,642,True,766.9,767.09,-0.19000000000005457,-0.0002477506845743312,soft_failure_loss,False,False,1,1,e09ae2026370
2026-09-08,US.TSLA,LONG,False,-1,-1,-1,-1,-1,-1,True,,,0.0,0.0,no_entry,False,False,1,1,e09ae2026370
2026-09-08,US.TSLA,SHORT,False,-1,-1,-1,-1,-1,-1,True,,,0.0,0.0,no_entry,False,False,1,1,e09ae2026370
2026-09-09,US.AAPL,LONG,True,41,42,611,611,612,612,True,317.23,316.495,-0.7350000000000136,-0.002316930933392219,soft_failure_loss,False,False,1,1,e09ae2026370
2026-09-09,US.AAPL,SHORT,False,-1,-1,-1,-1,-1,-1,True,,,0.0,0.0,no_entry,False,False,1,1,e09ae2026370
2026-09-09,US.AMD,LONG,True,43,47,613,613,617,617,True,520.9101,519.7,-1.2101000000000113,-0.00232304960107322,soft_failure_loss,False,False,1,1,e09ae2026370
2026-09-09,US.AMD,SHORT,False,-1,-1,-1,-1,-1,-1,True,,,0.0,0.0,no_entry,False,False,1,1,e09ae2026370
2026-09-09,US.IWM,LONG,False,-1,-1,-1,-1,-1,-1,True,,,0.0,0.0,no_entry,False,False,1,1,e09ae2026370
2026-09-09,US.IWM,SHORT,True,60,375,630,630,-1,945,True,292.695,290.45,2.2450000000000045,0.007670100275030337,scheduled_flatten,True,False,1,1,e09ae2026370
2026-09-09,US.META,LONG,False,-1,-1,-1,-1,-1,-1,True,,,0.0,0.0,no_entry,False,False,1,1,e09ae2026370
2026-09-09,US.META,SHORT,False,-1,-1,-1,-1,-1,-1,True,,,0.0,0.0,no_entry,False,False,1,1,e09ae2026370
2026-09-09,US.MSFT,LONG,False,-1,-1,-1,-1,-1,-1,True,,,0.0,0.0,no_entry,False,False,1,1,e09ae2026370
2026-09-09,US.MSFT,SHORT,False,-1,-1,-1,-1,-1,-1,True,,,0.0,0.0,no_entry,False,False,1,1,e09ae2026370
2026-09-09,US.MU,LONG,True,97,98,667,667,668,668,True,1029.62,1028.52,-1.099999999999909,-0.0010683553155532227,soft_failure_loss,False,False,1,1,e09ae2026370
2026-09-09,US.MU,SHORT,False,-1,-1,-1,-1,-1,-1,True,,,0.0,0.0,no_entry,False,False,1,1,e09ae2026370
2026-09-09,US.NVDA,LONG,False,-1,-1,-1,-1,-1,-1,True,,,0.0,0.0,no_entry,False,False,1,1,e09ae2026370
2026-09-09,US.NVDA,SHORT,True,94,95,664,664,665,665,True,224.099239742,224.224100027,-0.1248602849999827,-0.0005571651431916114,soft_failure_loss,False,False,1,1,e09ae2026370
2026-09-09,US.QQQ,LONG,True,46,47,616,616,617,617,True,718.36,717.7611,-0.5988999999999578,-0.0008337045492510132,soft_failure_loss,False,False,1,1,e09ae2026370
2026-09-09,US.QQQ,SHORT,False,-1,-1,-1,-1,-1,-1,True,,,0.0,0.0,no_entry,False,False,1,1,e09ae2026370
2026-09-09,US.SPY,LONG,False,-1,-1,-1,-1,-1,-1,True,,,0.0,0.0,no_entry,False,False,1,1,e09ae2026370
2026-09-09,US.SPY,SHORT,True,56,58,626,626,628,628,True,763.1,763.42,-0.31999999999993634,-0.0004193421569911366,soft_failure_loss,False,False,1,1,e09ae2026370
2026-09-09,US.TSLA,LONG,False,-1,-1,-1,-1,-1,-1,True,,,0.0,0.0,no_entry,False,False,1,1,e09ae2026370
2026-09-09,US.TSLA,SHORT,False,-1,-1,-1,-1,-1,-1,True,,,0.0,0.0,no_entry,False,False,1,1,e09ae2026370
2026-09-10,US.AAPL,LONG,False,-1,-1,-1,-1,-1,-1,True,,,0.0,0.0,no_entry,False,False,1,1,e09ae2026370
2026-09-10,US.AAPL,SHORT,False,-1,-1,-1,-1,-1,-1,True,,,0.0,0.0,no_entry,False,False,1,1,e09ae2026370
2026-09-10,US.AMD,LONG,False,-1,-1,-1,-1,-1,-1,True,,,0.0,0.0,no_entry,False,False,1,1,e09ae2026370
2026-09-10,US.AMD,SHORT,True,35,40,605,605,610,610,True,507.295,507.79,-0.49500000000000455,-0.0009757636089454943,soft_failure_loss,False,False,1,1,e09ae2026370
2026-09-10,US.IWM,LONG,True,91,92,661,661,662,662,True,288.84,288.775,-0.06499999999999773,-0.00022503808336794674,soft_failure_loss,False,False,1,1,e09ae2026370
2026-09-10,US.IWM,SHORT,False,-1,-1,-1,-1,-1,-1,True,,,0.0,0.0,no_entry,False,False,1,1,e09ae2026370
2026-09-10,US.META,LONG,False,-1,-1,-1,-1,-1,-1,True,,,0.0,0.0,no_entry,False,False,1,1,e09ae2026370
2026-09-10,US.META,SHORT,False,-1,-1,-1,-1,-1,-1,True,,,0.0,0.0,no_entry,False,False,1,1,e09ae2026370
2026-09-10,US.MSFT,LONG,False,-1,-1,-1,-1,-1,-1,True,,,0.0,0.0,no_entry,False,False,1,1,e09ae2026370
2026-09-10,US.MSFT,SHORT,False,-1,-1,-1,-1,-1,-1,True,,,0.0,0.0,no_entry,False,False,1,1,e09ae2026370
2026-09-10,US.MU,LONG,False,-1,-1,-1,-1,-1,-1,True,,,0.0,0.0,no_entry,False,False,1,1,e09ae2026370
2026-09-10,US.MU,SHORT,False,-1,-1,-1,-1,-1,-1,True,,,0.0,0.0,no_entry,False,False,1,1,e09ae2026370
2026-09-10,US.NVDA,LONG,False,-1,-1,-1,-1,-1,-1,True,,,0.0,0.0,no_entry,False,False,1,1,e09ae2026370
2026-09-10,US.NVDA,SHORT,True,63,66,633,633,636,636,True,218.2,218.325,-0.125,-0.0005728689275893675,soft_failure_loss,False,False,1,1,e09ae2026370
2026-09-10,US.QQQ,LONG,True,114,144,684,684,714,714,True,710.61,710.53,-0.08000000000004093,-0.00011257933324895643,failed_followthrough,False,False,1,1,e09ae2026370
2026-09-10,US.QQQ,SHORT,False,-1,-1,-1,-1,-1,-1,True,,,0.0,0.0,no_entry,False,False,1,1,e09ae2026370
2026-09-10,US.SPY,LONG,True,17,19,587,587,589,589,True,758.74,758.425,-0.31500000000005457,-0.0004151619790706363,soft_failure_loss,False,False,1,1,e09ae2026370
2026-09-10,US.SPY,SHORT,True,32,44,602,602,614,614,True,757.55,757.64,-0.09000000000003183,-0.0001188040393373795,failed_followthrough,False,False,1,1,e09ae2026370
2026-09-10,US.TSLA,LONG,True,143,144,713,713,714,714,True,366.4413,366.14,-0.3013000000000261,-0.0008222326468114432,soft_failure_loss,False,False,1,1,e09ae2026370
2026-09-10,US.TSLA,SHORT,False,-1,-1,-1,-1,-1,-1,True,,,0.0,0.0,no_entry,False,False,1,1,e09ae2026370
2026-09-11,US.AAPL,LONG,False,-1,-1,-1,-1,-1,-1,True,,,0.0,0.0,no_entry,False,False,1,1,e09ae2026370
2026-09-11,US.AAPL,SHORT,False,-1,-1,-1,-1,-1,-1,True,,,0.0,0.0,no_entry,False,False,1,1,e09ae2026370
2026-09-11,US.AMD,LONG,True,41,43,611,611,613,613,True,513.0238,512.575,-0.44880000000000564,-0.0008748132152933364,soft_failure_loss,False,False,1,1,e09ae2026370
2026-09-11,US.AMD,SHORT,False,-1,-1,-1,-1,-1,-1,True,,,0.0,0.0,no_entry,False,False,1,1,e09ae2026370
2026-09-11,US.IWM,LONG,False,-1,-1,-1,-1,-1,-1,True,,,0.0,0.0,no_entry,False,False,1,1,e09ae2026370
2026-09-11,US.IWM,SHORT,True,27,30,597,597,600,600,True,290.19,290.36,-0.17000000000001592,-0.0005858230814294632,soft_failure_loss,False,False,1,1,e09ae2026370
2026-09-11,US.META,LONG,False,-1,-1,-1,-1,-1,-1,True,,,0.0,0.0,no_entry,False,False,1,1,e09ae2026370
2026-09-11,US.META,SHORT,False,-1,-1,-1,-1,-1,-1,True,,,0.0,0.0,no_entry,False,False,1,1,e09ae2026370
2026-09-11,US.MSFT,LONG,False,-1,-1,-1,-1,-1,-1,True,,,0.0,0.0,no_entry,False,False,1,1,e09ae2026370
2026-09-11,US.MSFT,SHORT,False,-1,-1,-1,-1,-1,-1,True,,,0.0,0.0,no_entry,False,False,1,1,e09ae2026370
2026-09-11,US.MU,LONG,False,-1,-1,-1,-1,-1,-1,True,,,0.0,0.0,no_entry,False,False,1,1,e09ae2026370
2026-09-11,US.MU,SHORT,False,-1,-1,-1,-1,-1,-1,True,,,0.0,0.0,no_entry,False,False,1,1,e09ae2026370
2026-09-11,US.NVDA,LONG,False,-1,-1,-1,-1,-1,-1,True,,,0.0,0.0,no_entry,False,False,1,1,e09ae2026370
2026-09-11,US.NVDA,SHORT,False,-1,-1,-1,-1,-1,-1,True,,,0.0,0.0,no_entry,False,False,1,1,e09ae2026370
2026-09-11,US.QQQ,LONG,True,17,19,587,587,589,589,True,716.16,715.48,-0.67999999999995,-0.0009495084897228972,soft_failure_loss,False,False,1,1,e09ae2026370
2026-09-11,US.QQQ,SHORT,False,-1,-1,-1,-1,-1,-1,True,,,0.0,0.0,no_entry,False,False,1,1,e09ae2026370
2026-09-11,US.SPY,LONG,False,-1,-1,-1,-1,-1,-1,True,,,0.0,0.0,no_entry,False,False,1,1,e09ae2026370
2026-09-11,US.SPY,SHORT,False,-1,-1,-1,-1,-1,-1,True,,,0.0,0.0,no_entry,False,False,1,1,e09ae2026370
2026-09-11,US.TSLA,LONG,False,-1,-1,-1,-1,-1,-1,True,,,0.0,0.0,no_entry,False,False,1,1,e09ae2026370
2026-09-11,US.TSLA,SHORT,False,-1,-1,-1,-1,-1,-1,True,,,0.0,0.0,no_entry,False,False,1,1,e09ae2026370
