date,symbol,direction,traded,entry_index,exit_index,entry_signal_close_minute,entry_minute,exit_signal_close_minute,exit_minute,exit_time_exact,entry_price,exit_price,pnl_points,gross_return,exit_reason,eod_flatten,unclosed,signal_minutes,execution_minutes,rule_id
2026-05-14,US.AAPL,LONG,False,-1,-1,-1,-1,-1,-1,True,,,0.0,0.0,no_entry,False,False,1,1,7d1b2a7bc070
2026-05-14,US.AAPL,SHORT,False,-1,-1,-1,-1,-1,-1,True,,,0.0,0.0,no_entry,False,False,1,1,7d1b2a7bc070
2026-05-14,US.AMD,LONG,True,35,36,605,605,606,606,True,447.89,447.0,-0.8899999999999864,-0.0019870950456585016,soft_failure_loss,False,False,1,1,7d1b2a7bc070
2026-05-14,US.AMD,SHORT,False,-1,-1,-1,-1,-1,-1,True,,,0.0,0.0,no_entry,False,False,1,1,7d1b2a7bc070
2026-05-14,US.IWM,LONG,False,-1,-1,-1,-1,-1,-1,True,,,0.0,0.0,no_entry,False,False,1,1,7d1b2a7bc070
2026-05-14,US.IWM,SHORT,False,-1,-1,-1,-1,-1,-1,True,,,0.0,0.0,no_entry,False,False,1,1,7d1b2a7bc070
2026-05-14,US.META,LONG,True,32,375,602,602,-1,945,True,618.396859157,617.187979568,-1.2088795890000483,-0.001954860493062652,scheduled_flatten,True,False,1,1,7d1b2a7bc070
2026-05-14,US.META,SHORT,False,-1,-1,-1,-1,-1,-1,True,,,0.0,0.0,no_entry,False,False,1,1,7d1b2a7bc070
2026-05-14,US.MSFT,LONG,False,-1,-1,-1,-1,-1,-1,True,,,0.0,0.0,no_entry,False,False,1,1,7d1b2a7bc070
2026-05-14,US.MSFT,SHORT,False,-1,-1,-1,-1,-1,-1,True,,,0.0,0.0,no_entry,False,False,1,1,7d1b2a7bc070
2026-05-14,US.MU,LONG,False,-1,-1,-1,-1,-1,-1,True,,,0.0,0.0,no_entry,False,False,1,1,7d1b2a7bc070
2026-05-14,US.MU,SHORT,False,-1,-1,-1,-1,-1,-1,True,,,0.0,0.0,no_entry,False,False,1,1,7d1b2a7bc070
2026-05-14,US.NVDA,LONG,False,-1,-1,-1,-1,-1,-1,True,,,0.0,0.0,no_entry,False,False,1,1,7d1b2a7bc070
2026-05-14,US.NVDA,SHORT,False,-1,-1,-1,-1,-1,-1,True,,,0.0,0.0,no_entry,False,False,1,1,7d1b2a7bc070
2026-05-14,US.QQQ,LONG,True,24,25,594,594,595,595,True,717.790518414,717.06152002,-0.7289983939999729,-0.001015614410191343,soft_failure_loss,False,False,1,1,7d1b2a7bc070
2026-05-14,US.QQQ,SHORT,False,-1,-1,-1,-1,-1,-1,True,,,0.0,0.0,no_entry,False,False,1,1,7d1b2a7bc070
2026-05-14,US.SPY,LONG,True,18,19,588,588,589,589,True,743.694533874,743.355407332,-0.3391265419999172,-0.00045600246681034976,soft_failure_loss,False,False,1,1,7d1b2a7bc070
2026-05-14,US.SPY,SHORT,False,-1,-1,-1,-1,-1,-1,True,,,0.0,0.0,no_entry,False,False,1,1,7d1b2a7bc070
2026-05-14,US.TSLA,LONG,False,-1,-1,-1,-1,-1,-1,True,,,0.0,0.0,no_entry,False,False,1,1,7d1b2a7bc070
2026-05-14,US.TSLA,SHORT,True,30,31,600,600,601,601,True,442.57,445.15,-2.579999999999984,-0.0058295862801364395,soft_failure_loss,False,False,1,1,7d1b2a7bc070
2026-05-15,US.AAPL,LONG,False,-1,-1,-1,-1,-1,-1,True,,,0.0,0.0,no_entry,False,False,1,1,7d1b2a7bc070
2026-05-15,US.AAPL,SHORT,False,-1,-1,-1,-1,-1,-1,True,,,0.0,0.0,no_entry,False,False,1,1,7d1b2a7bc070
2026-05-15,US.AMD,LONG,False,-1,-1,-1,-1,-1,-1,True,,,0.0,0.0,no_entry,False,False,1,1,7d1b2a7bc070
2026-05-15,US.AMD,SHORT,False,-1,-1,-1,-1,-1,-1,True,,,0.0,0.0,no_entry,False,False,1,1,7d1b2a7bc070
2026-05-15,US.IWM,LONG,False,-1,-1,-1,-1,-1,-1,True,,,0.0,0.0,no_entry,False,False,1,1,7d1b2a7bc070
2026-05-15,US.IWM,SHORT,False,-1,-1,-1,-1,-1,-1,True,,,0.0,0.0,no_entry,False,False,1,1,7d1b2a7bc070
2026-05-15,US.META,LONG,False,-1,-1,-1,-1,-1,-1,True,,,0.0,0.0,no_entry,False,False,1,1,7d1b2a7bc070
2026-05-15,US.META,SHORT,False,-1,-1,-1,-1,-1,-1,True,,,0.0,0.0,no_entry,False,False,1,1,7d1b2a7bc070
2026-05-15,US.MSFT,LONG,False,-1,-1,-1,-1,-1,-1,True,,,0.0,0.0,no_entry,False,False,1,1,7d1b2a7bc070
2026-05-15,US.MSFT,SHORT,False,-1,-1,-1,-1,-1,-1,True,,,0.0,0.0,no_entry,False,False,1,1,7d1b2a7bc070
2026-05-15,US.MU,LONG,False,-1,-1,-1,-1,-1,-1,True,,,0.0,0.0,no_entry,False,False,1,1,7d1b2a7bc070
2026-05-15,US.MU,SHORT,False,-1,-1,-1,-1,-1,-1,True,,,0.0,0.0,no_entry,False,False,1,1,7d1b2a7bc070
2026-05-15,US.NVDA,LONG,False,-1,-1,-1,-1,-1,-1,True,,,0.0,0.0,no_entry,False,False,1,1,7d1b2a7bc070
2026-05-15,US.NVDA,SHORT,False,-1,-1,-1,-1,-1,-1,True,,,0.0,0.0,no_entry,False,False,1,1,7d1b2a7bc070
2026-05-15,US.QQQ,LONG,False,-1,-1,-1,-1,-1,-1,True,,,0.0,0.0,no_entry,False,False,1,1,7d1b2a7bc070
2026-05-15,US.QQQ,SHORT,False,-1,-1,-1,-1,-1,-1,True,,,0.0,0.0,no_entry,False,False,1,1,7d1b2a7bc070
2026-05-15,US.SPY,LONG,False,-1,-1,-1,-1,-1,-1,True,,,0.0,0.0,no_entry,False,False,1,1,7d1b2a7bc070
2026-05-15,US.SPY,SHORT,False,-1,-1,-1,-1,-1,-1,True,,,0.0,0.0,no_entry,False,False,1,1,7d1b2a7bc070
2026-05-15,US.TSLA,LONG,False,-1,-1,-1,-1,-1,-1,True,,,0.0,0.0,no_entry,False,False,1,1,7d1b2a7bc070
2026-05-15,US.TSLA,SHORT,True,92,101,662,662,671,671,True,426.02,426.42,-0.4000000000000341,-0.0009389230552557019,soft_failure_loss,False,False,1,1,7d1b2a7bc070
2026-05-18,US.AAPL,LONG,False,-1,-1,-1,-1,-1,-1,True,,,0.0,0.0,no_entry,False,False,1,1,7d1b2a7bc070
2026-05-18,US.AAPL,SHORT,False,-1,-1,-1,-1,-1,-1,True,,,0.0,0.0,no_entry,False,False,1,1,7d1b2a7bc070
2026-05-18,US.AMD,LONG,False,-1,-1,-1,-1,-1,-1,True,,,0.0,0.0,no_entry,False,False,1,1,7d1b2a7bc070
2026-05-18,US.AMD,SHORT,False,-1,-1,-1,-1,-1,-1,True,,,0.0,0.0,no_entry,False,False,1,1,7d1b2a7bc070
2026-05-18,US.IWM,LONG,False,-1,-1,-1,-1,-1,-1,True,,,0.0,0.0,no_entry,False,False,1,1,7d1b2a7bc070
2026-05-18,US.IWM,SHORT,False,-1,-1,-1,-1,-1,-1,True,,,0.0,0.0,no_entry,False,False,1,1,7d1b2a7bc070
2026-05-18,US.META,LONG,True,132,133,702,702,703,703,True,609.155424278,608.565970594,-0.589453684000091,-0.0009676572850003585,soft_failure_loss,False,False,1,1,7d1b2a7bc070
2026-05-18,US.META,SHORT,False,-1,-1,-1,-1,-1,-1,True,,,0.0,0.0,no_entry,False,False,1,1,7d1b2a7bc070
2026-05-18,US.MSFT,LONG,False,-1,-1,-1,-1,-1,-1,True,,,0.0,0.0,no_entry,False,False,1,1,7d1b2a7bc070
2026-05-18,US.MSFT,SHORT,False,-1,-1,-1,-1,-1,-1,True,,,0.0,0.0,no_entry,False,False,1,1,7d1b2a7bc070
2026-05-18,US.MU,LONG,False,-1,-1,-1,-1,-1,-1,True,,,0.0,0.0,no_entry,False,False,1,1,7d1b2a7bc070
2026-05-18,US.MU,SHORT,False,-1,-1,-1,-1,-1,-1,True,,,0.0,0.0,no_entry,False,False,1,1,7d1b2a7bc070
2026-05-18,US.NVDA,LONG,False,-1,-1,-1,-1,-1,-1,True,,,0.0,0.0,no_entry,False,False,1,1,7d1b2a7bc070
2026-05-18,US.NVDA,SHORT,False,-1,-1,-1,-1,-1,-1,True,,,0.0,0.0,no_entry,False,False,1,1,7d1b2a7bc070
2026-05-18,US.QQQ,LONG,False,-1,-1,-1,-1,-1,-1,True,,,0.0,0.0,no_entry,False,False,1,1,7d1b2a7bc070
2026-05-18,US.QQQ,SHORT,False,-1,-1,-1,-1,-1,-1,True,,,0.0,0.0,no_entry,False,False,1,1,7d1b2a7bc070
2026-05-18,US.SPY,LONG,True,46,48,616,616,618,618,True,738.547789873,738.248560571,-0.2992293020000716,-0.0004051590243761027,soft_failure_loss,False,False,1,1,7d1b2a7bc070
2026-05-18,US.SPY,SHORT,False,-1,-1,-1,-1,-1,-1,True,,,0.0,0.0,no_entry,False,False,1,1,7d1b2a7bc070
2026-05-18,US.TSLA,LONG,False,-1,-1,-1,-1,-1,-1,True,,,0.0,0.0,no_entry,False,False,1,1,7d1b2a7bc070
2026-05-18,US.TSLA,SHORT,False,-1,-1,-1,-1,-1,-1,True,,,0.0,0.0,no_entry,False,False,1,1,7d1b2a7bc070
2026-05-19,US.AAPL,LONG,False,-1,-1,-1,-1,-1,-1,True,,,0.0,0.0,no_entry,False,False,1,1,7d1b2a7bc070
2026-05-19,US.AAPL,SHORT,False,-1,-1,-1,-1,-1,-1,True,,,0.0,0.0,no_entry,False,False,1,1,7d1b2a7bc070
2026-05-19,US.AMD,LONG,False,-1,-1,-1,-1,-1,-1,True,,,0.0,0.0,no_entry,False,False,1,1,7d1b2a7bc070
2026-05-19,US.AMD,SHORT,False,-1,-1,-1,-1,-1,-1,True,,,0.0,0.0,no_entry,False,False,1,1,7d1b2a7bc070
2026-05-19,US.IWM,LONG,False,-1,-1,-1,-1,-1,-1,True,,,0.0,0.0,no_entry,False,False,1,1,7d1b2a7bc070
2026-05-19,US.IWM,SHORT,False,-1,-1,-1,-1,-1,-1,True,,,0.0,0.0,no_entry,False,False,1,1,7d1b2a7bc070
2026-05-19,US.META,LONG,True,27,38,597,597,608,608,True,609.904729809,608.745803921,-1.1589258879999988,-0.0019001752755105415,failed_followthrough,False,False,1,1,7d1b2a7bc070
2026-05-19,US.META,SHORT,False,-1,-1,-1,-1,-1,-1,True,,,0.0,0.0,no_entry,False,False,1,1,7d1b2a7bc070
2026-05-19,US.MSFT,LONG,False,-1,-1,-1,-1,-1,-1,True,,,0.0,0.0,no_entry,False,False,1,1,7d1b2a7bc070
2026-05-19,US.MSFT,SHORT,False,-1,-1,-1,-1,-1,-1,True,,,0.0,0.0,no_entry,False,False,1,1,7d1b2a7bc070
2026-05-19,US.MU,LONG,False,-1,-1,-1,-1,-1,-1,True,,,0.0,0.0,no_entry,False,False,1,1,7d1b2a7bc070
2026-05-19,US.MU,SHORT,False,-1,-1,-1,-1,-1,-1,True,,,0.0,0.0,no_entry,False,False,1,1,7d1b2a7bc070
2026-05-19,US.NVDA,LONG,False,-1,-1,-1,-1,-1,-1,True,,,0.0,0.0,no_entry,False,False,1,1,7d1b2a7bc070
2026-05-19,US.NVDA,SHORT,False,-1,-1,-1,-1,-1,-1,True,,,0.0,0.0,no_entry,False,False,1,1,7d1b2a7bc070
2026-05-19,US.QQQ,LONG,False,-1,-1,-1,-1,-1,-1,True,,,0.0,0.0,no_entry,False,False,1,1,7d1b2a7bc070
2026-05-19,US.QQQ,SHORT,True,146,147,716,716,717,717,True,697.602916677,698.012466337,-0.4095496599999251,-0.0005870813470086914,soft_failure_loss,False,False,1,1,7d1b2a7bc070
2026-05-19,US.SPY,LONG,False,-1,-1,-1,-1,-1,-1,True,,,0.0,0.0,no_entry,False,False,1,1,7d1b2a7bc070
2026-05-19,US.SPY,SHORT,True,111,112,681,681,682,682,True,730.837648181,731.106954553,-0.2693063720000737,-0.0003684900096079574,soft_failure_loss,False,False,1,1,7d1b2a7bc070
2026-05-19,US.TSLA,LONG,False,-1,-1,-1,-1,-1,-1,True,,,0.0,0.0,no_entry,False,False,1,1,7d1b2a7bc070
2026-05-19,US.TSLA,SHORT,True,24,25,594,594,595,595,True,400.84,402.22,-1.3800000000000523,-0.003442770182616636,soft_failure_loss,False,False,1,1,7d1b2a7bc070
2026-05-20,US.AAPL,LONG,False,-1,-1,-1,-1,-1,-1,True,,,0.0,0.0,no_entry,False,False,1,1,7d1b2a7bc070
2026-05-20,US.AAPL,SHORT,False,-1,-1,-1,-1,-1,-1,True,,,0.0,0.0,no_entry,False,False,1,1,7d1b2a7bc070
2026-05-20,US.AMD,LONG,True,21,22,591,591,592,592,True,434.88,433.515,-1.365000000000009,-0.0031387969094922945,soft_failure_loss,False,False,1,1,7d1b2a7bc070
2026-05-20,US.AMD,SHORT,False,-1,-1,-1,-1,-1,-1,True,,,0.0,0.0,no_entry,False,False,1,1,7d1b2a7bc070
2026-05-20,US.IWM,LONG,True,32,36,602,602,606,606,True,274.871216921,274.646750816,-0.22446610499997632,-0.0008166228079984437,soft_failure_loss,False,False,1,1,7d1b2a7bc070
2026-05-20,US.IWM,SHORT,False,-1,-1,-1,-1,-1,-1,True,,,0.0,0.0,no_entry,False,False,1,1,7d1b2a7bc070
2026-05-20,US.META,LONG,True,18,19,588,588,589,589,True,601.742294894,601.466950088,-0.275344806000021,-0.00045757927992833605,soft_failure_loss,False,False,1,1,7d1b2a7bc070
2026-05-20,US.META,SHORT,True,36,37,606,606,607,607,True,598.345443154,599.234619051,-0.8891758969999728,-0.0014860577734376091,soft_failure_loss,False,False,1,1,7d1b2a7bc070
2026-05-20,US.MSFT,LONG,False,-1,-1,-1,-1,-1,-1,True,,,0.0,0.0,no_entry,False,False,1,1,7d1b2a7bc070
2026-05-20,US.MSFT,SHORT,False,-1,-1,-1,-1,-1,-1,True,,,0.0,0.0,no_entry,False,False,1,1,7d1b2a7bc070
2026-05-20,US.MU,LONG,False,-1,-1,-1,-1,-1,-1,True,,,0.0,0.0,no_entry,False,False,1,1,7d1b2a7bc070
2026-05-20,US.MU,SHORT,False,-1,-1,-1,-1,-1,-1,True,,,0.0,0.0,no_entry,False,False,1,1,7d1b2a7bc070
2026-05-20,US.NVDA,LONG,False,-1,-1,-1,-1,-1,-1,True,,,0.0,0.0,no_entry,False,False,1,1,7d1b2a7bc070
2026-05-20,US.NVDA,SHORT,False,-1,-1,-1,-1,-1,-1,True,,,0.0,0.0,no_entry,False,False,1,1,7d1b2a7bc070
2026-05-20,US.QQQ,LONG,False,-1,-1,-1,-1,-1,-1,True,,,0.0,0.0,no_entry,False,False,1,1,7d1b2a7bc070
2026-05-20,US.QQQ,SHORT,False,-1,-1,-1,-1,-1,-1,True,,,0.0,0.0,no_entry,False,False,1,1,7d1b2a7bc070
2026-05-20,US.SPY,LONG,True,19,20,589,589,590,590,True,734.568040151,734.144131973,-0.42390817800003333,-0.0005770849735211642,soft_failure_loss,False,False,1,1,7d1b2a7bc070
2026-05-20,US.SPY,SHORT,False,-1,-1,-1,-1,-1,-1,True,,,0.0,0.0,no_entry,False,False,1,1,7d1b2a7bc070
2026-05-20,US.TSLA,LONG,False,-1,-1,-1,-1,-1,-1,True,,,0.0,0.0,no_entry,False,False,1,1,7d1b2a7bc070
2026-05-20,US.TSLA,SHORT,False,-1,-1,-1,-1,-1,-1,True,,,0.0,0.0,no_entry,False,False,1,1,7d1b2a7bc070
2026-05-21,US.AAPL,LONG,True,27,33,597,597,603,603,True,302.299280417,302.154405365,-0.14487505199997486,-0.00047924378715070114,soft_failure_loss,False,False,1,1,7d1b2a7bc070
2026-05-21,US.AAPL,SHORT,False,-1,-1,-1,-1,-1,-1,True,,,0.0,0.0,no_entry,False,False,1,1,7d1b2a7bc070
2026-05-21,US.AMD,LONG,False,-1,-1,-1,-1,-1,-1,True,,,0.0,0.0,no_entry,False,False,1,1,7d1b2a7bc070
2026-05-21,US.AMD,SHORT,True,40,41,610,610,611,611,True,440.0601,440.7,-0.6399000000000115,-0.0014541195623052657,soft_failure_loss,False,False,1,1,7d1b2a7bc070
2026-05-21,US.IWM,LONG,False,-1,-1,-1,-1,-1,-1,True,,,0.0,0.0,no_entry,False,False,1,1,7d1b2a7bc070
2026-05-21,US.IWM,SHORT,False,-1,-1,-1,-1,-1,-1,True,,,0.0,0.0,no_entry,False,False,1,1,7d1b2a7bc070
2026-05-21,US.META,LONG,False,-1,-1,-1,-1,-1,-1,True,,,0.0,0.0,no_entry,False,False,1,1,7d1b2a7bc070
2026-05-21,US.META,SHORT,True,24,86,594,594,656,656,True,597.775871044,598.115656125,-0.3397850809999454,-0.0005684155173518791,failed_followthrough,False,False,1,1,7d1b2a7bc070
2026-05-21,US.MSFT,LONG,False,-1,-1,-1,-1,-1,-1,True,,,0.0,0.0,no_entry,False,False,1,1,7d1b2a7bc070
2026-05-21,US.MSFT,SHORT,False,-1,-1,-1,-1,-1,-1,True,,,0.0,0.0,no_entry,False,False,1,1,7d1b2a7bc070
2026-05-21,US.MU,LONG,True,23,375,593,593,-1,945,True,750.079651517,756.013738963,5.934087446000035,0.00791127640111104,scheduled_flatten,True,False,1,1,7d1b2a7bc070
2026-05-21,US.MU,SHORT,False,-1,-1,-1,-1,-1,-1,True,,,0.0,0.0,no_entry,False,False,1,1,7d1b2a7bc070
2026-05-21,US.NVDA,LONG,False,-1,-1,-1,-1,-1,-1,True,,,0.0,0.0,no_entry,False,False,1,1,7d1b2a7bc070
2026-05-21,US.NVDA,SHORT,False,-1,-1,-1,-1,-1,-1,True,,,0.0,0.0,no_entry,False,False,1,1,7d1b2a7bc070
2026-05-21,US.QQQ,LONG,True,30,38,600,600,608,608,True,709.849450403,709.809494339,-0.03995606399996632,-5.628808189860853e-05,failed_followthrough,False,False,1,1,7d1b2a7bc070
2026-05-21,US.QQQ,SHORT,False,-1,-1,-1,-1,-1,-1,True,,,0.0,0.0,no_entry,False,False,1,1,7d1b2a7bc070
2026-05-21,US.SPY,LONG,True,89,90,659,659,660,660,True,737.261103873,737.061617671,-0.19948620200000278,-0.0002705774127402849,soft_failure_loss,False,False,1,1,7d1b2a7bc070
2026-05-21,US.SPY,SHORT,False,-1,-1,-1,-1,-1,-1,True,,,0.0,0.0,no_entry,False,False,1,1,7d1b2a7bc070
2026-05-21,US.TSLA,LONG,False,-1,-1,-1,-1,-1,-1,True,,,0.0,0.0,no_entry,False,False,1,1,7d1b2a7bc070
2026-05-21,US.TSLA,SHORT,False,-1,-1,-1,-1,-1,-1,True,,,0.0,0.0,no_entry,False,False,1,1,7d1b2a7bc070
2026-05-22,US.AAPL,LONG,True,62,68,632,632,638,638,True,308.743722374,308.703756843,-0.039965531000007104,-0.0001294456473242699,failed_followthrough,False,False,1,1,7d1b2a7bc070
2026-05-22,US.AAPL,SHORT,False,-1,-1,-1,-1,-1,-1,True,,,0.0,0.0,no_entry,False,False,1,1,7d1b2a7bc070
2026-05-22,US.AMD,LONG,False,-1,-1,-1,-1,-1,-1,True,,,0.0,0.0,no_entry,False,False,1,1,7d1b2a7bc070
2026-05-22,US.AMD,SHORT,True,88,89,658,658,659,659,True,466.9699,467.6,-0.6301000000000272,-0.0013493375054795334,soft_failure_loss,False,False,1,1,7d1b2a7bc070
2026-05-22,US.IWM,LONG,True,32,33,602,602,603,603,True,284.43347303,284.243923874,-0.18954915599999822,-0.0006664094558941237,soft_failure_loss,False,False,1,1,7d1b2a7bc070
2026-05-22,US.IWM,SHORT,False,-1,-1,-1,-1,-1,-1,True,,,0.0,0.0,no_entry,False,False,1,1,7d1b2a7bc070
2026-05-22,US.META,LONG,False,-1,-1,-1,-1,-1,-1,True,,,0.0,0.0,no_entry,False,False,1,1,7d1b2a7bc070
2026-05-22,US.META,SHORT,False,-1,-1,-1,-1,-1,-1,True,,,0.0,0.0,no_entry,False,False,1,1,7d1b2a7bc070
2026-05-22,US.MSFT,LONG,False,-1,-1,-1,-1,-1,-1,True,,,0.0,0.0,no_entry,False,False,1,1,7d1b2a7bc070
2026-05-22,US.MSFT,SHORT,True,117,118,687,687,688,688,True,417.623823509,418.143145885,-0.5193223760000478,-0.0012435171241825867,soft_failure_loss,False,False,1,1,7d1b2a7bc070
2026-05-22,US.MU,LONG,False,-1,-1,-1,-1,-1,-1,True,,,0.0,0.0,no_entry,False,False,1,1,7d1b2a7bc070
2026-05-22,US.MU,SHORT,False,-1,-1,-1,-1,-1,-1,True,,,0.0,0.0,no_entry,False,False,1,1,7d1b2a7bc070
2026-05-22,US.NVDA,LONG,False,-1,-1,-1,-1,-1,-1,True,,,0.0,0.0,no_entry,False,False,1,1,7d1b2a7bc070
2026-05-22,US.NVDA,SHORT,True,132,218,702,702,788,788,True,217.093772296,217.223376051,-0.1296037550000051,-0.0005969943477848584,failed_followthrough,False,False,1,1,7d1b2a7bc070
2026-05-22,US.QQQ,LONG,False,-1,-1,-1,-1,-1,-1,True,,,0.0,0.0,no_entry,False,False,1,1,7d1b2a7bc070
2026-05-22,US.QQQ,SHORT,False,-1,-1,-1,-1,-1,-1,True,,,0.0,0.0,no_entry,False,False,1,1,7d1b2a7bc070
2026-05-22,US.SPY,LONG,False,-1,-1,-1,-1,-1,-1,True,,,0.0,0.0,no_entry,False,False,1,1,7d1b2a7bc070
2026-05-22,US.SPY,SHORT,False,-1,-1,-1,-1,-1,-1,True,,,0.0,0.0,no_entry,False,False,1,1,7d1b2a7bc070
2026-05-22,US.TSLA,LONG,True,145,173,715,715,743,743,True,427.84,427.8,-0.03999999999996362,-9.349289453992993e-05,failed_followthrough,False,False,1,1,7d1b2a7bc070
2026-05-22,US.TSLA,SHORT,False,-1,-1,-1,-1,-1,-1,True,,,0.0,0.0,no_entry,False,False,1,1,7d1b2a7bc070
2026-05-26,US.AAPL,LONG,True,98,99,668,668,669,669,True,311.251559477,311.161637031,-0.08992244600000276,-0.0002889060095027334,soft_failure_loss,False,False,1,1,7d1b2a7bc070
2026-05-26,US.AAPL,SHORT,False,-1,-1,-1,-1,-1,-1,True,,,0.0,0.0,no_entry,False,False,1,1,7d1b2a7bc070
2026-05-26,US.AMD,LONG,True,40,52,610,610,622,622,True,490.67,490.56,-0.11000000000001364,-0.00022418325962462275,failed_followthrough,False,False,1,1,7d1b2a7bc070
2026-05-26,US.AMD,SHORT,False,-1,-1,-1,-1,-1,-1,True,,,0.0,0.0,no_entry,False,False,1,1,7d1b2a7bc070
2026-05-26,US.IWM,LONG,True,26,375,596,596,-1,945,True,288.713293447,289.536335835,0.8230423879999762,0.002850725639174854,scheduled_flatten,True,False,1,1,7d1b2a7bc070
2026-05-26,US.IWM,SHORT,False,-1,-1,-1,-1,-1,-1,True,,,0.0,0.0,no_entry,False,False,1,1,7d1b2a7bc070
2026-05-26,US.META,LONG,False,-1,-1,-1,-1,-1,-1,True,,,0.0,0.0,no_entry,False,False,1,1,7d1b2a7bc070
2026-05-26,US.META,SHORT,True,85,86,655,655,656,656,True,606.787618801,606.997424349,-0.20980554799996298,-0.00034576438526305874,soft_failure_loss,False,False,1,1,7d1b2a7bc070
2026-05-26,US.MSFT,LONG,False,-1,-1,-1,-1,-1,-1,True,,,0.0,0.0,no_entry,False,False,1,1,7d1b2a7bc070
2026-05-26,US.MSFT,SHORT,False,-1,-1,-1,-1,-1,-1,True,,,0.0,0.0,no_entry,False,False,1,1,7d1b2a7bc070
2026-05-26,US.MU,LONG,False,-1,-1,-1,-1,-1,-1,True,,,0.0,0.0,no_entry,False,False,1,1,7d1b2a7bc070
2026-05-26,US.MU,SHORT,False,-1,-1,-1,-1,-1,-1,True,,,0.0,0.0,no_entry,False,False,1,1,7d1b2a7bc070
2026-05-26,US.NVDA,LONG,False,-1,-1,-1,-1,-1,-1,True,,,0.0,0.0,no_entry,False,False,1,1,7d1b2a7bc070
2026-05-26,US.NVDA,SHORT,False,-1,-1,-1,-1,-1,-1,True,,,0.0,0.0,no_entry,False,False,1,1,7d1b2a7bc070
2026-05-26,US.QQQ,LONG,True,22,24,592,592,594,594,True,726.13154663,725.831876147,-0.2996704829999999,-0.00041269448268813037,soft_failure_loss,False,False,1,1,7d1b2a7bc070
2026-05-26,US.QQQ,SHORT,False,-1,-1,-1,-1,-1,-1,True,,,0.0,0.0,no_entry,False,False,1,1,7d1b2a7bc070
2026-05-26,US.SPY,LONG,True,20,21,590,590,591,591,True,749.050738387,748.422356852,-0.6283815350000168,-0.0008389038322733233,soft_failure_loss,False,False,1,1,7d1b2a7bc070
2026-05-26,US.SPY,SHORT,False,-1,-1,-1,-1,-1,-1,True,,,0.0,0.0,no_entry,False,False,1,1,7d1b2a7bc070
2026-05-26,US.TSLA,LONG,False,-1,-1,-1,-1,-1,-1,True,,,0.0,0.0,no_entry,False,False,1,1,7d1b2a7bc070
2026-05-26,US.TSLA,SHORT,False,-1,-1,-1,-1,-1,-1,True,,,0.0,0.0,no_entry,False,False,1,1,7d1b2a7bc070
2026-05-27,US.AAPL,LONG,True,62,65,632,632,635,635,True,311.64122341,311.526322506,-0.11490090400002373,-0.0003686961010573955,soft_failure_loss,False,False,1,1,7d1b2a7bc070
2026-05-27,US.AAPL,SHORT,False,-1,-1,-1,-1,-1,-1,True,,,0.0,0.0,no_entry,False,False,1,1,7d1b2a7bc070
2026-05-27,US.AMD,LONG,False,-1,-1,-1,-1,-1,-1,True,,,0.0,0.0,no_entry,False,False,1,1,7d1b2a7bc070
2026-05-27,US.AMD,SHORT,False,-1,-1,-1,-1,-1,-1,True,,,0.0,0.0,no_entry,False,False,1,1,7d1b2a7bc070
2026-05-27,US.IWM,LONG,False,-1,-1,-1,-1,-1,-1,True,,,0.0,0.0,no_entry,False,False,1,1,7d1b2a7bc070
2026-05-27,US.IWM,SHORT,False,-1,-1,-1,-1,-1,-1,True,,,0.0,0.0,no_entry,False,False,1,1,7d1b2a7bc070
2026-05-27,US.META,LONG,True,101,103,671,671,673,673,True,613.20297294,612.86698434,-0.33598859999995057,-0.0005479239580151645,soft_failure_loss,False,False,1,1,7d1b2a7bc070
2026-05-27,US.META,SHORT,False,-1,-1,-1,-1,-1,-1,True,,,0.0,0.0,no_entry,False,False,1,1,7d1b2a7bc070
2026-05-27,US.MSFT,LONG,False,-1,-1,-1,-1,-1,-1,True,,,0.0,0.0,no_entry,False,False,1,1,7d1b2a7bc070
2026-05-27,US.MSFT,SHORT,False,-1,-1,-1,-1,-1,-1,True,,,0.0,0.0,no_entry,False,False,1,1,7d1b2a7bc070
2026-05-27,US.MU,LONG,False,-1,-1,-1,-1,-1,-1,True,,,0.0,0.0,no_entry,False,False,1,1,7d1b2a7bc070
2026-05-27,US.MU,SHORT,False,-1,-1,-1,-1,-1,-1,True,,,0.0,0.0,no_entry,False,False,1,1,7d1b2a7bc070
2026-05-27,US.NVDA,LONG,False,-1,-1,-1,-1,-1,-1,True,,,0.0,0.0,no_entry,False,False,1,1,7d1b2a7bc070
2026-05-27,US.NVDA,SHORT,False,-1,-1,-1,-1,-1,-1,True,,,0.0,0.0,no_entry,False,False,1,1,7d1b2a7bc070
2026-05-27,US.QQQ,LONG,False,-1,-1,-1,-1,-1,-1,True,,,0.0,0.0,no_entry,False,False,1,1,7d1b2a7bc070
2026-05-27,US.QQQ,SHORT,False,-1,-1,-1,-1,-1,-1,True,,,0.0,0.0,no_entry,False,False,1,1,7d1b2a7bc070
2026-05-27,US.SPY,LONG,False,-1,-1,-1,-1,-1,-1,True,,,0.0,0.0,no_entry,False,False,1,1,7d1b2a7bc070
2026-05-27,US.SPY,SHORT,False,-1,-1,-1,-1,-1,-1,True,,,0.0,0.0,no_entry,False,False,1,1,7d1b2a7bc070
2026-05-27,US.TSLA,LONG,False,-1,-1,-1,-1,-1,-1,True,,,0.0,0.0,no_entry,False,False,1,1,7d1b2a7bc070
2026-05-27,US.TSLA,SHORT,False,-1,-1,-1,-1,-1,-1,True,,,0.0,0.0,no_entry,False,False,1,1,7d1b2a7bc070
2026-05-28,US.AAPL,LONG,True,24,25,594,594,595,595,True,310.931835225,310.442257464,-0.4895777609999641,-0.0015745501281516907,soft_failure_loss,False,False,1,1,7d1b2a7bc070
2026-05-28,US.AAPL,SHORT,False,-1,-1,-1,-1,-1,-1,True,,,0.0,0.0,no_entry,False,False,1,1,7d1b2a7bc070
2026-05-28,US.AMD,LONG,False,-1,-1,-1,-1,-1,-1,True,,,0.0,0.0,no_entry,False,False,1,1,7d1b2a7bc070
2026-05-28,US.AMD,SHORT,False,-1,-1,-1,-1,-1,-1,True,,,0.0,0.0,no_entry,False,False,1,1,7d1b2a7bc070
2026-05-28,US.IWM,LONG,False,-1,-1,-1,-1,-1,-1,True,,,0.0,0.0,no_entry,False,False,1,1,7d1b2a7bc070
2026-05-28,US.IWM,SHORT,True,25,28,595,595,598,598,True,287.526117154,287.635856139,-0.10973898499997858,-0.0003816661459703224,soft_failure_loss,False,False,1,1,7d1b2a7bc070
2026-05-28,US.META,LONG,False,-1,-1,-1,-1,-1,-1,True,,,0.0,0.0,no_entry,False,False,1,1,7d1b2a7bc070
2026-05-28,US.META,SHORT,False,-1,-1,-1,-1,-1,-1,True,,,0.0,0.0,no_entry,False,False,1,1,7d1b2a7bc070
2026-05-28,US.MSFT,LONG,False,-1,-1,-1,-1,-1,-1,True,,,0.0,0.0,no_entry,False,False,1,1,7d1b2a7bc070
2026-05-28,US.MSFT,SHORT,False,-1,-1,-1,-1,-1,-1,True,,,0.0,0.0,no_entry,False,False,1,1,7d1b2a7bc070
2026-05-28,US.MU,LONG,False,-1,-1,-1,-1,-1,-1,True,,,0.0,0.0,no_entry,False,False,1,1,7d1b2a7bc070
2026-05-28,US.MU,SHORT,False,-1,-1,-1,-1,-1,-1,True,,,0.0,0.0,no_entry,False,False,1,1,7d1b2a7bc070
2026-05-28,US.NVDA,LONG,False,-1,-1,-1,-1,-1,-1,True,,,0.0,0.0,no_entry,False,False,1,1,7d1b2a7bc070
2026-05-28,US.NVDA,SHORT,False,-1,-1,-1,-1,-1,-1,True,,,0.0,0.0,no_entry,False,False,1,1,7d1b2a7bc070
2026-05-28,US.QQQ,LONG,False,-1,-1,-1,-1,-1,-1,True,,,0.0,0.0,no_entry,False,False,1,1,7d1b2a7bc070
2026-05-28,US.QQQ,SHORT,False,-1,-1,-1,-1,-1,-1,True,,,0.0,0.0,no_entry,False,False,1,1,7d1b2a7bc070
2026-05-28,US.SPY,LONG,True,31,32,601,601,602,602,True,748.681688914,748.492177023,-0.18951189100005195,-0.0002531274556413265,soft_failure_loss,False,False,1,1,7d1b2a7bc070
2026-05-28,US.SPY,SHORT,False,-1,-1,-1,-1,-1,-1,True,,,0.0,0.0,no_entry,False,False,1,1,7d1b2a7bc070
2026-05-28,US.TSLA,LONG,True,75,76,645,645,646,646,True,441.01,440.5219,-0.48809999999997444,-0.0011067776240900988,soft_failure_loss,False,False,1,1,7d1b2a7bc070
2026-05-28,US.TSLA,SHORT,False,-1,-1,-1,-1,-1,-1,True,,,0.0,0.0,no_entry,False,False,1,1,7d1b2a7bc070
2026-05-29,US.AAPL,LONG,False,-1,-1,-1,-1,-1,-1,True,,,0.0,0.0,no_entry,False,False,1,1,7d1b2a7bc070
2026-05-29,US.AAPL,SHORT,False,-1,-1,-1,-1,-1,-1,True,,,0.0,0.0,no_entry,False,False,1,1,7d1b2a7bc070
2026-05-29,US.AMD,LONG,False,-1,-1,-1,-1,-1,-1,True,,,0.0,0.0,no_entry,False,False,1,1,7d1b2a7bc070
2026-05-29,US.AMD,SHORT,True,111,119,681,681,689,689,True,512.41,513.11,-0.7000000000000455,-0.0013660935578931823,soft_failure_loss,False,False,1,1,7d1b2a7bc070
2026-05-29,US.IWM,LONG,False,-1,-1,-1,-1,-1,-1,True,,,0.0,0.0,no_entry,False,False,1,1,7d1b2a7bc070
2026-05-29,US.IWM,SHORT,True,38,375,608,608,-1,945,True,289.501418886,289.481466343,0.019952542999988054,6.892036341916851e-05,scheduled_flatten,True,False,1,1,7d1b2a7bc070
2026-05-29,US.META,LONG,False,-1,-1,-1,-1,-1,-1,True,,,0.0,0.0,no_entry,False,False,1,1,7d1b2a7bc070
2026-05-29,US.META,SHORT,True,44,375,614,614,-1,945,True,626.669192217,629.19684954,-2.5276573229999713,-0.004033479472730655,scheduled_flatten,True,False,1,1,7d1b2a7bc070
2026-05-29,US.MSFT,LONG,False,-1,-1,-1,-1,-1,-1,True,,,0.0,0.0,no_entry,False,False,1,1,7d1b2a7bc070
2026-05-29,US.MSFT,SHORT,False,-1,-1,-1,-1,-1,-1,True,,,0.0,0.0,no_entry,False,False,1,1,7d1b2a7bc070
2026-05-29,US.MU,LONG,True,35,41,605,605,611,611,True,970.730719432,968.24110229,-2.489617142000043,-0.0025646835854301418,failed_followthrough,False,False,1,1,7d1b2a7bc070
2026-05-29,US.MU,SHORT,False,-1,-1,-1,-1,-1,-1,True,,,0.0,0.0,no_entry,False,False,1,1,7d1b2a7bc070
2026-05-29,US.NVDA,LONG,True,102,107,672,672,677,677,True,215.786759834,215.592204544,-0.19455529000001093,-0.0009016090243427262,soft_failure_loss,False,False,1,1,7d1b2a7bc070
2026-05-29,US.NVDA,SHORT,False,-1,-1,-1,-1,-1,-1,True,,,0.0,0.0,no_entry,False,False,1,1,7d1b2a7bc070
2026-05-29,US.QQQ,LONG,True,36,39,606,606,609,609,True,740.091196616,739.546795239,-0.5444013770000993,-0.0007355868837372006,soft_failure_loss,False,False,1,1,7d1b2a7bc070
2026-05-29,US.QQQ,SHORT,False,-1,-1,-1,-1,-1,-1,True,,,0.0,0.0,no_entry,False,False,1,1,7d1b2a7bc070
2026-05-29,US.SPY,LONG,True,20,21,590,590,591,591,True,755.683654591,755.539027094,-0.14462749700010136,-0.00019138629785287384,soft_failure_loss,False,False,1,1,7d1b2a7bc070
2026-05-29,US.SPY,SHORT,False,-1,-1,-1,-1,-1,-1,True,,,0.0,0.0,no_entry,False,False,1,1,7d1b2a7bc070
2026-05-29,US.TSLA,LONG,False,-1,-1,-1,-1,-1,-1,True,,,0.0,0.0,no_entry,False,False,1,1,7d1b2a7bc070
2026-05-29,US.TSLA,SHORT,True,31,32,601,601,602,602,True,436.665,437.0499,-0.38489999999995916,-0.0008814537460065706,soft_failure_loss,False,False,1,1,7d1b2a7bc070
2026-06-01,US.AAPL,LONG,False,-1,-1,-1,-1,-1,-1,True,,,0.0,0.0,no_entry,False,False,1,1,7d1b2a7bc070
2026-06-01,US.AAPL,SHORT,False,-1,-1,-1,-1,-1,-1,True,,,0.0,0.0,no_entry,False,False,1,1,7d1b2a7bc070
2026-06-01,US.AMD,LONG,False,-1,-1,-1,-1,-1,-1,True,,,0.0,0.0,no_entry,False,False,1,1,7d1b2a7bc070
2026-06-01,US.AMD,SHORT,True,32,37,602,602,607,607,True,490.481,490.725,-0.2440000000000282,-0.0004974708500431784,failed_followthrough,False,False,1,1,7d1b2a7bc070
2026-06-01,US.IWM,LONG,False,-1,-1,-1,-1,-1,-1,True,,,0.0,0.0,no_entry,False,False,1,1,7d1b2a7bc070
2026-06-01,US.IWM,SHORT,True,35,37,605,605,607,607,True,286.488584932,286.54844256,-0.05985762800003158,-0.0002089354729935896,soft_failure_loss,False,False,1,1,7d1b2a7bc070
2026-06-01,US.META,LONG,False,-1,-1,-1,-1,-1,-1,True,,,0.0,0.0,no_entry,False,False,1,1,7d1b2a7bc070
2026-06-01,US.META,SHORT,False,-1,-1,-1,-1,-1,-1,True,,,0.0,0.0,no_entry,False,False,1,1,7d1b2a7bc070
2026-06-01,US.MSFT,LONG,False,-1,-1,-1,-1,-1,-1,True,,,0.0,0.0,no_entry,False,False,1,1,7d1b2a7bc070
2026-06-01,US.MSFT,SHORT,False,-1,-1,-1,-1,-1,-1,True,,,0.0,0.0,no_entry,False,False,1,1,7d1b2a7bc070
2026-06-01,US.MU,LONG,False,-1,-1,-1,-1,-1,-1,True,,,0.0,0.0,no_entry,False,False,1,1,7d1b2a7bc070
2026-06-01,US.MU,SHORT,False,-1,-1,-1,-1,-1,-1,True,,,0.0,0.0,no_entry,False,False,1,1,7d1b2a7bc070
2026-06-01,US.NVDA,LONG,False,-1,-1,-1,-1,-1,-1,True,,,0.0,0.0,no_entry,False,False,1,1,7d1b2a7bc070
2026-06-01,US.NVDA,SHORT,False,-1,-1,-1,-1,-1,-1,True,,,0.0,0.0,no_entry,False,False,1,1,7d1b2a7bc070
2026-06-01,US.QQQ,LONG,False,-1,-1,-1,-1,-1,-1,True,,,0.0,0.0,no_entry,False,False,1,1,7d1b2a7bc070
2026-06-01,US.QQQ,SHORT,False,-1,-1,-1,-1,-1,-1,True,,,0.0,0.0,no_entry,False,False,1,1,7d1b2a7bc070
2026-06-01,US.SPY,LONG,False,-1,-1,-1,-1,-1,-1,True,,,0.0,0.0,no_entry,False,False,1,1,7d1b2a7bc070
2026-06-01,US.SPY,SHORT,False,-1,-1,-1,-1,-1,-1,True,,,0.0,0.0,no_entry,False,False,1,1,7d1b2a7bc070
2026-06-01,US.TSLA,LONG,False,-1,-1,-1,-1,-1,-1,True,,,0.0,0.0,no_entry,False,False,1,1,7d1b2a7bc070
2026-06-01,US.TSLA,SHORT,True,140,144,710,710,714,714,True,421.74,421.8315,-0.09149999999999636,-0.00021695831554985622,soft_failure_loss,False,False,1,1,7d1b2a7bc070
2026-06-02,US.AAPL,LONG,False,-1,-1,-1,-1,-1,-1,True,,,0.0,0.0,no_entry,False,False,1,1,7d1b2a7bc070
2026-06-02,US.AAPL,SHORT,False,-1,-1,-1,-1,-1,-1,True,,,0.0,0.0,no_entry,False,False,1,1,7d1b2a7bc070
2026-06-02,US.AMD,LONG,True,124,141,694,694,711,711,True,513.402,513.103,-0.29900000000009186,-0.0005823896284005357,failed_followthrough,False,False,1,1,7d1b2a7bc070
2026-06-02,US.AMD,SHORT,False,-1,-1,-1,-1,-1,-1,True,,,0.0,0.0,no_entry,False,False,1,1,7d1b2a7bc070
2026-06-02,US.IWM,LONG,False,-1,-1,-1,-1,-1,-1,True,,,0.0,0.0,no_entry,False,False,1,1,7d1b2a7bc070
2026-06-02,US.IWM,SHORT,False,-1,-1,-1,-1,-1,-1,True,,,0.0,0.0,no_entry,False,False,1,1,7d1b2a7bc070
2026-06-02,US.META,LONG,False,-1,-1,-1,-1,-1,-1,True,,,0.0,0.0,no_entry,False,False,1,1,7d1b2a7bc070
2026-06-02,US.META,SHORT,False,-1,-1,-1,-1,-1,-1,True,,,0.0,0.0,no_entry,False,False,1,1,7d1b2a7bc070
2026-06-02,US.MSFT,LONG,False,-1,-1,-1,-1,-1,-1,True,,,0.0,0.0,no_entry,False,False,1,1,7d1b2a7bc070
2026-06-02,US.MSFT,SHORT,False,-1,-1,-1,-1,-1,-1,True,,,0.0,0.0,no_entry,False,False,1,1,7d1b2a7bc070
2026-06-02,US.MU,LONG,False,-1,-1,-1,-1,-1,-1,True,,,0.0,0.0,no_entry,False,False,1,1,7d1b2a7bc070
2026-06-02,US.MU,SHORT,False,-1,-1,-1,-1,-1,-1,True,,,0.0,0.0,no_entry,False,False,1,1,7d1b2a7bc070
2026-06-02,US.NVDA,LONG,False,-1,-1,-1,-1,-1,-1,True,,,0.0,0.0,no_entry,False,False,1,1,7d1b2a7bc070
2026-06-02,US.NVDA,SHORT,False,-1,-1,-1,-1,-1,-1,True,,,0.0,0.0,no_entry,False,False,1,1,7d1b2a7bc070
2026-06-02,US.QQQ,LONG,False,-1,-1,-1,-1,-1,-1,True,,,0.0,0.0,no_entry,False,False,1,1,7d1b2a7bc070
2026-06-02,US.QQQ,SHORT,False,-1,-1,-1,-1,-1,-1,True,,,0.0,0.0,no_entry,False,False,1,1,7d1b2a7bc070
2026-06-02,US.SPY,LONG,True,40,56,610,610,626,626,True,755.972909583,755.923038032,-0.04987155100002383,-6.597002401519034e-05,failed_followthrough,False,False,1,1,7d1b2a7bc070
2026-06-02,US.SPY,SHORT,False,-1,-1,-1,-1,-1,-1,True,,,0.0,0.0,no_entry,False,False,1,1,7d1b2a7bc070
2026-06-02,US.TSLA,LONG,False,-1,-1,-1,-1,-1,-1,True,,,0.0,0.0,no_entry,False,False,1,1,7d1b2a7bc070
2026-06-02,US.TSLA,SHORT,False,-1,-1,-1,-1,-1,-1,True,,,0.0,0.0,no_entry,False,False,1,1,7d1b2a7bc070
2026-06-03,US.AAPL,LONG,False,-1,-1,-1,-1,-1,-1,True,,,0.0,0.0,no_entry,False,False,1,1,7d1b2a7bc070
2026-06-03,US.AAPL,SHORT,False,-1,-1,-1,-1,-1,-1,True,,,0.0,0.0,no_entry,False,False,1,1,7d1b2a7bc070
2026-06-03,US.AMD,LONG,False,-1,-1,-1,-1,-1,-1,True,,,0.0,0.0,no_entry,False,False,1,1,7d1b2a7bc070
2026-06-03,US.AMD,SHORT,False,-1,-1,-1,-1,-1,-1,True,,,0.0,0.0,no_entry,False,False,1,1,7d1b2a7bc070
2026-06-03,US.IWM,LONG,False,-1,-1,-1,-1,-1,-1,True,,,0.0,0.0,no_entry,False,False,1,1,7d1b2a7bc070
2026-06-03,US.IWM,SHORT,True,32,33,602,602,603,603,True,287.226829013,287.366496812,-0.13966779899999437,-0.0004862630676943934,soft_failure_loss,False,False,1,1,7d1b2a7bc070
2026-06-03,US.META,LONG,False,-1,-1,-1,-1,-1,-1,True,,,0.0,0.0,no_entry,False,False,1,1,7d1b2a7bc070
2026-06-03,US.META,SHORT,False,-1,-1,-1,-1,-1,-1,True,,,0.0,0.0,no_entry,False,False,1,1,7d1b2a7bc070
2026-06-03,US.MSFT,LONG,False,-1,-1,-1,-1,-1,-1,True,,,0.0,0.0,no_entry,False,False,1,1,7d1b2a7bc070
2026-06-03,US.MSFT,SHORT,False,-1,-1,-1,-1,-1,-1,True,,,0.0,0.0,no_entry,False,False,1,1,7d1b2a7bc070
2026-06-03,US.MU,LONG,False,-1,-1,-1,-1,-1,-1,True,,,0.0,0.0,no_entry,False,False,1,1,7d1b2a7bc070
2026-06-03,US.MU,SHORT,False,-1,-1,-1,-1,-1,-1,True,,,0.0,0.0,no_entry,False,False,1,1,7d1b2a7bc070
2026-06-03,US.NVDA,LONG,False,-1,-1,-1,-1,-1,-1,True,,,0.0,0.0,no_entry,False,False,1,1,7d1b2a7bc070
2026-06-03,US.NVDA,SHORT,False,-1,-1,-1,-1,-1,-1,True,,,0.0,0.0,no_entry,False,False,1,1,7d1b2a7bc070
2026-06-03,US.QQQ,LONG,False,-1,-1,-1,-1,-1,-1,True,,,0.0,0.0,no_entry,False,False,1,1,7d1b2a7bc070
2026-06-03,US.QQQ,SHORT,True,116,117,686,686,687,687,True,743.142841031,743.27279813,-0.12995709899996655,-0.00017487499283404308,soft_failure_loss,False,False,1,1,7d1b2a7bc070
2026-06-03,US.SPY,LONG,False,-1,-1,-1,-1,-1,-1,True,,,0.0,0.0,no_entry,False,False,1,1,7d1b2a7bc070
2026-06-03,US.SPY,SHORT,True,23,24,593,593,594,594,True,754.097739288,754.297225489,-0.19948620100001335,-0.0002645362671268093,soft_failure_loss,False,False,1,1,7d1b2a7bc070
2026-06-03,US.TSLA,LONG,False,-1,-1,-1,-1,-1,-1,True,,,0.0,0.0,no_entry,False,False,1,1,7d1b2a7bc070
2026-06-03,US.TSLA,SHORT,False,-1,-1,-1,-1,-1,-1,True,,,0.0,0.0,no_entry,False,False,1,1,7d1b2a7bc070
2026-06-04,US.AAPL,LONG,False,-1,-1,-1,-1,-1,-1,True,,,0.0,0.0,no_entry,False,False,1,1,7d1b2a7bc070
2026-06-04,US.AAPL,SHORT,False,-1,-1,-1,-1,-1,-1,True,,,0.0,0.0,no_entry,False,False,1,1,7d1b2a7bc070
2026-06-04,US.AMD,LONG,False,-1,-1,-1,-1,-1,-1,True,,,0.0,0.0,no_entry,False,False,1,1,7d1b2a7bc070
2026-06-04,US.AMD,SHORT,True,42,43,612,612,613,613,True,504.65,505.5,-0.8500000000000227,-0.001684335678192852,soft_failure_loss,False,False,1,1,7d1b2a7bc070
2026-06-04,US.IWM,LONG,True,27,375,597,597,-1,945,True,287.875286652,291.736103672,3.860817020000013,0.013411422233917523,scheduled_flatten,True,False,1,1,7d1b2a7bc070
2026-06-04,US.IWM,SHORT,False,-1,-1,-1,-1,-1,-1,True,,,0.0,0.0,no_entry,False,False,1,1,7d1b2a7bc070
2026-06-04,US.META,LONG,False,-1,-1,-1,-1,-1,-1,True,,,0.0,0.0,no_entry,False,False,1,1,7d1b2a7bc070
2026-06-04,US.META,SHORT,False,-1,-1,-1,-1,-1,-1,True,,,0.0,0.0,no_entry,False,False,1,1,7d1b2a7bc070
2026-06-04,US.MSFT,LONG,False,-1,-1,-1,-1,-1,-1,True,,,0.0,0.0,no_entry,False,False,1,1,7d1b2a7bc070
2026-06-04,US.MSFT,SHORT,False,-1,-1,-1,-1,-1,-1,True,,,0.0,0.0,no_entry,False,False,1,1,7d1b2a7bc070
2026-06-04,US.MU,LONG,False,-1,-1,-1,-1,-1,-1,True,,,0.0,0.0,no_entry,False,False,1,1,7d1b2a7bc070
2026-06-04,US.MU,SHORT,False,-1,-1,-1,-1,-1,-1,True,,,0.0,0.0,no_entry,False,False,1,1,7d1b2a7bc070
2026-06-04,US.NVDA,LONG,False,-1,-1,-1,-1,-1,-1,True,,,0.0,0.0,no_entry,False,False,1,1,7d1b2a7bc070
2026-06-04,US.NVDA,SHORT,False,-1,-1,-1,-1,-1,-1,True,,,0.0,0.0,no_entry,False,False,1,1,7d1b2a7bc070
2026-06-04,US.QQQ,LONG,False,-1,-1,-1,-1,-1,-1,True,,,0.0,0.0,no_entry,False,False,1,1,7d1b2a7bc070
2026-06-04,US.QQQ,SHORT,False,-1,-1,-1,-1,-1,-1,True,,,0.0,0.0,no_entry,False,False,1,1,7d1b2a7bc070
2026-06-04,US.SPY,LONG,True,46,49,616,616,619,619,True,751.544315907,751.399688411,-0.14462749599999825,-0.00019244040961903197,soft_failure_loss,False,False,1,1,7d1b2a7bc070
2026-06-04,US.SPY,SHORT,False,-1,-1,-1,-1,-1,-1,True,,,0.0,0.0,no_entry,False,False,1,1,7d1b2a7bc070
2026-06-04,US.TSLA,LONG,False,-1,-1,-1,-1,-1,-1,True,,,0.0,0.0,no_entry,False,False,1,1,7d1b2a7bc070
2026-06-04,US.TSLA,SHORT,False,-1,-1,-1,-1,-1,-1,True,,,0.0,0.0,no_entry,False,False,1,1,7d1b2a7bc070
2026-06-05,US.AAPL,LONG,True,19,22,589,589,592,592,True,314.029163918,313.849319026,-0.17984489200000553,-0.0005727012413629424,soft_failure_loss,False,False,1,1,7d1b2a7bc070
2026-06-05,US.AAPL,SHORT,False,-1,-1,-1,-1,-1,-1,True,,,0.0,0.0,no_entry,False,False,1,1,7d1b2a7bc070
2026-06-05,US.AMD,LONG,False,-1,-1,-1,-1,-1,-1,True,,,0.0,0.0,no_entry,False,False,1,1,7d1b2a7bc070
2026-06-05,US.AMD,SHORT,True,24,25,594,594,595,595,True,492.7401,493.73,-0.9899000000000342,-0.0020089698402870684,soft_failure_loss,False,False,1,1,7d1b2a7bc070
2026-06-05,US.IWM,LONG,False,-1,-1,-1,-1,-1,-1,True,,,0.0,0.0,no_entry,False,False,1,1,7d1b2a7bc070
2026-06-05,US.IWM,SHORT,True,39,40,609,609,610,610,True,285.959842549,286.079557806,-0.11971525700005259,-0.00041864359671249664,soft_failure_loss,False,False,1,1,7d1b2a7bc070
2026-06-05,US.META,LONG,False,-1,-1,-1,-1,-1,-1,True,,,0.0,0.0,no_entry,False,False,1,1,7d1b2a7bc070
2026-06-05,US.META,SHORT,False,-1,-1,-1,-1,-1,-1,True,,,0.0,0.0,no_entry,False,False,1,1,7d1b2a7bc070
2026-06-05,US.MSFT,LONG,False,-1,-1,-1,-1,-1,-1,True,,,0.0,0.0,no_entry,False,False,1,1,7d1b2a7bc070
2026-06-05,US.MSFT,SHORT,False,-1,-1,-1,-1,-1,-1,True,,,0.0,0.0,no_entry,False,False,1,1,7d1b2a7bc070
2026-06-05,US.MU,LONG,False,-1,-1,-1,-1,-1,-1,True,,,0.0,0.0,no_entry,False,False,1,1,7d1b2a7bc070
2026-06-05,US.MU,SHORT,True,23,24,593,593,594,594,True,932.026671405,933.24648382,-1.2198124149999785,-0.0013087741503804294,soft_failure_loss,False,False,1,1,7d1b2a7bc070
2026-06-05,US.NVDA,LONG,False,-1,-1,-1,-1,-1,-1,True,,,0.0,0.0,no_entry,False,False,1,1,7d1b2a7bc070
2026-06-05,US.NVDA,SHORT,True,27,46,597,597,616,616,True,212.452272345,212.487233225,-0.03496087999999986,-0.00016455874825018152,failed_followthrough,False,False,1,1,7d1b2a7bc070
2026-06-05,US.QQQ,LONG,False,-1,-1,-1,-1,-1,-1,True,,,0.0,0.0,no_entry,False,False,1,1,7d1b2a7bc070
2026-06-05,US.QQQ,SHORT,True,40,45,610,610,615,615,True,724.902897651,725.342414359,-0.43951670800004194,-0.0006063111479127299,soft_failure_loss,False,False,1,1,7d1b2a7bc070
2026-06-05,US.SPY,LONG,False,-1,-1,-1,-1,-1,-1,True,,,0.0,0.0,no_entry,False,False,1,1,7d1b2a7bc070
2026-06-05,US.SPY,SHORT,True,25,375,595,595,-1,945,True,748.10317893,735.884649082,12.218529848000003,0.016332680026137532,scheduled_flatten,True,False,1,1,7d1b2a7bc070
2026-06-05,US.TSLA,LONG,False,-1,-1,-1,-1,-1,-1,True,,,0.0,0.0,no_entry,False,False,1,1,7d1b2a7bc070
2026-06-05,US.TSLA,SHORT,False,-1,-1,-1,-1,-1,-1,True,,,0.0,0.0,no_entry,False,False,1,1,7d1b2a7bc070
2026-06-08,US.AAPL,LONG,False,-1,-1,-1,-1,-1,-1,True,,,0.0,0.0,no_entry,False,False,1,1,7d1b2a7bc070
2026-06-08,US.AAPL,SHORT,False,-1,-1,-1,-1,-1,-1,True,,,0.0,0.0,no_entry,False,False,1,1,7d1b2a7bc070
2026-06-08,US.AMD,LONG,False,-1,-1,-1,-1,-1,-1,True,,,0.0,0.0,no_entry,False,False,1,1,7d1b2a7bc070
2026-06-08,US.AMD,SHORT,False,-1,-1,-1,-1,-1,-1,True,,,0.0,0.0,no_entry,False,False,1,1,7d1b2a7bc070
2026-06-08,US.IWM,LONG,False,-1,-1,-1,-1,-1,-1,True,,,0.0,0.0,no_entry,False,False,1,1,7d1b2a7bc070
2026-06-08,US.IWM,SHORT,False,-1,-1,-1,-1,-1,-1,True,,,0.0,0.0,no_entry,False,False,1,1,7d1b2a7bc070
2026-06-08,US.META,LONG,False,-1,-1,-1,-1,-1,-1,True,,,0.0,0.0,no_entry,False,False,1,1,7d1b2a7bc070
2026-06-08,US.META,SHORT,False,-1,-1,-1,-1,-1,-1,True,,,0.0,0.0,no_entry,False,False,1,1,7d1b2a7bc070
2026-06-08,US.MSFT,LONG,False,-1,-1,-1,-1,-1,-1,True,,,0.0,0.0,no_entry,False,False,1,1,7d1b2a7bc070
2026-06-08,US.MSFT,SHORT,True,129,130,699,699,700,700,True,410.411500701,410.631985638,-0.22048493699998062,-0.0005372289436903769,soft_failure_loss,False,False,1,1,7d1b2a7bc070
2026-06-08,US.MU,LONG,False,-1,-1,-1,-1,-1,-1,True,,,0.0,0.0,no_entry,False,False,1,1,7d1b2a7bc070
2026-06-08,US.MU,SHORT,False,-1,-1,-1,-1,-1,-1,True,,,0.0,0.0,no_entry,False,False,1,1,7d1b2a7bc070
2026-06-08,US.NVDA,LONG,False,-1,-1,-1,-1,-1,-1,True,,,0.0,0.0,no_entry,False,False,1,1,7d1b2a7bc070
2026-06-08,US.NVDA,SHORT,True,117,128,687,687,698,698,True,207.657637397,207.687603865,-0.029966467999997803,-0.0001443070834072329,failed_followthrough,False,False,1,1,7d1b2a7bc070
2026-06-08,US.QQQ,LONG,False,-1,-1,-1,-1,-1,-1,True,,,0.0,0.0,no_entry,False,False,1,1,7d1b2a7bc070
2026-06-08,US.QQQ,SHORT,False,-1,-1,-1,-1,-1,-1,True,,,0.0,0.0,no_entry,False,False,1,1,7d1b2a7bc070
2026-06-08,US.SPY,LONG,False,-1,-1,-1,-1,-1,-1,True,,,0.0,0.0,no_entry,False,False,1,1,7d1b2a7bc070
2026-06-08,US.SPY,SHORT,False,-1,-1,-1,-1,-1,-1,True,,,0.0,0.0,no_entry,False,False,1,1,7d1b2a7bc070
2026-06-08,US.TSLA,LONG,True,26,36,596,596,606,606,True,400.45,400.45,0.0,0.0,failed_followthrough,False,False,1,1,7d1b2a7bc070
2026-06-08,US.TSLA,SHORT,False,-1,-1,-1,-1,-1,-1,True,,,0.0,0.0,no_entry,False,False,1,1,7d1b2a7bc070
2026-06-09,US.AAPL,LONG,False,-1,-1,-1,-1,-1,-1,True,,,0.0,0.0,no_entry,False,False,1,1,7d1b2a7bc070
2026-06-09,US.AAPL,SHORT,False,-1,-1,-1,-1,-1,-1,True,,,0.0,0.0,no_entry,False,False,1,1,7d1b2a7bc070
2026-06-09,US.AMD,LONG,False,-1,-1,-1,-1,-1,-1,True,,,0.0,0.0,no_entry,False,False,1,1,7d1b2a7bc070
2026-06-09,US.AMD,SHORT,False,-1,-1,-1,-1,-1,-1,True,,,0.0,0.0,no_entry,False,False,1,1,7d1b2a7bc070
2026-06-09,US.IWM,LONG,True,39,40,609,609,610,610,True,289.341798544,288.992629046,-0.3491694980000375,-0.0012067717134444352,soft_failure_loss,False,False,1,1,7d1b2a7bc070
2026-06-09,US.IWM,SHORT,False,-1,-1,-1,-1,-1,-1,True,,,0.0,0.0,no_entry,False,False,1,1,7d1b2a7bc070
2026-06-09,US.META,LONG,True,71,73,641,641,643,643,True,595.538045099,595.263299738,-0.2747453609999866,-0.000461339730116342,soft_failure_loss,False,False,1,1,7d1b2a7bc070
2026-06-09,US.META,SHORT,False,-1,-1,-1,-1,-1,-1,True,,,0.0,0.0,no_entry,False,False,1,1,7d1b2a7bc070
2026-06-09,US.MSFT,LONG,False,-1,-1,-1,-1,-1,-1,True,,,0.0,0.0,no_entry,False,False,1,1,7d1b2a7bc070
2026-06-09,US.MSFT,SHORT,False,-1,-1,-1,-1,-1,-1,True,,,0.0,0.0,no_entry,False,False,1,1,7d1b2a7bc070
2026-06-09,US.MU,LONG,False,-1,-1,-1,-1,-1,-1,True,,,0.0,0.0,no_entry,False,False,1,1,7d1b2a7bc070
2026-06-09,US.MU,SHORT,False,-1,-1,-1,-1,-1,-1,True,,,0.0,0.0,no_entry,False,False,1,1,7d1b2a7bc070
2026-06-09,US.NVDA,LONG,False,-1,-1,-1,-1,-1,-1,True,,,0.0,0.0,no_entry,False,False,1,1,7d1b2a7bc070
2026-06-09,US.NVDA,SHORT,False,-1,-1,-1,-1,-1,-1,True,,,0.0,0.0,no_entry,False,False,1,1,7d1b2a7bc070
2026-06-09,US.QQQ,LONG,True,22,24,592,592,594,594,True,723.554380479,723.074907706,-0.4794727729999977,-0.0006626630781816041,soft_failure_loss,False,False,1,1,7d1b2a7bc070
2026-06-09,US.QQQ,SHORT,False,-1,-1,-1,-1,-1,-1,True,,,0.0,0.0,no_entry,False,False,1,1,7d1b2a7bc070
2026-06-09,US.SPY,LONG,False,-1,-1,-1,-1,-1,-1,True,,,0.0,0.0,no_entry,False,False,1,1,7d1b2a7bc070
2026-06-09,US.SPY,SHORT,False,-1,-1,-1,-1,-1,-1,True,,,0.0,0.0,no_entry,False,False,1,1,7d1b2a7bc070
2026-06-09,US.TSLA,LONG,False,-1,-1,-1,-1,-1,-1,True,,,0.0,0.0,no_entry,False,False,1,1,7d1b2a7bc070
2026-06-09,US.TSLA,SHORT,False,-1,-1,-1,-1,-1,-1,True,,,0.0,0.0,no_entry,False,False,1,1,7d1b2a7bc070
2026-06-10,US.AAPL,LONG,False,-1,-1,-1,-1,-1,-1,True,,,0.0,0.0,no_entry,False,False,1,1,7d1b2a7bc070
2026-06-10,US.AAPL,SHORT,False,-1,-1,-1,-1,-1,-1,True,,,0.0,0.0,no_entry,False,False,1,1,7d1b2a7bc070
2026-06-10,US.AMD,LONG,False,-1,-1,-1,-1,-1,-1,True,,,0.0,0.0,no_entry,False,False,1,1,7d1b2a7bc070
2026-06-10,US.AMD,SHORT,False,-1,-1,-1,-1,-1,-1,True,,,0.0,0.0,no_entry,False,False,1,1,7d1b2a7bc070
2026-06-10,US.IWM,LONG,False,-1,-1,-1,-1,-1,-1,True,,,0.0,0.0,no_entry,False,False,1,1,7d1b2a7bc070
2026-06-10,US.IWM,SHORT,False,-1,-1,-1,-1,-1,-1,True,,,0.0,0.0,no_entry,False,False,1,1,7d1b2a7bc070
2026-06-10,US.META,LONG,False,-1,-1,-1,-1,-1,-1,True,,,0.0,0.0,no_entry,False,False,1,1,7d1b2a7bc070
2026-06-10,US.META,SHORT,False,-1,-1,-1,-1,-1,-1,True,,,0.0,0.0,no_entry,False,False,1,1,7d1b2a7bc070
2026-06-10,US.MSFT,LONG,True,55,56,625,625,626,626,True,402.841451312,402.582139466,-0.2593118460000028,-0.0006437069600346718,soft_failure_loss,False,False,1,1,7d1b2a7bc070
2026-06-10,US.MSFT,SHORT,False,-1,-1,-1,-1,-1,-1,True,,,0.0,0.0,no_entry,False,False,1,1,7d1b2a7bc070
2026-06-10,US.MU,LONG,True,40,41,610,610,611,611,True,927.137423281,921.548282788,-5.589140492999945,-0.00602838409134734,soft_failure_loss,False,False,1,1,7d1b2a7bc070
2026-06-10,US.MU,SHORT,False,-1,-1,-1,-1,-1,-1,True,,,0.0,0.0,no_entry,False,False,1,1,7d1b2a7bc070
2026-06-10,US.NVDA,LONG,False,-1,-1,-1,-1,-1,-1,True,,,0.0,0.0,no_entry,False,False,1,1,7d1b2a7bc070
2026-06-10,US.NVDA,SHORT,False,-1,-1,-1,-1,-1,-1,True,,,0.0,0.0,no_entry,False,False,1,1,7d1b2a7bc070
2026-06-10,US.QQQ,LONG,False,-1,-1,-1,-1,-1,-1,True,,,0.0,0.0,no_entry,False,False,1,1,7d1b2a7bc070
2026-06-10,US.QQQ,SHORT,False,-1,-1,-1,-1,-1,-1,True,,,0.0,0.0,no_entry,False,False,1,1,7d1b2a7bc070
2026-06-10,US.SPY,LONG,False,-1,-1,-1,-1,-1,-1,True,,,0.0,0.0,no_entry,False,False,1,1,7d1b2a7bc070
2026-06-10,US.SPY,SHORT,False,-1,-1,-1,-1,-1,-1,True,,,0.0,0.0,no_entry,False,False,1,1,7d1b2a7bc070
2026-06-10,US.TSLA,LONG,False,-1,-1,-1,-1,-1,-1,True,,,0.0,0.0,no_entry,False,False,1,1,7d1b2a7bc070
2026-06-10,US.TSLA,SHORT,False,-1,-1,-1,-1,-1,-1,True,,,0.0,0.0,no_entry,False,False,1,1,7d1b2a7bc070
2026-06-11,US.AAPL,LONG,False,-1,-1,-1,-1,-1,-1,True,,,0.0,0.0,no_entry,False,False,1,1,7d1b2a7bc070
2026-06-11,US.AAPL,SHORT,False,-1,-1,-1,-1,-1,-1,True,,,0.0,0.0,no_entry,False,False,1,1,7d1b2a7bc070
2026-06-11,US.AMD,LONG,True,66,68,636,636,638,638,True,474.73,472.17,-2.5600000000000023,-0.0053925389168580085,soft_failure_loss,False,False,1,1,7d1b2a7bc070
2026-06-11,US.AMD,SHORT,False,-1,-1,-1,-1,-1,-1,True,,,0.0,0.0,no_entry,False,False,1,1,7d1b2a7bc070
2026-06-11,US.IWM,LONG,True,101,102,671,671,672,672,True,285.231574739,285.171717111,-0.05985762799997474,-0.00020985624769889947,soft_failure_loss,False,False,1,1,7d1b2a7bc070
2026-06-11,US.IWM,SHORT,False,-1,-1,-1,-1,-1,-1,True,,,0.0,0.0,no_entry,False,False,1,1,7d1b2a7bc070
2026-06-11,US.META,LONG,False,-1,-1,-1,-1,-1,-1,True,,,0.0,0.0,no_entry,False,False,1,1,7d1b2a7bc070
2026-06-11,US.META,SHORT,True,78,100,648,648,670,670,True,559.891083316,560.000981461,-0.10989814499998829,-0.00019628486374369042,failed_followthrough,False,False,1,1,7d1b2a7bc070
2026-06-11,US.MSFT,LONG,False,-1,-1,-1,-1,-1,-1,True,,,0.0,0.0,no_entry,False,False,1,1,7d1b2a7bc070
2026-06-11,US.MSFT,SHORT,False,-1,-1,-1,-1,-1,-1,True,,,0.0,0.0,no_entry,False,False,1,1,7d1b2a7bc070
2026-06-11,US.MU,LONG,True,25,28,595,595,598,598,True,915.999136145,911.839775779,-4.159360365999987,-0.004540790708061948,soft_failure_loss,False,False,1,1,7d1b2a7bc070
2026-06-11,US.MU,SHORT,False,-1,-1,-1,-1,-1,-1,True,,,0.0,0.0,no_entry,False,False,1,1,7d1b2a7bc070
2026-06-11,US.NVDA,LONG,True,17,19,587,587,589,589,True,202.683203637,202.263673079,-0.41953055799999106,-0.002069883199356562,soft_failure_loss,False,False,1,1,7d1b2a7bc070
2026-06-11,US.NVDA,SHORT,True,119,126,689,689,696,696,True,200.635494961,201.055025519,-0.41953055799999106,-0.002091008662657325,soft_failure_loss,False,False,1,1,7d1b2a7bc070
2026-06-11,US.QQQ,LONG,True,20,84,590,590,654,654,True,700.040236603,698.3620819,-1.6781547030000183,-0.0023972260668092384,trailing,False,False,1,1,7d1b2a7bc070
2026-06-11,US.QQQ,SHORT,False,-1,-1,-1,-1,-1,-1,True,,,0.0,0.0,no_entry,False,False,1,1,7d1b2a7bc070
2026-06-11,US.SPY,LONG,True,19,20,589,589,590,590,True,727.296768103,726.748181048,-0.5485870549999845,-0.0007542822669635368,soft_failure_loss,False,False,1,1,7d1b2a7bc070
2026-06-11,US.SPY,SHORT,False,-1,-1,-1,-1,-1,-1,True,,,0.0,0.0,no_entry,False,False,1,1,7d1b2a7bc070
2026-06-11,US.TSLA,LONG,False,-1,-1,-1,-1,-1,-1,True,,,0.0,0.0,no_entry,False,False,1,1,7d1b2a7bc070
2026-06-11,US.TSLA,SHORT,False,-1,-1,-1,-1,-1,-1,True,,,0.0,0.0,no_entry,False,False,1,1,7d1b2a7bc070
2026-06-12,US.AAPL,LONG,False,-1,-1,-1,-1,-1,-1,True,,,0.0,0.0,no_entry,False,False,1,1,7d1b2a7bc070
2026-06-12,US.AAPL,SHORT,True,129,133,699,699,703,703,True,291.508586906,291.668449032,-0.15986212600000727,-0.0005483959415972761,soft_failure_loss,False,False,1,1,7d1b2a7bc070
2026-06-12,US.AMD,LONG,False,-1,-1,-1,-1,-1,-1,True,,,0.0,0.0,no_entry,False,False,1,1,7d1b2a7bc070
2026-06-12,US.AMD,SHORT,False,-1,-1,-1,-1,-1,-1,True,,,0.0,0.0,no_entry,False,False,1,1,7d1b2a7bc070
2026-06-12,US.IWM,LONG,False,-1,-1,-1,-1,-1,-1,True,,,0.0,0.0,no_entry,False,False,1,1,7d1b2a7bc070
2026-06-12,US.IWM,SHORT,False,-1,-1,-1,-1,-1,-1,True,,,0.0,0.0,no_entry,False,False,1,1,7d1b2a7bc070
2026-06-12,US.META,LONG,False,-1,-1,-1,-1,-1,-1,True,,,0.0,0.0,no_entry,False,False,1,1,7d1b2a7bc070
2026-06-12,US.META,SHORT,False,-1,-1,-1,-1,-1,-1,True,,,0.0,0.0,no_entry,False,False,1,1,7d1b2a7bc070
2026-06-12,US.MSFT,LONG,False,-1,-1,-1,-1,-1,-1,True,,,0.0,0.0,no_entry,False,False,1,1,7d1b2a7bc070
2026-06-12,US.MSFT,SHORT,False,-1,-1,-1,-1,-1,-1,True,,,0.0,0.0,no_entry,False,False,1,1,7d1b2a7bc070
2026-06-12,US.MU,LONG,True,83,90,653,653,660,660,True,991.29755663,991.187573544,-0.10998308600005657,-0.00011094860999552283,failed_followthrough,False,False,1,1,7d1b2a7bc070
2026-06-12,US.MU,SHORT,False,-1,-1,-1,-1,-1,-1,True,,,0.0,0.0,no_entry,False,False,1,1,7d1b2a7bc070
2026-06-12,US.NVDA,LONG,False,-1,-1,-1,-1,-1,-1,True,,,0.0,0.0,no_entry,False,False,1,1,7d1b2a7bc070
2026-06-12,US.NVDA,SHORT,False,-1,-1,-1,-1,-1,-1,True,,,0.0,0.0,no_entry,False,False,1,1,7d1b2a7bc070
2026-06-12,US.QQQ,LONG,False,-1,-1,-1,-1,-1,-1,True,,,0.0,0.0,no_entry,False,False,1,1,7d1b2a7bc070
2026-06-12,US.QQQ,SHORT,False,-1,-1,-1,-1,-1,-1,True,,,0.0,0.0,no_entry,False,False,1,1,7d1b2a7bc070
2026-06-12,US.SPY,LONG,False,-1,-1,-1,-1,-1,-1,True,,,0.0,0.0,no_entry,False,False,1,1,7d1b2a7bc070
2026-06-12,US.SPY,SHORT,False,-1,-1,-1,-1,-1,-1,True,,,0.0,0.0,no_entry,False,False,1,1,7d1b2a7bc070
2026-06-12,US.TSLA,LONG,False,-1,-1,-1,-1,-1,-1,True,,,0.0,0.0,no_entry,False,False,1,1,7d1b2a7bc070
2026-06-12,US.TSLA,SHORT,True,131,179,701,701,749,749,True,395.74,396.26,-0.5199999999999818,-0.0013139940364885576,trailing,False,False,1,1,7d1b2a7bc070
2026-06-15,US.AAPL,LONG,False,-1,-1,-1,-1,-1,-1,True,,,0.0,0.0,no_entry,False,False,1,1,7d1b2a7bc070
2026-06-15,US.AAPL,SHORT,False,-1,-1,-1,-1,-1,-1,True,,,0.0,0.0,no_entry,False,False,1,1,7d1b2a7bc070
2026-06-15,US.AMD,LONG,False,-1,-1,-1,-1,-1,-1,True,,,0.0,0.0,no_entry,False,False,1,1,7d1b2a7bc070
2026-06-15,US.AMD,SHORT,False,-1,-1,-1,-1,-1,-1,True,,,0.0,0.0,no_entry,False,False,1,1,7d1b2a7bc070
2026-06-15,US.IWM,LONG,False,-1,-1,-1,-1,-1,-1,True,,,0.0,0.0,no_entry,False,False,1,1,7d1b2a7bc070
2026-06-15,US.IWM,SHORT,False,-1,-1,-1,-1,-1,-1,True,,,0.0,0.0,no_entry,False,False,1,1,7d1b2a7bc070
2026-06-15,US.META,LONG,False,-1,-1,-1,-1,-1,-1,True,,,0.0,0.0,no_entry,False,False,1,1,7d1b2a7bc070
2026-06-15,US.META,SHORT,False,-1,-1,-1,-1,-1,-1,True,,,0.0,0.0,no_entry,False,False,1,1,7d1b2a7bc070
2026-06-15,US.MSFT,LONG,True,48,52,618,618,622,622,True,397.571472044,397.222229492,-0.3492425520000211,-0.0008784396682299421,soft_failure_loss,False,False,1,1,7d1b2a7bc070
2026-06-15,US.MSFT,SHORT,False,-1,-1,-1,-1,-1,-1,True,,,0.0,0.0,no_entry,False,False,1,1,7d1b2a7bc070
2026-06-15,US.MU,LONG,False,-1,-1,-1,-1,-1,-1,True,,,0.0,0.0,no_entry,False,False,1,1,7d1b2a7bc070
2026-06-15,US.MU,SHORT,False,-1,-1,-1,-1,-1,-1,True,,,0.0,0.0,no_entry,False,False,1,1,7d1b2a7bc070
2026-06-15,US.NVDA,LONG,False,-1,-1,-1,-1,-1,-1,True,,,0.0,0.0,no_entry,False,False,1,1,7d1b2a7bc070
2026-06-15,US.NVDA,SHORT,False,-1,-1,-1,-1,-1,-1,True,,,0.0,0.0,no_entry,False,False,1,1,7d1b2a7bc070
2026-06-15,US.QQQ,LONG,True,16,27,586,586,597,597,True,739.841471213,739.786531625,-0.05493958800002474,-7.425859476348233e-05,failed_followthrough,False,False,1,1,7d1b2a7bc070
2026-06-15,US.QQQ,SHORT,False,-1,-1,-1,-1,-1,-1,True,,,0.0,0.0,no_entry,False,False,1,1,7d1b2a7bc070
2026-06-15,US.SPY,LONG,True,19,25,589,589,595,595,True,751.803647969,751.773725039,-0.029922929999997905,-3.980152275242983e-05,failed_followthrough,False,False,1,1,7d1b2a7bc070
2026-06-15,US.SPY,SHORT,False,-1,-1,-1,-1,-1,-1,True,,,0.0,0.0,no_entry,False,False,1,1,7d1b2a7bc070
2026-06-15,US.TSLA,LONG,False,-1,-1,-1,-1,-1,-1,True,,,0.0,0.0,no_entry,False,False,1,1,7d1b2a7bc070
2026-06-15,US.TSLA,SHORT,False,-1,-1,-1,-1,-1,-1,True,,,0.0,0.0,no_entry,False,False,1,1,7d1b2a7bc070
2026-06-16,US.AAPL,LONG,False,-1,-1,-1,-1,-1,-1,True,,,0.0,0.0,no_entry,False,False,1,1,7d1b2a7bc070
2026-06-16,US.AAPL,SHORT,False,-1,-1,-1,-1,-1,-1,True,,,0.0,0.0,no_entry,False,False,1,1,7d1b2a7bc070
2026-06-16,US.AMD,LONG,False,-1,-1,-1,-1,-1,-1,True,,,0.0,0.0,no_entry,False,False,1,1,7d1b2a7bc070
2026-06-16,US.AMD,SHORT,True,39,375,609,609,-1,945,True,538.73,513.82,24.909999999999968,0.0462383754385313,scheduled_flatten,True,False,1,1,7d1b2a7bc070
2026-06-16,US.IWM,LONG,False,-1,-1,-1,-1,-1,-1,True,,,0.0,0.0,no_entry,False,False,1,1,7d1b2a7bc070
2026-06-16,US.IWM,SHORT,False,-1,-1,-1,-1,-1,-1,True,,,0.0,0.0,no_entry,False,False,1,1,7d1b2a7bc070
2026-06-16,US.META,LONG,True,25,36,595,595,606,606,True,602.075,602.045,-0.030000000000086402,-4.982767927598123e-05,failed_followthrough,False,False,1,1,7d1b2a7bc070
2026-06-16,US.META,SHORT,False,-1,-1,-1,-1,-1,-1,True,,,0.0,0.0,no_entry,False,False,1,1,7d1b2a7bc070
2026-06-16,US.MSFT,LONG,False,-1,-1,-1,-1,-1,-1,True,,,0.0,0.0,no_entry,False,False,1,1,7d1b2a7bc070
2026-06-16,US.MSFT,SHORT,False,-1,-1,-1,-1,-1,-1,True,,,0.0,0.0,no_entry,False,False,1,1,7d1b2a7bc070
2026-06-16,US.MU,LONG,False,-1,-1,-1,-1,-1,-1,True,,,0.0,0.0,no_entry,False,False,1,1,7d1b2a7bc070
2026-06-16,US.MU,SHORT,True,49,375,619,619,-1,945,True,1084.283257136,1036.312634138,47.97062299799995,0.04424178154766349,scheduled_flatten,True,False,1,1,7d1b2a7bc070
2026-06-16,US.NVDA,LONG,False,-1,-1,-1,-1,-1,-1,True,,,0.0,0.0,no_entry,False,False,1,1,7d1b2a7bc070
2026-06-16,US.NVDA,SHORT,True,30,31,600,600,601,601,True,208.481715278,208.696474969,-0.2147596910000118,-0.001030112836099993,soft_failure_loss,False,False,1,1,7d1b2a7bc070
2026-06-16,US.QQQ,LONG,True,18,20,588,588,590,590,True,742.953049725,742.753269404,-0.1997803210000484,-0.0002689003310155278,soft_failure_loss,False,False,1,1,7d1b2a7bc070
2026-06-16,US.QQQ,SHORT,True,51,375,621,621,-1,945,True,739.826487689,731.575560399,8.25092729000005,0.011152516741828905,scheduled_flatten,True,False,1,1,7d1b2a7bc070
2026-06-16,US.SPY,LONG,False,-1,-1,-1,-1,-1,-1,True,,,0.0,0.0,no_entry,False,False,1,1,7d1b2a7bc070
2026-06-16,US.SPY,SHORT,True,30,31,600,600,601,601,True,752.172697442,752.501849675,-0.3291522330000589,-0.0004376019418405437,soft_failure_loss,False,False,1,1,7d1b2a7bc070
2026-06-16,US.TSLA,LONG,False,-1,-1,-1,-1,-1,-1,True,,,0.0,0.0,no_entry,False,False,1,1,7d1b2a7bc070
2026-06-16,US.TSLA,SHORT,False,-1,-1,-1,-1,-1,-1,True,,,0.0,0.0,no_entry,False,False,1,1,7d1b2a7bc070
2026-06-17,US.AAPL,LONG,False,-1,-1,-1,-1,-1,-1,True,,,0.0,0.0,no_entry,False,False,1,1,7d1b2a7bc070
2026-06-17,US.AAPL,SHORT,False,-1,-1,-1,-1,-1,-1,True,,,0.0,0.0,no_entry,False,False,1,1,7d1b2a7bc070
2026-06-17,US.AMD,LONG,False,-1,-1,-1,-1,-1,-1,True,,,0.0,0.0,no_entry,False,False,1,1,7d1b2a7bc070
2026-06-17,US.AMD,SHORT,False,-1,-1,-1,-1,-1,-1,True,,,0.0,0.0,no_entry,False,False,1,1,7d1b2a7bc070
2026-06-17,US.IWM,LONG,False,-1,-1,-1,-1,-1,-1,True,,,0.0,0.0,no_entry,False,False,1,1,7d1b2a7bc070
2026-06-17,US.IWM,SHORT,False,-1,-1,-1,-1,-1,-1,True,,,0.0,0.0,no_entry,False,False,1,1,7d1b2a7bc070
2026-06-17,US.META,LONG,False,-1,-1,-1,-1,-1,-1,True,,,0.0,0.0,no_entry,False,False,1,1,7d1b2a7bc070
2026-06-17,US.META,SHORT,True,25,26,595,595,596,596,True,585.63,586.37,-0.7400000000000091,-0.0012635964687601543,soft_failure_loss,False,False,1,1,7d1b2a7bc070
2026-06-17,US.MSFT,LONG,False,-1,-1,-1,-1,-1,-1,True,,,0.0,0.0,no_entry,False,False,1,1,7d1b2a7bc070
2026-06-17,US.MSFT,SHORT,True,144,154,714,714,724,724,True,385.000237382,385.040162224,-0.0399248420000049,-0.0001037008243721969,failed_followthrough,False,False,1,1,7d1b2a7bc070
2026-06-17,US.MU,LONG,False,-1,-1,-1,-1,-1,-1,True,,,0.0,0.0,no_entry,False,False,1,1,7d1b2a7bc070
2026-06-17,US.MU,SHORT,False,-1,-1,-1,-1,-1,-1,True,,,0.0,0.0,no_entry,False,False,1,1,7d1b2a7bc070
2026-06-17,US.NVDA,LONG,True,22,24,592,592,594,594,True,208.786374374,208.581603507,-0.20477086699997926,-0.0009807673877854322,soft_failure_loss,False,False,1,1,7d1b2a7bc070
2026-06-17,US.NVDA,SHORT,True,28,31,598,598,601,601,True,207.148207433,207.347983889,-0.19977645599999505,-0.0009644131536335438,soft_failure_loss,False,False,1,1,7d1b2a7bc070
2026-06-17,US.QQQ,LONG,False,-1,-1,-1,-1,-1,-1,True,,,0.0,0.0,no_entry,False,False,1,1,7d1b2a7bc070
2026-06-17,US.QQQ,SHORT,True,31,38,601,601,608,608,True,730.906296321,731.465681222,-0.5593849009999303,-0.000765330527066987,soft_failure_loss,False,False,1,1,7d1b2a7bc070
2026-06-17,US.SPY,LONG,True,54,59,624,624,629,629,True,749.748940093,749.629248372,-0.11969172099998104,-0.00015964240107513097,failed_followthrough,False,False,1,1,7d1b2a7bc070
2026-06-17,US.SPY,SHORT,True,30,31,600,600,601,601,True,747.943589968,748.302665131,-0.3590751630000568,-0.00048008321458496554,soft_failure_loss,False,False,1,1,7d1b2a7bc070
2026-06-17,US.TSLA,LONG,False,-1,-1,-1,-1,-1,-1,True,,,0.0,0.0,no_entry,False,False,1,1,7d1b2a7bc070
2026-06-17,US.TSLA,SHORT,True,38,42,608,608,612,612,True,398.8639,399.5301,-0.6662000000000035,-0.001670243910266142,soft_failure_loss,False,False,1,1,7d1b2a7bc070
2026-06-18,US.AAPL,LONG,False,-1,-1,-1,-1,-1,-1,True,,,0.0,0.0,no_entry,False,False,1,1,7d1b2a7bc070
2026-06-18,US.AAPL,SHORT,False,-1,-1,-1,-1,-1,-1,True,,,0.0,0.0,no_entry,False,False,1,1,7d1b2a7bc070
2026-06-18,US.AMD,LONG,False,-1,-1,-1,-1,-1,-1,True,,,0.0,0.0,no_entry,False,False,1,1,7d1b2a7bc070
2026-06-18,US.AMD,SHORT,False,-1,-1,-1,-1,-1,-1,True,,,0.0,0.0,no_entry,False,False,1,1,7d1b2a7bc070
2026-06-18,US.IWM,LONG,False,-1,-1,-1,-1,-1,-1,True,,,0.0,0.0,no_entry,False,False,1,1,7d1b2a7bc070
2026-06-18,US.IWM,SHORT,True,129,130,699,699,700,700,True,292.73,293.1701,-0.4400999999999726,-0.0015034331978272559,soft_failure_loss,False,False,1,1,7d1b2a7bc070
2026-06-18,US.META,LONG,False,-1,-1,-1,-1,-1,-1,True,,,0.0,0.0,no_entry,False,False,1,1,7d1b2a7bc070
2026-06-18,US.META,SHORT,False,-1,-1,-1,-1,-1,-1,True,,,0.0,0.0,no_entry,False,False,1,1,7d1b2a7bc070
2026-06-18,US.MSFT,LONG,False,-1,-1,-1,-1,-1,-1,True,,,0.0,0.0,no_entry,False,False,1,1,7d1b2a7bc070
2026-06-18,US.MSFT,SHORT,False,-1,-1,-1,-1,-1,-1,True,,,0.0,0.0,no_entry,False,False,1,1,7d1b2a7bc070
2026-06-18,US.MU,LONG,True,51,59,621,621,629,629,True,1116.423314585,1114.785466456,-1.6378481290000764,-0.001467049377779164,failed_followthrough,False,False,1,1,7d1b2a7bc070
2026-06-18,US.MU,SHORT,False,-1,-1,-1,-1,-1,-1,True,,,0.0,0.0,no_entry,False,False,1,1,7d1b2a7bc070
2026-06-18,US.NVDA,LONG,True,23,25,593,593,595,595,True,207.997257372,207.557749168,-0.43950820400002044,-0.002113048073580925,soft_failure_loss,False,False,1,1,7d1b2a7bc070
2026-06-18,US.NVDA,SHORT,False,-1,-1,-1,-1,-1,-1,True,,,0.0,0.0,no_entry,False,False,1,1,7d1b2a7bc070
2026-06-18,US.QQQ,LONG,True,144,145,714,714,715,715,True,736.899705975,736.620013524,-0.2796924509999599,-0.0003795529415090426,soft_failure_loss,False,False,1,1,7d1b2a7bc070
2026-06-18,US.QQQ,SHORT,False,-1,-1,-1,-1,-1,-1,True,,,0.0,0.0,no_entry,False,False,1,1,7d1b2a7bc070
2026-06-18,US.SPY,LONG,False,-1,-1,-1,-1,-1,-1,True,,,0.0,0.0,no_entry,False,False,1,1,7d1b2a7bc070
2026-06-18,US.SPY,SHORT,False,-1,-1,-1,-1,-1,-1,True,,,0.0,0.0,no_entry,False,False,1,1,7d1b2a7bc070
2026-06-18,US.TSLA,LONG,False,-1,-1,-1,-1,-1,-1,True,,,0.0,0.0,no_entry,False,False,1,1,7d1b2a7bc070
2026-06-18,US.TSLA,SHORT,False,-1,-1,-1,-1,-1,-1,True,,,0.0,0.0,no_entry,False,False,1,1,7d1b2a7bc070
2026-06-22,US.AAPL,LONG,False,-1,-1,-1,-1,-1,-1,True,,,0.0,0.0,no_entry,False,False,1,1,7d1b2a7bc070
2026-06-22,US.AAPL,SHORT,False,-1,-1,-1,-1,-1,-1,True,,,0.0,0.0,no_entry,False,False,1,1,7d1b2a7bc070
2026-06-22,US.AMD,LONG,True,32,37,602,602,607,607,True,554.045,553.8255,-0.21949999999992542,-0.0003961772058224972,failed_followthrough,False,False,1,1,7d1b2a7bc070
2026-06-22,US.AMD,SHORT,False,-1,-1,-1,-1,-1,-1,True,,,0.0,0.0,no_entry,False,False,1,1,7d1b2a7bc070
2026-06-22,US.IWM,LONG,True,18,22,588,588,592,592,True,298.9199,298.78,-0.13990000000001146,-0.00046801835541899844,soft_failure_loss,False,False,1,1,7d1b2a7bc070
2026-06-22,US.IWM,SHORT,False,-1,-1,-1,-1,-1,-1,True,,,0.0,0.0,no_entry,False,False,1,1,7d1b2a7bc070
2026-06-22,US.META,LONG,False,-1,-1,-1,-1,-1,-1,True,,,0.0,0.0,no_entry,False,False,1,1,7d1b2a7bc070
2026-06-22,US.META,SHORT,False,-1,-1,-1,-1,-1,-1,True,,,0.0,0.0,no_entry,False,False,1,1,7d1b2a7bc070
2026-06-22,US.MSFT,LONG,False,-1,-1,-1,-1,-1,-1,True,,,0.0,0.0,no_entry,False,False,1,1,7d1b2a7bc070
2026-06-22,US.MSFT,SHORT,False,-1,-1,-1,-1,-1,-1,True,,,0.0,0.0,no_entry,False,False,1,1,7d1b2a7bc070
2026-06-22,US.MU,LONG,False,-1,-1,-1,-1,-1,-1,True,,,0.0,0.0,no_entry,False,False,1,1,7d1b2a7bc070
2026-06-22,US.MU,SHORT,False,-1,-1,-1,-1,-1,-1,True,,,0.0,0.0,no_entry,False,False,1,1,7d1b2a7bc070
2026-06-22,US.NVDA,LONG,False,-1,-1,-1,-1,-1,-1,True,,,0.0,0.0,no_entry,False,False,1,1,7d1b2a7bc070
2026-06-22,US.NVDA,SHORT,False,-1,-1,-1,-1,-1,-1,True,,,0.0,0.0,no_entry,False,False,1,1,7d1b2a7bc070
2026-06-22,US.QQQ,LONG,True,29,31,599,599,601,601,True,744.53,744.17,-0.36000000000001364,-0.00048352652008651586,soft_failure_loss,False,False,1,1,7d1b2a7bc070
2026-06-22,US.QQQ,SHORT,False,-1,-1,-1,-1,-1,-1,True,,,0.0,0.0,no_entry,False,False,1,1,7d1b2a7bc070
2026-06-22,US.SPY,LONG,True,30,31,600,600,601,601,True,749.91,749.69,-0.2199999999999136,-0.00029336853755772507,soft_failure_loss,False,False,1,1,7d1b2a7bc070
2026-06-22,US.SPY,SHORT,False,-1,-1,-1,-1,-1,-1,True,,,0.0,0.0,no_entry,False,False,1,1,7d1b2a7bc070
2026-06-22,US.TSLA,LONG,True,93,147,663,663,717,717,True,407.96,407.94,-0.01999999999998181,-4.902441415820622e-05,failed_followthrough,False,False,1,1,7d1b2a7bc070
2026-06-22,US.TSLA,SHORT,False,-1,-1,-1,-1,-1,-1,True,,,0.0,0.0,no_entry,False,False,1,1,7d1b2a7bc070
2026-06-23,US.AAPL,LONG,False,-1,-1,-1,-1,-1,-1,True,,,0.0,0.0,no_entry,False,False,1,1,7d1b2a7bc070
2026-06-23,US.AAPL,SHORT,False,-1,-1,-1,-1,-1,-1,True,,,0.0,0.0,no_entry,False,False,1,1,7d1b2a7bc070
2026-06-23,US.AMD,LONG,True,127,128,697,697,698,698,True,520.885,520.12,-0.7649999999999864,-0.0014686543094924722,soft_failure_loss,False,False,1,1,7d1b2a7bc070
2026-06-23,US.AMD,SHORT,False,-1,-1,-1,-1,-1,-1,True,,,0.0,0.0,no_entry,False,False,1,1,7d1b2a7bc070
2026-06-23,US.IWM,LONG,True,126,127,696,696,697,697,True,296.12,296.03,-0.09000000000003183,-0.0003039308388492227,soft_failure_loss,False,False,1,1,7d1b2a7bc070
2026-06-23,US.IWM,SHORT,False,-1,-1,-1,-1,-1,-1,True,,,0.0,0.0,no_entry,False,False,1,1,7d1b2a7bc070
2026-06-23,US.META,LONG,False,-1,-1,-1,-1,-1,-1,True,,,0.0,0.0,no_entry,False,False,1,1,7d1b2a7bc070
2026-06-23,US.META,SHORT,False,-1,-1,-1,-1,-1,-1,True,,,0.0,0.0,no_entry,False,False,1,1,7d1b2a7bc070
2026-06-23,US.MSFT,LONG,False,-1,-1,-1,-1,-1,-1,True,,,0.0,0.0,no_entry,False,False,1,1,7d1b2a7bc070
2026-06-23,US.MSFT,SHORT,False,-1,-1,-1,-1,-1,-1,True,,,0.0,0.0,no_entry,False,False,1,1,7d1b2a7bc070
2026-06-23,US.MU,LONG,False,-1,-1,-1,-1,-1,-1,True,,,0.0,0.0,no_entry,False,False,1,1,7d1b2a7bc070
2026-06-23,US.MU,SHORT,False,-1,-1,-1,-1,-1,-1,True,,,0.0,0.0,no_entry,False,False,1,1,7d1b2a7bc070
2026-06-23,US.NVDA,LONG,False,-1,-1,-1,-1,-1,-1,True,,,0.0,0.0,no_entry,False,False,1,1,7d1b2a7bc070
2026-06-23,US.NVDA,SHORT,False,-1,-1,-1,-1,-1,-1,True,,,0.0,0.0,no_entry,False,False,1,1,7d1b2a7bc070
2026-06-23,US.QQQ,LONG,False,-1,-1,-1,-1,-1,-1,True,,,0.0,0.0,no_entry,False,False,1,1,7d1b2a7bc070
2026-06-23,US.QQQ,SHORT,False,-1,-1,-1,-1,-1,-1,True,,,0.0,0.0,no_entry,False,False,1,1,7d1b2a7bc070
2026-06-23,US.SPY,LONG,False,-1,-1,-1,-1,-1,-1,True,,,0.0,0.0,no_entry,False,False,1,1,7d1b2a7bc070
2026-06-23,US.SPY,SHORT,False,-1,-1,-1,-1,-1,-1,True,,,0.0,0.0,no_entry,False,False,1,1,7d1b2a7bc070
2026-06-23,US.TSLA,LONG,False,-1,-1,-1,-1,-1,-1,True,,,0.0,0.0,no_entry,False,False,1,1,7d1b2a7bc070
2026-06-23,US.TSLA,SHORT,True,27,28,597,597,598,598,True,387.61,389.3,-1.6899999999999977,-0.004360052630221093,soft_failure_loss,False,False,1,1,7d1b2a7bc070
2026-06-24,US.AAPL,LONG,False,-1,-1,-1,-1,-1,-1,True,,,0.0,0.0,no_entry,False,False,1,1,7d1b2a7bc070
2026-06-24,US.AAPL,SHORT,False,-1,-1,-1,-1,-1,-1,True,,,0.0,0.0,no_entry,False,False,1,1,7d1b2a7bc070
2026-06-24,US.AMD,LONG,False,-1,-1,-1,-1,-1,-1,True,,,0.0,0.0,no_entry,False,False,1,1,7d1b2a7bc070
2026-06-24,US.AMD,SHORT,False,-1,-1,-1,-1,-1,-1,True,,,0.0,0.0,no_entry,False,False,1,1,7d1b2a7bc070
2026-06-24,US.IWM,LONG,True,38,39,608,608,609,609,True,296.97,296.86,-0.11000000000001364,-0.0003704077852982242,soft_failure_loss,False,False,1,1,7d1b2a7bc070
2026-06-24,US.IWM,SHORT,False,-1,-1,-1,-1,-1,-1,True,,,0.0,0.0,no_entry,False,False,1,1,7d1b2a7bc070
2026-06-24,US.META,LONG,False,-1,-1,-1,-1,-1,-1,True,,,0.0,0.0,no_entry,False,False,1,1,7d1b2a7bc070
2026-06-24,US.META,SHORT,False,-1,-1,-1,-1,-1,-1,True,,,0.0,0.0,no_entry,False,False,1,1,7d1b2a7bc070
2026-06-24,US.MSFT,LONG,False,-1,-1,-1,-1,-1,-1,True,,,0.0,0.0,no_entry,False,False,1,1,7d1b2a7bc070
2026-06-24,US.MSFT,SHORT,False,-1,-1,-1,-1,-1,-1,True,,,0.0,0.0,no_entry,False,False,1,1,7d1b2a7bc070
2026-06-24,US.MU,LONG,False,-1,-1,-1,-1,-1,-1,True,,,0.0,0.0,no_entry,False,False,1,1,7d1b2a7bc070
2026-06-24,US.MU,SHORT,False,-1,-1,-1,-1,-1,-1,True,,,0.0,0.0,no_entry,False,False,1,1,7d1b2a7bc070
2026-06-24,US.NVDA,LONG,False,-1,-1,-1,-1,-1,-1,True,,,0.0,0.0,no_entry,False,False,1,1,7d1b2a7bc070
2026-06-24,US.NVDA,SHORT,True,47,55,617,617,625,625,True,199.167138008,199.377003175,-0.2098651670000038,-0.0010537138259805396,soft_failure_loss,False,False,1,1,7d1b2a7bc070
2026-06-24,US.QQQ,LONG,False,-1,-1,-1,-1,-1,-1,True,,,0.0,0.0,no_entry,False,False,1,1,7d1b2a7bc070
2026-06-24,US.QQQ,SHORT,False,-1,-1,-1,-1,-1,-1,True,,,0.0,0.0,no_entry,False,False,1,1,7d1b2a7bc070
2026-06-24,US.SPY,LONG,False,-1,-1,-1,-1,-1,-1,True,,,0.0,0.0,no_entry,False,False,1,1,7d1b2a7bc070
2026-06-24,US.SPY,SHORT,False,-1,-1,-1,-1,-1,-1,True,,,0.0,0.0,no_entry,False,False,1,1,7d1b2a7bc070
2026-06-24,US.TSLA,LONG,False,-1,-1,-1,-1,-1,-1,True,,,0.0,0.0,no_entry,False,False,1,1,7d1b2a7bc070
2026-06-24,US.TSLA,SHORT,False,-1,-1,-1,-1,-1,-1,True,,,0.0,0.0,no_entry,False,False,1,1,7d1b2a7bc070
2026-06-25,US.AAPL,LONG,False,-1,-1,-1,-1,-1,-1,True,,,0.0,0.0,no_entry,False,False,1,1,7d1b2a7bc070
2026-06-25,US.AAPL,SHORT,False,-1,-1,-1,-1,-1,-1,True,,,0.0,0.0,no_entry,False,False,1,1,7d1b2a7bc070
2026-06-25,US.AMD,LONG,False,-1,-1,-1,-1,-1,-1,True,,,0.0,0.0,no_entry,False,False,1,1,7d1b2a7bc070
2026-06-25,US.AMD,SHORT,False,-1,-1,-1,-1,-1,-1,True,,,0.0,0.0,no_entry,False,False,1,1,7d1b2a7bc070
2026-06-25,US.IWM,LONG,False,-1,-1,-1,-1,-1,-1,True,,,0.0,0.0,no_entry,False,False,1,1,7d1b2a7bc070
2026-06-25,US.IWM,SHORT,True,109,110,679,679,680,680,True,298.8,299.025,-0.2249999999999659,-0.000753012048192657,soft_failure_loss,False,False,1,1,7d1b2a7bc070
2026-06-25,US.META,LONG,False,-1,-1,-1,-1,-1,-1,True,,,0.0,0.0,no_entry,False,False,1,1,7d1b2a7bc070
2026-06-25,US.META,SHORT,False,-1,-1,-1,-1,-1,-1,True,,,0.0,0.0,no_entry,False,False,1,1,7d1b2a7bc070
2026-06-25,US.MSFT,LONG,False,-1,-1,-1,-1,-1,-1,True,,,0.0,0.0,no_entry,False,False,1,1,7d1b2a7bc070
2026-06-25,US.MSFT,SHORT,True,33,45,603,603,615,615,True,357.646730336,357.626767915,0.01996242100000245,5.581603103500558e-05,failed_followthrough,False,False,1,1,7d1b2a7bc070
2026-06-25,US.MU,LONG,False,-1,-1,-1,-1,-1,-1,True,,,0.0,0.0,no_entry,False,False,1,1,7d1b2a7bc070
2026-06-25,US.MU,SHORT,False,-1,-1,-1,-1,-1,-1,True,,,0.0,0.0,no_entry,False,False,1,1,7d1b2a7bc070
2026-06-25,US.NVDA,LONG,False,-1,-1,-1,-1,-1,-1,True,,,0.0,0.0,no_entry,False,False,1,1,7d1b2a7bc070
2026-06-25,US.NVDA,SHORT,True,106,108,676,676,678,678,True,194.881933023,195.111675947,-0.22974292400002128,-0.0011788826210632208,soft_failure_loss,False,False,1,1,7d1b2a7bc070
2026-06-25,US.QQQ,LONG,False,-1,-1,-1,-1,-1,-1,True,,,0.0,0.0,no_entry,False,False,1,1,7d1b2a7bc070
2026-06-25,US.QQQ,SHORT,True,77,78,647,647,648,648,True,712.2,712.52,-0.31999999999993634,-0.00044931199101367074,soft_failure_loss,False,False,1,1,7d1b2a7bc070
2026-06-25,US.SPY,LONG,False,-1,-1,-1,-1,-1,-1,True,,,0.0,0.0,no_entry,False,False,1,1,7d1b2a7bc070
2026-06-25,US.SPY,SHORT,True,102,112,672,672,682,682,True,733.865,734.2,-0.3350000000000364,-0.0004564872285775127,failed_followthrough,False,False,1,1,7d1b2a7bc070
2026-06-25,US.TSLA,LONG,False,-1,-1,-1,-1,-1,-1,True,,,0.0,0.0,no_entry,False,False,1,1,7d1b2a7bc070
2026-06-25,US.TSLA,SHORT,False,-1,-1,-1,-1,-1,-1,True,,,0.0,0.0,no_entry,False,False,1,1,7d1b2a7bc070
2026-06-26,US.AAPL,LONG,False,-1,-1,-1,-1,-1,-1,True,,,0.0,0.0,no_entry,False,False,1,1,7d1b2a7bc070
2026-06-26,US.AAPL,SHORT,False,-1,-1,-1,-1,-1,-1,True,,,0.0,0.0,no_entry,False,False,1,1,7d1b2a7bc070
2026-06-26,US.AMD,LONG,False,-1,-1,-1,-1,-1,-1,True,,,0.0,0.0,no_entry,False,False,1,1,7d1b2a7bc070
2026-06-26,US.AMD,SHORT,False,-1,-1,-1,-1,-1,-1,True,,,0.0,0.0,no_entry,False,False,1,1,7d1b2a7bc070
2026-06-26,US.IWM,LONG,True,113,319,683,683,889,889,True,298.61,296.8,-1.8100000000000023,-0.006061417902950344,trailing,False,False,1,1,7d1b2a7bc070
2026-06-26,US.IWM,SHORT,False,-1,-1,-1,-1,-1,-1,True,,,0.0,0.0,no_entry,False,False,1,1,7d1b2a7bc070
2026-06-26,US.META,LONG,False,-1,-1,-1,-1,-1,-1,True,,,0.0,0.0,no_entry,False,False,1,1,7d1b2a7bc070
2026-06-26,US.META,SHORT,False,-1,-1,-1,-1,-1,-1,True,,,0.0,0.0,no_entry,False,False,1,1,7d1b2a7bc070
2026-06-26,US.MSFT,LONG,False,-1,-1,-1,-1,-1,-1,True,,,0.0,0.0,no_entry,False,False,1,1,7d1b2a7bc070
2026-06-26,US.MSFT,SHORT,False,-1,-1,-1,-1,-1,-1,True,,,0.0,0.0,no_entry,False,False,1,1,7d1b2a7bc070
2026-06-26,US.MU,LONG,True,116,118,686,686,688,688,True,1162.839576616,1162.041299377,-0.7982772389998445,-0.0006864895683400501,soft_failure_loss,False,False,1,1,7d1b2a7bc070
2026-06-26,US.MU,SHORT,False,-1,-1,-1,-1,-1,-1,True,,,0.0,0.0,no_entry,False,False,1,1,7d1b2a7bc070
2026-06-26,US.NVDA,LONG,True,94,95,664,664,665,665,True,193.353643133,193.073956094,-0.27968703899998104,-0.00144650514191551,soft_failure_loss,False,False,1,1,7d1b2a7bc070
2026-06-26,US.NVDA,SHORT,False,-1,-1,-1,-1,-1,-1,True,,,0.0,0.0,no_entry,False,False,1,1,7d1b2a7bc070
2026-06-26,US.QQQ,LONG,True,114,375,684,684,-1,945,True,711.33,711.31,-0.020000000000095497,-2.8116345437554293e-05,scheduled_flatten,True,False,1,1,7d1b2a7bc070
2026-06-26,US.QQQ,SHORT,False,-1,-1,-1,-1,-1,-1,True,,,0.0,0.0,no_entry,False,False,1,1,7d1b2a7bc070
2026-06-26,US.SPY,LONG,False,-1,-1,-1,-1,-1,-1,True,,,0.0,0.0,no_entry,False,False,1,1,7d1b2a7bc070
2026-06-26,US.SPY,SHORT,False,-1,-1,-1,-1,-1,-1,True,,,0.0,0.0,no_entry,False,False,1,1,7d1b2a7bc070
2026-06-26,US.TSLA,LONG,False,-1,-1,-1,-1,-1,-1,True,,,0.0,0.0,no_entry,False,False,1,1,7d1b2a7bc070
2026-06-26,US.TSLA,SHORT,False,-1,-1,-1,-1,-1,-1,True,,,0.0,0.0,no_entry,False,False,1,1,7d1b2a7bc070
2026-06-29,US.AAPL,LONG,False,-1,-1,-1,-1,-1,-1,True,,,0.0,0.0,no_entry,False,False,1,1,7d1b2a7bc070
2026-06-29,US.AAPL,SHORT,True,148,375,718,718,-1,945,True,281.776979981,281.557169558,0.21981042300001263,0.0007800865174111606,scheduled_flatten,True,False,1,1,7d1b2a7bc070
2026-06-29,US.AMD,LONG,False,-1,-1,-1,-1,-1,-1,True,,,0.0,0.0,no_entry,False,False,1,1,7d1b2a7bc070
2026-06-29,US.AMD,SHORT,False,-1,-1,-1,-1,-1,-1,True,,,0.0,0.0,no_entry,False,False,1,1,7d1b2a7bc070
2026-06-29,US.IWM,LONG,False,-1,-1,-1,-1,-1,-1,True,,,0.0,0.0,no_entry,False,False,1,1,7d1b2a7bc070
2026-06-29,US.IWM,SHORT,True,76,80,646,646,650,650,True,296.57,296.8,-0.2300000000000182,-0.0007755336008362888,soft_failure_loss,False,False,1,1,7d1b2a7bc070
2026-06-29,US.META,LONG,True,57,58,627,627,628,628,True,567.99,567.41,-0.5800000000000409,-0.0010211447384637774,soft_failure_loss,False,False,1,1,7d1b2a7bc070
2026-06-29,US.META,SHORT,False,-1,-1,-1,-1,-1,-1,True,,,0.0,0.0,no_entry,False,False,1,1,7d1b2a7bc070
2026-06-29,US.MSFT,LONG,False,-1,-1,-1,-1,-1,-1,True,,,0.0,0.0,no_entry,False,False,1,1,7d1b2a7bc070
2026-06-29,US.MSFT,SHORT,False,-1,-1,-1,-1,-1,-1,True,,,0.0,0.0,no_entry,False,False,1,1,7d1b2a7bc070
2026-06-29,US.MU,LONG,False,-1,-1,-1,-1,-1,-1,True,,,0.0,0.0,no_entry,False,False,1,1,7d1b2a7bc070
2026-06-29,US.MU,SHORT,False,-1,-1,-1,-1,-1,-1,True,,,0.0,0.0,no_entry,False,False,1,1,7d1b2a7bc070
2026-06-29,US.NVDA,LONG,False,-1,-1,-1,-1,-1,-1,True,,,0.0,0.0,no_entry,False,False,1,1,7d1b2a7bc070
2026-06-29,US.NVDA,SHORT,False,-1,-1,-1,-1,-1,-1,True,,,0.0,0.0,no_entry,False,False,1,1,7d1b2a7bc070
2026-06-29,US.QQQ,LONG,True,22,25,592,592,595,595,True,718.01,716.83,-1.17999999999995,-0.0016434311499839138,soft_failure_loss,False,False,1,1,7d1b2a7bc070
2026-06-29,US.QQQ,SHORT,True,78,80,648,648,650,650,True,711.02,712.37,-1.3500000000000227,-0.0018986807684734928,soft_failure_loss,False,False,1,1,7d1b2a7bc070
2026-06-29,US.SPY,LONG,True,24,25,594,594,595,595,True,739.366,738.89,-0.4759999999999991,-0.0006437948188042175,soft_failure_loss,False,False,1,1,7d1b2a7bc070
2026-06-29,US.SPY,SHORT,False,-1,-1,-1,-1,-1,-1,True,,,0.0,0.0,no_entry,False,False,1,1,7d1b2a7bc070
2026-06-29,US.TSLA,LONG,False,-1,-1,-1,-1,-1,-1,True,,,0.0,0.0,no_entry,False,False,1,1,7d1b2a7bc070
2026-06-29,US.TSLA,SHORT,False,-1,-1,-1,-1,-1,-1,True,,,0.0,0.0,no_entry,False,False,1,1,7d1b2a7bc070
2026-06-30,US.AAPL,LONG,False,-1,-1,-1,-1,-1,-1,True,,,0.0,0.0,no_entry,False,False,1,1,7d1b2a7bc070
2026-06-30,US.AAPL,SHORT,False,-1,-1,-1,-1,-1,-1,True,,,0.0,0.0,no_entry,False,False,1,1,7d1b2a7bc070
2026-06-30,US.AMD,LONG,False,-1,-1,-1,-1,-1,-1,True,,,0.0,0.0,no_entry,False,False,1,1,7d1b2a7bc070
2026-06-30,US.AMD,SHORT,False,-1,-1,-1,-1,-1,-1,True,,,0.0,0.0,no_entry,False,False,1,1,7d1b2a7bc070
2026-06-30,US.IWM,LONG,True,93,97,663,663,667,667,True,299.48,299.3,-0.18000000000000682,-0.000601041805796737,soft_failure_loss,False,False,1,1,7d1b2a7bc070
2026-06-30,US.IWM,SHORT,False,-1,-1,-1,-1,-1,-1,True,,,0.0,0.0,no_entry,False,False,1,1,7d1b2a7bc070
2026-06-30,US.META,LONG,False,-1,-1,-1,-1,-1,-1,True,,,0.0,0.0,no_entry,False,False,1,1,7d1b2a7bc070
2026-06-30,US.META,SHORT,True,31,32,601,601,602,602,True,554.68,555.66,-0.9800000000000182,-0.0017667844522968527,soft_failure_loss,False,False,1,1,7d1b2a7bc070
2026-06-30,US.MSFT,LONG,True,27,29,597,597,599,599,True,371.350932187,371.19921779,-0.15171439700003475,-0.0004085472361858416,soft_failure_loss,False,False,1,1,7d1b2a7bc070
2026-06-30,US.MSFT,SHORT,False,-1,-1,-1,-1,-1,-1,True,,,0.0,0.0,no_entry,False,False,1,1,7d1b2a7bc070
2026-06-30,US.MU,LONG,False,-1,-1,-1,-1,-1,-1,True,,,0.0,0.0,no_entry,False,False,1,1,7d1b2a7bc070
2026-06-30,US.MU,SHORT,False,-1,-1,-1,-1,-1,-1,True,,,0.0,0.0,no_entry,False,False,1,1,7d1b2a7bc070
2026-06-30,US.NVDA,LONG,False,-1,-1,-1,-1,-1,-1,True,,,0.0,0.0,no_entry,False,False,1,1,7d1b2a7bc070
2026-06-30,US.NVDA,SHORT,False,-1,-1,-1,-1,-1,-1,True,,,0.0,0.0,no_entry,False,False,1,1,7d1b2a7bc070
2026-06-30,US.QQQ,LONG,True,40,84,610,610,654,654,True,731.21,731.14,-0.07000000000005002,-9.57317323341448e-05,failed_followthrough,False,False,1,1,7d1b2a7bc070
2026-06-30,US.QQQ,SHORT,False,-1,-1,-1,-1,-1,-1,True,,,0.0,0.0,no_entry,False,False,1,1,7d1b2a7bc070
2026-06-30,US.SPY,LONG,True,22,375,592,592,-1,945,True,742.93,747.139,4.20900000000006,0.005665405892883664,scheduled_flatten,True,False,1,1,7d1b2a7bc070
2026-06-30,US.SPY,SHORT,False,-1,-1,-1,-1,-1,-1,True,,,0.0,0.0,no_entry,False,False,1,1,7d1b2a7bc070
2026-06-30,US.TSLA,LONG,True,33,375,603,603,-1,945,True,412.41,422.845,10.435000000000002,0.025302490240294857,scheduled_flatten,True,False,1,1,7d1b2a7bc070
2026-06-30,US.TSLA,SHORT,False,-1,-1,-1,-1,-1,-1,True,,,0.0,0.0,no_entry,False,False,1,1,7d1b2a7bc070
2026-07-01,US.AAPL,LONG,False,-1,-1,-1,-1,-1,-1,True,,,0.0,0.0,no_entry,False,False,1,1,7d1b2a7bc070
2026-07-01,US.AAPL,SHORT,False,-1,-1,-1,-1,-1,-1,True,,,0.0,0.0,no_entry,False,False,1,1,7d1b2a7bc070
2026-07-01,US.AMD,LONG,False,-1,-1,-1,-1,-1,-1,True,,,0.0,0.0,no_entry,False,False,1,1,7d1b2a7bc070
2026-07-01,US.AMD,SHORT,False,-1,-1,-1,-1,-1,-1,True,,,0.0,0.0,no_entry,False,False,1,1,7d1b2a7bc070
2026-07-01,US.IWM,LONG,True,93,375,663,663,-1,945,True,301.25,300.15,-1.1000000000000227,-0.003651452282157752,scheduled_flatten,True,False,1,1,7d1b2a7bc070
2026-07-01,US.IWM,SHORT,False,-1,-1,-1,-1,-1,-1,True,,,0.0,0.0,no_entry,False,False,1,1,7d1b2a7bc070
2026-07-01,US.META,LONG,False,-1,-1,-1,-1,-1,-1,True,,,0.0,0.0,no_entry,False,False,1,1,7d1b2a7bc070
2026-07-01,US.META,SHORT,False,-1,-1,-1,-1,-1,-1,True,,,0.0,0.0,no_entry,False,False,1,1,7d1b2a7bc070
2026-07-01,US.MSFT,LONG,False,-1,-1,-1,-1,-1,-1,True,,,0.0,0.0,no_entry,False,False,1,1,7d1b2a7bc070
2026-07-01,US.MSFT,SHORT,False,-1,-1,-1,-1,-1,-1,True,,,0.0,0.0,no_entry,False,False,1,1,7d1b2a7bc070
2026-07-01,US.MU,LONG,False,-1,-1,-1,-1,-1,-1,True,,,0.0,0.0,no_entry,False,False,1,1,7d1b2a7bc070
2026-07-01,US.MU,SHORT,False,-1,-1,-1,-1,-1,-1,True,,,0.0,0.0,no_entry,False,False,1,1,7d1b2a7bc070
2026-07-01,US.NVDA,LONG,False,-1,-1,-1,-1,-1,-1,True,,,0.0,0.0,no_entry,False,False,1,1,7d1b2a7bc070
2026-07-01,US.NVDA,SHORT,False,-1,-1,-1,-1,-1,-1,True,,,0.0,0.0,no_entry,False,False,1,1,7d1b2a7bc070
2026-07-01,US.QQQ,LONG,True,36,46,606,606,616,616,True,730.23,730.03,-0.20000000000004547,-0.0002738863097928673,failed_followthrough,False,False,1,1,7d1b2a7bc070
2026-07-01,US.QQQ,SHORT,False,-1,-1,-1,-1,-1,-1,True,,,0.0,0.0,no_entry,False,False,1,1,7d1b2a7bc070
2026-07-01,US.SPY,LONG,True,32,375,602,602,-1,945,True,745.25,746.65,1.3999999999999773,0.001878564240187826,scheduled_flatten,True,False,1,1,7d1b2a7bc070
2026-07-01,US.SPY,SHORT,False,-1,-1,-1,-1,-1,-1,True,,,0.0,0.0,no_entry,False,False,1,1,7d1b2a7bc070
2026-07-01,US.TSLA,LONG,False,-1,-1,-1,-1,-1,-1,True,,,0.0,0.0,no_entry,False,False,1,1,7d1b2a7bc070
2026-07-01,US.TSLA,SHORT,False,-1,-1,-1,-1,-1,-1,True,,,0.0,0.0,no_entry,False,False,1,1,7d1b2a7bc070
2026-07-02,US.AAPL,LONG,False,-1,-1,-1,-1,-1,-1,True,,,0.0,0.0,no_entry,False,False,1,1,7d1b2a7bc070
2026-07-02,US.AAPL,SHORT,False,-1,-1,-1,-1,-1,-1,True,,,0.0,0.0,no_entry,False,False,1,1,7d1b2a7bc070
2026-07-02,US.AMD,LONG,False,-1,-1,-1,-1,-1,-1,True,,,0.0,0.0,no_entry,False,False,1,1,7d1b2a7bc070
2026-07-02,US.AMD,SHORT,False,-1,-1,-1,-1,-1,-1,True,,,0.0,0.0,no_entry,False,False,1,1,7d1b2a7bc070
2026-07-02,US.IWM,LONG,True,20,25,590,590,595,595,True,301.66,301.615,-0.045000000000015916,-0.0001491745673938073,failed_followthrough,False,False,1,1,7d1b2a7bc070
2026-07-02,US.IWM,SHORT,False,-1,-1,-1,-1,-1,-1,True,,,0.0,0.0,no_entry,False,False,1,1,7d1b2a7bc070
2026-07-02,US.META,LONG,False,-1,-1,-1,-1,-1,-1,True,,,0.0,0.0,no_entry,False,False,1,1,7d1b2a7bc070
2026-07-02,US.META,SHORT,False,-1,-1,-1,-1,-1,-1,True,,,0.0,0.0,no_entry,False,False,1,1,7d1b2a7bc070
2026-07-02,US.MSFT,LONG,True,115,116,685,685,686,686,True,388.568520093,387.490549372,-1.0779707210000424,-0.0027742101206295377,soft_failure_loss,False,False,1,1,7d1b2a7bc070
2026-07-02,US.MSFT,SHORT,False,-1,-1,-1,-1,-1,-1,True,,,0.0,0.0,no_entry,False,False,1,1,7d1b2a7bc070
2026-07-02,US.MU,LONG,False,-1,-1,-1,-1,-1,-1,True,,,0.0,0.0,no_entry,False,False,1,1,7d1b2a7bc070
2026-07-02,US.MU,SHORT,False,-1,-1,-1,-1,-1,-1,True,,,0.0,0.0,no_entry,False,False,1,1,7d1b2a7bc070
2026-07-02,US.NVDA,LONG,True,30,40,600,600,610,610,True,198.667696868,198.617752754,-0.04994411399999876,-0.00025139524335042213,failed_followthrough,False,False,1,1,7d1b2a7bc070
2026-07-02,US.NVDA,SHORT,False,-1,-1,-1,-1,-1,-1,True,,,0.0,0.0,no_entry,False,False,1,1,7d1b2a7bc070
2026-07-02,US.QQQ,LONG,True,21,39,591,591,609,609,True,728.335,728.29,-0.04500000000007276,-6.178475564139134e-05,failed_followthrough,False,False,1,1,7d1b2a7bc070
2026-07-02,US.QQQ,SHORT,False,-1,-1,-1,-1,-1,-1,True,,,0.0,0.0,no_entry,False,False,1,1,7d1b2a7bc070
2026-07-02,US.SPY,LONG,True,25,27,595,595,597,597,True,750.49,750.21,-0.2799999999999727,-0.000373089581473401,soft_failure_loss,False,False,1,1,7d1b2a7bc070
2026-07-02,US.SPY,SHORT,False,-1,-1,-1,-1,-1,-1,True,,,0.0,0.0,no_entry,False,False,1,1,7d1b2a7bc070
2026-07-02,US.TSLA,LONG,False,-1,-1,-1,-1,-1,-1,True,,,0.0,0.0,no_entry,False,False,1,1,7d1b2a7bc070
2026-07-02,US.TSLA,SHORT,False,-1,-1,-1,-1,-1,-1,True,,,0.0,0.0,no_entry,False,False,1,1,7d1b2a7bc070
2026-07-06,US.AAPL,LONG,False,-1,-1,-1,-1,-1,-1,True,,,0.0,0.0,no_entry,False,False,1,1,7d1b2a7bc070
2026-07-06,US.AAPL,SHORT,False,-1,-1,-1,-1,-1,-1,True,,,0.0,0.0,no_entry,False,False,1,1,7d1b2a7bc070
2026-07-06,US.AMD,LONG,False,-1,-1,-1,-1,-1,-1,True,,,0.0,0.0,no_entry,False,False,1,1,7d1b2a7bc070
2026-07-06,US.AMD,SHORT,False,-1,-1,-1,-1,-1,-1,True,,,0.0,0.0,no_entry,False,False,1,1,7d1b2a7bc070
2026-07-06,US.IWM,LONG,True,21,26,591,591,596,596,True,299.81,299.64,-0.17000000000001592,-0.0005670257829959505,soft_failure_loss,False,False,1,1,7d1b2a7bc070
2026-07-06,US.IWM,SHORT,False,-1,-1,-1,-1,-1,-1,True,,,0.0,0.0,no_entry,False,False,1,1,7d1b2a7bc070
2026-07-06,US.META,LONG,False,-1,-1,-1,-1,-1,-1,True,,,0.0,0.0,no_entry,False,False,1,1,7d1b2a7bc070
2026-07-06,US.META,SHORT,False,-1,-1,-1,-1,-1,-1,True,,,0.0,0.0,no_entry,False,False,1,1,7d1b2a7bc070
2026-07-06,US.MSFT,LONG,False,-1,-1,-1,-1,-1,-1,True,,,0.0,0.0,no_entry,False,False,1,1,7d1b2a7bc070
2026-07-06,US.MSFT,SHORT,False,-1,-1,-1,-1,-1,-1,True,,,0.0,0.0,no_entry,False,False,1,1,7d1b2a7bc070
2026-07-06,US.MU,LONG,True,22,23,592,592,593,593,True,1008.8399,1002.66,-6.179899999999975,-0.006125748991490102,soft_failure_loss,False,False,1,1,7d1b2a7bc070
2026-07-06,US.MU,SHORT,False,-1,-1,-1,-1,-1,-1,True,,,0.0,0.0,no_entry,False,False,1,1,7d1b2a7bc070
2026-07-06,US.NVDA,LONG,True,21,22,591,591,592,592,True,195.37138534,195.251519467,-0.11986587299998064,-0.0006135282953098839,soft_failure_loss,False,False,1,1,7d1b2a7bc070
2026-07-06,US.NVDA,SHORT,False,-1,-1,-1,-1,-1,-1,True,,,0.0,0.0,no_entry,False,False,1,1,7d1b2a7bc070
2026-07-06,US.QQQ,LONG,True,16,17,586,586,587,587,True,722.65,721.68,-0.9700000000000273,-0.0013422818791946687,soft_failure_loss,False,False,1,1,7d1b2a7bc070
2026-07-06,US.QQQ,SHORT,False,-1,-1,-1,-1,-1,-1,True,,,0.0,0.0,no_entry,False,False,1,1,7d1b2a7bc070
2026-07-06,US.SPY,LONG,True,54,59,624,624,629,629,True,749.73,749.68,-0.05000000000006821,-6.669067530986917e-05,failed_followthrough,False,False,1,1,7d1b2a7bc070
2026-07-06,US.SPY,SHORT,False,-1,-1,-1,-1,-1,-1,True,,,0.0,0.0,no_entry,False,False,1,1,7d1b2a7bc070
2026-07-06,US.TSLA,LONG,False,-1,-1,-1,-1,-1,-1,True,,,0.0,0.0,no_entry,False,False,1,1,7d1b2a7bc070
2026-07-06,US.TSLA,SHORT,False,-1,-1,-1,-1,-1,-1,True,,,0.0,0.0,no_entry,False,False,1,1,7d1b2a7bc070
2026-07-07,US.AAPL,LONG,False,-1,-1,-1,-1,-1,-1,True,,,0.0,0.0,no_entry,False,False,1,1,7d1b2a7bc070
2026-07-07,US.AAPL,SHORT,False,-1,-1,-1,-1,-1,-1,True,,,0.0,0.0,no_entry,False,False,1,1,7d1b2a7bc070
2026-07-07,US.AMD,LONG,False,-1,-1,-1,-1,-1,-1,True,,,0.0,0.0,no_entry,False,False,1,1,7d1b2a7bc070
2026-07-07,US.AMD,SHORT,True,53,58,623,623,628,628,True,508.91,509.2001,-0.29009999999999536,-0.0005700418541588794,soft_failure_loss,False,False,1,1,7d1b2a7bc070
2026-07-07,US.IWM,LONG,False,-1,-1,-1,-1,-1,-1,True,,,0.0,0.0,no_entry,False,False,1,1,7d1b2a7bc070
2026-07-07,US.IWM,SHORT,True,130,135,700,700,705,705,True,296.46,296.67,-0.21000000000003638,-0.0007083586318560223,soft_failure_loss,False,False,1,1,7d1b2a7bc070
2026-07-07,US.META,LONG,True,50,51,620,620,621,621,True,613.76,611.18,-2.580000000000041,-0.004203597497393185,soft_failure_loss,False,False,1,1,7d1b2a7bc070
2026-07-07,US.META,SHORT,False,-1,-1,-1,-1,-1,-1,True,,,0.0,0.0,no_entry,False,False,1,1,7d1b2a7bc070
2026-07-07,US.MSFT,LONG,False,-1,-1,-1,-1,-1,-1,True,,,0.0,0.0,no_entry,False,False,1,1,7d1b2a7bc070
2026-07-07,US.MSFT,SHORT,False,-1,-1,-1,-1,-1,-1,True,,,0.0,0.0,no_entry,False,False,1,1,7d1b2a7bc070
2026-07-07,US.MU,LONG,False,-1,-1,-1,-1,-1,-1,True,,,0.0,0.0,no_entry,False,False,1,1,7d1b2a7bc070
2026-07-07,US.MU,SHORT,True,26,27,596,596,597,597,True,910.335,914.615,-4.279999999999973,-0.004701565907056163,soft_failure_loss,False,False,1,1,7d1b2a7bc070
2026-07-07,US.NVDA,LONG,False,-1,-1,-1,-1,-1,-1,True,,,0.0,0.0,no_entry,False,False,1,1,7d1b2a7bc070
2026-07-07,US.NVDA,SHORT,False,-1,-1,-1,-1,-1,-1,True,,,0.0,0.0,no_entry,False,False,1,1,7d1b2a7bc070
2026-07-07,US.QQQ,LONG,False,-1,-1,-1,-1,-1,-1,True,,,0.0,0.0,no_entry,False,False,1,1,7d1b2a7bc070
2026-07-07,US.QQQ,SHORT,True,24,30,594,594,600,600,True,711.1,711.12,-0.01999999999998181,-2.8125439459965982e-05,failed_followthrough,False,False,1,1,7d1b2a7bc070
2026-07-07,US.SPY,LONG,False,-1,-1,-1,-1,-1,-1,True,,,0.0,0.0,no_entry,False,False,1,1,7d1b2a7bc070
2026-07-07,US.SPY,SHORT,True,24,375,594,594,-1,945,True,749.03,746.53,2.5,0.0033376500273687303,scheduled_flatten,True,False,1,1,7d1b2a7bc070
2026-07-07,US.TSLA,LONG,False,-1,-1,-1,-1,-1,-1,True,,,0.0,0.0,no_entry,False,False,1,1,7d1b2a7bc070
2026-07-07,US.TSLA,SHORT,True,30,31,600,600,601,601,True,413.06,414.9,-1.839999999999975,-0.004454558659758813,soft_failure_loss,False,False,1,1,7d1b2a7bc070
2026-07-08,US.AAPL,LONG,False,-1,-1,-1,-1,-1,-1,True,,,0.0,0.0,no_entry,False,False,1,1,7d1b2a7bc070
2026-07-08,US.AAPL,SHORT,False,-1,-1,-1,-1,-1,-1,True,,,0.0,0.0,no_entry,False,False,1,1,7d1b2a7bc070
2026-07-08,US.AMD,LONG,True,29,32,599,599,602,602,True,520.02,518.0,-2.019999999999982,-0.0038844659820775774,soft_failure_loss,False,False,1,1,7d1b2a7bc070
2026-07-08,US.AMD,SHORT,False,-1,-1,-1,-1,-1,-1,True,,,0.0,0.0,no_entry,False,False,1,1,7d1b2a7bc070
2026-07-08,US.IWM,LONG,False,-1,-1,-1,-1,-1,-1,True,,,0.0,0.0,no_entry,False,False,1,1,7d1b2a7bc070
2026-07-08,US.IWM,SHORT,True,57,58,627,627,628,628,True,293.56,293.61,-0.05000000000001137,-0.00017032293227964084,soft_failure_loss,False,False,1,1,7d1b2a7bc070
2026-07-08,US.META,LONG,False,-1,-1,-1,-1,-1,-1,True,,,0.0,0.0,no_entry,False,False,1,1,7d1b2a7bc070
2026-07-08,US.META,SHORT,False,-1,-1,-1,-1,-1,-1,True,,,0.0,0.0,no_entry,False,False,1,1,7d1b2a7bc070
2026-07-08,US.MSFT,LONG,False,-1,-1,-1,-1,-1,-1,True,,,0.0,0.0,no_entry,False,False,1,1,7d1b2a7bc070
2026-07-08,US.MSFT,SHORT,False,-1,-1,-1,-1,-1,-1,True,,,0.0,0.0,no_entry,False,False,1,1,7d1b2a7bc070
2026-07-08,US.MU,LONG,False,-1,-1,-1,-1,-1,-1,True,,,0.0,0.0,no_entry,False,False,1,1,7d1b2a7bc070
2026-07-08,US.MU,SHORT,False,-1,-1,-1,-1,-1,-1,True,,,0.0,0.0,no_entry,False,False,1,1,7d1b2a7bc070
2026-07-08,US.NVDA,LONG,True,19,20,589,589,590,590,True,198.278132778,197.379138725,-0.898994053000024,-0.0045340050382992715,soft_failure_loss,False,False,1,1,7d1b2a7bc070
2026-07-08,US.NVDA,SHORT,False,-1,-1,-1,-1,-1,-1,True,,,0.0,0.0,no_entry,False,False,1,1,7d1b2a7bc070
2026-07-08,US.QQQ,LONG,True,17,18,587,587,588,588,True,709.56,708.94,-0.6199999999998909,-0.0008737809346635816,soft_failure_loss,False,False,1,1,7d1b2a7bc070
2026-07-08,US.QQQ,SHORT,False,-1,-1,-1,-1,-1,-1,True,,,0.0,0.0,no_entry,False,False,1,1,7d1b2a7bc070
2026-07-08,US.SPY,LONG,False,-1,-1,-1,-1,-1,-1,True,,,0.0,0.0,no_entry,False,False,1,1,7d1b2a7bc070
2026-07-08,US.SPY,SHORT,True,67,68,637,637,638,638,True,742.49,742.65,-0.15999999999996817,-0.00021549111772544837,soft_failure_loss,False,False,1,1,7d1b2a7bc070
2026-07-08,US.TSLA,LONG,False,-1,-1,-1,-1,-1,-1,True,,,0.0,0.0,no_entry,False,False,1,1,7d1b2a7bc070
2026-07-08,US.TSLA,SHORT,True,23,24,593,593,594,594,True,394.775,395.0,-0.22500000000002274,-0.0005699449053258762,soft_failure_loss,False,False,1,1,7d1b2a7bc070
2026-07-09,US.AAPL,LONG,False,-1,-1,-1,-1,-1,-1,True,,,0.0,0.0,no_entry,False,False,1,1,7d1b2a7bc070
2026-07-09,US.AAPL,SHORT,False,-1,-1,-1,-1,-1,-1,True,,,0.0,0.0,no_entry,False,False,1,1,7d1b2a7bc070
2026-07-09,US.AMD,LONG,True,39,42,609,609,612,612,True,553.9,553.35,-0.5499999999999545,-0.0009929590178731802,soft_failure_loss,False,False,1,1,7d1b2a7bc070
2026-07-09,US.AMD,SHORT,False,-1,-1,-1,-1,-1,-1,True,,,0.0,0.0,no_entry,False,False,1,1,7d1b2a7bc070
2026-07-09,US.IWM,LONG,True,27,38,597,597,608,608,True,296.37,296.36,-0.009999999999990905,-3.374160677528395e-05,failed_followthrough,False,False,1,1,7d1b2a7bc070
2026-07-09,US.IWM,SHORT,False,-1,-1,-1,-1,-1,-1,True,,,0.0,0.0,no_entry,False,False,1,1,7d1b2a7bc070
2026-07-09,US.META,LONG,False,-1,-1,-1,-1,-1,-1,True,,,0.0,0.0,no_entry,False,False,1,1,7d1b2a7bc070
2026-07-09,US.META,SHORT,False,-1,-1,-1,-1,-1,-1,True,,,0.0,0.0,no_entry,False,False,1,1,7d1b2a7bc070
2026-07-09,US.MSFT,LONG,False,-1,-1,-1,-1,-1,-1,True,,,0.0,0.0,no_entry,False,False,1,1,7d1b2a7bc070
2026-07-09,US.MSFT,SHORT,False,-1,-1,-1,-1,-1,-1,True,,,0.0,0.0,no_entry,False,False,1,1,7d1b2a7bc070
2026-07-09,US.MU,LONG,True,23,43,593,593,613,613,True,1024.685,1022.0301,-2.654899999999998,-0.0025909425823545753,failed_followthrough,False,False,1,1,7d1b2a7bc070
2026-07-09,US.MU,SHORT,False,-1,-1,-1,-1,-1,-1,True,,,0.0,0.0,no_entry,False,False,1,1,7d1b2a7bc070
2026-07-09,US.NVDA,LONG,False,-1,-1,-1,-1,-1,-1,True,,,0.0,0.0,no_entry,False,False,1,1,7d1b2a7bc070
2026-07-09,US.NVDA,SHORT,True,125,126,695,695,696,696,True,201.045036696,201.194869039,-0.1498323429999857,-0.0007452675552818896,soft_failure_loss,False,False,1,1,7d1b2a7bc070
2026-07-09,US.QQQ,LONG,True,16,19,586,586,589,589,True,721.56,720.16,-1.3999999999999773,-0.001940240589833108,soft_failure_loss,False,False,1,1,7d1b2a7bc070
2026-07-09,US.QQQ,SHORT,False,-1,-1,-1,-1,-1,-1,True,,,0.0,0.0,no_entry,False,False,1,1,7d1b2a7bc070
2026-07-09,US.SPY,LONG,True,18,19,588,588,589,589,True,748.59,748.03,-0.5600000000000591,-0.0007480730439894456,soft_failure_loss,False,False,1,1,7d1b2a7bc070
2026-07-09,US.SPY,SHORT,False,-1,-1,-1,-1,-1,-1,True,,,0.0,0.0,no_entry,False,False,1,1,7d1b2a7bc070
2026-07-09,US.TSLA,LONG,True,37,39,607,607,609,609,True,396.81,396.445,-0.3650000000000091,-0.0009198356896247804,soft_failure_loss,False,False,1,1,7d1b2a7bc070
2026-07-09,US.TSLA,SHORT,False,-1,-1,-1,-1,-1,-1,True,,,0.0,0.0,no_entry,False,False,1,1,7d1b2a7bc070
2026-07-10,US.AAPL,LONG,False,-1,-1,-1,-1,-1,-1,True,,,0.0,0.0,no_entry,False,False,1,1,7d1b2a7bc070
2026-07-10,US.AAPL,SHORT,True,131,132,701,701,702,702,True,312.840189355,312.980068716,-0.13987936099999843,-0.0004471272098651886,soft_failure_loss,False,False,1,1,7d1b2a7bc070
2026-07-10,US.AMD,LONG,False,-1,-1,-1,-1,-1,-1,True,,,0.0,0.0,no_entry,False,False,1,1,7d1b2a7bc070
2026-07-10,US.AMD,SHORT,False,-1,-1,-1,-1,-1,-1,True,,,0.0,0.0,no_entry,False,False,1,1,7d1b2a7bc070
2026-07-10,US.IWM,LONG,False,-1,-1,-1,-1,-1,-1,True,,,0.0,0.0,no_entry,False,False,1,1,7d1b2a7bc070
2026-07-10,US.IWM,SHORT,True,85,106,655,655,676,676,True,295.15,295.305,-0.15500000000002956,-0.0005251566999831597,soft_failure_loss,False,False,1,1,7d1b2a7bc070
2026-07-10,US.META,LONG,False,-1,-1,-1,-1,-1,-1,True,,,0.0,0.0,no_entry,False,False,1,1,7d1b2a7bc070
2026-07-10,US.META,SHORT,False,-1,-1,-1,-1,-1,-1,True,,,0.0,0.0,no_entry,False,False,1,1,7d1b2a7bc070
2026-07-10,US.MSFT,LONG,False,-1,-1,-1,-1,-1,-1,True,,,0.0,0.0,no_entry,False,False,1,1,7d1b2a7bc070
2026-07-10,US.MSFT,SHORT,False,-1,-1,-1,-1,-1,-1,True,,,0.0,0.0,no_entry,False,False,1,1,7d1b2a7bc070
2026-07-10,US.MU,LONG,True,33,37,603,603,607,607,True,980.15,978.87,-1.2799999999999727,-0.0013059225628730018,soft_failure_loss,False,False,1,1,7d1b2a7bc070
2026-07-10,US.MU,SHORT,False,-1,-1,-1,-1,-1,-1,True,,,0.0,0.0,no_entry,False,False,1,1,7d1b2a7bc070
2026-07-10,US.NVDA,LONG,True,99,375,669,669,-1,945,True,206.578844533,209.405681388,2.8268368550000105,0.013684057829786324,scheduled_flatten,True,False,1,1,7d1b2a7bc070
2026-07-10,US.NVDA,SHORT,False,-1,-1,-1,-1,-1,-1,True,,,0.0,0.0,no_entry,False,False,1,1,7d1b2a7bc070
2026-07-10,US.QQQ,LONG,True,20,21,590,590,591,591,True,723.31,723.0,-0.30999999999994543,-0.0004285852539021242,soft_failure_loss,False,False,1,1,7d1b2a7bc070
2026-07-10,US.QQQ,SHORT,False,-1,-1,-1,-1,-1,-1,True,,,0.0,0.0,no_entry,False,False,1,1,7d1b2a7bc070
2026-07-10,US.SPY,LONG,True,33,35,603,603,605,605,True,753.32,753.12,-0.20000000000004547,-0.0002654914246270449,soft_failure_loss,False,False,1,1,7d1b2a7bc070
2026-07-10,US.SPY,SHORT,True,64,65,634,634,635,635,True,750.64,750.98,-0.34000000000003183,-0.0004529468187147392,soft_failure_loss,False,False,1,1,7d1b2a7bc070
2026-07-10,US.TSLA,LONG,False,-1,-1,-1,-1,-1,-1,True,,,0.0,0.0,no_entry,False,False,1,1,7d1b2a7bc070
2026-07-10,US.TSLA,SHORT,False,-1,-1,-1,-1,-1,-1,True,,,0.0,0.0,no_entry,False,False,1,1,7d1b2a7bc070
2026-07-13,US.AAPL,LONG,False,-1,-1,-1,-1,-1,-1,True,,,0.0,0.0,no_entry,False,False,1,1,7d1b2a7bc070
2026-07-13,US.AAPL,SHORT,False,-1,-1,-1,-1,-1,-1,True,,,0.0,0.0,no_entry,False,False,1,1,7d1b2a7bc070
2026-07-13,US.AMD,LONG,False,-1,-1,-1,-1,-1,-1,True,,,0.0,0.0,no_entry,False,False,1,1,7d1b2a7bc070
2026-07-13,US.AMD,SHORT,False,-1,-1,-1,-1,-1,-1,True,,,0.0,0.0,no_entry,False,False,1,1,7d1b2a7bc070
2026-07-13,US.IWM,LONG,False,-1,-1,-1,-1,-1,-1,True,,,0.0,0.0,no_entry,False,False,1,1,7d1b2a7bc070
2026-07-13,US.IWM,SHORT,True,46,55,616,616,625,625,True,294.3,294.48,-0.18000000000000682,-0.0006116207951070568,failed_followthrough,False,False,1,1,7d1b2a7bc070
2026-07-13,US.META,LONG,False,-1,-1,-1,-1,-1,-1,True,,,0.0,0.0,no_entry,False,False,1,1,7d1b2a7bc070
2026-07-13,US.META,SHORT,False,-1,-1,-1,-1,-1,-1,True,,,0.0,0.0,no_entry,False,False,1,1,7d1b2a7bc070
2026-07-13,US.MSFT,LONG,False,-1,-1,-1,-1,-1,-1,True,,,0.0,0.0,no_entry,False,False,1,1,7d1b2a7bc070
2026-07-13,US.MSFT,SHORT,False,-1,-1,-1,-1,-1,-1,True,,,0.0,0.0,no_entry,False,False,1,1,7d1b2a7bc070
2026-07-13,US.MU,LONG,False,-1,-1,-1,-1,-1,-1,True,,,0.0,0.0,no_entry,False,False,1,1,7d1b2a7bc070
2026-07-13,US.MU,SHORT,False,-1,-1,-1,-1,-1,-1,True,,,0.0,0.0,no_entry,False,False,1,1,7d1b2a7bc070
2026-07-13,US.NVDA,LONG,False,-1,-1,-1,-1,-1,-1,True,,,0.0,0.0,no_entry,False,False,1,1,7d1b2a7bc070
2026-07-13,US.NVDA,SHORT,False,-1,-1,-1,-1,-1,-1,True,,,0.0,0.0,no_entry,False,False,1,1,7d1b2a7bc070
2026-07-13,US.QQQ,LONG,False,-1,-1,-1,-1,-1,-1,True,,,0.0,0.0,no_entry,False,False,1,1,7d1b2a7bc070
2026-07-13,US.QQQ,SHORT,True,23,26,593,593,596,596,True,713.67,713.83,-0.16000000000008185,-0.00022419325458556736,soft_failure_loss,False,False,1,1,7d1b2a7bc070
2026-07-13,US.SPY,LONG,False,-1,-1,-1,-1,-1,-1,True,,,0.0,0.0,no_entry,False,False,1,1,7d1b2a7bc070
2026-07-13,US.SPY,SHORT,True,22,23,592,592,593,593,True,752.01,752.41,-0.39999999999997726,-0.0005319078203746988,soft_failure_loss,False,False,1,1,7d1b2a7bc070
2026-07-13,US.TSLA,LONG,False,-1,-1,-1,-1,-1,-1,True,,,0.0,0.0,no_entry,False,False,1,1,7d1b2a7bc070
2026-07-13,US.TSLA,SHORT,True,33,34,603,603,604,604,True,394.69,395.495,-0.8050000000000068,-0.0020395753629430867,soft_failure_loss,False,False,1,1,7d1b2a7bc070
2026-07-14,US.AAPL,LONG,False,-1,-1,-1,-1,-1,-1,True,,,0.0,0.0,no_entry,False,False,1,1,7d1b2a7bc070
2026-07-14,US.AAPL,SHORT,False,-1,-1,-1,-1,-1,-1,True,,,0.0,0.0,no_entry,False,False,1,1,7d1b2a7bc070
2026-07-14,US.AMD,LONG,False,-1,-1,-1,-1,-1,-1,True,,,0.0,0.0,no_entry,False,False,1,1,7d1b2a7bc070
2026-07-14,US.AMD,SHORT,False,-1,-1,-1,-1,-1,-1,True,,,0.0,0.0,no_entry,False,False,1,1,7d1b2a7bc070
2026-07-14,US.IWM,LONG,False,-1,-1,-1,-1,-1,-1,True,,,0.0,0.0,no_entry,False,False,1,1,7d1b2a7bc070
2026-07-14,US.IWM,SHORT,True,75,79,645,645,649,649,True,294.4,294.52,-0.12000000000000455,-0.0004076086956521894,soft_failure_loss,False,False,1,1,7d1b2a7bc070
2026-07-14,US.META,LONG,True,75,76,645,645,646,646,True,661.3801,660.9549,-0.425200000000018,-0.0006428980853823966,soft_failure_loss,False,False,1,1,7d1b2a7bc070
2026-07-14,US.META,SHORT,False,-1,-1,-1,-1,-1,-1,True,,,0.0,0.0,no_entry,False,False,1,1,7d1b2a7bc070
2026-07-14,US.MSFT,LONG,False,-1,-1,-1,-1,-1,-1,True,,,0.0,0.0,no_entry,False,False,1,1,7d1b2a7bc070
2026-07-14,US.MSFT,SHORT,False,-1,-1,-1,-1,-1,-1,True,,,0.0,0.0,no_entry,False,False,1,1,7d1b2a7bc070
2026-07-14,US.MU,LONG,False,-1,-1,-1,-1,-1,-1,True,,,0.0,0.0,no_entry,False,False,1,1,7d1b2a7bc070
2026-07-14,US.MU,SHORT,True,77,82,647,647,652,652,True,961.27,964.5401,-3.2701000000000704,-0.003401853797580358,soft_failure_loss,False,False,1,1,7d1b2a7bc070
2026-07-14,US.NVDA,LONG,False,-1,-1,-1,-1,-1,-1,True,,,0.0,0.0,no_entry,False,False,1,1,7d1b2a7bc070
2026-07-14,US.NVDA,SHORT,False,-1,-1,-1,-1,-1,-1,True,,,0.0,0.0,no_entry,False,False,1,1,7d1b2a7bc070
2026-07-14,US.QQQ,LONG,False,-1,-1,-1,-1,-1,-1,True,,,0.0,0.0,no_entry,False,False,1,1,7d1b2a7bc070
2026-07-14,US.QQQ,SHORT,True,37,43,607,607,613,613,True,717.02,717.05,-0.029999999999972715,-4.183983710352949e-05,failed_followthrough,False,False,1,1,7d1b2a7bc070
2026-07-14,US.SPY,LONG,True,16,17,586,586,587,587,True,751.69,751.3,-0.39000000000010004,-0.0005188309010364645,soft_failure_loss,False,False,1,1,7d1b2a7bc070
2026-07-14,US.SPY,SHORT,True,49,50,619,619,620,620,True,749.35,749.8483,-0.498299999999972,-0.0006649763128043931,soft_failure_loss,False,False,1,1,7d1b2a7bc070
2026-07-14,US.TSLA,LONG,False,-1,-1,-1,-1,-1,-1,True,,,0.0,0.0,no_entry,False,False,1,1,7d1b2a7bc070
2026-07-14,US.TSLA,SHORT,True,143,144,713,713,714,714,True,396.34,396.58,-0.2400000000000091,-0.0006055406973810595,soft_failure_loss,False,False,1,1,7d1b2a7bc070
2026-07-15,US.AAPL,LONG,False,-1,-1,-1,-1,-1,-1,True,,,0.0,0.0,no_entry,False,False,1,1,7d1b2a7bc070
2026-07-15,US.AAPL,SHORT,False,-1,-1,-1,-1,-1,-1,True,,,0.0,0.0,no_entry,False,False,1,1,7d1b2a7bc070
2026-07-15,US.AMD,LONG,False,-1,-1,-1,-1,-1,-1,True,,,0.0,0.0,no_entry,False,False,1,1,7d1b2a7bc070
2026-07-15,US.AMD,SHORT,True,30,257,600,600,827,827,True,546.86,529.19,17.66999999999996,0.03231174340781911,trailing,False,False,1,1,7d1b2a7bc070
2026-07-15,US.IWM,LONG,False,-1,-1,-1,-1,-1,-1,True,,,0.0,0.0,no_entry,False,False,1,1,7d1b2a7bc070
2026-07-15,US.IWM,SHORT,False,-1,-1,-1,-1,-1,-1,True,,,0.0,0.0,no_entry,False,False,1,1,7d1b2a7bc070
2026-07-15,US.META,LONG,False,-1,-1,-1,-1,-1,-1,True,,,0.0,0.0,no_entry,False,False,1,1,7d1b2a7bc070
2026-07-15,US.META,SHORT,False,-1,-1,-1,-1,-1,-1,True,,,0.0,0.0,no_entry,False,False,1,1,7d1b2a7bc070
2026-07-15,US.MSFT,LONG,False,-1,-1,-1,-1,-1,-1,True,,,0.0,0.0,no_entry,False,False,1,1,7d1b2a7bc070
2026-07-15,US.MSFT,SHORT,False,-1,-1,-1,-1,-1,-1,True,,,0.0,0.0,no_entry,False,False,1,1,7d1b2a7bc070
2026-07-15,US.MU,LONG,False,-1,-1,-1,-1,-1,-1,True,,,0.0,0.0,no_entry,False,False,1,1,7d1b2a7bc070
2026-07-15,US.MU,SHORT,True,21,26,591,591,596,596,True,952.79,952.965,-0.1750000000000682,-0.00018367111325692779,failed_followthrough,False,False,1,1,7d1b2a7bc070
2026-07-15,US.NVDA,LONG,False,-1,-1,-1,-1,-1,-1,True,,,0.0,0.0,no_entry,False,False,1,1,7d1b2a7bc070
2026-07-15,US.NVDA,SHORT,True,52,263,622,622,833,833,True,210.844071873,209.475603148,1.3684687249999854,0.006490430168813426,trailing,False,False,1,1,7d1b2a7bc070
2026-07-15,US.QQQ,LONG,False,-1,-1,-1,-1,-1,-1,True,,,0.0,0.0,no_entry,False,False,1,1,7d1b2a7bc070
2026-07-15,US.QQQ,SHORT,True,17,30,587,587,600,600,True,720.33,720.69,-0.36000000000001364,-0.0004997709383199556,soft_failure_loss,False,False,1,1,7d1b2a7bc070
2026-07-15,US.SPY,LONG,False,-1,-1,-1,-1,-1,-1,True,,,0.0,0.0,no_entry,False,False,1,1,7d1b2a7bc070
2026-07-15,US.SPY,SHORT,True,21,23,591,591,593,593,True,753.33,753.769,-0.43899999999996453,-0.0005827459413536756,soft_failure_loss,False,False,1,1,7d1b2a7bc070
2026-07-15,US.TSLA,LONG,False,-1,-1,-1,-1,-1,-1,True,,,0.0,0.0,no_entry,False,False,1,1,7d1b2a7bc070
2026-07-15,US.TSLA,SHORT,False,-1,-1,-1,-1,-1,-1,True,,,0.0,0.0,no_entry,False,False,1,1,7d1b2a7bc070
2026-07-16,US.AAPL,LONG,True,34,37,604,604,607,607,True,329.505815999,328.546643243,-0.9591727559999867,-0.002910943326119918,soft_failure_loss,False,False,1,1,7d1b2a7bc070
2026-07-16,US.AAPL,SHORT,False,-1,-1,-1,-1,-1,-1,True,,,0.0,0.0,no_entry,False,False,1,1,7d1b2a7bc070
2026-07-16,US.AMD,LONG,False,-1,-1,-1,-1,-1,-1,True,,,0.0,0.0,no_entry,False,False,1,1,7d1b2a7bc070
2026-07-16,US.AMD,SHORT,True,83,88,653,653,658,658,True,507.305,508.19,-0.8849999999999909,-0.0017445126698928473,soft_failure_loss,False,False,1,1,7d1b2a7bc070
2026-07-16,US.IWM,LONG,True,25,26,595,595,596,596,True,296.31,296.24,-0.06999999999999318,-0.00023623907394280713,soft_failure_loss,False,False,1,1,7d1b2a7bc070
2026-07-16,US.IWM,SHORT,False,-1,-1,-1,-1,-1,-1,True,,,0.0,0.0,no_entry,False,False,1,1,7d1b2a7bc070
2026-07-16,US.META,LONG,False,-1,-1,-1,-1,-1,-1,True,,,0.0,0.0,no_entry,False,False,1,1,7d1b2a7bc070
2026-07-16,US.META,SHORT,False,-1,-1,-1,-1,-1,-1,True,,,0.0,0.0,no_entry,False,False,1,1,7d1b2a7bc070
2026-07-16,US.MSFT,LONG,False,-1,-1,-1,-1,-1,-1,True,,,0.0,0.0,no_entry,False,False,1,1,7d1b2a7bc070
2026-07-16,US.MSFT,SHORT,False,-1,-1,-1,-1,-1,-1,True,,,0.0,0.0,no_entry,False,False,1,1,7d1b2a7bc070
2026-07-16,US.MU,LONG,False,-1,-1,-1,-1,-1,-1,True,,,0.0,0.0,no_entry,False,False,1,1,7d1b2a7bc070
2026-07-16,US.MU,SHORT,True,16,30,586,586,600,600,True,863.81,866.59,-2.7800000000000864,-0.0032183003206724702,soft_failure_loss,False,False,1,1,7d1b2a7bc070
2026-07-16,US.NVDA,LONG,False,-1,-1,-1,-1,-1,-1,True,,,0.0,0.0,no_entry,False,False,1,1,7d1b2a7bc070
2026-07-16,US.NVDA,SHORT,False,-1,-1,-1,-1,-1,-1,True,,,0.0,0.0,no_entry,False,False,1,1,7d1b2a7bc070
2026-07-16,US.QQQ,LONG,False,-1,-1,-1,-1,-1,-1,True,,,0.0,0.0,no_entry,False,False,1,1,7d1b2a7bc070
2026-07-16,US.QQQ,SHORT,True,28,29,598,598,599,599,True,708.09,708.938,-0.8479999999999563,-0.0011975878772471809,soft_failure_loss,False,False,1,1,7d1b2a7bc070
2026-07-16,US.SPY,LONG,True,118,119,688,688,689,689,True,754.1,753.67,-0.43000000000006366,-0.0005702161517041024,soft_failure_loss,False,False,1,1,7d1b2a7bc070
2026-07-16,US.SPY,SHORT,True,20,21,590,590,591,591,True,751.045,751.66,-0.6150000000000091,-0.000818859056381454,soft_failure_loss,False,False,1,1,7d1b2a7bc070
2026-07-16,US.TSLA,LONG,False,-1,-1,-1,-1,-1,-1,True,,,0.0,0.0,no_entry,False,False,1,1,7d1b2a7bc070
2026-07-16,US.TSLA,SHORT,True,20,23,590,590,593,593,True,386.38,386.83,-0.44999999999998863,-0.0011646565557223165,soft_failure_loss,False,False,1,1,7d1b2a7bc070
2026-07-17,US.AAPL,LONG,False,-1,-1,-1,-1,-1,-1,True,,,0.0,0.0,no_entry,False,False,1,1,7d1b2a7bc070
2026-07-17,US.AAPL,SHORT,False,-1,-1,-1,-1,-1,-1,True,,,0.0,0.0,no_entry,False,False,1,1,7d1b2a7bc070
2026-07-17,US.AMD,LONG,False,-1,-1,-1,-1,-1,-1,True,,,0.0,0.0,no_entry,False,False,1,1,7d1b2a7bc070
2026-07-17,US.AMD,SHORT,False,-1,-1,-1,-1,-1,-1,True,,,0.0,0.0,no_entry,False,False,1,1,7d1b2a7bc070
2026-07-17,US.IWM,LONG,True,146,148,716,716,718,718,True,294.31,294.24,-0.06999999999999318,-0.00023784444972985348,soft_failure_loss,False,False,1,1,7d1b2a7bc070
2026-07-17,US.IWM,SHORT,False,-1,-1,-1,-1,-1,-1,True,,,0.0,0.0,no_entry,False,False,1,1,7d1b2a7bc070
2026-07-17,US.META,LONG,False,-1,-1,-1,-1,-1,-1,True,,,0.0,0.0,no_entry,False,False,1,1,7d1b2a7bc070
2026-07-17,US.META,SHORT,False,-1,-1,-1,-1,-1,-1,True,,,0.0,0.0,no_entry,False,False,1,1,7d1b2a7bc070
2026-07-17,US.MSFT,LONG,False,-1,-1,-1,-1,-1,-1,True,,,0.0,0.0,no_entry,False,False,1,1,7d1b2a7bc070
2026-07-17,US.MSFT,SHORT,True,35,53,605,605,623,623,True,392.411286089,392.590947876,-0.17966178699998636,-0.0004578405192944388,failed_followthrough,False,False,1,1,7d1b2a7bc070
2026-07-17,US.MU,LONG,True,121,122,691,691,692,692,True,858.42,855.61,-2.8099999999999454,-0.0032734558840660116,soft_failure_loss,False,False,1,1,7d1b2a7bc070
2026-07-17,US.MU,SHORT,False,-1,-1,-1,-1,-1,-1,True,,,0.0,0.0,no_entry,False,False,1,1,7d1b2a7bc070
2026-07-17,US.NVDA,LONG,False,-1,-1,-1,-1,-1,-1,True,,,0.0,0.0,no_entry,False,False,1,1,7d1b2a7bc070
2026-07-17,US.NVDA,SHORT,False,-1,-1,-1,-1,-1,-1,True,,,0.0,0.0,no_entry,False,False,1,1,7d1b2a7bc070
2026-07-17,US.QQQ,LONG,True,120,126,690,690,696,696,True,695.135,695.05,-0.08500000000003638,-0.00012227840635277518,failed_followthrough,False,False,1,1,7d1b2a7bc070
2026-07-17,US.QQQ,SHORT,False,-1,-1,-1,-1,-1,-1,True,,,0.0,0.0,no_entry,False,False,1,1,7d1b2a7bc070
2026-07-17,US.SPY,LONG,True,118,126,688,688,696,696,True,744.94,744.7499,-0.19010000000002947,-0.0002551883373157965,failed_followthrough,False,False,1,1,7d1b2a7bc070
2026-07-17,US.SPY,SHORT,False,-1,-1,-1,-1,-1,-1,True,,,0.0,0.0,no_entry,False,False,1,1,7d1b2a7bc070
2026-07-17,US.TSLA,LONG,False,-1,-1,-1,-1,-1,-1,True,,,0.0,0.0,no_entry,False,False,1,1,7d1b2a7bc070
2026-07-17,US.TSLA,SHORT,False,-1,-1,-1,-1,-1,-1,True,,,0.0,0.0,no_entry,False,False,1,1,7d1b2a7bc070
2026-07-20,US.AAPL,LONG,False,-1,-1,-1,-1,-1,-1,True,,,0.0,0.0,no_entry,False,False,1,1,7d1b2a7bc070
2026-07-20,US.AAPL,SHORT,False,-1,-1,-1,-1,-1,-1,True,,,0.0,0.0,no_entry,False,False,1,1,7d1b2a7bc070
2026-07-20,US.AMD,LONG,False,-1,-1,-1,-1,-1,-1,True,,,0.0,0.0,no_entry,False,False,1,1,7d1b2a7bc070
2026-07-20,US.AMD,SHORT,False,-1,-1,-1,-1,-1,-1,True,,,0.0,0.0,no_entry,False,False,1,1,7d1b2a7bc070
2026-07-20,US.IWM,LONG,False,-1,-1,-1,-1,-1,-1,True,,,0.0,0.0,no_entry,False,False,1,1,7d1b2a7bc070
2026-07-20,US.IWM,SHORT,True,30,375,600,600,-1,945,True,294.72,293.015,1.705000000000041,0.005785152008686349,scheduled_flatten,True,False,1,1,7d1b2a7bc070
2026-07-20,US.META,LONG,False,-1,-1,-1,-1,-1,-1,True,,,0.0,0.0,no_entry,False,False,1,1,7d1b2a7bc070
2026-07-20,US.META,SHORT,True,34,36,604,604,606,606,True,638.415,639.045,-0.6299999999999955,-0.0009868189187284063,soft_failure_loss,False,False,1,1,7d1b2a7bc070
2026-07-20,US.MSFT,LONG,False,-1,-1,-1,-1,-1,-1,True,,,0.0,0.0,no_entry,False,False,1,1,7d1b2a7bc070
2026-07-20,US.MSFT,SHORT,False,-1,-1,-1,-1,-1,-1,True,,,0.0,0.0,no_entry,False,False,1,1,7d1b2a7bc070
2026-07-20,US.MU,LONG,False,-1,-1,-1,-1,-1,-1,True,,,0.0,0.0,no_entry,False,False,1,1,7d1b2a7bc070
2026-07-20,US.MU,SHORT,True,29,30,599,599,600,600,True,877.34,881.64,-4.2999999999999545,-0.004901178562472877,soft_failure_loss,False,False,1,1,7d1b2a7bc070
2026-07-20,US.NVDA,LONG,False,-1,-1,-1,-1,-1,-1,True,,,0.0,0.0,no_entry,False,False,1,1,7d1b2a7bc070
2026-07-20,US.NVDA,SHORT,False,-1,-1,-1,-1,-1,-1,True,,,0.0,0.0,no_entry,False,False,1,1,7d1b2a7bc070
2026-07-20,US.QQQ,LONG,False,-1,-1,-1,-1,-1,-1,True,,,0.0,0.0,no_entry,False,False,1,1,7d1b2a7bc070
2026-07-20,US.QQQ,SHORT,True,36,60,606,606,630,630,True,701.32,701.88,-0.5599999999999454,-0.0007984942679517843,failed_followthrough,False,False,1,1,7d1b2a7bc070
2026-07-20,US.SPY,LONG,False,-1,-1,-1,-1,-1,-1,True,,,0.0,0.0,no_entry,False,False,1,1,7d1b2a7bc070
2026-07-20,US.SPY,SHORT,True,139,141,709,709,711,711,True,745.25,745.39,-0.13999999999998636,-0.00018785642401876733,soft_failure_loss,False,False,1,1,7d1b2a7bc070
2026-07-20,US.TSLA,LONG,False,-1,-1,-1,-1,-1,-1,True,,,0.0,0.0,no_entry,False,False,1,1,7d1b2a7bc070
2026-07-20,US.TSLA,SHORT,True,20,375,590,590,-1,945,True,380.36,371.52,8.840000000000032,0.023241139972657567,scheduled_flatten,True,False,1,1,7d1b2a7bc070
2026-07-21,US.AAPL,LONG,False,-1,-1,-1,-1,-1,-1,True,,,0.0,0.0,no_entry,False,False,1,1,7d1b2a7bc070
2026-07-21,US.AAPL,SHORT,False,-1,-1,-1,-1,-1,-1,True,,,0.0,0.0,no_entry,False,False,1,1,7d1b2a7bc070
2026-07-21,US.AMD,LONG,True,22,25,592,592,595,595,True,533.285,530.6,-2.6849999999999454,-0.005034831281584792,soft_failure_loss,False,False,1,1,7d1b2a7bc070
2026-07-21,US.AMD,SHORT,False,-1,-1,-1,-1,-1,-1,True,,,0.0,0.0,no_entry,False,False,1,1,7d1b2a7bc070
2026-07-21,US.IWM,LONG,False,-1,-1,-1,-1,-1,-1,True,,,0.0,0.0,no_entry,False,False,1,1,7d1b2a7bc070
2026-07-21,US.IWM,SHORT,False,-1,-1,-1,-1,-1,-1,True,,,0.0,0.0,no_entry,False,False,1,1,7d1b2a7bc070
2026-07-21,US.META,LONG,False,-1,-1,-1,-1,-1,-1,True,,,0.0,0.0,no_entry,False,False,1,1,7d1b2a7bc070
2026-07-21,US.META,SHORT,False,-1,-1,-1,-1,-1,-1,True,,,0.0,0.0,no_entry,False,False,1,1,7d1b2a7bc070
2026-07-21,US.MSFT,LONG,False,-1,-1,-1,-1,-1,-1,True,,,0.0,0.0,no_entry,False,False,1,1,7d1b2a7bc070
2026-07-21,US.MSFT,SHORT,False,-1,-1,-1,-1,-1,-1,True,,,0.0,0.0,no_entry,False,False,1,1,7d1b2a7bc070
2026-07-21,US.MU,LONG,False,-1,-1,-1,-1,-1,-1,True,,,0.0,0.0,no_entry,False,False,1,1,7d1b2a7bc070
2026-07-21,US.MU,SHORT,False,-1,-1,-1,-1,-1,-1,True,,,0.0,0.0,no_entry,False,False,1,1,7d1b2a7bc070
2026-07-21,US.NVDA,LONG,False,-1,-1,-1,-1,-1,-1,True,,,0.0,0.0,no_entry,False,False,1,1,7d1b2a7bc070
2026-07-21,US.NVDA,SHORT,True,145,154,715,715,724,724,True,205.779738708,205.884621348,-0.10488263999999958,-0.0005096839983300169,soft_failure_loss,False,False,1,1,7d1b2a7bc070
2026-07-21,US.QQQ,LONG,False,-1,-1,-1,-1,-1,-1,True,,,0.0,0.0,no_entry,False,False,1,1,7d1b2a7bc070
2026-07-21,US.QQQ,SHORT,True,40,43,610,610,613,613,True,703.155,703.415,-0.2599999999999909,-0.00036976200126571083,soft_failure_loss,False,False,1,1,7d1b2a7bc070
2026-07-21,US.SPY,LONG,True,83,87,653,653,657,657,True,746.69,746.35,-0.34000000000003183,-0.000455342913391142,soft_failure_loss,False,False,1,1,7d1b2a7bc070
2026-07-21,US.SPY,SHORT,False,-1,-1,-1,-1,-1,-1,True,,,0.0,0.0,no_entry,False,False,1,1,7d1b2a7bc070
2026-07-21,US.TSLA,LONG,True,138,143,708,708,713,713,True,381.58,381.495,-0.08499999999997954,-0.0002227580061847569,failed_followthrough,False,False,1,1,7d1b2a7bc070
2026-07-21,US.TSLA,SHORT,False,-1,-1,-1,-1,-1,-1,True,,,0.0,0.0,no_entry,False,False,1,1,7d1b2a7bc070
2026-07-22,US.AAPL,LONG,False,-1,-1,-1,-1,-1,-1,True,,,0.0,0.0,no_entry,False,False,1,1,7d1b2a7bc070
2026-07-22,US.AAPL,SHORT,True,95,114,665,665,684,684,True,324.530107325,324.610038388,-0.07993106300000363,-0.00024629783553473773,failed_followthrough,False,False,1,1,7d1b2a7bc070
2026-07-22,US.AMD,LONG,True,42,44,612,612,614,614,True,549.515,548.94,-0.5749999999999318,-0.001046377259947284,soft_failure_loss,False,False,1,1,7d1b2a7bc070
2026-07-22,US.AMD,SHORT,False,-1,-1,-1,-1,-1,-1,True,,,0.0,0.0,no_entry,False,False,1,1,7d1b2a7bc070
2026-07-22,US.IWM,LONG,False,-1,-1,-1,-1,-1,-1,True,,,0.0,0.0,no_entry,False,False,1,1,7d1b2a7bc070
2026-07-22,US.IWM,SHORT,True,62,63,632,632,633,633,True,295.14,295.34,-0.19999999999998863,-0.0006776445076912267,soft_failure_loss,False,False,1,1,7d1b2a7bc070
2026-07-22,US.META,LONG,False,-1,-1,-1,-1,-1,-1,True,,,0.0,0.0,no_entry,False,False,1,1,7d1b2a7bc070
2026-07-22,US.META,SHORT,True,145,146,715,715,716,716,True,629.14,629.37,-0.2300000000000182,-0.0003655784086213215,soft_failure_loss,False,False,1,1,7d1b2a7bc070
2026-07-22,US.MSFT,LONG,False,-1,-1,-1,-1,-1,-1,True,,,0.0,0.0,no_entry,False,False,1,1,7d1b2a7bc070
2026-07-22,US.MSFT,SHORT,True,32,33,602,602,603,603,True,391.433127472,391.64273289,-0.2096054179999669,-0.0005354820614025837,soft_failure_loss,False,False,1,1,7d1b2a7bc070
2026-07-22,US.MU,LONG,True,23,40,593,593,610,610,True,965.06,964.19,-0.8699999999998909,-0.0009014983524339325,failed_followthrough,False,False,1,1,7d1b2a7bc070
2026-07-22,US.MU,SHORT,False,-1,-1,-1,-1,-1,-1,True,,,0.0,0.0,no_entry,False,False,1,1,7d1b2a7bc070
2026-07-22,US.NVDA,LONG,True,28,29,598,598,599,599,True,207.447872118,207.31302301,-0.1348491079999974,-0.0006500385211148025,soft_failure_loss,False,False,1,1,7d1b2a7bc070
2026-07-22,US.NVDA,SHORT,False,-1,-1,-1,-1,-1,-1,True,,,0.0,0.0,no_entry,False,False,1,1,7d1b2a7bc070
2026-07-22,US.QQQ,LONG,True,25,39,595,595,609,609,True,707.13,707.08,-0.049999999999954525,-7.070835631348482e-05,failed_followthrough,False,False,1,1,7d1b2a7bc070
2026-07-22,US.QQQ,SHORT,False,-1,-1,-1,-1,-1,-1,True,,,0.0,0.0,no_entry,False,False,1,1,7d1b2a7bc070
2026-07-22,US.SPY,LONG,True,25,46,595,595,616,616,True,748.13,748.0,-0.12999999999999545,-0.00017376659136780434,failed_followthrough,False,False,1,1,7d1b2a7bc070
2026-07-22,US.SPY,SHORT,False,-1,-1,-1,-1,-1,-1,True,,,0.0,0.0,no_entry,False,False,1,1,7d1b2a7bc070
2026-07-22,US.TSLA,LONG,True,17,18,587,587,588,588,True,379.27,378.97,-0.2999999999999545,-0.000790993223824596,soft_failure_loss,False,False,1,1,7d1b2a7bc070
2026-07-22,US.TSLA,SHORT,False,-1,-1,-1,-1,-1,-1,True,,,0.0,0.0,no_entry,False,False,1,1,7d1b2a7bc070
2026-07-23,US.AAPL,LONG,False,-1,-1,-1,-1,-1,-1,True,,,0.0,0.0,no_entry,False,False,1,1,7d1b2a7bc070
2026-07-23,US.AAPL,SHORT,True,17,33,587,587,603,603,True,320.273778218,320.59350247,-0.3197242519999577,-0.0009982841985344542,failed_followthrough,False,False,1,1,7d1b2a7bc070
2026-07-23,US.AMD,LONG,False,-1,-1,-1,-1,-1,-1,True,,,0.0,0.0,no_entry,False,False,1,1,7d1b2a7bc070
2026-07-23,US.AMD,SHORT,False,-1,-1,-1,-1,-1,-1,True,,,0.0,0.0,no_entry,False,False,1,1,7d1b2a7bc070
2026-07-23,US.IWM,LONG,False,-1,-1,-1,-1,-1,-1,True,,,0.0,0.0,no_entry,False,False,1,1,7d1b2a7bc070
2026-07-23,US.IWM,SHORT,False,-1,-1,-1,-1,-1,-1,True,,,0.0,0.0,no_entry,False,False,1,1,7d1b2a7bc070
2026-07-23,US.META,LONG,False,-1,-1,-1,-1,-1,-1,True,,,0.0,0.0,no_entry,False,False,1,1,7d1b2a7bc070
2026-07-23,US.META,SHORT,True,75,375,645,645,-1,945,True,605.568,604.31,1.2580000000000382,0.00207738850137398,scheduled_flatten,True,False,1,1,7d1b2a7bc070
2026-07-23,US.MSFT,LONG,False,-1,-1,-1,-1,-1,-1,True,,,0.0,0.0,no_entry,False,False,1,1,7d1b2a7bc070
2026-07-23,US.MSFT,SHORT,False,-1,-1,-1,-1,-1,-1,True,,,0.0,0.0,no_entry,False,False,1,1,7d1b2a7bc070
2026-07-23,US.MU,LONG,False,-1,-1,-1,-1,-1,-1,True,,,0.0,0.0,no_entry,False,False,1,1,7d1b2a7bc070
2026-07-23,US.MU,SHORT,False,-1,-1,-1,-1,-1,-1,True,,,0.0,0.0,no_entry,False,False,1,1,7d1b2a7bc070
2026-07-23,US.NVDA,LONG,False,-1,-1,-1,-1,-1,-1,True,,,0.0,0.0,no_entry,False,False,1,1,7d1b2a7bc070
2026-07-23,US.NVDA,SHORT,True,59,60,629,629,630,630,True,208.112128834,208.316899702,-0.2047708679999971,-0.0009839449009881205,soft_failure_loss,False,False,1,1,7d1b2a7bc070
2026-07-23,US.QQQ,LONG,False,-1,-1,-1,-1,-1,-1,True,,,0.0,0.0,no_entry,False,False,1,1,7d1b2a7bc070
2026-07-23,US.QQQ,SHORT,False,-1,-1,-1,-1,-1,-1,True,,,0.0,0.0,no_entry,False,False,1,1,7d1b2a7bc070
2026-07-23,US.SPY,LONG,False,-1,-1,-1,-1,-1,-1,True,,,0.0,0.0,no_entry,False,False,1,1,7d1b2a7bc070
2026-07-23,US.SPY,SHORT,False,-1,-1,-1,-1,-1,-1,True,,,0.0,0.0,no_entry,False,False,1,1,7d1b2a7bc070
2026-07-23,US.TSLA,LONG,False,-1,-1,-1,-1,-1,-1,True,,,0.0,0.0,no_entry,False,False,1,1,7d1b2a7bc070
2026-07-23,US.TSLA,SHORT,False,-1,-1,-1,-1,-1,-1,True,,,0.0,0.0,no_entry,False,False,1,1,7d1b2a7bc070
2026-07-24,US.AAPL,LONG,True,30,375,600,600,-1,945,True,326.578340815,332.468261023,5.889920208000035,0.018035244447936475,scheduled_flatten,True,False,1,1,7d1b2a7bc070
2026-07-24,US.AAPL,SHORT,False,-1,-1,-1,-1,-1,-1,True,,,0.0,0.0,no_entry,False,False,1,1,7d1b2a7bc070
2026-07-24,US.AMD,LONG,False,-1,-1,-1,-1,-1,-1,True,,,0.0,0.0,no_entry,False,False,1,1,7d1b2a7bc070
2026-07-24,US.AMD,SHORT,True,120,121,690,690,691,691,True,528.23,528.5175,-0.28750000000002274,-0.0005442704882343349,soft_failure_loss,False,False,1,1,7d1b2a7bc070
2026-07-24,US.IWM,LONG,False,-1,-1,-1,-1,-1,-1,True,,,0.0,0.0,no_entry,False,False,1,1,7d1b2a7bc070
2026-07-24,US.IWM,SHORT,True,24,105,594,594,675,675,True,291.87,292.71,-0.839999999999975,-0.0028779936272997396,trailing,False,False,1,1,7d1b2a7bc070
2026-07-24,US.META,LONG,True,108,110,678,678,680,680,True,607.79,607.09,-0.6999999999999318,-0.001151713585284279,soft_failure_loss,False,False,1,1,7d1b2a7bc070
2026-07-24,US.META,SHORT,True,25,27,595,595,597,597,True,601.94,603.17,-1.2299999999999045,-0.00204339302920541,soft_failure_loss,False,False,1,1,7d1b2a7bc070
2026-07-24,US.MSFT,LONG,False,-1,-1,-1,-1,-1,-1,True,,,0.0,0.0,no_entry,False,False,1,1,7d1b2a7bc070
2026-07-24,US.MSFT,SHORT,False,-1,-1,-1,-1,-1,-1,True,,,0.0,0.0,no_entry,False,False,1,1,7d1b2a7bc070
2026-07-24,US.MU,LONG,False,-1,-1,-1,-1,-1,-1,True,,,0.0,0.0,no_entry,False,False,1,1,7d1b2a7bc070
2026-07-24,US.MU,SHORT,True,21,375,591,591,-1,945,True,941.68,913.86,27.819999999999936,0.029542944524679232,scheduled_flatten,True,False,1,1,7d1b2a7bc070
2026-07-24,US.NVDA,LONG,False,-1,-1,-1,-1,-1,-1,True,,,0.0,0.0,no_entry,False,False,1,1,7d1b2a7bc070
2026-07-24,US.NVDA,SHORT,True,30,31,600,600,601,601,True,206.059425747,206.728676875,-0.6692511279999849,-0.0032478549601593675,soft_failure_loss,False,False,1,1,7d1b2a7bc070
2026-07-24,US.QQQ,LONG,False,-1,-1,-1,-1,-1,-1,True,,,0.0,0.0,no_entry,False,False,1,1,7d1b2a7bc070
2026-07-24,US.QQQ,SHORT,True,36,38,606,606,608,608,True,686.36,686.82,-0.4600000000000364,-0.0006702022262370132,soft_failure_loss,False,False,1,1,7d1b2a7bc070
2026-07-24,US.SPY,LONG,True,20,21,590,590,591,591,True,739.81,738.98,-0.8299999999999272,-0.001121909679512209,soft_failure_loss,False,False,1,1,7d1b2a7bc070
2026-07-24,US.SPY,SHORT,True,23,31,593,593,601,601,True,738.02,738.2,-0.18000000000006366,-0.00024389582938140386,soft_failure_loss,False,False,1,1,7d1b2a7bc070
2026-07-24,US.TSLA,LONG,False,-1,-1,-1,-1,-1,-1,True,,,0.0,0.0,no_entry,False,False,1,1,7d1b2a7bc070
2026-07-24,US.TSLA,SHORT,True,28,31,598,598,601,601,True,316.075,316.87,-0.7950000000000159,-0.0025152258166574893,soft_failure_loss,False,False,1,1,7d1b2a7bc070
2026-07-27,US.AAPL,LONG,True,79,83,649,649,653,653,True,337.009344542,336.591205168,-0.4181393740000203,-0.0012407352519209136,soft_failure_loss,False,False,1,1,7d1b2a7bc070
2026-07-27,US.AAPL,SHORT,False,-1,-1,-1,-1,-1,-1,True,,,0.0,0.0,no_entry,False,False,1,1,7d1b2a7bc070
2026-07-27,US.AMD,LONG,False,-1,-1,-1,-1,-1,-1,True,,,0.0,0.0,no_entry,False,False,1,1,7d1b2a7bc070
2026-07-27,US.AMD,SHORT,False,-1,-1,-1,-1,-1,-1,True,,,0.0,0.0,no_entry,False,False,1,1,7d1b2a7bc070
2026-07-27,US.IWM,LONG,False,-1,-1,-1,-1,-1,-1,True,,,0.0,0.0,no_entry,False,False,1,1,7d1b2a7bc070
2026-07-27,US.IWM,SHORT,False,-1,-1,-1,-1,-1,-1,True,,,0.0,0.0,no_entry,False,False,1,1,7d1b2a7bc070
2026-07-27,US.META,LONG,False,-1,-1,-1,-1,-1,-1,True,,,0.0,0.0,no_entry,False,False,1,1,7d1b2a7bc070
2026-07-27,US.META,SHORT,False,-1,-1,-1,-1,-1,-1,True,,,0.0,0.0,no_entry,False,False,1,1,7d1b2a7bc070
2026-07-27,US.MSFT,LONG,True,45,50,615,615,620,620,True,391.722582573,391.013916636,-0.7086659370000348,-0.0018091015645440107,soft_failure_loss,False,False,1,1,7d1b2a7bc070
2026-07-27,US.MSFT,SHORT,False,-1,-1,-1,-1,-1,-1,True,,,0.0,0.0,no_entry,False,False,1,1,7d1b2a7bc070
2026-07-27,US.MU,LONG,False,-1,-1,-1,-1,-1,-1,True,,,0.0,0.0,no_entry,False,False,1,1,7d1b2a7bc070
2026-07-27,US.MU,SHORT,False,-1,-1,-1,-1,-1,-1,True,,,0.0,0.0,no_entry,False,False,1,1,7d1b2a7bc070
2026-07-27,US.NVDA,LONG,False,-1,-1,-1,-1,-1,-1,True,,,0.0,0.0,no_entry,False,False,1,1,7d1b2a7bc070
2026-07-27,US.NVDA,SHORT,False,-1,-1,-1,-1,-1,-1,True,,,0.0,0.0,no_entry,False,False,1,1,7d1b2a7bc070
2026-07-27,US.QQQ,LONG,False,-1,-1,-1,-1,-1,-1,True,,,0.0,0.0,no_entry,False,False,1,1,7d1b2a7bc070
2026-07-27,US.QQQ,SHORT,False,-1,-1,-1,-1,-1,-1,True,,,0.0,0.0,no_entry,False,False,1,1,7d1b2a7bc070
2026-07-27,US.SPY,LONG,False,-1,-1,-1,-1,-1,-1,True,,,0.0,0.0,no_entry,False,False,1,1,7d1b2a7bc070
2026-07-27,US.SPY,SHORT,False,-1,-1,-1,-1,-1,-1,True,,,0.0,0.0,no_entry,False,False,1,1,7d1b2a7bc070
2026-07-27,US.TSLA,LONG,False,-1,-1,-1,-1,-1,-1,True,,,0.0,0.0,no_entry,False,False,1,1,7d1b2a7bc070
2026-07-27,US.TSLA,SHORT,True,109,110,679,679,680,680,True,308.2,308.525,-0.32499999999998863,-0.001054510058403597,soft_failure_loss,False,False,1,1,7d1b2a7bc070
2026-07-28,US.AAPL,LONG,False,-1,-1,-1,-1,-1,-1,True,,,0.0,0.0,no_entry,False,False,1,1,7d1b2a7bc070
2026-07-28,US.AAPL,SHORT,False,-1,-1,-1,-1,-1,-1,True,,,0.0,0.0,no_entry,False,False,1,1,7d1b2a7bc070
2026-07-28,US.AMD,LONG,False,-1,-1,-1,-1,-1,-1,True,,,0.0,0.0,no_entry,False,False,1,1,7d1b2a7bc070
2026-07-28,US.AMD,SHORT,True,102,103,672,672,673,673,True,449.69,451.45,-1.759999999999991,-0.003913807289466056,soft_failure_loss,False,False,1,1,7d1b2a7bc070
2026-07-28,US.IWM,LONG,False,-1,-1,-1,-1,-1,-1,True,,,0.0,0.0,no_entry,False,False,1,1,7d1b2a7bc070
2026-07-28,US.IWM,SHORT,False,-1,-1,-1,-1,-1,-1,True,,,0.0,0.0,no_entry,False,False,1,1,7d1b2a7bc070
2026-07-28,US.META,LONG,False,-1,-1,-1,-1,-1,-1,True,,,0.0,0.0,no_entry,False,False,1,1,7d1b2a7bc070
2026-07-28,US.META,SHORT,True,25,27,595,595,597,597,True,593.27,593.6,-0.3300000000000409,-0.0005562391491227282,soft_failure_loss,False,False,1,1,7d1b2a7bc070
2026-07-28,US.MSFT,LONG,False,-1,-1,-1,-1,-1,-1,True,,,0.0,0.0,no_entry,False,False,1,1,7d1b2a7bc070
2026-07-28,US.MSFT,SHORT,False,-1,-1,-1,-1,-1,-1,True,,,0.0,0.0,no_entry,False,False,1,1,7d1b2a7bc070
2026-07-28,US.MU,LONG,False,-1,-1,-1,-1,-1,-1,True,,,0.0,0.0,no_entry,False,False,1,1,7d1b2a7bc070
2026-07-28,US.MU,SHORT,True,31,35,601,601,605,605,True,812.64,815.54,-2.8999999999999773,-0.0035686158692655756,soft_failure_loss,False,False,1,1,7d1b2a7bc070
2026-07-28,US.NVDA,LONG,False,-1,-1,-1,-1,-1,-1,True,,,0.0,0.0,no_entry,False,False,1,1,7d1b2a7bc070
2026-07-28,US.NVDA,SHORT,True,25,27,595,595,597,597,True,193.213799613,193.753196045,-0.539396432000018,-0.002791707595836368,soft_failure_loss,False,False,1,1,7d1b2a7bc070
2026-07-28,US.QQQ,LONG,False,-1,-1,-1,-1,-1,-1,True,,,0.0,0.0,no_entry,False,False,1,1,7d1b2a7bc070
2026-07-28,US.QQQ,SHORT,True,38,66,608,608,636,636,True,670.7998,670.958,-0.15819999999996526,-0.00023583787592060292,failed_followthrough,False,False,1,1,7d1b2a7bc070
2026-07-28,US.SPY,LONG,False,-1,-1,-1,-1,-1,-1,True,,,0.0,0.0,no_entry,False,False,1,1,7d1b2a7bc070
2026-07-28,US.SPY,SHORT,False,-1,-1,-1,-1,-1,-1,True,,,0.0,0.0,no_entry,False,False,1,1,7d1b2a7bc070
2026-07-28,US.TSLA,LONG,False,-1,-1,-1,-1,-1,-1,True,,,0.0,0.0,no_entry,False,False,1,1,7d1b2a7bc070
2026-07-28,US.TSLA,SHORT,True,38,41,608,608,611,611,True,302.4,303.0005,-0.6005000000000109,-0.0019857804232804597,soft_failure_loss,False,False,1,1,7d1b2a7bc070
2026-07-29,US.AAPL,LONG,True,26,27,596,596,597,597,True,342.394699914,342.224846405,-0.1698535090000064,-0.0004960751700965841,soft_failure_loss,False,False,1,1,7d1b2a7bc070
2026-07-29,US.AAPL,SHORT,False,-1,-1,-1,-1,-1,-1,True,,,0.0,0.0,no_entry,False,False,1,1,7d1b2a7bc070
2026-07-29,US.AMD,LONG,False,-1,-1,-1,-1,-1,-1,True,,,0.0,0.0,no_entry,False,False,1,1,7d1b2a7bc070
2026-07-29,US.AMD,SHORT,True,33,36,603,603,606,606,True,442.74,443.54,-0.8000000000000114,-0.0018069295749198432,soft_failure_loss,False,False,1,1,7d1b2a7bc070
2026-07-29,US.IWM,LONG,False,-1,-1,-1,-1,-1,-1,True,,,0.0,0.0,no_entry,False,False,1,1,7d1b2a7bc070
2026-07-29,US.IWM,SHORT,True,31,33,601,601,603,603,True,292.07,292.21,-0.13999999999998636,-0.0004793371452048699,soft_failure_loss,False,False,1,1,7d1b2a7bc070
2026-07-29,US.META,LONG,False,-1,-1,-1,-1,-1,-1,True,,,0.0,0.0,no_entry,False,False,1,1,7d1b2a7bc070
2026-07-29,US.META,SHORT,True,18,31,588,588,601,601,True,589.43,590.76,-1.330000000000041,-0.002256417216633088,soft_failure_loss,False,False,1,1,7d1b2a7bc070
2026-07-29,US.MSFT,LONG,False,-1,-1,-1,-1,-1,-1,True,,,0.0,0.0,no_entry,False,False,1,1,7d1b2a7bc070
2026-07-29,US.MSFT,SHORT,False,-1,-1,-1,-1,-1,-1,True,,,0.0,0.0,no_entry,False,False,1,1,7d1b2a7bc070
2026-07-29,US.MU,LONG,False,-1,-1,-1,-1,-1,-1,True,,,0.0,0.0,no_entry,False,False,1,1,7d1b2a7bc070
2026-07-29,US.MU,SHORT,False,-1,-1,-1,-1,-1,-1,True,,,0.0,0.0,no_entry,False,False,1,1,7d1b2a7bc070
2026-07-29,US.NVDA,LONG,False,-1,-1,-1,-1,-1,-1,True,,,0.0,0.0,no_entry,False,False,1,1,7d1b2a7bc070
2026-07-29,US.NVDA,SHORT,True,123,124,693,693,694,694,True,192.104940393,192.224906155,-0.11996576200002096,-0.0006244803582593981,soft_failure_loss,False,False,1,1,7d1b2a7bc070
2026-07-29,US.QQQ,LONG,False,-1,-1,-1,-1,-1,-1,True,,,0.0,0.0,no_entry,False,False,1,1,7d1b2a7bc070
2026-07-29,US.QQQ,SHORT,True,33,35,603,603,605,605,True,672.07,672.47,-0.39999999999997726,-0.0005951760977278813,soft_failure_loss,False,False,1,1,7d1b2a7bc070
2026-07-29,US.SPY,LONG,False,-1,-1,-1,-1,-1,-1,True,,,0.0,0.0,no_entry,False,False,1,1,7d1b2a7bc070
2026-07-29,US.SPY,SHORT,True,33,215,603,603,785,785,True,737.78,735.895,1.884999999999991,0.0025549621838488316,trailing,False,False,1,1,7d1b2a7bc070
2026-07-29,US.TSLA,LONG,False,-1,-1,-1,-1,-1,-1,True,,,0.0,0.0,no_entry,False,False,1,1,7d1b2a7bc070
2026-07-29,US.TSLA,SHORT,True,27,28,597,597,598,598,True,304.0399,304.535,-0.4951000000000363,-0.001628404692936803,soft_failure_loss,False,False,1,1,7d1b2a7bc070
2026-07-30,US.AAPL,LONG,False,-1,-1,-1,-1,-1,-1,True,,,0.0,0.0,no_entry,False,False,1,1,7d1b2a7bc070
2026-07-30,US.AAPL,SHORT,False,-1,-1,-1,-1,-1,-1,True,,,0.0,0.0,no_entry,False,False,1,1,7d1b2a7bc070
2026-07-30,US.AMD,LONG,False,-1,-1,-1,-1,-1,-1,True,,,0.0,0.0,no_entry,False,False,1,1,7d1b2a7bc070
2026-07-30,US.AMD,SHORT,False,-1,-1,-1,-1,-1,-1,True,,,0.0,0.0,no_entry,False,False,1,1,7d1b2a7bc070
2026-07-30,US.IWM,LONG,False,-1,-1,-1,-1,-1,-1,True,,,0.0,0.0,no_entry,False,False,1,1,7d1b2a7bc070
2026-07-30,US.IWM,SHORT,False,-1,-1,-1,-1,-1,-1,True,,,0.0,0.0,no_entry,False,False,1,1,7d1b2a7bc070
2026-07-30,US.META,LONG,False,-1,-1,-1,-1,-1,-1,True,,,0.0,0.0,no_entry,False,False,1,1,7d1b2a7bc070
2026-07-30,US.META,SHORT,False,-1,-1,-1,-1,-1,-1,True,,,0.0,0.0,no_entry,False,False,1,1,7d1b2a7bc070
2026-07-30,US.MSFT,LONG,False,-1,-1,-1,-1,-1,-1,True,,,0.0,0.0,no_entry,False,False,1,1,7d1b2a7bc070
2026-07-30,US.MSFT,SHORT,False,-1,-1,-1,-1,-1,-1,True,,,0.0,0.0,no_entry,False,False,1,1,7d1b2a7bc070
2026-07-30,US.MU,LONG,True,41,375,611,611,-1,945,True,827.6801,873.27,45.58989999999994,0.05508154660236478,scheduled_flatten,True,False,1,1,7d1b2a7bc070
2026-07-30,US.MU,SHORT,False,-1,-1,-1,-1,-1,-1,True,,,0.0,0.0,no_entry,False,False,1,1,7d1b2a7bc070
2026-07-30,US.NVDA,LONG,False,-1,-1,-1,-1,-1,-1,True,,,0.0,0.0,no_entry,False,False,1,1,7d1b2a7bc070
2026-07-30,US.NVDA,SHORT,False,-1,-1,-1,-1,-1,-1,True,,,0.0,0.0,no_entry,False,False,1,1,7d1b2a7bc070
2026-07-30,US.QQQ,LONG,True,127,128,697,697,698,698,True,679.96,678.96,-1.0,-0.0014706747455732689,soft_failure_loss,False,False,1,1,7d1b2a7bc070
2026-07-30,US.QQQ,SHORT,False,-1,-1,-1,-1,-1,-1,True,,,0.0,0.0,no_entry,False,False,1,1,7d1b2a7bc070
2026-07-30,US.SPY,LONG,True,137,139,707,707,709,709,True,737.06,736.93,-0.12999999999999545,-0.00017637641440316319,soft_failure_loss,False,False,1,1,7d1b2a7bc070
2026-07-30,US.SPY,SHORT,False,-1,-1,-1,-1,-1,-1,True,,,0.0,0.0,no_entry,False,False,1,1,7d1b2a7bc070
2026-07-30,US.TSLA,LONG,True,35,36,605,605,606,606,True,307.7651,307.2001,-0.5649999999999977,-0.0018358156919026805,soft_failure_loss,False,False,1,1,7d1b2a7bc070
2026-07-30,US.TSLA,SHORT,False,-1,-1,-1,-1,-1,-1,True,,,0.0,0.0,no_entry,False,False,1,1,7d1b2a7bc070
2026-07-31,US.AAPL,LONG,False,-1,-1,-1,-1,-1,-1,True,,,0.0,0.0,no_entry,False,False,1,1,7d1b2a7bc070
2026-07-31,US.AAPL,SHORT,False,-1,-1,-1,-1,-1,-1,True,,,0.0,0.0,no_entry,False,False,1,1,7d1b2a7bc070
2026-07-31,US.AMD,LONG,False,-1,-1,-1,-1,-1,-1,True,,,0.0,0.0,no_entry,False,False,1,1,7d1b2a7bc070
2026-07-31,US.AMD,SHORT,False,-1,-1,-1,-1,-1,-1,True,,,0.0,0.0,no_entry,False,False,1,1,7d1b2a7bc070
2026-07-31,US.IWM,LONG,False,-1,-1,-1,-1,-1,-1,True,,,0.0,0.0,no_entry,False,False,1,1,7d1b2a7bc070
2026-07-31,US.IWM,SHORT,True,111,128,681,681,698,698,True,289.97,290.07,-0.0999999999999659,-0.00034486326171661165,failed_followthrough,False,False,1,1,7d1b2a7bc070
2026-07-31,US.META,LONG,False,-1,-1,-1,-1,-1,-1,True,,,0.0,0.0,no_entry,False,False,1,1,7d1b2a7bc070
2026-07-31,US.META,SHORT,False,-1,-1,-1,-1,-1,-1,True,,,0.0,0.0,no_entry,False,False,1,1,7d1b2a7bc070
2026-07-31,US.MSFT,LONG,False,-1,-1,-1,-1,-1,-1,True,,,0.0,0.0,no_entry,False,False,1,1,7d1b2a7bc070
2026-07-31,US.MSFT,SHORT,False,-1,-1,-1,-1,-1,-1,True,,,0.0,0.0,no_entry,False,False,1,1,7d1b2a7bc070
2026-07-31,US.MU,LONG,False,-1,-1,-1,-1,-1,-1,True,,,0.0,0.0,no_entry,False,False,1,1,7d1b2a7bc070
2026-07-31,US.MU,SHORT,False,-1,-1,-1,-1,-1,-1,True,,,0.0,0.0,no_entry,False,False,1,1,7d1b2a7bc070
2026-07-31,US.NVDA,LONG,False,-1,-1,-1,-1,-1,-1,True,,,0.0,0.0,no_entry,False,False,1,1,7d1b2a7bc070
2026-07-31,US.NVDA,SHORT,True,102,103,672,672,673,673,True,196.629977014,196.954613756,-0.3246367419999956,-0.0016510033054465624,soft_failure_loss,False,False,1,1,7d1b2a7bc070
2026-07-31,US.QQQ,LONG,False,-1,-1,-1,-1,-1,-1,True,,,0.0,0.0,no_entry,False,False,1,1,7d1b2a7bc070
2026-07-31,US.QQQ,SHORT,False,-1,-1,-1,-1,-1,-1,True,,,0.0,0.0,no_entry,False,False,1,1,7d1b2a7bc070
2026-07-31,US.SPY,LONG,False,-1,-1,-1,-1,-1,-1,True,,,0.0,0.0,no_entry,False,False,1,1,7d1b2a7bc070
2026-07-31,US.SPY,SHORT,True,102,103,672,672,673,673,True,741.35,741.87,-0.5199999999999818,-0.0007014230795170727,soft_failure_loss,False,False,1,1,7d1b2a7bc070
2026-07-31,US.TSLA,LONG,False,-1,-1,-1,-1,-1,-1,True,,,0.0,0.0,no_entry,False,False,1,1,7d1b2a7bc070
2026-07-31,US.TSLA,SHORT,True,113,127,683,683,697,697,True,306.885,307.015,-0.12999999999999545,-0.00042361145054334835,failed_followthrough,False,False,1,1,7d1b2a7bc070
2026-08-03,US.AAPL,LONG,False,-1,-1,-1,-1,-1,-1,True,,,0.0,0.0,no_entry,False,False,1,1,7d1b2a7bc070
2026-08-03,US.AAPL,SHORT,False,-1,-1,-1,-1,-1,-1,True,,,0.0,0.0,no_entry,False,False,1,1,7d1b2a7bc070
2026-08-03,US.AMD,LONG,False,-1,-1,-1,-1,-1,-1,True,,,0.0,0.0,no_entry,False,False,1,1,7d1b2a7bc070
2026-08-03,US.AMD,SHORT,False,-1,-1,-1,-1,-1,-1,True,,,0.0,0.0,no_entry,False,False,1,1,7d1b2a7bc070
2026-08-03,US.IWM,LONG,False,-1,-1,-1,-1,-1,-1,True,,,0.0,0.0,no_entry,False,False,1,1,7d1b2a7bc070
2026-08-03,US.IWM,SHORT,False,-1,-1,-1,-1,-1,-1,True,,,0.0,0.0,no_entry,False,False,1,1,7d1b2a7bc070
2026-08-03,US.META,LONG,False,-1,-1,-1,-1,-1,-1,True,,,0.0,0.0,no_entry,False,False,1,1,7d1b2a7bc070
2026-08-03,US.META,SHORT,False,-1,-1,-1,-1,-1,-1,True,,,0.0,0.0,no_entry,False,False,1,1,7d1b2a7bc070
2026-08-03,US.MSFT,LONG,False,-1,-1,-1,-1,-1,-1,True,,,0.0,0.0,no_entry,False,False,1,1,7d1b2a7bc070
2026-08-03,US.MSFT,SHORT,False,-1,-1,-1,-1,-1,-1,True,,,0.0,0.0,no_entry,False,False,1,1,7d1b2a7bc070
2026-08-03,US.MU,LONG,False,-1,-1,-1,-1,-1,-1,True,,,0.0,0.0,no_entry,False,False,1,1,7d1b2a7bc070
2026-08-03,US.MU,SHORT,False,-1,-1,-1,-1,-1,-1,True,,,0.0,0.0,no_entry,False,False,1,1,7d1b2a7bc070
2026-08-03,US.NVDA,LONG,False,-1,-1,-1,-1,-1,-1,True,,,0.0,0.0,no_entry,False,False,1,1,7d1b2a7bc070
2026-08-03,US.NVDA,SHORT,False,-1,-1,-1,-1,-1,-1,True,,,0.0,0.0,no_entry,False,False,1,1,7d1b2a7bc070
2026-08-03,US.QQQ,LONG,False,-1,-1,-1,-1,-1,-1,True,,,0.0,0.0,no_entry,False,False,1,1,7d1b2a7bc070
2026-08-03,US.QQQ,SHORT,False,-1,-1,-1,-1,-1,-1,True,,,0.0,0.0,no_entry,False,False,1,1,7d1b2a7bc070
2026-08-03,US.SPY,LONG,False,-1,-1,-1,-1,-1,-1,True,,,0.0,0.0,no_entry,False,False,1,1,7d1b2a7bc070
2026-08-03,US.SPY,SHORT,False,-1,-1,-1,-1,-1,-1,True,,,0.0,0.0,no_entry,False,False,1,1,7d1b2a7bc070
2026-08-03,US.TSLA,LONG,True,56,57,626,626,627,627,True,318.62,318.4,-0.22000000000002728,-0.0006904776850167199,soft_failure_loss,False,False,1,1,7d1b2a7bc070
2026-08-03,US.TSLA,SHORT,False,-1,-1,-1,-1,-1,-1,True,,,0.0,0.0,no_entry,False,False,1,1,7d1b2a7bc070
2026-08-04,US.AAPL,LONG,True,23,25,593,593,595,595,True,304.337522524,303.917884443,-0.4196380810000164,-0.001378857518191579,soft_failure_loss,False,False,1,1,7d1b2a7bc070
2026-08-04,US.AAPL,SHORT,False,-1,-1,-1,-1,-1,-1,True,,,0.0,0.0,no_entry,False,False,1,1,7d1b2a7bc070
2026-08-04,US.AMD,LONG,True,66,67,636,636,637,637,True,517.58,516.26,-1.32000000000005,-0.002550330383708895,soft_failure_loss,False,False,1,1,7d1b2a7bc070
2026-08-04,US.AMD,SHORT,False,-1,-1,-1,-1,-1,-1,True,,,0.0,0.0,no_entry,False,False,1,1,7d1b2a7bc070
2026-08-04,US.IWM,LONG,True,24,28,594,594,598,598,True,298.31,298.22,-0.08999999999997499,-0.0003016995742682947,soft_failure_loss,False,False,1,1,7d1b2a7bc070
2026-08-04,US.IWM,SHORT,False,-1,-1,-1,-1,-1,-1,True,,,0.0,0.0,no_entry,False,False,1,1,7d1b2a7bc070
2026-08-04,US.META,LONG,False,-1,-1,-1,-1,-1,-1,True,,,0.0,0.0,no_entry,False,False,1,1,7d1b2a7bc070
2026-08-04,US.META,SHORT,False,-1,-1,-1,-1,-1,-1,True,,,0.0,0.0,no_entry,False,False,1,1,7d1b2a7bc070
2026-08-04,US.MSFT,LONG,False,-1,-1,-1,-1,-1,-1,True,,,0.0,0.0,no_entry,False,False,1,1,7d1b2a7bc070
2026-08-04,US.MSFT,SHORT,False,-1,-1,-1,-1,-1,-1,True,,,0.0,0.0,no_entry,False,False,1,1,7d1b2a7bc070
2026-08-04,US.MU,LONG,True,93,94,663,663,664,664,True,887.17,885.7646,-1.405399999999986,-0.0015841383274907697,soft_failure_loss,False,False,1,1,7d1b2a7bc070
2026-08-04,US.MU,SHORT,False,-1,-1,-1,-1,-1,-1,True,,,0.0,0.0,no_entry,False,False,1,1,7d1b2a7bc070
2026-08-04,US.NVDA,LONG,False,-1,-1,-1,-1,-1,-1,True,,,0.0,0.0,no_entry,False,False,1,1,7d1b2a7bc070
2026-08-04,US.NVDA,SHORT,True,82,83,652,652,653,653,True,209.670884634,209.915111352,-0.24422671799999307,-0.0011648098801429368,soft_failure_loss,False,False,1,1,7d1b2a7bc070
2026-08-04,US.QQQ,LONG,True,26,27,596,596,597,597,True,713.7,713.04,-0.6600000000000819,-0.0009247583018075967,soft_failure_loss,False,False,1,1,7d1b2a7bc070
2026-08-04,US.QQQ,SHORT,False,-1,-1,-1,-1,-1,-1,True,,,0.0,0.0,no_entry,False,False,1,1,7d1b2a7bc070
2026-08-04,US.SPY,LONG,True,16,17,586,586,587,587,True,762.48,762.17,-0.3100000000000591,-0.00040656804112902515,soft_failure_loss,False,False,1,1,7d1b2a7bc070
2026-08-04,US.SPY,SHORT,False,-1,-1,-1,-1,-1,-1,True,,,0.0,0.0,no_entry,False,False,1,1,7d1b2a7bc070
2026-08-04,US.TSLA,LONG,False,-1,-1,-1,-1,-1,-1,True,,,0.0,0.0,no_entry,False,False,1,1,7d1b2a7bc070
2026-08-04,US.TSLA,SHORT,False,-1,-1,-1,-1,-1,-1,True,,,0.0,0.0,no_entry,False,False,1,1,7d1b2a7bc070
2026-08-05,US.AAPL,LONG,False,-1,-1,-1,-1,-1,-1,True,,,0.0,0.0,no_entry,False,False,1,1,7d1b2a7bc070
2026-08-05,US.AAPL,SHORT,False,-1,-1,-1,-1,-1,-1,True,,,0.0,0.0,no_entry,False,False,1,1,7d1b2a7bc070
2026-08-05,US.AMD,LONG,False,-1,-1,-1,-1,-1,-1,True,,,0.0,0.0,no_entry,False,False,1,1,7d1b2a7bc070
2026-08-05,US.AMD,SHORT,False,-1,-1,-1,-1,-1,-1,True,,,0.0,0.0,no_entry,False,False,1,1,7d1b2a7bc070
2026-08-05,US.IWM,LONG,True,46,50,616,616,620,620,True,302.835,302.69,-0.1449999999999818,-0.00047880859213757264,soft_failure_loss,False,False,1,1,7d1b2a7bc070
2026-08-05,US.IWM,SHORT,False,-1,-1,-1,-1,-1,-1,True,,,0.0,0.0,no_entry,False,False,1,1,7d1b2a7bc070
2026-08-05,US.META,LONG,False,-1,-1,-1,-1,-1,-1,True,,,0.0,0.0,no_entry,False,False,1,1,7d1b2a7bc070
2026-08-05,US.META,SHORT,False,-1,-1,-1,-1,-1,-1,True,,,0.0,0.0,no_entry,False,False,1,1,7d1b2a7bc070
2026-08-05,US.MSFT,LONG,False,-1,-1,-1,-1,-1,-1,True,,,0.0,0.0,no_entry,False,False,1,1,7d1b2a7bc070
2026-08-05,US.MSFT,SHORT,True,98,104,668,668,674,674,True,488.852236083,489.328838879,-0.47660279600000877,-0.0009749424484970312,soft_failure_loss,False,False,1,1,7d1b2a7bc070
2026-08-05,US.MU,LONG,True,23,31,593,593,601,601,True,914.255,913.9601,-0.2948999999999842,-0.00032255771092308403,failed_followthrough,False,False,1,1,7d1b2a7bc070
2026-08-05,US.MU,SHORT,False,-1,-1,-1,-1,-1,-1,True,,,0.0,0.0,no_entry,False,False,1,1,7d1b2a7bc070
2026-08-05,US.NVDA,LONG,False,-1,-1,-1,-1,-1,-1,True,,,0.0,0.0,no_entry,False,False,1,1,7d1b2a7bc070
2026-08-05,US.NVDA,SHORT,False,-1,-1,-1,-1,-1,-1,True,,,0.0,0.0,no_entry,False,False,1,1,7d1b2a7bc070
2026-08-05,US.QQQ,LONG,True,19,21,589,589,591,591,True,728.17,727.09,-1.0799999999999272,-0.0014831701388411049,soft_failure_loss,False,False,1,1,7d1b2a7bc070
2026-08-05,US.QQQ,SHORT,False,-1,-1,-1,-1,-1,-1,True,,,0.0,0.0,no_entry,False,False,1,1,7d1b2a7bc070
2026-08-05,US.SPY,LONG,False,-1,-1,-1,-1,-1,-1,True,,,0.0,0.0,no_entry,False,False,1,1,7d1b2a7bc070
2026-08-05,US.SPY,SHORT,True,53,55,623,623,625,625,True,775.235,775.76,-0.5249999999999773,-0.0006772140060755477,soft_failure_loss,False,False,1,1,7d1b2a7bc070
2026-08-05,US.TSLA,LONG,True,41,42,611,611,612,612,True,326.125,325.81,-0.3149999999999977,-0.0009658873131467926,soft_failure_loss,False,False,1,1,7d1b2a7bc070
2026-08-05,US.TSLA,SHORT,False,-1,-1,-1,-1,-1,-1,True,,,0.0,0.0,no_entry,False,False,1,1,7d1b2a7bc070
2026-08-06,US.AAPL,LONG,False,-1,-1,-1,-1,-1,-1,True,,,0.0,0.0,no_entry,False,False,1,1,7d1b2a7bc070
2026-08-06,US.AAPL,SHORT,False,-1,-1,-1,-1,-1,-1,True,,,0.0,0.0,no_entry,False,False,1,1,7d1b2a7bc070
2026-08-06,US.AMD,LONG,False,-1,-1,-1,-1,-1,-1,True,,,0.0,0.0,no_entry,False,False,1,1,7d1b2a7bc070
2026-08-06,US.AMD,SHORT,False,-1,-1,-1,-1,-1,-1,True,,,0.0,0.0,no_entry,False,False,1,1,7d1b2a7bc070
2026-08-06,US.IWM,LONG,True,30,152,600,600,722,722,True,299.91,299.215,-0.69500000000005,-0.002317361875229402,trailing,False,False,1,1,7d1b2a7bc070
2026-08-06,US.IWM,SHORT,False,-1,-1,-1,-1,-1,-1,True,,,0.0,0.0,no_entry,False,False,1,1,7d1b2a7bc070
2026-08-06,US.META,LONG,False,-1,-1,-1,-1,-1,-1,True,,,0.0,0.0,no_entry,False,False,1,1,7d1b2a7bc070
2026-08-06,US.META,SHORT,False,-1,-1,-1,-1,-1,-1,True,,,0.0,0.0,no_entry,False,False,1,1,7d1b2a7bc070
2026-08-06,US.MSFT,LONG,False,-1,-1,-1,-1,-1,-1,True,,,0.0,0.0,no_entry,False,False,1,1,7d1b2a7bc070
2026-08-06,US.MSFT,SHORT,False,-1,-1,-1,-1,-1,-1,True,,,0.0,0.0,no_entry,False,False,1,1,7d1b2a7bc070
2026-08-06,US.MU,LONG,False,-1,-1,-1,-1,-1,-1,True,,,0.0,0.0,no_entry,False,False,1,1,7d1b2a7bc070
2026-08-06,US.MU,SHORT,False,-1,-1,-1,-1,-1,-1,True,,,0.0,0.0,no_entry,False,False,1,1,7d1b2a7bc070
2026-08-06,US.NVDA,LONG,False,-1,-1,-1,-1,-1,-1,True,,,0.0,0.0,no_entry,False,False,1,1,7d1b2a7bc070
2026-08-06,US.NVDA,SHORT,False,-1,-1,-1,-1,-1,-1,True,,,0.0,0.0,no_entry,False,False,1,1,7d1b2a7bc070
2026-08-06,US.QQQ,LONG,True,139,140,709,709,710,710,True,717.455,716.965,-0.4900000000000091,-0.0006829696636026079,soft_failure_loss,False,False,1,1,7d1b2a7bc070
2026-08-06,US.QQQ,SHORT,False,-1,-1,-1,-1,-1,-1,True,,,0.0,0.0,no_entry,False,False,1,1,7d1b2a7bc070
2026-08-06,US.SPY,LONG,True,17,25,587,587,595,595,True,771.045,770.925,-0.12000000000000455,-0.00015563293971169589,soft_failure_loss,False,False,1,1,7d1b2a7bc070
2026-08-06,US.SPY,SHORT,False,-1,-1,-1,-1,-1,-1,True,,,0.0,0.0,no_entry,False,False,1,1,7d1b2a7bc070
2026-08-06,US.TSLA,LONG,True,42,43,612,612,613,613,True,320.4695,320.29,-0.1794999999999618,-0.0005601157052386009,soft_failure_loss,False,False,1,1,7d1b2a7bc070
2026-08-06,US.TSLA,SHORT,False,-1,-1,-1,-1,-1,-1,True,,,0.0,0.0,no_entry,False,False,1,1,7d1b2a7bc070
2026-08-07,US.AAPL,LONG,False,-1,-1,-1,-1,-1,-1,True,,,0.0,0.0,no_entry,False,False,1,1,7d1b2a7bc070
2026-08-07,US.AAPL,SHORT,False,-1,-1,-1,-1,-1,-1,True,,,0.0,0.0,no_entry,False,False,1,1,7d1b2a7bc070
2026-08-07,US.AMD,LONG,False,-1,-1,-1,-1,-1,-1,True,,,0.0,0.0,no_entry,False,False,1,1,7d1b2a7bc070
2026-08-07,US.AMD,SHORT,True,132,138,702,702,708,708,True,480.2,480.45,-0.25,-0.0005206164098292378,failed_followthrough,False,False,1,1,7d1b2a7bc070
2026-08-07,US.IWM,LONG,False,-1,-1,-1,-1,-1,-1,True,,,0.0,0.0,no_entry,False,False,1,1,7d1b2a7bc070
2026-08-07,US.IWM,SHORT,False,-1,-1,-1,-1,-1,-1,True,,,0.0,0.0,no_entry,False,False,1,1,7d1b2a7bc070
2026-08-07,US.META,LONG,False,-1,-1,-1,-1,-1,-1,True,,,0.0,0.0,no_entry,False,False,1,1,7d1b2a7bc070
2026-08-07,US.META,SHORT,False,-1,-1,-1,-1,-1,-1,True,,,0.0,0.0,no_entry,False,False,1,1,7d1b2a7bc070
2026-08-07,US.MSFT,LONG,False,-1,-1,-1,-1,-1,-1,True,,,0.0,0.0,no_entry,False,False,1,1,7d1b2a7bc070
2026-08-07,US.MSFT,SHORT,False,-1,-1,-1,-1,-1,-1,True,,,0.0,0.0,no_entry,False,False,1,1,7d1b2a7bc070
2026-08-07,US.MU,LONG,False,-1,-1,-1,-1,-1,-1,True,,,0.0,0.0,no_entry,False,False,1,1,7d1b2a7bc070
2026-08-07,US.MU,SHORT,False,-1,-1,-1,-1,-1,-1,True,,,0.0,0.0,no_entry,False,False,1,1,7d1b2a7bc070
2026-08-07,US.NVDA,LONG,True,66,67,636,636,637,637,True,222.944032384,222.650460881,-0.29357150300000967,-0.0013167946226717588,soft_failure_loss,False,False,1,1,7d1b2a7bc070
2026-08-07,US.NVDA,SHORT,False,-1,-1,-1,-1,-1,-1,True,,,0.0,0.0,no_entry,False,False,1,1,7d1b2a7bc070
2026-08-07,US.QQQ,LONG,False,-1,-1,-1,-1,-1,-1,True,,,0.0,0.0,no_entry,False,False,1,1,7d1b2a7bc070
2026-08-07,US.QQQ,SHORT,True,39,49,609,609,619,619,True,718.68,719.58,-0.900000000000091,-0.0012522958757723757,failed_followthrough,False,False,1,1,7d1b2a7bc070
2026-08-07,US.SPY,LONG,True,23,24,593,593,594,594,True,772.145,771.97,-0.17499999999995453,-0.00022664136917282962,soft_failure_loss,False,False,1,1,7d1b2a7bc070
2026-08-07,US.SPY,SHORT,True,35,36,605,605,606,606,True,770.4004,770.66,-0.2595999999999776,-0.00033696763397316203,soft_failure_loss,False,False,1,1,7d1b2a7bc070
2026-08-07,US.TSLA,LONG,True,27,28,597,597,598,598,True,326.869,326.65,-0.21900000000005093,-0.0006699931776951957,soft_failure_loss,False,False,1,1,7d1b2a7bc070
2026-08-07,US.TSLA,SHORT,False,-1,-1,-1,-1,-1,-1,True,,,0.0,0.0,no_entry,False,False,1,1,7d1b2a7bc070
2026-08-10,US.AAPL,LONG,False,-1,-1,-1,-1,-1,-1,True,,,0.0,0.0,no_entry,False,False,1,1,7d1b2a7bc070
2026-08-10,US.AAPL,SHORT,False,-1,-1,-1,-1,-1,-1,True,,,0.0,0.0,no_entry,False,False,1,1,7d1b2a7bc070
2026-08-10,US.AMD,LONG,True,19,23,589,589,593,593,True,478.81,478.265,-0.5450000000000159,-0.001138238549737925,soft_failure_loss,False,False,1,1,7d1b2a7bc070
2026-08-10,US.AMD,SHORT,False,-1,-1,-1,-1,-1,-1,True,,,0.0,0.0,no_entry,False,False,1,1,7d1b2a7bc070
2026-08-10,US.IWM,LONG,False,-1,-1,-1,-1,-1,-1,True,,,0.0,0.0,no_entry,False,False,1,1,7d1b2a7bc070
2026-08-10,US.IWM,SHORT,True,116,118,686,686,688,688,True,300.2,300.28,-0.07999999999998408,-0.0002664890073283947,soft_failure_loss,False,False,1,1,7d1b2a7bc070
2026-08-10,US.META,LONG,False,-1,-1,-1,-1,-1,-1,True,,,0.0,0.0,no_entry,False,False,1,1,7d1b2a7bc070
2026-08-10,US.META,SHORT,False,-1,-1,-1,-1,-1,-1,True,,,0.0,0.0,no_entry,False,False,1,1,7d1b2a7bc070
2026-08-10,US.MSFT,LONG,True,118,125,688,688,695,695,True,508.458427445,508.333063443,-0.12536400199996933,-0.0002465570344264379,failed_followthrough,False,False,1,1,7d1b2a7bc070
2026-08-10,US.MSFT,SHORT,False,-1,-1,-1,-1,-1,-1,True,,,0.0,0.0,no_entry,False,False,1,1,7d1b2a7bc070
2026-08-10,US.MU,LONG,True,18,24,588,588,594,594,True,876.555,874.78,-1.7749999999999773,-0.002024972762690279,soft_failure_loss,False,False,1,1,7d1b2a7bc070
2026-08-10,US.MU,SHORT,False,-1,-1,-1,-1,-1,-1,True,,,0.0,0.0,no_entry,False,False,1,1,7d1b2a7bc070
2026-08-10,US.NVDA,LONG,False,-1,-1,-1,-1,-1,-1,True,,,0.0,0.0,no_entry,False,False,1,1,7d1b2a7bc070
2026-08-10,US.NVDA,SHORT,True,24,375,594,594,-1,945,True,222.144527006,218.635353665,3.5091733410000074,0.01579680304662751,scheduled_flatten,True,False,1,1,7d1b2a7bc070
2026-08-10,US.QQQ,LONG,True,37,54,607,607,624,624,True,723.71,723.375,-0.3350000000000364,-0.00046289259510029756,soft_failure_loss,False,False,1,1,7d1b2a7bc070
2026-08-10,US.QQQ,SHORT,False,-1,-1,-1,-1,-1,-1,True,,,0.0,0.0,no_entry,False,False,1,1,7d1b2a7bc070
2026-08-10,US.SPY,LONG,True,32,34,602,602,604,604,True,773.725,773.59,-0.1349999999999909,-0.00017448059711136501,soft_failure_loss,False,False,1,1,7d1b2a7bc070
2026-08-10,US.SPY,SHORT,False,-1,-1,-1,-1,-1,-1,True,,,0.0,0.0,no_entry,False,False,1,1,7d1b2a7bc070
2026-08-10,US.TSLA,LONG,True,19,20,589,589,590,590,True,329.5008,329.3,-0.2008000000000152,-0.0006094067146423171,soft_failure_loss,False,False,1,1,7d1b2a7bc070
2026-08-10,US.TSLA,SHORT,False,-1,-1,-1,-1,-1,-1,True,,,0.0,0.0,no_entry,False,False,1,1,7d1b2a7bc070
2026-08-11,US.AAPL,LONG,False,-1,-1,-1,-1,-1,-1,True,,,0.0,0.0,no_entry,False,False,1,1,7d1b2a7bc070
2026-08-11,US.AAPL,SHORT,True,29,33,599,599,603,603,True,306.23,306.445,-0.214999999999975,-0.0007020866668842863,soft_failure_loss,False,False,1,1,7d1b2a7bc070
2026-08-11,US.AMD,LONG,False,-1,-1,-1,-1,-1,-1,True,,,0.0,0.0,no_entry,False,False,1,1,7d1b2a7bc070
2026-08-11,US.AMD,SHORT,False,-1,-1,-1,-1,-1,-1,True,,,0.0,0.0,no_entry,False,False,1,1,7d1b2a7bc070
2026-08-11,US.IWM,LONG,True,21,38,591,591,608,608,True,301.565,301.39,-0.17500000000001137,-0.0005803060700015299,soft_failure_loss,False,False,1,1,7d1b2a7bc070
2026-08-11,US.IWM,SHORT,False,-1,-1,-1,-1,-1,-1,True,,,0.0,0.0,no_entry,False,False,1,1,7d1b2a7bc070
2026-08-11,US.META,LONG,True,111,123,681,681,693,693,True,608.975,609.04,0.06499999999994088,0.0001067367297507137,failed_followthrough,False,False,1,1,7d1b2a7bc070
2026-08-11,US.META,SHORT,False,-1,-1,-1,-1,-1,-1,True,,,0.0,0.0,no_entry,False,False,1,1,7d1b2a7bc070
2026-08-11,US.MSFT,LONG,False,-1,-1,-1,-1,-1,-1,True,,,0.0,0.0,no_entry,False,False,1,1,7d1b2a7bc070
2026-08-11,US.MSFT,SHORT,True,16,26,586,586,596,596,True,500.168433352,500.542728741,-0.3742953889999967,-0.0007483386876128216,soft_failure_loss,False,False,1,1,7d1b2a7bc070
2026-08-11,US.MU,LONG,False,-1,-1,-1,-1,-1,-1,True,,,0.0,0.0,no_entry,False,False,1,1,7d1b2a7bc070
2026-08-11,US.MU,SHORT,True,16,23,586,586,593,593,True,859.0899,862.5204,-3.430500000000052,-0.003993179293575739,soft_failure_loss,False,False,1,1,7d1b2a7bc070
2026-08-11,US.NVDA,LONG,False,-1,-1,-1,-1,-1,-1,True,,,0.0,0.0,no_entry,False,False,1,1,7d1b2a7bc070
2026-08-11,US.NVDA,SHORT,True,61,63,631,631,633,633,True,218.895063058,219.204716565,-0.30965350700000727,-0.001414620789862032,soft_failure_loss,False,False,1,1,7d1b2a7bc070
2026-08-11,US.QQQ,LONG,False,-1,-1,-1,-1,-1,-1,True,,,0.0,0.0,no_entry,False,False,1,1,7d1b2a7bc070
2026-08-11,US.QQQ,SHORT,True,17,19,587,587,589,589,True,719.05,719.21,-0.16000000000008185,-0.0002225158194841553,soft_failure_loss,False,False,1,1,7d1b2a7bc070
2026-08-11,US.SPY,LONG,False,-1,-1,-1,-1,-1,-1,True,,,0.0,0.0,no_entry,False,False,1,1,7d1b2a7bc070
2026-08-11,US.SPY,SHORT,True,18,23,588,588,593,593,True,772.77,773.055,-0.28499999999996817,-0.0003688031367676905,soft_failure_loss,False,False,1,1,7d1b2a7bc070
2026-08-11,US.TSLA,LONG,True,50,57,620,620,627,627,True,334.7001,334.5,-0.20010000000002037,-0.0005978486412164812,soft_failure_loss,False,False,1,1,7d1b2a7bc070
2026-08-11,US.TSLA,SHORT,False,-1,-1,-1,-1,-1,-1,True,,,0.0,0.0,no_entry,False,False,1,1,7d1b2a7bc070
2026-08-12,US.AAPL,LONG,False,-1,-1,-1,-1,-1,-1,True,,,0.0,0.0,no_entry,False,False,1,1,7d1b2a7bc070
2026-08-12,US.AAPL,SHORT,True,81,82,651,651,652,652,True,302.15,302.335,-0.18500000000000227,-0.0006122786695350067,soft_failure_loss,False,False,1,1,7d1b2a7bc070
2026-08-12,US.AMD,LONG,True,55,56,625,625,626,626,True,489.695,489.07,-0.625,-0.0012763046386015785,soft_failure_loss,False,False,1,1,7d1b2a7bc070
2026-08-12,US.AMD,SHORT,False,-1,-1,-1,-1,-1,-1,True,,,0.0,0.0,no_entry,False,False,1,1,7d1b2a7bc070
2026-08-12,US.IWM,LONG,False,-1,-1,-1,-1,-1,-1,True,,,0.0,0.0,no_entry,False,False,1,1,7d1b2a7bc070
2026-08-12,US.IWM,SHORT,False,-1,-1,-1,-1,-1,-1,True,,,0.0,0.0,no_entry,False,False,1,1,7d1b2a7bc070
2026-08-12,US.META,LONG,False,-1,-1,-1,-1,-1,-1,True,,,0.0,0.0,no_entry,False,False,1,1,7d1b2a7bc070
2026-08-12,US.META,SHORT,False,-1,-1,-1,-1,-1,-1,True,,,0.0,0.0,no_entry,False,False,1,1,7d1b2a7bc070
2026-08-12,US.MSFT,LONG,False,-1,-1,-1,-1,-1,-1,True,,,0.0,0.0,no_entry,False,False,1,1,7d1b2a7bc070
2026-08-12,US.MSFT,SHORT,True,20,375,590,590,-1,945,True,495.626982629,492.742412829,2.8845698000000084,0.005820041888557234,scheduled_flatten,True,False,1,1,7d1b2a7bc070
2026-08-12,US.MU,LONG,True,27,31,597,597,601,601,True,920.85,919.78,-1.07000000000005,-0.0011619699190965412,soft_failure_loss,False,False,1,1,7d1b2a7bc070
2026-08-12,US.MU,SHORT,False,-1,-1,-1,-1,-1,-1,True,,,0.0,0.0,no_entry,False,False,1,1,7d1b2a7bc070
2026-08-12,US.NVDA,LONG,True,24,25,594,594,595,595,True,222.572847728,222.271285168,-0.3015625600000078,-0.0013548937486235469,soft_failure_loss,False,False,1,1,7d1b2a7bc070
2026-08-12,US.NVDA,SHORT,False,-1,-1,-1,-1,-1,-1,True,,,0.0,0.0,no_entry,False,False,1,1,7d1b2a7bc070
2026-08-12,US.QQQ,LONG,False,-1,-1,-1,-1,-1,-1,True,,,0.0,0.0,no_entry,False,False,1,1,7d1b2a7bc070
2026-08-12,US.QQQ,SHORT,True,94,95,664,664,665,665,True,723.505,723.68,-0.17499999999995453,-0.00024187807962620095,soft_failure_loss,False,False,1,1,7d1b2a7bc070
2026-08-12,US.SPY,LONG,False,-1,-1,-1,-1,-1,-1,True,,,0.0,0.0,no_entry,False,False,1,1,7d1b2a7bc070
2026-08-12,US.SPY,SHORT,True,27,28,597,597,598,598,True,772.1562,772.34,-0.18380000000001928,-0.0002380347396032296,soft_failure_loss,False,False,1,1,7d1b2a7bc070
2026-08-12,US.TSLA,LONG,False,-1,-1,-1,-1,-1,-1,True,,,0.0,0.0,no_entry,False,False,1,1,7d1b2a7bc070
2026-08-12,US.TSLA,SHORT,True,43,375,613,613,-1,945,True,327.8215,327.3,0.5215000000000032,0.0015908047519763138,scheduled_flatten,True,False,1,1,7d1b2a7bc070
2026-08-13,US.AAPL,LONG,True,37,48,607,607,618,618,True,304.8,304.82,0.01999999999998181,6.561679790020278e-05,failed_followthrough,False,False,1,1,7d1b2a7bc070
2026-08-13,US.AAPL,SHORT,False,-1,-1,-1,-1,-1,-1,True,,,0.0,0.0,no_entry,False,False,1,1,7d1b2a7bc070
2026-08-13,US.AMD,LONG,True,29,31,599,599,601,601,True,495.96,495.175,-0.7849999999999682,-0.0015827889345914352,soft_failure_loss,False,False,1,1,7d1b2a7bc070
2026-08-13,US.AMD,SHORT,False,-1,-1,-1,-1,-1,-1,True,,,0.0,0.0,no_entry,False,False,1,1,7d1b2a7bc070
2026-08-13,US.IWM,LONG,True,53,55,623,623,625,625,True,304.97,304.87,-0.10000000000002274,-0.0003279011050267985,soft_failure_loss,False,False,1,1,7d1b2a7bc070
2026-08-13,US.IWM,SHORT,False,-1,-1,-1,-1,-1,-1,True,,,0.0,0.0,no_entry,False,False,1,1,7d1b2a7bc070
2026-08-13,US.META,LONG,True,51,54,621,621,624,624,True,589.7851,589.18,-0.6051000000001068,-0.0010259669157462721,soft_failure_loss,False,False,1,1,7d1b2a7bc070
2026-08-13,US.META,SHORT,False,-1,-1,-1,-1,-1,-1,True,,,0.0,0.0,no_entry,False,False,1,1,7d1b2a7bc070
2026-08-13,US.MSFT,LONG,True,27,29,597,597,599,599,True,498.192153696,497.922661016,-0.26949267999998483,-0.0005409412372327947,soft_failure_loss,False,False,1,1,7d1b2a7bc070
2026-08-13,US.MSFT,SHORT,False,-1,-1,-1,-1,-1,-1,True,,,0.0,0.0,no_entry,False,False,1,1,7d1b2a7bc070
2026-08-13,US.MU,LONG,True,24,375,594,594,-1,945,True,933.1629,954.15,20.98709999999994,0.022490285458198072,scheduled_flatten,True,False,1,1,7d1b2a7bc070
2026-08-13,US.MU,SHORT,False,-1,-1,-1,-1,-1,-1,True,,,0.0,0.0,no_entry,False,False,1,1,7d1b2a7bc070
2026-08-13,US.NVDA,LONG,False,-1,-1,-1,-1,-1,-1,True,,,0.0,0.0,no_entry,False,False,1,1,7d1b2a7bc070
2026-08-13,US.NVDA,SHORT,False,-1,-1,-1,-1,-1,-1,True,,,0.0,0.0,no_entry,False,False,1,1,7d1b2a7bc070
2026-08-13,US.QQQ,LONG,False,-1,-1,-1,-1,-1,-1,True,,,0.0,0.0,no_entry,False,False,1,1,7d1b2a7bc070
2026-08-13,US.QQQ,SHORT,False,-1,-1,-1,-1,-1,-1,True,,,0.0,0.0,no_entry,False,False,1,1,7d1b2a7bc070
2026-08-13,US.SPY,LONG,True,17,375,587,587,-1,945,True,776.6,777.71,1.1100000000000136,0.0014293072366726933,scheduled_flatten,True,False,1,1,7d1b2a7bc070
2026-08-13,US.SPY,SHORT,False,-1,-1,-1,-1,-1,-1,True,,,0.0,0.0,no_entry,False,False,1,1,7d1b2a7bc070
2026-08-13,US.TSLA,LONG,True,34,375,604,604,-1,945,True,332.1199,339.36,7.240100000000041,0.0217996572924418,scheduled_flatten,True,False,1,1,7d1b2a7bc070
2026-08-13,US.TSLA,SHORT,False,-1,-1,-1,-1,-1,-1,True,,,0.0,0.0,no_entry,False,False,1,1,7d1b2a7bc070
2026-08-14,US.AAPL,LONG,False,-1,-1,-1,-1,-1,-1,True,,,0.0,0.0,no_entry,False,False,1,1,7d1b2a7bc070
2026-08-14,US.AAPL,SHORT,True,51,113,621,621,683,683,True,305.4501,305.5623,-0.11219999999997299,-0.00036732677448779027,failed_followthrough,False,False,1,1,7d1b2a7bc070
2026-08-14,US.AMD,LONG,True,28,375,598,598,-1,945,True,496.9,508.4,11.5,0.023143489635741598,scheduled_flatten,True,False,1,1,7d1b2a7bc070
2026-08-14,US.AMD,SHORT,False,-1,-1,-1,-1,-1,-1,True,,,0.0,0.0,no_entry,False,False,1,1,7d1b2a7bc070
2026-08-14,US.IWM,LONG,True,20,375,590,590,-1,945,True,303.86,304.98,1.1200000000000045,0.003685907983939987,scheduled_flatten,True,False,1,1,7d1b2a7bc070
2026-08-14,US.IWM,SHORT,False,-1,-1,-1,-1,-1,-1,True,,,0.0,0.0,no_entry,False,False,1,1,7d1b2a7bc070
2026-08-14,US.META,LONG,False,-1,-1,-1,-1,-1,-1,True,,,0.0,0.0,no_entry,False,False,1,1,7d1b2a7bc070
2026-08-14,US.META,SHORT,True,79,375,649,649,-1,945,True,595.03,591.065,3.964999999999918,0.006663529569937513,scheduled_flatten,True,False,1,1,7d1b2a7bc070
2026-08-14,US.MSFT,LONG,True,24,27,594,594,597,597,True,496.904577557,496.680000324,-0.22457723299999088,-0.00045195243341108,soft_failure_loss,False,False,1,1,7d1b2a7bc070
2026-08-14,US.MSFT,SHORT,False,-1,-1,-1,-1,-1,-1,True,,,0.0,0.0,no_entry,False,False,1,1,7d1b2a7bc070
2026-08-14,US.MU,LONG,False,-1,-1,-1,-1,-1,-1,True,,,0.0,0.0,no_entry,False,False,1,1,7d1b2a7bc070
2026-08-14,US.MU,SHORT,False,-1,-1,-1,-1,-1,-1,True,,,0.0,0.0,no_entry,False,False,1,1,7d1b2a7bc070
2026-08-14,US.NVDA,LONG,False,-1,-1,-1,-1,-1,-1,True,,,0.0,0.0,no_entry,False,False,1,1,7d1b2a7bc070
2026-08-14,US.NVDA,SHORT,True,136,142,706,706,712,712,True,224.708557933,224.728435691,-0.019877757999978485,-8.846017340338821e-05,failed_followthrough,False,False,1,1,7d1b2a7bc070
2026-08-14,US.QQQ,LONG,True,19,20,589,589,590,590,True,734.1399,733.43,-0.7099000000000615,-0.0009669819063097667,soft_failure_loss,False,False,1,1,7d1b2a7bc070
2026-08-14,US.QQQ,SHORT,True,53,67,623,623,637,637,True,731.5,731.65,-0.14999999999997726,-0.00020505809979491082,failed_followthrough,False,False,1,1,7d1b2a7bc070
2026-08-14,US.SPY,LONG,True,36,39,606,606,609,609,True,778.72,778.565,-0.15499999999997272,-0.0001990445859872261,soft_failure_loss,False,False,1,1,7d1b2a7bc070
2026-08-14,US.SPY,SHORT,True,53,375,623,623,-1,945,True,777.565,776.16,1.4050000000000864,0.0018069228939060866,scheduled_flatten,True,False,1,1,7d1b2a7bc070
2026-08-14,US.TSLA,LONG,False,-1,-1,-1,-1,-1,-1,True,,,0.0,0.0,no_entry,False,False,1,1,7d1b2a7bc070
2026-08-14,US.TSLA,SHORT,False,-1,-1,-1,-1,-1,-1,True,,,0.0,0.0,no_entry,False,False,1,1,7d1b2a7bc070
2026-08-17,US.AAPL,LONG,False,-1,-1,-1,-1,-1,-1,True,,,0.0,0.0,no_entry,False,False,1,1,7d1b2a7bc070
2026-08-17,US.AAPL,SHORT,True,127,228,697,697,798,798,True,304.02,304.07,-0.05000000000001137,-0.00016446286428528178,failed_followthrough,False,False,1,1,7d1b2a7bc070
2026-08-17,US.AMD,LONG,True,98,100,668,668,670,670,True,516.29,515.79,-0.5,-0.000968447965290825,soft_failure_loss,False,False,1,1,7d1b2a7bc070
2026-08-17,US.AMD,SHORT,False,-1,-1,-1,-1,-1,-1,True,,,0.0,0.0,no_entry,False,False,1,1,7d1b2a7bc070
2026-08-17,US.IWM,LONG,True,41,42,611,611,612,612,True,304.23,304.09,-0.1400000000000432,-0.0004601781546857417,soft_failure_loss,False,False,1,1,7d1b2a7bc070
2026-08-17,US.IWM,SHORT,True,31,32,601,601,602,602,True,303.3,303.495,-0.19499999999999318,-0.0006429277942630833,soft_failure_loss,False,False,1,1,7d1b2a7bc070
2026-08-17,US.META,LONG,False,-1,-1,-1,-1,-1,-1,True,,,0.0,0.0,no_entry,False,False,1,1,7d1b2a7bc070
2026-08-17,US.META,SHORT,False,-1,-1,-1,-1,-1,-1,True,,,0.0,0.0,no_entry,False,False,1,1,7d1b2a7bc070
2026-08-17,US.MSFT,LONG,False,-1,-1,-1,-1,-1,-1,True,,,0.0,0.0,no_entry,False,False,1,1,7d1b2a7bc070
2026-08-17,US.MSFT,SHORT,False,-1,-1,-1,-1,-1,-1,True,,,0.0,0.0,no_entry,False,False,1,1,7d1b2a7bc070
2026-08-17,US.MU,LONG,True,29,33,599,599,603,603,True,1019.585,1018.11,-1.4750000000000227,-0.0014466670262901305,soft_failure_loss,False,False,1,1,7d1b2a7bc070
2026-08-17,US.MU,SHORT,False,-1,-1,-1,-1,-1,-1,True,,,0.0,0.0,no_entry,False,False,1,1,7d1b2a7bc070
2026-08-17,US.NVDA,LONG,True,135,163,705,705,733,733,True,227.035953648,226.886121306,-0.1498323419999963,-0.00065994984315259,soft_failure_loss,False,False,1,1,7d1b2a7bc070
2026-08-17,US.NVDA,SHORT,False,-1,-1,-1,-1,-1,-1,True,,,0.0,0.0,no_entry,False,False,1,1,7d1b2a7bc070
2026-08-17,US.QQQ,LONG,True,95,100,665,665,670,670,True,734.185,733.92,-0.26499999999998636,-0.00036094444860625916,soft_failure_loss,False,False,1,1,7d1b2a7bc070
2026-08-17,US.QQQ,SHORT,False,-1,-1,-1,-1,-1,-1,True,,,0.0,0.0,no_entry,False,False,1,1,7d1b2a7bc070
2026-08-17,US.SPY,LONG,False,-1,-1,-1,-1,-1,-1,True,,,0.0,0.0,no_entry,False,False,1,1,7d1b2a7bc070
2026-08-17,US.SPY,SHORT,True,17,18,587,587,588,588,True,775.24,775.56,-0.31999999999993634,-0.0004127753985861621,soft_failure_loss,False,False,1,1,7d1b2a7bc070
2026-08-17,US.TSLA,LONG,True,87,99,657,657,669,669,True,341.49,341.05,-0.4399999999999977,-0.001288471111891996,soft_failure_loss,False,False,1,1,7d1b2a7bc070
2026-08-17,US.TSLA,SHORT,False,-1,-1,-1,-1,-1,-1,True,,,0.0,0.0,no_entry,False,False,1,1,7d1b2a7bc070
2026-08-18,US.AAPL,LONG,False,-1,-1,-1,-1,-1,-1,True,,,0.0,0.0,no_entry,False,False,1,1,7d1b2a7bc070
2026-08-18,US.AAPL,SHORT,True,22,23,592,592,593,593,True,305.81,306.19,-0.37999999999999545,-0.0012426016153820852,soft_failure_loss,False,False,1,1,7d1b2a7bc070
2026-08-18,US.AMD,LONG,False,-1,-1,-1,-1,-1,-1,True,,,0.0,0.0,no_entry,False,False,1,1,7d1b2a7bc070
2026-08-18,US.AMD,SHORT,True,22,375,592,592,-1,945,True,484.9776,483.87,1.1075999999999908,0.0022838168195809267,scheduled_flatten,True,False,1,1,7d1b2a7bc070
2026-08-18,US.IWM,LONG,False,-1,-1,-1,-1,-1,-1,True,,,0.0,0.0,no_entry,False,False,1,1,7d1b2a7bc070
2026-08-18,US.IWM,SHORT,True,23,24,593,593,594,594,True,301.995,302.2,-0.20499999999998408,-0.0006788191857480557,soft_failure_loss,False,False,1,1,7d1b2a7bc070
2026-08-18,US.META,LONG,False,-1,-1,-1,-1,-1,-1,True,,,0.0,0.0,no_entry,False,False,1,1,7d1b2a7bc070
2026-08-18,US.META,SHORT,False,-1,-1,-1,-1,-1,-1,True,,,0.0,0.0,no_entry,False,False,1,1,7d1b2a7bc070
2026-08-18,US.MSFT,LONG,False,-1,-1,-1,-1,-1,-1,True,,,0.0,0.0,no_entry,False,False,1,1,7d1b2a7bc070
2026-08-18,US.MSFT,SHORT,False,-1,-1,-1,-1,-1,-1,True,,,0.0,0.0,no_entry,False,False,1,1,7d1b2a7bc070
2026-08-18,US.MU,LONG,False,-1,-1,-1,-1,-1,-1,True,,,0.0,0.0,no_entry,False,False,1,1,7d1b2a7bc070
2026-08-18,US.MU,SHORT,True,49,57,619,619,627,627,True,953.8676,956.835,-2.967399999999998,-0.003110913925580445,soft_failure_loss,False,False,1,1,7d1b2a7bc070
2026-08-18,US.NVDA,LONG,False,-1,-1,-1,-1,-1,-1,True,,,0.0,0.0,no_entry,False,False,1,1,7d1b2a7bc070
2026-08-18,US.NVDA,SHORT,True,49,54,619,619,624,624,True,219.11481716,219.244671856,-0.12985469599999533,-0.0005926331120965408,soft_failure_loss,False,False,1,1,7d1b2a7bc070
2026-08-18,US.QQQ,LONG,False,-1,-1,-1,-1,-1,-1,True,,,0.0,0.0,no_entry,False,False,1,1,7d1b2a7bc070
2026-08-18,US.QQQ,SHORT,True,40,49,610,610,619,619,True,718.48,718.8,-0.31999999999993634,-0.0004453847010354308,soft_failure_loss,False,False,1,1,7d1b2a7bc070
2026-08-18,US.SPY,LONG,False,-1,-1,-1,-1,-1,-1,True,,,0.0,0.0,no_entry,False,False,1,1,7d1b2a7bc070
2026-08-18,US.SPY,SHORT,True,42,44,612,612,614,614,True,767.85,767.97,-0.12000000000000455,-0.00015628052353975976,soft_failure_loss,False,False,1,1,7d1b2a7bc070
2026-08-18,US.TSLA,LONG,False,-1,-1,-1,-1,-1,-1,True,,,0.0,0.0,no_entry,False,False,1,1,7d1b2a7bc070
2026-08-18,US.TSLA,SHORT,False,-1,-1,-1,-1,-1,-1,True,,,0.0,0.0,no_entry,False,False,1,1,7d1b2a7bc070
2026-08-19,US.AAPL,LONG,False,-1,-1,-1,-1,-1,-1,True,,,0.0,0.0,no_entry,False,False,1,1,7d1b2a7bc070
2026-08-19,US.AAPL,SHORT,False,-1,-1,-1,-1,-1,-1,True,,,0.0,0.0,no_entry,False,False,1,1,7d1b2a7bc070
2026-08-19,US.AMD,LONG,False,-1,-1,-1,-1,-1,-1,True,,,0.0,0.0,no_entry,False,False,1,1,7d1b2a7bc070
2026-08-19,US.AMD,SHORT,False,-1,-1,-1,-1,-1,-1,True,,,0.0,0.0,no_entry,False,False,1,1,7d1b2a7bc070
2026-08-19,US.IWM,LONG,False,-1,-1,-1,-1,-1,-1,True,,,0.0,0.0,no_entry,False,False,1,1,7d1b2a7bc070
2026-08-19,US.IWM,SHORT,False,-1,-1,-1,-1,-1,-1,True,,,0.0,0.0,no_entry,False,False,1,1,7d1b2a7bc070
2026-08-19,US.META,LONG,False,-1,-1,-1,-1,-1,-1,True,,,0.0,0.0,no_entry,False,False,1,1,7d1b2a7bc070
2026-08-19,US.META,SHORT,False,-1,-1,-1,-1,-1,-1,True,,,0.0,0.0,no_entry,False,False,1,1,7d1b2a7bc070
2026-08-19,US.MSFT,LONG,True,93,98,663,663,668,668,True,483.399999913,483.290206599,-0.10979331400000092,-0.0002271272528335974,failed_followthrough,False,False,1,1,7d1b2a7bc070
2026-08-19,US.MSFT,SHORT,False,-1,-1,-1,-1,-1,-1,True,,,0.0,0.0,no_entry,False,False,1,1,7d1b2a7bc070
2026-08-19,US.MU,LONG,False,-1,-1,-1,-1,-1,-1,True,,,0.0,0.0,no_entry,False,False,1,1,7d1b2a7bc070
2026-08-19,US.MU,SHORT,True,80,82,650,650,652,652,True,925.27,926.425,-1.1549999999999727,-0.001248284284587172,soft_failure_loss,False,False,1,1,7d1b2a7bc070
2026-08-19,US.NVDA,LONG,False,-1,-1,-1,-1,-1,-1,True,,,0.0,0.0,no_entry,False,False,1,1,7d1b2a7bc070
2026-08-19,US.NVDA,SHORT,True,117,120,687,687,690,690,True,218.815152475,219.019923343,-0.2047708679999971,-0.0009358166730404674,soft_failure_loss,False,False,1,1,7d1b2a7bc070
2026-08-19,US.QQQ,LONG,False,-1,-1,-1,-1,-1,-1,True,,,0.0,0.0,no_entry,False,False,1,1,7d1b2a7bc070
2026-08-19,US.QQQ,SHORT,True,26,29,596,596,599,599,True,715.6402,715.89,-0.24979999999993652,-0.0003490580881285547,soft_failure_loss,False,False,1,1,7d1b2a7bc070
2026-08-19,US.SPY,LONG,True,81,125,651,651,695,695,True,770.84,770.81,-0.030000000000086402,-3.891858232588657e-05,failed_followthrough,False,False,1,1,7d1b2a7bc070
2026-08-19,US.SPY,SHORT,True,42,43,612,612,613,613,True,769.15,769.25,-0.10000000000002274,-0.00013001365143343007,soft_failure_loss,False,False,1,1,7d1b2a7bc070
2026-08-19,US.TSLA,LONG,False,-1,-1,-1,-1,-1,-1,True,,,0.0,0.0,no_entry,False,False,1,1,7d1b2a7bc070
2026-08-19,US.TSLA,SHORT,False,-1,-1,-1,-1,-1,-1,True,,,0.0,0.0,no_entry,False,False,1,1,7d1b2a7bc070
2026-08-20,US.AAPL,LONG,False,-1,-1,-1,-1,-1,-1,True,,,0.0,0.0,no_entry,False,False,1,1,7d1b2a7bc070
2026-08-20,US.AAPL,SHORT,True,101,117,671,671,687,687,True,316.65,316.665,-0.015000000000043201,-4.7370914258781626e-05,failed_followthrough,False,False,1,1,7d1b2a7bc070
2026-08-20,US.AMD,LONG,False,-1,-1,-1,-1,-1,-1,True,,,0.0,0.0,no_entry,False,False,1,1,7d1b2a7bc070
2026-08-20,US.AMD,SHORT,True,85,86,655,655,656,656,True,465.3801,466.285,-0.9048999999999978,-0.00194443208895266,soft_failure_loss,False,False,1,1,7d1b2a7bc070
2026-08-20,US.IWM,LONG,False,-1,-1,-1,-1,-1,-1,True,,,0.0,0.0,no_entry,False,False,1,1,7d1b2a7bc070
2026-08-20,US.IWM,SHORT,True,30,375,600,600,-1,945,True,299.0,297.565,1.4350000000000023,0.004799331103678937,scheduled_flatten,True,False,1,1,7d1b2a7bc070
2026-08-20,US.META,LONG,False,-1,-1,-1,-1,-1,-1,True,,,0.0,0.0,no_entry,False,False,1,1,7d1b2a7bc070
2026-08-20,US.META,SHORT,True,49,51,619,619,621,621,True,543.625,544.29,-0.6649999999999636,-0.0012232697171762955,soft_failure_loss,False,False,1,1,7d1b2a7bc070
2026-08-20,US.MSFT,LONG,False,-1,-1,-1,-1,-1,-1,True,,,0.0,0.0,no_entry,False,False,1,1,7d1b2a7bc070
2026-08-20,US.MSFT,SHORT,False,-1,-1,-1,-1,-1,-1,True,,,0.0,0.0,no_entry,False,False,1,1,7d1b2a7bc070
2026-08-20,US.MU,LONG,True,58,65,628,628,635,635,True,954.95,953.69,-1.259999999999991,-0.0013194408084192793,soft_failure_loss,False,False,1,1,7d1b2a7bc070
2026-08-20,US.MU,SHORT,True,24,25,594,594,595,595,True,933.725,938.068,-4.342999999999961,-0.004651262416664394,soft_failure_loss,False,False,1,1,7d1b2a7bc070
2026-08-20,US.NVDA,LONG,False,-1,-1,-1,-1,-1,-1,True,,,0.0,0.0,no_entry,False,False,1,1,7d1b2a7bc070
2026-08-20,US.NVDA,SHORT,True,113,205,683,683,775,775,True,216.887309673,216.937253787,-0.04994411399999876,-0.00023027679247485374,failed_followthrough,False,False,1,1,7d1b2a7bc070
2026-08-20,US.QQQ,LONG,False,-1,-1,-1,-1,-1,-1,True,,,0.0,0.0,no_entry,False,False,1,1,7d1b2a7bc070
2026-08-20,US.QQQ,SHORT,True,28,29,598,598,599,599,True,711.675,712.36,-0.6850000000000591,-0.0009625180033021522,soft_failure_loss,False,False,1,1,7d1b2a7bc070
2026-08-20,US.SPY,LONG,False,-1,-1,-1,-1,-1,-1,True,,,0.0,0.0,no_entry,False,False,1,1,7d1b2a7bc070
2026-08-20,US.SPY,SHORT,True,49,51,619,619,621,621,True,765.65,766.12,-0.4700000000000273,-0.0006138575066936946,soft_failure_loss,False,False,1,1,7d1b2a7bc070
2026-08-20,US.TSLA,LONG,False,-1,-1,-1,-1,-1,-1,True,,,0.0,0.0,no_entry,False,False,1,1,7d1b2a7bc070
2026-08-20,US.TSLA,SHORT,True,54,375,624,624,-1,945,True,342.215,343.61,-1.3950000000000387,-0.004076384728898613,scheduled_flatten,True,False,1,1,7d1b2a7bc070
2026-08-21,US.AAPL,LONG,False,-1,-1,-1,-1,-1,-1,True,,,0.0,0.0,no_entry,False,False,1,1,7d1b2a7bc070
2026-08-21,US.AAPL,SHORT,False,-1,-1,-1,-1,-1,-1,True,,,0.0,0.0,no_entry,False,False,1,1,7d1b2a7bc070
2026-08-21,US.AMD,LONG,False,-1,-1,-1,-1,-1,-1,True,,,0.0,0.0,no_entry,False,False,1,1,7d1b2a7bc070
2026-08-21,US.AMD,SHORT,False,-1,-1,-1,-1,-1,-1,True,,,0.0,0.0,no_entry,False,False,1,1,7d1b2a7bc070
2026-08-21,US.IWM,LONG,False,-1,-1,-1,-1,-1,-1,True,,,0.0,0.0,no_entry,False,False,1,1,7d1b2a7bc070
2026-08-21,US.IWM,SHORT,False,-1,-1,-1,-1,-1,-1,True,,,0.0,0.0,no_entry,False,False,1,1,7d1b2a7bc070
2026-08-21,US.META,LONG,True,83,103,653,653,673,673,True,550.82,550.7,-0.12000000000000455,-0.00021785701318035753,failed_followthrough,False,False,1,1,7d1b2a7bc070
2026-08-21,US.META,SHORT,False,-1,-1,-1,-1,-1,-1,True,,,0.0,0.0,no_entry,False,False,1,1,7d1b2a7bc070
2026-08-21,US.MSFT,LONG,False,-1,-1,-1,-1,-1,-1,True,,,0.0,0.0,no_entry,False,False,1,1,7d1b2a7bc070
2026-08-21,US.MSFT,SHORT,False,-1,-1,-1,-1,-1,-1,True,,,0.0,0.0,no_entry,False,False,1,1,7d1b2a7bc070
2026-08-21,US.MU,LONG,False,-1,-1,-1,-1,-1,-1,True,,,0.0,0.0,no_entry,False,False,1,1,7d1b2a7bc070
2026-08-21,US.MU,SHORT,True,37,39,607,607,609,609,True,970.94,973.0204,-2.0803999999999405,-0.002142665870187592,soft_failure_loss,False,False,1,1,7d1b2a7bc070
2026-08-21,US.NVDA,LONG,False,-1,-1,-1,-1,-1,-1,True,,,0.0,0.0,no_entry,False,False,1,1,7d1b2a7bc070
2026-08-21,US.NVDA,SHORT,True,140,141,710,710,711,711,True,215.758572696,215.98831562,-0.22974292400002128,-0.0010648148118949832,soft_failure_loss,False,False,1,1,7d1b2a7bc070
2026-08-21,US.QQQ,LONG,False,-1,-1,-1,-1,-1,-1,True,,,0.0,0.0,no_entry,False,False,1,1,7d1b2a7bc070
2026-08-21,US.QQQ,SHORT,True,19,20,589,589,590,590,True,711.37,712.12,-0.75,-0.0010543036675710249,soft_failure_loss,False,False,1,1,7d1b2a7bc070
2026-08-21,US.SPY,LONG,False,-1,-1,-1,-1,-1,-1,True,,,0.0,0.0,no_entry,False,False,1,1,7d1b2a7bc070
2026-08-21,US.SPY,SHORT,True,64,74,634,634,644,644,True,764.595,764.75,-0.15499999999997272,-0.00020272170233911119,soft_failure_loss,False,False,1,1,7d1b2a7bc070
2026-08-21,US.TSLA,LONG,False,-1,-1,-1,-1,-1,-1,True,,,0.0,0.0,no_entry,False,False,1,1,7d1b2a7bc070
2026-08-21,US.TSLA,SHORT,False,-1,-1,-1,-1,-1,-1,True,,,0.0,0.0,no_entry,False,False,1,1,7d1b2a7bc070
2026-08-24,US.AAPL,LONG,True,36,37,606,606,607,607,True,312.455,312.29,-0.16499999999996362,-0.0005280760429500685,soft_failure_loss,False,False,1,1,7d1b2a7bc070
2026-08-24,US.AAPL,SHORT,False,-1,-1,-1,-1,-1,-1,True,,,0.0,0.0,no_entry,False,False,1,1,7d1b2a7bc070
2026-08-24,US.AMD,LONG,False,-1,-1,-1,-1,-1,-1,True,,,0.0,0.0,no_entry,False,False,1,1,7d1b2a7bc070
2026-08-24,US.AMD,SHORT,True,37,45,607,607,615,615,True,454.06,454.31,-0.25,-0.0005505880280139188,failed_followthrough,False,False,1,1,7d1b2a7bc070
2026-08-24,US.IWM,LONG,False,-1,-1,-1,-1,-1,-1,True,,,0.0,0.0,no_entry,False,False,1,1,7d1b2a7bc070
2026-08-24,US.IWM,SHORT,True,35,36,605,605,606,606,True,298.35,298.45,-0.0999999999999659,-0.0003351768057649267,soft_failure_loss,False,False,1,1,7d1b2a7bc070
2026-08-24,US.META,LONG,True,45,47,615,615,617,617,True,553.32,553.01,-0.3100000000000591,-0.0005602544639630939,soft_failure_loss,False,False,1,1,7d1b2a7bc070
2026-08-24,US.META,SHORT,False,-1,-1,-1,-1,-1,-1,True,,,0.0,0.0,no_entry,False,False,1,1,7d1b2a7bc070
2026-08-24,US.MSFT,LONG,True,74,81,644,644,651,651,True,486.986,486.96,-0.02600000000001046,-5.3389625163783886e-05,failed_followthrough,False,False,1,1,7d1b2a7bc070
2026-08-24,US.MSFT,SHORT,False,-1,-1,-1,-1,-1,-1,True,,,0.0,0.0,no_entry,False,False,1,1,7d1b2a7bc070
2026-08-24,US.MU,LONG,False,-1,-1,-1,-1,-1,-1,True,,,0.0,0.0,no_entry,False,False,1,1,7d1b2a7bc070
2026-08-24,US.MU,SHORT,True,26,64,596,596,634,634,True,900.4725,900.52,-0.04750000000001364,-5.275008398370149e-05,failed_followthrough,False,False,1,1,7d1b2a7bc070
2026-08-24,US.NVDA,LONG,False,-1,-1,-1,-1,-1,-1,True,,,0.0,0.0,no_entry,False,False,1,1,7d1b2a7bc070
2026-08-24,US.NVDA,SHORT,False,-1,-1,-1,-1,-1,-1,True,,,0.0,0.0,no_entry,False,False,1,1,7d1b2a7bc070
2026-08-24,US.QQQ,LONG,False,-1,-1,-1,-1,-1,-1,True,,,0.0,0.0,no_entry,False,False,1,1,7d1b2a7bc070
2026-08-24,US.QQQ,SHORT,False,-1,-1,-1,-1,-1,-1,True,,,0.0,0.0,no_entry,False,False,1,1,7d1b2a7bc070
2026-08-24,US.SPY,LONG,False,-1,-1,-1,-1,-1,-1,True,,,0.0,0.0,no_entry,False,False,1,1,7d1b2a7bc070
2026-08-24,US.SPY,SHORT,False,-1,-1,-1,-1,-1,-1,True,,,0.0,0.0,no_entry,False,False,1,1,7d1b2a7bc070
2026-08-24,US.TSLA,LONG,False,-1,-1,-1,-1,-1,-1,True,,,0.0,0.0,no_entry,False,False,1,1,7d1b2a7bc070
2026-08-24,US.TSLA,SHORT,False,-1,-1,-1,-1,-1,-1,True,,,0.0,0.0,no_entry,False,False,1,1,7d1b2a7bc070
2026-08-25,US.AAPL,LONG,False,-1,-1,-1,-1,-1,-1,True,,,0.0,0.0,no_entry,False,False,1,1,7d1b2a7bc070
2026-08-25,US.AAPL,SHORT,True,60,61,630,630,631,631,True,310.08,310.35,-0.27000000000003865,-0.0008707430340558522,soft_failure_loss,False,False,1,1,7d1b2a7bc070
2026-08-25,US.AMD,LONG,True,95,97,665,665,667,667,True,478.28,477.85,-0.42999999999995,-0.0008990549468929288,soft_failure_loss,False,False,1,1,7d1b2a7bc070
2026-08-25,US.AMD,SHORT,False,-1,-1,-1,-1,-1,-1,True,,,0.0,0.0,no_entry,False,False,1,1,7d1b2a7bc070
2026-08-25,US.IWM,LONG,False,-1,-1,-1,-1,-1,-1,True,,,0.0,0.0,no_entry,False,False,1,1,7d1b2a7bc070
2026-08-25,US.IWM,SHORT,True,37,41,607,607,611,611,True,298.42,298.6,-0.18000000000000682,-0.000603176730782142,soft_failure_loss,False,False,1,1,7d1b2a7bc070
2026-08-25,US.META,LONG,False,-1,-1,-1,-1,-1,-1,True,,,0.0,0.0,no_entry,False,False,1,1,7d1b2a7bc070
2026-08-25,US.META,SHORT,True,54,60,624,624,630,630,True,563.045,562.94,0.1049999999999045,0.00018648598247014806,failed_followthrough,False,False,1,1,7d1b2a7bc070
2026-08-25,US.MSFT,LONG,True,84,86,654,654,656,656,True,489.01,488.64,-0.37000000000000455,-0.000756630743747581,soft_failure_loss,False,False,1,1,7d1b2a7bc070
2026-08-25,US.MSFT,SHORT,False,-1,-1,-1,-1,-1,-1,True,,,0.0,0.0,no_entry,False,False,1,1,7d1b2a7bc070
2026-08-25,US.MU,LONG,False,-1,-1,-1,-1,-1,-1,True,,,0.0,0.0,no_entry,False,False,1,1,7d1b2a7bc070
2026-08-25,US.MU,SHORT,True,46,56,616,616,626,626,True,924.0309,926.8549,-2.824000000000069,-0.003056174853027176,failed_followthrough,False,False,1,1,7d1b2a7bc070
2026-08-25,US.NVDA,LONG,True,31,38,601,601,608,608,True,212.929038858,212.841836435,-0.08720242300000791,-0.0004095374847305925,soft_failure_loss,False,False,1,1,7d1b2a7bc070
2026-08-25,US.NVDA,SHORT,False,-1,-1,-1,-1,-1,-1,True,,,0.0,0.0,no_entry,False,False,1,1,7d1b2a7bc070
2026-08-25,US.QQQ,LONG,True,17,21,587,587,591,591,True,713.3,712.93,-0.37000000000000455,-0.0005187158278424289,soft_failure_loss,False,False,1,1,7d1b2a7bc070
2026-08-25,US.QQQ,SHORT,True,137,144,707,707,714,714,True,710.04,710.28,-0.2400000000000091,-0.0003380091262464215,soft_failure_loss,False,False,1,1,7d1b2a7bc070
2026-08-25,US.SPY,LONG,False,-1,-1,-1,-1,-1,-1,True,,,0.0,0.0,no_entry,False,False,1,1,7d1b2a7bc070
2026-08-25,US.SPY,SHORT,True,33,49,603,603,619,619,True,765.48,765.5099,-0.029899999999997817,-3.906045879709178e-05,failed_followthrough,False,False,1,1,7d1b2a7bc070
2026-08-25,US.TSLA,LONG,True,17,20,587,587,590,590,True,352.31,352.1501,-0.15989999999999327,-0.00045386165592799883,soft_failure_loss,False,False,1,1,7d1b2a7bc070
2026-08-25,US.TSLA,SHORT,False,-1,-1,-1,-1,-1,-1,True,,,0.0,0.0,no_entry,False,False,1,1,7d1b2a7bc070
2026-08-26,US.AAPL,LONG,True,33,60,603,603,630,630,True,311.98,311.8,-0.18000000000000682,-0.0005769600615424284,failed_followthrough,False,False,1,1,7d1b2a7bc070
2026-08-26,US.AAPL,SHORT,False,-1,-1,-1,-1,-1,-1,True,,,0.0,0.0,no_entry,False,False,1,1,7d1b2a7bc070
2026-08-26,US.AMD,LONG,True,22,33,592,592,603,603,True,488.8999,487.93,-0.9698999999999955,-0.001983841682111196,soft_failure_loss,False,False,1,1,7d1b2a7bc070
2026-08-26,US.AMD,SHORT,False,-1,-1,-1,-1,-1,-1,True,,,0.0,0.0,no_entry,False,False,1,1,7d1b2a7bc070
2026-08-26,US.IWM,LONG,True,21,46,591,591,616,616,True,299.37,299.33,-0.040000000000020464,-0.00013361392257080023,failed_followthrough,False,False,1,1,7d1b2a7bc070
2026-08-26,US.IWM,SHORT,False,-1,-1,-1,-1,-1,-1,True,,,0.0,0.0,no_entry,False,False,1,1,7d1b2a7bc070
2026-08-26,US.META,LONG,False,-1,-1,-1,-1,-1,-1,True,,,0.0,0.0,no_entry,False,False,1,1,7d1b2a7bc070
2026-08-26,US.META,SHORT,False,-1,-1,-1,-1,-1,-1,True,,,0.0,0.0,no_entry,False,False,1,1,7d1b2a7bc070
2026-08-26,US.MSFT,LONG,True,31,32,601,601,602,602,True,495.375,495.09,-0.285000000000025,-0.0005753217259652284,soft_failure_loss,False,False,1,1,7d1b2a7bc070
2026-08-26,US.MSFT,SHORT,False,-1,-1,-1,-1,-1,-1,True,,,0.0,0.0,no_entry,False,False,1,1,7d1b2a7bc070
2026-08-26,US.MU,LONG,True,126,139,696,696,709,709,True,943.16,942.94,-0.2199999999999136,-0.0002332584079052479,failed_followthrough,False,False,1,1,7d1b2a7bc070
2026-08-26,US.MU,SHORT,False,-1,-1,-1,-1,-1,-1,True,,,0.0,0.0,no_entry,False,False,1,1,7d1b2a7bc070
2026-08-26,US.NVDA,LONG,False,-1,-1,-1,-1,-1,-1,True,,,0.0,0.0,no_entry,False,False,1,1,7d1b2a7bc070
2026-08-26,US.NVDA,SHORT,False,-1,-1,-1,-1,-1,-1,True,,,0.0,0.0,no_entry,False,False,1,1,7d1b2a7bc070
2026-08-26,US.QQQ,LONG,True,26,31,596,596,601,601,True,711.8,711.66,-0.13999999999998636,-0.00019668446192748859,failed_followthrough,False,False,1,1,7d1b2a7bc070
2026-08-26,US.QQQ,SHORT,False,-1,-1,-1,-1,-1,-1,True,,,0.0,0.0,no_entry,False,False,1,1,7d1b2a7bc070
2026-08-26,US.SPY,LONG,True,28,39,598,598,609,609,True,766.6456,766.65,0.004400000000032378,5.739288140481571e-06,failed_followthrough,False,False,1,1,7d1b2a7bc070
2026-08-26,US.SPY,SHORT,False,-1,-1,-1,-1,-1,-1,True,,,0.0,0.0,no_entry,False,False,1,1,7d1b2a7bc070
2026-08-26,US.TSLA,LONG,False,-1,-1,-1,-1,-1,-1,True,,,0.0,0.0,no_entry,False,False,1,1,7d1b2a7bc070
2026-08-26,US.TSLA,SHORT,False,-1,-1,-1,-1,-1,-1,True,,,0.0,0.0,no_entry,False,False,1,1,7d1b2a7bc070
2026-08-27,US.AAPL,LONG,False,-1,-1,-1,-1,-1,-1,True,,,0.0,0.0,no_entry,False,False,1,1,7d1b2a7bc070
2026-08-27,US.AAPL,SHORT,False,-1,-1,-1,-1,-1,-1,True,,,0.0,0.0,no_entry,False,False,1,1,7d1b2a7bc070
2026-08-27,US.AMD,LONG,False,-1,-1,-1,-1,-1,-1,True,,,0.0,0.0,no_entry,False,False,1,1,7d1b2a7bc070
2026-08-27,US.AMD,SHORT,False,-1,-1,-1,-1,-1,-1,True,,,0.0,0.0,no_entry,False,False,1,1,7d1b2a7bc070
2026-08-27,US.IWM,LONG,False,-1,-1,-1,-1,-1,-1,True,,,0.0,0.0,no_entry,False,False,1,1,7d1b2a7bc070
2026-08-27,US.IWM,SHORT,False,-1,-1,-1,-1,-1,-1,True,,,0.0,0.0,no_entry,False,False,1,1,7d1b2a7bc070
2026-08-27,US.META,LONG,False,-1,-1,-1,-1,-1,-1,True,,,0.0,0.0,no_entry,False,False,1,1,7d1b2a7bc070
2026-08-27,US.META,SHORT,False,-1,-1,-1,-1,-1,-1,True,,,0.0,0.0,no_entry,False,False,1,1,7d1b2a7bc070
2026-08-27,US.MSFT,LONG,False,-1,-1,-1,-1,-1,-1,True,,,0.0,0.0,no_entry,False,False,1,1,7d1b2a7bc070
2026-08-27,US.MSFT,SHORT,False,-1,-1,-1,-1,-1,-1,True,,,0.0,0.0,no_entry,False,False,1,1,7d1b2a7bc070
2026-08-27,US.MU,LONG,False,-1,-1,-1,-1,-1,-1,True,,,0.0,0.0,no_entry,False,False,1,1,7d1b2a7bc070
2026-08-27,US.MU,SHORT,False,-1,-1,-1,-1,-1,-1,True,,,0.0,0.0,no_entry,False,False,1,1,7d1b2a7bc070
2026-08-27,US.NVDA,LONG,False,-1,-1,-1,-1,-1,-1,True,,,0.0,0.0,no_entry,False,False,1,1,7d1b2a7bc070
2026-08-27,US.NVDA,SHORT,False,-1,-1,-1,-1,-1,-1,True,,,0.0,0.0,no_entry,False,False,1,1,7d1b2a7bc070
2026-08-27,US.QQQ,LONG,True,143,162,713,713,732,732,True,718.48,718.465,-0.014999999999986358,-2.0877407861020985e-05,failed_followthrough,False,False,1,1,7d1b2a7bc070
2026-08-27,US.QQQ,SHORT,False,-1,-1,-1,-1,-1,-1,True,,,0.0,0.0,no_entry,False,False,1,1,7d1b2a7bc070
2026-08-27,US.SPY,LONG,True,49,50,619,619,620,620,True,769.25,769.16,-0.09000000000003183,-0.00011699707507316455,soft_failure_loss,False,False,1,1,7d1b2a7bc070
2026-08-27,US.SPY,SHORT,False,-1,-1,-1,-1,-1,-1,True,,,0.0,0.0,no_entry,False,False,1,1,7d1b2a7bc070
2026-08-27,US.TSLA,LONG,True,145,146,715,715,716,716,True,352.315,351.8792,-0.435799999999972,-0.0012369612420702269,soft_failure_loss,False,False,1,1,7d1b2a7bc070
2026-08-27,US.TSLA,SHORT,False,-1,-1,-1,-1,-1,-1,True,,,0.0,0.0,no_entry,False,False,1,1,7d1b2a7bc070
2026-08-28,US.AAPL,LONG,False,-1,-1,-1,-1,-1,-1,True,,,0.0,0.0,no_entry,False,False,1,1,7d1b2a7bc070
2026-08-28,US.AAPL,SHORT,False,-1,-1,-1,-1,-1,-1,True,,,0.0,0.0,no_entry,False,False,1,1,7d1b2a7bc070
2026-08-28,US.AMD,LONG,True,67,72,637,637,642,642,True,476.61,475.89,-0.7200000000000273,-0.0015106691005224969,soft_failure_loss,False,False,1,1,7d1b2a7bc070
2026-08-28,US.AMD,SHORT,False,-1,-1,-1,-1,-1,-1,True,,,0.0,0.0,no_entry,False,False,1,1,7d1b2a7bc070
2026-08-28,US.IWM,LONG,False,-1,-1,-1,-1,-1,-1,True,,,0.0,0.0,no_entry,False,False,1,1,7d1b2a7bc070
2026-08-28,US.IWM,SHORT,False,-1,-1,-1,-1,-1,-1,True,,,0.0,0.0,no_entry,False,False,1,1,7d1b2a7bc070
2026-08-28,US.META,LONG,False,-1,-1,-1,-1,-1,-1,True,,,0.0,0.0,no_entry,False,False,1,1,7d1b2a7bc070
2026-08-28,US.META,SHORT,False,-1,-1,-1,-1,-1,-1,True,,,0.0,0.0,no_entry,False,False,1,1,7d1b2a7bc070
2026-08-28,US.MSFT,LONG,False,-1,-1,-1,-1,-1,-1,True,,,0.0,0.0,no_entry,False,False,1,1,7d1b2a7bc070
2026-08-28,US.MSFT,SHORT,False,-1,-1,-1,-1,-1,-1,True,,,0.0,0.0,no_entry,False,False,1,1,7d1b2a7bc070
2026-08-28,US.MU,LONG,True,50,131,620,620,701,701,True,934.765,932.17,-2.5950000000000273,-0.002776098805582181,failed_followthrough,False,False,1,1,7d1b2a7bc070
2026-08-28,US.MU,SHORT,False,-1,-1,-1,-1,-1,-1,True,,,0.0,0.0,no_entry,False,False,1,1,7d1b2a7bc070
2026-08-28,US.NVDA,LONG,False,-1,-1,-1,-1,-1,-1,True,,,0.0,0.0,no_entry,False,False,1,1,7d1b2a7bc070
2026-08-28,US.NVDA,SHORT,True,95,375,665,665,-1,945,True,225.427753176,216.942248198,8.485504978000023,0.037641793694208836,scheduled_flatten,True,False,1,1,7d1b2a7bc070
2026-08-28,US.QQQ,LONG,False,-1,-1,-1,-1,-1,-1,True,,,0.0,0.0,no_entry,False,False,1,1,7d1b2a7bc070
2026-08-28,US.QQQ,SHORT,False,-1,-1,-1,-1,-1,-1,True,,,0.0,0.0,no_entry,False,False,1,1,7d1b2a7bc070
2026-08-28,US.SPY,LONG,False,-1,-1,-1,-1,-1,-1,True,,,0.0,0.0,no_entry,False,False,1,1,7d1b2a7bc070
2026-08-28,US.SPY,SHORT,True,34,35,604,604,605,605,True,771.45,771.7381,-0.2880999999999858,-0.00037345258927990897,soft_failure_loss,False,False,1,1,7d1b2a7bc070
2026-08-28,US.TSLA,LONG,False,-1,-1,-1,-1,-1,-1,True,,,0.0,0.0,no_entry,False,False,1,1,7d1b2a7bc070
2026-08-28,US.TSLA,SHORT,True,110,111,680,680,681,681,True,353.29,353.5755,-0.28549999999995634,-0.0008081179767328719,soft_failure_loss,False,False,1,1,7d1b2a7bc070
2026-08-31,US.AAPL,LONG,False,-1,-1,-1,-1,-1,-1,True,,,0.0,0.0,no_entry,False,False,1,1,7d1b2a7bc070
2026-08-31,US.AAPL,SHORT,False,-1,-1,-1,-1,-1,-1,True,,,0.0,0.0,no_entry,False,False,1,1,7d1b2a7bc070
2026-08-31,US.AMD,LONG,False,-1,-1,-1,-1,-1,-1,True,,,0.0,0.0,no_entry,False,False,1,1,7d1b2a7bc070
2026-08-31,US.AMD,SHORT,False,-1,-1,-1,-1,-1,-1,True,,,0.0,0.0,no_entry,False,False,1,1,7d1b2a7bc070
2026-08-31,US.IWM,LONG,False,-1,-1,-1,-1,-1,-1,True,,,0.0,0.0,no_entry,False,False,1,1,7d1b2a7bc070
2026-08-31,US.IWM,SHORT,True,36,43,606,606,613,613,True,293.48,293.475,0.0049999999999954525,1.703693607740034e-05,failed_followthrough,False,False,1,1,7d1b2a7bc070
2026-08-31,US.META,LONG,False,-1,-1,-1,-1,-1,-1,True,,,0.0,0.0,no_entry,False,False,1,1,7d1b2a7bc070
2026-08-31,US.META,SHORT,True,53,67,623,623,637,637,True,570.9,570.94,-0.04000000000007731,-7.006480994933843e-05,failed_followthrough,False,False,1,1,7d1b2a7bc070
2026-08-31,US.MSFT,LONG,False,-1,-1,-1,-1,-1,-1,True,,,0.0,0.0,no_entry,False,False,1,1,7d1b2a7bc070
2026-08-31,US.MSFT,SHORT,False,-1,-1,-1,-1,-1,-1,True,,,0.0,0.0,no_entry,False,False,1,1,7d1b2a7bc070
2026-08-31,US.MU,LONG,True,87,89,657,657,659,659,True,948.36,946.16,-2.2000000000000455,-0.0023197941709899674,soft_failure_loss,False,False,1,1,7d1b2a7bc070
2026-08-31,US.MU,SHORT,False,-1,-1,-1,-1,-1,-1,True,,,0.0,0.0,no_entry,False,False,1,1,7d1b2a7bc070
2026-08-31,US.NVDA,LONG,True,110,128,680,680,698,698,True,219.43445949,219.444448312,0.009988821999996844,4.552075377409924e-05,failed_followthrough,False,False,1,1,7d1b2a7bc070
2026-08-31,US.NVDA,SHORT,False,-1,-1,-1,-1,-1,-1,True,,,0.0,0.0,no_entry,False,False,1,1,7d1b2a7bc070
2026-08-31,US.QQQ,LONG,False,-1,-1,-1,-1,-1,-1,True,,,0.0,0.0,no_entry,False,False,1,1,7d1b2a7bc070
2026-08-31,US.QQQ,SHORT,True,38,39,608,608,609,609,True,713.955,714.18,-0.22499999999990905,-0.0003151459125573867,soft_failure_loss,False,False,1,1,7d1b2a7bc070
2026-08-31,US.SPY,LONG,False,-1,-1,-1,-1,-1,-1,True,,,0.0,0.0,no_entry,False,False,1,1,7d1b2a7bc070
2026-08-31,US.SPY,SHORT,True,39,45,609,609,615,615,True,765.75,765.8,-0.049999999999954525,-6.529546196533402e-05,failed_followthrough,False,False,1,1,7d1b2a7bc070
2026-08-31,US.TSLA,LONG,False,-1,-1,-1,-1,-1,-1,True,,,0.0,0.0,no_entry,False,False,1,1,7d1b2a7bc070
2026-08-31,US.TSLA,SHORT,False,-1,-1,-1,-1,-1,-1,True,,,0.0,0.0,no_entry,False,False,1,1,7d1b2a7bc070
2026-09-01,US.AAPL,LONG,False,-1,-1,-1,-1,-1,-1,True,,,0.0,0.0,no_entry,False,False,1,1,7d1b2a7bc070
2026-09-01,US.AAPL,SHORT,False,-1,-1,-1,-1,-1,-1,True,,,0.0,0.0,no_entry,False,False,1,1,7d1b2a7bc070
2026-09-01,US.AMD,LONG,False,-1,-1,-1,-1,-1,-1,True,,,0.0,0.0,no_entry,False,False,1,1,7d1b2a7bc070
2026-09-01,US.AMD,SHORT,False,-1,-1,-1,-1,-1,-1,True,,,0.0,0.0,no_entry,False,False,1,1,7d1b2a7bc070
2026-09-01,US.IWM,LONG,False,-1,-1,-1,-1,-1,-1,True,,,0.0,0.0,no_entry,False,False,1,1,7d1b2a7bc070
2026-09-01,US.IWM,SHORT,False,-1,-1,-1,-1,-1,-1,True,,,0.0,0.0,no_entry,False,False,1,1,7d1b2a7bc070
2026-09-01,US.META,LONG,False,-1,-1,-1,-1,-1,-1,True,,,0.0,0.0,no_entry,False,False,1,1,7d1b2a7bc070
2026-09-01,US.META,SHORT,False,-1,-1,-1,-1,-1,-1,True,,,0.0,0.0,no_entry,False,False,1,1,7d1b2a7bc070
2026-09-01,US.MSFT,LONG,False,-1,-1,-1,-1,-1,-1,True,,,0.0,0.0,no_entry,False,False,1,1,7d1b2a7bc070
2026-09-01,US.MSFT,SHORT,False,-1,-1,-1,-1,-1,-1,True,,,0.0,0.0,no_entry,False,False,1,1,7d1b2a7bc070
2026-09-01,US.MU,LONG,False,-1,-1,-1,-1,-1,-1,True,,,0.0,0.0,no_entry,False,False,1,1,7d1b2a7bc070
2026-09-01,US.MU,SHORT,False,-1,-1,-1,-1,-1,-1,True,,,0.0,0.0,no_entry,False,False,1,1,7d1b2a7bc070
2026-09-01,US.NVDA,LONG,False,-1,-1,-1,-1,-1,-1,True,,,0.0,0.0,no_entry,False,False,1,1,7d1b2a7bc070
2026-09-01,US.NVDA,SHORT,False,-1,-1,-1,-1,-1,-1,True,,,0.0,0.0,no_entry,False,False,1,1,7d1b2a7bc070
2026-09-01,US.QQQ,LONG,False,-1,-1,-1,-1,-1,-1,True,,,0.0,0.0,no_entry,False,False,1,1,7d1b2a7bc070
2026-09-01,US.QQQ,SHORT,False,-1,-1,-1,-1,-1,-1,True,,,0.0,0.0,no_entry,False,False,1,1,7d1b2a7bc070
2026-09-01,US.SPY,LONG,True,114,116,684,684,686,686,True,763.39,763.255,-0.1349999999999909,-0.00017684276713081243,soft_failure_loss,False,False,1,1,7d1b2a7bc070
2026-09-01,US.SPY,SHORT,False,-1,-1,-1,-1,-1,-1,True,,,0.0,0.0,no_entry,False,False,1,1,7d1b2a7bc070
2026-09-01,US.TSLA,LONG,False,-1,-1,-1,-1,-1,-1,True,,,0.0,0.0,no_entry,False,False,1,1,7d1b2a7bc070
2026-09-01,US.TSLA,SHORT,False,-1,-1,-1,-1,-1,-1,True,,,0.0,0.0,no_entry,False,False,1,1,7d1b2a7bc070
2026-09-02,US.AAPL,LONG,False,-1,-1,-1,-1,-1,-1,True,,,0.0,0.0,no_entry,False,False,1,1,7d1b2a7bc070
2026-09-02,US.AAPL,SHORT,False,-1,-1,-1,-1,-1,-1,True,,,0.0,0.0,no_entry,False,False,1,1,7d1b2a7bc070
2026-09-02,US.AMD,LONG,False,-1,-1,-1,-1,-1,-1,True,,,0.0,0.0,no_entry,False,False,1,1,7d1b2a7bc070
2026-09-02,US.AMD,SHORT,True,36,37,606,606,607,607,True,454.267,454.88,-0.6129999999999995,-0.0013494266587711623,soft_failure_loss,False,False,1,1,7d1b2a7bc070
2026-09-02,US.IWM,LONG,True,126,127,696,696,697,697,True,292.88,292.86,-0.01999999999998181,-6.828735318212855e-05,soft_failure_loss,False,False,1,1,7d1b2a7bc070
2026-09-02,US.IWM,SHORT,False,-1,-1,-1,-1,-1,-1,True,,,0.0,0.0,no_entry,False,False,1,1,7d1b2a7bc070
2026-09-02,US.META,LONG,False,-1,-1,-1,-1,-1,-1,True,,,0.0,0.0,no_entry,False,False,1,1,7d1b2a7bc070
2026-09-02,US.META,SHORT,False,-1,-1,-1,-1,-1,-1,True,,,0.0,0.0,no_entry,False,False,1,1,7d1b2a7bc070
2026-09-02,US.MSFT,LONG,False,-1,-1,-1,-1,-1,-1,True,,,0.0,0.0,no_entry,False,False,1,1,7d1b2a7bc070
2026-09-02,US.MSFT,SHORT,False,-1,-1,-1,-1,-1,-1,True,,,0.0,0.0,no_entry,False,False,1,1,7d1b2a7bc070
2026-09-02,US.MU,LONG,False,-1,-1,-1,-1,-1,-1,True,,,0.0,0.0,no_entry,False,False,1,1,7d1b2a7bc070
2026-09-02,US.MU,SHORT,False,-1,-1,-1,-1,-1,-1,True,,,0.0,0.0,no_entry,False,False,1,1,7d1b2a7bc070
2026-09-02,US.NVDA,LONG,True,29,324,599,599,894,894,True,219.903934162,224.089250919,4.185316756999981,0.019032477854246662,trailing,False,False,1,1,7d1b2a7bc070
2026-09-02,US.NVDA,SHORT,False,-1,-1,-1,-1,-1,-1,True,,,0.0,0.0,no_entry,False,False,1,1,7d1b2a7bc070
2026-09-02,US.QQQ,LONG,False,-1,-1,-1,-1,-1,-1,True,,,0.0,0.0,no_entry,False,False,1,1,7d1b2a7bc070
2026-09-02,US.QQQ,SHORT,True,25,27,595,595,597,597,True,705.41,705.9,-0.4900000000000091,-0.0006946314909060109,soft_failure_loss,False,False,1,1,7d1b2a7bc070
2026-09-02,US.SPY,LONG,False,-1,-1,-1,-1,-1,-1,True,,,0.0,0.0,no_entry,False,False,1,1,7d1b2a7bc070
2026-09-02,US.SPY,SHORT,False,-1,-1,-1,-1,-1,-1,True,,,0.0,0.0,no_entry,False,False,1,1,7d1b2a7bc070
2026-09-02,US.TSLA,LONG,False,-1,-1,-1,-1,-1,-1,True,,,0.0,0.0,no_entry,False,False,1,1,7d1b2a7bc070
2026-09-02,US.TSLA,SHORT,False,-1,-1,-1,-1,-1,-1,True,,,0.0,0.0,no_entry,False,False,1,1,7d1b2a7bc070
2026-09-03,US.AAPL,LONG,False,-1,-1,-1,-1,-1,-1,True,,,0.0,0.0,no_entry,False,False,1,1,7d1b2a7bc070
2026-09-03,US.AAPL,SHORT,False,-1,-1,-1,-1,-1,-1,True,,,0.0,0.0,no_entry,False,False,1,1,7d1b2a7bc070
2026-09-03,US.AMD,LONG,False,-1,-1,-1,-1,-1,-1,True,,,0.0,0.0,no_entry,False,False,1,1,7d1b2a7bc070
2026-09-03,US.AMD,SHORT,False,-1,-1,-1,-1,-1,-1,True,,,0.0,0.0,no_entry,False,False,1,1,7d1b2a7bc070
2026-09-03,US.IWM,LONG,False,-1,-1,-1,-1,-1,-1,True,,,0.0,0.0,no_entry,False,False,1,1,7d1b2a7bc070
2026-09-03,US.IWM,SHORT,False,-1,-1,-1,-1,-1,-1,True,,,0.0,0.0,no_entry,False,False,1,1,7d1b2a7bc070
2026-09-03,US.META,LONG,False,-1,-1,-1,-1,-1,-1,True,,,0.0,0.0,no_entry,False,False,1,1,7d1b2a7bc070
2026-09-03,US.META,SHORT,False,-1,-1,-1,-1,-1,-1,True,,,0.0,0.0,no_entry,False,False,1,1,7d1b2a7bc070
2026-09-03,US.MSFT,LONG,False,-1,-1,-1,-1,-1,-1,True,,,0.0,0.0,no_entry,False,False,1,1,7d1b2a7bc070
2026-09-03,US.MSFT,SHORT,False,-1,-1,-1,-1,-1,-1,True,,,0.0,0.0,no_entry,False,False,1,1,7d1b2a7bc070
2026-09-03,US.MU,LONG,False,-1,-1,-1,-1,-1,-1,True,,,0.0,0.0,no_entry,False,False,1,1,7d1b2a7bc070
2026-09-03,US.MU,SHORT,False,-1,-1,-1,-1,-1,-1,True,,,0.0,0.0,no_entry,False,False,1,1,7d1b2a7bc070
2026-09-03,US.NVDA,LONG,False,-1,-1,-1,-1,-1,-1,True,,,0.0,0.0,no_entry,False,False,1,1,7d1b2a7bc070
2026-09-03,US.NVDA,SHORT,False,-1,-1,-1,-1,-1,-1,True,,,0.0,0.0,no_entry,False,False,1,1,7d1b2a7bc070
2026-09-03,US.QQQ,LONG,False,-1,-1,-1,-1,-1,-1,True,,,0.0,0.0,no_entry,False,False,1,1,7d1b2a7bc070
2026-09-03,US.QQQ,SHORT,False,-1,-1,-1,-1,-1,-1,True,,,0.0,0.0,no_entry,False,False,1,1,7d1b2a7bc070
2026-09-03,US.SPY,LONG,False,-1,-1,-1,-1,-1,-1,True,,,0.0,0.0,no_entry,False,False,1,1,7d1b2a7bc070
2026-09-03,US.SPY,SHORT,False,-1,-1,-1,-1,-1,-1,True,,,0.0,0.0,no_entry,False,False,1,1,7d1b2a7bc070
2026-09-03,US.TSLA,LONG,False,-1,-1,-1,-1,-1,-1,True,,,0.0,0.0,no_entry,False,False,1,1,7d1b2a7bc070
2026-09-03,US.TSLA,SHORT,False,-1,-1,-1,-1,-1,-1,True,,,0.0,0.0,no_entry,False,False,1,1,7d1b2a7bc070
2026-09-04,US.AAPL,LONG,False,-1,-1,-1,-1,-1,-1,True,,,0.0,0.0,no_entry,False,False,1,1,7d1b2a7bc070
2026-09-04,US.AAPL,SHORT,False,-1,-1,-1,-1,-1,-1,True,,,0.0,0.0,no_entry,False,False,1,1,7d1b2a7bc070
2026-09-04,US.AMD,LONG,True,68,69,638,638,639,639,True,470.02,469.6,-0.4199999999999591,-0.0008935789966383539,soft_failure_loss,False,False,1,1,7d1b2a7bc070
2026-09-04,US.AMD,SHORT,False,-1,-1,-1,-1,-1,-1,True,,,0.0,0.0,no_entry,False,False,1,1,7d1b2a7bc070
2026-09-04,US.IWM,LONG,False,-1,-1,-1,-1,-1,-1,True,,,0.0,0.0,no_entry,False,False,1,1,7d1b2a7bc070
2026-09-04,US.IWM,SHORT,False,-1,-1,-1,-1,-1,-1,True,,,0.0,0.0,no_entry,False,False,1,1,7d1b2a7bc070
2026-09-04,US.META,LONG,False,-1,-1,-1,-1,-1,-1,True,,,0.0,0.0,no_entry,False,False,1,1,7d1b2a7bc070
2026-09-04,US.META,SHORT,False,-1,-1,-1,-1,-1,-1,True,,,0.0,0.0,no_entry,False,False,1,1,7d1b2a7bc070
2026-09-04,US.MSFT,LONG,False,-1,-1,-1,-1,-1,-1,True,,,0.0,0.0,no_entry,False,False,1,1,7d1b2a7bc070
2026-09-04,US.MSFT,SHORT,False,-1,-1,-1,-1,-1,-1,True,,,0.0,0.0,no_entry,False,False,1,1,7d1b2a7bc070
2026-09-04,US.MU,LONG,True,122,127,692,692,697,697,True,1000.34,999.355,-0.9850000000000136,-0.0009846652138273124,soft_failure_loss,False,False,1,1,7d1b2a7bc070
2026-09-04,US.MU,SHORT,False,-1,-1,-1,-1,-1,-1,True,,,0.0,0.0,no_entry,False,False,1,1,7d1b2a7bc070
2026-09-04,US.NVDA,LONG,True,32,38,602,602,608,608,True,233.658543171,233.313928784,-0.3446143869999787,-0.0014748632013329686,soft_failure_loss,False,False,1,1,7d1b2a7bc070
2026-09-04,US.NVDA,SHORT,False,-1,-1,-1,-1,-1,-1,True,,,0.0,0.0,no_entry,False,False,1,1,7d1b2a7bc070
2026-09-04,US.QQQ,LONG,True,24,40,594,594,610,610,True,720.868,720.77,-0.09800000000007003,-0.00013594721918585654,failed_followthrough,False,False,1,1,7d1b2a7bc070
2026-09-04,US.QQQ,SHORT,False,-1,-1,-1,-1,-1,-1,True,,,0.0,0.0,no_entry,False,False,1,1,7d1b2a7bc070
2026-09-04,US.SPY,LONG,False,-1,-1,-1,-1,-1,-1,True,,,0.0,0.0,no_entry,False,False,1,1,7d1b2a7bc070
2026-09-04,US.SPY,SHORT,True,39,375,609,609,-1,945,True,771.77,769.89,1.8799999999999955,0.0024359588996721764,scheduled_flatten,True,False,1,1,7d1b2a7bc070
2026-09-04,US.TSLA,LONG,False,-1,-1,-1,-1,-1,-1,True,,,0.0,0.0,no_entry,False,False,1,1,7d1b2a7bc070
2026-09-04,US.TSLA,SHORT,False,-1,-1,-1,-1,-1,-1,True,,,0.0,0.0,no_entry,False,False,1,1,7d1b2a7bc070
2026-09-08,US.AAPL,LONG,False,-1,-1,-1,-1,-1,-1,True,,,0.0,0.0,no_entry,False,False,1,1,7d1b2a7bc070
2026-09-08,US.AAPL,SHORT,False,-1,-1,-1,-1,-1,-1,True,,,0.0,0.0,no_entry,False,False,1,1,7d1b2a7bc070
2026-09-08,US.AMD,LONG,False,-1,-1,-1,-1,-1,-1,True,,,0.0,0.0,no_entry,False,False,1,1,7d1b2a7bc070
2026-09-08,US.AMD,SHORT,False,-1,-1,-1,-1,-1,-1,True,,,0.0,0.0,no_entry,False,False,1,1,7d1b2a7bc070
2026-09-08,US.IWM,LONG,False,-1,-1,-1,-1,-1,-1,True,,,0.0,0.0,no_entry,False,False,1,1,7d1b2a7bc070
2026-09-08,US.IWM,SHORT,False,-1,-1,-1,-1,-1,-1,True,,,0.0,0.0,no_entry,False,False,1,1,7d1b2a7bc070
2026-09-08,US.META,LONG,False,-1,-1,-1,-1,-1,-1,True,,,0.0,0.0,no_entry,False,False,1,1,7d1b2a7bc070
2026-09-08,US.META,SHORT,False,-1,-1,-1,-1,-1,-1,True,,,0.0,0.0,no_entry,False,False,1,1,7d1b2a7bc070
2026-09-08,US.MSFT,LONG,False,-1,-1,-1,-1,-1,-1,True,,,0.0,0.0,no_entry,False,False,1,1,7d1b2a7bc070
2026-09-08,US.MSFT,SHORT,True,66,67,636,636,637,637,True,491.06,491.6225,-0.5625,-0.0011454812039262004,soft_failure_loss,False,False,1,1,7d1b2a7bc070
2026-09-08,US.MU,LONG,False,-1,-1,-1,-1,-1,-1,True,,,0.0,0.0,no_entry,False,False,1,1,7d1b2a7bc070
2026-09-08,US.MU,SHORT,False,-1,-1,-1,-1,-1,-1,True,,,0.0,0.0,no_entry,False,False,1,1,7d1b2a7bc070
2026-09-08,US.NVDA,LONG,False,-1,-1,-1,-1,-1,-1,True,,,0.0,0.0,no_entry,False,False,1,1,7d1b2a7bc070
2026-09-08,US.NVDA,SHORT,False,-1,-1,-1,-1,-1,-1,True,,,0.0,0.0,no_entry,False,False,1,1,7d1b2a7bc070
2026-09-08,US.QQQ,LONG,False,-1,-1,-1,-1,-1,-1,True,,,0.0,0.0,no_entry,False,False,1,1,7d1b2a7bc070
2026-09-08,US.QQQ,SHORT,False,-1,-1,-1,-1,-1,-1,True,,,0.0,0.0,no_entry,False,False,1,1,7d1b2a7bc070
2026-09-08,US.SPY,LONG,False,-1,-1,-1,-1,-1,-1,True,,,0.0,0.0,no_entry,False,False,1,1,7d1b2a7bc070
2026-09-08,US.SPY,SHORT,False,-1,-1,-1,-1,-1,-1,True,,,0.0,0.0,no_entry,False,False,1,1,7d1b2a7bc070
2026-09-08,US.TSLA,LONG,False,-1,-1,-1,-1,-1,-1,True,,,0.0,0.0,no_entry,False,False,1,1,7d1b2a7bc070
2026-09-08,US.TSLA,SHORT,False,-1,-1,-1,-1,-1,-1,True,,,0.0,0.0,no_entry,False,False,1,1,7d1b2a7bc070
2026-09-09,US.AAPL,LONG,True,21,22,591,591,592,592,True,316.2799,316.14,-0.13990000000001146,-0.0004423297212374592,soft_failure_loss,False,False,1,1,7d1b2a7bc070
2026-09-09,US.AAPL,SHORT,False,-1,-1,-1,-1,-1,-1,True,,,0.0,0.0,no_entry,False,False,1,1,7d1b2a7bc070
2026-09-09,US.AMD,LONG,True,125,126,695,695,696,696,True,520.69,520.23,-0.4600000000000364,-0.0008834431235476701,soft_failure_loss,False,False,1,1,7d1b2a7bc070
2026-09-09,US.AMD,SHORT,False,-1,-1,-1,-1,-1,-1,True,,,0.0,0.0,no_entry,False,False,1,1,7d1b2a7bc070
2026-09-09,US.IWM,LONG,False,-1,-1,-1,-1,-1,-1,True,,,0.0,0.0,no_entry,False,False,1,1,7d1b2a7bc070
2026-09-09,US.IWM,SHORT,True,40,41,610,610,611,611,True,292.835,292.905,-0.06999999999999318,-0.00023904246418629324,soft_failure_loss,False,False,1,1,7d1b2a7bc070
2026-09-09,US.META,LONG,False,-1,-1,-1,-1,-1,-1,True,,,0.0,0.0,no_entry,False,False,1,1,7d1b2a7bc070
2026-09-09,US.META,SHORT,False,-1,-1,-1,-1,-1,-1,True,,,0.0,0.0,no_entry,False,False,1,1,7d1b2a7bc070
2026-09-09,US.MSFT,LONG,False,-1,-1,-1,-1,-1,-1,True,,,0.0,0.0,no_entry,False,False,1,1,7d1b2a7bc070
2026-09-09,US.MSFT,SHORT,False,-1,-1,-1,-1,-1,-1,True,,,0.0,0.0,no_entry,False,False,1,1,7d1b2a7bc070
2026-09-09,US.MU,LONG,True,141,142,711,711,712,712,True,1025.91,1023.3072,-2.6028000000001157,-0.0025370646547943927,soft_failure_loss,False,False,1,1,7d1b2a7bc070
2026-09-09,US.MU,SHORT,False,-1,-1,-1,-1,-1,-1,True,,,0.0,0.0,no_entry,False,False,1,1,7d1b2a7bc070
2026-09-09,US.NVDA,LONG,False,-1,-1,-1,-1,-1,-1,True,,,0.0,0.0,no_entry,False,False,1,1,7d1b2a7bc070
2026-09-09,US.NVDA,SHORT,True,22,23,592,592,593,593,True,224.279038552,224.388915603,-0.1098770509999838,-0.0004899122615710177,soft_failure_loss,False,False,1,1,7d1b2a7bc070
2026-09-09,US.QQQ,LONG,True,24,102,594,594,672,672,True,717.8,714.9,-2.8999999999999773,-0.004040122596823596,trailing,False,False,1,1,7d1b2a7bc070
2026-09-09,US.QQQ,SHORT,False,-1,-1,-1,-1,-1,-1,True,,,0.0,0.0,no_entry,False,False,1,1,7d1b2a7bc070
2026-09-09,US.SPY,LONG,False,-1,-1,-1,-1,-1,-1,True,,,0.0,0.0,no_entry,False,False,1,1,7d1b2a7bc070
2026-09-09,US.SPY,SHORT,True,56,58,626,626,628,628,True,763.1,763.42,-0.31999999999993634,-0.0004193421569911366,soft_failure_loss,False,False,1,1,7d1b2a7bc070
2026-09-09,US.TSLA,LONG,False,-1,-1,-1,-1,-1,-1,True,,,0.0,0.0,no_entry,False,False,1,1,7d1b2a7bc070
2026-09-09,US.TSLA,SHORT,False,-1,-1,-1,-1,-1,-1,True,,,0.0,0.0,no_entry,False,False,1,1,7d1b2a7bc070
2026-09-10,US.AAPL,LONG,False,-1,-1,-1,-1,-1,-1,True,,,0.0,0.0,no_entry,False,False,1,1,7d1b2a7bc070
2026-09-10,US.AAPL,SHORT,False,-1,-1,-1,-1,-1,-1,True,,,0.0,0.0,no_entry,False,False,1,1,7d1b2a7bc070
2026-09-10,US.AMD,LONG,False,-1,-1,-1,-1,-1,-1,True,,,0.0,0.0,no_entry,False,False,1,1,7d1b2a7bc070
2026-09-10,US.AMD,SHORT,True,32,33,602,602,603,603,True,507.59,508.44,-0.8500000000000227,-0.0016745798774601998,soft_failure_loss,False,False,1,1,7d1b2a7bc070
2026-09-10,US.IWM,LONG,False,-1,-1,-1,-1,-1,-1,True,,,0.0,0.0,no_entry,False,False,1,1,7d1b2a7bc070
2026-09-10,US.IWM,SHORT,False,-1,-1,-1,-1,-1,-1,True,,,0.0,0.0,no_entry,False,False,1,1,7d1b2a7bc070
2026-09-10,US.META,LONG,False,-1,-1,-1,-1,-1,-1,True,,,0.0,0.0,no_entry,False,False,1,1,7d1b2a7bc070
2026-09-10,US.META,SHORT,False,-1,-1,-1,-1,-1,-1,True,,,0.0,0.0,no_entry,False,False,1,1,7d1b2a7bc070
2026-09-10,US.MSFT,LONG,False,-1,-1,-1,-1,-1,-1,True,,,0.0,0.0,no_entry,False,False,1,1,7d1b2a7bc070
2026-09-10,US.MSFT,SHORT,False,-1,-1,-1,-1,-1,-1,True,,,0.0,0.0,no_entry,False,False,1,1,7d1b2a7bc070
2026-09-10,US.MU,LONG,False,-1,-1,-1,-1,-1,-1,True,,,0.0,0.0,no_entry,False,False,1,1,7d1b2a7bc070
2026-09-10,US.MU,SHORT,False,-1,-1,-1,-1,-1,-1,True,,,0.0,0.0,no_entry,False,False,1,1,7d1b2a7bc070
2026-09-10,US.NVDA,LONG,False,-1,-1,-1,-1,-1,-1,True,,,0.0,0.0,no_entry,False,False,1,1,7d1b2a7bc070
2026-09-10,US.NVDA,SHORT,True,32,33,602,602,603,603,True,217.94,218.34,-0.4000000000000057,-0.0018353675323483788,soft_failure_loss,False,False,1,1,7d1b2a7bc070
2026-09-10,US.QQQ,LONG,False,-1,-1,-1,-1,-1,-1,True,,,0.0,0.0,no_entry,False,False,1,1,7d1b2a7bc070
2026-09-10,US.QQQ,SHORT,False,-1,-1,-1,-1,-1,-1,True,,,0.0,0.0,no_entry,False,False,1,1,7d1b2a7bc070
2026-09-10,US.SPY,LONG,False,-1,-1,-1,-1,-1,-1,True,,,0.0,0.0,no_entry,False,False,1,1,7d1b2a7bc070
2026-09-10,US.SPY,SHORT,True,32,44,602,602,614,614,True,757.55,757.64,-0.09000000000003183,-0.0001188040393373795,failed_followthrough,False,False,1,1,7d1b2a7bc070
2026-09-10,US.TSLA,LONG,True,118,119,688,688,689,689,True,366.81,366.57,-0.2400000000000091,-0.0006542896867588373,soft_failure_loss,False,False,1,1,7d1b2a7bc070
2026-09-10,US.TSLA,SHORT,False,-1,-1,-1,-1,-1,-1,True,,,0.0,0.0,no_entry,False,False,1,1,7d1b2a7bc070
2026-09-11,US.AAPL,LONG,False,-1,-1,-1,-1,-1,-1,True,,,0.0,0.0,no_entry,False,False,1,1,7d1b2a7bc070
2026-09-11,US.AAPL,SHORT,False,-1,-1,-1,-1,-1,-1,True,,,0.0,0.0,no_entry,False,False,1,1,7d1b2a7bc070
2026-09-11,US.AMD,LONG,True,101,103,671,671,673,673,True,514.74,513.76,-0.9800000000000182,-0.0019038738003652681,soft_failure_loss,False,False,1,1,7d1b2a7bc070
2026-09-11,US.AMD,SHORT,False,-1,-1,-1,-1,-1,-1,True,,,0.0,0.0,no_entry,False,False,1,1,7d1b2a7bc070
2026-09-11,US.IWM,LONG,False,-1,-1,-1,-1,-1,-1,True,,,0.0,0.0,no_entry,False,False,1,1,7d1b2a7bc070
2026-09-11,US.IWM,SHORT,False,-1,-1,-1,-1,-1,-1,True,,,0.0,0.0,no_entry,False,False,1,1,7d1b2a7bc070
2026-09-11,US.META,LONG,False,-1,-1,-1,-1,-1,-1,True,,,0.0,0.0,no_entry,False,False,1,1,7d1b2a7bc070
2026-09-11,US.META,SHORT,False,-1,-1,-1,-1,-1,-1,True,,,0.0,0.0,no_entry,False,False,1,1,7d1b2a7bc070
2026-09-11,US.MSFT,LONG,False,-1,-1,-1,-1,-1,-1,True,,,0.0,0.0,no_entry,False,False,1,1,7d1b2a7bc070
2026-09-11,US.MSFT,SHORT,False,-1,-1,-1,-1,-1,-1,True,,,0.0,0.0,no_entry,False,False,1,1,7d1b2a7bc070
2026-09-11,US.MU,LONG,False,-1,-1,-1,-1,-1,-1,True,,,0.0,0.0,no_entry,False,False,1,1,7d1b2a7bc070
2026-09-11,US.MU,SHORT,False,-1,-1,-1,-1,-1,-1,True,,,0.0,0.0,no_entry,False,False,1,1,7d1b2a7bc070
2026-09-11,US.NVDA,LONG,True,54,61,624,624,631,631,True,221.5,221.253573,-0.24642700000001128,-0.0011125372460497123,soft_failure_loss,False,False,1,1,7d1b2a7bc070
2026-09-11,US.NVDA,SHORT,False,-1,-1,-1,-1,-1,-1,True,,,0.0,0.0,no_entry,False,False,1,1,7d1b2a7bc070
2026-09-11,US.QQQ,LONG,True,17,19,587,587,589,589,True,716.16,715.48,-0.67999999999995,-0.0009495084897228972,soft_failure_loss,False,False,1,1,7d1b2a7bc070
2026-09-11,US.QQQ,SHORT,False,-1,-1,-1,-1,-1,-1,True,,,0.0,0.0,no_entry,False,False,1,1,7d1b2a7bc070
2026-09-11,US.SPY,LONG,False,-1,-1,-1,-1,-1,-1,True,,,0.0,0.0,no_entry,False,False,1,1,7d1b2a7bc070
2026-09-11,US.SPY,SHORT,False,-1,-1,-1,-1,-1,-1,True,,,0.0,0.0,no_entry,False,False,1,1,7d1b2a7bc070
2026-09-11,US.TSLA,LONG,False,-1,-1,-1,-1,-1,-1,True,,,0.0,0.0,no_entry,False,False,1,1,7d1b2a7bc070
2026-09-11,US.TSLA,SHORT,False,-1,-1,-1,-1,-1,-1,True,,,0.0,0.0,no_entry,False,False,1,1,7d1b2a7bc070
