date,symbol,direction,traded,entry_index,exit_index,entry_signal_close_minute,entry_minute,exit_signal_close_minute,exit_minute,exit_time_exact,entry_price,exit_price,pnl_points,gross_return,exit_reason,eod_flatten,unclosed,signal_minutes,execution_minutes,rule_id
2026-05-14,US.AAPL,LONG,False,-1,-1,-1,-1,-1,-1,True,,,0.0,0.0,no_entry,False,False,1,1,eccbb2802aac
2026-05-14,US.AAPL,SHORT,False,-1,-1,-1,-1,-1,-1,True,,,0.0,0.0,no_entry,False,False,1,1,eccbb2802aac
2026-05-14,US.AMD,LONG,False,-1,-1,-1,-1,-1,-1,True,,,0.0,0.0,no_entry,False,False,1,1,eccbb2802aac
2026-05-14,US.AMD,SHORT,False,-1,-1,-1,-1,-1,-1,True,,,0.0,0.0,no_entry,False,False,1,1,eccbb2802aac
2026-05-14,US.IWM,LONG,False,-1,-1,-1,-1,-1,-1,True,,,0.0,0.0,no_entry,False,False,1,1,eccbb2802aac
2026-05-14,US.IWM,SHORT,False,-1,-1,-1,-1,-1,-1,True,,,0.0,0.0,no_entry,False,False,1,1,eccbb2802aac
2026-05-14,US.META,LONG,False,-1,-1,-1,-1,-1,-1,True,,,0.0,0.0,no_entry,False,False,1,1,eccbb2802aac
2026-05-14,US.META,SHORT,False,-1,-1,-1,-1,-1,-1,True,,,0.0,0.0,no_entry,False,False,1,1,eccbb2802aac
2026-05-14,US.MSFT,LONG,False,-1,-1,-1,-1,-1,-1,True,,,0.0,0.0,no_entry,False,False,1,1,eccbb2802aac
2026-05-14,US.MSFT,SHORT,False,-1,-1,-1,-1,-1,-1,True,,,0.0,0.0,no_entry,False,False,1,1,eccbb2802aac
2026-05-14,US.MU,LONG,False,-1,-1,-1,-1,-1,-1,True,,,0.0,0.0,no_entry,False,False,1,1,eccbb2802aac
2026-05-14,US.MU,SHORT,False,-1,-1,-1,-1,-1,-1,True,,,0.0,0.0,no_entry,False,False,1,1,eccbb2802aac
2026-05-14,US.NVDA,LONG,False,-1,-1,-1,-1,-1,-1,True,,,0.0,0.0,no_entry,False,False,1,1,eccbb2802aac
2026-05-14,US.NVDA,SHORT,False,-1,-1,-1,-1,-1,-1,True,,,0.0,0.0,no_entry,False,False,1,1,eccbb2802aac
2026-05-14,US.QQQ,LONG,False,-1,-1,-1,-1,-1,-1,True,,,0.0,0.0,no_entry,False,False,1,1,eccbb2802aac
2026-05-14,US.QQQ,SHORT,False,-1,-1,-1,-1,-1,-1,True,,,0.0,0.0,no_entry,False,False,1,1,eccbb2802aac
2026-05-14,US.SPY,LONG,False,-1,-1,-1,-1,-1,-1,True,,,0.0,0.0,no_entry,False,False,1,1,eccbb2802aac
2026-05-14,US.SPY,SHORT,False,-1,-1,-1,-1,-1,-1,True,,,0.0,0.0,no_entry,False,False,1,1,eccbb2802aac
2026-05-14,US.TSLA,LONG,False,-1,-1,-1,-1,-1,-1,True,,,0.0,0.0,no_entry,False,False,1,1,eccbb2802aac
2026-05-14,US.TSLA,SHORT,False,-1,-1,-1,-1,-1,-1,True,,,0.0,0.0,no_entry,False,False,1,1,eccbb2802aac
2026-05-15,US.AAPL,LONG,False,-1,-1,-1,-1,-1,-1,True,,,0.0,0.0,no_entry,False,False,1,1,eccbb2802aac
2026-05-15,US.AAPL,SHORT,False,-1,-1,-1,-1,-1,-1,True,,,0.0,0.0,no_entry,False,False,1,1,eccbb2802aac
2026-05-15,US.AMD,LONG,False,-1,-1,-1,-1,-1,-1,True,,,0.0,0.0,no_entry,False,False,1,1,eccbb2802aac
2026-05-15,US.AMD,SHORT,False,-1,-1,-1,-1,-1,-1,True,,,0.0,0.0,no_entry,False,False,1,1,eccbb2802aac
2026-05-15,US.IWM,LONG,False,-1,-1,-1,-1,-1,-1,True,,,0.0,0.0,no_entry,False,False,1,1,eccbb2802aac
2026-05-15,US.IWM,SHORT,False,-1,-1,-1,-1,-1,-1,True,,,0.0,0.0,no_entry,False,False,1,1,eccbb2802aac
2026-05-15,US.META,LONG,False,-1,-1,-1,-1,-1,-1,True,,,0.0,0.0,no_entry,False,False,1,1,eccbb2802aac
2026-05-15,US.META,SHORT,False,-1,-1,-1,-1,-1,-1,True,,,0.0,0.0,no_entry,False,False,1,1,eccbb2802aac
2026-05-15,US.MSFT,LONG,False,-1,-1,-1,-1,-1,-1,True,,,0.0,0.0,no_entry,False,False,1,1,eccbb2802aac
2026-05-15,US.MSFT,SHORT,False,-1,-1,-1,-1,-1,-1,True,,,0.0,0.0,no_entry,False,False,1,1,eccbb2802aac
2026-05-15,US.MU,LONG,False,-1,-1,-1,-1,-1,-1,True,,,0.0,0.0,no_entry,False,False,1,1,eccbb2802aac
2026-05-15,US.MU,SHORT,False,-1,-1,-1,-1,-1,-1,True,,,0.0,0.0,no_entry,False,False,1,1,eccbb2802aac
2026-05-15,US.NVDA,LONG,False,-1,-1,-1,-1,-1,-1,True,,,0.0,0.0,no_entry,False,False,1,1,eccbb2802aac
2026-05-15,US.NVDA,SHORT,False,-1,-1,-1,-1,-1,-1,True,,,0.0,0.0,no_entry,False,False,1,1,eccbb2802aac
2026-05-15,US.QQQ,LONG,False,-1,-1,-1,-1,-1,-1,True,,,0.0,0.0,no_entry,False,False,1,1,eccbb2802aac
2026-05-15,US.QQQ,SHORT,False,-1,-1,-1,-1,-1,-1,True,,,0.0,0.0,no_entry,False,False,1,1,eccbb2802aac
2026-05-15,US.SPY,LONG,False,-1,-1,-1,-1,-1,-1,True,,,0.0,0.0,no_entry,False,False,1,1,eccbb2802aac
2026-05-15,US.SPY,SHORT,False,-1,-1,-1,-1,-1,-1,True,,,0.0,0.0,no_entry,False,False,1,1,eccbb2802aac
2026-05-15,US.TSLA,LONG,False,-1,-1,-1,-1,-1,-1,True,,,0.0,0.0,no_entry,False,False,1,1,eccbb2802aac
2026-05-15,US.TSLA,SHORT,False,-1,-1,-1,-1,-1,-1,True,,,0.0,0.0,no_entry,False,False,1,1,eccbb2802aac
2026-05-18,US.AAPL,LONG,False,-1,-1,-1,-1,-1,-1,True,,,0.0,0.0,no_entry,False,False,1,1,eccbb2802aac
2026-05-18,US.AAPL,SHORT,False,-1,-1,-1,-1,-1,-1,True,,,0.0,0.0,no_entry,False,False,1,1,eccbb2802aac
2026-05-18,US.AMD,LONG,False,-1,-1,-1,-1,-1,-1,True,,,0.0,0.0,no_entry,False,False,1,1,eccbb2802aac
2026-05-18,US.AMD,SHORT,False,-1,-1,-1,-1,-1,-1,True,,,0.0,0.0,no_entry,False,False,1,1,eccbb2802aac
2026-05-18,US.IWM,LONG,False,-1,-1,-1,-1,-1,-1,True,,,0.0,0.0,no_entry,False,False,1,1,eccbb2802aac
2026-05-18,US.IWM,SHORT,False,-1,-1,-1,-1,-1,-1,True,,,0.0,0.0,no_entry,False,False,1,1,eccbb2802aac
2026-05-18,US.META,LONG,False,-1,-1,-1,-1,-1,-1,True,,,0.0,0.0,no_entry,False,False,1,1,eccbb2802aac
2026-05-18,US.META,SHORT,False,-1,-1,-1,-1,-1,-1,True,,,0.0,0.0,no_entry,False,False,1,1,eccbb2802aac
2026-05-18,US.MSFT,LONG,False,-1,-1,-1,-1,-1,-1,True,,,0.0,0.0,no_entry,False,False,1,1,eccbb2802aac
2026-05-18,US.MSFT,SHORT,False,-1,-1,-1,-1,-1,-1,True,,,0.0,0.0,no_entry,False,False,1,1,eccbb2802aac
2026-05-18,US.MU,LONG,False,-1,-1,-1,-1,-1,-1,True,,,0.0,0.0,no_entry,False,False,1,1,eccbb2802aac
2026-05-18,US.MU,SHORT,False,-1,-1,-1,-1,-1,-1,True,,,0.0,0.0,no_entry,False,False,1,1,eccbb2802aac
2026-05-18,US.NVDA,LONG,False,-1,-1,-1,-1,-1,-1,True,,,0.0,0.0,no_entry,False,False,1,1,eccbb2802aac
2026-05-18,US.NVDA,SHORT,False,-1,-1,-1,-1,-1,-1,True,,,0.0,0.0,no_entry,False,False,1,1,eccbb2802aac
2026-05-18,US.QQQ,LONG,False,-1,-1,-1,-1,-1,-1,True,,,0.0,0.0,no_entry,False,False,1,1,eccbb2802aac
2026-05-18,US.QQQ,SHORT,False,-1,-1,-1,-1,-1,-1,True,,,0.0,0.0,no_entry,False,False,1,1,eccbb2802aac
2026-05-18,US.SPY,LONG,False,-1,-1,-1,-1,-1,-1,True,,,0.0,0.0,no_entry,False,False,1,1,eccbb2802aac
2026-05-18,US.SPY,SHORT,False,-1,-1,-1,-1,-1,-1,True,,,0.0,0.0,no_entry,False,False,1,1,eccbb2802aac
2026-05-18,US.TSLA,LONG,False,-1,-1,-1,-1,-1,-1,True,,,0.0,0.0,no_entry,False,False,1,1,eccbb2802aac
2026-05-18,US.TSLA,SHORT,False,-1,-1,-1,-1,-1,-1,True,,,0.0,0.0,no_entry,False,False,1,1,eccbb2802aac
2026-05-19,US.AAPL,LONG,False,-1,-1,-1,-1,-1,-1,True,,,0.0,0.0,no_entry,False,False,1,1,eccbb2802aac
2026-05-19,US.AAPL,SHORT,False,-1,-1,-1,-1,-1,-1,True,,,0.0,0.0,no_entry,False,False,1,1,eccbb2802aac
2026-05-19,US.AMD,LONG,False,-1,-1,-1,-1,-1,-1,True,,,0.0,0.0,no_entry,False,False,1,1,eccbb2802aac
2026-05-19,US.AMD,SHORT,False,-1,-1,-1,-1,-1,-1,True,,,0.0,0.0,no_entry,False,False,1,1,eccbb2802aac
2026-05-19,US.IWM,LONG,False,-1,-1,-1,-1,-1,-1,True,,,0.0,0.0,no_entry,False,False,1,1,eccbb2802aac
2026-05-19,US.IWM,SHORT,False,-1,-1,-1,-1,-1,-1,True,,,0.0,0.0,no_entry,False,False,1,1,eccbb2802aac
2026-05-19,US.META,LONG,False,-1,-1,-1,-1,-1,-1,True,,,0.0,0.0,no_entry,False,False,1,1,eccbb2802aac
2026-05-19,US.META,SHORT,False,-1,-1,-1,-1,-1,-1,True,,,0.0,0.0,no_entry,False,False,1,1,eccbb2802aac
2026-05-19,US.MSFT,LONG,False,-1,-1,-1,-1,-1,-1,True,,,0.0,0.0,no_entry,False,False,1,1,eccbb2802aac
2026-05-19,US.MSFT,SHORT,False,-1,-1,-1,-1,-1,-1,True,,,0.0,0.0,no_entry,False,False,1,1,eccbb2802aac
2026-05-19,US.MU,LONG,False,-1,-1,-1,-1,-1,-1,True,,,0.0,0.0,no_entry,False,False,1,1,eccbb2802aac
2026-05-19,US.MU,SHORT,False,-1,-1,-1,-1,-1,-1,True,,,0.0,0.0,no_entry,False,False,1,1,eccbb2802aac
2026-05-19,US.NVDA,LONG,False,-1,-1,-1,-1,-1,-1,True,,,0.0,0.0,no_entry,False,False,1,1,eccbb2802aac
2026-05-19,US.NVDA,SHORT,False,-1,-1,-1,-1,-1,-1,True,,,0.0,0.0,no_entry,False,False,1,1,eccbb2802aac
2026-05-19,US.QQQ,LONG,False,-1,-1,-1,-1,-1,-1,True,,,0.0,0.0,no_entry,False,False,1,1,eccbb2802aac
2026-05-19,US.QQQ,SHORT,False,-1,-1,-1,-1,-1,-1,True,,,0.0,0.0,no_entry,False,False,1,1,eccbb2802aac
2026-05-19,US.SPY,LONG,False,-1,-1,-1,-1,-1,-1,True,,,0.0,0.0,no_entry,False,False,1,1,eccbb2802aac
2026-05-19,US.SPY,SHORT,False,-1,-1,-1,-1,-1,-1,True,,,0.0,0.0,no_entry,False,False,1,1,eccbb2802aac
2026-05-19,US.TSLA,LONG,False,-1,-1,-1,-1,-1,-1,True,,,0.0,0.0,no_entry,False,False,1,1,eccbb2802aac
2026-05-19,US.TSLA,SHORT,False,-1,-1,-1,-1,-1,-1,True,,,0.0,0.0,no_entry,False,False,1,1,eccbb2802aac
2026-05-20,US.AAPL,LONG,False,-1,-1,-1,-1,-1,-1,True,,,0.0,0.0,no_entry,False,False,1,1,eccbb2802aac
2026-05-20,US.AAPL,SHORT,False,-1,-1,-1,-1,-1,-1,True,,,0.0,0.0,no_entry,False,False,1,1,eccbb2802aac
2026-05-20,US.AMD,LONG,False,-1,-1,-1,-1,-1,-1,True,,,0.0,0.0,no_entry,False,False,1,1,eccbb2802aac
2026-05-20,US.AMD,SHORT,False,-1,-1,-1,-1,-1,-1,True,,,0.0,0.0,no_entry,False,False,1,1,eccbb2802aac
2026-05-20,US.IWM,LONG,False,-1,-1,-1,-1,-1,-1,True,,,0.0,0.0,no_entry,False,False,1,1,eccbb2802aac
2026-05-20,US.IWM,SHORT,False,-1,-1,-1,-1,-1,-1,True,,,0.0,0.0,no_entry,False,False,1,1,eccbb2802aac
2026-05-20,US.META,LONG,False,-1,-1,-1,-1,-1,-1,True,,,0.0,0.0,no_entry,False,False,1,1,eccbb2802aac
2026-05-20,US.META,SHORT,False,-1,-1,-1,-1,-1,-1,True,,,0.0,0.0,no_entry,False,False,1,1,eccbb2802aac
2026-05-20,US.MSFT,LONG,False,-1,-1,-1,-1,-1,-1,True,,,0.0,0.0,no_entry,False,False,1,1,eccbb2802aac
2026-05-20,US.MSFT,SHORT,False,-1,-1,-1,-1,-1,-1,True,,,0.0,0.0,no_entry,False,False,1,1,eccbb2802aac
2026-05-20,US.MU,LONG,False,-1,-1,-1,-1,-1,-1,True,,,0.0,0.0,no_entry,False,False,1,1,eccbb2802aac
2026-05-20,US.MU,SHORT,False,-1,-1,-1,-1,-1,-1,True,,,0.0,0.0,no_entry,False,False,1,1,eccbb2802aac
2026-05-20,US.NVDA,LONG,False,-1,-1,-1,-1,-1,-1,True,,,0.0,0.0,no_entry,False,False,1,1,eccbb2802aac
2026-05-20,US.NVDA,SHORT,False,-1,-1,-1,-1,-1,-1,True,,,0.0,0.0,no_entry,False,False,1,1,eccbb2802aac
2026-05-20,US.QQQ,LONG,False,-1,-1,-1,-1,-1,-1,True,,,0.0,0.0,no_entry,False,False,1,1,eccbb2802aac
2026-05-20,US.QQQ,SHORT,False,-1,-1,-1,-1,-1,-1,True,,,0.0,0.0,no_entry,False,False,1,1,eccbb2802aac
2026-05-20,US.SPY,LONG,False,-1,-1,-1,-1,-1,-1,True,,,0.0,0.0,no_entry,False,False,1,1,eccbb2802aac
2026-05-20,US.SPY,SHORT,False,-1,-1,-1,-1,-1,-1,True,,,0.0,0.0,no_entry,False,False,1,1,eccbb2802aac
2026-05-20,US.TSLA,LONG,False,-1,-1,-1,-1,-1,-1,True,,,0.0,0.0,no_entry,False,False,1,1,eccbb2802aac
2026-05-20,US.TSLA,SHORT,False,-1,-1,-1,-1,-1,-1,True,,,0.0,0.0,no_entry,False,False,1,1,eccbb2802aac
2026-05-21,US.AAPL,LONG,False,-1,-1,-1,-1,-1,-1,True,,,0.0,0.0,no_entry,False,False,1,1,eccbb2802aac
2026-05-21,US.AAPL,SHORT,False,-1,-1,-1,-1,-1,-1,True,,,0.0,0.0,no_entry,False,False,1,1,eccbb2802aac
2026-05-21,US.AMD,LONG,False,-1,-1,-1,-1,-1,-1,True,,,0.0,0.0,no_entry,False,False,1,1,eccbb2802aac
2026-05-21,US.AMD,SHORT,False,-1,-1,-1,-1,-1,-1,True,,,0.0,0.0,no_entry,False,False,1,1,eccbb2802aac
2026-05-21,US.IWM,LONG,False,-1,-1,-1,-1,-1,-1,True,,,0.0,0.0,no_entry,False,False,1,1,eccbb2802aac
2026-05-21,US.IWM,SHORT,False,-1,-1,-1,-1,-1,-1,True,,,0.0,0.0,no_entry,False,False,1,1,eccbb2802aac
2026-05-21,US.META,LONG,False,-1,-1,-1,-1,-1,-1,True,,,0.0,0.0,no_entry,False,False,1,1,eccbb2802aac
2026-05-21,US.META,SHORT,True,25,86,595,595,656,656,True,597.810938542,598.115656125,-0.304717582999956,-0.0005097223275022888,failed_followthrough,False,False,1,1,eccbb2802aac
2026-05-21,US.MSFT,LONG,False,-1,-1,-1,-1,-1,-1,True,,,0.0,0.0,no_entry,False,False,1,1,eccbb2802aac
2026-05-21,US.MSFT,SHORT,False,-1,-1,-1,-1,-1,-1,True,,,0.0,0.0,no_entry,False,False,1,1,eccbb2802aac
2026-05-21,US.MU,LONG,True,61,66,631,631,636,636,True,756.583651321,754.523968062,-2.059683259000053,-0.002722347033806285,failed_followthrough,False,False,1,1,eccbb2802aac
2026-05-21,US.MU,SHORT,False,-1,-1,-1,-1,-1,-1,True,,,0.0,0.0,no_entry,False,False,1,1,eccbb2802aac
2026-05-21,US.NVDA,LONG,False,-1,-1,-1,-1,-1,-1,True,,,0.0,0.0,no_entry,False,False,1,1,eccbb2802aac
2026-05-21,US.NVDA,SHORT,False,-1,-1,-1,-1,-1,-1,True,,,0.0,0.0,no_entry,False,False,1,1,eccbb2802aac
2026-05-21,US.QQQ,LONG,True,137,143,707,707,713,713,True,709.799505323,709.739571226,-0.059934096999995745,-8.443806532764806e-05,failed_followthrough,False,False,1,1,eccbb2802aac
2026-05-21,US.QQQ,SHORT,False,-1,-1,-1,-1,-1,-1,True,,,0.0,0.0,no_entry,False,False,1,1,eccbb2802aac
2026-05-21,US.SPY,LONG,True,90,95,660,660,665,665,True,737.061617671,736.612773718,-0.44884395300005053,-0.0006089639485207866,failed_followthrough,False,False,1,1,eccbb2802aac
2026-05-21,US.SPY,SHORT,False,-1,-1,-1,-1,-1,-1,True,,,0.0,0.0,no_entry,False,False,1,1,eccbb2802aac
2026-05-21,US.TSLA,LONG,False,-1,-1,-1,-1,-1,-1,True,,,0.0,0.0,no_entry,False,False,1,1,eccbb2802aac
2026-05-21,US.TSLA,SHORT,False,-1,-1,-1,-1,-1,-1,True,,,0.0,0.0,no_entry,False,False,1,1,eccbb2802aac
2026-05-22,US.AAPL,LONG,True,62,68,632,632,638,638,True,308.743722374,308.703756843,-0.039965531000007104,-0.0001294456473242699,failed_followthrough,False,False,1,1,eccbb2802aac
2026-05-22,US.AAPL,SHORT,False,-1,-1,-1,-1,-1,-1,True,,,0.0,0.0,no_entry,False,False,1,1,eccbb2802aac
2026-05-22,US.AMD,LONG,False,-1,-1,-1,-1,-1,-1,True,,,0.0,0.0,no_entry,False,False,1,1,eccbb2802aac
2026-05-22,US.AMD,SHORT,False,-1,-1,-1,-1,-1,-1,True,,,0.0,0.0,no_entry,False,False,1,1,eccbb2802aac
2026-05-22,US.IWM,LONG,True,32,37,602,602,607,607,True,284.43347303,284.054374718,-0.37909831199999644,-0.0013328189117882475,failed_followthrough,False,False,1,1,eccbb2802aac
2026-05-22,US.IWM,SHORT,False,-1,-1,-1,-1,-1,-1,True,,,0.0,0.0,no_entry,False,False,1,1,eccbb2802aac
2026-05-22,US.META,LONG,False,-1,-1,-1,-1,-1,-1,True,,,0.0,0.0,no_entry,False,False,1,1,eccbb2802aac
2026-05-22,US.META,SHORT,False,-1,-1,-1,-1,-1,-1,True,,,0.0,0.0,no_entry,False,False,1,1,eccbb2802aac
2026-05-22,US.MSFT,LONG,False,-1,-1,-1,-1,-1,-1,True,,,0.0,0.0,no_entry,False,False,1,1,eccbb2802aac
2026-05-22,US.MSFT,SHORT,False,-1,-1,-1,-1,-1,-1,True,,,0.0,0.0,no_entry,False,False,1,1,eccbb2802aac
2026-05-22,US.MU,LONG,False,-1,-1,-1,-1,-1,-1,True,,,0.0,0.0,no_entry,False,False,1,1,eccbb2802aac
2026-05-22,US.MU,SHORT,False,-1,-1,-1,-1,-1,-1,True,,,0.0,0.0,no_entry,False,False,1,1,eccbb2802aac
2026-05-22,US.NVDA,LONG,False,-1,-1,-1,-1,-1,-1,True,,,0.0,0.0,no_entry,False,False,1,1,eccbb2802aac
2026-05-22,US.NVDA,SHORT,True,136,142,706,706,712,712,True,216.764524882,216.914182798,-0.14965791600002376,-0.0006904170139532425,failed_followthrough,False,False,1,1,eccbb2802aac
2026-05-22,US.QQQ,LONG,False,-1,-1,-1,-1,-1,-1,True,,,0.0,0.0,no_entry,False,False,1,1,eccbb2802aac
2026-05-22,US.QQQ,SHORT,False,-1,-1,-1,-1,-1,-1,True,,,0.0,0.0,no_entry,False,False,1,1,eccbb2802aac
2026-05-22,US.SPY,LONG,False,-1,-1,-1,-1,-1,-1,True,,,0.0,0.0,no_entry,False,False,1,1,eccbb2802aac
2026-05-22,US.SPY,SHORT,False,-1,-1,-1,-1,-1,-1,True,,,0.0,0.0,no_entry,False,False,1,1,eccbb2802aac
2026-05-22,US.TSLA,LONG,True,146,173,716,716,743,743,True,427.86,427.8,-0.060000000000002274,-0.00014023278642547157,failed_followthrough,False,False,1,1,eccbb2802aac
2026-05-22,US.TSLA,SHORT,False,-1,-1,-1,-1,-1,-1,True,,,0.0,0.0,no_entry,False,False,1,1,eccbb2802aac
2026-05-26,US.AAPL,LONG,True,98,103,668,668,673,673,True,311.251559477,311.201802391,-0.04975708599999962,-0.0001598613227307426,failed_followthrough,False,False,1,1,eccbb2802aac
2026-05-26,US.AAPL,SHORT,False,-1,-1,-1,-1,-1,-1,True,,,0.0,0.0,no_entry,False,False,1,1,eccbb2802aac
2026-05-26,US.AMD,LONG,True,105,110,675,675,680,680,True,492.25,491.89,-0.36000000000001364,-0.0007313357034027702,failed_followthrough,False,False,1,1,eccbb2802aac
2026-05-26,US.AMD,SHORT,False,-1,-1,-1,-1,-1,-1,True,,,0.0,0.0,no_entry,False,False,1,1,eccbb2802aac
2026-05-26,US.IWM,LONG,True,31,58,601,601,628,628,True,288.95272396,288.824229585,-0.1284943750000025,-0.00044468995910137217,failed_followthrough,False,False,1,1,eccbb2802aac
2026-05-26,US.IWM,SHORT,False,-1,-1,-1,-1,-1,-1,True,,,0.0,0.0,no_entry,False,False,1,1,eccbb2802aac
2026-05-26,US.META,LONG,False,-1,-1,-1,-1,-1,-1,True,,,0.0,0.0,no_entry,False,False,1,1,eccbb2802aac
2026-05-26,US.META,SHORT,True,150,155,720,720,725,725,True,606.681317323,607.756720621,-1.0754032979999693,-0.0017725999916153993,failed_followthrough,False,False,1,1,eccbb2802aac
2026-05-26,US.MSFT,LONG,False,-1,-1,-1,-1,-1,-1,True,,,0.0,0.0,no_entry,False,False,1,1,eccbb2802aac
2026-05-26,US.MSFT,SHORT,False,-1,-1,-1,-1,-1,-1,True,,,0.0,0.0,no_entry,False,False,1,1,eccbb2802aac
2026-05-26,US.MU,LONG,False,-1,-1,-1,-1,-1,-1,True,,,0.0,0.0,no_entry,False,False,1,1,eccbb2802aac
2026-05-26,US.MU,SHORT,False,-1,-1,-1,-1,-1,-1,True,,,0.0,0.0,no_entry,False,False,1,1,eccbb2802aac
2026-05-26,US.NVDA,LONG,False,-1,-1,-1,-1,-1,-1,True,,,0.0,0.0,no_entry,False,False,1,1,eccbb2802aac
2026-05-26,US.NVDA,SHORT,False,-1,-1,-1,-1,-1,-1,True,,,0.0,0.0,no_entry,False,False,1,1,eccbb2802aac
2026-05-26,US.QQQ,LONG,False,-1,-1,-1,-1,-1,-1,True,,,0.0,0.0,no_entry,False,False,1,1,eccbb2802aac
2026-05-26,US.QQQ,SHORT,False,-1,-1,-1,-1,-1,-1,True,,,0.0,0.0,no_entry,False,False,1,1,eccbb2802aac
2026-05-26,US.SPY,LONG,False,-1,-1,-1,-1,-1,-1,True,,,0.0,0.0,no_entry,False,False,1,1,eccbb2802aac
2026-05-26,US.SPY,SHORT,False,-1,-1,-1,-1,-1,-1,True,,,0.0,0.0,no_entry,False,False,1,1,eccbb2802aac
2026-05-26,US.TSLA,LONG,False,-1,-1,-1,-1,-1,-1,True,,,0.0,0.0,no_entry,False,False,1,1,eccbb2802aac
2026-05-26,US.TSLA,SHORT,False,-1,-1,-1,-1,-1,-1,True,,,0.0,0.0,no_entry,False,False,1,1,eccbb2802aac
2026-05-27,US.AAPL,LONG,True,62,355,632,632,925,925,True,311.64122341,309.772834811,-1.8683885990000135,-0.0059953191639924115,trailing,False,False,1,1,eccbb2802aac
2026-05-27,US.AAPL,SHORT,False,-1,-1,-1,-1,-1,-1,True,,,0.0,0.0,no_entry,False,False,1,1,eccbb2802aac
2026-05-27,US.AMD,LONG,False,-1,-1,-1,-1,-1,-1,True,,,0.0,0.0,no_entry,False,False,1,1,eccbb2802aac
2026-05-27,US.AMD,SHORT,False,-1,-1,-1,-1,-1,-1,True,,,0.0,0.0,no_entry,False,False,1,1,eccbb2802aac
2026-05-27,US.IWM,LONG,False,-1,-1,-1,-1,-1,-1,True,,,0.0,0.0,no_entry,False,False,1,1,eccbb2802aac
2026-05-27,US.IWM,SHORT,False,-1,-1,-1,-1,-1,-1,True,,,0.0,0.0,no_entry,False,False,1,1,eccbb2802aac
2026-05-27,US.META,LONG,True,101,111,671,671,681,681,True,613.20297294,613.116752851,-0.086220088999994,-0.00014060611706856544,failed_followthrough,False,False,1,1,eccbb2802aac
2026-05-27,US.META,SHORT,False,-1,-1,-1,-1,-1,-1,True,,,0.0,0.0,no_entry,False,False,1,1,eccbb2802aac
2026-05-27,US.MSFT,LONG,False,-1,-1,-1,-1,-1,-1,True,,,0.0,0.0,no_entry,False,False,1,1,eccbb2802aac
2026-05-27,US.MSFT,SHORT,False,-1,-1,-1,-1,-1,-1,True,,,0.0,0.0,no_entry,False,False,1,1,eccbb2802aac
2026-05-27,US.MU,LONG,False,-1,-1,-1,-1,-1,-1,True,,,0.0,0.0,no_entry,False,False,1,1,eccbb2802aac
2026-05-27,US.MU,SHORT,False,-1,-1,-1,-1,-1,-1,True,,,0.0,0.0,no_entry,False,False,1,1,eccbb2802aac
2026-05-27,US.NVDA,LONG,False,-1,-1,-1,-1,-1,-1,True,,,0.0,0.0,no_entry,False,False,1,1,eccbb2802aac
2026-05-27,US.NVDA,SHORT,False,-1,-1,-1,-1,-1,-1,True,,,0.0,0.0,no_entry,False,False,1,1,eccbb2802aac
2026-05-27,US.QQQ,LONG,False,-1,-1,-1,-1,-1,-1,True,,,0.0,0.0,no_entry,False,False,1,1,eccbb2802aac
2026-05-27,US.QQQ,SHORT,False,-1,-1,-1,-1,-1,-1,True,,,0.0,0.0,no_entry,False,False,1,1,eccbb2802aac
2026-05-27,US.SPY,LONG,False,-1,-1,-1,-1,-1,-1,True,,,0.0,0.0,no_entry,False,False,1,1,eccbb2802aac
2026-05-27,US.SPY,SHORT,False,-1,-1,-1,-1,-1,-1,True,,,0.0,0.0,no_entry,False,False,1,1,eccbb2802aac
2026-05-27,US.TSLA,LONG,False,-1,-1,-1,-1,-1,-1,True,,,0.0,0.0,no_entry,False,False,1,1,eccbb2802aac
2026-05-27,US.TSLA,SHORT,False,-1,-1,-1,-1,-1,-1,True,,,0.0,0.0,no_entry,False,False,1,1,eccbb2802aac
2026-05-28,US.AAPL,LONG,True,115,122,685,685,692,692,True,311.521326815,311.371456072,-0.14987074300000813,-0.00048109304275341104,failed_followthrough,False,False,1,1,eccbb2802aac
2026-05-28,US.AAPL,SHORT,False,-1,-1,-1,-1,-1,-1,True,,,0.0,0.0,no_entry,False,False,1,1,eccbb2802aac
2026-05-28,US.AMD,LONG,False,-1,-1,-1,-1,-1,-1,True,,,0.0,0.0,no_entry,False,False,1,1,eccbb2802aac
2026-05-28,US.AMD,SHORT,False,-1,-1,-1,-1,-1,-1,True,,,0.0,0.0,no_entry,False,False,1,1,eccbb2802aac
2026-05-28,US.IWM,LONG,False,-1,-1,-1,-1,-1,-1,True,,,0.0,0.0,no_entry,False,False,1,1,eccbb2802aac
2026-05-28,US.IWM,SHORT,False,-1,-1,-1,-1,-1,-1,True,,,0.0,0.0,no_entry,False,False,1,1,eccbb2802aac
2026-05-28,US.META,LONG,False,-1,-1,-1,-1,-1,-1,True,,,0.0,0.0,no_entry,False,False,1,1,eccbb2802aac
2026-05-28,US.META,SHORT,False,-1,-1,-1,-1,-1,-1,True,,,0.0,0.0,no_entry,False,False,1,1,eccbb2802aac
2026-05-28,US.MSFT,LONG,False,-1,-1,-1,-1,-1,-1,True,,,0.0,0.0,no_entry,False,False,1,1,eccbb2802aac
2026-05-28,US.MSFT,SHORT,False,-1,-1,-1,-1,-1,-1,True,,,0.0,0.0,no_entry,False,False,1,1,eccbb2802aac
2026-05-28,US.MU,LONG,False,-1,-1,-1,-1,-1,-1,True,,,0.0,0.0,no_entry,False,False,1,1,eccbb2802aac
2026-05-28,US.MU,SHORT,False,-1,-1,-1,-1,-1,-1,True,,,0.0,0.0,no_entry,False,False,1,1,eccbb2802aac
2026-05-28,US.NVDA,LONG,False,-1,-1,-1,-1,-1,-1,True,,,0.0,0.0,no_entry,False,False,1,1,eccbb2802aac
2026-05-28,US.NVDA,SHORT,False,-1,-1,-1,-1,-1,-1,True,,,0.0,0.0,no_entry,False,False,1,1,eccbb2802aac
2026-05-28,US.QQQ,LONG,False,-1,-1,-1,-1,-1,-1,True,,,0.0,0.0,no_entry,False,False,1,1,eccbb2802aac
2026-05-28,US.QQQ,SHORT,False,-1,-1,-1,-1,-1,-1,True,,,0.0,0.0,no_entry,False,False,1,1,eccbb2802aac
2026-05-28,US.SPY,LONG,True,31,36,601,601,606,606,True,748.681688914,748.222770908,-0.45891800599997623,-0.0006129681182207884,failed_followthrough,False,False,1,1,eccbb2802aac
2026-05-28,US.SPY,SHORT,False,-1,-1,-1,-1,-1,-1,True,,,0.0,0.0,no_entry,False,False,1,1,eccbb2802aac
2026-05-28,US.TSLA,LONG,False,-1,-1,-1,-1,-1,-1,True,,,0.0,0.0,no_entry,False,False,1,1,eccbb2802aac
2026-05-28,US.TSLA,SHORT,False,-1,-1,-1,-1,-1,-1,True,,,0.0,0.0,no_entry,False,False,1,1,eccbb2802aac
2026-05-29,US.AAPL,LONG,False,-1,-1,-1,-1,-1,-1,True,,,0.0,0.0,no_entry,False,False,1,1,eccbb2802aac
2026-05-29,US.AAPL,SHORT,False,-1,-1,-1,-1,-1,-1,True,,,0.0,0.0,no_entry,False,False,1,1,eccbb2802aac
2026-05-29,US.AMD,LONG,False,-1,-1,-1,-1,-1,-1,True,,,0.0,0.0,no_entry,False,False,1,1,eccbb2802aac
2026-05-29,US.AMD,SHORT,False,-1,-1,-1,-1,-1,-1,True,,,0.0,0.0,no_entry,False,False,1,1,eccbb2802aac
2026-05-29,US.IWM,LONG,False,-1,-1,-1,-1,-1,-1,True,,,0.0,0.0,no_entry,False,False,1,1,eccbb2802aac
2026-05-29,US.IWM,SHORT,True,40,375,610,610,-1,945,True,289.486454478,289.481466343,0.004988134999962313,1.7230978938053886e-05,scheduled_flatten,True,False,1,1,eccbb2802aac
2026-05-29,US.META,LONG,False,-1,-1,-1,-1,-1,-1,True,,,0.0,0.0,no_entry,False,False,1,1,eccbb2802aac
2026-05-29,US.META,SHORT,False,-1,-1,-1,-1,-1,-1,True,,,0.0,0.0,no_entry,False,False,1,1,eccbb2802aac
2026-05-29,US.MSFT,LONG,False,-1,-1,-1,-1,-1,-1,True,,,0.0,0.0,no_entry,False,False,1,1,eccbb2802aac
2026-05-29,US.MSFT,SHORT,False,-1,-1,-1,-1,-1,-1,True,,,0.0,0.0,no_entry,False,False,1,1,eccbb2802aac
2026-05-29,US.MU,LONG,True,35,41,605,605,611,611,True,970.730719432,968.24110229,-2.489617142000043,-0.0025646835854301418,failed_followthrough,False,False,1,1,eccbb2802aac
2026-05-29,US.MU,SHORT,False,-1,-1,-1,-1,-1,-1,True,,,0.0,0.0,no_entry,False,False,1,1,eccbb2802aac
2026-05-29,US.NVDA,LONG,True,102,107,672,672,677,677,True,215.786759834,215.592204544,-0.19455529000001093,-0.0009016090243427262,failed_followthrough,False,False,1,1,eccbb2802aac
2026-05-29,US.NVDA,SHORT,False,-1,-1,-1,-1,-1,-1,True,,,0.0,0.0,no_entry,False,False,1,1,eccbb2802aac
2026-05-29,US.QQQ,LONG,True,36,41,606,606,611,611,True,740.091196616,738.877531161,-1.2136654550000685,-0.001639886355288975,failed_followthrough,False,False,1,1,eccbb2802aac
2026-05-29,US.QQQ,SHORT,False,-1,-1,-1,-1,-1,-1,True,,,0.0,0.0,no_entry,False,False,1,1,eccbb2802aac
2026-05-29,US.SPY,LONG,True,26,35,596,596,605,605,True,755.763449071,755.733526141,-0.029922929999997905,-3.959298380568654e-05,failed_followthrough,False,False,1,1,eccbb2802aac
2026-05-29,US.SPY,SHORT,False,-1,-1,-1,-1,-1,-1,True,,,0.0,0.0,no_entry,False,False,1,1,eccbb2802aac
2026-05-29,US.TSLA,LONG,False,-1,-1,-1,-1,-1,-1,True,,,0.0,0.0,no_entry,False,False,1,1,eccbb2802aac
2026-05-29,US.TSLA,SHORT,False,-1,-1,-1,-1,-1,-1,True,,,0.0,0.0,no_entry,False,False,1,1,eccbb2802aac
2026-06-01,US.AAPL,LONG,False,-1,-1,-1,-1,-1,-1,True,,,0.0,0.0,no_entry,False,False,1,1,eccbb2802aac
2026-06-01,US.AAPL,SHORT,False,-1,-1,-1,-1,-1,-1,True,,,0.0,0.0,no_entry,False,False,1,1,eccbb2802aac
2026-06-01,US.AMD,LONG,False,-1,-1,-1,-1,-1,-1,True,,,0.0,0.0,no_entry,False,False,1,1,eccbb2802aac
2026-06-01,US.AMD,SHORT,False,-1,-1,-1,-1,-1,-1,True,,,0.0,0.0,no_entry,False,False,1,1,eccbb2802aac
2026-06-01,US.IWM,LONG,False,-1,-1,-1,-1,-1,-1,True,,,0.0,0.0,no_entry,False,False,1,1,eccbb2802aac
2026-06-01,US.IWM,SHORT,True,35,40,605,605,610,610,True,286.488584932,287.027303586,-0.5387186540000357,-0.0018804192639225198,failed_followthrough,False,False,1,1,eccbb2802aac
2026-06-01,US.META,LONG,False,-1,-1,-1,-1,-1,-1,True,,,0.0,0.0,no_entry,False,False,1,1,eccbb2802aac
2026-06-01,US.META,SHORT,False,-1,-1,-1,-1,-1,-1,True,,,0.0,0.0,no_entry,False,False,1,1,eccbb2802aac
2026-06-01,US.MSFT,LONG,False,-1,-1,-1,-1,-1,-1,True,,,0.0,0.0,no_entry,False,False,1,1,eccbb2802aac
2026-06-01,US.MSFT,SHORT,False,-1,-1,-1,-1,-1,-1,True,,,0.0,0.0,no_entry,False,False,1,1,eccbb2802aac
2026-06-01,US.MU,LONG,False,-1,-1,-1,-1,-1,-1,True,,,0.0,0.0,no_entry,False,False,1,1,eccbb2802aac
2026-06-01,US.MU,SHORT,False,-1,-1,-1,-1,-1,-1,True,,,0.0,0.0,no_entry,False,False,1,1,eccbb2802aac
2026-06-01,US.NVDA,LONG,False,-1,-1,-1,-1,-1,-1,True,,,0.0,0.0,no_entry,False,False,1,1,eccbb2802aac
2026-06-01,US.NVDA,SHORT,False,-1,-1,-1,-1,-1,-1,True,,,0.0,0.0,no_entry,False,False,1,1,eccbb2802aac
2026-06-01,US.QQQ,LONG,False,-1,-1,-1,-1,-1,-1,True,,,0.0,0.0,no_entry,False,False,1,1,eccbb2802aac
2026-06-01,US.QQQ,SHORT,False,-1,-1,-1,-1,-1,-1,True,,,0.0,0.0,no_entry,False,False,1,1,eccbb2802aac
2026-06-01,US.SPY,LONG,False,-1,-1,-1,-1,-1,-1,True,,,0.0,0.0,no_entry,False,False,1,1,eccbb2802aac
2026-06-01,US.SPY,SHORT,False,-1,-1,-1,-1,-1,-1,True,,,0.0,0.0,no_entry,False,False,1,1,eccbb2802aac
2026-06-01,US.TSLA,LONG,False,-1,-1,-1,-1,-1,-1,True,,,0.0,0.0,no_entry,False,False,1,1,eccbb2802aac
2026-06-01,US.TSLA,SHORT,True,140,152,710,710,722,722,True,421.74,421.765,-0.024999999999977263,-5.927822829225889e-05,failed_followthrough,False,False,1,1,eccbb2802aac
2026-06-02,US.AAPL,LONG,False,-1,-1,-1,-1,-1,-1,True,,,0.0,0.0,no_entry,False,False,1,1,eccbb2802aac
2026-06-02,US.AAPL,SHORT,False,-1,-1,-1,-1,-1,-1,True,,,0.0,0.0,no_entry,False,False,1,1,eccbb2802aac
2026-06-02,US.AMD,LONG,False,-1,-1,-1,-1,-1,-1,True,,,0.0,0.0,no_entry,False,False,1,1,eccbb2802aac
2026-06-02,US.AMD,SHORT,False,-1,-1,-1,-1,-1,-1,True,,,0.0,0.0,no_entry,False,False,1,1,eccbb2802aac
2026-06-02,US.IWM,LONG,False,-1,-1,-1,-1,-1,-1,True,,,0.0,0.0,no_entry,False,False,1,1,eccbb2802aac
2026-06-02,US.IWM,SHORT,False,-1,-1,-1,-1,-1,-1,True,,,0.0,0.0,no_entry,False,False,1,1,eccbb2802aac
2026-06-02,US.META,LONG,False,-1,-1,-1,-1,-1,-1,True,,,0.0,0.0,no_entry,False,False,1,1,eccbb2802aac
2026-06-02,US.META,SHORT,False,-1,-1,-1,-1,-1,-1,True,,,0.0,0.0,no_entry,False,False,1,1,eccbb2802aac
2026-06-02,US.MSFT,LONG,False,-1,-1,-1,-1,-1,-1,True,,,0.0,0.0,no_entry,False,False,1,1,eccbb2802aac
2026-06-02,US.MSFT,SHORT,False,-1,-1,-1,-1,-1,-1,True,,,0.0,0.0,no_entry,False,False,1,1,eccbb2802aac
2026-06-02,US.MU,LONG,False,-1,-1,-1,-1,-1,-1,True,,,0.0,0.0,no_entry,False,False,1,1,eccbb2802aac
2026-06-02,US.MU,SHORT,False,-1,-1,-1,-1,-1,-1,True,,,0.0,0.0,no_entry,False,False,1,1,eccbb2802aac
2026-06-02,US.NVDA,LONG,False,-1,-1,-1,-1,-1,-1,True,,,0.0,0.0,no_entry,False,False,1,1,eccbb2802aac
2026-06-02,US.NVDA,SHORT,False,-1,-1,-1,-1,-1,-1,True,,,0.0,0.0,no_entry,False,False,1,1,eccbb2802aac
2026-06-02,US.QQQ,LONG,False,-1,-1,-1,-1,-1,-1,True,,,0.0,0.0,no_entry,False,False,1,1,eccbb2802aac
2026-06-02,US.QQQ,SHORT,False,-1,-1,-1,-1,-1,-1,True,,,0.0,0.0,no_entry,False,False,1,1,eccbb2802aac
2026-06-02,US.SPY,LONG,True,42,47,612,612,617,617,True,756.252190265,756.182370095,-0.06982016999995722,-9.232392434525231e-05,failed_followthrough,False,False,1,1,eccbb2802aac
2026-06-02,US.SPY,SHORT,False,-1,-1,-1,-1,-1,-1,True,,,0.0,0.0,no_entry,False,False,1,1,eccbb2802aac
2026-06-02,US.TSLA,LONG,False,-1,-1,-1,-1,-1,-1,True,,,0.0,0.0,no_entry,False,False,1,1,eccbb2802aac
2026-06-02,US.TSLA,SHORT,False,-1,-1,-1,-1,-1,-1,True,,,0.0,0.0,no_entry,False,False,1,1,eccbb2802aac
2026-06-03,US.AAPL,LONG,False,-1,-1,-1,-1,-1,-1,True,,,0.0,0.0,no_entry,False,False,1,1,eccbb2802aac
2026-06-03,US.AAPL,SHORT,False,-1,-1,-1,-1,-1,-1,True,,,0.0,0.0,no_entry,False,False,1,1,eccbb2802aac
2026-06-03,US.AMD,LONG,False,-1,-1,-1,-1,-1,-1,True,,,0.0,0.0,no_entry,False,False,1,1,eccbb2802aac
2026-06-03,US.AMD,SHORT,False,-1,-1,-1,-1,-1,-1,True,,,0.0,0.0,no_entry,False,False,1,1,eccbb2802aac
2026-06-03,US.IWM,LONG,False,-1,-1,-1,-1,-1,-1,True,,,0.0,0.0,no_entry,False,False,1,1,eccbb2802aac
2026-06-03,US.IWM,SHORT,True,32,37,602,602,607,607,True,287.226829013,287.595951054,-0.36912204100002555,-0.0012851238244994132,failed_followthrough,False,False,1,1,eccbb2802aac
2026-06-03,US.META,LONG,False,-1,-1,-1,-1,-1,-1,True,,,0.0,0.0,no_entry,False,False,1,1,eccbb2802aac
2026-06-03,US.META,SHORT,False,-1,-1,-1,-1,-1,-1,True,,,0.0,0.0,no_entry,False,False,1,1,eccbb2802aac
2026-06-03,US.MSFT,LONG,False,-1,-1,-1,-1,-1,-1,True,,,0.0,0.0,no_entry,False,False,1,1,eccbb2802aac
2026-06-03,US.MSFT,SHORT,False,-1,-1,-1,-1,-1,-1,True,,,0.0,0.0,no_entry,False,False,1,1,eccbb2802aac
2026-06-03,US.MU,LONG,False,-1,-1,-1,-1,-1,-1,True,,,0.0,0.0,no_entry,False,False,1,1,eccbb2802aac
2026-06-03,US.MU,SHORT,False,-1,-1,-1,-1,-1,-1,True,,,0.0,0.0,no_entry,False,False,1,1,eccbb2802aac
2026-06-03,US.NVDA,LONG,False,-1,-1,-1,-1,-1,-1,True,,,0.0,0.0,no_entry,False,False,1,1,eccbb2802aac
2026-06-03,US.NVDA,SHORT,False,-1,-1,-1,-1,-1,-1,True,,,0.0,0.0,no_entry,False,False,1,1,eccbb2802aac
2026-06-03,US.QQQ,LONG,False,-1,-1,-1,-1,-1,-1,True,,,0.0,0.0,no_entry,False,False,1,1,eccbb2802aac
2026-06-03,US.QQQ,SHORT,True,116,121,686,686,691,691,True,743.142841031,744.820995734,-1.6781547030000183,-0.0022581859238149002,failed_followthrough,False,False,1,1,eccbb2802aac
2026-06-03,US.SPY,LONG,False,-1,-1,-1,-1,-1,-1,True,,,0.0,0.0,no_entry,False,False,1,1,eccbb2802aac
2026-06-03,US.SPY,SHORT,True,24,31,594,594,601,601,True,754.297225489,754.646326342,-0.3491008529999817,-0.0004628160375025438,failed_followthrough,False,False,1,1,eccbb2802aac
2026-06-03,US.TSLA,LONG,False,-1,-1,-1,-1,-1,-1,True,,,0.0,0.0,no_entry,False,False,1,1,eccbb2802aac
2026-06-03,US.TSLA,SHORT,False,-1,-1,-1,-1,-1,-1,True,,,0.0,0.0,no_entry,False,False,1,1,eccbb2802aac
2026-06-04,US.AAPL,LONG,False,-1,-1,-1,-1,-1,-1,True,,,0.0,0.0,no_entry,False,False,1,1,eccbb2802aac
2026-06-04,US.AAPL,SHORT,False,-1,-1,-1,-1,-1,-1,True,,,0.0,0.0,no_entry,False,False,1,1,eccbb2802aac
2026-06-04,US.AMD,LONG,False,-1,-1,-1,-1,-1,-1,True,,,0.0,0.0,no_entry,False,False,1,1,eccbb2802aac
2026-06-04,US.AMD,SHORT,True,42,47,612,612,617,617,True,504.65,509.0,-4.350000000000023,-0.008619835529574998,failed_followthrough,False,False,1,1,eccbb2802aac
2026-06-04,US.IWM,LONG,False,-1,-1,-1,-1,-1,-1,True,,,0.0,0.0,no_entry,False,False,1,1,eccbb2802aac
2026-06-04,US.IWM,SHORT,False,-1,-1,-1,-1,-1,-1,True,,,0.0,0.0,no_entry,False,False,1,1,eccbb2802aac
2026-06-04,US.META,LONG,False,-1,-1,-1,-1,-1,-1,True,,,0.0,0.0,no_entry,False,False,1,1,eccbb2802aac
2026-06-04,US.META,SHORT,False,-1,-1,-1,-1,-1,-1,True,,,0.0,0.0,no_entry,False,False,1,1,eccbb2802aac
2026-06-04,US.MSFT,LONG,False,-1,-1,-1,-1,-1,-1,True,,,0.0,0.0,no_entry,False,False,1,1,eccbb2802aac
2026-06-04,US.MSFT,SHORT,False,-1,-1,-1,-1,-1,-1,True,,,0.0,0.0,no_entry,False,False,1,1,eccbb2802aac
2026-06-04,US.MU,LONG,False,-1,-1,-1,-1,-1,-1,True,,,0.0,0.0,no_entry,False,False,1,1,eccbb2802aac
2026-06-04,US.MU,SHORT,False,-1,-1,-1,-1,-1,-1,True,,,0.0,0.0,no_entry,False,False,1,1,eccbb2802aac
2026-06-04,US.NVDA,LONG,False,-1,-1,-1,-1,-1,-1,True,,,0.0,0.0,no_entry,False,False,1,1,eccbb2802aac
2026-06-04,US.NVDA,SHORT,False,-1,-1,-1,-1,-1,-1,True,,,0.0,0.0,no_entry,False,False,1,1,eccbb2802aac
2026-06-04,US.QQQ,LONG,False,-1,-1,-1,-1,-1,-1,True,,,0.0,0.0,no_entry,False,False,1,1,eccbb2802aac
2026-06-04,US.QQQ,SHORT,False,-1,-1,-1,-1,-1,-1,True,,,0.0,0.0,no_entry,False,False,1,1,eccbb2802aac
2026-06-04,US.SPY,LONG,False,-1,-1,-1,-1,-1,-1,True,,,0.0,0.0,no_entry,False,False,1,1,eccbb2802aac
2026-06-04,US.SPY,SHORT,False,-1,-1,-1,-1,-1,-1,True,,,0.0,0.0,no_entry,False,False,1,1,eccbb2802aac
2026-06-04,US.TSLA,LONG,False,-1,-1,-1,-1,-1,-1,True,,,0.0,0.0,no_entry,False,False,1,1,eccbb2802aac
2026-06-04,US.TSLA,SHORT,False,-1,-1,-1,-1,-1,-1,True,,,0.0,0.0,no_entry,False,False,1,1,eccbb2802aac
2026-06-05,US.AAPL,LONG,True,19,24,589,589,594,594,True,314.029163918,313.03002563,-0.9991382879999833,-0.0031816735602967134,failed_followthrough,False,False,1,1,eccbb2802aac
2026-06-05,US.AAPL,SHORT,False,-1,-1,-1,-1,-1,-1,True,,,0.0,0.0,no_entry,False,False,1,1,eccbb2802aac
2026-06-05,US.AMD,LONG,False,-1,-1,-1,-1,-1,-1,True,,,0.0,0.0,no_entry,False,False,1,1,eccbb2802aac
2026-06-05,US.AMD,SHORT,True,24,375,594,594,-1,945,True,492.7401,472.085,20.655100000000004,0.04191885336711992,scheduled_flatten,True,False,1,1,eccbb2802aac
2026-06-05,US.IWM,LONG,False,-1,-1,-1,-1,-1,-1,True,,,0.0,0.0,no_entry,False,False,1,1,eccbb2802aac
2026-06-05,US.IWM,SHORT,True,39,44,609,609,614,614,True,285.959842549,286.259230453,-0.2993879040000138,-0.001046957857198823,failed_followthrough,False,False,1,1,eccbb2802aac
2026-06-05,US.META,LONG,False,-1,-1,-1,-1,-1,-1,True,,,0.0,0.0,no_entry,False,False,1,1,eccbb2802aac
2026-06-05,US.META,SHORT,False,-1,-1,-1,-1,-1,-1,True,,,0.0,0.0,no_entry,False,False,1,1,eccbb2802aac
2026-06-05,US.MSFT,LONG,False,-1,-1,-1,-1,-1,-1,True,,,0.0,0.0,no_entry,False,False,1,1,eccbb2802aac
2026-06-05,US.MSFT,SHORT,False,-1,-1,-1,-1,-1,-1,True,,,0.0,0.0,no_entry,False,False,1,1,eccbb2802aac
2026-06-05,US.MU,LONG,False,-1,-1,-1,-1,-1,-1,True,,,0.0,0.0,no_entry,False,False,1,1,eccbb2802aac
2026-06-05,US.MU,SHORT,True,108,375,678,678,-1,945,True,933.856290043,879.599733705,54.256556337999996,0.058099470889146895,scheduled_flatten,True,False,1,1,eccbb2802aac
2026-06-05,US.NVDA,LONG,False,-1,-1,-1,-1,-1,-1,True,,,0.0,0.0,no_entry,False,False,1,1,eccbb2802aac
2026-06-05,US.NVDA,SHORT,False,-1,-1,-1,-1,-1,-1,True,,,0.0,0.0,no_entry,False,False,1,1,eccbb2802aac
2026-06-05,US.QQQ,LONG,False,-1,-1,-1,-1,-1,-1,True,,,0.0,0.0,no_entry,False,False,1,1,eccbb2802aac
2026-06-05,US.QQQ,SHORT,True,40,45,610,610,615,615,True,724.902897651,725.342414359,-0.43951670800004194,-0.0006063111479127299,failed_followthrough,False,False,1,1,eccbb2802aac
2026-06-05,US.SPY,LONG,False,-1,-1,-1,-1,-1,-1,True,,,0.0,0.0,no_entry,False,False,1,1,eccbb2802aac
2026-06-05,US.SPY,SHORT,True,25,375,595,595,-1,945,True,748.10317893,735.884649082,12.218529848000003,0.016332680026137532,scheduled_flatten,True,False,1,1,eccbb2802aac
2026-06-05,US.TSLA,LONG,False,-1,-1,-1,-1,-1,-1,True,,,0.0,0.0,no_entry,False,False,1,1,eccbb2802aac
2026-06-05,US.TSLA,SHORT,False,-1,-1,-1,-1,-1,-1,True,,,0.0,0.0,no_entry,False,False,1,1,eccbb2802aac
2026-06-08,US.AAPL,LONG,False,-1,-1,-1,-1,-1,-1,True,,,0.0,0.0,no_entry,False,False,1,1,eccbb2802aac
2026-06-08,US.AAPL,SHORT,False,-1,-1,-1,-1,-1,-1,True,,,0.0,0.0,no_entry,False,False,1,1,eccbb2802aac
2026-06-08,US.AMD,LONG,False,-1,-1,-1,-1,-1,-1,True,,,0.0,0.0,no_entry,False,False,1,1,eccbb2802aac
2026-06-08,US.AMD,SHORT,False,-1,-1,-1,-1,-1,-1,True,,,0.0,0.0,no_entry,False,False,1,1,eccbb2802aac
2026-06-08,US.IWM,LONG,False,-1,-1,-1,-1,-1,-1,True,,,0.0,0.0,no_entry,False,False,1,1,eccbb2802aac
2026-06-08,US.IWM,SHORT,False,-1,-1,-1,-1,-1,-1,True,,,0.0,0.0,no_entry,False,False,1,1,eccbb2802aac
2026-06-08,US.META,LONG,False,-1,-1,-1,-1,-1,-1,True,,,0.0,0.0,no_entry,False,False,1,1,eccbb2802aac
2026-06-08,US.META,SHORT,False,-1,-1,-1,-1,-1,-1,True,,,0.0,0.0,no_entry,False,False,1,1,eccbb2802aac
2026-06-08,US.MSFT,LONG,False,-1,-1,-1,-1,-1,-1,True,,,0.0,0.0,no_entry,False,False,1,1,eccbb2802aac
2026-06-08,US.MSFT,SHORT,True,129,134,699,699,704,704,True,410.411500701,410.442342641,-0.030841939999959322,-7.514882001912714e-05,failed_followthrough,False,False,1,1,eccbb2802aac
2026-06-08,US.MU,LONG,False,-1,-1,-1,-1,-1,-1,True,,,0.0,0.0,no_entry,False,False,1,1,eccbb2802aac
2026-06-08,US.MU,SHORT,False,-1,-1,-1,-1,-1,-1,True,,,0.0,0.0,no_entry,False,False,1,1,eccbb2802aac
2026-06-08,US.NVDA,LONG,False,-1,-1,-1,-1,-1,-1,True,,,0.0,0.0,no_entry,False,False,1,1,eccbb2802aac
2026-06-08,US.NVDA,SHORT,True,117,128,687,687,698,698,True,207.657637397,207.687603865,-0.029966467999997803,-0.0001443070834072329,failed_followthrough,False,False,1,1,eccbb2802aac
2026-06-08,US.QQQ,LONG,False,-1,-1,-1,-1,-1,-1,True,,,0.0,0.0,no_entry,False,False,1,1,eccbb2802aac
2026-06-08,US.QQQ,SHORT,False,-1,-1,-1,-1,-1,-1,True,,,0.0,0.0,no_entry,False,False,1,1,eccbb2802aac
2026-06-08,US.SPY,LONG,False,-1,-1,-1,-1,-1,-1,True,,,0.0,0.0,no_entry,False,False,1,1,eccbb2802aac
2026-06-08,US.SPY,SHORT,False,-1,-1,-1,-1,-1,-1,True,,,0.0,0.0,no_entry,False,False,1,1,eccbb2802aac
2026-06-08,US.TSLA,LONG,True,26,36,596,596,606,606,True,400.45,400.45,0.0,0.0,failed_followthrough,False,False,1,1,eccbb2802aac
2026-06-08,US.TSLA,SHORT,False,-1,-1,-1,-1,-1,-1,True,,,0.0,0.0,no_entry,False,False,1,1,eccbb2802aac
2026-06-09,US.AAPL,LONG,False,-1,-1,-1,-1,-1,-1,True,,,0.0,0.0,no_entry,False,False,1,1,eccbb2802aac
2026-06-09,US.AAPL,SHORT,False,-1,-1,-1,-1,-1,-1,True,,,0.0,0.0,no_entry,False,False,1,1,eccbb2802aac
2026-06-09,US.AMD,LONG,False,-1,-1,-1,-1,-1,-1,True,,,0.0,0.0,no_entry,False,False,1,1,eccbb2802aac
2026-06-09,US.AMD,SHORT,False,-1,-1,-1,-1,-1,-1,True,,,0.0,0.0,no_entry,False,False,1,1,eccbb2802aac
2026-06-09,US.IWM,LONG,True,39,44,609,609,614,614,True,289.341798544,288.059847673,-1.2819508710000491,-0.004430576147141436,failed_followthrough,False,False,1,1,eccbb2802aac
2026-06-09,US.IWM,SHORT,False,-1,-1,-1,-1,-1,-1,True,,,0.0,0.0,no_entry,False,False,1,1,eccbb2802aac
2026-06-09,US.META,LONG,False,-1,-1,-1,-1,-1,-1,True,,,0.0,0.0,no_entry,False,False,1,1,eccbb2802aac
2026-06-09,US.META,SHORT,False,-1,-1,-1,-1,-1,-1,True,,,0.0,0.0,no_entry,False,False,1,1,eccbb2802aac
2026-06-09,US.MSFT,LONG,False,-1,-1,-1,-1,-1,-1,True,,,0.0,0.0,no_entry,False,False,1,1,eccbb2802aac
2026-06-09,US.MSFT,SHORT,False,-1,-1,-1,-1,-1,-1,True,,,0.0,0.0,no_entry,False,False,1,1,eccbb2802aac
2026-06-09,US.MU,LONG,False,-1,-1,-1,-1,-1,-1,True,,,0.0,0.0,no_entry,False,False,1,1,eccbb2802aac
2026-06-09,US.MU,SHORT,False,-1,-1,-1,-1,-1,-1,True,,,0.0,0.0,no_entry,False,False,1,1,eccbb2802aac
2026-06-09,US.NVDA,LONG,False,-1,-1,-1,-1,-1,-1,True,,,0.0,0.0,no_entry,False,False,1,1,eccbb2802aac
2026-06-09,US.NVDA,SHORT,False,-1,-1,-1,-1,-1,-1,True,,,0.0,0.0,no_entry,False,False,1,1,eccbb2802aac
2026-06-09,US.QQQ,LONG,False,-1,-1,-1,-1,-1,-1,True,,,0.0,0.0,no_entry,False,False,1,1,eccbb2802aac
2026-06-09,US.QQQ,SHORT,False,-1,-1,-1,-1,-1,-1,True,,,0.0,0.0,no_entry,False,False,1,1,eccbb2802aac
2026-06-09,US.SPY,LONG,False,-1,-1,-1,-1,-1,-1,True,,,0.0,0.0,no_entry,False,False,1,1,eccbb2802aac
2026-06-09,US.SPY,SHORT,False,-1,-1,-1,-1,-1,-1,True,,,0.0,0.0,no_entry,False,False,1,1,eccbb2802aac
2026-06-09,US.TSLA,LONG,False,-1,-1,-1,-1,-1,-1,True,,,0.0,0.0,no_entry,False,False,1,1,eccbb2802aac
2026-06-09,US.TSLA,SHORT,False,-1,-1,-1,-1,-1,-1,True,,,0.0,0.0,no_entry,False,False,1,1,eccbb2802aac
2026-06-10,US.AAPL,LONG,False,-1,-1,-1,-1,-1,-1,True,,,0.0,0.0,no_entry,False,False,1,1,eccbb2802aac
2026-06-10,US.AAPL,SHORT,False,-1,-1,-1,-1,-1,-1,True,,,0.0,0.0,no_entry,False,False,1,1,eccbb2802aac
2026-06-10,US.AMD,LONG,False,-1,-1,-1,-1,-1,-1,True,,,0.0,0.0,no_entry,False,False,1,1,eccbb2802aac
2026-06-10,US.AMD,SHORT,False,-1,-1,-1,-1,-1,-1,True,,,0.0,0.0,no_entry,False,False,1,1,eccbb2802aac
2026-06-10,US.IWM,LONG,False,-1,-1,-1,-1,-1,-1,True,,,0.0,0.0,no_entry,False,False,1,1,eccbb2802aac
2026-06-10,US.IWM,SHORT,False,-1,-1,-1,-1,-1,-1,True,,,0.0,0.0,no_entry,False,False,1,1,eccbb2802aac
2026-06-10,US.META,LONG,False,-1,-1,-1,-1,-1,-1,True,,,0.0,0.0,no_entry,False,False,1,1,eccbb2802aac
2026-06-10,US.META,SHORT,False,-1,-1,-1,-1,-1,-1,True,,,0.0,0.0,no_entry,False,False,1,1,eccbb2802aac
2026-06-10,US.MSFT,LONG,False,-1,-1,-1,-1,-1,-1,True,,,0.0,0.0,no_entry,False,False,1,1,eccbb2802aac
2026-06-10,US.MSFT,SHORT,False,-1,-1,-1,-1,-1,-1,True,,,0.0,0.0,no_entry,False,False,1,1,eccbb2802aac
2026-06-10,US.MU,LONG,False,-1,-1,-1,-1,-1,-1,True,,,0.0,0.0,no_entry,False,False,1,1,eccbb2802aac
2026-06-10,US.MU,SHORT,False,-1,-1,-1,-1,-1,-1,True,,,0.0,0.0,no_entry,False,False,1,1,eccbb2802aac
2026-06-10,US.NVDA,LONG,False,-1,-1,-1,-1,-1,-1,True,,,0.0,0.0,no_entry,False,False,1,1,eccbb2802aac
2026-06-10,US.NVDA,SHORT,False,-1,-1,-1,-1,-1,-1,True,,,0.0,0.0,no_entry,False,False,1,1,eccbb2802aac
2026-06-10,US.QQQ,LONG,False,-1,-1,-1,-1,-1,-1,True,,,0.0,0.0,no_entry,False,False,1,1,eccbb2802aac
2026-06-10,US.QQQ,SHORT,False,-1,-1,-1,-1,-1,-1,True,,,0.0,0.0,no_entry,False,False,1,1,eccbb2802aac
2026-06-10,US.SPY,LONG,False,-1,-1,-1,-1,-1,-1,True,,,0.0,0.0,no_entry,False,False,1,1,eccbb2802aac
2026-06-10,US.SPY,SHORT,False,-1,-1,-1,-1,-1,-1,True,,,0.0,0.0,no_entry,False,False,1,1,eccbb2802aac
2026-06-10,US.TSLA,LONG,False,-1,-1,-1,-1,-1,-1,True,,,0.0,0.0,no_entry,False,False,1,1,eccbb2802aac
2026-06-10,US.TSLA,SHORT,False,-1,-1,-1,-1,-1,-1,True,,,0.0,0.0,no_entry,False,False,1,1,eccbb2802aac
2026-06-11,US.AAPL,LONG,False,-1,-1,-1,-1,-1,-1,True,,,0.0,0.0,no_entry,False,False,1,1,eccbb2802aac
2026-06-11,US.AAPL,SHORT,False,-1,-1,-1,-1,-1,-1,True,,,0.0,0.0,no_entry,False,False,1,1,eccbb2802aac
2026-06-11,US.AMD,LONG,False,-1,-1,-1,-1,-1,-1,True,,,0.0,0.0,no_entry,False,False,1,1,eccbb2802aac
2026-06-11,US.AMD,SHORT,False,-1,-1,-1,-1,-1,-1,True,,,0.0,0.0,no_entry,False,False,1,1,eccbb2802aac
2026-06-11,US.IWM,LONG,True,103,108,673,673,678,678,True,285.620649323,285.421123895,-0.19952542800001538,-0.0006985679378327368,failed_followthrough,False,False,1,1,eccbb2802aac
2026-06-11,US.IWM,SHORT,False,-1,-1,-1,-1,-1,-1,True,,,0.0,0.0,no_entry,False,False,1,1,eccbb2802aac
2026-06-11,US.META,LONG,False,-1,-1,-1,-1,-1,-1,True,,,0.0,0.0,no_entry,False,False,1,1,eccbb2802aac
2026-06-11,US.META,SHORT,True,144,149,714,714,719,719,True,559.271657411,560.595430515,-1.3237731039999971,-0.00236695903763129,failed_followthrough,False,False,1,1,eccbb2802aac
2026-06-11,US.MSFT,LONG,False,-1,-1,-1,-1,-1,-1,True,,,0.0,0.0,no_entry,False,False,1,1,eccbb2802aac
2026-06-11,US.MSFT,SHORT,False,-1,-1,-1,-1,-1,-1,True,,,0.0,0.0,no_entry,False,False,1,1,eccbb2802aac
2026-06-11,US.MU,LONG,True,126,375,696,696,-1,945,True,914.829316042,987.558131685,72.72881564300008,0.07949987431279594,scheduled_flatten,True,False,1,1,eccbb2802aac
2026-06-11,US.MU,SHORT,False,-1,-1,-1,-1,-1,-1,True,,,0.0,0.0,no_entry,False,False,1,1,eccbb2802aac
2026-06-11,US.NVDA,LONG,False,-1,-1,-1,-1,-1,-1,True,,,0.0,0.0,no_entry,False,False,1,1,eccbb2802aac
2026-06-11,US.NVDA,SHORT,False,-1,-1,-1,-1,-1,-1,True,,,0.0,0.0,no_entry,False,False,1,1,eccbb2802aac
2026-06-11,US.QQQ,LONG,True,106,112,676,676,682,682,True,700.449786262,700.259994957,-0.18979130499997154,-0.00027095633223447223,failed_followthrough,False,False,1,1,eccbb2802aac
2026-06-11,US.QQQ,SHORT,False,-1,-1,-1,-1,-1,-1,True,,,0.0,0.0,no_entry,False,False,1,1,eccbb2802aac
2026-06-11,US.SPY,LONG,True,54,59,624,624,629,629,True,727.605971715,726.608540707,-0.997431008000035,-0.0013708395021127236,failed_followthrough,False,False,1,1,eccbb2802aac
2026-06-11,US.SPY,SHORT,False,-1,-1,-1,-1,-1,-1,True,,,0.0,0.0,no_entry,False,False,1,1,eccbb2802aac
2026-06-11,US.TSLA,LONG,False,-1,-1,-1,-1,-1,-1,True,,,0.0,0.0,no_entry,False,False,1,1,eccbb2802aac
2026-06-11,US.TSLA,SHORT,False,-1,-1,-1,-1,-1,-1,True,,,0.0,0.0,no_entry,False,False,1,1,eccbb2802aac
2026-06-12,US.AAPL,LONG,False,-1,-1,-1,-1,-1,-1,True,,,0.0,0.0,no_entry,False,False,1,1,eccbb2802aac
2026-06-12,US.AAPL,SHORT,False,-1,-1,-1,-1,-1,-1,True,,,0.0,0.0,no_entry,False,False,1,1,eccbb2802aac
2026-06-12,US.AMD,LONG,False,-1,-1,-1,-1,-1,-1,True,,,0.0,0.0,no_entry,False,False,1,1,eccbb2802aac
2026-06-12,US.AMD,SHORT,False,-1,-1,-1,-1,-1,-1,True,,,0.0,0.0,no_entry,False,False,1,1,eccbb2802aac
2026-06-12,US.IWM,LONG,False,-1,-1,-1,-1,-1,-1,True,,,0.0,0.0,no_entry,False,False,1,1,eccbb2802aac
2026-06-12,US.IWM,SHORT,False,-1,-1,-1,-1,-1,-1,True,,,0.0,0.0,no_entry,False,False,1,1,eccbb2802aac
2026-06-12,US.META,LONG,False,-1,-1,-1,-1,-1,-1,True,,,0.0,0.0,no_entry,False,False,1,1,eccbb2802aac
2026-06-12,US.META,SHORT,False,-1,-1,-1,-1,-1,-1,True,,,0.0,0.0,no_entry,False,False,1,1,eccbb2802aac
2026-06-12,US.MSFT,LONG,False,-1,-1,-1,-1,-1,-1,True,,,0.0,0.0,no_entry,False,False,1,1,eccbb2802aac
2026-06-12,US.MSFT,SHORT,False,-1,-1,-1,-1,-1,-1,True,,,0.0,0.0,no_entry,False,False,1,1,eccbb2802aac
2026-06-12,US.MU,LONG,True,83,90,653,653,660,660,True,991.29755663,991.187573544,-0.10998308600005657,-0.00011094860999552283,failed_followthrough,False,False,1,1,eccbb2802aac
2026-06-12,US.MU,SHORT,False,-1,-1,-1,-1,-1,-1,True,,,0.0,0.0,no_entry,False,False,1,1,eccbb2802aac
2026-06-12,US.NVDA,LONG,False,-1,-1,-1,-1,-1,-1,True,,,0.0,0.0,no_entry,False,False,1,1,eccbb2802aac
2026-06-12,US.NVDA,SHORT,False,-1,-1,-1,-1,-1,-1,True,,,0.0,0.0,no_entry,False,False,1,1,eccbb2802aac
2026-06-12,US.QQQ,LONG,False,-1,-1,-1,-1,-1,-1,True,,,0.0,0.0,no_entry,False,False,1,1,eccbb2802aac
2026-06-12,US.QQQ,SHORT,False,-1,-1,-1,-1,-1,-1,True,,,0.0,0.0,no_entry,False,False,1,1,eccbb2802aac
2026-06-12,US.SPY,LONG,False,-1,-1,-1,-1,-1,-1,True,,,0.0,0.0,no_entry,False,False,1,1,eccbb2802aac
2026-06-12,US.SPY,SHORT,False,-1,-1,-1,-1,-1,-1,True,,,0.0,0.0,no_entry,False,False,1,1,eccbb2802aac
2026-06-12,US.TSLA,LONG,False,-1,-1,-1,-1,-1,-1,True,,,0.0,0.0,no_entry,False,False,1,1,eccbb2802aac
2026-06-12,US.TSLA,SHORT,True,131,179,701,701,749,749,True,395.74,396.26,-0.5199999999999818,-0.0013139940364885576,trailing,False,False,1,1,eccbb2802aac
2026-06-15,US.AAPL,LONG,False,-1,-1,-1,-1,-1,-1,True,,,0.0,0.0,no_entry,False,False,1,1,eccbb2802aac
2026-06-15,US.AAPL,SHORT,False,-1,-1,-1,-1,-1,-1,True,,,0.0,0.0,no_entry,False,False,1,1,eccbb2802aac
2026-06-15,US.AMD,LONG,False,-1,-1,-1,-1,-1,-1,True,,,0.0,0.0,no_entry,False,False,1,1,eccbb2802aac
2026-06-15,US.AMD,SHORT,False,-1,-1,-1,-1,-1,-1,True,,,0.0,0.0,no_entry,False,False,1,1,eccbb2802aac
2026-06-15,US.IWM,LONG,False,-1,-1,-1,-1,-1,-1,True,,,0.0,0.0,no_entry,False,False,1,1,eccbb2802aac
2026-06-15,US.IWM,SHORT,False,-1,-1,-1,-1,-1,-1,True,,,0.0,0.0,no_entry,False,False,1,1,eccbb2802aac
2026-06-15,US.META,LONG,False,-1,-1,-1,-1,-1,-1,True,,,0.0,0.0,no_entry,False,False,1,1,eccbb2802aac
2026-06-15,US.META,SHORT,False,-1,-1,-1,-1,-1,-1,True,,,0.0,0.0,no_entry,False,False,1,1,eccbb2802aac
2026-06-15,US.MSFT,LONG,True,60,65,630,630,635,635,True,397.561590645,396.927783786,-0.6338068590000034,-0.0015942356452788144,failed_followthrough,False,False,1,1,eccbb2802aac
2026-06-15,US.MSFT,SHORT,False,-1,-1,-1,-1,-1,-1,True,,,0.0,0.0,no_entry,False,False,1,1,eccbb2802aac
2026-06-15,US.MU,LONG,False,-1,-1,-1,-1,-1,-1,True,,,0.0,0.0,no_entry,False,False,1,1,eccbb2802aac
2026-06-15,US.MU,SHORT,False,-1,-1,-1,-1,-1,-1,True,,,0.0,0.0,no_entry,False,False,1,1,eccbb2802aac
2026-06-15,US.NVDA,LONG,False,-1,-1,-1,-1,-1,-1,True,,,0.0,0.0,no_entry,False,False,1,1,eccbb2802aac
2026-06-15,US.NVDA,SHORT,False,-1,-1,-1,-1,-1,-1,True,,,0.0,0.0,no_entry,False,False,1,1,eccbb2802aac
2026-06-15,US.QQQ,LONG,True,25,30,595,595,600,600,True,740.295971445,738.877531161,-1.4184402839999848,-0.001916044850590366,failed_followthrough,False,False,1,1,eccbb2802aac
2026-06-15,US.QQQ,SHORT,False,-1,-1,-1,-1,-1,-1,True,,,0.0,0.0,no_entry,False,False,1,1,eccbb2802aac
2026-06-15,US.SPY,LONG,True,19,25,589,589,595,595,True,751.803647969,751.773725039,-0.029922929999997905,-3.980152275242983e-05,failed_followthrough,False,False,1,1,eccbb2802aac
2026-06-15,US.SPY,SHORT,False,-1,-1,-1,-1,-1,-1,True,,,0.0,0.0,no_entry,False,False,1,1,eccbb2802aac
2026-06-15,US.TSLA,LONG,False,-1,-1,-1,-1,-1,-1,True,,,0.0,0.0,no_entry,False,False,1,1,eccbb2802aac
2026-06-15,US.TSLA,SHORT,False,-1,-1,-1,-1,-1,-1,True,,,0.0,0.0,no_entry,False,False,1,1,eccbb2802aac
2026-06-16,US.AAPL,LONG,False,-1,-1,-1,-1,-1,-1,True,,,0.0,0.0,no_entry,False,False,1,1,eccbb2802aac
2026-06-16,US.AAPL,SHORT,False,-1,-1,-1,-1,-1,-1,True,,,0.0,0.0,no_entry,False,False,1,1,eccbb2802aac
2026-06-16,US.AMD,LONG,False,-1,-1,-1,-1,-1,-1,True,,,0.0,0.0,no_entry,False,False,1,1,eccbb2802aac
2026-06-16,US.AMD,SHORT,False,-1,-1,-1,-1,-1,-1,True,,,0.0,0.0,no_entry,False,False,1,1,eccbb2802aac
2026-06-16,US.IWM,LONG,False,-1,-1,-1,-1,-1,-1,True,,,0.0,0.0,no_entry,False,False,1,1,eccbb2802aac
2026-06-16,US.IWM,SHORT,False,-1,-1,-1,-1,-1,-1,True,,,0.0,0.0,no_entry,False,False,1,1,eccbb2802aac
2026-06-16,US.META,LONG,False,-1,-1,-1,-1,-1,-1,True,,,0.0,0.0,no_entry,False,False,1,1,eccbb2802aac
2026-06-16,US.META,SHORT,False,-1,-1,-1,-1,-1,-1,True,,,0.0,0.0,no_entry,False,False,1,1,eccbb2802aac
2026-06-16,US.MSFT,LONG,False,-1,-1,-1,-1,-1,-1,True,,,0.0,0.0,no_entry,False,False,1,1,eccbb2802aac
2026-06-16,US.MSFT,SHORT,False,-1,-1,-1,-1,-1,-1,True,,,0.0,0.0,no_entry,False,False,1,1,eccbb2802aac
2026-06-16,US.MU,LONG,False,-1,-1,-1,-1,-1,-1,True,,,0.0,0.0,no_entry,False,False,1,1,eccbb2802aac
2026-06-16,US.MU,SHORT,False,-1,-1,-1,-1,-1,-1,True,,,0.0,0.0,no_entry,False,False,1,1,eccbb2802aac
2026-06-16,US.NVDA,LONG,False,-1,-1,-1,-1,-1,-1,True,,,0.0,0.0,no_entry,False,False,1,1,eccbb2802aac
2026-06-16,US.NVDA,SHORT,True,30,35,600,600,605,605,True,208.481715278,209.365726097,-0.8840108189999967,-0.00424023189669757,failed_followthrough,False,False,1,1,eccbb2802aac
2026-06-16,US.QQQ,LONG,False,-1,-1,-1,-1,-1,-1,True,,,0.0,0.0,no_entry,False,False,1,1,eccbb2802aac
2026-06-16,US.QQQ,SHORT,True,51,375,621,621,-1,945,True,739.826487689,731.575560399,8.25092729000005,0.011152516741828905,scheduled_flatten,True,False,1,1,eccbb2802aac
2026-06-16,US.SPY,LONG,False,-1,-1,-1,-1,-1,-1,True,,,0.0,0.0,no_entry,False,False,1,1,eccbb2802aac
2026-06-16,US.SPY,SHORT,True,36,41,606,606,611,611,True,752.282414853,753.10030828,-0.8178934270000582,-0.001087215932277081,failed_followthrough,False,False,1,1,eccbb2802aac
2026-06-16,US.TSLA,LONG,False,-1,-1,-1,-1,-1,-1,True,,,0.0,0.0,no_entry,False,False,1,1,eccbb2802aac
2026-06-16,US.TSLA,SHORT,False,-1,-1,-1,-1,-1,-1,True,,,0.0,0.0,no_entry,False,False,1,1,eccbb2802aac
2026-06-17,US.AAPL,LONG,False,-1,-1,-1,-1,-1,-1,True,,,0.0,0.0,no_entry,False,False,1,1,eccbb2802aac
2026-06-17,US.AAPL,SHORT,False,-1,-1,-1,-1,-1,-1,True,,,0.0,0.0,no_entry,False,False,1,1,eccbb2802aac
2026-06-17,US.AMD,LONG,False,-1,-1,-1,-1,-1,-1,True,,,0.0,0.0,no_entry,False,False,1,1,eccbb2802aac
2026-06-17,US.AMD,SHORT,False,-1,-1,-1,-1,-1,-1,True,,,0.0,0.0,no_entry,False,False,1,1,eccbb2802aac
2026-06-17,US.IWM,LONG,False,-1,-1,-1,-1,-1,-1,True,,,0.0,0.0,no_entry,False,False,1,1,eccbb2802aac
2026-06-17,US.IWM,SHORT,False,-1,-1,-1,-1,-1,-1,True,,,0.0,0.0,no_entry,False,False,1,1,eccbb2802aac
2026-06-17,US.META,LONG,False,-1,-1,-1,-1,-1,-1,True,,,0.0,0.0,no_entry,False,False,1,1,eccbb2802aac
2026-06-17,US.META,SHORT,False,-1,-1,-1,-1,-1,-1,True,,,0.0,0.0,no_entry,False,False,1,1,eccbb2802aac
2026-06-17,US.MSFT,LONG,False,-1,-1,-1,-1,-1,-1,True,,,0.0,0.0,no_entry,False,False,1,1,eccbb2802aac
2026-06-17,US.MSFT,SHORT,True,144,154,714,714,724,724,True,385.000237382,385.040162224,-0.0399248420000049,-0.0001037008243721969,failed_followthrough,False,False,1,1,eccbb2802aac
2026-06-17,US.MU,LONG,False,-1,-1,-1,-1,-1,-1,True,,,0.0,0.0,no_entry,False,False,1,1,eccbb2802aac
2026-06-17,US.MU,SHORT,False,-1,-1,-1,-1,-1,-1,True,,,0.0,0.0,no_entry,False,False,1,1,eccbb2802aac
2026-06-17,US.NVDA,LONG,True,22,27,592,592,597,597,True,208.786374374,207.537771523,-1.248602850999987,-0.0059802889663832124,failed_followthrough,False,False,1,1,eccbb2802aac
2026-06-17,US.NVDA,SHORT,True,71,76,641,641,646,646,True,206.63877747,207.337995067,-0.6992175970000005,-0.0033837675849660576,failed_followthrough,False,False,1,1,eccbb2802aac
2026-06-17,US.QQQ,LONG,False,-1,-1,-1,-1,-1,-1,True,,,0.0,0.0,no_entry,False,False,1,1,eccbb2802aac
2026-06-17,US.QQQ,SHORT,False,-1,-1,-1,-1,-1,-1,True,,,0.0,0.0,no_entry,False,False,1,1,eccbb2802aac
2026-06-17,US.SPY,LONG,False,-1,-1,-1,-1,-1,-1,True,,,0.0,0.0,no_entry,False,False,1,1,eccbb2802aac
2026-06-17,US.SPY,SHORT,True,69,74,639,639,644,644,True,748.152950737,748.402408232,-0.24945749500000147,-0.0003334311450008487,failed_followthrough,False,False,1,1,eccbb2802aac
2026-06-17,US.TSLA,LONG,False,-1,-1,-1,-1,-1,-1,True,,,0.0,0.0,no_entry,False,False,1,1,eccbb2802aac
2026-06-17,US.TSLA,SHORT,True,79,85,649,649,655,655,True,398.7,399.3782,-0.6782000000000039,-0.0017010283421118734,failed_followthrough,False,False,1,1,eccbb2802aac
2026-06-18,US.AAPL,LONG,False,-1,-1,-1,-1,-1,-1,True,,,0.0,0.0,no_entry,False,False,1,1,eccbb2802aac
2026-06-18,US.AAPL,SHORT,False,-1,-1,-1,-1,-1,-1,True,,,0.0,0.0,no_entry,False,False,1,1,eccbb2802aac
2026-06-18,US.AMD,LONG,False,-1,-1,-1,-1,-1,-1,True,,,0.0,0.0,no_entry,False,False,1,1,eccbb2802aac
2026-06-18,US.AMD,SHORT,False,-1,-1,-1,-1,-1,-1,True,,,0.0,0.0,no_entry,False,False,1,1,eccbb2802aac
2026-06-18,US.IWM,LONG,False,-1,-1,-1,-1,-1,-1,True,,,0.0,0.0,no_entry,False,False,1,1,eccbb2802aac
2026-06-18,US.IWM,SHORT,True,129,134,699,699,704,704,True,292.73,293.42,-0.6899999999999977,-0.0023571208963891564,failed_followthrough,False,False,1,1,eccbb2802aac
2026-06-18,US.META,LONG,False,-1,-1,-1,-1,-1,-1,True,,,0.0,0.0,no_entry,False,False,1,1,eccbb2802aac
2026-06-18,US.META,SHORT,False,-1,-1,-1,-1,-1,-1,True,,,0.0,0.0,no_entry,False,False,1,1,eccbb2802aac
2026-06-18,US.MSFT,LONG,False,-1,-1,-1,-1,-1,-1,True,,,0.0,0.0,no_entry,False,False,1,1,eccbb2802aac
2026-06-18,US.MSFT,SHORT,False,-1,-1,-1,-1,-1,-1,True,,,0.0,0.0,no_entry,False,False,1,1,eccbb2802aac
2026-06-18,US.MU,LONG,False,-1,-1,-1,-1,-1,-1,True,,,0.0,0.0,no_entry,False,False,1,1,eccbb2802aac
2026-06-18,US.MU,SHORT,False,-1,-1,-1,-1,-1,-1,True,,,0.0,0.0,no_entry,False,False,1,1,eccbb2802aac
2026-06-18,US.NVDA,LONG,False,-1,-1,-1,-1,-1,-1,True,,,0.0,0.0,no_entry,False,False,1,1,eccbb2802aac
2026-06-18,US.NVDA,SHORT,False,-1,-1,-1,-1,-1,-1,True,,,0.0,0.0,no_entry,False,False,1,1,eccbb2802aac
2026-06-18,US.QQQ,LONG,False,-1,-1,-1,-1,-1,-1,True,,,0.0,0.0,no_entry,False,False,1,1,eccbb2802aac
2026-06-18,US.QQQ,SHORT,False,-1,-1,-1,-1,-1,-1,True,,,0.0,0.0,no_entry,False,False,1,1,eccbb2802aac
2026-06-18,US.SPY,LONG,False,-1,-1,-1,-1,-1,-1,True,,,0.0,0.0,no_entry,False,False,1,1,eccbb2802aac
2026-06-18,US.SPY,SHORT,False,-1,-1,-1,-1,-1,-1,True,,,0.0,0.0,no_entry,False,False,1,1,eccbb2802aac
2026-06-18,US.TSLA,LONG,False,-1,-1,-1,-1,-1,-1,True,,,0.0,0.0,no_entry,False,False,1,1,eccbb2802aac
2026-06-18,US.TSLA,SHORT,False,-1,-1,-1,-1,-1,-1,True,,,0.0,0.0,no_entry,False,False,1,1,eccbb2802aac
2026-06-22,US.AAPL,LONG,False,-1,-1,-1,-1,-1,-1,True,,,0.0,0.0,no_entry,False,False,1,1,eccbb2802aac
2026-06-22,US.AAPL,SHORT,False,-1,-1,-1,-1,-1,-1,True,,,0.0,0.0,no_entry,False,False,1,1,eccbb2802aac
2026-06-22,US.AMD,LONG,True,32,37,602,602,607,607,True,554.045,553.8255,-0.21949999999992542,-0.0003961772058224972,failed_followthrough,False,False,1,1,eccbb2802aac
2026-06-22,US.AMD,SHORT,False,-1,-1,-1,-1,-1,-1,True,,,0.0,0.0,no_entry,False,False,1,1,eccbb2802aac
2026-06-22,US.IWM,LONG,True,19,24,589,589,594,594,True,299.01,298.94,-0.06999999999999318,-0.00023410588274637363,failed_followthrough,False,False,1,1,eccbb2802aac
2026-06-22,US.IWM,SHORT,False,-1,-1,-1,-1,-1,-1,True,,,0.0,0.0,no_entry,False,False,1,1,eccbb2802aac
2026-06-22,US.META,LONG,False,-1,-1,-1,-1,-1,-1,True,,,0.0,0.0,no_entry,False,False,1,1,eccbb2802aac
2026-06-22,US.META,SHORT,False,-1,-1,-1,-1,-1,-1,True,,,0.0,0.0,no_entry,False,False,1,1,eccbb2802aac
2026-06-22,US.MSFT,LONG,False,-1,-1,-1,-1,-1,-1,True,,,0.0,0.0,no_entry,False,False,1,1,eccbb2802aac
2026-06-22,US.MSFT,SHORT,False,-1,-1,-1,-1,-1,-1,True,,,0.0,0.0,no_entry,False,False,1,1,eccbb2802aac
2026-06-22,US.MU,LONG,False,-1,-1,-1,-1,-1,-1,True,,,0.0,0.0,no_entry,False,False,1,1,eccbb2802aac
2026-06-22,US.MU,SHORT,False,-1,-1,-1,-1,-1,-1,True,,,0.0,0.0,no_entry,False,False,1,1,eccbb2802aac
2026-06-22,US.NVDA,LONG,False,-1,-1,-1,-1,-1,-1,True,,,0.0,0.0,no_entry,False,False,1,1,eccbb2802aac
2026-06-22,US.NVDA,SHORT,False,-1,-1,-1,-1,-1,-1,True,,,0.0,0.0,no_entry,False,False,1,1,eccbb2802aac
2026-06-22,US.QQQ,LONG,False,-1,-1,-1,-1,-1,-1,True,,,0.0,0.0,no_entry,False,False,1,1,eccbb2802aac
2026-06-22,US.QQQ,SHORT,False,-1,-1,-1,-1,-1,-1,True,,,0.0,0.0,no_entry,False,False,1,1,eccbb2802aac
2026-06-22,US.SPY,LONG,False,-1,-1,-1,-1,-1,-1,True,,,0.0,0.0,no_entry,False,False,1,1,eccbb2802aac
2026-06-22,US.SPY,SHORT,False,-1,-1,-1,-1,-1,-1,True,,,0.0,0.0,no_entry,False,False,1,1,eccbb2802aac
2026-06-22,US.TSLA,LONG,True,93,147,663,663,717,717,True,407.96,407.94,-0.01999999999998181,-4.902441415820622e-05,failed_followthrough,False,False,1,1,eccbb2802aac
2026-06-22,US.TSLA,SHORT,False,-1,-1,-1,-1,-1,-1,True,,,0.0,0.0,no_entry,False,False,1,1,eccbb2802aac
2026-06-23,US.AAPL,LONG,False,-1,-1,-1,-1,-1,-1,True,,,0.0,0.0,no_entry,False,False,1,1,eccbb2802aac
2026-06-23,US.AAPL,SHORT,False,-1,-1,-1,-1,-1,-1,True,,,0.0,0.0,no_entry,False,False,1,1,eccbb2802aac
2026-06-23,US.AMD,LONG,False,-1,-1,-1,-1,-1,-1,True,,,0.0,0.0,no_entry,False,False,1,1,eccbb2802aac
2026-06-23,US.AMD,SHORT,False,-1,-1,-1,-1,-1,-1,True,,,0.0,0.0,no_entry,False,False,1,1,eccbb2802aac
2026-06-23,US.IWM,LONG,False,-1,-1,-1,-1,-1,-1,True,,,0.0,0.0,no_entry,False,False,1,1,eccbb2802aac
2026-06-23,US.IWM,SHORT,False,-1,-1,-1,-1,-1,-1,True,,,0.0,0.0,no_entry,False,False,1,1,eccbb2802aac
2026-06-23,US.META,LONG,False,-1,-1,-1,-1,-1,-1,True,,,0.0,0.0,no_entry,False,False,1,1,eccbb2802aac
2026-06-23,US.META,SHORT,False,-1,-1,-1,-1,-1,-1,True,,,0.0,0.0,no_entry,False,False,1,1,eccbb2802aac
2026-06-23,US.MSFT,LONG,False,-1,-1,-1,-1,-1,-1,True,,,0.0,0.0,no_entry,False,False,1,1,eccbb2802aac
2026-06-23,US.MSFT,SHORT,False,-1,-1,-1,-1,-1,-1,True,,,0.0,0.0,no_entry,False,False,1,1,eccbb2802aac
2026-06-23,US.MU,LONG,False,-1,-1,-1,-1,-1,-1,True,,,0.0,0.0,no_entry,False,False,1,1,eccbb2802aac
2026-06-23,US.MU,SHORT,False,-1,-1,-1,-1,-1,-1,True,,,0.0,0.0,no_entry,False,False,1,1,eccbb2802aac
2026-06-23,US.NVDA,LONG,False,-1,-1,-1,-1,-1,-1,True,,,0.0,0.0,no_entry,False,False,1,1,eccbb2802aac
2026-06-23,US.NVDA,SHORT,False,-1,-1,-1,-1,-1,-1,True,,,0.0,0.0,no_entry,False,False,1,1,eccbb2802aac
2026-06-23,US.QQQ,LONG,False,-1,-1,-1,-1,-1,-1,True,,,0.0,0.0,no_entry,False,False,1,1,eccbb2802aac
2026-06-23,US.QQQ,SHORT,False,-1,-1,-1,-1,-1,-1,True,,,0.0,0.0,no_entry,False,False,1,1,eccbb2802aac
2026-06-23,US.SPY,LONG,False,-1,-1,-1,-1,-1,-1,True,,,0.0,0.0,no_entry,False,False,1,1,eccbb2802aac
2026-06-23,US.SPY,SHORT,False,-1,-1,-1,-1,-1,-1,True,,,0.0,0.0,no_entry,False,False,1,1,eccbb2802aac
2026-06-23,US.TSLA,LONG,False,-1,-1,-1,-1,-1,-1,True,,,0.0,0.0,no_entry,False,False,1,1,eccbb2802aac
2026-06-23,US.TSLA,SHORT,True,27,32,597,597,602,602,True,387.61,389.5,-1.8899999999999864,-0.004876035190010542,failed_followthrough,False,False,1,1,eccbb2802aac
2026-06-24,US.AAPL,LONG,False,-1,-1,-1,-1,-1,-1,True,,,0.0,0.0,no_entry,False,False,1,1,eccbb2802aac
2026-06-24,US.AAPL,SHORT,False,-1,-1,-1,-1,-1,-1,True,,,0.0,0.0,no_entry,False,False,1,1,eccbb2802aac
2026-06-24,US.AMD,LONG,False,-1,-1,-1,-1,-1,-1,True,,,0.0,0.0,no_entry,False,False,1,1,eccbb2802aac
2026-06-24,US.AMD,SHORT,False,-1,-1,-1,-1,-1,-1,True,,,0.0,0.0,no_entry,False,False,1,1,eccbb2802aac
2026-06-24,US.IWM,LONG,False,-1,-1,-1,-1,-1,-1,True,,,0.0,0.0,no_entry,False,False,1,1,eccbb2802aac
2026-06-24,US.IWM,SHORT,False,-1,-1,-1,-1,-1,-1,True,,,0.0,0.0,no_entry,False,False,1,1,eccbb2802aac
2026-06-24,US.META,LONG,False,-1,-1,-1,-1,-1,-1,True,,,0.0,0.0,no_entry,False,False,1,1,eccbb2802aac
2026-06-24,US.META,SHORT,False,-1,-1,-1,-1,-1,-1,True,,,0.0,0.0,no_entry,False,False,1,1,eccbb2802aac
2026-06-24,US.MSFT,LONG,False,-1,-1,-1,-1,-1,-1,True,,,0.0,0.0,no_entry,False,False,1,1,eccbb2802aac
2026-06-24,US.MSFT,SHORT,False,-1,-1,-1,-1,-1,-1,True,,,0.0,0.0,no_entry,False,False,1,1,eccbb2802aac
2026-06-24,US.MU,LONG,False,-1,-1,-1,-1,-1,-1,True,,,0.0,0.0,no_entry,False,False,1,1,eccbb2802aac
2026-06-24,US.MU,SHORT,False,-1,-1,-1,-1,-1,-1,True,,,0.0,0.0,no_entry,False,False,1,1,eccbb2802aac
2026-06-24,US.NVDA,LONG,False,-1,-1,-1,-1,-1,-1,True,,,0.0,0.0,no_entry,False,False,1,1,eccbb2802aac
2026-06-24,US.NVDA,SHORT,True,52,57,622,622,627,627,True,199.092221837,199.406869756,-0.3146479189999809,-0.0015804129166712912,failed_followthrough,False,False,1,1,eccbb2802aac
2026-06-24,US.QQQ,LONG,False,-1,-1,-1,-1,-1,-1,True,,,0.0,0.0,no_entry,False,False,1,1,eccbb2802aac
2026-06-24,US.QQQ,SHORT,False,-1,-1,-1,-1,-1,-1,True,,,0.0,0.0,no_entry,False,False,1,1,eccbb2802aac
2026-06-24,US.SPY,LONG,False,-1,-1,-1,-1,-1,-1,True,,,0.0,0.0,no_entry,False,False,1,1,eccbb2802aac
2026-06-24,US.SPY,SHORT,False,-1,-1,-1,-1,-1,-1,True,,,0.0,0.0,no_entry,False,False,1,1,eccbb2802aac
2026-06-24,US.TSLA,LONG,False,-1,-1,-1,-1,-1,-1,True,,,0.0,0.0,no_entry,False,False,1,1,eccbb2802aac
2026-06-24,US.TSLA,SHORT,False,-1,-1,-1,-1,-1,-1,True,,,0.0,0.0,no_entry,False,False,1,1,eccbb2802aac
2026-06-25,US.AAPL,LONG,False,-1,-1,-1,-1,-1,-1,True,,,0.0,0.0,no_entry,False,False,1,1,eccbb2802aac
2026-06-25,US.AAPL,SHORT,False,-1,-1,-1,-1,-1,-1,True,,,0.0,0.0,no_entry,False,False,1,1,eccbb2802aac
2026-06-25,US.AMD,LONG,False,-1,-1,-1,-1,-1,-1,True,,,0.0,0.0,no_entry,False,False,1,1,eccbb2802aac
2026-06-25,US.AMD,SHORT,False,-1,-1,-1,-1,-1,-1,True,,,0.0,0.0,no_entry,False,False,1,1,eccbb2802aac
2026-06-25,US.IWM,LONG,False,-1,-1,-1,-1,-1,-1,True,,,0.0,0.0,no_entry,False,False,1,1,eccbb2802aac
2026-06-25,US.IWM,SHORT,True,122,136,692,692,706,706,True,298.83,298.97,-0.1400000000000432,-0.0004684937924573945,failed_followthrough,False,False,1,1,eccbb2802aac
2026-06-25,US.META,LONG,False,-1,-1,-1,-1,-1,-1,True,,,0.0,0.0,no_entry,False,False,1,1,eccbb2802aac
2026-06-25,US.META,SHORT,False,-1,-1,-1,-1,-1,-1,True,,,0.0,0.0,no_entry,False,False,1,1,eccbb2802aac
2026-06-25,US.MSFT,LONG,False,-1,-1,-1,-1,-1,-1,True,,,0.0,0.0,no_entry,False,False,1,1,eccbb2802aac
2026-06-25,US.MSFT,SHORT,True,33,45,603,603,615,615,True,357.646730336,357.626767915,0.01996242100000245,5.581603103500558e-05,failed_followthrough,False,False,1,1,eccbb2802aac
2026-06-25,US.MU,LONG,False,-1,-1,-1,-1,-1,-1,True,,,0.0,0.0,no_entry,False,False,1,1,eccbb2802aac
2026-06-25,US.MU,SHORT,False,-1,-1,-1,-1,-1,-1,True,,,0.0,0.0,no_entry,False,False,1,1,eccbb2802aac
2026-06-25,US.NVDA,LONG,False,-1,-1,-1,-1,-1,-1,True,,,0.0,0.0,no_entry,False,False,1,1,eccbb2802aac
2026-06-25,US.NVDA,SHORT,False,-1,-1,-1,-1,-1,-1,True,,,0.0,0.0,no_entry,False,False,1,1,eccbb2802aac
2026-06-25,US.QQQ,LONG,False,-1,-1,-1,-1,-1,-1,True,,,0.0,0.0,no_entry,False,False,1,1,eccbb2802aac
2026-06-25,US.QQQ,SHORT,True,102,112,672,672,682,682,True,712.54,712.942,-0.40200000000004366,-0.0005641788531170793,failed_followthrough,False,False,1,1,eccbb2802aac
2026-06-25,US.SPY,LONG,False,-1,-1,-1,-1,-1,-1,True,,,0.0,0.0,no_entry,False,False,1,1,eccbb2802aac
2026-06-25,US.SPY,SHORT,True,102,112,672,672,682,682,True,733.865,734.2,-0.3350000000000364,-0.0004564872285775127,failed_followthrough,False,False,1,1,eccbb2802aac
2026-06-25,US.TSLA,LONG,False,-1,-1,-1,-1,-1,-1,True,,,0.0,0.0,no_entry,False,False,1,1,eccbb2802aac
2026-06-25,US.TSLA,SHORT,False,-1,-1,-1,-1,-1,-1,True,,,0.0,0.0,no_entry,False,False,1,1,eccbb2802aac
2026-06-26,US.AAPL,LONG,False,-1,-1,-1,-1,-1,-1,True,,,0.0,0.0,no_entry,False,False,1,1,eccbb2802aac
2026-06-26,US.AAPL,SHORT,False,-1,-1,-1,-1,-1,-1,True,,,0.0,0.0,no_entry,False,False,1,1,eccbb2802aac
2026-06-26,US.AMD,LONG,False,-1,-1,-1,-1,-1,-1,True,,,0.0,0.0,no_entry,False,False,1,1,eccbb2802aac
2026-06-26,US.AMD,SHORT,False,-1,-1,-1,-1,-1,-1,True,,,0.0,0.0,no_entry,False,False,1,1,eccbb2802aac
2026-06-26,US.IWM,LONG,False,-1,-1,-1,-1,-1,-1,True,,,0.0,0.0,no_entry,False,False,1,1,eccbb2802aac
2026-06-26,US.IWM,SHORT,False,-1,-1,-1,-1,-1,-1,True,,,0.0,0.0,no_entry,False,False,1,1,eccbb2802aac
2026-06-26,US.META,LONG,False,-1,-1,-1,-1,-1,-1,True,,,0.0,0.0,no_entry,False,False,1,1,eccbb2802aac
2026-06-26,US.META,SHORT,False,-1,-1,-1,-1,-1,-1,True,,,0.0,0.0,no_entry,False,False,1,1,eccbb2802aac
2026-06-26,US.MSFT,LONG,False,-1,-1,-1,-1,-1,-1,True,,,0.0,0.0,no_entry,False,False,1,1,eccbb2802aac
2026-06-26,US.MSFT,SHORT,False,-1,-1,-1,-1,-1,-1,True,,,0.0,0.0,no_entry,False,False,1,1,eccbb2802aac
2026-06-26,US.MU,LONG,True,120,125,690,690,695,695,True,1166.360635142,1165.570756611,-0.7898785310001131,-0.0006772163833392305,failed_followthrough,False,False,1,1,eccbb2802aac
2026-06-26,US.MU,SHORT,False,-1,-1,-1,-1,-1,-1,True,,,0.0,0.0,no_entry,False,False,1,1,eccbb2802aac
2026-06-26,US.NVDA,LONG,True,120,375,690,690,-1,945,True,193.423564892,194.522335401,1.0987705089999906,0.005680644494446684,scheduled_flatten,True,False,1,1,eccbb2802aac
2026-06-26,US.NVDA,SHORT,False,-1,-1,-1,-1,-1,-1,True,,,0.0,0.0,no_entry,False,False,1,1,eccbb2802aac
2026-06-26,US.QQQ,LONG,False,-1,-1,-1,-1,-1,-1,True,,,0.0,0.0,no_entry,False,False,1,1,eccbb2802aac
2026-06-26,US.QQQ,SHORT,False,-1,-1,-1,-1,-1,-1,True,,,0.0,0.0,no_entry,False,False,1,1,eccbb2802aac
2026-06-26,US.SPY,LONG,False,-1,-1,-1,-1,-1,-1,True,,,0.0,0.0,no_entry,False,False,1,1,eccbb2802aac
2026-06-26,US.SPY,SHORT,False,-1,-1,-1,-1,-1,-1,True,,,0.0,0.0,no_entry,False,False,1,1,eccbb2802aac
2026-06-26,US.TSLA,LONG,False,-1,-1,-1,-1,-1,-1,True,,,0.0,0.0,no_entry,False,False,1,1,eccbb2802aac
2026-06-26,US.TSLA,SHORT,False,-1,-1,-1,-1,-1,-1,True,,,0.0,0.0,no_entry,False,False,1,1,eccbb2802aac
2026-06-29,US.AAPL,LONG,False,-1,-1,-1,-1,-1,-1,True,,,0.0,0.0,no_entry,False,False,1,1,eccbb2802aac
2026-06-29,US.AAPL,SHORT,True,148,375,718,718,-1,945,True,281.776979981,281.557169558,0.21981042300001263,0.0007800865174111606,scheduled_flatten,True,False,1,1,eccbb2802aac
2026-06-29,US.AMD,LONG,False,-1,-1,-1,-1,-1,-1,True,,,0.0,0.0,no_entry,False,False,1,1,eccbb2802aac
2026-06-29,US.AMD,SHORT,False,-1,-1,-1,-1,-1,-1,True,,,0.0,0.0,no_entry,False,False,1,1,eccbb2802aac
2026-06-29,US.IWM,LONG,False,-1,-1,-1,-1,-1,-1,True,,,0.0,0.0,no_entry,False,False,1,1,eccbb2802aac
2026-06-29,US.IWM,SHORT,True,76,81,646,646,651,651,True,296.57,297.065,-0.49500000000000455,-0.001669083184408418,failed_followthrough,False,False,1,1,eccbb2802aac
2026-06-29,US.META,LONG,True,57,62,627,627,632,632,True,567.99,566.445,-1.544999999999959,-0.0027201183119420396,failed_followthrough,False,False,1,1,eccbb2802aac
2026-06-29,US.META,SHORT,False,-1,-1,-1,-1,-1,-1,True,,,0.0,0.0,no_entry,False,False,1,1,eccbb2802aac
2026-06-29,US.MSFT,LONG,False,-1,-1,-1,-1,-1,-1,True,,,0.0,0.0,no_entry,False,False,1,1,eccbb2802aac
2026-06-29,US.MSFT,SHORT,False,-1,-1,-1,-1,-1,-1,True,,,0.0,0.0,no_entry,False,False,1,1,eccbb2802aac
2026-06-29,US.MU,LONG,False,-1,-1,-1,-1,-1,-1,True,,,0.0,0.0,no_entry,False,False,1,1,eccbb2802aac
2026-06-29,US.MU,SHORT,False,-1,-1,-1,-1,-1,-1,True,,,0.0,0.0,no_entry,False,False,1,1,eccbb2802aac
2026-06-29,US.NVDA,LONG,False,-1,-1,-1,-1,-1,-1,True,,,0.0,0.0,no_entry,False,False,1,1,eccbb2802aac
2026-06-29,US.NVDA,SHORT,False,-1,-1,-1,-1,-1,-1,True,,,0.0,0.0,no_entry,False,False,1,1,eccbb2802aac
2026-06-29,US.QQQ,LONG,False,-1,-1,-1,-1,-1,-1,True,,,0.0,0.0,no_entry,False,False,1,1,eccbb2802aac
2026-06-29,US.QQQ,SHORT,False,-1,-1,-1,-1,-1,-1,True,,,0.0,0.0,no_entry,False,False,1,1,eccbb2802aac
2026-06-29,US.SPY,LONG,False,-1,-1,-1,-1,-1,-1,True,,,0.0,0.0,no_entry,False,False,1,1,eccbb2802aac
2026-06-29,US.SPY,SHORT,False,-1,-1,-1,-1,-1,-1,True,,,0.0,0.0,no_entry,False,False,1,1,eccbb2802aac
2026-06-29,US.TSLA,LONG,False,-1,-1,-1,-1,-1,-1,True,,,0.0,0.0,no_entry,False,False,1,1,eccbb2802aac
2026-06-29,US.TSLA,SHORT,False,-1,-1,-1,-1,-1,-1,True,,,0.0,0.0,no_entry,False,False,1,1,eccbb2802aac
2026-06-30,US.AAPL,LONG,False,-1,-1,-1,-1,-1,-1,True,,,0.0,0.0,no_entry,False,False,1,1,eccbb2802aac
2026-06-30,US.AAPL,SHORT,False,-1,-1,-1,-1,-1,-1,True,,,0.0,0.0,no_entry,False,False,1,1,eccbb2802aac
2026-06-30,US.AMD,LONG,False,-1,-1,-1,-1,-1,-1,True,,,0.0,0.0,no_entry,False,False,1,1,eccbb2802aac
2026-06-30,US.AMD,SHORT,False,-1,-1,-1,-1,-1,-1,True,,,0.0,0.0,no_entry,False,False,1,1,eccbb2802aac
2026-06-30,US.IWM,LONG,False,-1,-1,-1,-1,-1,-1,True,,,0.0,0.0,no_entry,False,False,1,1,eccbb2802aac
2026-06-30,US.IWM,SHORT,False,-1,-1,-1,-1,-1,-1,True,,,0.0,0.0,no_entry,False,False,1,1,eccbb2802aac
2026-06-30,US.META,LONG,False,-1,-1,-1,-1,-1,-1,True,,,0.0,0.0,no_entry,False,False,1,1,eccbb2802aac
2026-06-30,US.META,SHORT,True,31,36,601,601,606,606,True,554.68,556.81,-2.1299999999999955,-0.0038400519218287944,failed_followthrough,False,False,1,1,eccbb2802aac
2026-06-30,US.MSFT,LONG,True,28,33,598,598,603,603,True,371.466714228,371.311007346,-0.15570688200000404,-0.0004191677909112303,failed_followthrough,False,False,1,1,eccbb2802aac
2026-06-30,US.MSFT,SHORT,False,-1,-1,-1,-1,-1,-1,True,,,0.0,0.0,no_entry,False,False,1,1,eccbb2802aac
2026-06-30,US.MU,LONG,False,-1,-1,-1,-1,-1,-1,True,,,0.0,0.0,no_entry,False,False,1,1,eccbb2802aac
2026-06-30,US.MU,SHORT,False,-1,-1,-1,-1,-1,-1,True,,,0.0,0.0,no_entry,False,False,1,1,eccbb2802aac
2026-06-30,US.NVDA,LONG,False,-1,-1,-1,-1,-1,-1,True,,,0.0,0.0,no_entry,False,False,1,1,eccbb2802aac
2026-06-30,US.NVDA,SHORT,False,-1,-1,-1,-1,-1,-1,True,,,0.0,0.0,no_entry,False,False,1,1,eccbb2802aac
2026-06-30,US.QQQ,LONG,True,43,83,613,613,653,653,True,731.492,731.23,-0.2619999999999436,-0.0003581720647661815,failed_followthrough,False,False,1,1,eccbb2802aac
2026-06-30,US.QQQ,SHORT,False,-1,-1,-1,-1,-1,-1,True,,,0.0,0.0,no_entry,False,False,1,1,eccbb2802aac
2026-06-30,US.SPY,LONG,True,22,375,592,592,-1,945,True,742.93,747.139,4.20900000000006,0.005665405892883664,scheduled_flatten,True,False,1,1,eccbb2802aac
2026-06-30,US.SPY,SHORT,False,-1,-1,-1,-1,-1,-1,True,,,0.0,0.0,no_entry,False,False,1,1,eccbb2802aac
2026-06-30,US.TSLA,LONG,True,111,375,681,681,-1,945,True,415.21,422.845,7.635000000000048,0.01838828544591905,scheduled_flatten,True,False,1,1,eccbb2802aac
2026-06-30,US.TSLA,SHORT,False,-1,-1,-1,-1,-1,-1,True,,,0.0,0.0,no_entry,False,False,1,1,eccbb2802aac
2026-07-01,US.AAPL,LONG,False,-1,-1,-1,-1,-1,-1,True,,,0.0,0.0,no_entry,False,False,1,1,eccbb2802aac
2026-07-01,US.AAPL,SHORT,False,-1,-1,-1,-1,-1,-1,True,,,0.0,0.0,no_entry,False,False,1,1,eccbb2802aac
2026-07-01,US.AMD,LONG,False,-1,-1,-1,-1,-1,-1,True,,,0.0,0.0,no_entry,False,False,1,1,eccbb2802aac
2026-07-01,US.AMD,SHORT,False,-1,-1,-1,-1,-1,-1,True,,,0.0,0.0,no_entry,False,False,1,1,eccbb2802aac
2026-07-01,US.IWM,LONG,True,100,203,670,670,773,773,True,301.52,301.46,-0.060000000000002274,-0.0001989917750066406,failed_followthrough,False,False,1,1,eccbb2802aac
2026-07-01,US.IWM,SHORT,False,-1,-1,-1,-1,-1,-1,True,,,0.0,0.0,no_entry,False,False,1,1,eccbb2802aac
2026-07-01,US.META,LONG,False,-1,-1,-1,-1,-1,-1,True,,,0.0,0.0,no_entry,False,False,1,1,eccbb2802aac
2026-07-01,US.META,SHORT,False,-1,-1,-1,-1,-1,-1,True,,,0.0,0.0,no_entry,False,False,1,1,eccbb2802aac
2026-07-01,US.MSFT,LONG,False,-1,-1,-1,-1,-1,-1,True,,,0.0,0.0,no_entry,False,False,1,1,eccbb2802aac
2026-07-01,US.MSFT,SHORT,False,-1,-1,-1,-1,-1,-1,True,,,0.0,0.0,no_entry,False,False,1,1,eccbb2802aac
2026-07-01,US.MU,LONG,False,-1,-1,-1,-1,-1,-1,True,,,0.0,0.0,no_entry,False,False,1,1,eccbb2802aac
2026-07-01,US.MU,SHORT,False,-1,-1,-1,-1,-1,-1,True,,,0.0,0.0,no_entry,False,False,1,1,eccbb2802aac
2026-07-01,US.NVDA,LONG,False,-1,-1,-1,-1,-1,-1,True,,,0.0,0.0,no_entry,False,False,1,1,eccbb2802aac
2026-07-01,US.NVDA,SHORT,False,-1,-1,-1,-1,-1,-1,True,,,0.0,0.0,no_entry,False,False,1,1,eccbb2802aac
2026-07-01,US.QQQ,LONG,True,107,140,677,677,710,710,True,729.845,729.4,-0.44500000000005,-0.000609718501873754,failed_followthrough,False,False,1,1,eccbb2802aac
2026-07-01,US.QQQ,SHORT,False,-1,-1,-1,-1,-1,-1,True,,,0.0,0.0,no_entry,False,False,1,1,eccbb2802aac
2026-07-01,US.SPY,LONG,False,-1,-1,-1,-1,-1,-1,True,,,0.0,0.0,no_entry,False,False,1,1,eccbb2802aac
2026-07-01,US.SPY,SHORT,False,-1,-1,-1,-1,-1,-1,True,,,0.0,0.0,no_entry,False,False,1,1,eccbb2802aac
2026-07-01,US.TSLA,LONG,False,-1,-1,-1,-1,-1,-1,True,,,0.0,0.0,no_entry,False,False,1,1,eccbb2802aac
2026-07-01,US.TSLA,SHORT,False,-1,-1,-1,-1,-1,-1,True,,,0.0,0.0,no_entry,False,False,1,1,eccbb2802aac
2026-07-02,US.AAPL,LONG,False,-1,-1,-1,-1,-1,-1,True,,,0.0,0.0,no_entry,False,False,1,1,eccbb2802aac
2026-07-02,US.AAPL,SHORT,False,-1,-1,-1,-1,-1,-1,True,,,0.0,0.0,no_entry,False,False,1,1,eccbb2802aac
2026-07-02,US.AMD,LONG,False,-1,-1,-1,-1,-1,-1,True,,,0.0,0.0,no_entry,False,False,1,1,eccbb2802aac
2026-07-02,US.AMD,SHORT,False,-1,-1,-1,-1,-1,-1,True,,,0.0,0.0,no_entry,False,False,1,1,eccbb2802aac
2026-07-02,US.IWM,LONG,True,30,35,600,600,605,605,True,301.85,301.255,-0.5950000000000273,-0.001971177737286822,failed_followthrough,False,False,1,1,eccbb2802aac
2026-07-02,US.IWM,SHORT,False,-1,-1,-1,-1,-1,-1,True,,,0.0,0.0,no_entry,False,False,1,1,eccbb2802aac
2026-07-02,US.META,LONG,False,-1,-1,-1,-1,-1,-1,True,,,0.0,0.0,no_entry,False,False,1,1,eccbb2802aac
2026-07-02,US.META,SHORT,False,-1,-1,-1,-1,-1,-1,True,,,0.0,0.0,no_entry,False,False,1,1,eccbb2802aac
2026-07-02,US.MSFT,LONG,True,115,120,685,685,690,690,True,388.568520093,387.021432484,-1.547087609000016,-0.003981505266123298,failed_followthrough,False,False,1,1,eccbb2802aac
2026-07-02,US.MSFT,SHORT,False,-1,-1,-1,-1,-1,-1,True,,,0.0,0.0,no_entry,False,False,1,1,eccbb2802aac
2026-07-02,US.MU,LONG,False,-1,-1,-1,-1,-1,-1,True,,,0.0,0.0,no_entry,False,False,1,1,eccbb2802aac
2026-07-02,US.MU,SHORT,False,-1,-1,-1,-1,-1,-1,True,,,0.0,0.0,no_entry,False,False,1,1,eccbb2802aac
2026-07-02,US.NVDA,LONG,False,-1,-1,-1,-1,-1,-1,True,,,0.0,0.0,no_entry,False,False,1,1,eccbb2802aac
2026-07-02,US.NVDA,SHORT,False,-1,-1,-1,-1,-1,-1,True,,,0.0,0.0,no_entry,False,False,1,1,eccbb2802aac
2026-07-02,US.QQQ,LONG,True,44,49,614,614,619,619,True,729.63,726.75,-2.8799999999999955,-0.003947206118169477,failed_followthrough,False,False,1,1,eccbb2802aac
2026-07-02,US.QQQ,SHORT,False,-1,-1,-1,-1,-1,-1,True,,,0.0,0.0,no_entry,False,False,1,1,eccbb2802aac
2026-07-02,US.SPY,LONG,True,38,46,608,608,616,616,True,750.91,750.8,-0.11000000000001364,-0.00014648892676887197,failed_followthrough,False,False,1,1,eccbb2802aac
2026-07-02,US.SPY,SHORT,False,-1,-1,-1,-1,-1,-1,True,,,0.0,0.0,no_entry,False,False,1,1,eccbb2802aac
2026-07-02,US.TSLA,LONG,False,-1,-1,-1,-1,-1,-1,True,,,0.0,0.0,no_entry,False,False,1,1,eccbb2802aac
2026-07-02,US.TSLA,SHORT,False,-1,-1,-1,-1,-1,-1,True,,,0.0,0.0,no_entry,False,False,1,1,eccbb2802aac
2026-07-06,US.AAPL,LONG,False,-1,-1,-1,-1,-1,-1,True,,,0.0,0.0,no_entry,False,False,1,1,eccbb2802aac
2026-07-06,US.AAPL,SHORT,False,-1,-1,-1,-1,-1,-1,True,,,0.0,0.0,no_entry,False,False,1,1,eccbb2802aac
2026-07-06,US.AMD,LONG,False,-1,-1,-1,-1,-1,-1,True,,,0.0,0.0,no_entry,False,False,1,1,eccbb2802aac
2026-07-06,US.AMD,SHORT,False,-1,-1,-1,-1,-1,-1,True,,,0.0,0.0,no_entry,False,False,1,1,eccbb2802aac
2026-07-06,US.IWM,LONG,True,93,98,663,663,668,668,True,299.945,299.6,-0.34499999999997044,-0.0011502108719931002,failed_followthrough,False,False,1,1,eccbb2802aac
2026-07-06,US.IWM,SHORT,False,-1,-1,-1,-1,-1,-1,True,,,0.0,0.0,no_entry,False,False,1,1,eccbb2802aac
2026-07-06,US.META,LONG,False,-1,-1,-1,-1,-1,-1,True,,,0.0,0.0,no_entry,False,False,1,1,eccbb2802aac
2026-07-06,US.META,SHORT,False,-1,-1,-1,-1,-1,-1,True,,,0.0,0.0,no_entry,False,False,1,1,eccbb2802aac
2026-07-06,US.MSFT,LONG,False,-1,-1,-1,-1,-1,-1,True,,,0.0,0.0,no_entry,False,False,1,1,eccbb2802aac
2026-07-06,US.MSFT,SHORT,False,-1,-1,-1,-1,-1,-1,True,,,0.0,0.0,no_entry,False,False,1,1,eccbb2802aac
2026-07-06,US.MU,LONG,True,49,54,619,619,624,624,True,1013.19,1011.235,-1.955000000000041,-0.001929549245452522,failed_followthrough,False,False,1,1,eccbb2802aac
2026-07-06,US.MU,SHORT,False,-1,-1,-1,-1,-1,-1,True,,,0.0,0.0,no_entry,False,False,1,1,eccbb2802aac
2026-07-06,US.NVDA,LONG,True,117,125,687,687,695,695,True,196.070602937,196.070602937,0.0,0.0,failed_followthrough,False,False,1,1,eccbb2802aac
2026-07-06,US.NVDA,SHORT,False,-1,-1,-1,-1,-1,-1,True,,,0.0,0.0,no_entry,False,False,1,1,eccbb2802aac
2026-07-06,US.QQQ,LONG,True,21,27,591,591,597,597,True,723.35,723.32,-0.029999999999972715,-4.14736987626636e-05,failed_followthrough,False,False,1,1,eccbb2802aac
2026-07-06,US.QQQ,SHORT,False,-1,-1,-1,-1,-1,-1,True,,,0.0,0.0,no_entry,False,False,1,1,eccbb2802aac
2026-07-06,US.SPY,LONG,True,56,61,626,626,631,631,True,749.88,749.88,0.0,0.0,failed_followthrough,False,False,1,1,eccbb2802aac
2026-07-06,US.SPY,SHORT,False,-1,-1,-1,-1,-1,-1,True,,,0.0,0.0,no_entry,False,False,1,1,eccbb2802aac
2026-07-06,US.TSLA,LONG,False,-1,-1,-1,-1,-1,-1,True,,,0.0,0.0,no_entry,False,False,1,1,eccbb2802aac
2026-07-06,US.TSLA,SHORT,False,-1,-1,-1,-1,-1,-1,True,,,0.0,0.0,no_entry,False,False,1,1,eccbb2802aac
2026-07-07,US.AAPL,LONG,False,-1,-1,-1,-1,-1,-1,True,,,0.0,0.0,no_entry,False,False,1,1,eccbb2802aac
2026-07-07,US.AAPL,SHORT,False,-1,-1,-1,-1,-1,-1,True,,,0.0,0.0,no_entry,False,False,1,1,eccbb2802aac
2026-07-07,US.AMD,LONG,False,-1,-1,-1,-1,-1,-1,True,,,0.0,0.0,no_entry,False,False,1,1,eccbb2802aac
2026-07-07,US.AMD,SHORT,False,-1,-1,-1,-1,-1,-1,True,,,0.0,0.0,no_entry,False,False,1,1,eccbb2802aac
2026-07-07,US.IWM,LONG,False,-1,-1,-1,-1,-1,-1,True,,,0.0,0.0,no_entry,False,False,1,1,eccbb2802aac
2026-07-07,US.IWM,SHORT,True,130,135,700,700,705,705,True,296.46,296.67,-0.21000000000003638,-0.0007083586318560223,failed_followthrough,False,False,1,1,eccbb2802aac
2026-07-07,US.META,LONG,True,50,55,620,620,625,625,True,613.76,612.17,-1.5900000000000318,-0.002590589155370229,failed_followthrough,False,False,1,1,eccbb2802aac
2026-07-07,US.META,SHORT,False,-1,-1,-1,-1,-1,-1,True,,,0.0,0.0,no_entry,False,False,1,1,eccbb2802aac
2026-07-07,US.MSFT,LONG,False,-1,-1,-1,-1,-1,-1,True,,,0.0,0.0,no_entry,False,False,1,1,eccbb2802aac
2026-07-07,US.MSFT,SHORT,False,-1,-1,-1,-1,-1,-1,True,,,0.0,0.0,no_entry,False,False,1,1,eccbb2802aac
2026-07-07,US.MU,LONG,False,-1,-1,-1,-1,-1,-1,True,,,0.0,0.0,no_entry,False,False,1,1,eccbb2802aac
2026-07-07,US.MU,SHORT,True,26,31,596,596,601,601,True,910.335,922.045,-11.709999999999923,-0.01286339644196908,failed_followthrough,False,False,1,1,eccbb2802aac
2026-07-07,US.NVDA,LONG,False,-1,-1,-1,-1,-1,-1,True,,,0.0,0.0,no_entry,False,False,1,1,eccbb2802aac
2026-07-07,US.NVDA,SHORT,False,-1,-1,-1,-1,-1,-1,True,,,0.0,0.0,no_entry,False,False,1,1,eccbb2802aac
2026-07-07,US.QQQ,LONG,False,-1,-1,-1,-1,-1,-1,True,,,0.0,0.0,no_entry,False,False,1,1,eccbb2802aac
2026-07-07,US.QQQ,SHORT,True,39,375,609,609,-1,945,True,710.36,707.39,2.9700000000000273,0.004180978658708299,scheduled_flatten,True,False,1,1,eccbb2802aac
2026-07-07,US.SPY,LONG,False,-1,-1,-1,-1,-1,-1,True,,,0.0,0.0,no_entry,False,False,1,1,eccbb2802aac
2026-07-07,US.SPY,SHORT,True,28,33,598,598,603,603,True,748.63,748.87,-0.2400000000000091,-0.0003205856030348892,failed_followthrough,False,False,1,1,eccbb2802aac
2026-07-07,US.TSLA,LONG,False,-1,-1,-1,-1,-1,-1,True,,,0.0,0.0,no_entry,False,False,1,1,eccbb2802aac
2026-07-07,US.TSLA,SHORT,False,-1,-1,-1,-1,-1,-1,True,,,0.0,0.0,no_entry,False,False,1,1,eccbb2802aac
2026-07-08,US.AAPL,LONG,False,-1,-1,-1,-1,-1,-1,True,,,0.0,0.0,no_entry,False,False,1,1,eccbb2802aac
2026-07-08,US.AAPL,SHORT,False,-1,-1,-1,-1,-1,-1,True,,,0.0,0.0,no_entry,False,False,1,1,eccbb2802aac
2026-07-08,US.AMD,LONG,False,-1,-1,-1,-1,-1,-1,True,,,0.0,0.0,no_entry,False,False,1,1,eccbb2802aac
2026-07-08,US.AMD,SHORT,False,-1,-1,-1,-1,-1,-1,True,,,0.0,0.0,no_entry,False,False,1,1,eccbb2802aac
2026-07-08,US.IWM,LONG,False,-1,-1,-1,-1,-1,-1,True,,,0.0,0.0,no_entry,False,False,1,1,eccbb2802aac
2026-07-08,US.IWM,SHORT,False,-1,-1,-1,-1,-1,-1,True,,,0.0,0.0,no_entry,False,False,1,1,eccbb2802aac
2026-07-08,US.META,LONG,False,-1,-1,-1,-1,-1,-1,True,,,0.0,0.0,no_entry,False,False,1,1,eccbb2802aac
2026-07-08,US.META,SHORT,False,-1,-1,-1,-1,-1,-1,True,,,0.0,0.0,no_entry,False,False,1,1,eccbb2802aac
2026-07-08,US.MSFT,LONG,False,-1,-1,-1,-1,-1,-1,True,,,0.0,0.0,no_entry,False,False,1,1,eccbb2802aac
2026-07-08,US.MSFT,SHORT,False,-1,-1,-1,-1,-1,-1,True,,,0.0,0.0,no_entry,False,False,1,1,eccbb2802aac
2026-07-08,US.MU,LONG,False,-1,-1,-1,-1,-1,-1,True,,,0.0,0.0,no_entry,False,False,1,1,eccbb2802aac
2026-07-08,US.MU,SHORT,False,-1,-1,-1,-1,-1,-1,True,,,0.0,0.0,no_entry,False,False,1,1,eccbb2802aac
2026-07-08,US.NVDA,LONG,False,-1,-1,-1,-1,-1,-1,True,,,0.0,0.0,no_entry,False,False,1,1,eccbb2802aac
2026-07-08,US.NVDA,SHORT,False,-1,-1,-1,-1,-1,-1,True,,,0.0,0.0,no_entry,False,False,1,1,eccbb2802aac
2026-07-08,US.QQQ,LONG,False,-1,-1,-1,-1,-1,-1,True,,,0.0,0.0,no_entry,False,False,1,1,eccbb2802aac
2026-07-08,US.QQQ,SHORT,False,-1,-1,-1,-1,-1,-1,True,,,0.0,0.0,no_entry,False,False,1,1,eccbb2802aac
2026-07-08,US.SPY,LONG,False,-1,-1,-1,-1,-1,-1,True,,,0.0,0.0,no_entry,False,False,1,1,eccbb2802aac
2026-07-08,US.SPY,SHORT,True,67,72,637,637,642,642,True,742.49,742.69,-0.20000000000004547,-0.0002693638971569253,failed_followthrough,False,False,1,1,eccbb2802aac
2026-07-08,US.TSLA,LONG,False,-1,-1,-1,-1,-1,-1,True,,,0.0,0.0,no_entry,False,False,1,1,eccbb2802aac
2026-07-08,US.TSLA,SHORT,True,23,29,593,593,599,599,True,394.775,395.0,-0.22500000000002274,-0.0005699449053258762,failed_followthrough,False,False,1,1,eccbb2802aac
2026-07-09,US.AAPL,LONG,False,-1,-1,-1,-1,-1,-1,True,,,0.0,0.0,no_entry,False,False,1,1,eccbb2802aac
2026-07-09,US.AAPL,SHORT,False,-1,-1,-1,-1,-1,-1,True,,,0.0,0.0,no_entry,False,False,1,1,eccbb2802aac
2026-07-09,US.AMD,LONG,True,41,46,611,611,616,616,True,553.58,551.695,-1.884999999999991,-0.003405108566060896,failed_followthrough,False,False,1,1,eccbb2802aac
2026-07-09,US.AMD,SHORT,False,-1,-1,-1,-1,-1,-1,True,,,0.0,0.0,no_entry,False,False,1,1,eccbb2802aac
2026-07-09,US.IWM,LONG,True,30,37,600,600,607,607,True,296.52,296.51,-0.009999999999990905,-3.3724537973799085e-05,failed_followthrough,False,False,1,1,eccbb2802aac
2026-07-09,US.IWM,SHORT,False,-1,-1,-1,-1,-1,-1,True,,,0.0,0.0,no_entry,False,False,1,1,eccbb2802aac
2026-07-09,US.META,LONG,False,-1,-1,-1,-1,-1,-1,True,,,0.0,0.0,no_entry,False,False,1,1,eccbb2802aac
2026-07-09,US.META,SHORT,False,-1,-1,-1,-1,-1,-1,True,,,0.0,0.0,no_entry,False,False,1,1,eccbb2802aac
2026-07-09,US.MSFT,LONG,False,-1,-1,-1,-1,-1,-1,True,,,0.0,0.0,no_entry,False,False,1,1,eccbb2802aac
2026-07-09,US.MSFT,SHORT,False,-1,-1,-1,-1,-1,-1,True,,,0.0,0.0,no_entry,False,False,1,1,eccbb2802aac
2026-07-09,US.MU,LONG,True,23,43,593,593,613,613,True,1024.685,1022.0301,-2.654899999999998,-0.0025909425823545753,failed_followthrough,False,False,1,1,eccbb2802aac
2026-07-09,US.MU,SHORT,False,-1,-1,-1,-1,-1,-1,True,,,0.0,0.0,no_entry,False,False,1,1,eccbb2802aac
2026-07-09,US.NVDA,LONG,False,-1,-1,-1,-1,-1,-1,True,,,0.0,0.0,no_entry,False,False,1,1,eccbb2802aac
2026-07-09,US.NVDA,SHORT,True,125,130,695,695,700,700,True,201.045036696,201.244813153,-0.19977645699998448,-0.0009936900720512003,failed_followthrough,False,False,1,1,eccbb2802aac
2026-07-09,US.QQQ,LONG,True,115,120,685,685,690,690,True,721.49,721.38,-0.11000000000001364,-0.00015246226558928555,failed_followthrough,False,False,1,1,eccbb2802aac
2026-07-09,US.QQQ,SHORT,False,-1,-1,-1,-1,-1,-1,True,,,0.0,0.0,no_entry,False,False,1,1,eccbb2802aac
2026-07-09,US.SPY,LONG,True,23,30,593,593,600,600,True,748.83,748.69,-0.13999999999998636,-0.00018695832164842,failed_followthrough,False,False,1,1,eccbb2802aac
2026-07-09,US.SPY,SHORT,False,-1,-1,-1,-1,-1,-1,True,,,0.0,0.0,no_entry,False,False,1,1,eccbb2802aac
2026-07-09,US.TSLA,LONG,True,128,375,698,698,-1,945,True,396.55,404.7,8.149999999999977,0.020552263270709813,scheduled_flatten,True,False,1,1,eccbb2802aac
2026-07-09,US.TSLA,SHORT,False,-1,-1,-1,-1,-1,-1,True,,,0.0,0.0,no_entry,False,False,1,1,eccbb2802aac
2026-07-10,US.AAPL,LONG,False,-1,-1,-1,-1,-1,-1,True,,,0.0,0.0,no_entry,False,False,1,1,eccbb2802aac
2026-07-10,US.AAPL,SHORT,True,142,147,712,712,717,717,True,312.520465103,312.96008595,-0.4396208470000147,-0.0014066945883212006,failed_followthrough,False,False,1,1,eccbb2802aac
2026-07-10,US.AMD,LONG,False,-1,-1,-1,-1,-1,-1,True,,,0.0,0.0,no_entry,False,False,1,1,eccbb2802aac
2026-07-10,US.AMD,SHORT,False,-1,-1,-1,-1,-1,-1,True,,,0.0,0.0,no_entry,False,False,1,1,eccbb2802aac
2026-07-10,US.IWM,LONG,False,-1,-1,-1,-1,-1,-1,True,,,0.0,0.0,no_entry,False,False,1,1,eccbb2802aac
2026-07-10,US.IWM,SHORT,True,128,144,698,698,714,714,True,295.07,295.115,-0.045000000000015916,-0.0001525061849731112,failed_followthrough,False,False,1,1,eccbb2802aac
2026-07-10,US.META,LONG,False,-1,-1,-1,-1,-1,-1,True,,,0.0,0.0,no_entry,False,False,1,1,eccbb2802aac
2026-07-10,US.META,SHORT,False,-1,-1,-1,-1,-1,-1,True,,,0.0,0.0,no_entry,False,False,1,1,eccbb2802aac
2026-07-10,US.MSFT,LONG,False,-1,-1,-1,-1,-1,-1,True,,,0.0,0.0,no_entry,False,False,1,1,eccbb2802aac
2026-07-10,US.MSFT,SHORT,False,-1,-1,-1,-1,-1,-1,True,,,0.0,0.0,no_entry,False,False,1,1,eccbb2802aac
2026-07-10,US.MU,LONG,True,107,113,677,677,683,683,True,982.02,980.89,-1.1299999999999955,-0.0011506893953279929,failed_followthrough,False,False,1,1,eccbb2802aac
2026-07-10,US.MU,SHORT,False,-1,-1,-1,-1,-1,-1,True,,,0.0,0.0,no_entry,False,False,1,1,eccbb2802aac
2026-07-10,US.NVDA,LONG,False,-1,-1,-1,-1,-1,-1,True,,,0.0,0.0,no_entry,False,False,1,1,eccbb2802aac
2026-07-10,US.NVDA,SHORT,False,-1,-1,-1,-1,-1,-1,True,,,0.0,0.0,no_entry,False,False,1,1,eccbb2802aac
2026-07-10,US.QQQ,LONG,True,20,25,590,590,595,595,True,723.31,723.22,-0.08999999999991815,-0.0001244279769392351,failed_followthrough,False,False,1,1,eccbb2802aac
2026-07-10,US.QQQ,SHORT,False,-1,-1,-1,-1,-1,-1,True,,,0.0,0.0,no_entry,False,False,1,1,eccbb2802aac
2026-07-10,US.SPY,LONG,False,-1,-1,-1,-1,-1,-1,True,,,0.0,0.0,no_entry,False,False,1,1,eccbb2802aac
2026-07-10,US.SPY,SHORT,True,64,69,634,634,639,639,True,750.64,751.94,-1.3000000000000682,-0.0017318554833209905,failed_followthrough,False,False,1,1,eccbb2802aac
2026-07-10,US.TSLA,LONG,False,-1,-1,-1,-1,-1,-1,True,,,0.0,0.0,no_entry,False,False,1,1,eccbb2802aac
2026-07-10,US.TSLA,SHORT,False,-1,-1,-1,-1,-1,-1,True,,,0.0,0.0,no_entry,False,False,1,1,eccbb2802aac
2026-07-13,US.AAPL,LONG,False,-1,-1,-1,-1,-1,-1,True,,,0.0,0.0,no_entry,False,False,1,1,eccbb2802aac
2026-07-13,US.AAPL,SHORT,False,-1,-1,-1,-1,-1,-1,True,,,0.0,0.0,no_entry,False,False,1,1,eccbb2802aac
2026-07-13,US.AMD,LONG,False,-1,-1,-1,-1,-1,-1,True,,,0.0,0.0,no_entry,False,False,1,1,eccbb2802aac
2026-07-13,US.AMD,SHORT,False,-1,-1,-1,-1,-1,-1,True,,,0.0,0.0,no_entry,False,False,1,1,eccbb2802aac
2026-07-13,US.IWM,LONG,False,-1,-1,-1,-1,-1,-1,True,,,0.0,0.0,no_entry,False,False,1,1,eccbb2802aac
2026-07-13,US.IWM,SHORT,False,-1,-1,-1,-1,-1,-1,True,,,0.0,0.0,no_entry,False,False,1,1,eccbb2802aac
2026-07-13,US.META,LONG,False,-1,-1,-1,-1,-1,-1,True,,,0.0,0.0,no_entry,False,False,1,1,eccbb2802aac
2026-07-13,US.META,SHORT,False,-1,-1,-1,-1,-1,-1,True,,,0.0,0.0,no_entry,False,False,1,1,eccbb2802aac
2026-07-13,US.MSFT,LONG,False,-1,-1,-1,-1,-1,-1,True,,,0.0,0.0,no_entry,False,False,1,1,eccbb2802aac
2026-07-13,US.MSFT,SHORT,False,-1,-1,-1,-1,-1,-1,True,,,0.0,0.0,no_entry,False,False,1,1,eccbb2802aac
2026-07-13,US.MU,LONG,False,-1,-1,-1,-1,-1,-1,True,,,0.0,0.0,no_entry,False,False,1,1,eccbb2802aac
2026-07-13,US.MU,SHORT,False,-1,-1,-1,-1,-1,-1,True,,,0.0,0.0,no_entry,False,False,1,1,eccbb2802aac
2026-07-13,US.NVDA,LONG,False,-1,-1,-1,-1,-1,-1,True,,,0.0,0.0,no_entry,False,False,1,1,eccbb2802aac
2026-07-13,US.NVDA,SHORT,False,-1,-1,-1,-1,-1,-1,True,,,0.0,0.0,no_entry,False,False,1,1,eccbb2802aac
2026-07-13,US.QQQ,LONG,False,-1,-1,-1,-1,-1,-1,True,,,0.0,0.0,no_entry,False,False,1,1,eccbb2802aac
2026-07-13,US.QQQ,SHORT,False,-1,-1,-1,-1,-1,-1,True,,,0.0,0.0,no_entry,False,False,1,1,eccbb2802aac
2026-07-13,US.SPY,LONG,False,-1,-1,-1,-1,-1,-1,True,,,0.0,0.0,no_entry,False,False,1,1,eccbb2802aac
2026-07-13,US.SPY,SHORT,True,48,53,618,618,623,623,True,751.51,751.795,-0.28499999999996817,-0.0003792364705725382,failed_followthrough,False,False,1,1,eccbb2802aac
2026-07-13,US.TSLA,LONG,False,-1,-1,-1,-1,-1,-1,True,,,0.0,0.0,no_entry,False,False,1,1,eccbb2802aac
2026-07-13,US.TSLA,SHORT,False,-1,-1,-1,-1,-1,-1,True,,,0.0,0.0,no_entry,False,False,1,1,eccbb2802aac
2026-07-14,US.AAPL,LONG,False,-1,-1,-1,-1,-1,-1,True,,,0.0,0.0,no_entry,False,False,1,1,eccbb2802aac
2026-07-14,US.AAPL,SHORT,False,-1,-1,-1,-1,-1,-1,True,,,0.0,0.0,no_entry,False,False,1,1,eccbb2802aac
2026-07-14,US.AMD,LONG,False,-1,-1,-1,-1,-1,-1,True,,,0.0,0.0,no_entry,False,False,1,1,eccbb2802aac
2026-07-14,US.AMD,SHORT,False,-1,-1,-1,-1,-1,-1,True,,,0.0,0.0,no_entry,False,False,1,1,eccbb2802aac
2026-07-14,US.IWM,LONG,False,-1,-1,-1,-1,-1,-1,True,,,0.0,0.0,no_entry,False,False,1,1,eccbb2802aac
2026-07-14,US.IWM,SHORT,True,128,135,698,698,705,705,True,294.4,294.55,-0.1500000000000341,-0.0005095108695653333,failed_followthrough,False,False,1,1,eccbb2802aac
2026-07-14,US.META,LONG,False,-1,-1,-1,-1,-1,-1,True,,,0.0,0.0,no_entry,False,False,1,1,eccbb2802aac
2026-07-14,US.META,SHORT,False,-1,-1,-1,-1,-1,-1,True,,,0.0,0.0,no_entry,False,False,1,1,eccbb2802aac
2026-07-14,US.MSFT,LONG,False,-1,-1,-1,-1,-1,-1,True,,,0.0,0.0,no_entry,False,False,1,1,eccbb2802aac
2026-07-14,US.MSFT,SHORT,False,-1,-1,-1,-1,-1,-1,True,,,0.0,0.0,no_entry,False,False,1,1,eccbb2802aac
2026-07-14,US.MU,LONG,False,-1,-1,-1,-1,-1,-1,True,,,0.0,0.0,no_entry,False,False,1,1,eccbb2802aac
2026-07-14,US.MU,SHORT,False,-1,-1,-1,-1,-1,-1,True,,,0.0,0.0,no_entry,False,False,1,1,eccbb2802aac
2026-07-14,US.NVDA,LONG,False,-1,-1,-1,-1,-1,-1,True,,,0.0,0.0,no_entry,False,False,1,1,eccbb2802aac
2026-07-14,US.NVDA,SHORT,False,-1,-1,-1,-1,-1,-1,True,,,0.0,0.0,no_entry,False,False,1,1,eccbb2802aac
2026-07-14,US.QQQ,LONG,False,-1,-1,-1,-1,-1,-1,True,,,0.0,0.0,no_entry,False,False,1,1,eccbb2802aac
2026-07-14,US.QQQ,SHORT,False,-1,-1,-1,-1,-1,-1,True,,,0.0,0.0,no_entry,False,False,1,1,eccbb2802aac
2026-07-14,US.SPY,LONG,True,67,72,637,637,642,642,True,751.91,751.87,-0.03999999999996362,-5.3197856126349723e-05,failed_followthrough,False,False,1,1,eccbb2802aac
2026-07-14,US.SPY,SHORT,False,-1,-1,-1,-1,-1,-1,True,,,0.0,0.0,no_entry,False,False,1,1,eccbb2802aac
2026-07-14,US.TSLA,LONG,False,-1,-1,-1,-1,-1,-1,True,,,0.0,0.0,no_entry,False,False,1,1,eccbb2802aac
2026-07-14,US.TSLA,SHORT,False,-1,-1,-1,-1,-1,-1,True,,,0.0,0.0,no_entry,False,False,1,1,eccbb2802aac
2026-07-15,US.AAPL,LONG,False,-1,-1,-1,-1,-1,-1,True,,,0.0,0.0,no_entry,False,False,1,1,eccbb2802aac
2026-07-15,US.AAPL,SHORT,False,-1,-1,-1,-1,-1,-1,True,,,0.0,0.0,no_entry,False,False,1,1,eccbb2802aac
2026-07-15,US.AMD,LONG,False,-1,-1,-1,-1,-1,-1,True,,,0.0,0.0,no_entry,False,False,1,1,eccbb2802aac
2026-07-15,US.AMD,SHORT,False,-1,-1,-1,-1,-1,-1,True,,,0.0,0.0,no_entry,False,False,1,1,eccbb2802aac
2026-07-15,US.IWM,LONG,False,-1,-1,-1,-1,-1,-1,True,,,0.0,0.0,no_entry,False,False,1,1,eccbb2802aac
2026-07-15,US.IWM,SHORT,False,-1,-1,-1,-1,-1,-1,True,,,0.0,0.0,no_entry,False,False,1,1,eccbb2802aac
2026-07-15,US.META,LONG,False,-1,-1,-1,-1,-1,-1,True,,,0.0,0.0,no_entry,False,False,1,1,eccbb2802aac
2026-07-15,US.META,SHORT,False,-1,-1,-1,-1,-1,-1,True,,,0.0,0.0,no_entry,False,False,1,1,eccbb2802aac
2026-07-15,US.MSFT,LONG,False,-1,-1,-1,-1,-1,-1,True,,,0.0,0.0,no_entry,False,False,1,1,eccbb2802aac
2026-07-15,US.MSFT,SHORT,False,-1,-1,-1,-1,-1,-1,True,,,0.0,0.0,no_entry,False,False,1,1,eccbb2802aac
2026-07-15,US.MU,LONG,False,-1,-1,-1,-1,-1,-1,True,,,0.0,0.0,no_entry,False,False,1,1,eccbb2802aac
2026-07-15,US.MU,SHORT,True,22,27,592,592,597,597,True,949.25,952.865,-3.615000000000009,-0.0038082696865946895,failed_followthrough,False,False,1,1,eccbb2802aac
2026-07-15,US.NVDA,LONG,False,-1,-1,-1,-1,-1,-1,True,,,0.0,0.0,no_entry,False,False,1,1,eccbb2802aac
2026-07-15,US.NVDA,SHORT,False,-1,-1,-1,-1,-1,-1,True,,,0.0,0.0,no_entry,False,False,1,1,eccbb2802aac
2026-07-15,US.QQQ,LONG,False,-1,-1,-1,-1,-1,-1,True,,,0.0,0.0,no_entry,False,False,1,1,eccbb2802aac
2026-07-15,US.QQQ,SHORT,True,17,30,587,587,600,600,True,720.33,720.69,-0.36000000000001364,-0.0004997709383199556,failed_followthrough,False,False,1,1,eccbb2802aac
2026-07-15,US.SPY,LONG,False,-1,-1,-1,-1,-1,-1,True,,,0.0,0.0,no_entry,False,False,1,1,eccbb2802aac
2026-07-15,US.SPY,SHORT,True,21,26,591,591,596,596,True,753.33,754.19,-0.8600000000000136,-0.0011415979716724591,failed_followthrough,False,False,1,1,eccbb2802aac
2026-07-15,US.TSLA,LONG,False,-1,-1,-1,-1,-1,-1,True,,,0.0,0.0,no_entry,False,False,1,1,eccbb2802aac
2026-07-15,US.TSLA,SHORT,False,-1,-1,-1,-1,-1,-1,True,,,0.0,0.0,no_entry,False,False,1,1,eccbb2802aac
2026-07-16,US.AAPL,LONG,True,53,375,623,623,-1,945,True,329.19608313,331.993670336,2.797587206000003,0.008498239649149263,scheduled_flatten,True,False,1,1,eccbb2802aac
2026-07-16,US.AAPL,SHORT,False,-1,-1,-1,-1,-1,-1,True,,,0.0,0.0,no_entry,False,False,1,1,eccbb2802aac
2026-07-16,US.AMD,LONG,False,-1,-1,-1,-1,-1,-1,True,,,0.0,0.0,no_entry,False,False,1,1,eccbb2802aac
2026-07-16,US.AMD,SHORT,True,113,118,683,683,688,688,True,506.79,508.96,-2.169999999999959,-0.004281852443812938,failed_followthrough,False,False,1,1,eccbb2802aac
2026-07-16,US.IWM,LONG,True,25,171,595,595,741,741,True,296.31,295.38,-0.9300000000000068,-0.003138604839526195,trailing,False,False,1,1,eccbb2802aac
2026-07-16,US.IWM,SHORT,False,-1,-1,-1,-1,-1,-1,True,,,0.0,0.0,no_entry,False,False,1,1,eccbb2802aac
2026-07-16,US.META,LONG,False,-1,-1,-1,-1,-1,-1,True,,,0.0,0.0,no_entry,False,False,1,1,eccbb2802aac
2026-07-16,US.META,SHORT,False,-1,-1,-1,-1,-1,-1,True,,,0.0,0.0,no_entry,False,False,1,1,eccbb2802aac
2026-07-16,US.MSFT,LONG,False,-1,-1,-1,-1,-1,-1,True,,,0.0,0.0,no_entry,False,False,1,1,eccbb2802aac
2026-07-16,US.MSFT,SHORT,False,-1,-1,-1,-1,-1,-1,True,,,0.0,0.0,no_entry,False,False,1,1,eccbb2802aac
2026-07-16,US.MU,LONG,False,-1,-1,-1,-1,-1,-1,True,,,0.0,0.0,no_entry,False,False,1,1,eccbb2802aac
2026-07-16,US.MU,SHORT,True,16,30,586,586,600,600,True,863.81,866.59,-2.7800000000000864,-0.0032183003206724702,failed_followthrough,False,False,1,1,eccbb2802aac
2026-07-16,US.NVDA,LONG,False,-1,-1,-1,-1,-1,-1,True,,,0.0,0.0,no_entry,False,False,1,1,eccbb2802aac
2026-07-16,US.NVDA,SHORT,False,-1,-1,-1,-1,-1,-1,True,,,0.0,0.0,no_entry,False,False,1,1,eccbb2802aac
2026-07-16,US.QQQ,LONG,False,-1,-1,-1,-1,-1,-1,True,,,0.0,0.0,no_entry,False,False,1,1,eccbb2802aac
2026-07-16,US.QQQ,SHORT,False,-1,-1,-1,-1,-1,-1,True,,,0.0,0.0,no_entry,False,False,1,1,eccbb2802aac
2026-07-16,US.SPY,LONG,True,124,132,694,694,702,702,True,753.99,753.755,-0.23500000000001364,-0.0003116752211567974,failed_followthrough,False,False,1,1,eccbb2802aac
2026-07-16,US.SPY,SHORT,True,20,25,590,590,595,595,True,751.045,751.48,-0.4350000000000591,-0.0005791929910991474,failed_followthrough,False,False,1,1,eccbb2802aac
2026-07-16,US.TSLA,LONG,False,-1,-1,-1,-1,-1,-1,True,,,0.0,0.0,no_entry,False,False,1,1,eccbb2802aac
2026-07-16,US.TSLA,SHORT,False,-1,-1,-1,-1,-1,-1,True,,,0.0,0.0,no_entry,False,False,1,1,eccbb2802aac
2026-07-17,US.AAPL,LONG,False,-1,-1,-1,-1,-1,-1,True,,,0.0,0.0,no_entry,False,False,1,1,eccbb2802aac
2026-07-17,US.AAPL,SHORT,False,-1,-1,-1,-1,-1,-1,True,,,0.0,0.0,no_entry,False,False,1,1,eccbb2802aac
2026-07-17,US.AMD,LONG,False,-1,-1,-1,-1,-1,-1,True,,,0.0,0.0,no_entry,False,False,1,1,eccbb2802aac
2026-07-17,US.AMD,SHORT,False,-1,-1,-1,-1,-1,-1,True,,,0.0,0.0,no_entry,False,False,1,1,eccbb2802aac
2026-07-17,US.IWM,LONG,True,148,153,718,718,723,723,True,294.24,294.03,-0.21000000000003638,-0.0007137030995107272,failed_followthrough,False,False,1,1,eccbb2802aac
2026-07-17,US.IWM,SHORT,False,-1,-1,-1,-1,-1,-1,True,,,0.0,0.0,no_entry,False,False,1,1,eccbb2802aac
2026-07-17,US.META,LONG,False,-1,-1,-1,-1,-1,-1,True,,,0.0,0.0,no_entry,False,False,1,1,eccbb2802aac
2026-07-17,US.META,SHORT,False,-1,-1,-1,-1,-1,-1,True,,,0.0,0.0,no_entry,False,False,1,1,eccbb2802aac
2026-07-17,US.MSFT,LONG,False,-1,-1,-1,-1,-1,-1,True,,,0.0,0.0,no_entry,False,False,1,1,eccbb2802aac
2026-07-17,US.MSFT,SHORT,True,35,53,605,605,623,623,True,392.411286089,392.590947876,-0.17966178699998636,-0.0004578405192944388,failed_followthrough,False,False,1,1,eccbb2802aac
2026-07-17,US.MU,LONG,True,121,375,691,691,-1,945,True,858.42,861.5,3.080000000000041,0.003587987232357169,scheduled_flatten,True,False,1,1,eccbb2802aac
2026-07-17,US.MU,SHORT,False,-1,-1,-1,-1,-1,-1,True,,,0.0,0.0,no_entry,False,False,1,1,eccbb2802aac
2026-07-17,US.NVDA,LONG,False,-1,-1,-1,-1,-1,-1,True,,,0.0,0.0,no_entry,False,False,1,1,eccbb2802aac
2026-07-17,US.NVDA,SHORT,False,-1,-1,-1,-1,-1,-1,True,,,0.0,0.0,no_entry,False,False,1,1,eccbb2802aac
2026-07-17,US.QQQ,LONG,True,120,126,690,690,696,696,True,695.135,695.05,-0.08500000000003638,-0.00012227840635277518,failed_followthrough,False,False,1,1,eccbb2802aac
2026-07-17,US.QQQ,SHORT,False,-1,-1,-1,-1,-1,-1,True,,,0.0,0.0,no_entry,False,False,1,1,eccbb2802aac
2026-07-17,US.SPY,LONG,True,129,134,699,699,704,704,True,745.64,745.18,-0.4600000000000364,-0.000616919693149558,failed_followthrough,False,False,1,1,eccbb2802aac
2026-07-17,US.SPY,SHORT,False,-1,-1,-1,-1,-1,-1,True,,,0.0,0.0,no_entry,False,False,1,1,eccbb2802aac
2026-07-17,US.TSLA,LONG,False,-1,-1,-1,-1,-1,-1,True,,,0.0,0.0,no_entry,False,False,1,1,eccbb2802aac
2026-07-17,US.TSLA,SHORT,False,-1,-1,-1,-1,-1,-1,True,,,0.0,0.0,no_entry,False,False,1,1,eccbb2802aac
2026-07-20,US.AAPL,LONG,False,-1,-1,-1,-1,-1,-1,True,,,0.0,0.0,no_entry,False,False,1,1,eccbb2802aac
2026-07-20,US.AAPL,SHORT,False,-1,-1,-1,-1,-1,-1,True,,,0.0,0.0,no_entry,False,False,1,1,eccbb2802aac
2026-07-20,US.AMD,LONG,False,-1,-1,-1,-1,-1,-1,True,,,0.0,0.0,no_entry,False,False,1,1,eccbb2802aac
2026-07-20,US.AMD,SHORT,False,-1,-1,-1,-1,-1,-1,True,,,0.0,0.0,no_entry,False,False,1,1,eccbb2802aac
2026-07-20,US.IWM,LONG,False,-1,-1,-1,-1,-1,-1,True,,,0.0,0.0,no_entry,False,False,1,1,eccbb2802aac
2026-07-20,US.IWM,SHORT,True,30,375,600,600,-1,945,True,294.72,293.015,1.705000000000041,0.005785152008686349,scheduled_flatten,True,False,1,1,eccbb2802aac
2026-07-20,US.META,LONG,False,-1,-1,-1,-1,-1,-1,True,,,0.0,0.0,no_entry,False,False,1,1,eccbb2802aac
2026-07-20,US.META,SHORT,False,-1,-1,-1,-1,-1,-1,True,,,0.0,0.0,no_entry,False,False,1,1,eccbb2802aac
2026-07-20,US.MSFT,LONG,False,-1,-1,-1,-1,-1,-1,True,,,0.0,0.0,no_entry,False,False,1,1,eccbb2802aac
2026-07-20,US.MSFT,SHORT,False,-1,-1,-1,-1,-1,-1,True,,,0.0,0.0,no_entry,False,False,1,1,eccbb2802aac
2026-07-20,US.MU,LONG,False,-1,-1,-1,-1,-1,-1,True,,,0.0,0.0,no_entry,False,False,1,1,eccbb2802aac
2026-07-20,US.MU,SHORT,True,91,98,661,661,668,668,True,872.415,873.58,-1.1650000000000773,-0.0013353736467163876,failed_followthrough,False,False,1,1,eccbb2802aac
2026-07-20,US.NVDA,LONG,False,-1,-1,-1,-1,-1,-1,True,,,0.0,0.0,no_entry,False,False,1,1,eccbb2802aac
2026-07-20,US.NVDA,SHORT,False,-1,-1,-1,-1,-1,-1,True,,,0.0,0.0,no_entry,False,False,1,1,eccbb2802aac
2026-07-20,US.QQQ,LONG,False,-1,-1,-1,-1,-1,-1,True,,,0.0,0.0,no_entry,False,False,1,1,eccbb2802aac
2026-07-20,US.QQQ,SHORT,False,-1,-1,-1,-1,-1,-1,True,,,0.0,0.0,no_entry,False,False,1,1,eccbb2802aac
2026-07-20,US.SPY,LONG,False,-1,-1,-1,-1,-1,-1,True,,,0.0,0.0,no_entry,False,False,1,1,eccbb2802aac
2026-07-20,US.SPY,SHORT,False,-1,-1,-1,-1,-1,-1,True,,,0.0,0.0,no_entry,False,False,1,1,eccbb2802aac
2026-07-20,US.TSLA,LONG,False,-1,-1,-1,-1,-1,-1,True,,,0.0,0.0,no_entry,False,False,1,1,eccbb2802aac
2026-07-20,US.TSLA,SHORT,True,21,375,591,591,-1,945,True,379.77,371.52,8.25,0.021723674855833795,scheduled_flatten,True,False,1,1,eccbb2802aac
2026-07-21,US.AAPL,LONG,False,-1,-1,-1,-1,-1,-1,True,,,0.0,0.0,no_entry,False,False,1,1,eccbb2802aac
2026-07-21,US.AAPL,SHORT,False,-1,-1,-1,-1,-1,-1,True,,,0.0,0.0,no_entry,False,False,1,1,eccbb2802aac
2026-07-21,US.AMD,LONG,True,22,27,592,592,597,597,True,533.285,525.58,-7.704999999999927,-0.014448184366708097,failed_followthrough,False,False,1,1,eccbb2802aac
2026-07-21,US.AMD,SHORT,False,-1,-1,-1,-1,-1,-1,True,,,0.0,0.0,no_entry,False,False,1,1,eccbb2802aac
2026-07-21,US.IWM,LONG,False,-1,-1,-1,-1,-1,-1,True,,,0.0,0.0,no_entry,False,False,1,1,eccbb2802aac
2026-07-21,US.IWM,SHORT,False,-1,-1,-1,-1,-1,-1,True,,,0.0,0.0,no_entry,False,False,1,1,eccbb2802aac
2026-07-21,US.META,LONG,False,-1,-1,-1,-1,-1,-1,True,,,0.0,0.0,no_entry,False,False,1,1,eccbb2802aac
2026-07-21,US.META,SHORT,False,-1,-1,-1,-1,-1,-1,True,,,0.0,0.0,no_entry,False,False,1,1,eccbb2802aac
2026-07-21,US.MSFT,LONG,False,-1,-1,-1,-1,-1,-1,True,,,0.0,0.0,no_entry,False,False,1,1,eccbb2802aac
2026-07-21,US.MSFT,SHORT,False,-1,-1,-1,-1,-1,-1,True,,,0.0,0.0,no_entry,False,False,1,1,eccbb2802aac
2026-07-21,US.MU,LONG,False,-1,-1,-1,-1,-1,-1,True,,,0.0,0.0,no_entry,False,False,1,1,eccbb2802aac
2026-07-21,US.MU,SHORT,False,-1,-1,-1,-1,-1,-1,True,,,0.0,0.0,no_entry,False,False,1,1,eccbb2802aac
2026-07-21,US.NVDA,LONG,False,-1,-1,-1,-1,-1,-1,True,,,0.0,0.0,no_entry,False,False,1,1,eccbb2802aac
2026-07-21,US.NVDA,SHORT,True,145,154,715,715,724,724,True,205.779738708,205.884621348,-0.10488263999999958,-0.0005096839983300169,failed_followthrough,False,False,1,1,eccbb2802aac
2026-07-21,US.QQQ,LONG,False,-1,-1,-1,-1,-1,-1,True,,,0.0,0.0,no_entry,False,False,1,1,eccbb2802aac
2026-07-21,US.QQQ,SHORT,False,-1,-1,-1,-1,-1,-1,True,,,0.0,0.0,no_entry,False,False,1,1,eccbb2802aac
2026-07-21,US.SPY,LONG,False,-1,-1,-1,-1,-1,-1,True,,,0.0,0.0,no_entry,False,False,1,1,eccbb2802aac
2026-07-21,US.SPY,SHORT,False,-1,-1,-1,-1,-1,-1,True,,,0.0,0.0,no_entry,False,False,1,1,eccbb2802aac
2026-07-21,US.TSLA,LONG,False,-1,-1,-1,-1,-1,-1,True,,,0.0,0.0,no_entry,False,False,1,1,eccbb2802aac
2026-07-21,US.TSLA,SHORT,False,-1,-1,-1,-1,-1,-1,True,,,0.0,0.0,no_entry,False,False,1,1,eccbb2802aac
2026-07-22,US.AAPL,LONG,False,-1,-1,-1,-1,-1,-1,True,,,0.0,0.0,no_entry,False,False,1,1,eccbb2802aac
2026-07-22,US.AAPL,SHORT,False,-1,-1,-1,-1,-1,-1,True,,,0.0,0.0,no_entry,False,False,1,1,eccbb2802aac
2026-07-22,US.AMD,LONG,True,77,83,647,647,653,653,True,551.0,550.5209,-0.47910000000001673,-0.00086950998185121,failed_followthrough,False,False,1,1,eccbb2802aac
2026-07-22,US.AMD,SHORT,False,-1,-1,-1,-1,-1,-1,True,,,0.0,0.0,no_entry,False,False,1,1,eccbb2802aac
2026-07-22,US.IWM,LONG,False,-1,-1,-1,-1,-1,-1,True,,,0.0,0.0,no_entry,False,False,1,1,eccbb2802aac
2026-07-22,US.IWM,SHORT,True,62,375,632,632,-1,945,True,295.14,293.58,1.5600000000000023,0.005285627159991876,scheduled_flatten,True,False,1,1,eccbb2802aac
2026-07-22,US.META,LONG,False,-1,-1,-1,-1,-1,-1,True,,,0.0,0.0,no_entry,False,False,1,1,eccbb2802aac
2026-07-22,US.META,SHORT,True,145,160,715,715,730,730,True,629.14,629.24,-0.10000000000002274,-0.00015894713418320683,failed_followthrough,False,False,1,1,eccbb2802aac
2026-07-22,US.MSFT,LONG,False,-1,-1,-1,-1,-1,-1,True,,,0.0,0.0,no_entry,False,False,1,1,eccbb2802aac
2026-07-22,US.MSFT,SHORT,False,-1,-1,-1,-1,-1,-1,True,,,0.0,0.0,no_entry,False,False,1,1,eccbb2802aac
2026-07-22,US.MU,LONG,True,23,40,593,593,610,610,True,965.06,964.19,-0.8699999999998909,-0.0009014983524339325,failed_followthrough,False,False,1,1,eccbb2802aac
2026-07-22,US.MU,SHORT,False,-1,-1,-1,-1,-1,-1,True,,,0.0,0.0,no_entry,False,False,1,1,eccbb2802aac
2026-07-22,US.NVDA,LONG,True,28,33,598,598,603,603,True,207.447872118,207.357972712,-0.08989940600000068,-0.0004333590172902054,failed_followthrough,False,False,1,1,eccbb2802aac
2026-07-22,US.NVDA,SHORT,False,-1,-1,-1,-1,-1,-1,True,,,0.0,0.0,no_entry,False,False,1,1,eccbb2802aac
2026-07-22,US.QQQ,LONG,True,94,264,664,664,834,834,True,707.73,707.63,-0.10000000000002274,-0.00014129682223450006,failed_followthrough,False,False,1,1,eccbb2802aac
2026-07-22,US.QQQ,SHORT,False,-1,-1,-1,-1,-1,-1,True,,,0.0,0.0,no_entry,False,False,1,1,eccbb2802aac
2026-07-22,US.SPY,LONG,True,27,44,597,597,614,614,True,748.4095,748.23,-0.1794999999999618,-0.00023984195817926122,failed_followthrough,False,False,1,1,eccbb2802aac
2026-07-22,US.SPY,SHORT,False,-1,-1,-1,-1,-1,-1,True,,,0.0,0.0,no_entry,False,False,1,1,eccbb2802aac
2026-07-22,US.TSLA,LONG,True,24,29,594,594,599,599,True,380.04,379.42,-0.6200000000000045,-0.0016314072202926126,failed_followthrough,False,False,1,1,eccbb2802aac
2026-07-22,US.TSLA,SHORT,False,-1,-1,-1,-1,-1,-1,True,,,0.0,0.0,no_entry,False,False,1,1,eccbb2802aac
2026-07-23,US.AAPL,LONG,False,-1,-1,-1,-1,-1,-1,True,,,0.0,0.0,no_entry,False,False,1,1,eccbb2802aac
2026-07-23,US.AAPL,SHORT,True,29,34,599,599,604,604,True,319.924079817,321.18299406,-1.2589142429999924,-0.00393504060000768,failed_followthrough,False,False,1,1,eccbb2802aac
2026-07-23,US.AMD,LONG,False,-1,-1,-1,-1,-1,-1,True,,,0.0,0.0,no_entry,False,False,1,1,eccbb2802aac
2026-07-23,US.AMD,SHORT,False,-1,-1,-1,-1,-1,-1,True,,,0.0,0.0,no_entry,False,False,1,1,eccbb2802aac
2026-07-23,US.IWM,LONG,False,-1,-1,-1,-1,-1,-1,True,,,0.0,0.0,no_entry,False,False,1,1,eccbb2802aac
2026-07-23,US.IWM,SHORT,False,-1,-1,-1,-1,-1,-1,True,,,0.0,0.0,no_entry,False,False,1,1,eccbb2802aac
2026-07-23,US.META,LONG,False,-1,-1,-1,-1,-1,-1,True,,,0.0,0.0,no_entry,False,False,1,1,eccbb2802aac
2026-07-23,US.META,SHORT,False,-1,-1,-1,-1,-1,-1,True,,,0.0,0.0,no_entry,False,False,1,1,eccbb2802aac
2026-07-23,US.MSFT,LONG,False,-1,-1,-1,-1,-1,-1,True,,,0.0,0.0,no_entry,False,False,1,1,eccbb2802aac
2026-07-23,US.MSFT,SHORT,False,-1,-1,-1,-1,-1,-1,True,,,0.0,0.0,no_entry,False,False,1,1,eccbb2802aac
2026-07-23,US.MU,LONG,False,-1,-1,-1,-1,-1,-1,True,,,0.0,0.0,no_entry,False,False,1,1,eccbb2802aac
2026-07-23,US.MU,SHORT,False,-1,-1,-1,-1,-1,-1,True,,,0.0,0.0,no_entry,False,False,1,1,eccbb2802aac
2026-07-23,US.NVDA,LONG,False,-1,-1,-1,-1,-1,-1,True,,,0.0,0.0,no_entry,False,False,1,1,eccbb2802aac
2026-07-23,US.NVDA,SHORT,False,-1,-1,-1,-1,-1,-1,True,,,0.0,0.0,no_entry,False,False,1,1,eccbb2802aac
2026-07-23,US.QQQ,LONG,False,-1,-1,-1,-1,-1,-1,True,,,0.0,0.0,no_entry,False,False,1,1,eccbb2802aac
2026-07-23,US.QQQ,SHORT,False,-1,-1,-1,-1,-1,-1,True,,,0.0,0.0,no_entry,False,False,1,1,eccbb2802aac
2026-07-23,US.SPY,LONG,False,-1,-1,-1,-1,-1,-1,True,,,0.0,0.0,no_entry,False,False,1,1,eccbb2802aac
2026-07-23,US.SPY,SHORT,False,-1,-1,-1,-1,-1,-1,True,,,0.0,0.0,no_entry,False,False,1,1,eccbb2802aac
2026-07-23,US.TSLA,LONG,False,-1,-1,-1,-1,-1,-1,True,,,0.0,0.0,no_entry,False,False,1,1,eccbb2802aac
2026-07-23,US.TSLA,SHORT,False,-1,-1,-1,-1,-1,-1,True,,,0.0,0.0,no_entry,False,False,1,1,eccbb2802aac
2026-07-24,US.AAPL,LONG,False,-1,-1,-1,-1,-1,-1,True,,,0.0,0.0,no_entry,False,False,1,1,eccbb2802aac
2026-07-24,US.AAPL,SHORT,False,-1,-1,-1,-1,-1,-1,True,,,0.0,0.0,no_entry,False,False,1,1,eccbb2802aac
2026-07-24,US.AMD,LONG,False,-1,-1,-1,-1,-1,-1,True,,,0.0,0.0,no_entry,False,False,1,1,eccbb2802aac
2026-07-24,US.AMD,SHORT,True,120,125,690,690,695,695,True,528.23,530.0,-1.7699999999999818,-0.003350813092781519,failed_followthrough,False,False,1,1,eccbb2802aac
2026-07-24,US.IWM,LONG,False,-1,-1,-1,-1,-1,-1,True,,,0.0,0.0,no_entry,False,False,1,1,eccbb2802aac
2026-07-24,US.IWM,SHORT,True,24,105,594,594,675,675,True,291.87,292.71,-0.839999999999975,-0.0028779936272997396,trailing,False,False,1,1,eccbb2802aac
2026-07-24,US.META,LONG,False,-1,-1,-1,-1,-1,-1,True,,,0.0,0.0,no_entry,False,False,1,1,eccbb2802aac
2026-07-24,US.META,SHORT,False,-1,-1,-1,-1,-1,-1,True,,,0.0,0.0,no_entry,False,False,1,1,eccbb2802aac
2026-07-24,US.MSFT,LONG,False,-1,-1,-1,-1,-1,-1,True,,,0.0,0.0,no_entry,False,False,1,1,eccbb2802aac
2026-07-24,US.MSFT,SHORT,False,-1,-1,-1,-1,-1,-1,True,,,0.0,0.0,no_entry,False,False,1,1,eccbb2802aac
2026-07-24,US.MU,LONG,False,-1,-1,-1,-1,-1,-1,True,,,0.0,0.0,no_entry,False,False,1,1,eccbb2802aac
2026-07-24,US.MU,SHORT,True,21,375,591,591,-1,945,True,941.68,913.86,27.819999999999936,0.029542944524679232,scheduled_flatten,True,False,1,1,eccbb2802aac
2026-07-24,US.NVDA,LONG,False,-1,-1,-1,-1,-1,-1,True,,,0.0,0.0,no_entry,False,False,1,1,eccbb2802aac
2026-07-24,US.NVDA,SHORT,False,-1,-1,-1,-1,-1,-1,True,,,0.0,0.0,no_entry,False,False,1,1,eccbb2802aac
2026-07-24,US.QQQ,LONG,False,-1,-1,-1,-1,-1,-1,True,,,0.0,0.0,no_entry,False,False,1,1,eccbb2802aac
2026-07-24,US.QQQ,SHORT,True,36,41,606,606,611,611,True,686.36,687.565,-1.205000000000041,-0.0017556384404686183,failed_followthrough,False,False,1,1,eccbb2802aac
2026-07-24,US.SPY,LONG,False,-1,-1,-1,-1,-1,-1,True,,,0.0,0.0,no_entry,False,False,1,1,eccbb2802aac
2026-07-24,US.SPY,SHORT,True,28,33,598,598,603,603,True,737.82,738.28,-0.4599999999999227,-0.0006234582960612652,failed_followthrough,False,False,1,1,eccbb2802aac
2026-07-24,US.TSLA,LONG,False,-1,-1,-1,-1,-1,-1,True,,,0.0,0.0,no_entry,False,False,1,1,eccbb2802aac
2026-07-24,US.TSLA,SHORT,True,34,375,604,604,-1,945,True,316.0271,310.78,5.247100000000046,0.016603322942874348,scheduled_flatten,True,False,1,1,eccbb2802aac
2026-07-27,US.AAPL,LONG,True,79,84,649,649,654,654,True,337.009344542,336.419852952,-0.5894915900000228,-0.0017491847022851827,failed_followthrough,False,False,1,1,eccbb2802aac
2026-07-27,US.AAPL,SHORT,False,-1,-1,-1,-1,-1,-1,True,,,0.0,0.0,no_entry,False,False,1,1,eccbb2802aac
2026-07-27,US.AMD,LONG,False,-1,-1,-1,-1,-1,-1,True,,,0.0,0.0,no_entry,False,False,1,1,eccbb2802aac
2026-07-27,US.AMD,SHORT,False,-1,-1,-1,-1,-1,-1,True,,,0.0,0.0,no_entry,False,False,1,1,eccbb2802aac
2026-07-27,US.IWM,LONG,False,-1,-1,-1,-1,-1,-1,True,,,0.0,0.0,no_entry,False,False,1,1,eccbb2802aac
2026-07-27,US.IWM,SHORT,False,-1,-1,-1,-1,-1,-1,True,,,0.0,0.0,no_entry,False,False,1,1,eccbb2802aac
2026-07-27,US.META,LONG,False,-1,-1,-1,-1,-1,-1,True,,,0.0,0.0,no_entry,False,False,1,1,eccbb2802aac
2026-07-27,US.META,SHORT,False,-1,-1,-1,-1,-1,-1,True,,,0.0,0.0,no_entry,False,False,1,1,eccbb2802aac
2026-07-27,US.MSFT,LONG,False,-1,-1,-1,-1,-1,-1,True,,,0.0,0.0,no_entry,False,False,1,1,eccbb2802aac
2026-07-27,US.MSFT,SHORT,False,-1,-1,-1,-1,-1,-1,True,,,0.0,0.0,no_entry,False,False,1,1,eccbb2802aac
2026-07-27,US.MU,LONG,False,-1,-1,-1,-1,-1,-1,True,,,0.0,0.0,no_entry,False,False,1,1,eccbb2802aac
2026-07-27,US.MU,SHORT,False,-1,-1,-1,-1,-1,-1,True,,,0.0,0.0,no_entry,False,False,1,1,eccbb2802aac
2026-07-27,US.NVDA,LONG,False,-1,-1,-1,-1,-1,-1,True,,,0.0,0.0,no_entry,False,False,1,1,eccbb2802aac
2026-07-27,US.NVDA,SHORT,False,-1,-1,-1,-1,-1,-1,True,,,0.0,0.0,no_entry,False,False,1,1,eccbb2802aac
2026-07-27,US.QQQ,LONG,False,-1,-1,-1,-1,-1,-1,True,,,0.0,0.0,no_entry,False,False,1,1,eccbb2802aac
2026-07-27,US.QQQ,SHORT,False,-1,-1,-1,-1,-1,-1,True,,,0.0,0.0,no_entry,False,False,1,1,eccbb2802aac
2026-07-27,US.SPY,LONG,False,-1,-1,-1,-1,-1,-1,True,,,0.0,0.0,no_entry,False,False,1,1,eccbb2802aac
2026-07-27,US.SPY,SHORT,False,-1,-1,-1,-1,-1,-1,True,,,0.0,0.0,no_entry,False,False,1,1,eccbb2802aac
2026-07-27,US.TSLA,LONG,False,-1,-1,-1,-1,-1,-1,True,,,0.0,0.0,no_entry,False,False,1,1,eccbb2802aac
2026-07-27,US.TSLA,SHORT,True,114,120,684,684,690,690,True,307.95,308.5,-0.5500000000000114,-0.0017860042214645603,failed_followthrough,False,False,1,1,eccbb2802aac
2026-07-28,US.AAPL,LONG,False,-1,-1,-1,-1,-1,-1,True,,,0.0,0.0,no_entry,False,False,1,1,eccbb2802aac
2026-07-28,US.AAPL,SHORT,False,-1,-1,-1,-1,-1,-1,True,,,0.0,0.0,no_entry,False,False,1,1,eccbb2802aac
2026-07-28,US.AMD,LONG,False,-1,-1,-1,-1,-1,-1,True,,,0.0,0.0,no_entry,False,False,1,1,eccbb2802aac
2026-07-28,US.AMD,SHORT,False,-1,-1,-1,-1,-1,-1,True,,,0.0,0.0,no_entry,False,False,1,1,eccbb2802aac
2026-07-28,US.IWM,LONG,False,-1,-1,-1,-1,-1,-1,True,,,0.0,0.0,no_entry,False,False,1,1,eccbb2802aac
2026-07-28,US.IWM,SHORT,False,-1,-1,-1,-1,-1,-1,True,,,0.0,0.0,no_entry,False,False,1,1,eccbb2802aac
2026-07-28,US.META,LONG,False,-1,-1,-1,-1,-1,-1,True,,,0.0,0.0,no_entry,False,False,1,1,eccbb2802aac
2026-07-28,US.META,SHORT,False,-1,-1,-1,-1,-1,-1,True,,,0.0,0.0,no_entry,False,False,1,1,eccbb2802aac
2026-07-28,US.MSFT,LONG,False,-1,-1,-1,-1,-1,-1,True,,,0.0,0.0,no_entry,False,False,1,1,eccbb2802aac
2026-07-28,US.MSFT,SHORT,False,-1,-1,-1,-1,-1,-1,True,,,0.0,0.0,no_entry,False,False,1,1,eccbb2802aac
2026-07-28,US.MU,LONG,False,-1,-1,-1,-1,-1,-1,True,,,0.0,0.0,no_entry,False,False,1,1,eccbb2802aac
2026-07-28,US.MU,SHORT,True,31,36,601,601,606,606,True,812.64,821.185,-8.544999999999959,-0.010515111242370496,failed_followthrough,False,False,1,1,eccbb2802aac
2026-07-28,US.NVDA,LONG,False,-1,-1,-1,-1,-1,-1,True,,,0.0,0.0,no_entry,False,False,1,1,eccbb2802aac
2026-07-28,US.NVDA,SHORT,True,26,31,596,596,601,601,True,193.278726962,194.237653951,-0.9589269889999912,-0.00496136850688448,failed_followthrough,False,False,1,1,eccbb2802aac
2026-07-28,US.QQQ,LONG,False,-1,-1,-1,-1,-1,-1,True,,,0.0,0.0,no_entry,False,False,1,1,eccbb2802aac
2026-07-28,US.QQQ,SHORT,True,38,66,608,608,636,636,True,670.7998,670.958,-0.15819999999996526,-0.00023583787592060292,failed_followthrough,False,False,1,1,eccbb2802aac
2026-07-28,US.SPY,LONG,False,-1,-1,-1,-1,-1,-1,True,,,0.0,0.0,no_entry,False,False,1,1,eccbb2802aac
2026-07-28,US.SPY,SHORT,False,-1,-1,-1,-1,-1,-1,True,,,0.0,0.0,no_entry,False,False,1,1,eccbb2802aac
2026-07-28,US.TSLA,LONG,False,-1,-1,-1,-1,-1,-1,True,,,0.0,0.0,no_entry,False,False,1,1,eccbb2802aac
2026-07-28,US.TSLA,SHORT,True,39,60,609,609,630,630,True,302.1999,302.606,-0.4060999999999808,-0.0013438124896797809,failed_followthrough,False,False,1,1,eccbb2802aac
2026-07-29,US.AAPL,LONG,False,-1,-1,-1,-1,-1,-1,True,,,0.0,0.0,no_entry,False,False,1,1,eccbb2802aac
2026-07-29,US.AAPL,SHORT,False,-1,-1,-1,-1,-1,-1,True,,,0.0,0.0,no_entry,False,False,1,1,eccbb2802aac
2026-07-29,US.AMD,LONG,False,-1,-1,-1,-1,-1,-1,True,,,0.0,0.0,no_entry,False,False,1,1,eccbb2802aac
2026-07-29,US.AMD,SHORT,True,42,310,612,612,880,880,True,441.62,444.22,-2.6000000000000227,-0.005887414519270012,trailing,False,False,1,1,eccbb2802aac
2026-07-29,US.IWM,LONG,False,-1,-1,-1,-1,-1,-1,True,,,0.0,0.0,no_entry,False,False,1,1,eccbb2802aac
2026-07-29,US.IWM,SHORT,True,31,36,601,601,606,606,True,292.07,292.45,-0.37999999999999545,-0.0013010579655561866,failed_followthrough,False,False,1,1,eccbb2802aac
2026-07-29,US.META,LONG,False,-1,-1,-1,-1,-1,-1,True,,,0.0,0.0,no_entry,False,False,1,1,eccbb2802aac
2026-07-29,US.META,SHORT,True,18,31,588,588,601,601,True,589.43,590.76,-1.330000000000041,-0.002256417216633088,failed_followthrough,False,False,1,1,eccbb2802aac
2026-07-29,US.MSFT,LONG,False,-1,-1,-1,-1,-1,-1,True,,,0.0,0.0,no_entry,False,False,1,1,eccbb2802aac
2026-07-29,US.MSFT,SHORT,False,-1,-1,-1,-1,-1,-1,True,,,0.0,0.0,no_entry,False,False,1,1,eccbb2802aac
2026-07-29,US.MU,LONG,False,-1,-1,-1,-1,-1,-1,True,,,0.0,0.0,no_entry,False,False,1,1,eccbb2802aac
2026-07-29,US.MU,SHORT,False,-1,-1,-1,-1,-1,-1,True,,,0.0,0.0,no_entry,False,False,1,1,eccbb2802aac
2026-07-29,US.NVDA,LONG,False,-1,-1,-1,-1,-1,-1,True,,,0.0,0.0,no_entry,False,False,1,1,eccbb2802aac
2026-07-29,US.NVDA,SHORT,False,-1,-1,-1,-1,-1,-1,True,,,0.0,0.0,no_entry,False,False,1,1,eccbb2802aac
2026-07-29,US.QQQ,LONG,False,-1,-1,-1,-1,-1,-1,True,,,0.0,0.0,no_entry,False,False,1,1,eccbb2802aac
2026-07-29,US.QQQ,SHORT,False,-1,-1,-1,-1,-1,-1,True,,,0.0,0.0,no_entry,False,False,1,1,eccbb2802aac
2026-07-29,US.SPY,LONG,False,-1,-1,-1,-1,-1,-1,True,,,0.0,0.0,no_entry,False,False,1,1,eccbb2802aac
2026-07-29,US.SPY,SHORT,True,33,215,603,603,785,785,True,737.78,735.895,1.884999999999991,0.0025549621838488316,trailing,False,False,1,1,eccbb2802aac
2026-07-29,US.TSLA,LONG,False,-1,-1,-1,-1,-1,-1,True,,,0.0,0.0,no_entry,False,False,1,1,eccbb2802aac
2026-07-29,US.TSLA,SHORT,True,92,97,662,662,667,667,True,302.665,302.83,-0.16499999999996362,-0.0005451571869887949,failed_followthrough,False,False,1,1,eccbb2802aac
2026-07-30,US.AAPL,LONG,False,-1,-1,-1,-1,-1,-1,True,,,0.0,0.0,no_entry,False,False,1,1,eccbb2802aac
2026-07-30,US.AAPL,SHORT,False,-1,-1,-1,-1,-1,-1,True,,,0.0,0.0,no_entry,False,False,1,1,eccbb2802aac
2026-07-30,US.AMD,LONG,False,-1,-1,-1,-1,-1,-1,True,,,0.0,0.0,no_entry,False,False,1,1,eccbb2802aac
2026-07-30,US.AMD,SHORT,False,-1,-1,-1,-1,-1,-1,True,,,0.0,0.0,no_entry,False,False,1,1,eccbb2802aac
2026-07-30,US.IWM,LONG,False,-1,-1,-1,-1,-1,-1,True,,,0.0,0.0,no_entry,False,False,1,1,eccbb2802aac
2026-07-30,US.IWM,SHORT,False,-1,-1,-1,-1,-1,-1,True,,,0.0,0.0,no_entry,False,False,1,1,eccbb2802aac
2026-07-30,US.META,LONG,False,-1,-1,-1,-1,-1,-1,True,,,0.0,0.0,no_entry,False,False,1,1,eccbb2802aac
2026-07-30,US.META,SHORT,False,-1,-1,-1,-1,-1,-1,True,,,0.0,0.0,no_entry,False,False,1,1,eccbb2802aac
2026-07-30,US.MSFT,LONG,False,-1,-1,-1,-1,-1,-1,True,,,0.0,0.0,no_entry,False,False,1,1,eccbb2802aac
2026-07-30,US.MSFT,SHORT,False,-1,-1,-1,-1,-1,-1,True,,,0.0,0.0,no_entry,False,False,1,1,eccbb2802aac
2026-07-30,US.MU,LONG,True,41,375,611,611,-1,945,True,827.6801,873.27,45.58989999999994,0.05508154660236478,scheduled_flatten,True,False,1,1,eccbb2802aac
2026-07-30,US.MU,SHORT,False,-1,-1,-1,-1,-1,-1,True,,,0.0,0.0,no_entry,False,False,1,1,eccbb2802aac
2026-07-30,US.NVDA,LONG,False,-1,-1,-1,-1,-1,-1,True,,,0.0,0.0,no_entry,False,False,1,1,eccbb2802aac
2026-07-30,US.NVDA,SHORT,False,-1,-1,-1,-1,-1,-1,True,,,0.0,0.0,no_entry,False,False,1,1,eccbb2802aac
2026-07-30,US.QQQ,LONG,True,135,141,705,705,711,711,True,680.06,680.05,-0.009999999999990905,-1.4704584889555195e-05,failed_followthrough,False,False,1,1,eccbb2802aac
2026-07-30,US.QQQ,SHORT,False,-1,-1,-1,-1,-1,-1,True,,,0.0,0.0,no_entry,False,False,1,1,eccbb2802aac
2026-07-30,US.SPY,LONG,True,137,143,707,707,713,713,True,737.06,736.6499,-0.41009999999994307,-0.0005563997503594593,failed_followthrough,False,False,1,1,eccbb2802aac
2026-07-30,US.SPY,SHORT,False,-1,-1,-1,-1,-1,-1,True,,,0.0,0.0,no_entry,False,False,1,1,eccbb2802aac
2026-07-30,US.TSLA,LONG,False,-1,-1,-1,-1,-1,-1,True,,,0.0,0.0,no_entry,False,False,1,1,eccbb2802aac
2026-07-30,US.TSLA,SHORT,False,-1,-1,-1,-1,-1,-1,True,,,0.0,0.0,no_entry,False,False,1,1,eccbb2802aac
2026-07-31,US.AAPL,LONG,False,-1,-1,-1,-1,-1,-1,True,,,0.0,0.0,no_entry,False,False,1,1,eccbb2802aac
2026-07-31,US.AAPL,SHORT,False,-1,-1,-1,-1,-1,-1,True,,,0.0,0.0,no_entry,False,False,1,1,eccbb2802aac
2026-07-31,US.AMD,LONG,False,-1,-1,-1,-1,-1,-1,True,,,0.0,0.0,no_entry,False,False,1,1,eccbb2802aac
2026-07-31,US.AMD,SHORT,False,-1,-1,-1,-1,-1,-1,True,,,0.0,0.0,no_entry,False,False,1,1,eccbb2802aac
2026-07-31,US.IWM,LONG,False,-1,-1,-1,-1,-1,-1,True,,,0.0,0.0,no_entry,False,False,1,1,eccbb2802aac
2026-07-31,US.IWM,SHORT,True,132,137,702,702,707,707,True,289.71,289.76,-0.05000000000001137,-0.00017258637948297046,failed_followthrough,False,False,1,1,eccbb2802aac
2026-07-31,US.META,LONG,False,-1,-1,-1,-1,-1,-1,True,,,0.0,0.0,no_entry,False,False,1,1,eccbb2802aac
2026-07-31,US.META,SHORT,False,-1,-1,-1,-1,-1,-1,True,,,0.0,0.0,no_entry,False,False,1,1,eccbb2802aac
2026-07-31,US.MSFT,LONG,False,-1,-1,-1,-1,-1,-1,True,,,0.0,0.0,no_entry,False,False,1,1,eccbb2802aac
2026-07-31,US.MSFT,SHORT,False,-1,-1,-1,-1,-1,-1,True,,,0.0,0.0,no_entry,False,False,1,1,eccbb2802aac
2026-07-31,US.MU,LONG,False,-1,-1,-1,-1,-1,-1,True,,,0.0,0.0,no_entry,False,False,1,1,eccbb2802aac
2026-07-31,US.MU,SHORT,False,-1,-1,-1,-1,-1,-1,True,,,0.0,0.0,no_entry,False,False,1,1,eccbb2802aac
2026-07-31,US.NVDA,LONG,False,-1,-1,-1,-1,-1,-1,True,,,0.0,0.0,no_entry,False,False,1,1,eccbb2802aac
2026-07-31,US.NVDA,SHORT,False,-1,-1,-1,-1,-1,-1,True,,,0.0,0.0,no_entry,False,False,1,1,eccbb2802aac
2026-07-31,US.QQQ,LONG,False,-1,-1,-1,-1,-1,-1,True,,,0.0,0.0,no_entry,False,False,1,1,eccbb2802aac
2026-07-31,US.QQQ,SHORT,False,-1,-1,-1,-1,-1,-1,True,,,0.0,0.0,no_entry,False,False,1,1,eccbb2802aac
2026-07-31,US.SPY,LONG,False,-1,-1,-1,-1,-1,-1,True,,,0.0,0.0,no_entry,False,False,1,1,eccbb2802aac
2026-07-31,US.SPY,SHORT,True,113,128,683,683,698,698,True,741.36,741.73,-0.37000000000000455,-0.0004990827668069555,failed_followthrough,False,False,1,1,eccbb2802aac
2026-07-31,US.TSLA,LONG,False,-1,-1,-1,-1,-1,-1,True,,,0.0,0.0,no_entry,False,False,1,1,eccbb2802aac
2026-07-31,US.TSLA,SHORT,True,117,122,687,687,692,692,True,305.88,305.92,-0.040000000000020464,-0.00013077023669419533,failed_followthrough,False,False,1,1,eccbb2802aac
2026-08-03,US.AAPL,LONG,False,-1,-1,-1,-1,-1,-1,True,,,0.0,0.0,no_entry,False,False,1,1,eccbb2802aac
2026-08-03,US.AAPL,SHORT,False,-1,-1,-1,-1,-1,-1,True,,,0.0,0.0,no_entry,False,False,1,1,eccbb2802aac
2026-08-03,US.AMD,LONG,False,-1,-1,-1,-1,-1,-1,True,,,0.0,0.0,no_entry,False,False,1,1,eccbb2802aac
2026-08-03,US.AMD,SHORT,False,-1,-1,-1,-1,-1,-1,True,,,0.0,0.0,no_entry,False,False,1,1,eccbb2802aac
2026-08-03,US.IWM,LONG,False,-1,-1,-1,-1,-1,-1,True,,,0.0,0.0,no_entry,False,False,1,1,eccbb2802aac
2026-08-03,US.IWM,SHORT,False,-1,-1,-1,-1,-1,-1,True,,,0.0,0.0,no_entry,False,False,1,1,eccbb2802aac
2026-08-03,US.META,LONG,False,-1,-1,-1,-1,-1,-1,True,,,0.0,0.0,no_entry,False,False,1,1,eccbb2802aac
2026-08-03,US.META,SHORT,False,-1,-1,-1,-1,-1,-1,True,,,0.0,0.0,no_entry,False,False,1,1,eccbb2802aac
2026-08-03,US.MSFT,LONG,False,-1,-1,-1,-1,-1,-1,True,,,0.0,0.0,no_entry,False,False,1,1,eccbb2802aac
2026-08-03,US.MSFT,SHORT,False,-1,-1,-1,-1,-1,-1,True,,,0.0,0.0,no_entry,False,False,1,1,eccbb2802aac
2026-08-03,US.MU,LONG,False,-1,-1,-1,-1,-1,-1,True,,,0.0,0.0,no_entry,False,False,1,1,eccbb2802aac
2026-08-03,US.MU,SHORT,False,-1,-1,-1,-1,-1,-1,True,,,0.0,0.0,no_entry,False,False,1,1,eccbb2802aac
2026-08-03,US.NVDA,LONG,False,-1,-1,-1,-1,-1,-1,True,,,0.0,0.0,no_entry,False,False,1,1,eccbb2802aac
2026-08-03,US.NVDA,SHORT,False,-1,-1,-1,-1,-1,-1,True,,,0.0,0.0,no_entry,False,False,1,1,eccbb2802aac
2026-08-03,US.QQQ,LONG,False,-1,-1,-1,-1,-1,-1,True,,,0.0,0.0,no_entry,False,False,1,1,eccbb2802aac
2026-08-03,US.QQQ,SHORT,False,-1,-1,-1,-1,-1,-1,True,,,0.0,0.0,no_entry,False,False,1,1,eccbb2802aac
2026-08-03,US.SPY,LONG,False,-1,-1,-1,-1,-1,-1,True,,,0.0,0.0,no_entry,False,False,1,1,eccbb2802aac
2026-08-03,US.SPY,SHORT,False,-1,-1,-1,-1,-1,-1,True,,,0.0,0.0,no_entry,False,False,1,1,eccbb2802aac
2026-08-03,US.TSLA,LONG,False,-1,-1,-1,-1,-1,-1,True,,,0.0,0.0,no_entry,False,False,1,1,eccbb2802aac
2026-08-03,US.TSLA,SHORT,False,-1,-1,-1,-1,-1,-1,True,,,0.0,0.0,no_entry,False,False,1,1,eccbb2802aac
2026-08-04,US.AAPL,LONG,True,23,34,593,593,604,604,True,304.337522524,304.352509599,0.014987074999964989,4.9244913593535314e-05,failed_followthrough,False,False,1,1,eccbb2802aac
2026-08-04,US.AAPL,SHORT,False,-1,-1,-1,-1,-1,-1,True,,,0.0,0.0,no_entry,False,False,1,1,eccbb2802aac
2026-08-04,US.AMD,LONG,True,84,89,654,654,659,659,True,517.385,515.94,-1.4449999999999363,-0.0027928911738839286,failed_followthrough,False,False,1,1,eccbb2802aac
2026-08-04,US.AMD,SHORT,False,-1,-1,-1,-1,-1,-1,True,,,0.0,0.0,no_entry,False,False,1,1,eccbb2802aac
2026-08-04,US.IWM,LONG,False,-1,-1,-1,-1,-1,-1,True,,,0.0,0.0,no_entry,False,False,1,1,eccbb2802aac
2026-08-04,US.IWM,SHORT,False,-1,-1,-1,-1,-1,-1,True,,,0.0,0.0,no_entry,False,False,1,1,eccbb2802aac
2026-08-04,US.META,LONG,False,-1,-1,-1,-1,-1,-1,True,,,0.0,0.0,no_entry,False,False,1,1,eccbb2802aac
2026-08-04,US.META,SHORT,False,-1,-1,-1,-1,-1,-1,True,,,0.0,0.0,no_entry,False,False,1,1,eccbb2802aac
2026-08-04,US.MSFT,LONG,False,-1,-1,-1,-1,-1,-1,True,,,0.0,0.0,no_entry,False,False,1,1,eccbb2802aac
2026-08-04,US.MSFT,SHORT,False,-1,-1,-1,-1,-1,-1,True,,,0.0,0.0,no_entry,False,False,1,1,eccbb2802aac
2026-08-04,US.MU,LONG,False,-1,-1,-1,-1,-1,-1,True,,,0.0,0.0,no_entry,False,False,1,1,eccbb2802aac
2026-08-04,US.MU,SHORT,False,-1,-1,-1,-1,-1,-1,True,,,0.0,0.0,no_entry,False,False,1,1,eccbb2802aac
2026-08-04,US.NVDA,LONG,False,-1,-1,-1,-1,-1,-1,True,,,0.0,0.0,no_entry,False,False,1,1,eccbb2802aac
2026-08-04,US.NVDA,SHORT,True,82,105,652,652,675,675,True,209.670884634,209.810228712,-0.1393440779999935,-0.0006645847764854501,failed_followthrough,False,False,1,1,eccbb2802aac
2026-08-04,US.QQQ,LONG,True,32,375,602,602,-1,945,True,713.83,725.49,11.659999999999968,0.016334421360828164,scheduled_flatten,True,False,1,1,eccbb2802aac
2026-08-04,US.QQQ,SHORT,False,-1,-1,-1,-1,-1,-1,True,,,0.0,0.0,no_entry,False,False,1,1,eccbb2802aac
2026-08-04,US.SPY,LONG,True,16,375,586,586,-1,945,True,762.48,773.255,10.774999999999977,0.014131518203756134,scheduled_flatten,True,False,1,1,eccbb2802aac
2026-08-04,US.SPY,SHORT,False,-1,-1,-1,-1,-1,-1,True,,,0.0,0.0,no_entry,False,False,1,1,eccbb2802aac
2026-08-04,US.TSLA,LONG,False,-1,-1,-1,-1,-1,-1,True,,,0.0,0.0,no_entry,False,False,1,1,eccbb2802aac
2026-08-04,US.TSLA,SHORT,False,-1,-1,-1,-1,-1,-1,True,,,0.0,0.0,no_entry,False,False,1,1,eccbb2802aac
2026-08-05,US.AAPL,LONG,False,-1,-1,-1,-1,-1,-1,True,,,0.0,0.0,no_entry,False,False,1,1,eccbb2802aac
2026-08-05,US.AAPL,SHORT,False,-1,-1,-1,-1,-1,-1,True,,,0.0,0.0,no_entry,False,False,1,1,eccbb2802aac
2026-08-05,US.AMD,LONG,False,-1,-1,-1,-1,-1,-1,True,,,0.0,0.0,no_entry,False,False,1,1,eccbb2802aac
2026-08-05,US.AMD,SHORT,False,-1,-1,-1,-1,-1,-1,True,,,0.0,0.0,no_entry,False,False,1,1,eccbb2802aac
2026-08-05,US.IWM,LONG,False,-1,-1,-1,-1,-1,-1,True,,,0.0,0.0,no_entry,False,False,1,1,eccbb2802aac
2026-08-05,US.IWM,SHORT,False,-1,-1,-1,-1,-1,-1,True,,,0.0,0.0,no_entry,False,False,1,1,eccbb2802aac
2026-08-05,US.META,LONG,False,-1,-1,-1,-1,-1,-1,True,,,0.0,0.0,no_entry,False,False,1,1,eccbb2802aac
2026-08-05,US.META,SHORT,False,-1,-1,-1,-1,-1,-1,True,,,0.0,0.0,no_entry,False,False,1,1,eccbb2802aac
2026-08-05,US.MSFT,LONG,False,-1,-1,-1,-1,-1,-1,True,,,0.0,0.0,no_entry,False,False,1,1,eccbb2802aac
2026-08-05,US.MSFT,SHORT,True,101,106,671,671,676,676,True,489.004449542,489.658218822,-0.6537692800000059,-0.001336939327673448,failed_followthrough,False,False,1,1,eccbb2802aac
2026-08-05,US.MU,LONG,True,40,52,610,610,622,622,True,917.24,916.35,-0.8899999999999864,-0.0009703022109807535,failed_followthrough,False,False,1,1,eccbb2802aac
2026-08-05,US.MU,SHORT,False,-1,-1,-1,-1,-1,-1,True,,,0.0,0.0,no_entry,False,False,1,1,eccbb2802aac
2026-08-05,US.NVDA,LONG,False,-1,-1,-1,-1,-1,-1,True,,,0.0,0.0,no_entry,False,False,1,1,eccbb2802aac
2026-08-05,US.NVDA,SHORT,False,-1,-1,-1,-1,-1,-1,True,,,0.0,0.0,no_entry,False,False,1,1,eccbb2802aac
2026-08-05,US.QQQ,LONG,False,-1,-1,-1,-1,-1,-1,True,,,0.0,0.0,no_entry,False,False,1,1,eccbb2802aac
2026-08-05,US.QQQ,SHORT,False,-1,-1,-1,-1,-1,-1,True,,,0.0,0.0,no_entry,False,False,1,1,eccbb2802aac
2026-08-05,US.SPY,LONG,False,-1,-1,-1,-1,-1,-1,True,,,0.0,0.0,no_entry,False,False,1,1,eccbb2802aac
2026-08-05,US.SPY,SHORT,False,-1,-1,-1,-1,-1,-1,True,,,0.0,0.0,no_entry,False,False,1,1,eccbb2802aac
2026-08-05,US.TSLA,LONG,False,-1,-1,-1,-1,-1,-1,True,,,0.0,0.0,no_entry,False,False,1,1,eccbb2802aac
2026-08-05,US.TSLA,SHORT,False,-1,-1,-1,-1,-1,-1,True,,,0.0,0.0,no_entry,False,False,1,1,eccbb2802aac
2026-08-06,US.AAPL,LONG,False,-1,-1,-1,-1,-1,-1,True,,,0.0,0.0,no_entry,False,False,1,1,eccbb2802aac
2026-08-06,US.AAPL,SHORT,False,-1,-1,-1,-1,-1,-1,True,,,0.0,0.0,no_entry,False,False,1,1,eccbb2802aac
2026-08-06,US.AMD,LONG,False,-1,-1,-1,-1,-1,-1,True,,,0.0,0.0,no_entry,False,False,1,1,eccbb2802aac
2026-08-06,US.AMD,SHORT,False,-1,-1,-1,-1,-1,-1,True,,,0.0,0.0,no_entry,False,False,1,1,eccbb2802aac
2026-08-06,US.IWM,LONG,True,98,103,668,668,673,673,True,300.765,300.75,-0.014999999999986358,-4.987282429799464e-05,failed_followthrough,False,False,1,1,eccbb2802aac
2026-08-06,US.IWM,SHORT,False,-1,-1,-1,-1,-1,-1,True,,,0.0,0.0,no_entry,False,False,1,1,eccbb2802aac
2026-08-06,US.META,LONG,False,-1,-1,-1,-1,-1,-1,True,,,0.0,0.0,no_entry,False,False,1,1,eccbb2802aac
2026-08-06,US.META,SHORT,False,-1,-1,-1,-1,-1,-1,True,,,0.0,0.0,no_entry,False,False,1,1,eccbb2802aac
2026-08-06,US.MSFT,LONG,False,-1,-1,-1,-1,-1,-1,True,,,0.0,0.0,no_entry,False,False,1,1,eccbb2802aac
2026-08-06,US.MSFT,SHORT,False,-1,-1,-1,-1,-1,-1,True,,,0.0,0.0,no_entry,False,False,1,1,eccbb2802aac
2026-08-06,US.MU,LONG,False,-1,-1,-1,-1,-1,-1,True,,,0.0,0.0,no_entry,False,False,1,1,eccbb2802aac
2026-08-06,US.MU,SHORT,False,-1,-1,-1,-1,-1,-1,True,,,0.0,0.0,no_entry,False,False,1,1,eccbb2802aac
2026-08-06,US.NVDA,LONG,False,-1,-1,-1,-1,-1,-1,True,,,0.0,0.0,no_entry,False,False,1,1,eccbb2802aac
2026-08-06,US.NVDA,SHORT,False,-1,-1,-1,-1,-1,-1,True,,,0.0,0.0,no_entry,False,False,1,1,eccbb2802aac
2026-08-06,US.QQQ,LONG,False,-1,-1,-1,-1,-1,-1,True,,,0.0,0.0,no_entry,False,False,1,1,eccbb2802aac
2026-08-06,US.QQQ,SHORT,False,-1,-1,-1,-1,-1,-1,True,,,0.0,0.0,no_entry,False,False,1,1,eccbb2802aac
2026-08-06,US.SPY,LONG,False,-1,-1,-1,-1,-1,-1,True,,,0.0,0.0,no_entry,False,False,1,1,eccbb2802aac
2026-08-06,US.SPY,SHORT,False,-1,-1,-1,-1,-1,-1,True,,,0.0,0.0,no_entry,False,False,1,1,eccbb2802aac
2026-08-06,US.TSLA,LONG,False,-1,-1,-1,-1,-1,-1,True,,,0.0,0.0,no_entry,False,False,1,1,eccbb2802aac
2026-08-06,US.TSLA,SHORT,False,-1,-1,-1,-1,-1,-1,True,,,0.0,0.0,no_entry,False,False,1,1,eccbb2802aac
2026-08-07,US.AAPL,LONG,False,-1,-1,-1,-1,-1,-1,True,,,0.0,0.0,no_entry,False,False,1,1,eccbb2802aac
2026-08-07,US.AAPL,SHORT,False,-1,-1,-1,-1,-1,-1,True,,,0.0,0.0,no_entry,False,False,1,1,eccbb2802aac
2026-08-07,US.AMD,LONG,False,-1,-1,-1,-1,-1,-1,True,,,0.0,0.0,no_entry,False,False,1,1,eccbb2802aac
2026-08-07,US.AMD,SHORT,False,-1,-1,-1,-1,-1,-1,True,,,0.0,0.0,no_entry,False,False,1,1,eccbb2802aac
2026-08-07,US.IWM,LONG,False,-1,-1,-1,-1,-1,-1,True,,,0.0,0.0,no_entry,False,False,1,1,eccbb2802aac
2026-08-07,US.IWM,SHORT,False,-1,-1,-1,-1,-1,-1,True,,,0.0,0.0,no_entry,False,False,1,1,eccbb2802aac
2026-08-07,US.META,LONG,False,-1,-1,-1,-1,-1,-1,True,,,0.0,0.0,no_entry,False,False,1,1,eccbb2802aac
2026-08-07,US.META,SHORT,False,-1,-1,-1,-1,-1,-1,True,,,0.0,0.0,no_entry,False,False,1,1,eccbb2802aac
2026-08-07,US.MSFT,LONG,False,-1,-1,-1,-1,-1,-1,True,,,0.0,0.0,no_entry,False,False,1,1,eccbb2802aac
2026-08-07,US.MSFT,SHORT,False,-1,-1,-1,-1,-1,-1,True,,,0.0,0.0,no_entry,False,False,1,1,eccbb2802aac
2026-08-07,US.MU,LONG,False,-1,-1,-1,-1,-1,-1,True,,,0.0,0.0,no_entry,False,False,1,1,eccbb2802aac
2026-08-07,US.MU,SHORT,False,-1,-1,-1,-1,-1,-1,True,,,0.0,0.0,no_entry,False,False,1,1,eccbb2802aac
2026-08-07,US.NVDA,LONG,True,92,103,662,662,673,673,True,223.24020098,223.160290398,-0.07991058199999657,-0.0003579578483140486,failed_followthrough,False,False,1,1,eccbb2802aac
2026-08-07,US.NVDA,SHORT,False,-1,-1,-1,-1,-1,-1,True,,,0.0,0.0,no_entry,False,False,1,1,eccbb2802aac
2026-08-07,US.QQQ,LONG,False,-1,-1,-1,-1,-1,-1,True,,,0.0,0.0,no_entry,False,False,1,1,eccbb2802aac
2026-08-07,US.QQQ,SHORT,False,-1,-1,-1,-1,-1,-1,True,,,0.0,0.0,no_entry,False,False,1,1,eccbb2802aac
2026-08-07,US.SPY,LONG,False,-1,-1,-1,-1,-1,-1,True,,,0.0,0.0,no_entry,False,False,1,1,eccbb2802aac
2026-08-07,US.SPY,SHORT,False,-1,-1,-1,-1,-1,-1,True,,,0.0,0.0,no_entry,False,False,1,1,eccbb2802aac
2026-08-07,US.TSLA,LONG,True,27,32,597,597,602,602,True,326.869,325.69,-1.1790000000000305,-0.0036069495730706503,failed_followthrough,False,False,1,1,eccbb2802aac
2026-08-07,US.TSLA,SHORT,False,-1,-1,-1,-1,-1,-1,True,,,0.0,0.0,no_entry,False,False,1,1,eccbb2802aac
2026-08-10,US.AAPL,LONG,False,-1,-1,-1,-1,-1,-1,True,,,0.0,0.0,no_entry,False,False,1,1,eccbb2802aac
2026-08-10,US.AAPL,SHORT,False,-1,-1,-1,-1,-1,-1,True,,,0.0,0.0,no_entry,False,False,1,1,eccbb2802aac
2026-08-10,US.AMD,LONG,False,-1,-1,-1,-1,-1,-1,True,,,0.0,0.0,no_entry,False,False,1,1,eccbb2802aac
2026-08-10,US.AMD,SHORT,False,-1,-1,-1,-1,-1,-1,True,,,0.0,0.0,no_entry,False,False,1,1,eccbb2802aac
2026-08-10,US.IWM,LONG,False,-1,-1,-1,-1,-1,-1,True,,,0.0,0.0,no_entry,False,False,1,1,eccbb2802aac
2026-08-10,US.IWM,SHORT,False,-1,-1,-1,-1,-1,-1,True,,,0.0,0.0,no_entry,False,False,1,1,eccbb2802aac
2026-08-10,US.META,LONG,False,-1,-1,-1,-1,-1,-1,True,,,0.0,0.0,no_entry,False,False,1,1,eccbb2802aac
2026-08-10,US.META,SHORT,False,-1,-1,-1,-1,-1,-1,True,,,0.0,0.0,no_entry,False,False,1,1,eccbb2802aac
2026-08-10,US.MSFT,LONG,True,138,180,708,708,750,750,True,508.981842117,508.842105172,-0.13973694499998146,-0.00027454210236415477,failed_followthrough,False,False,1,1,eccbb2802aac
2026-08-10,US.MSFT,SHORT,False,-1,-1,-1,-1,-1,-1,True,,,0.0,0.0,no_entry,False,False,1,1,eccbb2802aac
2026-08-10,US.MU,LONG,True,136,141,706,706,711,711,True,878.95,877.335,-1.615000000000009,-0.0018374196484441767,failed_followthrough,False,False,1,1,eccbb2802aac
2026-08-10,US.MU,SHORT,False,-1,-1,-1,-1,-1,-1,True,,,0.0,0.0,no_entry,False,False,1,1,eccbb2802aac
2026-08-10,US.NVDA,LONG,False,-1,-1,-1,-1,-1,-1,True,,,0.0,0.0,no_entry,False,False,1,1,eccbb2802aac
2026-08-10,US.NVDA,SHORT,False,-1,-1,-1,-1,-1,-1,True,,,0.0,0.0,no_entry,False,False,1,1,eccbb2802aac
2026-08-10,US.QQQ,LONG,True,38,54,608,608,624,624,True,723.62,723.375,-0.24500000000000455,-0.00033857549542578224,failed_followthrough,False,False,1,1,eccbb2802aac
2026-08-10,US.QQQ,SHORT,False,-1,-1,-1,-1,-1,-1,True,,,0.0,0.0,no_entry,False,False,1,1,eccbb2802aac
2026-08-10,US.SPY,LONG,True,32,90,602,602,660,660,True,773.725,773.51,-0.21500000000003183,-0.0002778765065107523,failed_followthrough,False,False,1,1,eccbb2802aac
2026-08-10,US.SPY,SHORT,False,-1,-1,-1,-1,-1,-1,True,,,0.0,0.0,no_entry,False,False,1,1,eccbb2802aac
2026-08-10,US.TSLA,LONG,True,19,24,589,589,594,594,True,329.5008,328.3775,-1.1233000000000288,-0.003409096427080082,failed_followthrough,False,False,1,1,eccbb2802aac
2026-08-10,US.TSLA,SHORT,False,-1,-1,-1,-1,-1,-1,True,,,0.0,0.0,no_entry,False,False,1,1,eccbb2802aac
2026-08-11,US.AAPL,LONG,False,-1,-1,-1,-1,-1,-1,True,,,0.0,0.0,no_entry,False,False,1,1,eccbb2802aac
2026-08-11,US.AAPL,SHORT,False,-1,-1,-1,-1,-1,-1,True,,,0.0,0.0,no_entry,False,False,1,1,eccbb2802aac
2026-08-11,US.AMD,LONG,False,-1,-1,-1,-1,-1,-1,True,,,0.0,0.0,no_entry,False,False,1,1,eccbb2802aac
2026-08-11,US.AMD,SHORT,False,-1,-1,-1,-1,-1,-1,True,,,0.0,0.0,no_entry,False,False,1,1,eccbb2802aac
2026-08-11,US.IWM,LONG,True,45,53,615,615,623,623,True,301.7099,301.64,-0.06990000000001828,-0.00023167950405345757,failed_followthrough,False,False,1,1,eccbb2802aac
2026-08-11,US.IWM,SHORT,False,-1,-1,-1,-1,-1,-1,True,,,0.0,0.0,no_entry,False,False,1,1,eccbb2802aac
2026-08-11,US.META,LONG,False,-1,-1,-1,-1,-1,-1,True,,,0.0,0.0,no_entry,False,False,1,1,eccbb2802aac
2026-08-11,US.META,SHORT,False,-1,-1,-1,-1,-1,-1,True,,,0.0,0.0,no_entry,False,False,1,1,eccbb2802aac
2026-08-11,US.MSFT,LONG,False,-1,-1,-1,-1,-1,-1,True,,,0.0,0.0,no_entry,False,False,1,1,eccbb2802aac
2026-08-11,US.MSFT,SHORT,False,-1,-1,-1,-1,-1,-1,True,,,0.0,0.0,no_entry,False,False,1,1,eccbb2802aac
2026-08-11,US.MU,LONG,False,-1,-1,-1,-1,-1,-1,True,,,0.0,0.0,no_entry,False,False,1,1,eccbb2802aac
2026-08-11,US.MU,SHORT,True,45,54,615,615,624,624,True,853.37,856.0,-2.6299999999999955,-0.0030818988246598725,failed_followthrough,False,False,1,1,eccbb2802aac
2026-08-11,US.NVDA,LONG,False,-1,-1,-1,-1,-1,-1,True,,,0.0,0.0,no_entry,False,False,1,1,eccbb2802aac
2026-08-11,US.NVDA,SHORT,False,-1,-1,-1,-1,-1,-1,True,,,0.0,0.0,no_entry,False,False,1,1,eccbb2802aac
2026-08-11,US.QQQ,LONG,False,-1,-1,-1,-1,-1,-1,True,,,0.0,0.0,no_entry,False,False,1,1,eccbb2802aac
2026-08-11,US.QQQ,SHORT,True,17,23,587,587,593,593,True,719.05,719.69,-0.6400000000001,-0.000890063277936305,failed_followthrough,False,False,1,1,eccbb2802aac
2026-08-11,US.SPY,LONG,False,-1,-1,-1,-1,-1,-1,True,,,0.0,0.0,no_entry,False,False,1,1,eccbb2802aac
2026-08-11,US.SPY,SHORT,True,103,375,673,673,-1,945,True,772.815,770.72,2.0950000000000273,0.002710868707258564,scheduled_flatten,True,False,1,1,eccbb2802aac
2026-08-11,US.TSLA,LONG,True,50,57,620,620,627,627,True,334.7001,334.5,-0.20010000000002037,-0.0005978486412164812,failed_followthrough,False,False,1,1,eccbb2802aac
2026-08-11,US.TSLA,SHORT,False,-1,-1,-1,-1,-1,-1,True,,,0.0,0.0,no_entry,False,False,1,1,eccbb2802aac
2026-08-12,US.AAPL,LONG,False,-1,-1,-1,-1,-1,-1,True,,,0.0,0.0,no_entry,False,False,1,1,eccbb2802aac
2026-08-12,US.AAPL,SHORT,True,81,86,651,651,656,656,True,302.15,302.81,-0.660000000000025,-0.0021843455237465664,failed_followthrough,False,False,1,1,eccbb2802aac
2026-08-12,US.AMD,LONG,True,55,63,625,625,633,633,True,489.695,488.72,-0.9749999999999659,-0.001991035236218393,failed_followthrough,False,False,1,1,eccbb2802aac
2026-08-12,US.AMD,SHORT,False,-1,-1,-1,-1,-1,-1,True,,,0.0,0.0,no_entry,False,False,1,1,eccbb2802aac
2026-08-12,US.IWM,LONG,False,-1,-1,-1,-1,-1,-1,True,,,0.0,0.0,no_entry,False,False,1,1,eccbb2802aac
2026-08-12,US.IWM,SHORT,False,-1,-1,-1,-1,-1,-1,True,,,0.0,0.0,no_entry,False,False,1,1,eccbb2802aac
2026-08-12,US.META,LONG,False,-1,-1,-1,-1,-1,-1,True,,,0.0,0.0,no_entry,False,False,1,1,eccbb2802aac
2026-08-12,US.META,SHORT,False,-1,-1,-1,-1,-1,-1,True,,,0.0,0.0,no_entry,False,False,1,1,eccbb2802aac
2026-08-12,US.MSFT,LONG,False,-1,-1,-1,-1,-1,-1,True,,,0.0,0.0,no_entry,False,False,1,1,eccbb2802aac
2026-08-12,US.MSFT,SHORT,False,-1,-1,-1,-1,-1,-1,True,,,0.0,0.0,no_entry,False,False,1,1,eccbb2802aac
2026-08-12,US.MU,LONG,True,27,32,597,597,602,602,True,920.85,919.85,-1.0,-0.0010859531954172776,failed_followthrough,False,False,1,1,eccbb2802aac
2026-08-12,US.MU,SHORT,False,-1,-1,-1,-1,-1,-1,True,,,0.0,0.0,no_entry,False,False,1,1,eccbb2802aac
2026-08-12,US.NVDA,LONG,True,35,43,605,605,613,613,True,222.550972206,222.341206927,-0.20976527900000974,-0.0009425493715922506,failed_followthrough,False,False,1,1,eccbb2802aac
2026-08-12,US.NVDA,SHORT,False,-1,-1,-1,-1,-1,-1,True,,,0.0,0.0,no_entry,False,False,1,1,eccbb2802aac
2026-08-12,US.QQQ,LONG,False,-1,-1,-1,-1,-1,-1,True,,,0.0,0.0,no_entry,False,False,1,1,eccbb2802aac
2026-08-12,US.QQQ,SHORT,True,94,99,664,664,669,669,True,723.505,724.115,-0.6100000000000136,-0.0008431178775544242,failed_followthrough,False,False,1,1,eccbb2802aac
2026-08-12,US.SPY,LONG,False,-1,-1,-1,-1,-1,-1,True,,,0.0,0.0,no_entry,False,False,1,1,eccbb2802aac
2026-08-12,US.SPY,SHORT,True,87,92,657,657,662,662,True,772.07,772.23,-0.15999999999996817,-0.0002072350952633416,failed_followthrough,False,False,1,1,eccbb2802aac
2026-08-12,US.TSLA,LONG,False,-1,-1,-1,-1,-1,-1,True,,,0.0,0.0,no_entry,False,False,1,1,eccbb2802aac
2026-08-12,US.TSLA,SHORT,True,43,375,613,613,-1,945,True,327.8215,327.3,0.5215000000000032,0.0015908047519763138,scheduled_flatten,True,False,1,1,eccbb2802aac
2026-08-13,US.AAPL,LONG,True,37,48,607,607,618,618,True,304.8,304.82,0.01999999999998181,6.561679790020278e-05,failed_followthrough,False,False,1,1,eccbb2802aac
2026-08-13,US.AAPL,SHORT,False,-1,-1,-1,-1,-1,-1,True,,,0.0,0.0,no_entry,False,False,1,1,eccbb2802aac
2026-08-13,US.AMD,LONG,True,29,34,599,599,604,604,True,495.96,493.7601,-2.199899999999957,-0.004435639970965314,failed_followthrough,False,False,1,1,eccbb2802aac
2026-08-13,US.AMD,SHORT,False,-1,-1,-1,-1,-1,-1,True,,,0.0,0.0,no_entry,False,False,1,1,eccbb2802aac
2026-08-13,US.IWM,LONG,False,-1,-1,-1,-1,-1,-1,True,,,0.0,0.0,no_entry,False,False,1,1,eccbb2802aac
2026-08-13,US.IWM,SHORT,False,-1,-1,-1,-1,-1,-1,True,,,0.0,0.0,no_entry,False,False,1,1,eccbb2802aac
2026-08-13,US.META,LONG,False,-1,-1,-1,-1,-1,-1,True,,,0.0,0.0,no_entry,False,False,1,1,eccbb2802aac
2026-08-13,US.META,SHORT,False,-1,-1,-1,-1,-1,-1,True,,,0.0,0.0,no_entry,False,False,1,1,eccbb2802aac
2026-08-13,US.MSFT,LONG,True,38,56,608,608,626,626,True,498.691214215,498.431702746,-0.2595114690000173,-0.0005203850831992691,failed_followthrough,False,False,1,1,eccbb2802aac
2026-08-13,US.MSFT,SHORT,False,-1,-1,-1,-1,-1,-1,True,,,0.0,0.0,no_entry,False,False,1,1,eccbb2802aac
2026-08-13,US.MU,LONG,False,-1,-1,-1,-1,-1,-1,True,,,0.0,0.0,no_entry,False,False,1,1,eccbb2802aac
2026-08-13,US.MU,SHORT,False,-1,-1,-1,-1,-1,-1,True,,,0.0,0.0,no_entry,False,False,1,1,eccbb2802aac
2026-08-13,US.NVDA,LONG,False,-1,-1,-1,-1,-1,-1,True,,,0.0,0.0,no_entry,False,False,1,1,eccbb2802aac
2026-08-13,US.NVDA,SHORT,False,-1,-1,-1,-1,-1,-1,True,,,0.0,0.0,no_entry,False,False,1,1,eccbb2802aac
2026-08-13,US.QQQ,LONG,False,-1,-1,-1,-1,-1,-1,True,,,0.0,0.0,no_entry,False,False,1,1,eccbb2802aac
2026-08-13,US.QQQ,SHORT,False,-1,-1,-1,-1,-1,-1,True,,,0.0,0.0,no_entry,False,False,1,1,eccbb2802aac
2026-08-13,US.SPY,LONG,True,17,375,587,587,-1,945,True,776.6,777.71,1.1100000000000136,0.0014293072366726933,scheduled_flatten,True,False,1,1,eccbb2802aac
2026-08-13,US.SPY,SHORT,False,-1,-1,-1,-1,-1,-1,True,,,0.0,0.0,no_entry,False,False,1,1,eccbb2802aac
2026-08-13,US.TSLA,LONG,True,34,375,604,604,-1,945,True,332.1199,339.36,7.240100000000041,0.0217996572924418,scheduled_flatten,True,False,1,1,eccbb2802aac
2026-08-13,US.TSLA,SHORT,False,-1,-1,-1,-1,-1,-1,True,,,0.0,0.0,no_entry,False,False,1,1,eccbb2802aac
2026-08-14,US.AAPL,LONG,False,-1,-1,-1,-1,-1,-1,True,,,0.0,0.0,no_entry,False,False,1,1,eccbb2802aac
2026-08-14,US.AAPL,SHORT,True,52,70,622,622,640,640,True,305.19,305.19,-0.0,-0.0,failed_followthrough,False,False,1,1,eccbb2802aac
2026-08-14,US.AMD,LONG,False,-1,-1,-1,-1,-1,-1,True,,,0.0,0.0,no_entry,False,False,1,1,eccbb2802aac
2026-08-14,US.AMD,SHORT,False,-1,-1,-1,-1,-1,-1,True,,,0.0,0.0,no_entry,False,False,1,1,eccbb2802aac
2026-08-14,US.IWM,LONG,True,27,375,597,597,-1,945,True,304.08,304.98,0.9000000000000341,0.0029597474348856687,scheduled_flatten,True,False,1,1,eccbb2802aac
2026-08-14,US.IWM,SHORT,False,-1,-1,-1,-1,-1,-1,True,,,0.0,0.0,no_entry,False,False,1,1,eccbb2802aac
2026-08-14,US.META,LONG,False,-1,-1,-1,-1,-1,-1,True,,,0.0,0.0,no_entry,False,False,1,1,eccbb2802aac
2026-08-14,US.META,SHORT,False,-1,-1,-1,-1,-1,-1,True,,,0.0,0.0,no_entry,False,False,1,1,eccbb2802aac
2026-08-14,US.MSFT,LONG,True,49,60,619,619,630,630,True,497.862773754,497.782924071,-0.07984968299996353,-0.00016038492373687338,failed_followthrough,False,False,1,1,eccbb2802aac
2026-08-14,US.MSFT,SHORT,False,-1,-1,-1,-1,-1,-1,True,,,0.0,0.0,no_entry,False,False,1,1,eccbb2802aac
2026-08-14,US.MU,LONG,False,-1,-1,-1,-1,-1,-1,True,,,0.0,0.0,no_entry,False,False,1,1,eccbb2802aac
2026-08-14,US.MU,SHORT,False,-1,-1,-1,-1,-1,-1,True,,,0.0,0.0,no_entry,False,False,1,1,eccbb2802aac
2026-08-14,US.NVDA,LONG,False,-1,-1,-1,-1,-1,-1,True,,,0.0,0.0,no_entry,False,False,1,1,eccbb2802aac
2026-08-14,US.NVDA,SHORT,False,-1,-1,-1,-1,-1,-1,True,,,0.0,0.0,no_entry,False,False,1,1,eccbb2802aac
2026-08-14,US.QQQ,LONG,False,-1,-1,-1,-1,-1,-1,True,,,0.0,0.0,no_entry,False,False,1,1,eccbb2802aac
2026-08-14,US.QQQ,SHORT,True,53,67,623,623,637,637,True,731.5,731.65,-0.14999999999997726,-0.00020505809979491082,failed_followthrough,False,False,1,1,eccbb2802aac
2026-08-14,US.SPY,LONG,False,-1,-1,-1,-1,-1,-1,True,,,0.0,0.0,no_entry,False,False,1,1,eccbb2802aac
2026-08-14,US.SPY,SHORT,True,67,77,637,637,647,647,True,777.295,777.31,-0.014999999999986358,-1.9297692639199222e-05,failed_followthrough,False,False,1,1,eccbb2802aac
2026-08-14,US.TSLA,LONG,False,-1,-1,-1,-1,-1,-1,True,,,0.0,0.0,no_entry,False,False,1,1,eccbb2802aac
2026-08-14,US.TSLA,SHORT,False,-1,-1,-1,-1,-1,-1,True,,,0.0,0.0,no_entry,False,False,1,1,eccbb2802aac
2026-08-17,US.AAPL,LONG,False,-1,-1,-1,-1,-1,-1,True,,,0.0,0.0,no_entry,False,False,1,1,eccbb2802aac
2026-08-17,US.AAPL,SHORT,False,-1,-1,-1,-1,-1,-1,True,,,0.0,0.0,no_entry,False,False,1,1,eccbb2802aac
2026-08-17,US.AMD,LONG,True,98,103,668,668,673,673,True,516.29,515.565,-0.724999999999909,-0.00140424954967152,failed_followthrough,False,False,1,1,eccbb2802aac
2026-08-17,US.AMD,SHORT,False,-1,-1,-1,-1,-1,-1,True,,,0.0,0.0,no_entry,False,False,1,1,eccbb2802aac
2026-08-17,US.IWM,LONG,False,-1,-1,-1,-1,-1,-1,True,,,0.0,0.0,no_entry,False,False,1,1,eccbb2802aac
2026-08-17,US.IWM,SHORT,True,127,132,697,697,702,702,True,303.46,303.57,-0.11000000000001364,-0.0003624859948593345,failed_followthrough,False,False,1,1,eccbb2802aac
2026-08-17,US.META,LONG,False,-1,-1,-1,-1,-1,-1,True,,,0.0,0.0,no_entry,False,False,1,1,eccbb2802aac
2026-08-17,US.META,SHORT,False,-1,-1,-1,-1,-1,-1,True,,,0.0,0.0,no_entry,False,False,1,1,eccbb2802aac
2026-08-17,US.MSFT,LONG,False,-1,-1,-1,-1,-1,-1,True,,,0.0,0.0,no_entry,False,False,1,1,eccbb2802aac
2026-08-17,US.MSFT,SHORT,False,-1,-1,-1,-1,-1,-1,True,,,0.0,0.0,no_entry,False,False,1,1,eccbb2802aac
2026-08-17,US.MU,LONG,True,29,34,599,599,604,604,True,1019.585,1015.985,-3.6000000000000227,-0.0035308483353521506,failed_followthrough,False,False,1,1,eccbb2802aac
2026-08-17,US.MU,SHORT,False,-1,-1,-1,-1,-1,-1,True,,,0.0,0.0,no_entry,False,False,1,1,eccbb2802aac
2026-08-17,US.NVDA,LONG,True,135,163,705,705,733,733,True,227.035953648,226.886121306,-0.1498323419999963,-0.00065994984315259,failed_followthrough,False,False,1,1,eccbb2802aac
2026-08-17,US.NVDA,SHORT,False,-1,-1,-1,-1,-1,-1,True,,,0.0,0.0,no_entry,False,False,1,1,eccbb2802aac
2026-08-17,US.QQQ,LONG,True,95,100,665,665,670,670,True,734.185,733.92,-0.26499999999998636,-0.00036094444860625916,failed_followthrough,False,False,1,1,eccbb2802aac
2026-08-17,US.QQQ,SHORT,False,-1,-1,-1,-1,-1,-1,True,,,0.0,0.0,no_entry,False,False,1,1,eccbb2802aac
2026-08-17,US.SPY,LONG,False,-1,-1,-1,-1,-1,-1,True,,,0.0,0.0,no_entry,False,False,1,1,eccbb2802aac
2026-08-17,US.SPY,SHORT,True,133,138,703,703,708,708,True,774.9,775.11,-0.21000000000003638,-0.0002710027100271472,failed_followthrough,False,False,1,1,eccbb2802aac
2026-08-17,US.TSLA,LONG,True,98,103,668,668,673,673,True,341.6,341.01,-0.5900000000000318,-0.0017271662763466973,failed_followthrough,False,False,1,1,eccbb2802aac
2026-08-17,US.TSLA,SHORT,False,-1,-1,-1,-1,-1,-1,True,,,0.0,0.0,no_entry,False,False,1,1,eccbb2802aac
2026-08-18,US.AAPL,LONG,False,-1,-1,-1,-1,-1,-1,True,,,0.0,0.0,no_entry,False,False,1,1,eccbb2802aac
2026-08-18,US.AAPL,SHORT,False,-1,-1,-1,-1,-1,-1,True,,,0.0,0.0,no_entry,False,False,1,1,eccbb2802aac
2026-08-18,US.AMD,LONG,False,-1,-1,-1,-1,-1,-1,True,,,0.0,0.0,no_entry,False,False,1,1,eccbb2802aac
2026-08-18,US.AMD,SHORT,True,27,34,597,597,604,604,True,482.87,482.785,0.08499999999997954,0.0001760308157474673,failed_followthrough,False,False,1,1,eccbb2802aac
2026-08-18,US.IWM,LONG,False,-1,-1,-1,-1,-1,-1,True,,,0.0,0.0,no_entry,False,False,1,1,eccbb2802aac
2026-08-18,US.IWM,SHORT,True,23,28,593,593,598,598,True,301.995,302.6,-0.6050000000000182,-0.0020033444262322828,failed_followthrough,False,False,1,1,eccbb2802aac
2026-08-18,US.META,LONG,False,-1,-1,-1,-1,-1,-1,True,,,0.0,0.0,no_entry,False,False,1,1,eccbb2802aac
2026-08-18,US.META,SHORT,False,-1,-1,-1,-1,-1,-1,True,,,0.0,0.0,no_entry,False,False,1,1,eccbb2802aac
2026-08-18,US.MSFT,LONG,False,-1,-1,-1,-1,-1,-1,True,,,0.0,0.0,no_entry,False,False,1,1,eccbb2802aac
2026-08-18,US.MSFT,SHORT,False,-1,-1,-1,-1,-1,-1,True,,,0.0,0.0,no_entry,False,False,1,1,eccbb2802aac
2026-08-18,US.MU,LONG,False,-1,-1,-1,-1,-1,-1,True,,,0.0,0.0,no_entry,False,False,1,1,eccbb2802aac
2026-08-18,US.MU,SHORT,False,-1,-1,-1,-1,-1,-1,True,,,0.0,0.0,no_entry,False,False,1,1,eccbb2802aac
2026-08-18,US.NVDA,LONG,False,-1,-1,-1,-1,-1,-1,True,,,0.0,0.0,no_entry,False,False,1,1,eccbb2802aac
2026-08-18,US.NVDA,SHORT,True,75,95,645,645,665,665,True,219.164761274,219.174750097,-0.009988822999986269,-4.557677494283961e-05,failed_followthrough,False,False,1,1,eccbb2802aac
2026-08-18,US.QQQ,LONG,False,-1,-1,-1,-1,-1,-1,True,,,0.0,0.0,no_entry,False,False,1,1,eccbb2802aac
2026-08-18,US.QQQ,SHORT,True,46,51,616,616,621,621,True,718.3,718.91,-0.6100000000000136,-0.0008492273423360903,failed_followthrough,False,False,1,1,eccbb2802aac
2026-08-18,US.SPY,LONG,False,-1,-1,-1,-1,-1,-1,True,,,0.0,0.0,no_entry,False,False,1,1,eccbb2802aac
2026-08-18,US.SPY,SHORT,True,42,47,612,612,617,617,True,767.85,768.59,-0.7400000000000091,-0.0009637298951618272,failed_followthrough,False,False,1,1,eccbb2802aac
2026-08-18,US.TSLA,LONG,False,-1,-1,-1,-1,-1,-1,True,,,0.0,0.0,no_entry,False,False,1,1,eccbb2802aac
2026-08-18,US.TSLA,SHORT,False,-1,-1,-1,-1,-1,-1,True,,,0.0,0.0,no_entry,False,False,1,1,eccbb2802aac
2026-08-19,US.AAPL,LONG,False,-1,-1,-1,-1,-1,-1,True,,,0.0,0.0,no_entry,False,False,1,1,eccbb2802aac
2026-08-19,US.AAPL,SHORT,False,-1,-1,-1,-1,-1,-1,True,,,0.0,0.0,no_entry,False,False,1,1,eccbb2802aac
2026-08-19,US.AMD,LONG,False,-1,-1,-1,-1,-1,-1,True,,,0.0,0.0,no_entry,False,False,1,1,eccbb2802aac
2026-08-19,US.AMD,SHORT,False,-1,-1,-1,-1,-1,-1,True,,,0.0,0.0,no_entry,False,False,1,1,eccbb2802aac
2026-08-19,US.IWM,LONG,False,-1,-1,-1,-1,-1,-1,True,,,0.0,0.0,no_entry,False,False,1,1,eccbb2802aac
2026-08-19,US.IWM,SHORT,False,-1,-1,-1,-1,-1,-1,True,,,0.0,0.0,no_entry,False,False,1,1,eccbb2802aac
2026-08-19,US.META,LONG,False,-1,-1,-1,-1,-1,-1,True,,,0.0,0.0,no_entry,False,False,1,1,eccbb2802aac
2026-08-19,US.META,SHORT,False,-1,-1,-1,-1,-1,-1,True,,,0.0,0.0,no_entry,False,False,1,1,eccbb2802aac
2026-08-19,US.MSFT,LONG,True,122,375,692,692,-1,945,True,483.449905965,482.511672189,-0.9382337760000041,-0.001940705261131913,scheduled_flatten,True,False,1,1,eccbb2802aac
2026-08-19,US.MSFT,SHORT,False,-1,-1,-1,-1,-1,-1,True,,,0.0,0.0,no_entry,False,False,1,1,eccbb2802aac
2026-08-19,US.MU,LONG,False,-1,-1,-1,-1,-1,-1,True,,,0.0,0.0,no_entry,False,False,1,1,eccbb2802aac
2026-08-19,US.MU,SHORT,True,80,85,650,650,655,655,True,925.27,928.51,-3.240000000000009,-0.0035016805905303417,failed_followthrough,False,False,1,1,eccbb2802aac
2026-08-19,US.NVDA,LONG,False,-1,-1,-1,-1,-1,-1,True,,,0.0,0.0,no_entry,False,False,1,1,eccbb2802aac
2026-08-19,US.NVDA,SHORT,False,-1,-1,-1,-1,-1,-1,True,,,0.0,0.0,no_entry,False,False,1,1,eccbb2802aac
2026-08-19,US.QQQ,LONG,False,-1,-1,-1,-1,-1,-1,True,,,0.0,0.0,no_entry,False,False,1,1,eccbb2802aac
2026-08-19,US.QQQ,SHORT,True,26,157,596,596,727,727,True,715.6402,719.05,-3.4097999999999047,-0.00476468482346283,trailing,False,False,1,1,eccbb2802aac
2026-08-19,US.SPY,LONG,False,-1,-1,-1,-1,-1,-1,True,,,0.0,0.0,no_entry,False,False,1,1,eccbb2802aac
2026-08-19,US.SPY,SHORT,True,42,47,612,612,617,617,True,769.15,769.76,-0.6100000000000136,-0.0007930832737437608,failed_followthrough,False,False,1,1,eccbb2802aac
2026-08-19,US.TSLA,LONG,False,-1,-1,-1,-1,-1,-1,True,,,0.0,0.0,no_entry,False,False,1,1,eccbb2802aac
2026-08-19,US.TSLA,SHORT,False,-1,-1,-1,-1,-1,-1,True,,,0.0,0.0,no_entry,False,False,1,1,eccbb2802aac
2026-08-20,US.AAPL,LONG,False,-1,-1,-1,-1,-1,-1,True,,,0.0,0.0,no_entry,False,False,1,1,eccbb2802aac
2026-08-20,US.AAPL,SHORT,True,101,117,671,671,687,687,True,316.65,316.665,-0.015000000000043201,-4.7370914258781626e-05,failed_followthrough,False,False,1,1,eccbb2802aac
2026-08-20,US.AMD,LONG,False,-1,-1,-1,-1,-1,-1,True,,,0.0,0.0,no_entry,False,False,1,1,eccbb2802aac
2026-08-20,US.AMD,SHORT,True,96,104,666,666,674,674,True,464.825,466.06,-1.2350000000000136,-0.002656913892325098,failed_followthrough,False,False,1,1,eccbb2802aac
2026-08-20,US.IWM,LONG,False,-1,-1,-1,-1,-1,-1,True,,,0.0,0.0,no_entry,False,False,1,1,eccbb2802aac
2026-08-20,US.IWM,SHORT,True,30,375,600,600,-1,945,True,299.0,297.565,1.4350000000000023,0.004799331103678937,scheduled_flatten,True,False,1,1,eccbb2802aac
2026-08-20,US.META,LONG,False,-1,-1,-1,-1,-1,-1,True,,,0.0,0.0,no_entry,False,False,1,1,eccbb2802aac
2026-08-20,US.META,SHORT,True,98,104,668,668,674,674,True,543.1801,543.715,-0.5348999999999933,-0.0009847562530365035,failed_followthrough,False,False,1,1,eccbb2802aac
2026-08-20,US.MSFT,LONG,False,-1,-1,-1,-1,-1,-1,True,,,0.0,0.0,no_entry,False,False,1,1,eccbb2802aac
2026-08-20,US.MSFT,SHORT,False,-1,-1,-1,-1,-1,-1,True,,,0.0,0.0,no_entry,False,False,1,1,eccbb2802aac
2026-08-20,US.MU,LONG,True,58,65,628,628,635,635,True,954.95,953.69,-1.259999999999991,-0.0013194408084192793,failed_followthrough,False,False,1,1,eccbb2802aac
2026-08-20,US.MU,SHORT,False,-1,-1,-1,-1,-1,-1,True,,,0.0,0.0,no_entry,False,False,1,1,eccbb2802aac
2026-08-20,US.NVDA,LONG,False,-1,-1,-1,-1,-1,-1,True,,,0.0,0.0,no_entry,False,False,1,1,eccbb2802aac
2026-08-20,US.NVDA,SHORT,False,-1,-1,-1,-1,-1,-1,True,,,0.0,0.0,no_entry,False,False,1,1,eccbb2802aac
2026-08-20,US.QQQ,LONG,False,-1,-1,-1,-1,-1,-1,True,,,0.0,0.0,no_entry,False,False,1,1,eccbb2802aac
2026-08-20,US.QQQ,SHORT,True,33,38,603,603,608,608,True,711.54,712.42,-0.8799999999999955,-0.001236754082693869,failed_followthrough,False,False,1,1,eccbb2802aac
2026-08-20,US.SPY,LONG,False,-1,-1,-1,-1,-1,-1,True,,,0.0,0.0,no_entry,False,False,1,1,eccbb2802aac
2026-08-20,US.SPY,SHORT,True,49,54,619,619,624,624,True,765.65,766.84,-1.1900000000000546,-0.0015542349637563569,failed_followthrough,False,False,1,1,eccbb2802aac
2026-08-20,US.TSLA,LONG,False,-1,-1,-1,-1,-1,-1,True,,,0.0,0.0,no_entry,False,False,1,1,eccbb2802aac
2026-08-20,US.TSLA,SHORT,False,-1,-1,-1,-1,-1,-1,True,,,0.0,0.0,no_entry,False,False,1,1,eccbb2802aac
2026-08-21,US.AAPL,LONG,False,-1,-1,-1,-1,-1,-1,True,,,0.0,0.0,no_entry,False,False,1,1,eccbb2802aac
2026-08-21,US.AAPL,SHORT,False,-1,-1,-1,-1,-1,-1,True,,,0.0,0.0,no_entry,False,False,1,1,eccbb2802aac
2026-08-21,US.AMD,LONG,False,-1,-1,-1,-1,-1,-1,True,,,0.0,0.0,no_entry,False,False,1,1,eccbb2802aac
2026-08-21,US.AMD,SHORT,False,-1,-1,-1,-1,-1,-1,True,,,0.0,0.0,no_entry,False,False,1,1,eccbb2802aac
2026-08-21,US.IWM,LONG,False,-1,-1,-1,-1,-1,-1,True,,,0.0,0.0,no_entry,False,False,1,1,eccbb2802aac
2026-08-21,US.IWM,SHORT,False,-1,-1,-1,-1,-1,-1,True,,,0.0,0.0,no_entry,False,False,1,1,eccbb2802aac
2026-08-21,US.META,LONG,True,83,103,653,653,673,673,True,550.82,550.7,-0.12000000000000455,-0.00021785701318035753,failed_followthrough,False,False,1,1,eccbb2802aac
2026-08-21,US.META,SHORT,False,-1,-1,-1,-1,-1,-1,True,,,0.0,0.0,no_entry,False,False,1,1,eccbb2802aac
2026-08-21,US.MSFT,LONG,False,-1,-1,-1,-1,-1,-1,True,,,0.0,0.0,no_entry,False,False,1,1,eccbb2802aac
2026-08-21,US.MSFT,SHORT,False,-1,-1,-1,-1,-1,-1,True,,,0.0,0.0,no_entry,False,False,1,1,eccbb2802aac
2026-08-21,US.MU,LONG,False,-1,-1,-1,-1,-1,-1,True,,,0.0,0.0,no_entry,False,False,1,1,eccbb2802aac
2026-08-21,US.MU,SHORT,False,-1,-1,-1,-1,-1,-1,True,,,0.0,0.0,no_entry,False,False,1,1,eccbb2802aac
2026-08-21,US.NVDA,LONG,False,-1,-1,-1,-1,-1,-1,True,,,0.0,0.0,no_entry,False,False,1,1,eccbb2802aac
2026-08-21,US.NVDA,SHORT,True,140,145,710,710,715,715,True,215.758572696,216.327935596,-0.5693629000000158,-0.0026388888881010444,failed_followthrough,False,False,1,1,eccbb2802aac
2026-08-21,US.QQQ,LONG,False,-1,-1,-1,-1,-1,-1,True,,,0.0,0.0,no_entry,False,False,1,1,eccbb2802aac
2026-08-21,US.QQQ,SHORT,True,25,30,595,595,600,600,True,710.97,711.2195,-0.24950000000001182,-0.0003509290124759298,failed_followthrough,False,False,1,1,eccbb2802aac
2026-08-21,US.SPY,LONG,False,-1,-1,-1,-1,-1,-1,True,,,0.0,0.0,no_entry,False,False,1,1,eccbb2802aac
2026-08-21,US.SPY,SHORT,False,-1,-1,-1,-1,-1,-1,True,,,0.0,0.0,no_entry,False,False,1,1,eccbb2802aac
2026-08-21,US.TSLA,LONG,False,-1,-1,-1,-1,-1,-1,True,,,0.0,0.0,no_entry,False,False,1,1,eccbb2802aac
2026-08-21,US.TSLA,SHORT,False,-1,-1,-1,-1,-1,-1,True,,,0.0,0.0,no_entry,False,False,1,1,eccbb2802aac
2026-08-24,US.AAPL,LONG,False,-1,-1,-1,-1,-1,-1,True,,,0.0,0.0,no_entry,False,False,1,1,eccbb2802aac
2026-08-24,US.AAPL,SHORT,False,-1,-1,-1,-1,-1,-1,True,,,0.0,0.0,no_entry,False,False,1,1,eccbb2802aac
2026-08-24,US.AMD,LONG,False,-1,-1,-1,-1,-1,-1,True,,,0.0,0.0,no_entry,False,False,1,1,eccbb2802aac
2026-08-24,US.AMD,SHORT,False,-1,-1,-1,-1,-1,-1,True,,,0.0,0.0,no_entry,False,False,1,1,eccbb2802aac
2026-08-24,US.IWM,LONG,False,-1,-1,-1,-1,-1,-1,True,,,0.0,0.0,no_entry,False,False,1,1,eccbb2802aac
2026-08-24,US.IWM,SHORT,False,-1,-1,-1,-1,-1,-1,True,,,0.0,0.0,no_entry,False,False,1,1,eccbb2802aac
2026-08-24,US.META,LONG,True,81,86,651,651,656,656,True,553.5,553.315,-0.18499999999994543,-0.00033423667569999174,failed_followthrough,False,False,1,1,eccbb2802aac
2026-08-24,US.META,SHORT,False,-1,-1,-1,-1,-1,-1,True,,,0.0,0.0,no_entry,False,False,1,1,eccbb2802aac
2026-08-24,US.MSFT,LONG,False,-1,-1,-1,-1,-1,-1,True,,,0.0,0.0,no_entry,False,False,1,1,eccbb2802aac
2026-08-24,US.MSFT,SHORT,False,-1,-1,-1,-1,-1,-1,True,,,0.0,0.0,no_entry,False,False,1,1,eccbb2802aac
2026-08-24,US.MU,LONG,False,-1,-1,-1,-1,-1,-1,True,,,0.0,0.0,no_entry,False,False,1,1,eccbb2802aac
2026-08-24,US.MU,SHORT,True,29,64,599,599,634,634,True,900.43,900.52,-0.09000000000003183,-9.995224503851698e-05,failed_followthrough,False,False,1,1,eccbb2802aac
2026-08-24,US.NVDA,LONG,False,-1,-1,-1,-1,-1,-1,True,,,0.0,0.0,no_entry,False,False,1,1,eccbb2802aac
2026-08-24,US.NVDA,SHORT,False,-1,-1,-1,-1,-1,-1,True,,,0.0,0.0,no_entry,False,False,1,1,eccbb2802aac
2026-08-24,US.QQQ,LONG,False,-1,-1,-1,-1,-1,-1,True,,,0.0,0.0,no_entry,False,False,1,1,eccbb2802aac
2026-08-24,US.QQQ,SHORT,False,-1,-1,-1,-1,-1,-1,True,,,0.0,0.0,no_entry,False,False,1,1,eccbb2802aac
2026-08-24,US.SPY,LONG,False,-1,-1,-1,-1,-1,-1,True,,,0.0,0.0,no_entry,False,False,1,1,eccbb2802aac
2026-08-24,US.SPY,SHORT,False,-1,-1,-1,-1,-1,-1,True,,,0.0,0.0,no_entry,False,False,1,1,eccbb2802aac
2026-08-24,US.TSLA,LONG,False,-1,-1,-1,-1,-1,-1,True,,,0.0,0.0,no_entry,False,False,1,1,eccbb2802aac
2026-08-24,US.TSLA,SHORT,False,-1,-1,-1,-1,-1,-1,True,,,0.0,0.0,no_entry,False,False,1,1,eccbb2802aac
2026-08-25,US.AAPL,LONG,False,-1,-1,-1,-1,-1,-1,True,,,0.0,0.0,no_entry,False,False,1,1,eccbb2802aac
2026-08-25,US.AAPL,SHORT,False,-1,-1,-1,-1,-1,-1,True,,,0.0,0.0,no_entry,False,False,1,1,eccbb2802aac
2026-08-25,US.AMD,LONG,False,-1,-1,-1,-1,-1,-1,True,,,0.0,0.0,no_entry,False,False,1,1,eccbb2802aac
2026-08-25,US.AMD,SHORT,False,-1,-1,-1,-1,-1,-1,True,,,0.0,0.0,no_entry,False,False,1,1,eccbb2802aac
2026-08-25,US.IWM,LONG,False,-1,-1,-1,-1,-1,-1,True,,,0.0,0.0,no_entry,False,False,1,1,eccbb2802aac
2026-08-25,US.IWM,SHORT,False,-1,-1,-1,-1,-1,-1,True,,,0.0,0.0,no_entry,False,False,1,1,eccbb2802aac
2026-08-25,US.META,LONG,False,-1,-1,-1,-1,-1,-1,True,,,0.0,0.0,no_entry,False,False,1,1,eccbb2802aac
2026-08-25,US.META,SHORT,False,-1,-1,-1,-1,-1,-1,True,,,0.0,0.0,no_entry,False,False,1,1,eccbb2802aac
2026-08-25,US.MSFT,LONG,True,92,97,662,662,667,667,True,489.3,489.01,-0.29000000000002046,-0.0005926834253014929,failed_followthrough,False,False,1,1,eccbb2802aac
2026-08-25,US.MSFT,SHORT,False,-1,-1,-1,-1,-1,-1,True,,,0.0,0.0,no_entry,False,False,1,1,eccbb2802aac
2026-08-25,US.MU,LONG,False,-1,-1,-1,-1,-1,-1,True,,,0.0,0.0,no_entry,False,False,1,1,eccbb2802aac
2026-08-25,US.MU,SHORT,False,-1,-1,-1,-1,-1,-1,True,,,0.0,0.0,no_entry,False,False,1,1,eccbb2802aac
2026-08-25,US.NVDA,LONG,True,31,38,601,601,608,608,True,212.929038858,212.841836435,-0.08720242300000791,-0.0004095374847305925,failed_followthrough,False,False,1,1,eccbb2802aac
2026-08-25,US.NVDA,SHORT,False,-1,-1,-1,-1,-1,-1,True,,,0.0,0.0,no_entry,False,False,1,1,eccbb2802aac
2026-08-25,US.QQQ,LONG,False,-1,-1,-1,-1,-1,-1,True,,,0.0,0.0,no_entry,False,False,1,1,eccbb2802aac
2026-08-25,US.QQQ,SHORT,True,140,145,710,710,715,715,True,709.605,710.3,-0.6949999999999363,-0.0009794181269860505,failed_followthrough,False,False,1,1,eccbb2802aac
2026-08-25,US.SPY,LONG,False,-1,-1,-1,-1,-1,-1,True,,,0.0,0.0,no_entry,False,False,1,1,eccbb2802aac
2026-08-25,US.SPY,SHORT,True,36,49,606,606,619,619,True,765.45,765.5099,-0.05989999999997053,-7.825462146445951e-05,failed_followthrough,False,False,1,1,eccbb2802aac
2026-08-25,US.TSLA,LONG,True,19,24,589,589,594,594,True,352.7,352.455,-0.24500000000000455,-0.0006946413382478156,failed_followthrough,False,False,1,1,eccbb2802aac
2026-08-25,US.TSLA,SHORT,False,-1,-1,-1,-1,-1,-1,True,,,0.0,0.0,no_entry,False,False,1,1,eccbb2802aac
2026-08-26,US.AAPL,LONG,False,-1,-1,-1,-1,-1,-1,True,,,0.0,0.0,no_entry,False,False,1,1,eccbb2802aac
2026-08-26,US.AAPL,SHORT,False,-1,-1,-1,-1,-1,-1,True,,,0.0,0.0,no_entry,False,False,1,1,eccbb2802aac
2026-08-26,US.AMD,LONG,False,-1,-1,-1,-1,-1,-1,True,,,0.0,0.0,no_entry,False,False,1,1,eccbb2802aac
2026-08-26,US.AMD,SHORT,False,-1,-1,-1,-1,-1,-1,True,,,0.0,0.0,no_entry,False,False,1,1,eccbb2802aac
2026-08-26,US.IWM,LONG,False,-1,-1,-1,-1,-1,-1,True,,,0.0,0.0,no_entry,False,False,1,1,eccbb2802aac
2026-08-26,US.IWM,SHORT,False,-1,-1,-1,-1,-1,-1,True,,,0.0,0.0,no_entry,False,False,1,1,eccbb2802aac
2026-08-26,US.META,LONG,False,-1,-1,-1,-1,-1,-1,True,,,0.0,0.0,no_entry,False,False,1,1,eccbb2802aac
2026-08-26,US.META,SHORT,False,-1,-1,-1,-1,-1,-1,True,,,0.0,0.0,no_entry,False,False,1,1,eccbb2802aac
2026-08-26,US.MSFT,LONG,True,50,55,620,620,625,625,True,495.345,494.1842,-1.1608000000000516,-0.002343417214264909,failed_followthrough,False,False,1,1,eccbb2802aac
2026-08-26,US.MSFT,SHORT,False,-1,-1,-1,-1,-1,-1,True,,,0.0,0.0,no_entry,False,False,1,1,eccbb2802aac
2026-08-26,US.MU,LONG,False,-1,-1,-1,-1,-1,-1,True,,,0.0,0.0,no_entry,False,False,1,1,eccbb2802aac
2026-08-26,US.MU,SHORT,False,-1,-1,-1,-1,-1,-1,True,,,0.0,0.0,no_entry,False,False,1,1,eccbb2802aac
2026-08-26,US.NVDA,LONG,False,-1,-1,-1,-1,-1,-1,True,,,0.0,0.0,no_entry,False,False,1,1,eccbb2802aac
2026-08-26,US.NVDA,SHORT,False,-1,-1,-1,-1,-1,-1,True,,,0.0,0.0,no_entry,False,False,1,1,eccbb2802aac
2026-08-26,US.QQQ,LONG,False,-1,-1,-1,-1,-1,-1,True,,,0.0,0.0,no_entry,False,False,1,1,eccbb2802aac
2026-08-26,US.QQQ,SHORT,False,-1,-1,-1,-1,-1,-1,True,,,0.0,0.0,no_entry,False,False,1,1,eccbb2802aac
2026-08-26,US.SPY,LONG,False,-1,-1,-1,-1,-1,-1,True,,,0.0,0.0,no_entry,False,False,1,1,eccbb2802aac
2026-08-26,US.SPY,SHORT,False,-1,-1,-1,-1,-1,-1,True,,,0.0,0.0,no_entry,False,False,1,1,eccbb2802aac
2026-08-26,US.TSLA,LONG,False,-1,-1,-1,-1,-1,-1,True,,,0.0,0.0,no_entry,False,False,1,1,eccbb2802aac
2026-08-26,US.TSLA,SHORT,False,-1,-1,-1,-1,-1,-1,True,,,0.0,0.0,no_entry,False,False,1,1,eccbb2802aac
2026-08-27,US.AAPL,LONG,False,-1,-1,-1,-1,-1,-1,True,,,0.0,0.0,no_entry,False,False,1,1,eccbb2802aac
2026-08-27,US.AAPL,SHORT,False,-1,-1,-1,-1,-1,-1,True,,,0.0,0.0,no_entry,False,False,1,1,eccbb2802aac
2026-08-27,US.AMD,LONG,False,-1,-1,-1,-1,-1,-1,True,,,0.0,0.0,no_entry,False,False,1,1,eccbb2802aac
2026-08-27,US.AMD,SHORT,False,-1,-1,-1,-1,-1,-1,True,,,0.0,0.0,no_entry,False,False,1,1,eccbb2802aac
2026-08-27,US.IWM,LONG,False,-1,-1,-1,-1,-1,-1,True,,,0.0,0.0,no_entry,False,False,1,1,eccbb2802aac
2026-08-27,US.IWM,SHORT,False,-1,-1,-1,-1,-1,-1,True,,,0.0,0.0,no_entry,False,False,1,1,eccbb2802aac
2026-08-27,US.META,LONG,False,-1,-1,-1,-1,-1,-1,True,,,0.0,0.0,no_entry,False,False,1,1,eccbb2802aac
2026-08-27,US.META,SHORT,False,-1,-1,-1,-1,-1,-1,True,,,0.0,0.0,no_entry,False,False,1,1,eccbb2802aac
2026-08-27,US.MSFT,LONG,False,-1,-1,-1,-1,-1,-1,True,,,0.0,0.0,no_entry,False,False,1,1,eccbb2802aac
2026-08-27,US.MSFT,SHORT,False,-1,-1,-1,-1,-1,-1,True,,,0.0,0.0,no_entry,False,False,1,1,eccbb2802aac
2026-08-27,US.MU,LONG,False,-1,-1,-1,-1,-1,-1,True,,,0.0,0.0,no_entry,False,False,1,1,eccbb2802aac
2026-08-27,US.MU,SHORT,False,-1,-1,-1,-1,-1,-1,True,,,0.0,0.0,no_entry,False,False,1,1,eccbb2802aac
2026-08-27,US.NVDA,LONG,False,-1,-1,-1,-1,-1,-1,True,,,0.0,0.0,no_entry,False,False,1,1,eccbb2802aac
2026-08-27,US.NVDA,SHORT,False,-1,-1,-1,-1,-1,-1,True,,,0.0,0.0,no_entry,False,False,1,1,eccbb2802aac
2026-08-27,US.QQQ,LONG,True,143,162,713,713,732,732,True,718.48,718.465,-0.014999999999986358,-2.0877407861020985e-05,failed_followthrough,False,False,1,1,eccbb2802aac
2026-08-27,US.QQQ,SHORT,False,-1,-1,-1,-1,-1,-1,True,,,0.0,0.0,no_entry,False,False,1,1,eccbb2802aac
2026-08-27,US.SPY,LONG,True,49,54,619,619,624,624,True,769.25,769.23,-0.01999999999998181,-2.5999350016225946e-05,failed_followthrough,False,False,1,1,eccbb2802aac
2026-08-27,US.SPY,SHORT,False,-1,-1,-1,-1,-1,-1,True,,,0.0,0.0,no_entry,False,False,1,1,eccbb2802aac
2026-08-27,US.TSLA,LONG,False,-1,-1,-1,-1,-1,-1,True,,,0.0,0.0,no_entry,False,False,1,1,eccbb2802aac
2026-08-27,US.TSLA,SHORT,False,-1,-1,-1,-1,-1,-1,True,,,0.0,0.0,no_entry,False,False,1,1,eccbb2802aac
2026-08-28,US.AAPL,LONG,False,-1,-1,-1,-1,-1,-1,True,,,0.0,0.0,no_entry,False,False,1,1,eccbb2802aac
2026-08-28,US.AAPL,SHORT,False,-1,-1,-1,-1,-1,-1,True,,,0.0,0.0,no_entry,False,False,1,1,eccbb2802aac
2026-08-28,US.AMD,LONG,False,-1,-1,-1,-1,-1,-1,True,,,0.0,0.0,no_entry,False,False,1,1,eccbb2802aac
2026-08-28,US.AMD,SHORT,False,-1,-1,-1,-1,-1,-1,True,,,0.0,0.0,no_entry,False,False,1,1,eccbb2802aac
2026-08-28,US.IWM,LONG,False,-1,-1,-1,-1,-1,-1,True,,,0.0,0.0,no_entry,False,False,1,1,eccbb2802aac
2026-08-28,US.IWM,SHORT,False,-1,-1,-1,-1,-1,-1,True,,,0.0,0.0,no_entry,False,False,1,1,eccbb2802aac
2026-08-28,US.META,LONG,False,-1,-1,-1,-1,-1,-1,True,,,0.0,0.0,no_entry,False,False,1,1,eccbb2802aac
2026-08-28,US.META,SHORT,False,-1,-1,-1,-1,-1,-1,True,,,0.0,0.0,no_entry,False,False,1,1,eccbb2802aac
2026-08-28,US.MSFT,LONG,False,-1,-1,-1,-1,-1,-1,True,,,0.0,0.0,no_entry,False,False,1,1,eccbb2802aac
2026-08-28,US.MSFT,SHORT,False,-1,-1,-1,-1,-1,-1,True,,,0.0,0.0,no_entry,False,False,1,1,eccbb2802aac
2026-08-28,US.MU,LONG,False,-1,-1,-1,-1,-1,-1,True,,,0.0,0.0,no_entry,False,False,1,1,eccbb2802aac
2026-08-28,US.MU,SHORT,False,-1,-1,-1,-1,-1,-1,True,,,0.0,0.0,no_entry,False,False,1,1,eccbb2802aac
2026-08-28,US.NVDA,LONG,False,-1,-1,-1,-1,-1,-1,True,,,0.0,0.0,no_entry,False,False,1,1,eccbb2802aac
2026-08-28,US.NVDA,SHORT,True,95,375,665,665,-1,945,True,225.427753176,216.942248198,8.485504978000023,0.037641793694208836,scheduled_flatten,True,False,1,1,eccbb2802aac
2026-08-28,US.QQQ,LONG,False,-1,-1,-1,-1,-1,-1,True,,,0.0,0.0,no_entry,False,False,1,1,eccbb2802aac
2026-08-28,US.QQQ,SHORT,False,-1,-1,-1,-1,-1,-1,True,,,0.0,0.0,no_entry,False,False,1,1,eccbb2802aac
2026-08-28,US.SPY,LONG,False,-1,-1,-1,-1,-1,-1,True,,,0.0,0.0,no_entry,False,False,1,1,eccbb2802aac
2026-08-28,US.SPY,SHORT,True,34,75,604,604,645,645,True,771.45,773.43,-1.9799999999999045,-0.002566595372350644,trailing,False,False,1,1,eccbb2802aac
2026-08-28,US.TSLA,LONG,False,-1,-1,-1,-1,-1,-1,True,,,0.0,0.0,no_entry,False,False,1,1,eccbb2802aac
2026-08-28,US.TSLA,SHORT,False,-1,-1,-1,-1,-1,-1,True,,,0.0,0.0,no_entry,False,False,1,1,eccbb2802aac
2026-08-31,US.AAPL,LONG,False,-1,-1,-1,-1,-1,-1,True,,,0.0,0.0,no_entry,False,False,1,1,eccbb2802aac
2026-08-31,US.AAPL,SHORT,False,-1,-1,-1,-1,-1,-1,True,,,0.0,0.0,no_entry,False,False,1,1,eccbb2802aac
2026-08-31,US.AMD,LONG,False,-1,-1,-1,-1,-1,-1,True,,,0.0,0.0,no_entry,False,False,1,1,eccbb2802aac
2026-08-31,US.AMD,SHORT,False,-1,-1,-1,-1,-1,-1,True,,,0.0,0.0,no_entry,False,False,1,1,eccbb2802aac
2026-08-31,US.IWM,LONG,False,-1,-1,-1,-1,-1,-1,True,,,0.0,0.0,no_entry,False,False,1,1,eccbb2802aac
2026-08-31,US.IWM,SHORT,True,48,72,618,618,642,642,True,293.43,293.54,-0.11000000000001364,-0.0003748764611662531,failed_followthrough,False,False,1,1,eccbb2802aac
2026-08-31,US.META,LONG,False,-1,-1,-1,-1,-1,-1,True,,,0.0,0.0,no_entry,False,False,1,1,eccbb2802aac
2026-08-31,US.META,SHORT,False,-1,-1,-1,-1,-1,-1,True,,,0.0,0.0,no_entry,False,False,1,1,eccbb2802aac
2026-08-31,US.MSFT,LONG,False,-1,-1,-1,-1,-1,-1,True,,,0.0,0.0,no_entry,False,False,1,1,eccbb2802aac
2026-08-31,US.MSFT,SHORT,False,-1,-1,-1,-1,-1,-1,True,,,0.0,0.0,no_entry,False,False,1,1,eccbb2802aac
2026-08-31,US.MU,LONG,False,-1,-1,-1,-1,-1,-1,True,,,0.0,0.0,no_entry,False,False,1,1,eccbb2802aac
2026-08-31,US.MU,SHORT,False,-1,-1,-1,-1,-1,-1,True,,,0.0,0.0,no_entry,False,False,1,1,eccbb2802aac
2026-08-31,US.NVDA,LONG,False,-1,-1,-1,-1,-1,-1,True,,,0.0,0.0,no_entry,False,False,1,1,eccbb2802aac
2026-08-31,US.NVDA,SHORT,False,-1,-1,-1,-1,-1,-1,True,,,0.0,0.0,no_entry,False,False,1,1,eccbb2802aac
2026-08-31,US.QQQ,LONG,False,-1,-1,-1,-1,-1,-1,True,,,0.0,0.0,no_entry,False,False,1,1,eccbb2802aac
2026-08-31,US.QQQ,SHORT,True,54,66,624,624,636,636,True,713.9,714.27,-0.37000000000000455,-0.0005182798711304168,failed_followthrough,False,False,1,1,eccbb2802aac
2026-08-31,US.SPY,LONG,False,-1,-1,-1,-1,-1,-1,True,,,0.0,0.0,no_entry,False,False,1,1,eccbb2802aac
2026-08-31,US.SPY,SHORT,False,-1,-1,-1,-1,-1,-1,True,,,0.0,0.0,no_entry,False,False,1,1,eccbb2802aac
2026-08-31,US.TSLA,LONG,False,-1,-1,-1,-1,-1,-1,True,,,0.0,0.0,no_entry,False,False,1,1,eccbb2802aac
2026-08-31,US.TSLA,SHORT,False,-1,-1,-1,-1,-1,-1,True,,,0.0,0.0,no_entry,False,False,1,1,eccbb2802aac
2026-09-01,US.AAPL,LONG,False,-1,-1,-1,-1,-1,-1,True,,,0.0,0.0,no_entry,False,False,1,1,eccbb2802aac
2026-09-01,US.AAPL,SHORT,False,-1,-1,-1,-1,-1,-1,True,,,0.0,0.0,no_entry,False,False,1,1,eccbb2802aac
2026-09-01,US.AMD,LONG,False,-1,-1,-1,-1,-1,-1,True,,,0.0,0.0,no_entry,False,False,1,1,eccbb2802aac
2026-09-01,US.AMD,SHORT,False,-1,-1,-1,-1,-1,-1,True,,,0.0,0.0,no_entry,False,False,1,1,eccbb2802aac
2026-09-01,US.IWM,LONG,False,-1,-1,-1,-1,-1,-1,True,,,0.0,0.0,no_entry,False,False,1,1,eccbb2802aac
2026-09-01,US.IWM,SHORT,False,-1,-1,-1,-1,-1,-1,True,,,0.0,0.0,no_entry,False,False,1,1,eccbb2802aac
2026-09-01,US.META,LONG,False,-1,-1,-1,-1,-1,-1,True,,,0.0,0.0,no_entry,False,False,1,1,eccbb2802aac
2026-09-01,US.META,SHORT,False,-1,-1,-1,-1,-1,-1,True,,,0.0,0.0,no_entry,False,False,1,1,eccbb2802aac
2026-09-01,US.MSFT,LONG,False,-1,-1,-1,-1,-1,-1,True,,,0.0,0.0,no_entry,False,False,1,1,eccbb2802aac
2026-09-01,US.MSFT,SHORT,False,-1,-1,-1,-1,-1,-1,True,,,0.0,0.0,no_entry,False,False,1,1,eccbb2802aac
2026-09-01,US.MU,LONG,False,-1,-1,-1,-1,-1,-1,True,,,0.0,0.0,no_entry,False,False,1,1,eccbb2802aac
2026-09-01,US.MU,SHORT,False,-1,-1,-1,-1,-1,-1,True,,,0.0,0.0,no_entry,False,False,1,1,eccbb2802aac
2026-09-01,US.NVDA,LONG,False,-1,-1,-1,-1,-1,-1,True,,,0.0,0.0,no_entry,False,False,1,1,eccbb2802aac
2026-09-01,US.NVDA,SHORT,False,-1,-1,-1,-1,-1,-1,True,,,0.0,0.0,no_entry,False,False,1,1,eccbb2802aac
2026-09-01,US.QQQ,LONG,False,-1,-1,-1,-1,-1,-1,True,,,0.0,0.0,no_entry,False,False,1,1,eccbb2802aac
2026-09-01,US.QQQ,SHORT,False,-1,-1,-1,-1,-1,-1,True,,,0.0,0.0,no_entry,False,False,1,1,eccbb2802aac
2026-09-01,US.SPY,LONG,False,-1,-1,-1,-1,-1,-1,True,,,0.0,0.0,no_entry,False,False,1,1,eccbb2802aac
2026-09-01,US.SPY,SHORT,False,-1,-1,-1,-1,-1,-1,True,,,0.0,0.0,no_entry,False,False,1,1,eccbb2802aac
2026-09-01,US.TSLA,LONG,False,-1,-1,-1,-1,-1,-1,True,,,0.0,0.0,no_entry,False,False,1,1,eccbb2802aac
2026-09-01,US.TSLA,SHORT,False,-1,-1,-1,-1,-1,-1,True,,,0.0,0.0,no_entry,False,False,1,1,eccbb2802aac
2026-09-02,US.AAPL,LONG,False,-1,-1,-1,-1,-1,-1,True,,,0.0,0.0,no_entry,False,False,1,1,eccbb2802aac
2026-09-02,US.AAPL,SHORT,False,-1,-1,-1,-1,-1,-1,True,,,0.0,0.0,no_entry,False,False,1,1,eccbb2802aac
2026-09-02,US.AMD,LONG,False,-1,-1,-1,-1,-1,-1,True,,,0.0,0.0,no_entry,False,False,1,1,eccbb2802aac
2026-09-02,US.AMD,SHORT,True,93,98,663,663,668,668,True,455.4,456.0,-0.6000000000000227,-0.0013175230566535414,failed_followthrough,False,False,1,1,eccbb2802aac
2026-09-02,US.IWM,LONG,True,129,136,699,699,706,706,True,292.875,292.775,-0.10000000000002274,-0.0003414425949637994,failed_followthrough,False,False,1,1,eccbb2802aac
2026-09-02,US.IWM,SHORT,False,-1,-1,-1,-1,-1,-1,True,,,0.0,0.0,no_entry,False,False,1,1,eccbb2802aac
2026-09-02,US.META,LONG,False,-1,-1,-1,-1,-1,-1,True,,,0.0,0.0,no_entry,False,False,1,1,eccbb2802aac
2026-09-02,US.META,SHORT,False,-1,-1,-1,-1,-1,-1,True,,,0.0,0.0,no_entry,False,False,1,1,eccbb2802aac
2026-09-02,US.MSFT,LONG,False,-1,-1,-1,-1,-1,-1,True,,,0.0,0.0,no_entry,False,False,1,1,eccbb2802aac
2026-09-02,US.MSFT,SHORT,False,-1,-1,-1,-1,-1,-1,True,,,0.0,0.0,no_entry,False,False,1,1,eccbb2802aac
2026-09-02,US.MU,LONG,False,-1,-1,-1,-1,-1,-1,True,,,0.0,0.0,no_entry,False,False,1,1,eccbb2802aac
2026-09-02,US.MU,SHORT,False,-1,-1,-1,-1,-1,-1,True,,,0.0,0.0,no_entry,False,False,1,1,eccbb2802aac
2026-09-02,US.NVDA,LONG,True,29,324,599,599,894,894,True,219.903934162,224.089250919,4.185316756999981,0.019032477854246662,trailing,False,False,1,1,eccbb2802aac
2026-09-02,US.NVDA,SHORT,False,-1,-1,-1,-1,-1,-1,True,,,0.0,0.0,no_entry,False,False,1,1,eccbb2802aac
2026-09-02,US.QQQ,LONG,False,-1,-1,-1,-1,-1,-1,True,,,0.0,0.0,no_entry,False,False,1,1,eccbb2802aac
2026-09-02,US.QQQ,SHORT,False,-1,-1,-1,-1,-1,-1,True,,,0.0,0.0,no_entry,False,False,1,1,eccbb2802aac
2026-09-02,US.SPY,LONG,False,-1,-1,-1,-1,-1,-1,True,,,0.0,0.0,no_entry,False,False,1,1,eccbb2802aac
2026-09-02,US.SPY,SHORT,False,-1,-1,-1,-1,-1,-1,True,,,0.0,0.0,no_entry,False,False,1,1,eccbb2802aac
2026-09-02,US.TSLA,LONG,False,-1,-1,-1,-1,-1,-1,True,,,0.0,0.0,no_entry,False,False,1,1,eccbb2802aac
2026-09-02,US.TSLA,SHORT,False,-1,-1,-1,-1,-1,-1,True,,,0.0,0.0,no_entry,False,False,1,1,eccbb2802aac
2026-09-03,US.AAPL,LONG,False,-1,-1,-1,-1,-1,-1,True,,,0.0,0.0,no_entry,False,False,1,1,eccbb2802aac
2026-09-03,US.AAPL,SHORT,False,-1,-1,-1,-1,-1,-1,True,,,0.0,0.0,no_entry,False,False,1,1,eccbb2802aac
2026-09-03,US.AMD,LONG,False,-1,-1,-1,-1,-1,-1,True,,,0.0,0.0,no_entry,False,False,1,1,eccbb2802aac
2026-09-03,US.AMD,SHORT,False,-1,-1,-1,-1,-1,-1,True,,,0.0,0.0,no_entry,False,False,1,1,eccbb2802aac
2026-09-03,US.IWM,LONG,False,-1,-1,-1,-1,-1,-1,True,,,0.0,0.0,no_entry,False,False,1,1,eccbb2802aac
2026-09-03,US.IWM,SHORT,False,-1,-1,-1,-1,-1,-1,True,,,0.0,0.0,no_entry,False,False,1,1,eccbb2802aac
2026-09-03,US.META,LONG,False,-1,-1,-1,-1,-1,-1,True,,,0.0,0.0,no_entry,False,False,1,1,eccbb2802aac
2026-09-03,US.META,SHORT,False,-1,-1,-1,-1,-1,-1,True,,,0.0,0.0,no_entry,False,False,1,1,eccbb2802aac
2026-09-03,US.MSFT,LONG,False,-1,-1,-1,-1,-1,-1,True,,,0.0,0.0,no_entry,False,False,1,1,eccbb2802aac
2026-09-03,US.MSFT,SHORT,False,-1,-1,-1,-1,-1,-1,True,,,0.0,0.0,no_entry,False,False,1,1,eccbb2802aac
2026-09-03,US.MU,LONG,False,-1,-1,-1,-1,-1,-1,True,,,0.0,0.0,no_entry,False,False,1,1,eccbb2802aac
2026-09-03,US.MU,SHORT,False,-1,-1,-1,-1,-1,-1,True,,,0.0,0.0,no_entry,False,False,1,1,eccbb2802aac
2026-09-03,US.NVDA,LONG,False,-1,-1,-1,-1,-1,-1,True,,,0.0,0.0,no_entry,False,False,1,1,eccbb2802aac
2026-09-03,US.NVDA,SHORT,False,-1,-1,-1,-1,-1,-1,True,,,0.0,0.0,no_entry,False,False,1,1,eccbb2802aac
2026-09-03,US.QQQ,LONG,False,-1,-1,-1,-1,-1,-1,True,,,0.0,0.0,no_entry,False,False,1,1,eccbb2802aac
2026-09-03,US.QQQ,SHORT,False,-1,-1,-1,-1,-1,-1,True,,,0.0,0.0,no_entry,False,False,1,1,eccbb2802aac
2026-09-03,US.SPY,LONG,False,-1,-1,-1,-1,-1,-1,True,,,0.0,0.0,no_entry,False,False,1,1,eccbb2802aac
2026-09-03,US.SPY,SHORT,False,-1,-1,-1,-1,-1,-1,True,,,0.0,0.0,no_entry,False,False,1,1,eccbb2802aac
2026-09-03,US.TSLA,LONG,False,-1,-1,-1,-1,-1,-1,True,,,0.0,0.0,no_entry,False,False,1,1,eccbb2802aac
2026-09-03,US.TSLA,SHORT,False,-1,-1,-1,-1,-1,-1,True,,,0.0,0.0,no_entry,False,False,1,1,eccbb2802aac
2026-09-04,US.AAPL,LONG,False,-1,-1,-1,-1,-1,-1,True,,,0.0,0.0,no_entry,False,False,1,1,eccbb2802aac
2026-09-04,US.AAPL,SHORT,False,-1,-1,-1,-1,-1,-1,True,,,0.0,0.0,no_entry,False,False,1,1,eccbb2802aac
2026-09-04,US.AMD,LONG,True,68,73,638,638,643,643,True,470.02,468.825,-1.1949999999999932,-0.0025424450023403115,failed_followthrough,False,False,1,1,eccbb2802aac
2026-09-04,US.AMD,SHORT,False,-1,-1,-1,-1,-1,-1,True,,,0.0,0.0,no_entry,False,False,1,1,eccbb2802aac
2026-09-04,US.IWM,LONG,False,-1,-1,-1,-1,-1,-1,True,,,0.0,0.0,no_entry,False,False,1,1,eccbb2802aac
2026-09-04,US.IWM,SHORT,False,-1,-1,-1,-1,-1,-1,True,,,0.0,0.0,no_entry,False,False,1,1,eccbb2802aac
2026-09-04,US.META,LONG,False,-1,-1,-1,-1,-1,-1,True,,,0.0,0.0,no_entry,False,False,1,1,eccbb2802aac
2026-09-04,US.META,SHORT,False,-1,-1,-1,-1,-1,-1,True,,,0.0,0.0,no_entry,False,False,1,1,eccbb2802aac
2026-09-04,US.MSFT,LONG,False,-1,-1,-1,-1,-1,-1,True,,,0.0,0.0,no_entry,False,False,1,1,eccbb2802aac
2026-09-04,US.MSFT,SHORT,False,-1,-1,-1,-1,-1,-1,True,,,0.0,0.0,no_entry,False,False,1,1,eccbb2802aac
2026-09-04,US.MU,LONG,True,123,128,693,693,698,698,True,1000.4401,999.08,-1.3600999999999885,-0.0013595016833091642,failed_followthrough,False,False,1,1,eccbb2802aac
2026-09-04,US.MU,SHORT,False,-1,-1,-1,-1,-1,-1,True,,,0.0,0.0,no_entry,False,False,1,1,eccbb2802aac
2026-09-04,US.NVDA,LONG,True,33,38,603,603,608,608,True,233.623582291,233.313928784,-0.30965350699997884,-0.0013254377146493562,failed_followthrough,False,False,1,1,eccbb2802aac
2026-09-04,US.NVDA,SHORT,False,-1,-1,-1,-1,-1,-1,True,,,0.0,0.0,no_entry,False,False,1,1,eccbb2802aac
2026-09-04,US.QQQ,LONG,True,36,41,606,606,611,611,True,721.14,720.4,-0.7400000000000091,-0.001026153035471627,failed_followthrough,False,False,1,1,eccbb2802aac
2026-09-04,US.QQQ,SHORT,False,-1,-1,-1,-1,-1,-1,True,,,0.0,0.0,no_entry,False,False,1,1,eccbb2802aac
2026-09-04,US.SPY,LONG,False,-1,-1,-1,-1,-1,-1,True,,,0.0,0.0,no_entry,False,False,1,1,eccbb2802aac
2026-09-04,US.SPY,SHORT,True,45,375,615,615,-1,945,True,771.63,769.89,1.740000000000009,0.00225496675867969,scheduled_flatten,True,False,1,1,eccbb2802aac
2026-09-04,US.TSLA,LONG,False,-1,-1,-1,-1,-1,-1,True,,,0.0,0.0,no_entry,False,False,1,1,eccbb2802aac
2026-09-04,US.TSLA,SHORT,False,-1,-1,-1,-1,-1,-1,True,,,0.0,0.0,no_entry,False,False,1,1,eccbb2802aac
2026-09-08,US.AAPL,LONG,False,-1,-1,-1,-1,-1,-1,True,,,0.0,0.0,no_entry,False,False,1,1,eccbb2802aac
2026-09-08,US.AAPL,SHORT,False,-1,-1,-1,-1,-1,-1,True,,,0.0,0.0,no_entry,False,False,1,1,eccbb2802aac
2026-09-08,US.AMD,LONG,False,-1,-1,-1,-1,-1,-1,True,,,0.0,0.0,no_entry,False,False,1,1,eccbb2802aac
2026-09-08,US.AMD,SHORT,False,-1,-1,-1,-1,-1,-1,True,,,0.0,0.0,no_entry,False,False,1,1,eccbb2802aac
2026-09-08,US.IWM,LONG,False,-1,-1,-1,-1,-1,-1,True,,,0.0,0.0,no_entry,False,False,1,1,eccbb2802aac
2026-09-08,US.IWM,SHORT,False,-1,-1,-1,-1,-1,-1,True,,,0.0,0.0,no_entry,False,False,1,1,eccbb2802aac
2026-09-08,US.META,LONG,False,-1,-1,-1,-1,-1,-1,True,,,0.0,0.0,no_entry,False,False,1,1,eccbb2802aac
2026-09-08,US.META,SHORT,False,-1,-1,-1,-1,-1,-1,True,,,0.0,0.0,no_entry,False,False,1,1,eccbb2802aac
2026-09-08,US.MSFT,LONG,False,-1,-1,-1,-1,-1,-1,True,,,0.0,0.0,no_entry,False,False,1,1,eccbb2802aac
2026-09-08,US.MSFT,SHORT,False,-1,-1,-1,-1,-1,-1,True,,,0.0,0.0,no_entry,False,False,1,1,eccbb2802aac
2026-09-08,US.MU,LONG,False,-1,-1,-1,-1,-1,-1,True,,,0.0,0.0,no_entry,False,False,1,1,eccbb2802aac
2026-09-08,US.MU,SHORT,False,-1,-1,-1,-1,-1,-1,True,,,0.0,0.0,no_entry,False,False,1,1,eccbb2802aac
2026-09-08,US.NVDA,LONG,False,-1,-1,-1,-1,-1,-1,True,,,0.0,0.0,no_entry,False,False,1,1,eccbb2802aac
2026-09-08,US.NVDA,SHORT,False,-1,-1,-1,-1,-1,-1,True,,,0.0,0.0,no_entry,False,False,1,1,eccbb2802aac
2026-09-08,US.QQQ,LONG,False,-1,-1,-1,-1,-1,-1,True,,,0.0,0.0,no_entry,False,False,1,1,eccbb2802aac
2026-09-08,US.QQQ,SHORT,False,-1,-1,-1,-1,-1,-1,True,,,0.0,0.0,no_entry,False,False,1,1,eccbb2802aac
2026-09-08,US.SPY,LONG,False,-1,-1,-1,-1,-1,-1,True,,,0.0,0.0,no_entry,False,False,1,1,eccbb2802aac
2026-09-08,US.SPY,SHORT,False,-1,-1,-1,-1,-1,-1,True,,,0.0,0.0,no_entry,False,False,1,1,eccbb2802aac
2026-09-08,US.TSLA,LONG,False,-1,-1,-1,-1,-1,-1,True,,,0.0,0.0,no_entry,False,False,1,1,eccbb2802aac
2026-09-08,US.TSLA,SHORT,False,-1,-1,-1,-1,-1,-1,True,,,0.0,0.0,no_entry,False,False,1,1,eccbb2802aac
2026-09-09,US.AAPL,LONG,False,-1,-1,-1,-1,-1,-1,True,,,0.0,0.0,no_entry,False,False,1,1,eccbb2802aac
2026-09-09,US.AAPL,SHORT,False,-1,-1,-1,-1,-1,-1,True,,,0.0,0.0,no_entry,False,False,1,1,eccbb2802aac
2026-09-09,US.AMD,LONG,True,125,375,695,695,-1,945,True,520.69,519.64,-1.0500000000000682,-0.0020165549559240012,scheduled_flatten,True,False,1,1,eccbb2802aac
2026-09-09,US.AMD,SHORT,False,-1,-1,-1,-1,-1,-1,True,,,0.0,0.0,no_entry,False,False,1,1,eccbb2802aac
2026-09-09,US.IWM,LONG,False,-1,-1,-1,-1,-1,-1,True,,,0.0,0.0,no_entry,False,False,1,1,eccbb2802aac
2026-09-09,US.IWM,SHORT,False,-1,-1,-1,-1,-1,-1,True,,,0.0,0.0,no_entry,False,False,1,1,eccbb2802aac
2026-09-09,US.META,LONG,False,-1,-1,-1,-1,-1,-1,True,,,0.0,0.0,no_entry,False,False,1,1,eccbb2802aac
2026-09-09,US.META,SHORT,False,-1,-1,-1,-1,-1,-1,True,,,0.0,0.0,no_entry,False,False,1,1,eccbb2802aac
2026-09-09,US.MSFT,LONG,False,-1,-1,-1,-1,-1,-1,True,,,0.0,0.0,no_entry,False,False,1,1,eccbb2802aac
2026-09-09,US.MSFT,SHORT,False,-1,-1,-1,-1,-1,-1,True,,,0.0,0.0,no_entry,False,False,1,1,eccbb2802aac
2026-09-09,US.MU,LONG,False,-1,-1,-1,-1,-1,-1,True,,,0.0,0.0,no_entry,False,False,1,1,eccbb2802aac
2026-09-09,US.MU,SHORT,False,-1,-1,-1,-1,-1,-1,True,,,0.0,0.0,no_entry,False,False,1,1,eccbb2802aac
2026-09-09,US.NVDA,LONG,False,-1,-1,-1,-1,-1,-1,True,,,0.0,0.0,no_entry,False,False,1,1,eccbb2802aac
2026-09-09,US.NVDA,SHORT,True,113,122,683,683,692,692,True,223.759619766,223.811561645,-0.05194187900002589,-0.0002321324958200452,failed_followthrough,False,False,1,1,eccbb2802aac
2026-09-09,US.QQQ,LONG,False,-1,-1,-1,-1,-1,-1,True,,,0.0,0.0,no_entry,False,False,1,1,eccbb2802aac
2026-09-09,US.QQQ,SHORT,False,-1,-1,-1,-1,-1,-1,True,,,0.0,0.0,no_entry,False,False,1,1,eccbb2802aac
2026-09-09,US.SPY,LONG,False,-1,-1,-1,-1,-1,-1,True,,,0.0,0.0,no_entry,False,False,1,1,eccbb2802aac
2026-09-09,US.SPY,SHORT,True,56,61,626,626,631,631,True,763.1,763.85,-0.75,-0.0009828331804481718,failed_followthrough,False,False,1,1,eccbb2802aac
2026-09-09,US.TSLA,LONG,False,-1,-1,-1,-1,-1,-1,True,,,0.0,0.0,no_entry,False,False,1,1,eccbb2802aac
2026-09-09,US.TSLA,SHORT,False,-1,-1,-1,-1,-1,-1,True,,,0.0,0.0,no_entry,False,False,1,1,eccbb2802aac
2026-09-10,US.AAPL,LONG,False,-1,-1,-1,-1,-1,-1,True,,,0.0,0.0,no_entry,False,False,1,1,eccbb2802aac
2026-09-10,US.AAPL,SHORT,False,-1,-1,-1,-1,-1,-1,True,,,0.0,0.0,no_entry,False,False,1,1,eccbb2802aac
2026-09-10,US.AMD,LONG,False,-1,-1,-1,-1,-1,-1,True,,,0.0,0.0,no_entry,False,False,1,1,eccbb2802aac
2026-09-10,US.AMD,SHORT,True,35,40,605,605,610,610,True,507.295,507.79,-0.49500000000000455,-0.0009757636089454943,failed_followthrough,False,False,1,1,eccbb2802aac
2026-09-10,US.IWM,LONG,False,-1,-1,-1,-1,-1,-1,True,,,0.0,0.0,no_entry,False,False,1,1,eccbb2802aac
2026-09-10,US.IWM,SHORT,False,-1,-1,-1,-1,-1,-1,True,,,0.0,0.0,no_entry,False,False,1,1,eccbb2802aac
2026-09-10,US.META,LONG,False,-1,-1,-1,-1,-1,-1,True,,,0.0,0.0,no_entry,False,False,1,1,eccbb2802aac
2026-09-10,US.META,SHORT,False,-1,-1,-1,-1,-1,-1,True,,,0.0,0.0,no_entry,False,False,1,1,eccbb2802aac
2026-09-10,US.MSFT,LONG,False,-1,-1,-1,-1,-1,-1,True,,,0.0,0.0,no_entry,False,False,1,1,eccbb2802aac
2026-09-10,US.MSFT,SHORT,False,-1,-1,-1,-1,-1,-1,True,,,0.0,0.0,no_entry,False,False,1,1,eccbb2802aac
2026-09-10,US.MU,LONG,False,-1,-1,-1,-1,-1,-1,True,,,0.0,0.0,no_entry,False,False,1,1,eccbb2802aac
2026-09-10,US.MU,SHORT,False,-1,-1,-1,-1,-1,-1,True,,,0.0,0.0,no_entry,False,False,1,1,eccbb2802aac
2026-09-10,US.NVDA,LONG,False,-1,-1,-1,-1,-1,-1,True,,,0.0,0.0,no_entry,False,False,1,1,eccbb2802aac
2026-09-10,US.NVDA,SHORT,True,80,88,650,650,658,658,True,218.02,218.06,-0.03999999999999204,-0.00018346940647643353,failed_followthrough,False,False,1,1,eccbb2802aac
2026-09-10,US.QQQ,LONG,False,-1,-1,-1,-1,-1,-1,True,,,0.0,0.0,no_entry,False,False,1,1,eccbb2802aac
2026-09-10,US.QQQ,SHORT,False,-1,-1,-1,-1,-1,-1,True,,,0.0,0.0,no_entry,False,False,1,1,eccbb2802aac
2026-09-10,US.SPY,LONG,False,-1,-1,-1,-1,-1,-1,True,,,0.0,0.0,no_entry,False,False,1,1,eccbb2802aac
2026-09-10,US.SPY,SHORT,True,32,44,602,602,614,614,True,757.55,757.64,-0.09000000000003183,-0.0001188040393373795,failed_followthrough,False,False,1,1,eccbb2802aac
2026-09-10,US.TSLA,LONG,True,150,155,720,720,725,725,True,366.75,366.1472,-0.602800000000002,-0.0016436264485344295,failed_followthrough,False,False,1,1,eccbb2802aac
2026-09-10,US.TSLA,SHORT,False,-1,-1,-1,-1,-1,-1,True,,,0.0,0.0,no_entry,False,False,1,1,eccbb2802aac
2026-09-11,US.AAPL,LONG,False,-1,-1,-1,-1,-1,-1,True,,,0.0,0.0,no_entry,False,False,1,1,eccbb2802aac
2026-09-11,US.AAPL,SHORT,False,-1,-1,-1,-1,-1,-1,True,,,0.0,0.0,no_entry,False,False,1,1,eccbb2802aac
2026-09-11,US.AMD,LONG,True,101,106,671,671,676,676,True,514.74,514.485,-0.25499999999999545,-0.0004953957337684957,failed_followthrough,False,False,1,1,eccbb2802aac
2026-09-11,US.AMD,SHORT,False,-1,-1,-1,-1,-1,-1,True,,,0.0,0.0,no_entry,False,False,1,1,eccbb2802aac
2026-09-11,US.IWM,LONG,False,-1,-1,-1,-1,-1,-1,True,,,0.0,0.0,no_entry,False,False,1,1,eccbb2802aac
2026-09-11,US.IWM,SHORT,False,-1,-1,-1,-1,-1,-1,True,,,0.0,0.0,no_entry,False,False,1,1,eccbb2802aac
2026-09-11,US.META,LONG,False,-1,-1,-1,-1,-1,-1,True,,,0.0,0.0,no_entry,False,False,1,1,eccbb2802aac
2026-09-11,US.META,SHORT,False,-1,-1,-1,-1,-1,-1,True,,,0.0,0.0,no_entry,False,False,1,1,eccbb2802aac
2026-09-11,US.MSFT,LONG,False,-1,-1,-1,-1,-1,-1,True,,,0.0,0.0,no_entry,False,False,1,1,eccbb2802aac
2026-09-11,US.MSFT,SHORT,False,-1,-1,-1,-1,-1,-1,True,,,0.0,0.0,no_entry,False,False,1,1,eccbb2802aac
2026-09-11,US.MU,LONG,False,-1,-1,-1,-1,-1,-1,True,,,0.0,0.0,no_entry,False,False,1,1,eccbb2802aac
2026-09-11,US.MU,SHORT,False,-1,-1,-1,-1,-1,-1,True,,,0.0,0.0,no_entry,False,False,1,1,eccbb2802aac
2026-09-11,US.NVDA,LONG,False,-1,-1,-1,-1,-1,-1,True,,,0.0,0.0,no_entry,False,False,1,1,eccbb2802aac
2026-09-11,US.NVDA,SHORT,False,-1,-1,-1,-1,-1,-1,True,,,0.0,0.0,no_entry,False,False,1,1,eccbb2802aac
2026-09-11,US.QQQ,LONG,True,17,22,587,587,592,592,True,716.16,715.64,-0.5199999999999818,-0.0007260947274351846,failed_followthrough,False,False,1,1,eccbb2802aac
2026-09-11,US.QQQ,SHORT,False,-1,-1,-1,-1,-1,-1,True,,,0.0,0.0,no_entry,False,False,1,1,eccbb2802aac
2026-09-11,US.SPY,LONG,False,-1,-1,-1,-1,-1,-1,True,,,0.0,0.0,no_entry,False,False,1,1,eccbb2802aac
2026-09-11,US.SPY,SHORT,False,-1,-1,-1,-1,-1,-1,True,,,0.0,0.0,no_entry,False,False,1,1,eccbb2802aac
2026-09-11,US.TSLA,LONG,False,-1,-1,-1,-1,-1,-1,True,,,0.0,0.0,no_entry,False,False,1,1,eccbb2802aac
2026-09-11,US.TSLA,SHORT,False,-1,-1,-1,-1,-1,-1,True,,,0.0,0.0,no_entry,False,False,1,1,eccbb2802aac
