date,symbol,direction,traded,entry_index,exit_index,entry_signal_close_minute,entry_minute,exit_signal_close_minute,exit_minute,exit_time_exact,entry_price,exit_price,pnl_points,gross_return,exit_reason,eod_flatten,unclosed,signal_minutes,execution_minutes,rule_id
2026-05-14,US.AAPL,LONG,False,-1,-1,-1,-1,-1,-1,True,,,0.0,0.0,no_entry,False,False,1,1,c8dcf21ff39d
2026-05-14,US.AAPL,SHORT,False,-1,-1,-1,-1,-1,-1,True,,,0.0,0.0,no_entry,False,False,1,1,c8dcf21ff39d
2026-05-14,US.AMD,LONG,True,35,36,605,605,606,606,True,447.89,447.0,-0.8899999999999864,-0.0019870950456585016,soft_failure_loss,False,False,1,1,c8dcf21ff39d
2026-05-14,US.AMD,SHORT,False,-1,-1,-1,-1,-1,-1,True,,,0.0,0.0,no_entry,False,False,1,1,c8dcf21ff39d
2026-05-14,US.IWM,LONG,False,-1,-1,-1,-1,-1,-1,True,,,0.0,0.0,no_entry,False,False,1,1,c8dcf21ff39d
2026-05-14,US.IWM,SHORT,False,-1,-1,-1,-1,-1,-1,True,,,0.0,0.0,no_entry,False,False,1,1,c8dcf21ff39d
2026-05-14,US.META,LONG,True,32,375,602,602,-1,945,True,618.396859157,617.187979568,-1.2088795890000483,-0.001954860493062652,scheduled_flatten,True,False,1,1,c8dcf21ff39d
2026-05-14,US.META,SHORT,False,-1,-1,-1,-1,-1,-1,True,,,0.0,0.0,no_entry,False,False,1,1,c8dcf21ff39d
2026-05-14,US.MSFT,LONG,False,-1,-1,-1,-1,-1,-1,True,,,0.0,0.0,no_entry,False,False,1,1,c8dcf21ff39d
2026-05-14,US.MSFT,SHORT,False,-1,-1,-1,-1,-1,-1,True,,,0.0,0.0,no_entry,False,False,1,1,c8dcf21ff39d
2026-05-14,US.MU,LONG,False,-1,-1,-1,-1,-1,-1,True,,,0.0,0.0,no_entry,False,False,1,1,c8dcf21ff39d
2026-05-14,US.MU,SHORT,False,-1,-1,-1,-1,-1,-1,True,,,0.0,0.0,no_entry,False,False,1,1,c8dcf21ff39d
2026-05-14,US.NVDA,LONG,False,-1,-1,-1,-1,-1,-1,True,,,0.0,0.0,no_entry,False,False,1,1,c8dcf21ff39d
2026-05-14,US.NVDA,SHORT,False,-1,-1,-1,-1,-1,-1,True,,,0.0,0.0,no_entry,False,False,1,1,c8dcf21ff39d
2026-05-14,US.QQQ,LONG,True,24,25,594,594,595,595,True,717.790518414,717.06152002,-0.7289983939999729,-0.001015614410191343,soft_failure_loss,False,False,1,1,c8dcf21ff39d
2026-05-14,US.QQQ,SHORT,False,-1,-1,-1,-1,-1,-1,True,,,0.0,0.0,no_entry,False,False,1,1,c8dcf21ff39d
2026-05-14,US.SPY,LONG,True,18,19,588,588,589,589,True,743.694533874,743.355407332,-0.3391265419999172,-0.00045600246681034976,soft_failure_loss,False,False,1,1,c8dcf21ff39d
2026-05-14,US.SPY,SHORT,False,-1,-1,-1,-1,-1,-1,True,,,0.0,0.0,no_entry,False,False,1,1,c8dcf21ff39d
2026-05-14,US.TSLA,LONG,False,-1,-1,-1,-1,-1,-1,True,,,0.0,0.0,no_entry,False,False,1,1,c8dcf21ff39d
2026-05-14,US.TSLA,SHORT,True,30,31,600,600,601,601,True,442.57,445.15,-2.579999999999984,-0.0058295862801364395,soft_failure_loss,False,False,1,1,c8dcf21ff39d
2026-05-15,US.AAPL,LONG,False,-1,-1,-1,-1,-1,-1,True,,,0.0,0.0,no_entry,False,False,1,1,c8dcf21ff39d
2026-05-15,US.AAPL,SHORT,False,-1,-1,-1,-1,-1,-1,True,,,0.0,0.0,no_entry,False,False,1,1,c8dcf21ff39d
2026-05-15,US.AMD,LONG,False,-1,-1,-1,-1,-1,-1,True,,,0.0,0.0,no_entry,False,False,1,1,c8dcf21ff39d
2026-05-15,US.AMD,SHORT,False,-1,-1,-1,-1,-1,-1,True,,,0.0,0.0,no_entry,False,False,1,1,c8dcf21ff39d
2026-05-15,US.IWM,LONG,False,-1,-1,-1,-1,-1,-1,True,,,0.0,0.0,no_entry,False,False,1,1,c8dcf21ff39d
2026-05-15,US.IWM,SHORT,False,-1,-1,-1,-1,-1,-1,True,,,0.0,0.0,no_entry,False,False,1,1,c8dcf21ff39d
2026-05-15,US.META,LONG,False,-1,-1,-1,-1,-1,-1,True,,,0.0,0.0,no_entry,False,False,1,1,c8dcf21ff39d
2026-05-15,US.META,SHORT,False,-1,-1,-1,-1,-1,-1,True,,,0.0,0.0,no_entry,False,False,1,1,c8dcf21ff39d
2026-05-15,US.MSFT,LONG,True,135,142,705,705,712,712,True,419.270916668,419.071723891,-0.19919277700000748,-0.0004750932370482984,soft_failure_loss,False,False,1,1,c8dcf21ff39d
2026-05-15,US.MSFT,SHORT,False,-1,-1,-1,-1,-1,-1,True,,,0.0,0.0,no_entry,False,False,1,1,c8dcf21ff39d
2026-05-15,US.MU,LONG,False,-1,-1,-1,-1,-1,-1,True,,,0.0,0.0,no_entry,False,False,1,1,c8dcf21ff39d
2026-05-15,US.MU,SHORT,False,-1,-1,-1,-1,-1,-1,True,,,0.0,0.0,no_entry,False,False,1,1,c8dcf21ff39d
2026-05-15,US.NVDA,LONG,False,-1,-1,-1,-1,-1,-1,True,,,0.0,0.0,no_entry,False,False,1,1,c8dcf21ff39d
2026-05-15,US.NVDA,SHORT,False,-1,-1,-1,-1,-1,-1,True,,,0.0,0.0,no_entry,False,False,1,1,c8dcf21ff39d
2026-05-15,US.QQQ,LONG,True,77,80,647,647,650,650,True,709.739571226,709.629692049,-0.10987917699992522,-0.0001548161909728671,soft_failure_loss,False,False,1,1,c8dcf21ff39d
2026-05-15,US.QQQ,SHORT,False,-1,-1,-1,-1,-1,-1,True,,,0.0,0.0,no_entry,False,False,1,1,c8dcf21ff39d
2026-05-15,US.SPY,LONG,False,-1,-1,-1,-1,-1,-1,True,,,0.0,0.0,no_entry,False,False,1,1,c8dcf21ff39d
2026-05-15,US.SPY,SHORT,False,-1,-1,-1,-1,-1,-1,True,,,0.0,0.0,no_entry,False,False,1,1,c8dcf21ff39d
2026-05-15,US.TSLA,LONG,False,-1,-1,-1,-1,-1,-1,True,,,0.0,0.0,no_entry,False,False,1,1,c8dcf21ff39d
2026-05-15,US.TSLA,SHORT,True,92,101,662,662,671,671,True,426.02,426.42,-0.4000000000000341,-0.0009389230552557019,soft_failure_loss,False,False,1,1,c8dcf21ff39d
2026-05-18,US.AAPL,LONG,False,-1,-1,-1,-1,-1,-1,True,,,0.0,0.0,no_entry,False,False,1,1,c8dcf21ff39d
2026-05-18,US.AAPL,SHORT,False,-1,-1,-1,-1,-1,-1,True,,,0.0,0.0,no_entry,False,False,1,1,c8dcf21ff39d
2026-05-18,US.AMD,LONG,False,-1,-1,-1,-1,-1,-1,True,,,0.0,0.0,no_entry,False,False,1,1,c8dcf21ff39d
2026-05-18,US.AMD,SHORT,True,102,126,672,672,696,696,True,420.48,420.49,-0.009999999999990905,-2.378234398780181e-05,failed_followthrough,False,False,1,1,c8dcf21ff39d
2026-05-18,US.IWM,LONG,False,-1,-1,-1,-1,-1,-1,True,,,0.0,0.0,no_entry,False,False,1,1,c8dcf21ff39d
2026-05-18,US.IWM,SHORT,False,-1,-1,-1,-1,-1,-1,True,,,0.0,0.0,no_entry,False,False,1,1,c8dcf21ff39d
2026-05-18,US.META,LONG,True,44,45,614,614,615,615,True,609.535072414,609.145433538,-0.3896388759999354,-0.000639239468955923,soft_failure_loss,False,False,1,1,c8dcf21ff39d
2026-05-18,US.META,SHORT,False,-1,-1,-1,-1,-1,-1,True,,,0.0,0.0,no_entry,False,False,1,1,c8dcf21ff39d
2026-05-18,US.MSFT,LONG,True,58,61,628,628,631,631,True,420.256920914,419.958131749,-0.29878916499995967,-0.0007109678630637065,soft_failure_loss,False,False,1,1,c8dcf21ff39d
2026-05-18,US.MSFT,SHORT,False,-1,-1,-1,-1,-1,-1,True,,,0.0,0.0,no_entry,False,False,1,1,c8dcf21ff39d
2026-05-18,US.MU,LONG,False,-1,-1,-1,-1,-1,-1,True,,,0.0,0.0,no_entry,False,False,1,1,c8dcf21ff39d
2026-05-18,US.MU,SHORT,False,-1,-1,-1,-1,-1,-1,True,,,0.0,0.0,no_entry,False,False,1,1,c8dcf21ff39d
2026-05-18,US.NVDA,LONG,False,-1,-1,-1,-1,-1,-1,True,,,0.0,0.0,no_entry,False,False,1,1,c8dcf21ff39d
2026-05-18,US.NVDA,SHORT,False,-1,-1,-1,-1,-1,-1,True,,,0.0,0.0,no_entry,False,False,1,1,c8dcf21ff39d
2026-05-18,US.QQQ,LONG,False,-1,-1,-1,-1,-1,-1,True,,,0.0,0.0,no_entry,False,False,1,1,c8dcf21ff39d
2026-05-18,US.QQQ,SHORT,False,-1,-1,-1,-1,-1,-1,True,,,0.0,0.0,no_entry,False,False,1,1,c8dcf21ff39d
2026-05-18,US.SPY,LONG,True,39,44,609,609,614,614,True,738.278483501,737.989228509,-0.2892549919999965,-0.0003917965895854321,soft_failure_loss,False,False,1,1,c8dcf21ff39d
2026-05-18,US.SPY,SHORT,False,-1,-1,-1,-1,-1,-1,True,,,0.0,0.0,no_entry,False,False,1,1,c8dcf21ff39d
2026-05-18,US.TSLA,LONG,False,-1,-1,-1,-1,-1,-1,True,,,0.0,0.0,no_entry,False,False,1,1,c8dcf21ff39d
2026-05-18,US.TSLA,SHORT,False,-1,-1,-1,-1,-1,-1,True,,,0.0,0.0,no_entry,False,False,1,1,c8dcf21ff39d
2026-05-19,US.AAPL,LONG,False,-1,-1,-1,-1,-1,-1,True,,,0.0,0.0,no_entry,False,False,1,1,c8dcf21ff39d
2026-05-19,US.AAPL,SHORT,False,-1,-1,-1,-1,-1,-1,True,,,0.0,0.0,no_entry,False,False,1,1,c8dcf21ff39d
2026-05-19,US.AMD,LONG,False,-1,-1,-1,-1,-1,-1,True,,,0.0,0.0,no_entry,False,False,1,1,c8dcf21ff39d
2026-05-19,US.AMD,SHORT,True,87,88,657,657,658,658,True,401.87,403.095,-1.2250000000000227,-0.0030482494338965904,soft_failure_loss,False,False,1,1,c8dcf21ff39d
2026-05-19,US.IWM,LONG,False,-1,-1,-1,-1,-1,-1,True,,,0.0,0.0,no_entry,False,False,1,1,c8dcf21ff39d
2026-05-19,US.IWM,SHORT,True,43,61,613,613,631,631,True,271.045316851,271.055293122,-0.009976271000027737,-3.6806653278248405e-05,failed_followthrough,False,False,1,1,c8dcf21ff39d
2026-05-19,US.META,LONG,True,27,38,597,597,608,608,True,609.904729809,608.745803921,-1.1589258879999988,-0.0019001752755105415,failed_followthrough,False,False,1,1,c8dcf21ff39d
2026-05-19,US.META,SHORT,False,-1,-1,-1,-1,-1,-1,True,,,0.0,0.0,no_entry,False,False,1,1,c8dcf21ff39d
2026-05-19,US.MSFT,LONG,False,-1,-1,-1,-1,-1,-1,True,,,0.0,0.0,no_entry,False,False,1,1,c8dcf21ff39d
2026-05-19,US.MSFT,SHORT,False,-1,-1,-1,-1,-1,-1,True,,,0.0,0.0,no_entry,False,False,1,1,c8dcf21ff39d
2026-05-19,US.MU,LONG,False,-1,-1,-1,-1,-1,-1,True,,,0.0,0.0,no_entry,False,False,1,1,c8dcf21ff39d
2026-05-19,US.MU,SHORT,False,-1,-1,-1,-1,-1,-1,True,,,0.0,0.0,no_entry,False,False,1,1,c8dcf21ff39d
2026-05-19,US.NVDA,LONG,False,-1,-1,-1,-1,-1,-1,True,,,0.0,0.0,no_entry,False,False,1,1,c8dcf21ff39d
2026-05-19,US.NVDA,SHORT,True,68,69,638,638,639,639,True,218.869712894,219.208937503,-0.3392246089999844,-0.001549892876975048,soft_failure_loss,False,False,1,1,c8dcf21ff39d
2026-05-19,US.QQQ,LONG,False,-1,-1,-1,-1,-1,-1,True,,,0.0,0.0,no_entry,False,False,1,1,c8dcf21ff39d
2026-05-19,US.QQQ,SHORT,True,88,90,658,658,660,660,True,697.712795854,697.882609127,-0.16981327300004523,-0.00024338563662458547,soft_failure_loss,False,False,1,1,c8dcf21ff39d
2026-05-19,US.SPY,LONG,False,-1,-1,-1,-1,-1,-1,True,,,0.0,0.0,no_entry,False,False,1,1,c8dcf21ff39d
2026-05-19,US.SPY,SHORT,True,62,71,632,632,641,641,True,731.166800414,731.196723344,-0.029922929999997905,-4.092490247513289e-05,failed_followthrough,False,False,1,1,c8dcf21ff39d
2026-05-19,US.TSLA,LONG,False,-1,-1,-1,-1,-1,-1,True,,,0.0,0.0,no_entry,False,False,1,1,c8dcf21ff39d
2026-05-19,US.TSLA,SHORT,True,24,25,594,594,595,595,True,400.84,402.22,-1.3800000000000523,-0.003442770182616636,soft_failure_loss,False,False,1,1,c8dcf21ff39d
2026-05-20,US.AAPL,LONG,False,-1,-1,-1,-1,-1,-1,True,,,0.0,0.0,no_entry,False,False,1,1,c8dcf21ff39d
2026-05-20,US.AAPL,SHORT,False,-1,-1,-1,-1,-1,-1,True,,,0.0,0.0,no_entry,False,False,1,1,c8dcf21ff39d
2026-05-20,US.AMD,LONG,True,21,22,591,591,592,592,True,434.88,433.515,-1.365000000000009,-0.0031387969094922945,soft_failure_loss,False,False,1,1,c8dcf21ff39d
2026-05-20,US.AMD,SHORT,False,-1,-1,-1,-1,-1,-1,True,,,0.0,0.0,no_entry,False,False,1,1,c8dcf21ff39d
2026-05-20,US.IWM,LONG,True,32,36,602,602,606,606,True,274.871216921,274.646750816,-0.22446610499997632,-0.0008166228079984437,soft_failure_loss,False,False,1,1,c8dcf21ff39d
2026-05-20,US.IWM,SHORT,False,-1,-1,-1,-1,-1,-1,True,,,0.0,0.0,no_entry,False,False,1,1,c8dcf21ff39d
2026-05-20,US.META,LONG,True,18,19,588,588,589,589,True,601.742294894,601.466950088,-0.275344806000021,-0.00045757927992833605,soft_failure_loss,False,False,1,1,c8dcf21ff39d
2026-05-20,US.META,SHORT,True,36,37,606,606,607,607,True,598.345443154,599.234619051,-0.8891758969999728,-0.0014860577734376091,soft_failure_loss,False,False,1,1,c8dcf21ff39d
2026-05-20,US.MSFT,LONG,False,-1,-1,-1,-1,-1,-1,True,,,0.0,0.0,no_entry,False,False,1,1,c8dcf21ff39d
2026-05-20,US.MSFT,SHORT,False,-1,-1,-1,-1,-1,-1,True,,,0.0,0.0,no_entry,False,False,1,1,c8dcf21ff39d
2026-05-20,US.MU,LONG,False,-1,-1,-1,-1,-1,-1,True,,,0.0,0.0,no_entry,False,False,1,1,c8dcf21ff39d
2026-05-20,US.MU,SHORT,True,47,62,617,617,632,632,True,711.510582732,712.070496627,-0.5599138950000224,-0.0007869368475871588,failed_followthrough,False,False,1,1,c8dcf21ff39d
2026-05-20,US.NVDA,LONG,True,55,375,625,625,-1,945,True,222.867075819,222.920453808,0.05337798899998347,0.0002395059422924095,scheduled_flatten,True,False,1,1,c8dcf21ff39d
2026-05-20,US.NVDA,SHORT,False,-1,-1,-1,-1,-1,-1,True,,,0.0,0.0,no_entry,False,False,1,1,c8dcf21ff39d
2026-05-20,US.QQQ,LONG,True,68,375,638,638,-1,945,True,707.162405075,711.327824784,4.165419708999934,0.005890329688210956,scheduled_flatten,True,False,1,1,c8dcf21ff39d
2026-05-20,US.QQQ,SHORT,False,-1,-1,-1,-1,-1,-1,True,,,0.0,0.0,no_entry,False,False,1,1,c8dcf21ff39d
2026-05-20,US.SPY,LONG,True,19,20,589,589,590,590,True,734.568040151,734.144131973,-0.42390817800003333,-0.0005770849735211642,soft_failure_loss,False,False,1,1,c8dcf21ff39d
2026-05-20,US.SPY,SHORT,False,-1,-1,-1,-1,-1,-1,True,,,0.0,0.0,no_entry,False,False,1,1,c8dcf21ff39d
2026-05-20,US.TSLA,LONG,False,-1,-1,-1,-1,-1,-1,True,,,0.0,0.0,no_entry,False,False,1,1,c8dcf21ff39d
2026-05-20,US.TSLA,SHORT,False,-1,-1,-1,-1,-1,-1,True,,,0.0,0.0,no_entry,False,False,1,1,c8dcf21ff39d
2026-05-21,US.AAPL,LONG,True,27,33,597,597,603,603,True,302.299280417,302.154405365,-0.14487505199997486,-0.00047924378715070114,soft_failure_loss,False,False,1,1,c8dcf21ff39d
2026-05-21,US.AAPL,SHORT,False,-1,-1,-1,-1,-1,-1,True,,,0.0,0.0,no_entry,False,False,1,1,c8dcf21ff39d
2026-05-21,US.AMD,LONG,False,-1,-1,-1,-1,-1,-1,True,,,0.0,0.0,no_entry,False,False,1,1,c8dcf21ff39d
2026-05-21,US.AMD,SHORT,True,40,41,610,610,611,611,True,440.0601,440.7,-0.6399000000000115,-0.0014541195623052657,soft_failure_loss,False,False,1,1,c8dcf21ff39d
2026-05-21,US.IWM,LONG,True,50,51,620,620,621,621,True,279.19593056,279.056262761,-0.13966779899999437,-0.0005002501244192718,soft_failure_loss,False,False,1,1,c8dcf21ff39d
2026-05-21,US.IWM,SHORT,False,-1,-1,-1,-1,-1,-1,True,,,0.0,0.0,no_entry,False,False,1,1,c8dcf21ff39d
2026-05-21,US.META,LONG,False,-1,-1,-1,-1,-1,-1,True,,,0.0,0.0,no_entry,False,False,1,1,c8dcf21ff39d
2026-05-21,US.META,SHORT,True,24,86,594,594,656,656,True,597.775871044,598.115656125,-0.3397850809999454,-0.0005684155173518791,failed_followthrough,False,False,1,1,c8dcf21ff39d
2026-05-21,US.MSFT,LONG,False,-1,-1,-1,-1,-1,-1,True,,,0.0,0.0,no_entry,False,False,1,1,c8dcf21ff39d
2026-05-21,US.MSFT,SHORT,True,84,88,654,654,658,658,True,417.631309417,417.813466506,-0.18215708899998617,-0.0004361672242779682,soft_failure_loss,False,False,1,1,c8dcf21ff39d
2026-05-21,US.MU,LONG,True,23,375,593,593,-1,945,True,750.079651517,756.013738963,5.934087446000035,0.00791127640111104,scheduled_flatten,True,False,1,1,c8dcf21ff39d
2026-05-21,US.MU,SHORT,False,-1,-1,-1,-1,-1,-1,True,,,0.0,0.0,no_entry,False,False,1,1,c8dcf21ff39d
2026-05-21,US.NVDA,LONG,False,-1,-1,-1,-1,-1,-1,True,,,0.0,0.0,no_entry,False,False,1,1,c8dcf21ff39d
2026-05-21,US.NVDA,SHORT,False,-1,-1,-1,-1,-1,-1,True,,,0.0,0.0,no_entry,False,False,1,1,c8dcf21ff39d
2026-05-21,US.QQQ,LONG,True,27,44,597,597,614,614,True,709.599725001,709.250109438,-0.34961556300004304,-0.0004926940508602232,failed_followthrough,False,False,1,1,c8dcf21ff39d
2026-05-21,US.QQQ,SHORT,False,-1,-1,-1,-1,-1,-1,True,,,0.0,0.0,no_entry,False,False,1,1,c8dcf21ff39d
2026-05-21,US.SPY,LONG,True,44,46,614,614,616,616,True,737.560333175,736.672619578,-0.8877135970000154,-0.001203580991372795,soft_failure_loss,False,False,1,1,c8dcf21ff39d
2026-05-21,US.SPY,SHORT,False,-1,-1,-1,-1,-1,-1,True,,,0.0,0.0,no_entry,False,False,1,1,c8dcf21ff39d
2026-05-21,US.TSLA,LONG,False,-1,-1,-1,-1,-1,-1,True,,,0.0,0.0,no_entry,False,False,1,1,c8dcf21ff39d
2026-05-21,US.TSLA,SHORT,True,108,110,678,678,680,680,True,416.655,416.975,-0.32000000000005,-0.000768021504602249,soft_failure_loss,False,False,1,1,c8dcf21ff39d
2026-05-22,US.AAPL,LONG,True,62,68,632,632,638,638,True,308.743722374,308.703756843,-0.039965531000007104,-0.0001294456473242699,failed_followthrough,False,False,1,1,c8dcf21ff39d
2026-05-22,US.AAPL,SHORT,False,-1,-1,-1,-1,-1,-1,True,,,0.0,0.0,no_entry,False,False,1,1,c8dcf21ff39d
2026-05-22,US.AMD,LONG,False,-1,-1,-1,-1,-1,-1,True,,,0.0,0.0,no_entry,False,False,1,1,c8dcf21ff39d
2026-05-22,US.AMD,SHORT,True,88,89,658,658,659,659,True,466.9699,467.6,-0.6301000000000272,-0.0013493375054795334,soft_failure_loss,False,False,1,1,c8dcf21ff39d
2026-05-22,US.IWM,LONG,True,32,33,602,602,603,603,True,284.43347303,284.243923874,-0.18954915599999822,-0.0006664094558941237,soft_failure_loss,False,False,1,1,c8dcf21ff39d
2026-05-22,US.IWM,SHORT,False,-1,-1,-1,-1,-1,-1,True,,,0.0,0.0,no_entry,False,False,1,1,c8dcf21ff39d
2026-05-22,US.META,LONG,False,-1,-1,-1,-1,-1,-1,True,,,0.0,0.0,no_entry,False,False,1,1,c8dcf21ff39d
2026-05-22,US.META,SHORT,False,-1,-1,-1,-1,-1,-1,True,,,0.0,0.0,no_entry,False,False,1,1,c8dcf21ff39d
2026-05-22,US.MSFT,LONG,False,-1,-1,-1,-1,-1,-1,True,,,0.0,0.0,no_entry,False,False,1,1,c8dcf21ff39d
2026-05-22,US.MSFT,SHORT,True,96,98,666,666,668,668,True,417.63001186,417.753579244,-0.12356738399995493,-0.00029587764406495236,soft_failure_loss,False,False,1,1,c8dcf21ff39d
2026-05-22,US.MU,LONG,True,90,177,660,660,747,747,True,762.437751068,762.255879036,-0.18187203200000113,-0.00023854017163399925,failed_followthrough,False,False,1,1,c8dcf21ff39d
2026-05-22,US.MU,SHORT,False,-1,-1,-1,-1,-1,-1,True,,,0.0,0.0,no_entry,False,False,1,1,c8dcf21ff39d
2026-05-22,US.NVDA,LONG,False,-1,-1,-1,-1,-1,-1,True,,,0.0,0.0,no_entry,False,False,1,1,c8dcf21ff39d
2026-05-22,US.NVDA,SHORT,True,68,71,638,638,641,641,True,216.245710775,216.564980995,-0.31927022000002125,-0.0014764233651423334,soft_failure_loss,False,False,1,1,c8dcf21ff39d
2026-05-22,US.QQQ,LONG,False,-1,-1,-1,-1,-1,-1,True,,,0.0,0.0,no_entry,False,False,1,1,c8dcf21ff39d
2026-05-22,US.QQQ,SHORT,False,-1,-1,-1,-1,-1,-1,True,,,0.0,0.0,no_entry,False,False,1,1,c8dcf21ff39d
2026-05-22,US.SPY,LONG,False,-1,-1,-1,-1,-1,-1,True,,,0.0,0.0,no_entry,False,False,1,1,c8dcf21ff39d
2026-05-22,US.SPY,SHORT,False,-1,-1,-1,-1,-1,-1,True,,,0.0,0.0,no_entry,False,False,1,1,c8dcf21ff39d
2026-05-22,US.TSLA,LONG,True,108,113,678,678,683,683,True,427.82,427.6601,-0.15989999999999327,-0.0003737553176569428,failed_followthrough,False,False,1,1,c8dcf21ff39d
2026-05-22,US.TSLA,SHORT,False,-1,-1,-1,-1,-1,-1,True,,,0.0,0.0,no_entry,False,False,1,1,c8dcf21ff39d
2026-05-26,US.AAPL,LONG,True,98,99,668,668,669,669,True,311.251559477,311.161637031,-0.08992244600000276,-0.0002889060095027334,soft_failure_loss,False,False,1,1,c8dcf21ff39d
2026-05-26,US.AAPL,SHORT,False,-1,-1,-1,-1,-1,-1,True,,,0.0,0.0,no_entry,False,False,1,1,c8dcf21ff39d
2026-05-26,US.AMD,LONG,True,40,52,610,610,622,622,True,490.67,490.56,-0.11000000000001364,-0.00022418325962462275,failed_followthrough,False,False,1,1,c8dcf21ff39d
2026-05-26,US.AMD,SHORT,False,-1,-1,-1,-1,-1,-1,True,,,0.0,0.0,no_entry,False,False,1,1,c8dcf21ff39d
2026-05-26,US.IWM,LONG,True,26,375,596,596,-1,945,True,288.713293447,289.536335835,0.8230423879999762,0.002850725639174854,scheduled_flatten,True,False,1,1,c8dcf21ff39d
2026-05-26,US.IWM,SHORT,False,-1,-1,-1,-1,-1,-1,True,,,0.0,0.0,no_entry,False,False,1,1,c8dcf21ff39d
2026-05-26,US.META,LONG,False,-1,-1,-1,-1,-1,-1,True,,,0.0,0.0,no_entry,False,False,1,1,c8dcf21ff39d
2026-05-26,US.META,SHORT,True,85,86,655,655,656,656,True,606.787618801,606.997424349,-0.20980554799996298,-0.00034576438526305874,soft_failure_loss,False,False,1,1,c8dcf21ff39d
2026-05-26,US.MSFT,LONG,True,41,42,611,611,612,612,True,416.885213941,416.525890367,-0.35932357400002957,-0.0008619244866067212,soft_failure_loss,False,False,1,1,c8dcf21ff39d
2026-05-26,US.MSFT,SHORT,False,-1,-1,-1,-1,-1,-1,True,,,0.0,0.0,no_entry,False,False,1,1,c8dcf21ff39d
2026-05-26,US.MU,LONG,True,143,144,713,713,714,714,True,869.245326023,868.38145887,-0.863867153000001,-0.0009938128249160623,soft_failure_loss,False,False,1,1,c8dcf21ff39d
2026-05-26,US.MU,SHORT,False,-1,-1,-1,-1,-1,-1,True,,,0.0,0.0,no_entry,False,False,1,1,c8dcf21ff39d
2026-05-26,US.NVDA,LONG,False,-1,-1,-1,-1,-1,-1,True,,,0.0,0.0,no_entry,False,False,1,1,c8dcf21ff39d
2026-05-26,US.NVDA,SHORT,False,-1,-1,-1,-1,-1,-1,True,,,0.0,0.0,no_entry,False,False,1,1,c8dcf21ff39d
2026-05-26,US.QQQ,LONG,True,22,24,592,592,594,594,True,726.13154663,725.831876147,-0.2996704829999999,-0.00041269448268813037,soft_failure_loss,False,False,1,1,c8dcf21ff39d
2026-05-26,US.QQQ,SHORT,False,-1,-1,-1,-1,-1,-1,True,,,0.0,0.0,no_entry,False,False,1,1,c8dcf21ff39d
2026-05-26,US.SPY,LONG,True,20,21,590,590,591,591,True,749.050738387,748.422356852,-0.6283815350000168,-0.0008389038322733233,soft_failure_loss,False,False,1,1,c8dcf21ff39d
2026-05-26,US.SPY,SHORT,False,-1,-1,-1,-1,-1,-1,True,,,0.0,0.0,no_entry,False,False,1,1,c8dcf21ff39d
2026-05-26,US.TSLA,LONG,False,-1,-1,-1,-1,-1,-1,True,,,0.0,0.0,no_entry,False,False,1,1,c8dcf21ff39d
2026-05-26,US.TSLA,SHORT,True,66,67,636,636,637,637,True,427.5795,428.1,-0.5205000000000268,-0.001217317481310556,soft_failure_loss,False,False,1,1,c8dcf21ff39d
2026-05-27,US.AAPL,LONG,True,39,51,609,609,621,621,True,311.381447455,311.351473306,-0.029974148999997396,-9.626183333973094e-05,failed_followthrough,False,False,1,1,c8dcf21ff39d
2026-05-27,US.AAPL,SHORT,False,-1,-1,-1,-1,-1,-1,True,,,0.0,0.0,no_entry,False,False,1,1,c8dcf21ff39d
2026-05-27,US.AMD,LONG,False,-1,-1,-1,-1,-1,-1,True,,,0.0,0.0,no_entry,False,False,1,1,c8dcf21ff39d
2026-05-27,US.AMD,SHORT,False,-1,-1,-1,-1,-1,-1,True,,,0.0,0.0,no_entry,False,False,1,1,c8dcf21ff39d
2026-05-27,US.IWM,LONG,False,-1,-1,-1,-1,-1,-1,True,,,0.0,0.0,no_entry,False,False,1,1,c8dcf21ff39d
2026-05-27,US.IWM,SHORT,False,-1,-1,-1,-1,-1,-1,True,,,0.0,0.0,no_entry,False,False,1,1,c8dcf21ff39d
2026-05-27,US.META,LONG,True,71,72,641,641,642,642,True,613.84108153,613.431461174,-0.4096203560000049,-0.0006673068459006124,soft_failure_loss,False,False,1,1,c8dcf21ff39d
2026-05-27,US.META,SHORT,False,-1,-1,-1,-1,-1,-1,True,,,0.0,0.0,no_entry,False,False,1,1,c8dcf21ff39d
2026-05-27,US.MSFT,LONG,True,51,375,621,621,-1,945,True,412.603274688,412.413631691,-0.1896429970000213,-0.00045962552561761526,scheduled_flatten,True,False,1,1,c8dcf21ff39d
2026-05-27,US.MSFT,SHORT,False,-1,-1,-1,-1,-1,-1,True,,,0.0,0.0,no_entry,False,False,1,1,c8dcf21ff39d
2026-05-27,US.MU,LONG,False,-1,-1,-1,-1,-1,-1,True,,,0.0,0.0,no_entry,False,False,1,1,c8dcf21ff39d
2026-05-27,US.MU,SHORT,True,148,149,718,718,719,719,True,910.130038705,911.049897247,-0.9198585420000427,-0.0010106891354875894,soft_failure_loss,False,False,1,1,c8dcf21ff39d
2026-05-27,US.NVDA,LONG,False,-1,-1,-1,-1,-1,-1,True,,,0.0,0.0,no_entry,False,False,1,1,c8dcf21ff39d
2026-05-27,US.NVDA,SHORT,True,44,279,614,614,849,849,True,210.189553792,212.383937922,-2.194384130000003,-0.010440024684440446,trailing,False,False,1,1,c8dcf21ff39d
2026-05-27,US.QQQ,LONG,False,-1,-1,-1,-1,-1,-1,True,,,0.0,0.0,no_entry,False,False,1,1,c8dcf21ff39d
2026-05-27,US.QQQ,SHORT,False,-1,-1,-1,-1,-1,-1,True,,,0.0,0.0,no_entry,False,False,1,1,c8dcf21ff39d
2026-05-27,US.SPY,LONG,False,-1,-1,-1,-1,-1,-1,True,,,0.0,0.0,no_entry,False,False,1,1,c8dcf21ff39d
2026-05-27,US.SPY,SHORT,True,149,159,719,719,729,729,True,747.265336883,747.345131364,-0.07979448100002173,-0.0001067819916990412,failed_followthrough,False,False,1,1,c8dcf21ff39d
2026-05-27,US.TSLA,LONG,False,-1,-1,-1,-1,-1,-1,True,,,0.0,0.0,no_entry,False,False,1,1,c8dcf21ff39d
2026-05-27,US.TSLA,SHORT,True,66,67,636,636,637,637,True,438.695,439.84,-1.1449999999999818,-0.002610013790902522,soft_failure_loss,False,False,1,1,c8dcf21ff39d
2026-05-28,US.AAPL,LONG,True,24,25,594,594,595,595,True,310.931835225,310.442257464,-0.4895777609999641,-0.0015745501281516907,soft_failure_loss,False,False,1,1,c8dcf21ff39d
2026-05-28,US.AAPL,SHORT,False,-1,-1,-1,-1,-1,-1,True,,,0.0,0.0,no_entry,False,False,1,1,c8dcf21ff39d
2026-05-28,US.AMD,LONG,False,-1,-1,-1,-1,-1,-1,True,,,0.0,0.0,no_entry,False,False,1,1,c8dcf21ff39d
2026-05-28,US.AMD,SHORT,False,-1,-1,-1,-1,-1,-1,True,,,0.0,0.0,no_entry,False,False,1,1,c8dcf21ff39d
2026-05-28,US.IWM,LONG,True,72,73,642,642,643,643,True,289.192154473,289.147261252,-0.044893220999995265,-0.00015523664907785958,soft_failure_loss,False,False,1,1,c8dcf21ff39d
2026-05-28,US.IWM,SHORT,True,25,28,595,595,598,598,True,287.526117154,287.635856139,-0.10973898499997858,-0.0003816661459703224,soft_failure_loss,False,False,1,1,c8dcf21ff39d
2026-05-28,US.META,LONG,False,-1,-1,-1,-1,-1,-1,True,,,0.0,0.0,no_entry,False,False,1,1,c8dcf21ff39d
2026-05-28,US.META,SHORT,False,-1,-1,-1,-1,-1,-1,True,,,0.0,0.0,no_entry,False,False,1,1,c8dcf21ff39d
2026-05-28,US.MSFT,LONG,True,62,65,632,632,635,635,True,423.123470428,422.704259593,-0.4192108350000012,-0.0009907529699923262,soft_failure_loss,False,False,1,1,c8dcf21ff39d
2026-05-28,US.MSFT,SHORT,False,-1,-1,-1,-1,-1,-1,True,,,0.0,0.0,no_entry,False,False,1,1,c8dcf21ff39d
2026-05-28,US.MU,LONG,False,-1,-1,-1,-1,-1,-1,True,,,0.0,0.0,no_entry,False,False,1,1,c8dcf21ff39d
2026-05-28,US.MU,SHORT,True,26,28,596,596,598,598,True,914.989291441,916.998982387,-2.009690945999978,-0.002196409252872186,soft_failure_loss,False,False,1,1,c8dcf21ff39d
2026-05-28,US.NVDA,LONG,False,-1,-1,-1,-1,-1,-1,True,,,0.0,0.0,no_entry,False,False,1,1,c8dcf21ff39d
2026-05-28,US.NVDA,SHORT,False,-1,-1,-1,-1,-1,-1,True,,,0.0,0.0,no_entry,False,False,1,1,c8dcf21ff39d
2026-05-28,US.QQQ,LONG,False,-1,-1,-1,-1,-1,-1,True,,,0.0,0.0,no_entry,False,False,1,1,c8dcf21ff39d
2026-05-28,US.QQQ,SHORT,False,-1,-1,-1,-1,-1,-1,True,,,0.0,0.0,no_entry,False,False,1,1,c8dcf21ff39d
2026-05-28,US.SPY,LONG,True,31,32,601,601,602,602,True,748.681688914,748.492177023,-0.18951189100005195,-0.0002531274556413265,soft_failure_loss,False,False,1,1,c8dcf21ff39d
2026-05-28,US.SPY,SHORT,False,-1,-1,-1,-1,-1,-1,True,,,0.0,0.0,no_entry,False,False,1,1,c8dcf21ff39d
2026-05-28,US.TSLA,LONG,True,75,76,645,645,646,646,True,441.01,440.5219,-0.48809999999997444,-0.0011067776240900988,soft_failure_loss,False,False,1,1,c8dcf21ff39d
2026-05-28,US.TSLA,SHORT,False,-1,-1,-1,-1,-1,-1,True,,,0.0,0.0,no_entry,False,False,1,1,c8dcf21ff39d
2026-05-29,US.AAPL,LONG,False,-1,-1,-1,-1,-1,-1,True,,,0.0,0.0,no_entry,False,False,1,1,c8dcf21ff39d
2026-05-29,US.AAPL,SHORT,False,-1,-1,-1,-1,-1,-1,True,,,0.0,0.0,no_entry,False,False,1,1,c8dcf21ff39d
2026-05-29,US.AMD,LONG,False,-1,-1,-1,-1,-1,-1,True,,,0.0,0.0,no_entry,False,False,1,1,c8dcf21ff39d
2026-05-29,US.AMD,SHORT,True,65,375,635,635,-1,945,True,514.69,508.7403,5.949700000000064,0.01155977384445018,scheduled_flatten,True,False,1,1,c8dcf21ff39d
2026-05-29,US.IWM,LONG,False,-1,-1,-1,-1,-1,-1,True,,,0.0,0.0,no_entry,False,False,1,1,c8dcf21ff39d
2026-05-29,US.IWM,SHORT,True,38,375,608,608,-1,945,True,289.501418886,289.481466343,0.019952542999988054,6.892036341916851e-05,scheduled_flatten,True,False,1,1,c8dcf21ff39d
2026-05-29,US.META,LONG,False,-1,-1,-1,-1,-1,-1,True,,,0.0,0.0,no_entry,False,False,1,1,c8dcf21ff39d
2026-05-29,US.META,SHORT,True,44,375,614,614,-1,945,True,626.669192217,629.19684954,-2.5276573229999713,-0.004033479472730655,scheduled_flatten,True,False,1,1,c8dcf21ff39d
2026-05-29,US.MSFT,LONG,False,-1,-1,-1,-1,-1,-1,True,,,0.0,0.0,no_entry,False,False,1,1,c8dcf21ff39d
2026-05-29,US.MSFT,SHORT,False,-1,-1,-1,-1,-1,-1,True,,,0.0,0.0,no_entry,False,False,1,1,c8dcf21ff39d
2026-05-29,US.MU,LONG,True,35,41,605,605,611,611,True,970.730719432,968.24110229,-2.489617142000043,-0.0025646835854301418,failed_followthrough,False,False,1,1,c8dcf21ff39d
2026-05-29,US.MU,SHORT,False,-1,-1,-1,-1,-1,-1,True,,,0.0,0.0,no_entry,False,False,1,1,c8dcf21ff39d
2026-05-29,US.NVDA,LONG,True,44,48,614,614,618,618,True,215.856600194,215.600984475,-0.2556157190000192,-0.0011841922775133395,soft_failure_loss,False,False,1,1,c8dcf21ff39d
2026-05-29,US.NVDA,SHORT,False,-1,-1,-1,-1,-1,-1,True,,,0.0,0.0,no_entry,False,False,1,1,c8dcf21ff39d
2026-05-29,US.QQQ,LONG,True,36,39,606,606,609,609,True,740.091196616,739.546795239,-0.5444013770000993,-0.0007355868837372006,soft_failure_loss,False,False,1,1,c8dcf21ff39d
2026-05-29,US.QQQ,SHORT,True,82,83,652,652,653,653,True,736.560079428,737.0395522,-0.47947277200000826,-0.0006509622030729098,soft_failure_loss,False,False,1,1,c8dcf21ff39d
2026-05-29,US.SPY,LONG,True,20,21,590,590,591,591,True,755.683654591,755.539027094,-0.14462749700010136,-0.00019138629785287384,soft_failure_loss,False,False,1,1,c8dcf21ff39d
2026-05-29,US.SPY,SHORT,False,-1,-1,-1,-1,-1,-1,True,,,0.0,0.0,no_entry,False,False,1,1,c8dcf21ff39d
2026-05-29,US.TSLA,LONG,False,-1,-1,-1,-1,-1,-1,True,,,0.0,0.0,no_entry,False,False,1,1,c8dcf21ff39d
2026-05-29,US.TSLA,SHORT,True,31,32,601,601,602,602,True,436.665,437.0499,-0.38489999999995916,-0.0008814537460065706,soft_failure_loss,False,False,1,1,c8dcf21ff39d
2026-06-01,US.AAPL,LONG,False,-1,-1,-1,-1,-1,-1,True,,,0.0,0.0,no_entry,False,False,1,1,c8dcf21ff39d
2026-06-01,US.AAPL,SHORT,False,-1,-1,-1,-1,-1,-1,True,,,0.0,0.0,no_entry,False,False,1,1,c8dcf21ff39d
2026-06-01,US.AMD,LONG,False,-1,-1,-1,-1,-1,-1,True,,,0.0,0.0,no_entry,False,False,1,1,c8dcf21ff39d
2026-06-01,US.AMD,SHORT,True,32,37,602,602,607,607,True,490.481,490.725,-0.2440000000000282,-0.0004974708500431784,failed_followthrough,False,False,1,1,c8dcf21ff39d
2026-06-01,US.IWM,LONG,False,-1,-1,-1,-1,-1,-1,True,,,0.0,0.0,no_entry,False,False,1,1,c8dcf21ff39d
2026-06-01,US.IWM,SHORT,True,35,37,605,605,607,607,True,286.488584932,286.54844256,-0.05985762800003158,-0.0002089354729935896,soft_failure_loss,False,False,1,1,c8dcf21ff39d
2026-06-01,US.META,LONG,False,-1,-1,-1,-1,-1,-1,True,,,0.0,0.0,no_entry,False,False,1,1,c8dcf21ff39d
2026-06-01,US.META,SHORT,True,85,86,655,655,656,656,True,614.6381428,615.329701851,-0.6915590510000129,-0.0011251482829386372,soft_failure_loss,False,False,1,1,c8dcf21ff39d
2026-06-01,US.MSFT,LONG,False,-1,-1,-1,-1,-1,-1,True,,,0.0,0.0,no_entry,False,False,1,1,c8dcf21ff39d
2026-06-01,US.MSFT,SHORT,False,-1,-1,-1,-1,-1,-1,True,,,0.0,0.0,no_entry,False,False,1,1,c8dcf21ff39d
2026-06-01,US.MU,LONG,False,-1,-1,-1,-1,-1,-1,True,,,0.0,0.0,no_entry,False,False,1,1,c8dcf21ff39d
2026-06-01,US.MU,SHORT,False,-1,-1,-1,-1,-1,-1,True,,,0.0,0.0,no_entry,False,False,1,1,c8dcf21ff39d
2026-06-01,US.NVDA,LONG,False,-1,-1,-1,-1,-1,-1,True,,,0.0,0.0,no_entry,False,False,1,1,c8dcf21ff39d
2026-06-01,US.NVDA,SHORT,False,-1,-1,-1,-1,-1,-1,True,,,0.0,0.0,no_entry,False,False,1,1,c8dcf21ff39d
2026-06-01,US.QQQ,LONG,False,-1,-1,-1,-1,-1,-1,True,,,0.0,0.0,no_entry,False,False,1,1,c8dcf21ff39d
2026-06-01,US.QQQ,SHORT,False,-1,-1,-1,-1,-1,-1,True,,,0.0,0.0,no_entry,False,False,1,1,c8dcf21ff39d
2026-06-01,US.SPY,LONG,True,140,146,710,710,716,716,True,754.945555645,754.850799699,-0.09475594599996384,-0.00012551361524210518,failed_followthrough,False,False,1,1,c8dcf21ff39d
2026-06-01,US.SPY,SHORT,False,-1,-1,-1,-1,-1,-1,True,,,0.0,0.0,no_entry,False,False,1,1,c8dcf21ff39d
2026-06-01,US.TSLA,LONG,False,-1,-1,-1,-1,-1,-1,True,,,0.0,0.0,no_entry,False,False,1,1,c8dcf21ff39d
2026-06-01,US.TSLA,SHORT,True,74,75,644,644,645,645,True,421.76,422.0,-0.2400000000000091,-0.0005690440060698243,soft_failure_loss,False,False,1,1,c8dcf21ff39d
2026-06-02,US.AAPL,LONG,False,-1,-1,-1,-1,-1,-1,True,,,0.0,0.0,no_entry,False,False,1,1,c8dcf21ff39d
2026-06-02,US.AAPL,SHORT,False,-1,-1,-1,-1,-1,-1,True,,,0.0,0.0,no_entry,False,False,1,1,c8dcf21ff39d
2026-06-02,US.AMD,LONG,True,37,38,607,607,608,608,True,515.29,513.57,-1.7199999999999136,-0.003337926216305214,soft_failure_loss,False,False,1,1,c8dcf21ff39d
2026-06-02,US.AMD,SHORT,False,-1,-1,-1,-1,-1,-1,True,,,0.0,0.0,no_entry,False,False,1,1,c8dcf21ff39d
2026-06-02,US.IWM,LONG,False,-1,-1,-1,-1,-1,-1,True,,,0.0,0.0,no_entry,False,False,1,1,c8dcf21ff39d
2026-06-02,US.IWM,SHORT,False,-1,-1,-1,-1,-1,-1,True,,,0.0,0.0,no_entry,False,False,1,1,c8dcf21ff39d
2026-06-02,US.META,LONG,False,-1,-1,-1,-1,-1,-1,True,,,0.0,0.0,no_entry,False,False,1,1,c8dcf21ff39d
2026-06-02,US.META,SHORT,False,-1,-1,-1,-1,-1,-1,True,,,0.0,0.0,no_entry,False,False,1,1,c8dcf21ff39d
2026-06-02,US.MSFT,LONG,False,-1,-1,-1,-1,-1,-1,True,,,0.0,0.0,no_entry,False,False,1,1,c8dcf21ff39d
2026-06-02,US.MSFT,SHORT,False,-1,-1,-1,-1,-1,-1,True,,,0.0,0.0,no_entry,False,False,1,1,c8dcf21ff39d
2026-06-02,US.MU,LONG,True,51,52,621,621,622,622,True,1051.98822352,1048.023933155,-3.9642903650001244,-0.0037683790334985218,soft_failure_loss,False,False,1,1,c8dcf21ff39d
2026-06-02,US.MU,SHORT,False,-1,-1,-1,-1,-1,-1,True,,,0.0,0.0,no_entry,False,False,1,1,c8dcf21ff39d
2026-06-02,US.NVDA,LONG,True,38,49,608,608,619,619,True,228.823859945,228.787044098,-0.036815847000013946,-0.00016089164394335006,failed_followthrough,False,False,1,1,c8dcf21ff39d
2026-06-02,US.NVDA,SHORT,False,-1,-1,-1,-1,-1,-1,True,,,0.0,0.0,no_entry,False,False,1,1,c8dcf21ff39d
2026-06-02,US.QQQ,LONG,True,53,54,623,623,624,624,True,742.623412194,742.318747204,-0.30466498999999203,-0.00041025502966556427,soft_failure_loss,False,False,1,1,c8dcf21ff39d
2026-06-02,US.QQQ,SHORT,False,-1,-1,-1,-1,-1,-1,True,,,0.0,0.0,no_entry,False,False,1,1,c8dcf21ff39d
2026-06-02,US.SPY,LONG,True,35,57,605,605,627,627,True,755.833269242,755.803346312,-0.029922929999997905,-3.958932639999641e-05,failed_followthrough,False,False,1,1,c8dcf21ff39d
2026-06-02,US.SPY,SHORT,False,-1,-1,-1,-1,-1,-1,True,,,0.0,0.0,no_entry,False,False,1,1,c8dcf21ff39d
2026-06-02,US.TSLA,LONG,True,108,183,678,678,753,753,True,420.56,420.5699,0.009900000000016007,2.3540041849001347e-05,failed_followthrough,False,False,1,1,c8dcf21ff39d
2026-06-02,US.TSLA,SHORT,False,-1,-1,-1,-1,-1,-1,True,,,0.0,0.0,no_entry,False,False,1,1,c8dcf21ff39d
2026-06-03,US.AAPL,LONG,False,-1,-1,-1,-1,-1,-1,True,,,0.0,0.0,no_entry,False,False,1,1,c8dcf21ff39d
2026-06-03,US.AAPL,SHORT,False,-1,-1,-1,-1,-1,-1,True,,,0.0,0.0,no_entry,False,False,1,1,c8dcf21ff39d
2026-06-03,US.AMD,LONG,False,-1,-1,-1,-1,-1,-1,True,,,0.0,0.0,no_entry,False,False,1,1,c8dcf21ff39d
2026-06-03,US.AMD,SHORT,False,-1,-1,-1,-1,-1,-1,True,,,0.0,0.0,no_entry,False,False,1,1,c8dcf21ff39d
2026-06-03,US.IWM,LONG,False,-1,-1,-1,-1,-1,-1,True,,,0.0,0.0,no_entry,False,False,1,1,c8dcf21ff39d
2026-06-03,US.IWM,SHORT,True,32,33,602,602,603,603,True,287.226829013,287.366496812,-0.13966779899999437,-0.0004862630676943934,soft_failure_loss,False,False,1,1,c8dcf21ff39d
2026-06-03,US.META,LONG,True,67,169,637,637,739,739,True,613.806113939,611.453294572,-2.352819367000052,-0.003833163785061083,trailing,False,False,1,1,c8dcf21ff39d
2026-06-03,US.META,SHORT,False,-1,-1,-1,-1,-1,-1,True,,,0.0,0.0,no_entry,False,False,1,1,c8dcf21ff39d
2026-06-03,US.MSFT,LONG,False,-1,-1,-1,-1,-1,-1,True,,,0.0,0.0,no_entry,False,False,1,1,c8dcf21ff39d
2026-06-03,US.MSFT,SHORT,False,-1,-1,-1,-1,-1,-1,True,,,0.0,0.0,no_entry,False,False,1,1,c8dcf21ff39d
2026-06-03,US.MU,LONG,False,-1,-1,-1,-1,-1,-1,True,,,0.0,0.0,no_entry,False,False,1,1,c8dcf21ff39d
2026-06-03,US.MU,SHORT,False,-1,-1,-1,-1,-1,-1,True,,,0.0,0.0,no_entry,False,False,1,1,c8dcf21ff39d
2026-06-03,US.NVDA,LONG,False,-1,-1,-1,-1,-1,-1,True,,,0.0,0.0,no_entry,False,False,1,1,c8dcf21ff39d
2026-06-03,US.NVDA,SHORT,True,93,94,663,663,664,664,True,215.801725625,215.966349333,-0.1646237080000219,-0.0007628470417613321,soft_failure_loss,False,False,1,1,c8dcf21ff39d
2026-06-03,US.QQQ,LONG,False,-1,-1,-1,-1,-1,-1,True,,,0.0,0.0,no_entry,False,False,1,1,c8dcf21ff39d
2026-06-03,US.QQQ,SHORT,True,23,33,593,593,603,603,True,743.202775128,743.562379707,-0.3596045790000062,-0.00048385796048470406,failed_followthrough,False,False,1,1,c8dcf21ff39d
2026-06-03,US.SPY,LONG,False,-1,-1,-1,-1,-1,-1,True,,,0.0,0.0,no_entry,False,False,1,1,c8dcf21ff39d
2026-06-03,US.SPY,SHORT,True,23,24,593,593,594,594,True,754.097739288,754.297225489,-0.19948620100001335,-0.0002645362671268093,soft_failure_loss,False,False,1,1,c8dcf21ff39d
2026-06-03,US.TSLA,LONG,True,30,137,600,600,707,707,True,423.06,424.9,1.839999999999975,0.004349264879686038,trailing,False,False,1,1,c8dcf21ff39d
2026-06-03,US.TSLA,SHORT,False,-1,-1,-1,-1,-1,-1,True,,,0.0,0.0,no_entry,False,False,1,1,c8dcf21ff39d
2026-06-04,US.AAPL,LONG,False,-1,-1,-1,-1,-1,-1,True,,,0.0,0.0,no_entry,False,False,1,1,c8dcf21ff39d
2026-06-04,US.AAPL,SHORT,False,-1,-1,-1,-1,-1,-1,True,,,0.0,0.0,no_entry,False,False,1,1,c8dcf21ff39d
2026-06-04,US.AMD,LONG,False,-1,-1,-1,-1,-1,-1,True,,,0.0,0.0,no_entry,False,False,1,1,c8dcf21ff39d
2026-06-04,US.AMD,SHORT,True,42,43,612,612,613,613,True,504.65,505.5,-0.8500000000000227,-0.001684335678192852,soft_failure_loss,False,False,1,1,c8dcf21ff39d
2026-06-04,US.IWM,LONG,True,27,375,597,597,-1,945,True,287.875286652,291.736103672,3.860817020000013,0.013411422233917523,scheduled_flatten,True,False,1,1,c8dcf21ff39d
2026-06-04,US.IWM,SHORT,False,-1,-1,-1,-1,-1,-1,True,,,0.0,0.0,no_entry,False,False,1,1,c8dcf21ff39d
2026-06-04,US.META,LONG,True,137,138,707,707,708,708,True,637.384261306,637.024594652,-0.359666653999966,-0.0005642854331906615,soft_failure_loss,False,False,1,1,c8dcf21ff39d
2026-06-04,US.META,SHORT,False,-1,-1,-1,-1,-1,-1,True,,,0.0,0.0,no_entry,False,False,1,1,c8dcf21ff39d
2026-06-04,US.MSFT,LONG,False,-1,-1,-1,-1,-1,-1,True,,,0.0,0.0,no_entry,False,False,1,1,c8dcf21ff39d
2026-06-04,US.MSFT,SHORT,False,-1,-1,-1,-1,-1,-1,True,,,0.0,0.0,no_entry,False,False,1,1,c8dcf21ff39d
2026-06-04,US.MU,LONG,False,-1,-1,-1,-1,-1,-1,True,,,0.0,0.0,no_entry,False,False,1,1,c8dcf21ff39d
2026-06-04,US.MU,SHORT,False,-1,-1,-1,-1,-1,-1,True,,,0.0,0.0,no_entry,False,False,1,1,c8dcf21ff39d
2026-06-04,US.NVDA,LONG,False,-1,-1,-1,-1,-1,-1,True,,,0.0,0.0,no_entry,False,False,1,1,c8dcf21ff39d
2026-06-04,US.NVDA,SHORT,True,41,44,611,611,614,614,True,212.152807438,212.472249991,-0.319442553000016,-0.0015057191882477002,soft_failure_loss,False,False,1,1,c8dcf21ff39d
2026-06-04,US.QQQ,LONG,False,-1,-1,-1,-1,-1,-1,True,,,0.0,0.0,no_entry,False,False,1,1,c8dcf21ff39d
2026-06-04,US.QQQ,SHORT,False,-1,-1,-1,-1,-1,-1,True,,,0.0,0.0,no_entry,False,False,1,1,c8dcf21ff39d
2026-06-04,US.SPY,LONG,True,46,49,616,616,619,619,True,751.544315907,751.399688411,-0.14462749599999825,-0.00019244040961903197,soft_failure_loss,False,False,1,1,c8dcf21ff39d
2026-06-04,US.SPY,SHORT,False,-1,-1,-1,-1,-1,-1,True,,,0.0,0.0,no_entry,False,False,1,1,c8dcf21ff39d
2026-06-04,US.TSLA,LONG,False,-1,-1,-1,-1,-1,-1,True,,,0.0,0.0,no_entry,False,False,1,1,c8dcf21ff39d
2026-06-04,US.TSLA,SHORT,False,-1,-1,-1,-1,-1,-1,True,,,0.0,0.0,no_entry,False,False,1,1,c8dcf21ff39d
2026-06-05,US.AAPL,LONG,True,19,22,589,589,592,592,True,314.029163918,313.849319026,-0.17984489200000553,-0.0005727012413629424,soft_failure_loss,False,False,1,1,c8dcf21ff39d
2026-06-05,US.AAPL,SHORT,False,-1,-1,-1,-1,-1,-1,True,,,0.0,0.0,no_entry,False,False,1,1,c8dcf21ff39d
2026-06-05,US.AMD,LONG,False,-1,-1,-1,-1,-1,-1,True,,,0.0,0.0,no_entry,False,False,1,1,c8dcf21ff39d
2026-06-05,US.AMD,SHORT,True,24,25,594,594,595,595,True,492.7401,493.73,-0.9899000000000342,-0.0020089698402870684,soft_failure_loss,False,False,1,1,c8dcf21ff39d
2026-06-05,US.IWM,LONG,False,-1,-1,-1,-1,-1,-1,True,,,0.0,0.0,no_entry,False,False,1,1,c8dcf21ff39d
2026-06-05,US.IWM,SHORT,True,39,40,609,609,610,610,True,285.959842549,286.079557806,-0.11971525700005259,-0.00041864359671249664,soft_failure_loss,False,False,1,1,c8dcf21ff39d
2026-06-05,US.META,LONG,False,-1,-1,-1,-1,-1,-1,True,,,0.0,0.0,no_entry,False,False,1,1,c8dcf21ff39d
2026-06-05,US.META,SHORT,False,-1,-1,-1,-1,-1,-1,True,,,0.0,0.0,no_entry,False,False,1,1,c8dcf21ff39d
2026-06-05,US.MSFT,LONG,False,-1,-1,-1,-1,-1,-1,True,,,0.0,0.0,no_entry,False,False,1,1,c8dcf21ff39d
2026-06-05,US.MSFT,SHORT,False,-1,-1,-1,-1,-1,-1,True,,,0.0,0.0,no_entry,False,False,1,1,c8dcf21ff39d
2026-06-05,US.MU,LONG,False,-1,-1,-1,-1,-1,-1,True,,,0.0,0.0,no_entry,False,False,1,1,c8dcf21ff39d
2026-06-05,US.MU,SHORT,True,23,24,593,593,594,594,True,932.026671405,933.24648382,-1.2198124149999785,-0.0013087741503804294,soft_failure_loss,False,False,1,1,c8dcf21ff39d
2026-06-05,US.NVDA,LONG,False,-1,-1,-1,-1,-1,-1,True,,,0.0,0.0,no_entry,False,False,1,1,c8dcf21ff39d
2026-06-05,US.NVDA,SHORT,True,27,46,597,597,616,616,True,212.452272345,212.487233225,-0.03496087999999986,-0.00016455874825018152,failed_followthrough,False,False,1,1,c8dcf21ff39d
2026-06-05,US.QQQ,LONG,False,-1,-1,-1,-1,-1,-1,True,,,0.0,0.0,no_entry,False,False,1,1,c8dcf21ff39d
2026-06-05,US.QQQ,SHORT,True,40,45,610,610,615,615,True,724.902897651,725.342414359,-0.43951670800004194,-0.0006063111479127299,soft_failure_loss,False,False,1,1,c8dcf21ff39d
2026-06-05,US.SPY,LONG,False,-1,-1,-1,-1,-1,-1,True,,,0.0,0.0,no_entry,False,False,1,1,c8dcf21ff39d
2026-06-05,US.SPY,SHORT,True,25,375,595,595,-1,945,True,748.10317893,735.884649082,12.218529848000003,0.016332680026137532,scheduled_flatten,True,False,1,1,c8dcf21ff39d
2026-06-05,US.TSLA,LONG,False,-1,-1,-1,-1,-1,-1,True,,,0.0,0.0,no_entry,False,False,1,1,c8dcf21ff39d
2026-06-05,US.TSLA,SHORT,False,-1,-1,-1,-1,-1,-1,True,,,0.0,0.0,no_entry,False,False,1,1,c8dcf21ff39d
2026-06-08,US.AAPL,LONG,False,-1,-1,-1,-1,-1,-1,True,,,0.0,0.0,no_entry,False,False,1,1,c8dcf21ff39d
2026-06-08,US.AAPL,SHORT,False,-1,-1,-1,-1,-1,-1,True,,,0.0,0.0,no_entry,False,False,1,1,c8dcf21ff39d
2026-06-08,US.AMD,LONG,True,128,139,698,698,709,709,True,489.86,490.1199,0.25989999999995916,0.0005305597517657273,failed_followthrough,False,False,1,1,c8dcf21ff39d
2026-06-08,US.AMD,SHORT,False,-1,-1,-1,-1,-1,-1,True,,,0.0,0.0,no_entry,False,False,1,1,c8dcf21ff39d
2026-06-08,US.IWM,LONG,True,122,123,692,692,693,693,True,285.101883211,284.942262869,-0.15962034199998243,-0.0005598712298994168,soft_failure_loss,False,False,1,1,c8dcf21ff39d
2026-06-08,US.IWM,SHORT,False,-1,-1,-1,-1,-1,-1,True,,,0.0,0.0,no_entry,False,False,1,1,c8dcf21ff39d
2026-06-08,US.META,LONG,False,-1,-1,-1,-1,-1,-1,True,,,0.0,0.0,no_entry,False,False,1,1,c8dcf21ff39d
2026-06-08,US.META,SHORT,False,-1,-1,-1,-1,-1,-1,True,,,0.0,0.0,no_entry,False,False,1,1,c8dcf21ff39d
2026-06-08,US.MSFT,LONG,False,-1,-1,-1,-1,-1,-1,True,,,0.0,0.0,no_entry,False,False,1,1,c8dcf21ff39d
2026-06-08,US.MSFT,SHORT,True,129,130,699,699,700,700,True,410.411500701,410.631985638,-0.22048493699998062,-0.0005372289436903769,soft_failure_loss,False,False,1,1,c8dcf21ff39d
2026-06-08,US.MU,LONG,False,-1,-1,-1,-1,-1,-1,True,,,0.0,0.0,no_entry,False,False,1,1,c8dcf21ff39d
2026-06-08,US.MU,SHORT,True,38,40,608,608,610,610,True,928.687184956,930.936839001,-2.249654044999943,-0.0024224023777247757,soft_failure_loss,False,False,1,1,c8dcf21ff39d
2026-06-08,US.NVDA,LONG,False,-1,-1,-1,-1,-1,-1,True,,,0.0,0.0,no_entry,False,False,1,1,c8dcf21ff39d
2026-06-08,US.NVDA,SHORT,True,21,23,591,591,593,593,True,207.947313258,208.197033828,-0.2497205699999938,-0.0012008838493150703,soft_failure_loss,False,False,1,1,c8dcf21ff39d
2026-06-08,US.QQQ,LONG,True,121,123,691,691,693,693,True,718.449993257,718.260201951,-0.18979130599996097,-0.0002641677330102916,soft_failure_loss,False,False,1,1,c8dcf21ff39d
2026-06-08,US.QQQ,SHORT,False,-1,-1,-1,-1,-1,-1,True,,,0.0,0.0,no_entry,False,False,1,1,c8dcf21ff39d
2026-06-08,US.SPY,LONG,False,-1,-1,-1,-1,-1,-1,True,,,0.0,0.0,no_entry,False,False,1,1,c8dcf21ff39d
2026-06-08,US.SPY,SHORT,False,-1,-1,-1,-1,-1,-1,True,,,0.0,0.0,no_entry,False,False,1,1,c8dcf21ff39d
2026-06-08,US.TSLA,LONG,True,26,36,596,596,606,606,True,400.45,400.45,0.0,0.0,failed_followthrough,False,False,1,1,c8dcf21ff39d
2026-06-08,US.TSLA,SHORT,False,-1,-1,-1,-1,-1,-1,True,,,0.0,0.0,no_entry,False,False,1,1,c8dcf21ff39d
2026-06-09,US.AAPL,LONG,False,-1,-1,-1,-1,-1,-1,True,,,0.0,0.0,no_entry,False,False,1,1,c8dcf21ff39d
2026-06-09,US.AAPL,SHORT,False,-1,-1,-1,-1,-1,-1,True,,,0.0,0.0,no_entry,False,False,1,1,c8dcf21ff39d
2026-06-09,US.AMD,LONG,False,-1,-1,-1,-1,-1,-1,True,,,0.0,0.0,no_entry,False,False,1,1,c8dcf21ff39d
2026-06-09,US.AMD,SHORT,True,63,68,633,633,638,638,True,487.76,488.41,-0.6500000000000341,-0.0013326226012793877,soft_failure_loss,False,False,1,1,c8dcf21ff39d
2026-06-09,US.IWM,LONG,True,37,40,607,607,610,610,True,289.192154473,288.992629046,-0.19952542700002596,-0.0006899406637210635,soft_failure_loss,False,False,1,1,c8dcf21ff39d
2026-06-09,US.IWM,SHORT,False,-1,-1,-1,-1,-1,-1,True,,,0.0,0.0,no_entry,False,False,1,1,c8dcf21ff39d
2026-06-09,US.META,LONG,True,71,73,641,641,643,643,True,595.538045099,595.263299738,-0.2747453609999866,-0.000461339730116342,soft_failure_loss,False,False,1,1,c8dcf21ff39d
2026-06-09,US.META,SHORT,False,-1,-1,-1,-1,-1,-1,True,,,0.0,0.0,no_entry,False,False,1,1,c8dcf21ff39d
2026-06-09,US.MSFT,LONG,True,25,42,595,595,612,612,True,409.948272727,409.748648519,-0.1996242079999888,-0.00048694974776226484,soft_failure_loss,False,False,1,1,c8dcf21ff39d
2026-06-09,US.MSFT,SHORT,False,-1,-1,-1,-1,-1,-1,True,,,0.0,0.0,no_entry,False,False,1,1,c8dcf21ff39d
2026-06-09,US.MU,LONG,False,-1,-1,-1,-1,-1,-1,True,,,0.0,0.0,no_entry,False,False,1,1,c8dcf21ff39d
2026-06-09,US.MU,SHORT,False,-1,-1,-1,-1,-1,-1,True,,,0.0,0.0,no_entry,False,False,1,1,c8dcf21ff39d
2026-06-09,US.NVDA,LONG,False,-1,-1,-1,-1,-1,-1,True,,,0.0,0.0,no_entry,False,False,1,1,c8dcf21ff39d
2026-06-09,US.NVDA,SHORT,True,71,231,641,641,801,801,True,207.328006244,203.702063564,3.62594267999998,0.01748891886671926,trailing,False,False,1,1,c8dcf21ff39d
2026-06-09,US.QQQ,LONG,True,22,24,592,592,594,594,True,723.554380479,723.074907706,-0.4794727729999977,-0.0006626630781816041,soft_failure_loss,False,False,1,1,c8dcf21ff39d
2026-06-09,US.QQQ,SHORT,False,-1,-1,-1,-1,-1,-1,True,,,0.0,0.0,no_entry,False,False,1,1,c8dcf21ff39d
2026-06-09,US.SPY,LONG,False,-1,-1,-1,-1,-1,-1,True,,,0.0,0.0,no_entry,False,False,1,1,c8dcf21ff39d
2026-06-09,US.SPY,SHORT,False,-1,-1,-1,-1,-1,-1,True,,,0.0,0.0,no_entry,False,False,1,1,c8dcf21ff39d
2026-06-09,US.TSLA,LONG,False,-1,-1,-1,-1,-1,-1,True,,,0.0,0.0,no_entry,False,False,1,1,c8dcf21ff39d
2026-06-09,US.TSLA,SHORT,False,-1,-1,-1,-1,-1,-1,True,,,0.0,0.0,no_entry,False,False,1,1,c8dcf21ff39d
2026-06-10,US.AAPL,LONG,False,-1,-1,-1,-1,-1,-1,True,,,0.0,0.0,no_entry,False,False,1,1,c8dcf21ff39d
2026-06-10,US.AAPL,SHORT,False,-1,-1,-1,-1,-1,-1,True,,,0.0,0.0,no_entry,False,False,1,1,c8dcf21ff39d
2026-06-10,US.AMD,LONG,False,-1,-1,-1,-1,-1,-1,True,,,0.0,0.0,no_entry,False,False,1,1,c8dcf21ff39d
2026-06-10,US.AMD,SHORT,False,-1,-1,-1,-1,-1,-1,True,,,0.0,0.0,no_entry,False,False,1,1,c8dcf21ff39d
2026-06-10,US.IWM,LONG,True,48,51,618,618,621,621,True,287.236805285,287.047256129,-0.18954915599999822,-0.0006599055292093405,soft_failure_loss,False,False,1,1,c8dcf21ff39d
2026-06-10,US.IWM,SHORT,False,-1,-1,-1,-1,-1,-1,True,,,0.0,0.0,no_entry,False,False,1,1,c8dcf21ff39d
2026-06-10,US.META,LONG,False,-1,-1,-1,-1,-1,-1,True,,,0.0,0.0,no_entry,False,False,1,1,c8dcf21ff39d
2026-06-10,US.META,SHORT,False,-1,-1,-1,-1,-1,-1,True,,,0.0,0.0,no_entry,False,False,1,1,c8dcf21ff39d
2026-06-10,US.MSFT,LONG,True,36,38,606,606,608,608,True,402.617073703,402.043154106,-0.5739195970000424,-0.0014254725755207484,soft_failure_loss,False,False,1,1,c8dcf21ff39d
2026-06-10,US.MSFT,SHORT,False,-1,-1,-1,-1,-1,-1,True,,,0.0,0.0,no_entry,False,False,1,1,c8dcf21ff39d
2026-06-10,US.MU,LONG,True,25,26,595,595,596,596,True,924.85777385,921.598275101,-3.259498748999931,-0.00352432432441075,soft_failure_loss,False,False,1,1,c8dcf21ff39d
2026-06-10,US.MU,SHORT,False,-1,-1,-1,-1,-1,-1,True,,,0.0,0.0,no_entry,False,False,1,1,c8dcf21ff39d
2026-06-10,US.NVDA,LONG,False,-1,-1,-1,-1,-1,-1,True,,,0.0,0.0,no_entry,False,False,1,1,c8dcf21ff39d
2026-06-10,US.NVDA,SHORT,False,-1,-1,-1,-1,-1,-1,True,,,0.0,0.0,no_entry,False,False,1,1,c8dcf21ff39d
2026-06-10,US.QQQ,LONG,True,77,78,647,647,648,648,True,707.007575326,706.253404611,-0.7541707150001002,-0.0010667081108039801,soft_failure_loss,False,False,1,1,c8dcf21ff39d
2026-06-10,US.QQQ,SHORT,False,-1,-1,-1,-1,-1,-1,True,,,0.0,0.0,no_entry,False,False,1,1,c8dcf21ff39d
2026-06-10,US.SPY,LONG,True,70,74,640,640,644,644,True,734.637860322,734.488245671,-0.14961465100009264,-0.00020365769187898219,soft_failure_loss,False,False,1,1,c8dcf21ff39d
2026-06-10,US.SPY,SHORT,False,-1,-1,-1,-1,-1,-1,True,,,0.0,0.0,no_entry,False,False,1,1,c8dcf21ff39d
2026-06-10,US.TSLA,LONG,False,-1,-1,-1,-1,-1,-1,True,,,0.0,0.0,no_entry,False,False,1,1,c8dcf21ff39d
2026-06-10,US.TSLA,SHORT,True,53,54,623,623,624,624,True,390.46,390.79,-0.3300000000000409,-0.0008451569943145032,soft_failure_loss,False,False,1,1,c8dcf21ff39d
2026-06-11,US.AAPL,LONG,False,-1,-1,-1,-1,-1,-1,True,,,0.0,0.0,no_entry,False,False,1,1,c8dcf21ff39d
2026-06-11,US.AAPL,SHORT,False,-1,-1,-1,-1,-1,-1,True,,,0.0,0.0,no_entry,False,False,1,1,c8dcf21ff39d
2026-06-11,US.AMD,LONG,True,40,41,610,610,611,611,True,476.4,474.025,-2.375,-0.004985306465155332,soft_failure_loss,False,False,1,1,c8dcf21ff39d
2026-06-11,US.AMD,SHORT,False,-1,-1,-1,-1,-1,-1,True,,,0.0,0.0,no_entry,False,False,1,1,c8dcf21ff39d
2026-06-11,US.IWM,LONG,True,41,43,611,611,613,613,True,285.002120498,284.842500156,-0.15962034199998243,-0.0005600672083459202,soft_failure_loss,False,False,1,1,c8dcf21ff39d
2026-06-11,US.IWM,SHORT,False,-1,-1,-1,-1,-1,-1,True,,,0.0,0.0,no_entry,False,False,1,1,c8dcf21ff39d
2026-06-11,US.META,LONG,False,-1,-1,-1,-1,-1,-1,True,,,0.0,0.0,no_entry,False,False,1,1,c8dcf21ff39d
2026-06-11,US.META,SHORT,True,57,66,627,627,636,636,True,560.46555089,561.804310105,-1.3387592149999819,-0.0023886556682637824,failed_followthrough,False,False,1,1,c8dcf21ff39d
2026-06-11,US.MSFT,LONG,False,-1,-1,-1,-1,-1,-1,True,,,0.0,0.0,no_entry,False,False,1,1,c8dcf21ff39d
2026-06-11,US.MSFT,SHORT,False,-1,-1,-1,-1,-1,-1,True,,,0.0,0.0,no_entry,False,False,1,1,c8dcf21ff39d
2026-06-11,US.MU,LONG,True,25,28,595,595,598,598,True,915.999136145,911.839775779,-4.159360365999987,-0.004540790708061948,soft_failure_loss,False,False,1,1,c8dcf21ff39d
2026-06-11,US.MU,SHORT,False,-1,-1,-1,-1,-1,-1,True,,,0.0,0.0,no_entry,False,False,1,1,c8dcf21ff39d
2026-06-11,US.NVDA,LONG,True,17,19,587,587,589,589,True,202.683203637,202.263673079,-0.41953055799999106,-0.002069883199356562,soft_failure_loss,False,False,1,1,c8dcf21ff39d
2026-06-11,US.NVDA,SHORT,True,101,103,671,671,673,673,True,200.805304949,201.044936808,-0.23963185899998507,-0.001193354224684682,soft_failure_loss,False,False,1,1,c8dcf21ff39d
2026-06-11,US.QQQ,LONG,True,20,84,590,590,654,654,True,700.040236603,698.3620819,-1.6781547030000183,-0.0023972260668092384,trailing,False,False,1,1,c8dcf21ff39d
2026-06-11,US.QQQ,SHORT,False,-1,-1,-1,-1,-1,-1,True,,,0.0,0.0,no_entry,False,False,1,1,c8dcf21ff39d
2026-06-11,US.SPY,LONG,True,19,20,589,589,590,590,True,727.296768103,726.748181048,-0.5485870549999845,-0.0007542822669635368,soft_failure_loss,False,False,1,1,c8dcf21ff39d
2026-06-11,US.SPY,SHORT,False,-1,-1,-1,-1,-1,-1,True,,,0.0,0.0,no_entry,False,False,1,1,c8dcf21ff39d
2026-06-11,US.TSLA,LONG,False,-1,-1,-1,-1,-1,-1,True,,,0.0,0.0,no_entry,False,False,1,1,c8dcf21ff39d
2026-06-11,US.TSLA,SHORT,False,-1,-1,-1,-1,-1,-1,True,,,0.0,0.0,no_entry,False,False,1,1,c8dcf21ff39d
2026-06-12,US.AAPL,LONG,False,-1,-1,-1,-1,-1,-1,True,,,0.0,0.0,no_entry,False,False,1,1,c8dcf21ff39d
2026-06-12,US.AAPL,SHORT,True,88,91,658,658,661,661,True,291.568535204,291.65845765,-0.08992244600000276,-0.00030840929367459787,soft_failure_loss,False,False,1,1,c8dcf21ff39d
2026-06-12,US.AMD,LONG,True,72,73,642,642,643,643,True,512.5962,511.805,-0.7911999999999466,-0.0015435151489612033,soft_failure_loss,False,False,1,1,c8dcf21ff39d
2026-06-12,US.AMD,SHORT,False,-1,-1,-1,-1,-1,-1,True,,,0.0,0.0,no_entry,False,False,1,1,c8dcf21ff39d
2026-06-12,US.IWM,LONG,True,74,77,644,644,647,647,True,292.623991824,292.404513854,-0.21947796999995717,-0.0007500340919823252,soft_failure_loss,False,False,1,1,c8dcf21ff39d
2026-06-12,US.IWM,SHORT,False,-1,-1,-1,-1,-1,-1,True,,,0.0,0.0,no_entry,False,False,1,1,c8dcf21ff39d
2026-06-12,US.META,LONG,False,-1,-1,-1,-1,-1,-1,True,,,0.0,0.0,no_entry,False,False,1,1,c8dcf21ff39d
2026-06-12,US.META,SHORT,True,56,60,626,626,630,630,True,565.031319257,565.216147955,-0.18482869800004664,-0.0003271123063462944,soft_failure_loss,False,False,1,1,c8dcf21ff39d
2026-06-12,US.MSFT,LONG,False,-1,-1,-1,-1,-1,-1,True,,,0.0,0.0,no_entry,False,False,1,1,c8dcf21ff39d
2026-06-12,US.MSFT,SHORT,False,-1,-1,-1,-1,-1,-1,True,,,0.0,0.0,no_entry,False,False,1,1,c8dcf21ff39d
2026-06-12,US.MU,LONG,True,54,55,624,624,625,625,True,993.967146097,992.007447462,-1.9596986349999952,-0.0019715929673280678,soft_failure_loss,False,False,1,1,c8dcf21ff39d
2026-06-12,US.MU,SHORT,False,-1,-1,-1,-1,-1,-1,True,,,0.0,0.0,no_entry,False,False,1,1,c8dcf21ff39d
2026-06-12,US.NVDA,LONG,True,127,129,697,697,699,699,True,206.039448101,205.799716354,-0.23973174700000754,-0.001163523534980989,soft_failure_loss,False,False,1,1,c8dcf21ff39d
2026-06-12,US.NVDA,SHORT,False,-1,-1,-1,-1,-1,-1,True,,,0.0,0.0,no_entry,False,False,1,1,c8dcf21ff39d
2026-06-12,US.QQQ,LONG,True,135,139,705,705,709,709,True,718.649773578,717.580948857,-1.0688247210000554,-0.0014872678741393195,soft_failure_loss,False,False,1,1,c8dcf21ff39d
2026-06-12,US.QQQ,SHORT,False,-1,-1,-1,-1,-1,-1,True,,,0.0,0.0,no_entry,False,False,1,1,c8dcf21ff39d
2026-06-12,US.SPY,LONG,True,135,139,705,705,709,709,True,739.086402617,738.21863764,-0.8677649769999789,-0.001174104913752095,soft_failure_loss,False,False,1,1,c8dcf21ff39d
2026-06-12,US.SPY,SHORT,False,-1,-1,-1,-1,-1,-1,True,,,0.0,0.0,no_entry,False,False,1,1,c8dcf21ff39d
2026-06-12,US.TSLA,LONG,False,-1,-1,-1,-1,-1,-1,True,,,0.0,0.0,no_entry,False,False,1,1,c8dcf21ff39d
2026-06-12,US.TSLA,SHORT,True,60,66,630,630,636,636,True,396.03,396.73,-0.7000000000000455,-0.0017675428629145406,soft_failure_loss,False,False,1,1,c8dcf21ff39d
2026-06-15,US.AAPL,LONG,False,-1,-1,-1,-1,-1,-1,True,,,0.0,0.0,no_entry,False,False,1,1,c8dcf21ff39d
2026-06-15,US.AAPL,SHORT,False,-1,-1,-1,-1,-1,-1,True,,,0.0,0.0,no_entry,False,False,1,1,c8dcf21ff39d
2026-06-15,US.AMD,LONG,False,-1,-1,-1,-1,-1,-1,True,,,0.0,0.0,no_entry,False,False,1,1,c8dcf21ff39d
2026-06-15,US.AMD,SHORT,False,-1,-1,-1,-1,-1,-1,True,,,0.0,0.0,no_entry,False,False,1,1,c8dcf21ff39d
2026-06-15,US.IWM,LONG,False,-1,-1,-1,-1,-1,-1,True,,,0.0,0.0,no_entry,False,False,1,1,c8dcf21ff39d
2026-06-15,US.IWM,SHORT,True,36,375,606,606,-1,945,True,296.34,294.7,1.6399999999999864,0.005534183707903039,scheduled_flatten,True,False,1,1,c8dcf21ff39d
2026-06-15,US.META,LONG,False,-1,-1,-1,-1,-1,-1,True,,,0.0,0.0,no_entry,False,False,1,1,c8dcf21ff39d
2026-06-15,US.META,SHORT,False,-1,-1,-1,-1,-1,-1,True,,,0.0,0.0,no_entry,False,False,1,1,c8dcf21ff39d
2026-06-15,US.MSFT,LONG,True,47,52,617,617,622,622,True,397.302079175,397.222229492,-0.07984968300002038,-0.00020097977630982624,failed_followthrough,False,False,1,1,c8dcf21ff39d
2026-06-15,US.MSFT,SHORT,False,-1,-1,-1,-1,-1,-1,True,,,0.0,0.0,no_entry,False,False,1,1,c8dcf21ff39d
2026-06-15,US.MU,LONG,False,-1,-1,-1,-1,-1,-1,True,,,0.0,0.0,no_entry,False,False,1,1,c8dcf21ff39d
2026-06-15,US.MU,SHORT,False,-1,-1,-1,-1,-1,-1,True,,,0.0,0.0,no_entry,False,False,1,1,c8dcf21ff39d
2026-06-15,US.NVDA,LONG,False,-1,-1,-1,-1,-1,-1,True,,,0.0,0.0,no_entry,False,False,1,1,c8dcf21ff39d
2026-06-15,US.NVDA,SHORT,False,-1,-1,-1,-1,-1,-1,True,,,0.0,0.0,no_entry,False,False,1,1,c8dcf21ff39d
2026-06-15,US.QQQ,LONG,True,16,27,586,586,597,597,True,739.841471213,739.786531625,-0.05493958800002474,-7.425859476348233e-05,failed_followthrough,False,False,1,1,c8dcf21ff39d
2026-06-15,US.QQQ,SHORT,False,-1,-1,-1,-1,-1,-1,True,,,0.0,0.0,no_entry,False,False,1,1,c8dcf21ff39d
2026-06-15,US.SPY,LONG,True,19,25,589,589,595,595,True,751.803647969,751.773725039,-0.029922929999997905,-3.980152275242983e-05,failed_followthrough,False,False,1,1,c8dcf21ff39d
2026-06-15,US.SPY,SHORT,False,-1,-1,-1,-1,-1,-1,True,,,0.0,0.0,no_entry,False,False,1,1,c8dcf21ff39d
2026-06-15,US.TSLA,LONG,False,-1,-1,-1,-1,-1,-1,True,,,0.0,0.0,no_entry,False,False,1,1,c8dcf21ff39d
2026-06-15,US.TSLA,SHORT,False,-1,-1,-1,-1,-1,-1,True,,,0.0,0.0,no_entry,False,False,1,1,c8dcf21ff39d
2026-06-16,US.AAPL,LONG,True,56,58,626,626,628,628,True,297.03881733,296.714097387,-0.32471994299999096,-0.0010931902635447077,soft_failure_loss,False,False,1,1,c8dcf21ff39d
2026-06-16,US.AAPL,SHORT,False,-1,-1,-1,-1,-1,-1,True,,,0.0,0.0,no_entry,False,False,1,1,c8dcf21ff39d
2026-06-16,US.AMD,LONG,False,-1,-1,-1,-1,-1,-1,True,,,0.0,0.0,no_entry,False,False,1,1,c8dcf21ff39d
2026-06-16,US.AMD,SHORT,True,39,375,609,609,-1,945,True,538.73,513.82,24.909999999999968,0.0462383754385313,scheduled_flatten,True,False,1,1,c8dcf21ff39d
2026-06-16,US.IWM,LONG,False,-1,-1,-1,-1,-1,-1,True,,,0.0,0.0,no_entry,False,False,1,1,c8dcf21ff39d
2026-06-16,US.IWM,SHORT,False,-1,-1,-1,-1,-1,-1,True,,,0.0,0.0,no_entry,False,False,1,1,c8dcf21ff39d
2026-06-16,US.META,LONG,True,25,36,595,595,606,606,True,602.075,602.045,-0.030000000000086402,-4.982767927598123e-05,failed_followthrough,False,False,1,1,c8dcf21ff39d
2026-06-16,US.META,SHORT,False,-1,-1,-1,-1,-1,-1,True,,,0.0,0.0,no_entry,False,False,1,1,c8dcf21ff39d
2026-06-16,US.MSFT,LONG,False,-1,-1,-1,-1,-1,-1,True,,,0.0,0.0,no_entry,False,False,1,1,c8dcf21ff39d
2026-06-16,US.MSFT,SHORT,False,-1,-1,-1,-1,-1,-1,True,,,0.0,0.0,no_entry,False,False,1,1,c8dcf21ff39d
2026-06-16,US.MU,LONG,False,-1,-1,-1,-1,-1,-1,True,,,0.0,0.0,no_entry,False,False,1,1,c8dcf21ff39d
2026-06-16,US.MU,SHORT,True,49,375,619,619,-1,945,True,1084.283257136,1036.312634138,47.97062299799995,0.04424178154766349,scheduled_flatten,True,False,1,1,c8dcf21ff39d
2026-06-16,US.NVDA,LONG,False,-1,-1,-1,-1,-1,-1,True,,,0.0,0.0,no_entry,False,False,1,1,c8dcf21ff39d
2026-06-16,US.NVDA,SHORT,True,30,31,600,600,601,601,True,208.481715278,208.696474969,-0.2147596910000118,-0.001030112836099993,soft_failure_loss,False,False,1,1,c8dcf21ff39d
2026-06-16,US.QQQ,LONG,True,18,20,588,588,590,590,True,742.953049725,742.753269404,-0.1997803210000484,-0.0002689003310155278,soft_failure_loss,False,False,1,1,c8dcf21ff39d
2026-06-16,US.QQQ,SHORT,True,51,375,621,621,-1,945,True,739.826487689,731.575560399,8.25092729000005,0.011152516741828905,scheduled_flatten,True,False,1,1,c8dcf21ff39d
2026-06-16,US.SPY,LONG,False,-1,-1,-1,-1,-1,-1,True,,,0.0,0.0,no_entry,False,False,1,1,c8dcf21ff39d
2026-06-16,US.SPY,SHORT,True,30,31,600,600,601,601,True,752.172697442,752.501849675,-0.3291522330000589,-0.0004376019418405437,soft_failure_loss,False,False,1,1,c8dcf21ff39d
2026-06-16,US.TSLA,LONG,False,-1,-1,-1,-1,-1,-1,True,,,0.0,0.0,no_entry,False,False,1,1,c8dcf21ff39d
2026-06-16,US.TSLA,SHORT,False,-1,-1,-1,-1,-1,-1,True,,,0.0,0.0,no_entry,False,False,1,1,c8dcf21ff39d
2026-06-17,US.AAPL,LONG,False,-1,-1,-1,-1,-1,-1,True,,,0.0,0.0,no_entry,False,False,1,1,c8dcf21ff39d
2026-06-17,US.AAPL,SHORT,True,148,149,718,718,719,719,True,298.296732435,298.432615242,-0.13588280699997313,-0.0004555289824691006,soft_failure_loss,False,False,1,1,c8dcf21ff39d
2026-06-17,US.AMD,LONG,False,-1,-1,-1,-1,-1,-1,True,,,0.0,0.0,no_entry,False,False,1,1,c8dcf21ff39d
2026-06-17,US.AMD,SHORT,False,-1,-1,-1,-1,-1,-1,True,,,0.0,0.0,no_entry,False,False,1,1,c8dcf21ff39d
2026-06-17,US.IWM,LONG,False,-1,-1,-1,-1,-1,-1,True,,,0.0,0.0,no_entry,False,False,1,1,c8dcf21ff39d
2026-06-17,US.IWM,SHORT,False,-1,-1,-1,-1,-1,-1,True,,,0.0,0.0,no_entry,False,False,1,1,c8dcf21ff39d
2026-06-17,US.META,LONG,False,-1,-1,-1,-1,-1,-1,True,,,0.0,0.0,no_entry,False,False,1,1,c8dcf21ff39d
2026-06-17,US.META,SHORT,True,25,26,595,595,596,596,True,585.63,586.37,-0.7400000000000091,-0.0012635964687601543,soft_failure_loss,False,False,1,1,c8dcf21ff39d
2026-06-17,US.MSFT,LONG,False,-1,-1,-1,-1,-1,-1,True,,,0.0,0.0,no_entry,False,False,1,1,c8dcf21ff39d
2026-06-17,US.MSFT,SHORT,True,97,98,667,667,668,668,True,385.224814616,385.534232137,-0.3094175210000003,-0.0008032128493810401,soft_failure_loss,False,False,1,1,c8dcf21ff39d
2026-06-17,US.MU,LONG,False,-1,-1,-1,-1,-1,-1,True,,,0.0,0.0,no_entry,False,False,1,1,c8dcf21ff39d
2026-06-17,US.MU,SHORT,True,38,39,608,608,609,609,True,1027.292021342,1030.041598508,-2.7495771660001083,-0.0026765292719865635,soft_failure_loss,False,False,1,1,c8dcf21ff39d
2026-06-17,US.NVDA,LONG,True,22,24,592,592,594,594,True,208.786374374,208.581603507,-0.20477086699997926,-0.0009807673877854322,soft_failure_loss,False,False,1,1,c8dcf21ff39d
2026-06-17,US.NVDA,SHORT,True,28,31,598,598,601,601,True,207.148207433,207.347983889,-0.19977645599999505,-0.0009644131536335438,soft_failure_loss,False,False,1,1,c8dcf21ff39d
2026-06-17,US.QQQ,LONG,False,-1,-1,-1,-1,-1,-1,True,,,0.0,0.0,no_entry,False,False,1,1,c8dcf21ff39d
2026-06-17,US.QQQ,SHORT,True,31,38,601,601,608,608,True,730.906296321,731.465681222,-0.5593849009999303,-0.000765330527066987,soft_failure_loss,False,False,1,1,c8dcf21ff39d
2026-06-17,US.SPY,LONG,True,54,59,624,624,629,629,True,749.748940093,749.629248372,-0.11969172099998104,-0.00015964240107513097,failed_followthrough,False,False,1,1,c8dcf21ff39d
2026-06-17,US.SPY,SHORT,True,30,31,600,600,601,601,True,747.943589968,748.302665131,-0.3590751630000568,-0.00048008321458496554,soft_failure_loss,False,False,1,1,c8dcf21ff39d
2026-06-17,US.TSLA,LONG,False,-1,-1,-1,-1,-1,-1,True,,,0.0,0.0,no_entry,False,False,1,1,c8dcf21ff39d
2026-06-17,US.TSLA,SHORT,True,38,42,608,608,612,612,True,398.8639,399.5301,-0.6662000000000035,-0.001670243910266142,soft_failure_loss,False,False,1,1,c8dcf21ff39d
2026-06-18,US.AAPL,LONG,False,-1,-1,-1,-1,-1,-1,True,,,0.0,0.0,no_entry,False,False,1,1,c8dcf21ff39d
2026-06-18,US.AAPL,SHORT,False,-1,-1,-1,-1,-1,-1,True,,,0.0,0.0,no_entry,False,False,1,1,c8dcf21ff39d
2026-06-18,US.AMD,LONG,False,-1,-1,-1,-1,-1,-1,True,,,0.0,0.0,no_entry,False,False,1,1,c8dcf21ff39d
2026-06-18,US.AMD,SHORT,False,-1,-1,-1,-1,-1,-1,True,,,0.0,0.0,no_entry,False,False,1,1,c8dcf21ff39d
2026-06-18,US.IWM,LONG,False,-1,-1,-1,-1,-1,-1,True,,,0.0,0.0,no_entry,False,False,1,1,c8dcf21ff39d
2026-06-18,US.IWM,SHORT,True,39,40,609,609,610,610,True,292.91,292.99,-0.07999999999998408,-0.00027312143661870227,soft_failure_loss,False,False,1,1,c8dcf21ff39d
2026-06-18,US.META,LONG,False,-1,-1,-1,-1,-1,-1,True,,,0.0,0.0,no_entry,False,False,1,1,c8dcf21ff39d
2026-06-18,US.META,SHORT,False,-1,-1,-1,-1,-1,-1,True,,,0.0,0.0,no_entry,False,False,1,1,c8dcf21ff39d
2026-06-18,US.MSFT,LONG,False,-1,-1,-1,-1,-1,-1,True,,,0.0,0.0,no_entry,False,False,1,1,c8dcf21ff39d
2026-06-18,US.MSFT,SHORT,False,-1,-1,-1,-1,-1,-1,True,,,0.0,0.0,no_entry,False,False,1,1,c8dcf21ff39d
2026-06-18,US.MU,LONG,True,51,59,621,621,629,629,True,1116.423314585,1114.785466456,-1.6378481290000764,-0.001467049377779164,failed_followthrough,False,False,1,1,c8dcf21ff39d
2026-06-18,US.MU,SHORT,False,-1,-1,-1,-1,-1,-1,True,,,0.0,0.0,no_entry,False,False,1,1,c8dcf21ff39d
2026-06-18,US.NVDA,LONG,True,23,25,593,593,595,595,True,207.997257372,207.557749168,-0.43950820400002044,-0.002113048073580925,soft_failure_loss,False,False,1,1,c8dcf21ff39d
2026-06-18,US.NVDA,SHORT,False,-1,-1,-1,-1,-1,-1,True,,,0.0,0.0,no_entry,False,False,1,1,c8dcf21ff39d
2026-06-18,US.QQQ,LONG,True,108,110,678,678,680,680,True,736.949651055,736.769848766,-0.1798022890000084,-0.00024398178185254258,soft_failure_loss,False,False,1,1,c8dcf21ff39d
2026-06-18,US.QQQ,SHORT,False,-1,-1,-1,-1,-1,-1,True,,,0.0,0.0,no_entry,False,False,1,1,c8dcf21ff39d
2026-06-18,US.SPY,LONG,False,-1,-1,-1,-1,-1,-1,True,,,0.0,0.0,no_entry,False,False,1,1,c8dcf21ff39d
2026-06-18,US.SPY,SHORT,False,-1,-1,-1,-1,-1,-1,True,,,0.0,0.0,no_entry,False,False,1,1,c8dcf21ff39d
2026-06-18,US.TSLA,LONG,False,-1,-1,-1,-1,-1,-1,True,,,0.0,0.0,no_entry,False,False,1,1,c8dcf21ff39d
2026-06-18,US.TSLA,SHORT,False,-1,-1,-1,-1,-1,-1,True,,,0.0,0.0,no_entry,False,False,1,1,c8dcf21ff39d
2026-06-22,US.AAPL,LONG,False,-1,-1,-1,-1,-1,-1,True,,,0.0,0.0,no_entry,False,False,1,1,c8dcf21ff39d
2026-06-22,US.AAPL,SHORT,False,-1,-1,-1,-1,-1,-1,True,,,0.0,0.0,no_entry,False,False,1,1,c8dcf21ff39d
2026-06-22,US.AMD,LONG,True,32,37,602,602,607,607,True,554.045,553.8255,-0.21949999999992542,-0.0003961772058224972,failed_followthrough,False,False,1,1,c8dcf21ff39d
2026-06-22,US.AMD,SHORT,False,-1,-1,-1,-1,-1,-1,True,,,0.0,0.0,no_entry,False,False,1,1,c8dcf21ff39d
2026-06-22,US.IWM,LONG,True,18,22,588,588,592,592,True,298.9199,298.78,-0.13990000000001146,-0.00046801835541899844,soft_failure_loss,False,False,1,1,c8dcf21ff39d
2026-06-22,US.IWM,SHORT,False,-1,-1,-1,-1,-1,-1,True,,,0.0,0.0,no_entry,False,False,1,1,c8dcf21ff39d
2026-06-22,US.META,LONG,True,22,28,592,592,598,598,True,574.0,573.525,-0.47500000000002274,-0.0008275261324042208,soft_failure_loss,False,False,1,1,c8dcf21ff39d
2026-06-22,US.META,SHORT,False,-1,-1,-1,-1,-1,-1,True,,,0.0,0.0,no_entry,False,False,1,1,c8dcf21ff39d
2026-06-22,US.MSFT,LONG,False,-1,-1,-1,-1,-1,-1,True,,,0.0,0.0,no_entry,False,False,1,1,c8dcf21ff39d
2026-06-22,US.MSFT,SHORT,False,-1,-1,-1,-1,-1,-1,True,,,0.0,0.0,no_entry,False,False,1,1,c8dcf21ff39d
2026-06-22,US.MU,LONG,False,-1,-1,-1,-1,-1,-1,True,,,0.0,0.0,no_entry,False,False,1,1,c8dcf21ff39d
2026-06-22,US.MU,SHORT,False,-1,-1,-1,-1,-1,-1,True,,,0.0,0.0,no_entry,False,False,1,1,c8dcf21ff39d
2026-06-22,US.NVDA,LONG,False,-1,-1,-1,-1,-1,-1,True,,,0.0,0.0,no_entry,False,False,1,1,c8dcf21ff39d
2026-06-22,US.NVDA,SHORT,True,128,129,698,698,699,699,True,210.24444284,210.377094407,-0.13265156699998215,-0.0006309397062205943,soft_failure_loss,False,False,1,1,c8dcf21ff39d
2026-06-22,US.QQQ,LONG,True,29,31,599,599,601,601,True,744.53,744.17,-0.36000000000001364,-0.00048352652008651586,soft_failure_loss,False,False,1,1,c8dcf21ff39d
2026-06-22,US.QQQ,SHORT,True,133,136,703,703,706,706,True,738.19,738.48,-0.2899999999999636,-0.0003928527885774172,soft_failure_loss,False,False,1,1,c8dcf21ff39d
2026-06-22,US.SPY,LONG,True,30,31,600,600,601,601,True,749.91,749.69,-0.2199999999999136,-0.00029336853755772507,soft_failure_loss,False,False,1,1,c8dcf21ff39d
2026-06-22,US.SPY,SHORT,True,132,133,702,702,703,703,True,745.78,746.02,-0.2400000000000091,-0.00032181072166055554,soft_failure_loss,False,False,1,1,c8dcf21ff39d
2026-06-22,US.TSLA,LONG,True,63,73,633,633,643,643,True,408.86,408.31,-0.5500000000000114,-0.0013452037372205922,soft_failure_loss,False,False,1,1,c8dcf21ff39d
2026-06-22,US.TSLA,SHORT,False,-1,-1,-1,-1,-1,-1,True,,,0.0,0.0,no_entry,False,False,1,1,c8dcf21ff39d
2026-06-23,US.AAPL,LONG,False,-1,-1,-1,-1,-1,-1,True,,,0.0,0.0,no_entry,False,False,1,1,c8dcf21ff39d
2026-06-23,US.AAPL,SHORT,False,-1,-1,-1,-1,-1,-1,True,,,0.0,0.0,no_entry,False,False,1,1,c8dcf21ff39d
2026-06-23,US.AMD,LONG,True,37,38,607,607,608,608,True,521.25,520.4,-0.8500000000000227,-0.0016306954436451275,soft_failure_loss,False,False,1,1,c8dcf21ff39d
2026-06-23,US.AMD,SHORT,False,-1,-1,-1,-1,-1,-1,True,,,0.0,0.0,no_entry,False,False,1,1,c8dcf21ff39d
2026-06-23,US.IWM,LONG,True,75,76,645,645,646,646,True,296.0,295.83,-0.17000000000001592,-0.0005743243243243781,soft_failure_loss,False,False,1,1,c8dcf21ff39d
2026-06-23,US.IWM,SHORT,False,-1,-1,-1,-1,-1,-1,True,,,0.0,0.0,no_entry,False,False,1,1,c8dcf21ff39d
2026-06-23,US.META,LONG,True,45,48,615,615,618,618,True,569.99,569.095,-0.8949999999999818,-0.0015702029860172667,soft_failure_loss,False,False,1,1,c8dcf21ff39d
2026-06-23,US.META,SHORT,False,-1,-1,-1,-1,-1,-1,True,,,0.0,0.0,no_entry,False,False,1,1,c8dcf21ff39d
2026-06-23,US.MSFT,LONG,False,-1,-1,-1,-1,-1,-1,True,,,0.0,0.0,no_entry,False,False,1,1,c8dcf21ff39d
2026-06-23,US.MSFT,SHORT,False,-1,-1,-1,-1,-1,-1,True,,,0.0,0.0,no_entry,False,False,1,1,c8dcf21ff39d
2026-06-23,US.MU,LONG,True,63,70,633,633,640,640,True,1094.851631914,1092.202039373,-2.6495925410001746,-0.002420047122154994,soft_failure_loss,False,False,1,1,c8dcf21ff39d
2026-06-23,US.MU,SHORT,False,-1,-1,-1,-1,-1,-1,True,,,0.0,0.0,no_entry,False,False,1,1,c8dcf21ff39d
2026-06-23,US.NVDA,LONG,True,39,53,609,609,623,623,True,202.648242757,202.37355013,-0.274692626999979,-0.0013555144780079294,soft_failure_loss,False,False,1,1,c8dcf21ff39d
2026-06-23,US.NVDA,SHORT,False,-1,-1,-1,-1,-1,-1,True,,,0.0,0.0,no_entry,False,False,1,1,c8dcf21ff39d
2026-06-23,US.QQQ,LONG,True,20,129,590,590,699,699,True,718.12,715.56,-2.560000000000059,-0.0035648638110623004,trailing,False,False,1,1,c8dcf21ff39d
2026-06-23,US.QQQ,SHORT,False,-1,-1,-1,-1,-1,-1,True,,,0.0,0.0,no_entry,False,False,1,1,c8dcf21ff39d
2026-06-23,US.SPY,LONG,True,76,77,646,646,647,647,True,737.09,736.99,-0.10000000000002274,-0.00013566864290659586,soft_failure_loss,False,False,1,1,c8dcf21ff39d
2026-06-23,US.SPY,SHORT,False,-1,-1,-1,-1,-1,-1,True,,,0.0,0.0,no_entry,False,False,1,1,c8dcf21ff39d
2026-06-23,US.TSLA,LONG,False,-1,-1,-1,-1,-1,-1,True,,,0.0,0.0,no_entry,False,False,1,1,c8dcf21ff39d
2026-06-23,US.TSLA,SHORT,True,27,28,597,597,598,598,True,387.61,389.3,-1.6899999999999977,-0.004360052630221093,soft_failure_loss,False,False,1,1,c8dcf21ff39d
2026-06-24,US.AAPL,LONG,False,-1,-1,-1,-1,-1,-1,True,,,0.0,0.0,no_entry,False,False,1,1,c8dcf21ff39d
2026-06-24,US.AAPL,SHORT,False,-1,-1,-1,-1,-1,-1,True,,,0.0,0.0,no_entry,False,False,1,1,c8dcf21ff39d
2026-06-24,US.AMD,LONG,False,-1,-1,-1,-1,-1,-1,True,,,0.0,0.0,no_entry,False,False,1,1,c8dcf21ff39d
2026-06-24,US.AMD,SHORT,False,-1,-1,-1,-1,-1,-1,True,,,0.0,0.0,no_entry,False,False,1,1,c8dcf21ff39d
2026-06-24,US.IWM,LONG,True,38,39,608,608,609,609,True,296.97,296.86,-0.11000000000001364,-0.0003704077852982242,soft_failure_loss,False,False,1,1,c8dcf21ff39d
2026-06-24,US.IWM,SHORT,False,-1,-1,-1,-1,-1,-1,True,,,0.0,0.0,no_entry,False,False,1,1,c8dcf21ff39d
2026-06-24,US.META,LONG,False,-1,-1,-1,-1,-1,-1,True,,,0.0,0.0,no_entry,False,False,1,1,c8dcf21ff39d
2026-06-24,US.META,SHORT,False,-1,-1,-1,-1,-1,-1,True,,,0.0,0.0,no_entry,False,False,1,1,c8dcf21ff39d
2026-06-24,US.MSFT,LONG,False,-1,-1,-1,-1,-1,-1,True,,,0.0,0.0,no_entry,False,False,1,1,c8dcf21ff39d
2026-06-24,US.MSFT,SHORT,False,-1,-1,-1,-1,-1,-1,True,,,0.0,0.0,no_entry,False,False,1,1,c8dcf21ff39d
2026-06-24,US.MU,LONG,False,-1,-1,-1,-1,-1,-1,True,,,0.0,0.0,no_entry,False,False,1,1,c8dcf21ff39d
2026-06-24,US.MU,SHORT,False,-1,-1,-1,-1,-1,-1,True,,,0.0,0.0,no_entry,False,False,1,1,c8dcf21ff39d
2026-06-24,US.NVDA,LONG,False,-1,-1,-1,-1,-1,-1,True,,,0.0,0.0,no_entry,False,False,1,1,c8dcf21ff39d
2026-06-24,US.NVDA,SHORT,True,47,55,617,617,625,625,True,199.167138008,199.377003175,-0.2098651670000038,-0.0010537138259805396,soft_failure_loss,False,False,1,1,c8dcf21ff39d
2026-06-24,US.QQQ,LONG,False,-1,-1,-1,-1,-1,-1,True,,,0.0,0.0,no_entry,False,False,1,1,c8dcf21ff39d
2026-06-24,US.QQQ,SHORT,False,-1,-1,-1,-1,-1,-1,True,,,0.0,0.0,no_entry,False,False,1,1,c8dcf21ff39d
2026-06-24,US.SPY,LONG,True,136,137,706,706,707,707,True,738.17,738.01,-0.15999999999996817,-0.00021675223864417163,soft_failure_loss,False,False,1,1,c8dcf21ff39d
2026-06-24,US.SPY,SHORT,False,-1,-1,-1,-1,-1,-1,True,,,0.0,0.0,no_entry,False,False,1,1,c8dcf21ff39d
2026-06-24,US.TSLA,LONG,False,-1,-1,-1,-1,-1,-1,True,,,0.0,0.0,no_entry,False,False,1,1,c8dcf21ff39d
2026-06-24,US.TSLA,SHORT,False,-1,-1,-1,-1,-1,-1,True,,,0.0,0.0,no_entry,False,False,1,1,c8dcf21ff39d
2026-06-25,US.AAPL,LONG,False,-1,-1,-1,-1,-1,-1,True,,,0.0,0.0,no_entry,False,False,1,1,c8dcf21ff39d
2026-06-25,US.AAPL,SHORT,False,-1,-1,-1,-1,-1,-1,True,,,0.0,0.0,no_entry,False,False,1,1,c8dcf21ff39d
2026-06-25,US.AMD,LONG,False,-1,-1,-1,-1,-1,-1,True,,,0.0,0.0,no_entry,False,False,1,1,c8dcf21ff39d
2026-06-25,US.AMD,SHORT,True,83,85,653,653,655,655,True,522.03,522.8,-0.7699999999999818,-0.0014750110146926074,soft_failure_loss,False,False,1,1,c8dcf21ff39d
2026-06-25,US.IWM,LONG,False,-1,-1,-1,-1,-1,-1,True,,,0.0,0.0,no_entry,False,False,1,1,c8dcf21ff39d
2026-06-25,US.IWM,SHORT,True,33,34,603,603,604,604,True,298.81,298.97,-0.160000000000025,-0.0005354573140123323,soft_failure_loss,False,False,1,1,c8dcf21ff39d
2026-06-25,US.META,LONG,False,-1,-1,-1,-1,-1,-1,True,,,0.0,0.0,no_entry,False,False,1,1,c8dcf21ff39d
2026-06-25,US.META,SHORT,False,-1,-1,-1,-1,-1,-1,True,,,0.0,0.0,no_entry,False,False,1,1,c8dcf21ff39d
2026-06-25,US.MSFT,LONG,False,-1,-1,-1,-1,-1,-1,True,,,0.0,0.0,no_entry,False,False,1,1,c8dcf21ff39d
2026-06-25,US.MSFT,SHORT,True,33,45,603,603,615,615,True,357.646730336,357.626767915,0.01996242100000245,5.581603103500558e-05,failed_followthrough,False,False,1,1,c8dcf21ff39d
2026-06-25,US.MU,LONG,False,-1,-1,-1,-1,-1,-1,True,,,0.0,0.0,no_entry,False,False,1,1,c8dcf21ff39d
2026-06-25,US.MU,SHORT,True,85,86,655,655,656,656,True,1176.04704555,1178.24880696,-2.2017614100000173,-0.0018721712012552383,soft_failure_loss,False,False,1,1,c8dcf21ff39d
2026-06-25,US.NVDA,LONG,False,-1,-1,-1,-1,-1,-1,True,,,0.0,0.0,no_entry,False,False,1,1,c8dcf21ff39d
2026-06-25,US.NVDA,SHORT,True,40,41,610,610,611,611,True,194.757072737,195.12166477,-0.3645920330000081,-0.0018720348785091533,soft_failure_loss,False,False,1,1,c8dcf21ff39d
2026-06-25,US.QQQ,LONG,False,-1,-1,-1,-1,-1,-1,True,,,0.0,0.0,no_entry,False,False,1,1,c8dcf21ff39d
2026-06-25,US.QQQ,SHORT,True,38,39,608,608,609,609,True,712.0,712.39,-0.38999999999998636,-0.0005477528089887449,soft_failure_loss,False,False,1,1,c8dcf21ff39d
2026-06-25,US.SPY,LONG,False,-1,-1,-1,-1,-1,-1,True,,,0.0,0.0,no_entry,False,False,1,1,c8dcf21ff39d
2026-06-25,US.SPY,SHORT,True,33,34,603,603,604,604,True,732.67,733.13,-0.4600000000000364,-0.0006278406376677582,soft_failure_loss,False,False,1,1,c8dcf21ff39d
2026-06-25,US.TSLA,LONG,False,-1,-1,-1,-1,-1,-1,True,,,0.0,0.0,no_entry,False,False,1,1,c8dcf21ff39d
2026-06-25,US.TSLA,SHORT,False,-1,-1,-1,-1,-1,-1,True,,,0.0,0.0,no_entry,False,False,1,1,c8dcf21ff39d
2026-06-26,US.AAPL,LONG,True,112,113,682,682,683,683,True,278.504802088,278.309970122,-0.19483196600003794,-0.0006995641171690687,soft_failure_loss,False,False,1,1,c8dcf21ff39d
2026-06-26,US.AAPL,SHORT,False,-1,-1,-1,-1,-1,-1,True,,,0.0,0.0,no_entry,False,False,1,1,c8dcf21ff39d
2026-06-26,US.AMD,LONG,False,-1,-1,-1,-1,-1,-1,True,,,0.0,0.0,no_entry,False,False,1,1,c8dcf21ff39d
2026-06-26,US.AMD,SHORT,False,-1,-1,-1,-1,-1,-1,True,,,0.0,0.0,no_entry,False,False,1,1,c8dcf21ff39d
2026-06-26,US.IWM,LONG,True,66,67,636,636,637,637,True,298.72,298.51,-0.21000000000003638,-0.0007029994643814822,soft_failure_loss,False,False,1,1,c8dcf21ff39d
2026-06-26,US.IWM,SHORT,False,-1,-1,-1,-1,-1,-1,True,,,0.0,0.0,no_entry,False,False,1,1,c8dcf21ff39d
2026-06-26,US.META,LONG,False,-1,-1,-1,-1,-1,-1,True,,,0.0,0.0,no_entry,False,False,1,1,c8dcf21ff39d
2026-06-26,US.META,SHORT,False,-1,-1,-1,-1,-1,-1,True,,,0.0,0.0,no_entry,False,False,1,1,c8dcf21ff39d
2026-06-26,US.MSFT,LONG,False,-1,-1,-1,-1,-1,-1,True,,,0.0,0.0,no_entry,False,False,1,1,c8dcf21ff39d
2026-06-26,US.MSFT,SHORT,False,-1,-1,-1,-1,-1,-1,True,,,0.0,0.0,no_entry,False,False,1,1,c8dcf21ff39d
2026-06-26,US.MU,LONG,True,63,66,633,633,636,636,True,1174.289415841,1172.884631871,-1.4047839699999258,-0.0011962842814127307,soft_failure_loss,False,False,1,1,c8dcf21ff39d
2026-06-26,US.MU,SHORT,False,-1,-1,-1,-1,-1,-1,True,,,0.0,0.0,no_entry,False,False,1,1,c8dcf21ff39d
2026-06-26,US.NVDA,LONG,True,30,41,600,600,611,611,True,193.363631955,193.353643133,-0.009988821999996844,-5.1658224967151345e-05,failed_followthrough,False,False,1,1,c8dcf21ff39d
2026-06-26,US.NVDA,SHORT,False,-1,-1,-1,-1,-1,-1,True,,,0.0,0.0,no_entry,False,False,1,1,c8dcf21ff39d
2026-06-26,US.QQQ,LONG,True,67,68,637,637,638,638,True,710.88,710.615,-0.26499999999998636,-0.00037277740265584397,soft_failure_loss,False,False,1,1,c8dcf21ff39d
2026-06-26,US.QQQ,SHORT,False,-1,-1,-1,-1,-1,-1,True,,,0.0,0.0,no_entry,False,False,1,1,c8dcf21ff39d
2026-06-26,US.SPY,LONG,True,71,375,641,641,-1,945,True,731.72,733.28,1.5599999999999454,0.0021319630459737953,scheduled_flatten,True,False,1,1,c8dcf21ff39d
2026-06-26,US.SPY,SHORT,False,-1,-1,-1,-1,-1,-1,True,,,0.0,0.0,no_entry,False,False,1,1,c8dcf21ff39d
2026-06-26,US.TSLA,LONG,False,-1,-1,-1,-1,-1,-1,True,,,0.0,0.0,no_entry,False,False,1,1,c8dcf21ff39d
2026-06-26,US.TSLA,SHORT,False,-1,-1,-1,-1,-1,-1,True,,,0.0,0.0,no_entry,False,False,1,1,c8dcf21ff39d
2026-06-29,US.AAPL,LONG,False,-1,-1,-1,-1,-1,-1,True,,,0.0,0.0,no_entry,False,False,1,1,c8dcf21ff39d
2026-06-29,US.AAPL,SHORT,True,82,83,652,652,653,653,True,282.136669765,282.356480188,-0.2198104229999558,-0.0007790920024080613,soft_failure_loss,False,False,1,1,c8dcf21ff39d
2026-06-29,US.AMD,LONG,False,-1,-1,-1,-1,-1,-1,True,,,0.0,0.0,no_entry,False,False,1,1,c8dcf21ff39d
2026-06-29,US.AMD,SHORT,True,64,86,634,634,656,656,True,510.28,511.82,-1.5400000000000205,-0.0030179509289018198,failed_followthrough,False,False,1,1,c8dcf21ff39d
2026-06-29,US.IWM,LONG,False,-1,-1,-1,-1,-1,-1,True,,,0.0,0.0,no_entry,False,False,1,1,c8dcf21ff39d
2026-06-29,US.IWM,SHORT,True,56,57,626,626,627,627,True,296.59,296.85,-0.26000000000004775,-0.0008766310394822744,soft_failure_loss,False,False,1,1,c8dcf21ff39d
2026-06-29,US.META,LONG,True,57,58,627,627,628,628,True,567.99,567.41,-0.5800000000000409,-0.0010211447384637774,soft_failure_loss,False,False,1,1,c8dcf21ff39d
2026-06-29,US.META,SHORT,False,-1,-1,-1,-1,-1,-1,True,,,0.0,0.0,no_entry,False,False,1,1,c8dcf21ff39d
2026-06-29,US.MSFT,LONG,False,-1,-1,-1,-1,-1,-1,True,,,0.0,0.0,no_entry,False,False,1,1,c8dcf21ff39d
2026-06-29,US.MSFT,SHORT,False,-1,-1,-1,-1,-1,-1,True,,,0.0,0.0,no_entry,False,False,1,1,c8dcf21ff39d
2026-06-29,US.MU,LONG,False,-1,-1,-1,-1,-1,-1,True,,,0.0,0.0,no_entry,False,False,1,1,c8dcf21ff39d
2026-06-29,US.MU,SHORT,True,60,61,630,630,631,631,True,1055.04775302,1057.305405835,-2.2576528150000286,-0.0021398584173442916,soft_failure_loss,False,False,1,1,c8dcf21ff39d
2026-06-29,US.NVDA,LONG,False,-1,-1,-1,-1,-1,-1,True,,,0.0,0.0,no_entry,False,False,1,1,c8dcf21ff39d
2026-06-29,US.NVDA,SHORT,False,-1,-1,-1,-1,-1,-1,True,,,0.0,0.0,no_entry,False,False,1,1,c8dcf21ff39d
2026-06-29,US.QQQ,LONG,True,22,25,592,592,595,595,True,718.01,716.83,-1.17999999999995,-0.0016434311499839138,soft_failure_loss,False,False,1,1,c8dcf21ff39d
2026-06-29,US.QQQ,SHORT,True,58,59,628,628,629,629,True,710.2,711.5,-1.2999999999999545,-0.001830470290059074,soft_failure_loss,False,False,1,1,c8dcf21ff39d
2026-06-29,US.SPY,LONG,True,24,25,594,594,595,595,True,739.366,738.89,-0.4759999999999991,-0.0006437948188042175,soft_failure_loss,False,False,1,1,c8dcf21ff39d
2026-06-29,US.SPY,SHORT,True,57,59,627,627,629,629,True,735.26,735.99,-0.7300000000000182,-0.0009928460680575827,soft_failure_loss,False,False,1,1,c8dcf21ff39d
2026-06-29,US.TSLA,LONG,False,-1,-1,-1,-1,-1,-1,True,,,0.0,0.0,no_entry,False,False,1,1,c8dcf21ff39d
2026-06-29,US.TSLA,SHORT,False,-1,-1,-1,-1,-1,-1,True,,,0.0,0.0,no_entry,False,False,1,1,c8dcf21ff39d
2026-06-30,US.AAPL,LONG,True,41,375,611,611,-1,945,True,284.66438972,287.661904498,2.9975147780000384,0.01052999562378855,scheduled_flatten,True,False,1,1,c8dcf21ff39d
2026-06-30,US.AAPL,SHORT,False,-1,-1,-1,-1,-1,-1,True,,,0.0,0.0,no_entry,False,False,1,1,c8dcf21ff39d
2026-06-30,US.AMD,LONG,False,-1,-1,-1,-1,-1,-1,True,,,0.0,0.0,no_entry,False,False,1,1,c8dcf21ff39d
2026-06-30,US.AMD,SHORT,False,-1,-1,-1,-1,-1,-1,True,,,0.0,0.0,no_entry,False,False,1,1,c8dcf21ff39d
2026-06-30,US.IWM,LONG,True,69,77,639,639,647,647,True,299.3,299.255,-0.045000000000015916,-0.00015035081857673208,failed_followthrough,False,False,1,1,c8dcf21ff39d
2026-06-30,US.IWM,SHORT,False,-1,-1,-1,-1,-1,-1,True,,,0.0,0.0,no_entry,False,False,1,1,c8dcf21ff39d
2026-06-30,US.META,LONG,False,-1,-1,-1,-1,-1,-1,True,,,0.0,0.0,no_entry,False,False,1,1,c8dcf21ff39d
2026-06-30,US.META,SHORT,True,31,32,601,601,602,602,True,554.68,555.66,-0.9800000000000182,-0.0017667844522968527,soft_failure_loss,False,False,1,1,c8dcf21ff39d
2026-06-30,US.MSFT,LONG,True,27,29,597,597,599,599,True,371.350932187,371.19921779,-0.15171439700003475,-0.0004085472361858416,soft_failure_loss,False,False,1,1,c8dcf21ff39d
2026-06-30,US.MSFT,SHORT,False,-1,-1,-1,-1,-1,-1,True,,,0.0,0.0,no_entry,False,False,1,1,c8dcf21ff39d
2026-06-30,US.MU,LONG,False,-1,-1,-1,-1,-1,-1,True,,,0.0,0.0,no_entry,False,False,1,1,c8dcf21ff39d
2026-06-30,US.MU,SHORT,False,-1,-1,-1,-1,-1,-1,True,,,0.0,0.0,no_entry,False,False,1,1,c8dcf21ff39d
2026-06-30,US.NVDA,LONG,False,-1,-1,-1,-1,-1,-1,True,,,0.0,0.0,no_entry,False,False,1,1,c8dcf21ff39d
2026-06-30,US.NVDA,SHORT,False,-1,-1,-1,-1,-1,-1,True,,,0.0,0.0,no_entry,False,False,1,1,c8dcf21ff39d
2026-06-30,US.QQQ,LONG,True,40,84,610,610,654,654,True,731.21,731.14,-0.07000000000005002,-9.57317323341448e-05,failed_followthrough,False,False,1,1,c8dcf21ff39d
2026-06-30,US.QQQ,SHORT,False,-1,-1,-1,-1,-1,-1,True,,,0.0,0.0,no_entry,False,False,1,1,c8dcf21ff39d
2026-06-30,US.SPY,LONG,True,22,375,592,592,-1,945,True,742.93,747.139,4.20900000000006,0.005665405892883664,scheduled_flatten,True,False,1,1,c8dcf21ff39d
2026-06-30,US.SPY,SHORT,False,-1,-1,-1,-1,-1,-1,True,,,0.0,0.0,no_entry,False,False,1,1,c8dcf21ff39d
2026-06-30,US.TSLA,LONG,True,33,375,603,603,-1,945,True,412.41,422.845,10.435000000000002,0.025302490240294857,scheduled_flatten,True,False,1,1,c8dcf21ff39d
2026-06-30,US.TSLA,SHORT,False,-1,-1,-1,-1,-1,-1,True,,,0.0,0.0,no_entry,False,False,1,1,c8dcf21ff39d
2026-07-01,US.AAPL,LONG,False,-1,-1,-1,-1,-1,-1,True,,,0.0,0.0,no_entry,False,False,1,1,c8dcf21ff39d
2026-07-01,US.AAPL,SHORT,False,-1,-1,-1,-1,-1,-1,True,,,0.0,0.0,no_entry,False,False,1,1,c8dcf21ff39d
2026-07-01,US.AMD,LONG,False,-1,-1,-1,-1,-1,-1,True,,,0.0,0.0,no_entry,False,False,1,1,c8dcf21ff39d
2026-07-01,US.AMD,SHORT,False,-1,-1,-1,-1,-1,-1,True,,,0.0,0.0,no_entry,False,False,1,1,c8dcf21ff39d
2026-07-01,US.IWM,LONG,True,59,61,629,629,631,631,True,301.45,301.23,-0.21999999999997044,-0.0007298059379663973,soft_failure_loss,False,False,1,1,c8dcf21ff39d
2026-07-01,US.IWM,SHORT,False,-1,-1,-1,-1,-1,-1,True,,,0.0,0.0,no_entry,False,False,1,1,c8dcf21ff39d
2026-07-01,US.META,LONG,True,138,375,708,708,-1,945,True,616.34,616.515,0.17499999999995453,0.00028393419216658745,scheduled_flatten,True,False,1,1,c8dcf21ff39d
2026-07-01,US.META,SHORT,False,-1,-1,-1,-1,-1,-1,True,,,0.0,0.0,no_entry,False,False,1,1,c8dcf21ff39d
2026-07-01,US.MSFT,LONG,False,-1,-1,-1,-1,-1,-1,True,,,0.0,0.0,no_entry,False,False,1,1,c8dcf21ff39d
2026-07-01,US.MSFT,SHORT,False,-1,-1,-1,-1,-1,-1,True,,,0.0,0.0,no_entry,False,False,1,1,c8dcf21ff39d
2026-07-01,US.MU,LONG,True,20,24,590,590,594,594,True,1088.80256215,1083.238417814,-5.564144336000027,-0.005110333617339042,soft_failure_loss,False,False,1,1,c8dcf21ff39d
2026-07-01,US.MU,SHORT,True,107,108,677,677,678,678,True,1058.997145676,1062.536601373,-3.539455696999994,-0.0033422712341123627,soft_failure_loss,False,False,1,1,c8dcf21ff39d
2026-07-01,US.NVDA,LONG,False,-1,-1,-1,-1,-1,-1,True,,,0.0,0.0,no_entry,False,False,1,1,c8dcf21ff39d
2026-07-01,US.NVDA,SHORT,False,-1,-1,-1,-1,-1,-1,True,,,0.0,0.0,no_entry,False,False,1,1,c8dcf21ff39d
2026-07-01,US.QQQ,LONG,True,32,61,602,602,631,631,True,729.8,729.65,-0.14999999999997726,-0.00020553576322276961,failed_followthrough,False,False,1,1,c8dcf21ff39d
2026-07-01,US.QQQ,SHORT,False,-1,-1,-1,-1,-1,-1,True,,,0.0,0.0,no_entry,False,False,1,1,c8dcf21ff39d
2026-07-01,US.SPY,LONG,True,32,375,602,602,-1,945,True,745.25,746.65,1.3999999999999773,0.001878564240187826,scheduled_flatten,True,False,1,1,c8dcf21ff39d
2026-07-01,US.SPY,SHORT,False,-1,-1,-1,-1,-1,-1,True,,,0.0,0.0,no_entry,False,False,1,1,c8dcf21ff39d
2026-07-01,US.TSLA,LONG,True,63,64,633,633,634,634,True,425.95,425.53,-0.4200000000000159,-0.000986031224322141,soft_failure_loss,False,False,1,1,c8dcf21ff39d
2026-07-01,US.TSLA,SHORT,False,-1,-1,-1,-1,-1,-1,True,,,0.0,0.0,no_entry,False,False,1,1,c8dcf21ff39d
2026-07-02,US.AAPL,LONG,False,-1,-1,-1,-1,-1,-1,True,,,0.0,0.0,no_entry,False,False,1,1,c8dcf21ff39d
2026-07-02,US.AAPL,SHORT,False,-1,-1,-1,-1,-1,-1,True,,,0.0,0.0,no_entry,False,False,1,1,c8dcf21ff39d
2026-07-02,US.AMD,LONG,True,39,41,609,609,611,611,True,540.74,539.565,-1.1749999999999545,-0.002172948182120713,soft_failure_loss,False,False,1,1,c8dcf21ff39d
2026-07-02,US.AMD,SHORT,True,126,127,696,696,697,697,True,525.045,525.59,-0.5450000000000728,-0.0010380062661297085,soft_failure_loss,False,False,1,1,c8dcf21ff39d
2026-07-02,US.IWM,LONG,True,20,25,590,590,595,595,True,301.66,301.615,-0.045000000000015916,-0.0001491745673938073,failed_followthrough,False,False,1,1,c8dcf21ff39d
2026-07-02,US.IWM,SHORT,False,-1,-1,-1,-1,-1,-1,True,,,0.0,0.0,no_entry,False,False,1,1,c8dcf21ff39d
2026-07-02,US.META,LONG,False,-1,-1,-1,-1,-1,-1,True,,,0.0,0.0,no_entry,False,False,1,1,c8dcf21ff39d
2026-07-02,US.META,SHORT,True,63,375,633,633,-1,945,True,592.56,583.84,8.719999999999914,0.014715809369515179,scheduled_flatten,True,False,1,1,c8dcf21ff39d
2026-07-02,US.MSFT,LONG,True,73,98,643,643,668,668,True,387.730098421,386.971526432,-0.7585719889999609,-0.0019564433921668324,failed_followthrough,False,False,1,1,c8dcf21ff39d
2026-07-02,US.MSFT,SHORT,False,-1,-1,-1,-1,-1,-1,True,,,0.0,0.0,no_entry,False,False,1,1,c8dcf21ff39d
2026-07-02,US.MU,LONG,False,-1,-1,-1,-1,-1,-1,True,,,0.0,0.0,no_entry,False,False,1,1,c8dcf21ff39d
2026-07-02,US.MU,SHORT,True,124,126,694,694,696,696,True,1004.620507805,1008.584898155,-3.9643903500000306,-0.003946157100318254,soft_failure_loss,False,False,1,1,c8dcf21ff39d
2026-07-02,US.NVDA,LONG,True,30,40,600,600,610,610,True,198.667696868,198.617752754,-0.04994411399999876,-0.00025139524335042213,failed_followthrough,False,False,1,1,c8dcf21ff39d
2026-07-02,US.NVDA,SHORT,False,-1,-1,-1,-1,-1,-1,True,,,0.0,0.0,no_entry,False,False,1,1,c8dcf21ff39d
2026-07-02,US.QQQ,LONG,True,21,39,591,591,609,609,True,728.335,728.29,-0.04500000000007276,-6.178475564139134e-05,failed_followthrough,False,False,1,1,c8dcf21ff39d
2026-07-02,US.QQQ,SHORT,False,-1,-1,-1,-1,-1,-1,True,,,0.0,0.0,no_entry,False,False,1,1,c8dcf21ff39d
2026-07-02,US.SPY,LONG,True,25,27,595,595,597,597,True,750.49,750.21,-0.2799999999999727,-0.000373089581473401,soft_failure_loss,False,False,1,1,c8dcf21ff39d
2026-07-02,US.SPY,SHORT,False,-1,-1,-1,-1,-1,-1,True,,,0.0,0.0,no_entry,False,False,1,1,c8dcf21ff39d
2026-07-02,US.TSLA,LONG,False,-1,-1,-1,-1,-1,-1,True,,,0.0,0.0,no_entry,False,False,1,1,c8dcf21ff39d
2026-07-02,US.TSLA,SHORT,False,-1,-1,-1,-1,-1,-1,True,,,0.0,0.0,no_entry,False,False,1,1,c8dcf21ff39d
2026-07-06,US.AAPL,LONG,False,-1,-1,-1,-1,-1,-1,True,,,0.0,0.0,no_entry,False,False,1,1,c8dcf21ff39d
2026-07-06,US.AAPL,SHORT,False,-1,-1,-1,-1,-1,-1,True,,,0.0,0.0,no_entry,False,False,1,1,c8dcf21ff39d
2026-07-06,US.AMD,LONG,True,103,107,673,673,677,677,True,563.68,561.3168,-2.363200000000006,-0.004192449616803872,soft_failure_loss,False,False,1,1,c8dcf21ff39d
2026-07-06,US.AMD,SHORT,False,-1,-1,-1,-1,-1,-1,True,,,0.0,0.0,no_entry,False,False,1,1,c8dcf21ff39d
2026-07-06,US.IWM,LONG,True,21,26,591,591,596,596,True,299.81,299.64,-0.17000000000001592,-0.0005670257829959505,soft_failure_loss,False,False,1,1,c8dcf21ff39d
2026-07-06,US.IWM,SHORT,False,-1,-1,-1,-1,-1,-1,True,,,0.0,0.0,no_entry,False,False,1,1,c8dcf21ff39d
2026-07-06,US.META,LONG,False,-1,-1,-1,-1,-1,-1,True,,,0.0,0.0,no_entry,False,False,1,1,c8dcf21ff39d
2026-07-06,US.META,SHORT,False,-1,-1,-1,-1,-1,-1,True,,,0.0,0.0,no_entry,False,False,1,1,c8dcf21ff39d
2026-07-06,US.MSFT,LONG,False,-1,-1,-1,-1,-1,-1,True,,,0.0,0.0,no_entry,False,False,1,1,c8dcf21ff39d
2026-07-06,US.MSFT,SHORT,False,-1,-1,-1,-1,-1,-1,True,,,0.0,0.0,no_entry,False,False,1,1,c8dcf21ff39d
2026-07-06,US.MU,LONG,True,22,23,592,592,593,593,True,1008.8399,1002.66,-6.179899999999975,-0.006125748991490102,soft_failure_loss,False,False,1,1,c8dcf21ff39d
2026-07-06,US.MU,SHORT,False,-1,-1,-1,-1,-1,-1,True,,,0.0,0.0,no_entry,False,False,1,1,c8dcf21ff39d
2026-07-06,US.NVDA,LONG,True,21,22,591,591,592,592,True,195.37138534,195.251519467,-0.11986587299998064,-0.0006135282953098839,soft_failure_loss,False,False,1,1,c8dcf21ff39d
2026-07-06,US.NVDA,SHORT,False,-1,-1,-1,-1,-1,-1,True,,,0.0,0.0,no_entry,False,False,1,1,c8dcf21ff39d
2026-07-06,US.QQQ,LONG,True,16,17,586,586,587,587,True,722.65,721.68,-0.9700000000000273,-0.0013422818791946687,soft_failure_loss,False,False,1,1,c8dcf21ff39d
2026-07-06,US.QQQ,SHORT,False,-1,-1,-1,-1,-1,-1,True,,,0.0,0.0,no_entry,False,False,1,1,c8dcf21ff39d
2026-07-06,US.SPY,LONG,True,54,59,624,624,629,629,True,749.73,749.68,-0.05000000000006821,-6.669067530986917e-05,failed_followthrough,False,False,1,1,c8dcf21ff39d
2026-07-06,US.SPY,SHORT,False,-1,-1,-1,-1,-1,-1,True,,,0.0,0.0,no_entry,False,False,1,1,c8dcf21ff39d
2026-07-06,US.TSLA,LONG,False,-1,-1,-1,-1,-1,-1,True,,,0.0,0.0,no_entry,False,False,1,1,c8dcf21ff39d
2026-07-06,US.TSLA,SHORT,False,-1,-1,-1,-1,-1,-1,True,,,0.0,0.0,no_entry,False,False,1,1,c8dcf21ff39d
2026-07-07,US.AAPL,LONG,False,-1,-1,-1,-1,-1,-1,True,,,0.0,0.0,no_entry,False,False,1,1,c8dcf21ff39d
2026-07-07,US.AAPL,SHORT,False,-1,-1,-1,-1,-1,-1,True,,,0.0,0.0,no_entry,False,False,1,1,c8dcf21ff39d
2026-07-07,US.AMD,LONG,False,-1,-1,-1,-1,-1,-1,True,,,0.0,0.0,no_entry,False,False,1,1,c8dcf21ff39d
2026-07-07,US.AMD,SHORT,True,53,58,623,623,628,628,True,508.91,509.2001,-0.29009999999999536,-0.0005700418541588794,soft_failure_loss,False,False,1,1,c8dcf21ff39d
2026-07-07,US.IWM,LONG,False,-1,-1,-1,-1,-1,-1,True,,,0.0,0.0,no_entry,False,False,1,1,c8dcf21ff39d
2026-07-07,US.IWM,SHORT,True,81,82,651,651,652,652,True,296.29,296.45,-0.15999999999996817,-0.0005400114752437415,soft_failure_loss,False,False,1,1,c8dcf21ff39d
2026-07-07,US.META,LONG,True,50,51,620,620,621,621,True,613.76,611.18,-2.580000000000041,-0.004203597497393185,soft_failure_loss,False,False,1,1,c8dcf21ff39d
2026-07-07,US.META,SHORT,False,-1,-1,-1,-1,-1,-1,True,,,0.0,0.0,no_entry,False,False,1,1,c8dcf21ff39d
2026-07-07,US.MSFT,LONG,False,-1,-1,-1,-1,-1,-1,True,,,0.0,0.0,no_entry,False,False,1,1,c8dcf21ff39d
2026-07-07,US.MSFT,SHORT,False,-1,-1,-1,-1,-1,-1,True,,,0.0,0.0,no_entry,False,False,1,1,c8dcf21ff39d
2026-07-07,US.MU,LONG,False,-1,-1,-1,-1,-1,-1,True,,,0.0,0.0,no_entry,False,False,1,1,c8dcf21ff39d
2026-07-07,US.MU,SHORT,True,26,27,596,596,597,597,True,910.335,914.615,-4.279999999999973,-0.004701565907056163,soft_failure_loss,False,False,1,1,c8dcf21ff39d
2026-07-07,US.NVDA,LONG,False,-1,-1,-1,-1,-1,-1,True,,,0.0,0.0,no_entry,False,False,1,1,c8dcf21ff39d
2026-07-07,US.NVDA,SHORT,False,-1,-1,-1,-1,-1,-1,True,,,0.0,0.0,no_entry,False,False,1,1,c8dcf21ff39d
2026-07-07,US.QQQ,LONG,False,-1,-1,-1,-1,-1,-1,True,,,0.0,0.0,no_entry,False,False,1,1,c8dcf21ff39d
2026-07-07,US.QQQ,SHORT,True,24,30,594,594,600,600,True,711.1,711.12,-0.01999999999998181,-2.8125439459965982e-05,failed_followthrough,False,False,1,1,c8dcf21ff39d
2026-07-07,US.SPY,LONG,False,-1,-1,-1,-1,-1,-1,True,,,0.0,0.0,no_entry,False,False,1,1,c8dcf21ff39d
2026-07-07,US.SPY,SHORT,True,24,375,594,594,-1,945,True,749.03,746.53,2.5,0.0033376500273687303,scheduled_flatten,True,False,1,1,c8dcf21ff39d
2026-07-07,US.TSLA,LONG,False,-1,-1,-1,-1,-1,-1,True,,,0.0,0.0,no_entry,False,False,1,1,c8dcf21ff39d
2026-07-07,US.TSLA,SHORT,True,30,31,600,600,601,601,True,413.06,414.9,-1.839999999999975,-0.004454558659758813,soft_failure_loss,False,False,1,1,c8dcf21ff39d
2026-07-08,US.AAPL,LONG,False,-1,-1,-1,-1,-1,-1,True,,,0.0,0.0,no_entry,False,False,1,1,c8dcf21ff39d
2026-07-08,US.AAPL,SHORT,False,-1,-1,-1,-1,-1,-1,True,,,0.0,0.0,no_entry,False,False,1,1,c8dcf21ff39d
2026-07-08,US.AMD,LONG,True,29,32,599,599,602,602,True,520.02,518.0,-2.019999999999982,-0.0038844659820775774,soft_failure_loss,False,False,1,1,c8dcf21ff39d
2026-07-08,US.AMD,SHORT,False,-1,-1,-1,-1,-1,-1,True,,,0.0,0.0,no_entry,False,False,1,1,c8dcf21ff39d
2026-07-08,US.IWM,LONG,False,-1,-1,-1,-1,-1,-1,True,,,0.0,0.0,no_entry,False,False,1,1,c8dcf21ff39d
2026-07-08,US.IWM,SHORT,True,57,58,627,627,628,628,True,293.56,293.61,-0.05000000000001137,-0.00017032293227964084,soft_failure_loss,False,False,1,1,c8dcf21ff39d
2026-07-08,US.META,LONG,False,-1,-1,-1,-1,-1,-1,True,,,0.0,0.0,no_entry,False,False,1,1,c8dcf21ff39d
2026-07-08,US.META,SHORT,False,-1,-1,-1,-1,-1,-1,True,,,0.0,0.0,no_entry,False,False,1,1,c8dcf21ff39d
2026-07-08,US.MSFT,LONG,False,-1,-1,-1,-1,-1,-1,True,,,0.0,0.0,no_entry,False,False,1,1,c8dcf21ff39d
2026-07-08,US.MSFT,SHORT,False,-1,-1,-1,-1,-1,-1,True,,,0.0,0.0,no_entry,False,False,1,1,c8dcf21ff39d
2026-07-08,US.MU,LONG,False,-1,-1,-1,-1,-1,-1,True,,,0.0,0.0,no_entry,False,False,1,1,c8dcf21ff39d
2026-07-08,US.MU,SHORT,False,-1,-1,-1,-1,-1,-1,True,,,0.0,0.0,no_entry,False,False,1,1,c8dcf21ff39d
2026-07-08,US.NVDA,LONG,True,19,20,589,589,590,590,True,198.278132778,197.379138725,-0.898994053000024,-0.0045340050382992715,soft_failure_loss,False,False,1,1,c8dcf21ff39d
2026-07-08,US.NVDA,SHORT,False,-1,-1,-1,-1,-1,-1,True,,,0.0,0.0,no_entry,False,False,1,1,c8dcf21ff39d
2026-07-08,US.QQQ,LONG,True,17,18,587,587,588,588,True,709.56,708.94,-0.6199999999998909,-0.0008737809346635816,soft_failure_loss,False,False,1,1,c8dcf21ff39d
2026-07-08,US.QQQ,SHORT,False,-1,-1,-1,-1,-1,-1,True,,,0.0,0.0,no_entry,False,False,1,1,c8dcf21ff39d
2026-07-08,US.SPY,LONG,True,17,18,587,587,588,588,True,744.84,744.51,-0.3300000000000409,-0.00044304817141942014,soft_failure_loss,False,False,1,1,c8dcf21ff39d
2026-07-08,US.SPY,SHORT,True,67,68,637,637,638,638,True,742.49,742.65,-0.15999999999996817,-0.00021549111772544837,soft_failure_loss,False,False,1,1,c8dcf21ff39d
2026-07-08,US.TSLA,LONG,False,-1,-1,-1,-1,-1,-1,True,,,0.0,0.0,no_entry,False,False,1,1,c8dcf21ff39d
2026-07-08,US.TSLA,SHORT,True,23,24,593,593,594,594,True,394.775,395.0,-0.22500000000002274,-0.0005699449053258762,soft_failure_loss,False,False,1,1,c8dcf21ff39d
2026-07-09,US.AAPL,LONG,False,-1,-1,-1,-1,-1,-1,True,,,0.0,0.0,no_entry,False,False,1,1,c8dcf21ff39d
2026-07-09,US.AAPL,SHORT,False,-1,-1,-1,-1,-1,-1,True,,,0.0,0.0,no_entry,False,False,1,1,c8dcf21ff39d
2026-07-09,US.AMD,LONG,True,39,42,609,609,612,612,True,553.9,553.35,-0.5499999999999545,-0.0009929590178731802,soft_failure_loss,False,False,1,1,c8dcf21ff39d
2026-07-09,US.AMD,SHORT,False,-1,-1,-1,-1,-1,-1,True,,,0.0,0.0,no_entry,False,False,1,1,c8dcf21ff39d
2026-07-09,US.IWM,LONG,True,27,38,597,597,608,608,True,296.37,296.36,-0.009999999999990905,-3.374160677528395e-05,failed_followthrough,False,False,1,1,c8dcf21ff39d
2026-07-09,US.IWM,SHORT,False,-1,-1,-1,-1,-1,-1,True,,,0.0,0.0,no_entry,False,False,1,1,c8dcf21ff39d
2026-07-09,US.META,LONG,False,-1,-1,-1,-1,-1,-1,True,,,0.0,0.0,no_entry,False,False,1,1,c8dcf21ff39d
2026-07-09,US.META,SHORT,False,-1,-1,-1,-1,-1,-1,True,,,0.0,0.0,no_entry,False,False,1,1,c8dcf21ff39d
2026-07-09,US.MSFT,LONG,False,-1,-1,-1,-1,-1,-1,True,,,0.0,0.0,no_entry,False,False,1,1,c8dcf21ff39d
2026-07-09,US.MSFT,SHORT,False,-1,-1,-1,-1,-1,-1,True,,,0.0,0.0,no_entry,False,False,1,1,c8dcf21ff39d
2026-07-09,US.MU,LONG,True,23,43,593,593,613,613,True,1024.685,1022.0301,-2.654899999999998,-0.0025909425823545753,failed_followthrough,False,False,1,1,c8dcf21ff39d
2026-07-09,US.MU,SHORT,False,-1,-1,-1,-1,-1,-1,True,,,0.0,0.0,no_entry,False,False,1,1,c8dcf21ff39d
2026-07-09,US.NVDA,LONG,False,-1,-1,-1,-1,-1,-1,True,,,0.0,0.0,no_entry,False,False,1,1,c8dcf21ff39d
2026-07-09,US.NVDA,SHORT,True,71,73,641,641,643,643,True,200.425729682,200.630999991,-0.20527030900001364,-0.0010241714440840514,soft_failure_loss,False,False,1,1,c8dcf21ff39d
2026-07-09,US.QQQ,LONG,True,16,19,586,586,589,589,True,721.56,720.16,-1.3999999999999773,-0.001940240589833108,soft_failure_loss,False,False,1,1,c8dcf21ff39d
2026-07-09,US.QQQ,SHORT,False,-1,-1,-1,-1,-1,-1,True,,,0.0,0.0,no_entry,False,False,1,1,c8dcf21ff39d
2026-07-09,US.SPY,LONG,True,18,19,588,588,589,589,True,748.59,748.03,-0.5600000000000591,-0.0007480730439894456,soft_failure_loss,False,False,1,1,c8dcf21ff39d
2026-07-09,US.SPY,SHORT,False,-1,-1,-1,-1,-1,-1,True,,,0.0,0.0,no_entry,False,False,1,1,c8dcf21ff39d
2026-07-09,US.TSLA,LONG,True,37,39,607,607,609,609,True,396.81,396.445,-0.3650000000000091,-0.0009198356896247804,soft_failure_loss,False,False,1,1,c8dcf21ff39d
2026-07-09,US.TSLA,SHORT,False,-1,-1,-1,-1,-1,-1,True,,,0.0,0.0,no_entry,False,False,1,1,c8dcf21ff39d
2026-07-10,US.AAPL,LONG,False,-1,-1,-1,-1,-1,-1,True,,,0.0,0.0,no_entry,False,False,1,1,c8dcf21ff39d
2026-07-10,US.AAPL,SHORT,True,75,81,645,645,651,651,True,312.670335846,312.760258292,-0.08992244600000276,-0.00028759506640339686,failed_followthrough,False,False,1,1,c8dcf21ff39d
2026-07-10,US.AMD,LONG,False,-1,-1,-1,-1,-1,-1,True,,,0.0,0.0,no_entry,False,False,1,1,c8dcf21ff39d
2026-07-10,US.AMD,SHORT,False,-1,-1,-1,-1,-1,-1,True,,,0.0,0.0,no_entry,False,False,1,1,c8dcf21ff39d
2026-07-10,US.IWM,LONG,False,-1,-1,-1,-1,-1,-1,True,,,0.0,0.0,no_entry,False,False,1,1,c8dcf21ff39d
2026-07-10,US.IWM,SHORT,True,57,58,627,627,628,628,True,295.57,295.69,-0.12000000000000455,-0.0004059951957235327,soft_failure_loss,False,False,1,1,c8dcf21ff39d
2026-07-10,US.META,LONG,False,-1,-1,-1,-1,-1,-1,True,,,0.0,0.0,no_entry,False,False,1,1,c8dcf21ff39d
2026-07-10,US.META,SHORT,False,-1,-1,-1,-1,-1,-1,True,,,0.0,0.0,no_entry,False,False,1,1,c8dcf21ff39d
2026-07-10,US.MSFT,LONG,False,-1,-1,-1,-1,-1,-1,True,,,0.0,0.0,no_entry,False,False,1,1,c8dcf21ff39d
2026-07-10,US.MSFT,SHORT,True,127,146,697,697,716,716,True,383.687708217,383.807482742,-0.11977452499996843,-0.0003121666981633622,failed_followthrough,False,False,1,1,c8dcf21ff39d
2026-07-10,US.MU,LONG,True,20,25,590,590,595,595,True,973.7,971.97,-1.7300000000000182,-0.0017767279449522626,soft_failure_loss,False,False,1,1,c8dcf21ff39d
2026-07-10,US.MU,SHORT,False,-1,-1,-1,-1,-1,-1,True,,,0.0,0.0,no_entry,False,False,1,1,c8dcf21ff39d
2026-07-10,US.NVDA,LONG,True,37,38,607,607,608,608,True,206.074408981,205.909593405,-0.1648155759999952,-0.0007997867217718972,soft_failure_loss,False,False,1,1,c8dcf21ff39d
2026-07-10,US.NVDA,SHORT,False,-1,-1,-1,-1,-1,-1,True,,,0.0,0.0,no_entry,False,False,1,1,c8dcf21ff39d
2026-07-10,US.QQQ,LONG,True,20,21,590,590,591,591,True,723.31,723.0,-0.30999999999994543,-0.0004285852539021242,soft_failure_loss,False,False,1,1,c8dcf21ff39d
2026-07-10,US.QQQ,SHORT,False,-1,-1,-1,-1,-1,-1,True,,,0.0,0.0,no_entry,False,False,1,1,c8dcf21ff39d
2026-07-10,US.SPY,LONG,True,33,35,603,603,605,605,True,753.32,753.12,-0.20000000000004547,-0.0002654914246270449,soft_failure_loss,False,False,1,1,c8dcf21ff39d
2026-07-10,US.SPY,SHORT,True,64,65,634,634,635,635,True,750.64,750.98,-0.34000000000003183,-0.0004529468187147392,soft_failure_loss,False,False,1,1,c8dcf21ff39d
2026-07-10,US.TSLA,LONG,False,-1,-1,-1,-1,-1,-1,True,,,0.0,0.0,no_entry,False,False,1,1,c8dcf21ff39d
2026-07-10,US.TSLA,SHORT,False,-1,-1,-1,-1,-1,-1,True,,,0.0,0.0,no_entry,False,False,1,1,c8dcf21ff39d
2026-07-13,US.AAPL,LONG,False,-1,-1,-1,-1,-1,-1,True,,,0.0,0.0,no_entry,False,False,1,1,c8dcf21ff39d
2026-07-13,US.AAPL,SHORT,False,-1,-1,-1,-1,-1,-1,True,,,0.0,0.0,no_entry,False,False,1,1,c8dcf21ff39d
2026-07-13,US.AMD,LONG,True,139,142,709,709,712,712,True,543.4301,542.405,-1.0251000000000658,-0.0018863511608945948,soft_failure_loss,False,False,1,1,c8dcf21ff39d
2026-07-13,US.AMD,SHORT,False,-1,-1,-1,-1,-1,-1,True,,,0.0,0.0,no_entry,False,False,1,1,c8dcf21ff39d
2026-07-13,US.IWM,LONG,False,-1,-1,-1,-1,-1,-1,True,,,0.0,0.0,no_entry,False,False,1,1,c8dcf21ff39d
2026-07-13,US.IWM,SHORT,True,46,55,616,616,625,625,True,294.3,294.48,-0.18000000000000682,-0.0006116207951070568,failed_followthrough,False,False,1,1,c8dcf21ff39d
2026-07-13,US.META,LONG,False,-1,-1,-1,-1,-1,-1,True,,,0.0,0.0,no_entry,False,False,1,1,c8dcf21ff39d
2026-07-13,US.META,SHORT,False,-1,-1,-1,-1,-1,-1,True,,,0.0,0.0,no_entry,False,False,1,1,c8dcf21ff39d
2026-07-13,US.MSFT,LONG,False,-1,-1,-1,-1,-1,-1,True,,,0.0,0.0,no_entry,False,False,1,1,c8dcf21ff39d
2026-07-13,US.MSFT,SHORT,True,62,67,632,632,637,637,True,385.164927353,385.204852195,-0.0399248420000049,-0.00010365648366372196,failed_followthrough,False,False,1,1,c8dcf21ff39d
2026-07-13,US.MU,LONG,True,74,76,644,644,646,646,True,934.2829,930.86,-3.422900000000027,-0.003663665470062683,soft_failure_loss,False,False,1,1,c8dcf21ff39d
2026-07-13,US.MU,SHORT,False,-1,-1,-1,-1,-1,-1,True,,,0.0,0.0,no_entry,False,False,1,1,c8dcf21ff39d
2026-07-13,US.NVDA,LONG,False,-1,-1,-1,-1,-1,-1,True,,,0.0,0.0,no_entry,False,False,1,1,c8dcf21ff39d
2026-07-13,US.NVDA,SHORT,True,107,108,677,677,678,678,True,207.362967124,207.507805054,-0.14483792999999423,-0.0006984753932141764,soft_failure_loss,False,False,1,1,c8dcf21ff39d
2026-07-13,US.QQQ,LONG,False,-1,-1,-1,-1,-1,-1,True,,,0.0,0.0,no_entry,False,False,1,1,c8dcf21ff39d
2026-07-13,US.QQQ,SHORT,True,23,26,593,593,596,596,True,713.67,713.83,-0.16000000000008185,-0.00022419325458556736,soft_failure_loss,False,False,1,1,c8dcf21ff39d
2026-07-13,US.SPY,LONG,False,-1,-1,-1,-1,-1,-1,True,,,0.0,0.0,no_entry,False,False,1,1,c8dcf21ff39d
2026-07-13,US.SPY,SHORT,True,22,23,592,592,593,593,True,752.01,752.41,-0.39999999999997726,-0.0005319078203746988,soft_failure_loss,False,False,1,1,c8dcf21ff39d
2026-07-13,US.TSLA,LONG,False,-1,-1,-1,-1,-1,-1,True,,,0.0,0.0,no_entry,False,False,1,1,c8dcf21ff39d
2026-07-13,US.TSLA,SHORT,True,33,34,603,603,604,604,True,394.69,395.495,-0.8050000000000068,-0.0020395753629430867,soft_failure_loss,False,False,1,1,c8dcf21ff39d
2026-07-14,US.AAPL,LONG,False,-1,-1,-1,-1,-1,-1,True,,,0.0,0.0,no_entry,False,False,1,1,c8dcf21ff39d
2026-07-14,US.AAPL,SHORT,False,-1,-1,-1,-1,-1,-1,True,,,0.0,0.0,no_entry,False,False,1,1,c8dcf21ff39d
2026-07-14,US.AMD,LONG,False,-1,-1,-1,-1,-1,-1,True,,,0.0,0.0,no_entry,False,False,1,1,c8dcf21ff39d
2026-07-14,US.AMD,SHORT,False,-1,-1,-1,-1,-1,-1,True,,,0.0,0.0,no_entry,False,False,1,1,c8dcf21ff39d
2026-07-14,US.IWM,LONG,False,-1,-1,-1,-1,-1,-1,True,,,0.0,0.0,no_entry,False,False,1,1,c8dcf21ff39d
2026-07-14,US.IWM,SHORT,True,51,53,621,621,623,623,True,294.43,294.86,-0.4300000000000068,-0.0014604490031586686,soft_failure_loss,False,False,1,1,c8dcf21ff39d
2026-07-14,US.META,LONG,True,75,76,645,645,646,646,True,661.3801,660.9549,-0.425200000000018,-0.0006428980853823966,soft_failure_loss,False,False,1,1,c8dcf21ff39d
2026-07-14,US.META,SHORT,False,-1,-1,-1,-1,-1,-1,True,,,0.0,0.0,no_entry,False,False,1,1,c8dcf21ff39d
2026-07-14,US.MSFT,LONG,True,35,39,605,605,609,609,True,382.997307895,382.84429594,-0.15301195500001086,-0.000399511829054317,soft_failure_loss,False,False,1,1,c8dcf21ff39d
2026-07-14,US.MSFT,SHORT,False,-1,-1,-1,-1,-1,-1,True,,,0.0,0.0,no_entry,False,False,1,1,c8dcf21ff39d
2026-07-14,US.MU,LONG,False,-1,-1,-1,-1,-1,-1,True,,,0.0,0.0,no_entry,False,False,1,1,c8dcf21ff39d
2026-07-14,US.MU,SHORT,True,52,53,622,622,623,623,True,961.26,964.09,-2.830000000000041,-0.002944052597632317,soft_failure_loss,False,False,1,1,c8dcf21ff39d
2026-07-14,US.NVDA,LONG,False,-1,-1,-1,-1,-1,-1,True,,,0.0,0.0,no_entry,False,False,1,1,c8dcf21ff39d
2026-07-14,US.NVDA,SHORT,False,-1,-1,-1,-1,-1,-1,True,,,0.0,0.0,no_entry,False,False,1,1,c8dcf21ff39d
2026-07-14,US.QQQ,LONG,True,132,133,702,702,703,703,True,720.66,720.26,-0.39999999999997726,-0.0005550467626897251,soft_failure_loss,False,False,1,1,c8dcf21ff39d
2026-07-14,US.QQQ,SHORT,True,37,43,607,607,613,613,True,717.02,717.05,-0.029999999999972715,-4.183983710352949e-05,failed_followthrough,False,False,1,1,c8dcf21ff39d
2026-07-14,US.SPY,LONG,True,16,17,586,586,587,587,True,751.69,751.3,-0.39000000000010004,-0.0005188309010364645,soft_failure_loss,False,False,1,1,c8dcf21ff39d
2026-07-14,US.SPY,SHORT,True,49,50,619,619,620,620,True,749.35,749.8483,-0.498299999999972,-0.0006649763128043931,soft_failure_loss,False,False,1,1,c8dcf21ff39d
2026-07-14,US.TSLA,LONG,False,-1,-1,-1,-1,-1,-1,True,,,0.0,0.0,no_entry,False,False,1,1,c8dcf21ff39d
2026-07-14,US.TSLA,SHORT,True,143,144,713,713,714,714,True,396.34,396.58,-0.2400000000000091,-0.0006055406973810595,soft_failure_loss,False,False,1,1,c8dcf21ff39d
2026-07-15,US.AAPL,LONG,True,93,375,663,663,-1,945,True,323.280485068,325.609176676,2.3286916079999855,0.0072033163632198825,scheduled_flatten,True,False,1,1,c8dcf21ff39d
2026-07-15,US.AAPL,SHORT,False,-1,-1,-1,-1,-1,-1,True,,,0.0,0.0,no_entry,False,False,1,1,c8dcf21ff39d
2026-07-15,US.AMD,LONG,False,-1,-1,-1,-1,-1,-1,True,,,0.0,0.0,no_entry,False,False,1,1,c8dcf21ff39d
2026-07-15,US.AMD,SHORT,True,30,257,600,600,827,827,True,546.86,529.19,17.66999999999996,0.03231174340781911,trailing,False,False,1,1,c8dcf21ff39d
2026-07-15,US.IWM,LONG,True,68,70,638,638,640,640,True,296.21,296.17,-0.03999999999996362,-0.00013503933020479937,soft_failure_loss,False,False,1,1,c8dcf21ff39d
2026-07-15,US.IWM,SHORT,True,19,20,589,589,590,590,True,294.74,294.96,-0.21999999999997044,-0.0007464205740651776,soft_failure_loss,False,False,1,1,c8dcf21ff39d
2026-07-15,US.META,LONG,True,78,83,648,648,653,653,True,670.04,669.78,-0.2599999999999909,-0.00038803653513221737,failed_followthrough,False,False,1,1,c8dcf21ff39d
2026-07-15,US.META,SHORT,False,-1,-1,-1,-1,-1,-1,True,,,0.0,0.0,no_entry,False,False,1,1,c8dcf21ff39d
2026-07-15,US.MSFT,LONG,True,85,86,655,655,656,656,True,393.678899807,393.070045974,-0.608853833000012,-0.001546574716853001,soft_failure_loss,False,False,1,1,c8dcf21ff39d
2026-07-15,US.MSFT,SHORT,False,-1,-1,-1,-1,-1,-1,True,,,0.0,0.0,no_entry,False,False,1,1,c8dcf21ff39d
2026-07-15,US.MU,LONG,False,-1,-1,-1,-1,-1,-1,True,,,0.0,0.0,no_entry,False,False,1,1,c8dcf21ff39d
2026-07-15,US.MU,SHORT,True,21,26,591,591,596,596,True,952.79,952.965,-0.1750000000000682,-0.00018367111325692779,failed_followthrough,False,False,1,1,c8dcf21ff39d
2026-07-15,US.NVDA,LONG,False,-1,-1,-1,-1,-1,-1,True,,,0.0,0.0,no_entry,False,False,1,1,c8dcf21ff39d
2026-07-15,US.NVDA,SHORT,True,37,38,607,607,608,608,True,210.774150113,210.913993633,-0.13984351999999944,-0.0006634756677943035,soft_failure_loss,False,False,1,1,c8dcf21ff39d
2026-07-15,US.QQQ,LONG,False,-1,-1,-1,-1,-1,-1,True,,,0.0,0.0,no_entry,False,False,1,1,c8dcf21ff39d
2026-07-15,US.QQQ,SHORT,True,17,30,587,587,600,600,True,720.33,720.69,-0.36000000000001364,-0.0004997709383199556,soft_failure_loss,False,False,1,1,c8dcf21ff39d
2026-07-15,US.SPY,LONG,False,-1,-1,-1,-1,-1,-1,True,,,0.0,0.0,no_entry,False,False,1,1,c8dcf21ff39d
2026-07-15,US.SPY,SHORT,True,16,25,586,586,595,595,True,753.995,754.06,-0.06499999999994088,-8.620746821920686e-05,failed_followthrough,False,False,1,1,c8dcf21ff39d
2026-07-15,US.TSLA,LONG,False,-1,-1,-1,-1,-1,-1,True,,,0.0,0.0,no_entry,False,False,1,1,c8dcf21ff39d
2026-07-15,US.TSLA,SHORT,True,100,375,670,670,-1,945,True,397.7726,394.7,3.0726000000000226,0.007724513955963841,scheduled_flatten,True,False,1,1,c8dcf21ff39d
2026-07-16,US.AAPL,LONG,True,34,37,604,604,607,607,True,329.505815999,328.546643243,-0.9591727559999867,-0.002910943326119918,soft_failure_loss,False,False,1,1,c8dcf21ff39d
2026-07-16,US.AAPL,SHORT,False,-1,-1,-1,-1,-1,-1,True,,,0.0,0.0,no_entry,False,False,1,1,c8dcf21ff39d
2026-07-16,US.AMD,LONG,False,-1,-1,-1,-1,-1,-1,True,,,0.0,0.0,no_entry,False,False,1,1,c8dcf21ff39d
2026-07-16,US.AMD,SHORT,True,83,88,653,653,658,658,True,507.305,508.19,-0.8849999999999909,-0.0017445126698928473,soft_failure_loss,False,False,1,1,c8dcf21ff39d
2026-07-16,US.IWM,LONG,True,25,26,595,595,596,596,True,296.31,296.24,-0.06999999999999318,-0.00023623907394280713,soft_failure_loss,False,False,1,1,c8dcf21ff39d
2026-07-16,US.IWM,SHORT,False,-1,-1,-1,-1,-1,-1,True,,,0.0,0.0,no_entry,False,False,1,1,c8dcf21ff39d
2026-07-16,US.META,LONG,False,-1,-1,-1,-1,-1,-1,True,,,0.0,0.0,no_entry,False,False,1,1,c8dcf21ff39d
2026-07-16,US.META,SHORT,False,-1,-1,-1,-1,-1,-1,True,,,0.0,0.0,no_entry,False,False,1,1,c8dcf21ff39d
2026-07-16,US.MSFT,LONG,False,-1,-1,-1,-1,-1,-1,True,,,0.0,0.0,no_entry,False,False,1,1,c8dcf21ff39d
2026-07-16,US.MSFT,SHORT,False,-1,-1,-1,-1,-1,-1,True,,,0.0,0.0,no_entry,False,False,1,1,c8dcf21ff39d
2026-07-16,US.MU,LONG,False,-1,-1,-1,-1,-1,-1,True,,,0.0,0.0,no_entry,False,False,1,1,c8dcf21ff39d
2026-07-16,US.MU,SHORT,True,16,30,586,586,600,600,True,863.81,866.59,-2.7800000000000864,-0.0032183003206724702,soft_failure_loss,False,False,1,1,c8dcf21ff39d
2026-07-16,US.NVDA,LONG,False,-1,-1,-1,-1,-1,-1,True,,,0.0,0.0,no_entry,False,False,1,1,c8dcf21ff39d
2026-07-16,US.NVDA,SHORT,True,117,120,687,687,690,690,True,206.718688052,206.818576281,-0.09988822899998695,-0.00048320850882557895,soft_failure_loss,False,False,1,1,c8dcf21ff39d
2026-07-16,US.QQQ,LONG,False,-1,-1,-1,-1,-1,-1,True,,,0.0,0.0,no_entry,False,False,1,1,c8dcf21ff39d
2026-07-16,US.QQQ,SHORT,True,28,29,598,598,599,599,True,708.09,708.938,-0.8479999999999563,-0.0011975878772471809,soft_failure_loss,False,False,1,1,c8dcf21ff39d
2026-07-16,US.SPY,LONG,True,81,86,651,651,656,656,True,753.77,753.5,-0.2699999999999818,-0.00035819945076081807,soft_failure_loss,False,False,1,1,c8dcf21ff39d
2026-07-16,US.SPY,SHORT,True,20,21,590,590,591,591,True,751.045,751.66,-0.6150000000000091,-0.000818859056381454,soft_failure_loss,False,False,1,1,c8dcf21ff39d
2026-07-16,US.TSLA,LONG,True,105,112,675,675,682,682,True,392.67,392.595,-0.07499999999998863,-0.0001910000764000016,failed_followthrough,False,False,1,1,c8dcf21ff39d
2026-07-16,US.TSLA,SHORT,True,20,23,590,590,593,593,True,386.38,386.83,-0.44999999999998863,-0.0011646565557223165,soft_failure_loss,False,False,1,1,c8dcf21ff39d
2026-07-17,US.AAPL,LONG,False,-1,-1,-1,-1,-1,-1,True,,,0.0,0.0,no_entry,False,False,1,1,c8dcf21ff39d
2026-07-17,US.AAPL,SHORT,True,59,60,629,629,630,630,True,330.931698239,331.594015021,-0.6623167820000049,-0.0020013700274842737,soft_failure_loss,False,False,1,1,c8dcf21ff39d
2026-07-17,US.AMD,LONG,False,-1,-1,-1,-1,-1,-1,True,,,0.0,0.0,no_entry,False,False,1,1,c8dcf21ff39d
2026-07-17,US.AMD,SHORT,False,-1,-1,-1,-1,-1,-1,True,,,0.0,0.0,no_entry,False,False,1,1,c8dcf21ff39d
2026-07-17,US.IWM,LONG,True,76,79,646,646,649,649,True,294.91,294.81,-0.10000000000002274,-0.0003390865009664736,soft_failure_loss,False,False,1,1,c8dcf21ff39d
2026-07-17,US.IWM,SHORT,False,-1,-1,-1,-1,-1,-1,True,,,0.0,0.0,no_entry,False,False,1,1,c8dcf21ff39d
2026-07-17,US.META,LONG,False,-1,-1,-1,-1,-1,-1,True,,,0.0,0.0,no_entry,False,False,1,1,c8dcf21ff39d
2026-07-17,US.META,SHORT,True,55,168,625,625,738,738,True,636.76,642.77,-6.009999999999991,-0.009438406935108975,trailing,False,False,1,1,c8dcf21ff39d
2026-07-17,US.MSFT,LONG,False,-1,-1,-1,-1,-1,-1,True,,,0.0,0.0,no_entry,False,False,1,1,c8dcf21ff39d
2026-07-17,US.MSFT,SHORT,True,35,53,605,605,623,623,True,392.411286089,392.590947876,-0.17966178699998636,-0.0004578405192944388,failed_followthrough,False,False,1,1,c8dcf21ff39d
2026-07-17,US.MU,LONG,True,89,92,659,659,662,662,True,853.2984,851.115,-2.183400000000006,-0.0025587766249180895,soft_failure_loss,False,False,1,1,c8dcf21ff39d
2026-07-17,US.MU,SHORT,False,-1,-1,-1,-1,-1,-1,True,,,0.0,0.0,no_entry,False,False,1,1,c8dcf21ff39d
2026-07-17,US.NVDA,LONG,False,-1,-1,-1,-1,-1,-1,True,,,0.0,0.0,no_entry,False,False,1,1,c8dcf21ff39d
2026-07-17,US.NVDA,SHORT,False,-1,-1,-1,-1,-1,-1,True,,,0.0,0.0,no_entry,False,False,1,1,c8dcf21ff39d
2026-07-17,US.QQQ,LONG,True,89,91,659,659,661,661,True,694.52,694.08,-0.4399999999999409,-0.0006335310718193009,soft_failure_loss,False,False,1,1,c8dcf21ff39d
2026-07-17,US.QQQ,SHORT,False,-1,-1,-1,-1,-1,-1,True,,,0.0,0.0,no_entry,False,False,1,1,c8dcf21ff39d
2026-07-17,US.SPY,LONG,True,18,346,588,588,916,916,True,742.67,742.63,-0.03999999999996362,-5.3859722353082285e-05,trailing,False,False,1,1,c8dcf21ff39d
2026-07-17,US.SPY,SHORT,False,-1,-1,-1,-1,-1,-1,True,,,0.0,0.0,no_entry,False,False,1,1,c8dcf21ff39d
2026-07-17,US.TSLA,LONG,False,-1,-1,-1,-1,-1,-1,True,,,0.0,0.0,no_entry,False,False,1,1,c8dcf21ff39d
2026-07-17,US.TSLA,SHORT,False,-1,-1,-1,-1,-1,-1,True,,,0.0,0.0,no_entry,False,False,1,1,c8dcf21ff39d
2026-07-20,US.AAPL,LONG,False,-1,-1,-1,-1,-1,-1,True,,,0.0,0.0,no_entry,False,False,1,1,c8dcf21ff39d
2026-07-20,US.AAPL,SHORT,True,75,341,645,645,911,911,True,327.677392932,328.067056864,-0.38966393200001903,-0.0011891694099289986,trailing,False,False,1,1,c8dcf21ff39d
2026-07-20,US.AMD,LONG,False,-1,-1,-1,-1,-1,-1,True,,,0.0,0.0,no_entry,False,False,1,1,c8dcf21ff39d
2026-07-20,US.AMD,SHORT,True,99,112,669,669,682,682,True,510.18,511.41,-1.2300000000000182,-0.002410913795131166,soft_failure_loss,False,False,1,1,c8dcf21ff39d
2026-07-20,US.IWM,LONG,False,-1,-1,-1,-1,-1,-1,True,,,0.0,0.0,no_entry,False,False,1,1,c8dcf21ff39d
2026-07-20,US.IWM,SHORT,True,24,25,594,594,595,595,True,294.83,295.07,-0.2400000000000091,-0.0008140284231591395,soft_failure_loss,False,False,1,1,c8dcf21ff39d
2026-07-20,US.META,LONG,False,-1,-1,-1,-1,-1,-1,True,,,0.0,0.0,no_entry,False,False,1,1,c8dcf21ff39d
2026-07-20,US.META,SHORT,True,34,36,604,604,606,606,True,638.415,639.045,-0.6299999999999955,-0.0009868189187284063,soft_failure_loss,False,False,1,1,c8dcf21ff39d
2026-07-20,US.MSFT,LONG,False,-1,-1,-1,-1,-1,-1,True,,,0.0,0.0,no_entry,False,False,1,1,c8dcf21ff39d
2026-07-20,US.MSFT,SHORT,False,-1,-1,-1,-1,-1,-1,True,,,0.0,0.0,no_entry,False,False,1,1,c8dcf21ff39d
2026-07-20,US.MU,LONG,False,-1,-1,-1,-1,-1,-1,True,,,0.0,0.0,no_entry,False,False,1,1,c8dcf21ff39d
2026-07-20,US.MU,SHORT,True,29,30,599,599,600,600,True,877.34,881.64,-4.2999999999999545,-0.004901178562472877,soft_failure_loss,False,False,1,1,c8dcf21ff39d
2026-07-20,US.NVDA,LONG,False,-1,-1,-1,-1,-1,-1,True,,,0.0,0.0,no_entry,False,False,1,1,c8dcf21ff39d
2026-07-20,US.NVDA,SHORT,False,-1,-1,-1,-1,-1,-1,True,,,0.0,0.0,no_entry,False,False,1,1,c8dcf21ff39d
2026-07-20,US.QQQ,LONG,False,-1,-1,-1,-1,-1,-1,True,,,0.0,0.0,no_entry,False,False,1,1,c8dcf21ff39d
2026-07-20,US.QQQ,SHORT,True,33,34,603,603,604,604,True,701.55,702.025,-0.47500000000002274,-0.0006770721972774895,soft_failure_loss,False,False,1,1,c8dcf21ff39d
2026-07-20,US.SPY,LONG,False,-1,-1,-1,-1,-1,-1,True,,,0.0,0.0,no_entry,False,False,1,1,c8dcf21ff39d
2026-07-20,US.SPY,SHORT,True,60,61,630,630,631,631,True,745.69,745.84,-0.14999999999997726,-0.00020115597634402668,soft_failure_loss,False,False,1,1,c8dcf21ff39d
2026-07-20,US.TSLA,LONG,False,-1,-1,-1,-1,-1,-1,True,,,0.0,0.0,no_entry,False,False,1,1,c8dcf21ff39d
2026-07-20,US.TSLA,SHORT,True,20,375,590,590,-1,945,True,380.36,371.52,8.840000000000032,0.023241139972657567,scheduled_flatten,True,False,1,1,c8dcf21ff39d
2026-07-21,US.AAPL,LONG,False,-1,-1,-1,-1,-1,-1,True,,,0.0,0.0,no_entry,False,False,1,1,c8dcf21ff39d
2026-07-21,US.AAPL,SHORT,False,-1,-1,-1,-1,-1,-1,True,,,0.0,0.0,no_entry,False,False,1,1,c8dcf21ff39d
2026-07-21,US.AMD,LONG,True,22,25,592,592,595,595,True,533.285,530.6,-2.6849999999999454,-0.005034831281584792,soft_failure_loss,False,False,1,1,c8dcf21ff39d
2026-07-21,US.AMD,SHORT,False,-1,-1,-1,-1,-1,-1,True,,,0.0,0.0,no_entry,False,False,1,1,c8dcf21ff39d
2026-07-21,US.IWM,LONG,True,87,92,657,657,662,662,True,294.56,294.36,-0.19999999999998863,-0.0006789788158609065,soft_failure_loss,False,False,1,1,c8dcf21ff39d
2026-07-21,US.IWM,SHORT,False,-1,-1,-1,-1,-1,-1,True,,,0.0,0.0,no_entry,False,False,1,1,c8dcf21ff39d
2026-07-21,US.META,LONG,False,-1,-1,-1,-1,-1,-1,True,,,0.0,0.0,no_entry,False,False,1,1,c8dcf21ff39d
2026-07-21,US.META,SHORT,False,-1,-1,-1,-1,-1,-1,True,,,0.0,0.0,no_entry,False,False,1,1,c8dcf21ff39d
2026-07-21,US.MSFT,LONG,False,-1,-1,-1,-1,-1,-1,True,,,0.0,0.0,no_entry,False,False,1,1,c8dcf21ff39d
2026-07-21,US.MSFT,SHORT,False,-1,-1,-1,-1,-1,-1,True,,,0.0,0.0,no_entry,False,False,1,1,c8dcf21ff39d
2026-07-21,US.MU,LONG,False,-1,-1,-1,-1,-1,-1,True,,,0.0,0.0,no_entry,False,False,1,1,c8dcf21ff39d
2026-07-21,US.MU,SHORT,True,42,44,612,612,614,614,True,921.96,923.86,-1.8999999999999773,-0.0020608269339233557,soft_failure_loss,False,False,1,1,c8dcf21ff39d
2026-07-21,US.NVDA,LONG,False,-1,-1,-1,-1,-1,-1,True,,,0.0,0.0,no_entry,False,False,1,1,c8dcf21ff39d
2026-07-21,US.NVDA,SHORT,True,58,60,628,628,630,630,True,205.050554643,205.140454048,-0.08989940500001126,-0.0004384255636690629,soft_failure_loss,False,False,1,1,c8dcf21ff39d
2026-07-21,US.QQQ,LONG,True,135,150,705,705,720,720,True,707.56,707.52,-0.03999999999996362,-5.6532308214092974e-05,failed_followthrough,False,False,1,1,c8dcf21ff39d
2026-07-21,US.QQQ,SHORT,True,17,20,587,587,590,590,True,704.0,704.72,-0.7200000000000273,-0.0010227272727273114,soft_failure_loss,False,False,1,1,c8dcf21ff39d
2026-07-21,US.SPY,LONG,True,83,87,653,653,657,657,True,746.69,746.35,-0.34000000000003183,-0.000455342913391142,soft_failure_loss,False,False,1,1,c8dcf21ff39d
2026-07-21,US.SPY,SHORT,False,-1,-1,-1,-1,-1,-1,True,,,0.0,0.0,no_entry,False,False,1,1,c8dcf21ff39d
2026-07-21,US.TSLA,LONG,True,115,122,685,685,692,692,True,381.16,380.9195,-0.24049999999999727,-0.0006309686221009478,soft_failure_loss,False,False,1,1,c8dcf21ff39d
2026-07-21,US.TSLA,SHORT,False,-1,-1,-1,-1,-1,-1,True,,,0.0,0.0,no_entry,False,False,1,1,c8dcf21ff39d
2026-07-22,US.AAPL,LONG,False,-1,-1,-1,-1,-1,-1,True,,,0.0,0.0,no_entry,False,False,1,1,c8dcf21ff39d
2026-07-22,US.AAPL,SHORT,True,70,79,640,640,649,649,True,324.7199436,324.739926365,-0.019982764999951996,-6.153845919783535e-05,failed_followthrough,False,False,1,1,c8dcf21ff39d
2026-07-22,US.AMD,LONG,True,42,44,612,612,614,614,True,549.515,548.94,-0.5749999999999318,-0.001046377259947284,soft_failure_loss,False,False,1,1,c8dcf21ff39d
2026-07-22,US.AMD,SHORT,False,-1,-1,-1,-1,-1,-1,True,,,0.0,0.0,no_entry,False,False,1,1,c8dcf21ff39d
2026-07-22,US.IWM,LONG,False,-1,-1,-1,-1,-1,-1,True,,,0.0,0.0,no_entry,False,False,1,1,c8dcf21ff39d
2026-07-22,US.IWM,SHORT,True,62,63,632,632,633,633,True,295.14,295.34,-0.19999999999998863,-0.0006776445076912267,soft_failure_loss,False,False,1,1,c8dcf21ff39d
2026-07-22,US.META,LONG,False,-1,-1,-1,-1,-1,-1,True,,,0.0,0.0,no_entry,False,False,1,1,c8dcf21ff39d
2026-07-22,US.META,SHORT,True,67,375,637,637,-1,945,True,631.07,626.38,4.690000000000055,0.007431822143343931,scheduled_flatten,True,False,1,1,c8dcf21ff39d
2026-07-22,US.MSFT,LONG,False,-1,-1,-1,-1,-1,-1,True,,,0.0,0.0,no_entry,False,False,1,1,c8dcf21ff39d
2026-07-22,US.MSFT,SHORT,True,32,33,602,602,603,603,True,391.433127472,391.64273289,-0.2096054179999669,-0.0005354820614025837,soft_failure_loss,False,False,1,1,c8dcf21ff39d
2026-07-22,US.MU,LONG,True,16,17,586,586,587,587,True,964.11,960.86,-3.25,-0.003370984638682308,soft_failure_loss,False,False,1,1,c8dcf21ff39d
2026-07-22,US.MU,SHORT,False,-1,-1,-1,-1,-1,-1,True,,,0.0,0.0,no_entry,False,False,1,1,c8dcf21ff39d
2026-07-22,US.NVDA,LONG,True,28,29,598,598,599,599,True,207.447872118,207.31302301,-0.1348491079999974,-0.0006500385211148025,soft_failure_loss,False,False,1,1,c8dcf21ff39d
2026-07-22,US.NVDA,SHORT,False,-1,-1,-1,-1,-1,-1,True,,,0.0,0.0,no_entry,False,False,1,1,c8dcf21ff39d
2026-07-22,US.QQQ,LONG,True,16,18,586,586,588,588,True,706.37,705.66,-0.7100000000000364,-0.0010051389498422021,soft_failure_loss,False,False,1,1,c8dcf21ff39d
2026-07-22,US.QQQ,SHORT,False,-1,-1,-1,-1,-1,-1,True,,,0.0,0.0,no_entry,False,False,1,1,c8dcf21ff39d
2026-07-22,US.SPY,LONG,True,16,18,586,586,588,588,True,747.94,747.7,-0.2400000000000091,-0.00032088135411932655,soft_failure_loss,False,False,1,1,c8dcf21ff39d
2026-07-22,US.SPY,SHORT,False,-1,-1,-1,-1,-1,-1,True,,,0.0,0.0,no_entry,False,False,1,1,c8dcf21ff39d
2026-07-22,US.TSLA,LONG,True,17,18,587,587,588,588,True,379.27,378.97,-0.2999999999999545,-0.000790993223824596,soft_failure_loss,False,False,1,1,c8dcf21ff39d
2026-07-22,US.TSLA,SHORT,False,-1,-1,-1,-1,-1,-1,True,,,0.0,0.0,no_entry,False,False,1,1,c8dcf21ff39d
2026-07-23,US.AAPL,LONG,False,-1,-1,-1,-1,-1,-1,True,,,0.0,0.0,no_entry,False,False,1,1,c8dcf21ff39d
2026-07-23,US.AAPL,SHORT,True,17,33,587,587,603,603,True,320.273778218,320.59350247,-0.3197242519999577,-0.0009982841985344542,failed_followthrough,False,False,1,1,c8dcf21ff39d
2026-07-23,US.AMD,LONG,False,-1,-1,-1,-1,-1,-1,True,,,0.0,0.0,no_entry,False,False,1,1,c8dcf21ff39d
2026-07-23,US.AMD,SHORT,False,-1,-1,-1,-1,-1,-1,True,,,0.0,0.0,no_entry,False,False,1,1,c8dcf21ff39d
2026-07-23,US.IWM,LONG,False,-1,-1,-1,-1,-1,-1,True,,,0.0,0.0,no_entry,False,False,1,1,c8dcf21ff39d
2026-07-23,US.IWM,SHORT,False,-1,-1,-1,-1,-1,-1,True,,,0.0,0.0,no_entry,False,False,1,1,c8dcf21ff39d
2026-07-23,US.META,LONG,False,-1,-1,-1,-1,-1,-1,True,,,0.0,0.0,no_entry,False,False,1,1,c8dcf21ff39d
2026-07-23,US.META,SHORT,True,75,375,645,645,-1,945,True,605.568,604.31,1.2580000000000382,0.00207738850137398,scheduled_flatten,True,False,1,1,c8dcf21ff39d
2026-07-23,US.MSFT,LONG,False,-1,-1,-1,-1,-1,-1,True,,,0.0,0.0,no_entry,False,False,1,1,c8dcf21ff39d
2026-07-23,US.MSFT,SHORT,False,-1,-1,-1,-1,-1,-1,True,,,0.0,0.0,no_entry,False,False,1,1,c8dcf21ff39d
2026-07-23,US.MU,LONG,False,-1,-1,-1,-1,-1,-1,True,,,0.0,0.0,no_entry,False,False,1,1,c8dcf21ff39d
2026-07-23,US.MU,SHORT,False,-1,-1,-1,-1,-1,-1,True,,,0.0,0.0,no_entry,False,False,1,1,c8dcf21ff39d
2026-07-23,US.NVDA,LONG,False,-1,-1,-1,-1,-1,-1,True,,,0.0,0.0,no_entry,False,False,1,1,c8dcf21ff39d
2026-07-23,US.NVDA,SHORT,True,59,60,629,629,630,630,True,208.112128834,208.316899702,-0.2047708679999971,-0.0009839449009881205,soft_failure_loss,False,False,1,1,c8dcf21ff39d
2026-07-23,US.QQQ,LONG,False,-1,-1,-1,-1,-1,-1,True,,,0.0,0.0,no_entry,False,False,1,1,c8dcf21ff39d
2026-07-23,US.QQQ,SHORT,True,149,151,719,719,721,721,True,691.41,691.8,-0.38999999999998636,-0.0005640647372759816,soft_failure_loss,False,False,1,1,c8dcf21ff39d
2026-07-23,US.SPY,LONG,False,-1,-1,-1,-1,-1,-1,True,,,0.0,0.0,no_entry,False,False,1,1,c8dcf21ff39d
2026-07-23,US.SPY,SHORT,True,150,153,720,720,723,723,True,737.845,738.19,-0.3450000000000273,-0.00046757787882282495,soft_failure_loss,False,False,1,1,c8dcf21ff39d
2026-07-23,US.TSLA,LONG,False,-1,-1,-1,-1,-1,-1,True,,,0.0,0.0,no_entry,False,False,1,1,c8dcf21ff39d
2026-07-23,US.TSLA,SHORT,False,-1,-1,-1,-1,-1,-1,True,,,0.0,0.0,no_entry,False,False,1,1,c8dcf21ff39d
2026-07-24,US.AAPL,LONG,True,30,375,600,600,-1,945,True,326.578340815,332.468261023,5.889920208000035,0.018035244447936475,scheduled_flatten,True,False,1,1,c8dcf21ff39d
2026-07-24,US.AAPL,SHORT,False,-1,-1,-1,-1,-1,-1,True,,,0.0,0.0,no_entry,False,False,1,1,c8dcf21ff39d
2026-07-24,US.AMD,LONG,False,-1,-1,-1,-1,-1,-1,True,,,0.0,0.0,no_entry,False,False,1,1,c8dcf21ff39d
2026-07-24,US.AMD,SHORT,True,38,42,608,608,612,612,True,529.1,529.3501,-0.2500999999999749,-0.00047268947268942524,soft_failure_loss,False,False,1,1,c8dcf21ff39d
2026-07-24,US.IWM,LONG,False,-1,-1,-1,-1,-1,-1,True,,,0.0,0.0,no_entry,False,False,1,1,c8dcf21ff39d
2026-07-24,US.IWM,SHORT,True,24,105,594,594,675,675,True,291.87,292.71,-0.839999999999975,-0.0028779936272997396,trailing,False,False,1,1,c8dcf21ff39d
2026-07-24,US.META,LONG,True,108,110,678,678,680,680,True,607.79,607.09,-0.6999999999999318,-0.001151713585284279,soft_failure_loss,False,False,1,1,c8dcf21ff39d
2026-07-24,US.META,SHORT,True,25,27,595,595,597,597,True,601.94,603.17,-1.2299999999999045,-0.00204339302920541,soft_failure_loss,False,False,1,1,c8dcf21ff39d
2026-07-24,US.MSFT,LONG,False,-1,-1,-1,-1,-1,-1,True,,,0.0,0.0,no_entry,False,False,1,1,c8dcf21ff39d
2026-07-24,US.MSFT,SHORT,False,-1,-1,-1,-1,-1,-1,True,,,0.0,0.0,no_entry,False,False,1,1,c8dcf21ff39d
2026-07-24,US.MU,LONG,False,-1,-1,-1,-1,-1,-1,True,,,0.0,0.0,no_entry,False,False,1,1,c8dcf21ff39d
2026-07-24,US.MU,SHORT,True,21,375,591,591,-1,945,True,941.68,913.86,27.819999999999936,0.029542944524679232,scheduled_flatten,True,False,1,1,c8dcf21ff39d
2026-07-24,US.NVDA,LONG,False,-1,-1,-1,-1,-1,-1,True,,,0.0,0.0,no_entry,False,False,1,1,c8dcf21ff39d
2026-07-24,US.NVDA,SHORT,True,30,31,600,600,601,601,True,206.059425747,206.728676875,-0.6692511279999849,-0.0032478549601593675,soft_failure_loss,False,False,1,1,c8dcf21ff39d
2026-07-24,US.QQQ,LONG,False,-1,-1,-1,-1,-1,-1,True,,,0.0,0.0,no_entry,False,False,1,1,c8dcf21ff39d
2026-07-24,US.QQQ,SHORT,True,36,38,606,606,608,608,True,686.36,686.82,-0.4600000000000364,-0.0006702022262370132,soft_failure_loss,False,False,1,1,c8dcf21ff39d
2026-07-24,US.SPY,LONG,True,20,21,590,590,591,591,True,739.81,738.98,-0.8299999999999272,-0.001121909679512209,soft_failure_loss,False,False,1,1,c8dcf21ff39d
2026-07-24,US.SPY,SHORT,True,22,34,592,592,604,604,True,738.29,738.43,-0.13999999999998636,-0.00018962738219397034,soft_failure_loss,False,False,1,1,c8dcf21ff39d
2026-07-24,US.TSLA,LONG,False,-1,-1,-1,-1,-1,-1,True,,,0.0,0.0,no_entry,False,False,1,1,c8dcf21ff39d
2026-07-24,US.TSLA,SHORT,True,28,31,598,598,601,601,True,316.075,316.87,-0.7950000000000159,-0.0025152258166574893,soft_failure_loss,False,False,1,1,c8dcf21ff39d
2026-07-27,US.AAPL,LONG,True,62,67,632,632,637,637,True,336.949396245,336.839491033,-0.10990521200000103,-0.00032617720412856185,soft_failure_loss,False,False,1,1,c8dcf21ff39d
2026-07-27,US.AAPL,SHORT,False,-1,-1,-1,-1,-1,-1,True,,,0.0,0.0,no_entry,False,False,1,1,c8dcf21ff39d
2026-07-27,US.AMD,LONG,False,-1,-1,-1,-1,-1,-1,True,,,0.0,0.0,no_entry,False,False,1,1,c8dcf21ff39d
2026-07-27,US.AMD,SHORT,False,-1,-1,-1,-1,-1,-1,True,,,0.0,0.0,no_entry,False,False,1,1,c8dcf21ff39d
2026-07-27,US.IWM,LONG,False,-1,-1,-1,-1,-1,-1,True,,,0.0,0.0,no_entry,False,False,1,1,c8dcf21ff39d
2026-07-27,US.IWM,SHORT,True,89,90,659,659,660,660,True,293.051,293.3,-0.24900000000002365,-0.0008496814547639273,soft_failure_loss,False,False,1,1,c8dcf21ff39d
2026-07-27,US.META,LONG,False,-1,-1,-1,-1,-1,-1,True,,,0.0,0.0,no_entry,False,False,1,1,c8dcf21ff39d
2026-07-27,US.META,SHORT,False,-1,-1,-1,-1,-1,-1,True,,,0.0,0.0,no_entry,False,False,1,1,c8dcf21ff39d
2026-07-27,US.MSFT,LONG,True,45,50,615,615,620,620,True,391.722582573,391.013916636,-0.7086659370000348,-0.0018091015645440107,soft_failure_loss,False,False,1,1,c8dcf21ff39d
2026-07-27,US.MSFT,SHORT,False,-1,-1,-1,-1,-1,-1,True,,,0.0,0.0,no_entry,False,False,1,1,c8dcf21ff39d
2026-07-27,US.MU,LONG,False,-1,-1,-1,-1,-1,-1,True,,,0.0,0.0,no_entry,False,False,1,1,c8dcf21ff39d
2026-07-27,US.MU,SHORT,True,149,154,719,719,724,724,True,875.935,878.33,-2.3950000000000955,-0.002734221146546371,soft_failure_loss,False,False,1,1,c8dcf21ff39d
2026-07-27,US.NVDA,LONG,False,-1,-1,-1,-1,-1,-1,True,,,0.0,0.0,no_entry,False,False,1,1,c8dcf21ff39d
2026-07-27,US.NVDA,SHORT,False,-1,-1,-1,-1,-1,-1,True,,,0.0,0.0,no_entry,False,False,1,1,c8dcf21ff39d
2026-07-27,US.QQQ,LONG,False,-1,-1,-1,-1,-1,-1,True,,,0.0,0.0,no_entry,False,False,1,1,c8dcf21ff39d
2026-07-27,US.QQQ,SHORT,True,96,375,666,666,-1,945,True,682.02,681.67,0.35000000000002274,0.0005131814316296044,scheduled_flatten,True,False,1,1,c8dcf21ff39d
2026-07-27,US.SPY,LONG,False,-1,-1,-1,-1,-1,-1,True,,,0.0,0.0,no_entry,False,False,1,1,c8dcf21ff39d
2026-07-27,US.SPY,SHORT,True,96,375,666,666,-1,945,True,740.24,738.96,1.2799999999999727,0.0017291689181886587,scheduled_flatten,True,False,1,1,c8dcf21ff39d
2026-07-27,US.TSLA,LONG,False,-1,-1,-1,-1,-1,-1,True,,,0.0,0.0,no_entry,False,False,1,1,c8dcf21ff39d
2026-07-27,US.TSLA,SHORT,True,43,375,613,613,-1,945,True,309.735,308.66,1.0749999999999886,0.0034707088317432275,scheduled_flatten,True,False,1,1,c8dcf21ff39d
2026-07-28,US.AAPL,LONG,False,-1,-1,-1,-1,-1,-1,True,,,0.0,0.0,no_entry,False,False,1,1,c8dcf21ff39d
2026-07-28,US.AAPL,SHORT,True,58,59,628,628,629,629,True,337.359042943,337.48893092,-0.12988797699995303,-0.00038501406651754943,soft_failure_loss,False,False,1,1,c8dcf21ff39d
2026-07-28,US.AMD,LONG,False,-1,-1,-1,-1,-1,-1,True,,,0.0,0.0,no_entry,False,False,1,1,c8dcf21ff39d
2026-07-28,US.AMD,SHORT,True,66,68,636,636,638,638,True,450.46,451.35,-0.8900000000000432,-0.0019757581139280807,soft_failure_loss,False,False,1,1,c8dcf21ff39d
2026-07-28,US.IWM,LONG,False,-1,-1,-1,-1,-1,-1,True,,,0.0,0.0,no_entry,False,False,1,1,c8dcf21ff39d
2026-07-28,US.IWM,SHORT,True,33,34,603,603,604,604,True,291.465,291.63,-0.16500000000002046,-0.0005661057073748837,soft_failure_loss,False,False,1,1,c8dcf21ff39d
2026-07-28,US.META,LONG,False,-1,-1,-1,-1,-1,-1,True,,,0.0,0.0,no_entry,False,False,1,1,c8dcf21ff39d
2026-07-28,US.META,SHORT,True,22,23,592,592,593,593,True,593.62,595.47,-1.8500000000000227,-0.0031164718169873367,soft_failure_loss,False,False,1,1,c8dcf21ff39d
2026-07-28,US.MSFT,LONG,False,-1,-1,-1,-1,-1,-1,True,,,0.0,0.0,no_entry,False,False,1,1,c8dcf21ff39d
2026-07-28,US.MSFT,SHORT,False,-1,-1,-1,-1,-1,-1,True,,,0.0,0.0,no_entry,False,False,1,1,c8dcf21ff39d
2026-07-28,US.MU,LONG,False,-1,-1,-1,-1,-1,-1,True,,,0.0,0.0,no_entry,False,False,1,1,c8dcf21ff39d
2026-07-28,US.MU,SHORT,True,31,35,601,601,605,605,True,812.64,815.54,-2.8999999999999773,-0.0035686158692655756,soft_failure_loss,False,False,1,1,c8dcf21ff39d
2026-07-28,US.NVDA,LONG,False,-1,-1,-1,-1,-1,-1,True,,,0.0,0.0,no_entry,False,False,1,1,c8dcf21ff39d
2026-07-28,US.NVDA,SHORT,True,25,27,595,595,597,597,True,193.213799613,193.753196045,-0.539396432000018,-0.002791707595836368,soft_failure_loss,False,False,1,1,c8dcf21ff39d
2026-07-28,US.QQQ,LONG,False,-1,-1,-1,-1,-1,-1,True,,,0.0,0.0,no_entry,False,False,1,1,c8dcf21ff39d
2026-07-28,US.QQQ,SHORT,True,38,66,608,608,636,636,True,670.7998,670.958,-0.15819999999996526,-0.00023583787592060292,failed_followthrough,False,False,1,1,c8dcf21ff39d
2026-07-28,US.SPY,LONG,False,-1,-1,-1,-1,-1,-1,True,,,0.0,0.0,no_entry,False,False,1,1,c8dcf21ff39d
2026-07-28,US.SPY,SHORT,False,-1,-1,-1,-1,-1,-1,True,,,0.0,0.0,no_entry,False,False,1,1,c8dcf21ff39d
2026-07-28,US.TSLA,LONG,False,-1,-1,-1,-1,-1,-1,True,,,0.0,0.0,no_entry,False,False,1,1,c8dcf21ff39d
2026-07-28,US.TSLA,SHORT,True,38,41,608,608,611,611,True,302.4,303.0005,-0.6005000000000109,-0.0019857804232804597,soft_failure_loss,False,False,1,1,c8dcf21ff39d
2026-07-29,US.AAPL,LONG,True,26,27,596,596,597,597,True,342.394699914,342.224846405,-0.1698535090000064,-0.0004960751700965841,soft_failure_loss,False,False,1,1,c8dcf21ff39d
2026-07-29,US.AAPL,SHORT,False,-1,-1,-1,-1,-1,-1,True,,,0.0,0.0,no_entry,False,False,1,1,c8dcf21ff39d
2026-07-29,US.AMD,LONG,False,-1,-1,-1,-1,-1,-1,True,,,0.0,0.0,no_entry,False,False,1,1,c8dcf21ff39d
2026-07-29,US.AMD,SHORT,True,33,36,603,603,606,606,True,442.74,443.54,-0.8000000000000114,-0.0018069295749198432,soft_failure_loss,False,False,1,1,c8dcf21ff39d
2026-07-29,US.IWM,LONG,False,-1,-1,-1,-1,-1,-1,True,,,0.0,0.0,no_entry,False,False,1,1,c8dcf21ff39d
2026-07-29,US.IWM,SHORT,True,31,33,601,601,603,603,True,292.07,292.21,-0.13999999999998636,-0.0004793371452048699,soft_failure_loss,False,False,1,1,c8dcf21ff39d
2026-07-29,US.META,LONG,False,-1,-1,-1,-1,-1,-1,True,,,0.0,0.0,no_entry,False,False,1,1,c8dcf21ff39d
2026-07-29,US.META,SHORT,True,18,31,588,588,601,601,True,589.43,590.76,-1.330000000000041,-0.002256417216633088,soft_failure_loss,False,False,1,1,c8dcf21ff39d
2026-07-29,US.MSFT,LONG,False,-1,-1,-1,-1,-1,-1,True,,,0.0,0.0,no_entry,False,False,1,1,c8dcf21ff39d
2026-07-29,US.MSFT,SHORT,False,-1,-1,-1,-1,-1,-1,True,,,0.0,0.0,no_entry,False,False,1,1,c8dcf21ff39d
2026-07-29,US.MU,LONG,False,-1,-1,-1,-1,-1,-1,True,,,0.0,0.0,no_entry,False,False,1,1,c8dcf21ff39d
2026-07-29,US.MU,SHORT,True,33,375,603,603,-1,945,True,808.02,746.36,61.65999999999997,0.07630999232692257,scheduled_flatten,True,False,1,1,c8dcf21ff39d
2026-07-29,US.NVDA,LONG,False,-1,-1,-1,-1,-1,-1,True,,,0.0,0.0,no_entry,False,False,1,1,c8dcf21ff39d
2026-07-29,US.NVDA,SHORT,True,83,89,653,653,659,659,True,192.075073813,192.149989984,-0.07491617100001235,-0.00039003588291185073,failed_followthrough,False,False,1,1,c8dcf21ff39d
2026-07-29,US.QQQ,LONG,False,-1,-1,-1,-1,-1,-1,True,,,0.0,0.0,no_entry,False,False,1,1,c8dcf21ff39d
2026-07-29,US.QQQ,SHORT,True,33,35,603,603,605,605,True,672.07,672.47,-0.39999999999997726,-0.0005951760977278813,soft_failure_loss,False,False,1,1,c8dcf21ff39d
2026-07-29,US.SPY,LONG,False,-1,-1,-1,-1,-1,-1,True,,,0.0,0.0,no_entry,False,False,1,1,c8dcf21ff39d
2026-07-29,US.SPY,SHORT,True,33,215,603,603,785,785,True,737.78,735.895,1.884999999999991,0.0025549621838488316,trailing,False,False,1,1,c8dcf21ff39d
2026-07-29,US.TSLA,LONG,False,-1,-1,-1,-1,-1,-1,True,,,0.0,0.0,no_entry,False,False,1,1,c8dcf21ff39d
2026-07-29,US.TSLA,SHORT,True,27,28,597,597,598,598,True,304.0399,304.535,-0.4951000000000363,-0.001628404692936803,soft_failure_loss,False,False,1,1,c8dcf21ff39d
2026-07-30,US.AAPL,LONG,False,-1,-1,-1,-1,-1,-1,True,,,0.0,0.0,no_entry,False,False,1,1,c8dcf21ff39d
2026-07-30,US.AAPL,SHORT,False,-1,-1,-1,-1,-1,-1,True,,,0.0,0.0,no_entry,False,False,1,1,c8dcf21ff39d
2026-07-30,US.AMD,LONG,True,85,86,655,655,656,656,True,485.32,484.06,-1.259999999999991,-0.002596225171021163,soft_failure_loss,False,False,1,1,c8dcf21ff39d
2026-07-30,US.AMD,SHORT,False,-1,-1,-1,-1,-1,-1,True,,,0.0,0.0,no_entry,False,False,1,1,c8dcf21ff39d
2026-07-30,US.IWM,LONG,False,-1,-1,-1,-1,-1,-1,True,,,0.0,0.0,no_entry,False,False,1,1,c8dcf21ff39d
2026-07-30,US.IWM,SHORT,False,-1,-1,-1,-1,-1,-1,True,,,0.0,0.0,no_entry,False,False,1,1,c8dcf21ff39d
2026-07-30,US.META,LONG,False,-1,-1,-1,-1,-1,-1,True,,,0.0,0.0,no_entry,False,False,1,1,c8dcf21ff39d
2026-07-30,US.META,SHORT,False,-1,-1,-1,-1,-1,-1,True,,,0.0,0.0,no_entry,False,False,1,1,c8dcf21ff39d
2026-07-30,US.MSFT,LONG,False,-1,-1,-1,-1,-1,-1,True,,,0.0,0.0,no_entry,False,False,1,1,c8dcf21ff39d
2026-07-30,US.MSFT,SHORT,False,-1,-1,-1,-1,-1,-1,True,,,0.0,0.0,no_entry,False,False,1,1,c8dcf21ff39d
2026-07-30,US.MU,LONG,True,38,39,608,608,609,609,True,825.16,823.635,-1.5249999999999773,-0.0018481264239662335,soft_failure_loss,False,False,1,1,c8dcf21ff39d
2026-07-30,US.MU,SHORT,False,-1,-1,-1,-1,-1,-1,True,,,0.0,0.0,no_entry,False,False,1,1,c8dcf21ff39d
2026-07-30,US.NVDA,LONG,True,77,78,647,647,648,648,True,195.041754188,194.911899491,-0.12985469699998475,-0.0006657789637946873,soft_failure_loss,False,False,1,1,c8dcf21ff39d
2026-07-30,US.NVDA,SHORT,False,-1,-1,-1,-1,-1,-1,True,,,0.0,0.0,no_entry,False,False,1,1,c8dcf21ff39d
2026-07-30,US.QQQ,LONG,True,82,83,652,652,653,653,True,680.8,680.31,-0.4900000000000091,-0.0007197414806110593,soft_failure_loss,False,False,1,1,c8dcf21ff39d
2026-07-30,US.QQQ,SHORT,False,-1,-1,-1,-1,-1,-1,True,,,0.0,0.0,no_entry,False,False,1,1,c8dcf21ff39d
2026-07-30,US.SPY,LONG,True,39,41,609,609,611,611,True,737.755,737.64,-0.1150000000000091,-0.00015587830648387214,soft_failure_loss,False,False,1,1,c8dcf21ff39d
2026-07-30,US.SPY,SHORT,False,-1,-1,-1,-1,-1,-1,True,,,0.0,0.0,no_entry,False,False,1,1,c8dcf21ff39d
2026-07-30,US.TSLA,LONG,True,35,36,605,605,606,606,True,307.7651,307.2001,-0.5649999999999977,-0.0018358156919026805,soft_failure_loss,False,False,1,1,c8dcf21ff39d
2026-07-30,US.TSLA,SHORT,False,-1,-1,-1,-1,-1,-1,True,,,0.0,0.0,no_entry,False,False,1,1,c8dcf21ff39d
2026-07-31,US.AAPL,LONG,False,-1,-1,-1,-1,-1,-1,True,,,0.0,0.0,no_entry,False,False,1,1,c8dcf21ff39d
2026-07-31,US.AAPL,SHORT,False,-1,-1,-1,-1,-1,-1,True,,,0.0,0.0,no_entry,False,False,1,1,c8dcf21ff39d
2026-07-31,US.AMD,LONG,False,-1,-1,-1,-1,-1,-1,True,,,0.0,0.0,no_entry,False,False,1,1,c8dcf21ff39d
2026-07-31,US.AMD,SHORT,True,61,66,631,631,636,636,True,493.54,493.69,-0.14999999999997726,-0.0003039267333954234,failed_followthrough,False,False,1,1,c8dcf21ff39d
2026-07-31,US.IWM,LONG,False,-1,-1,-1,-1,-1,-1,True,,,0.0,0.0,no_entry,False,False,1,1,c8dcf21ff39d
2026-07-31,US.IWM,SHORT,True,60,62,630,630,632,632,True,289.78,289.94,-0.160000000000025,-0.0005521430050383913,soft_failure_loss,False,False,1,1,c8dcf21ff39d
2026-07-31,US.META,LONG,False,-1,-1,-1,-1,-1,-1,True,,,0.0,0.0,no_entry,False,False,1,1,c8dcf21ff39d
2026-07-31,US.META,SHORT,False,-1,-1,-1,-1,-1,-1,True,,,0.0,0.0,no_entry,False,False,1,1,c8dcf21ff39d
2026-07-31,US.MSFT,LONG,False,-1,-1,-1,-1,-1,-1,True,,,0.0,0.0,no_entry,False,False,1,1,c8dcf21ff39d
2026-07-31,US.MSFT,SHORT,False,-1,-1,-1,-1,-1,-1,True,,,0.0,0.0,no_entry,False,False,1,1,c8dcf21ff39d
2026-07-31,US.MU,LONG,False,-1,-1,-1,-1,-1,-1,True,,,0.0,0.0,no_entry,False,False,1,1,c8dcf21ff39d
2026-07-31,US.MU,SHORT,False,-1,-1,-1,-1,-1,-1,True,,,0.0,0.0,no_entry,False,False,1,1,c8dcf21ff39d
2026-07-31,US.NVDA,LONG,False,-1,-1,-1,-1,-1,-1,True,,,0.0,0.0,no_entry,False,False,1,1,c8dcf21ff39d
2026-07-31,US.NVDA,SHORT,True,51,53,621,621,623,623,True,196.669932306,196.819764648,-0.1498323419999963,-0.0007618467156782827,soft_failure_loss,False,False,1,1,c8dcf21ff39d
2026-07-31,US.QQQ,LONG,False,-1,-1,-1,-1,-1,-1,True,,,0.0,0.0,no_entry,False,False,1,1,c8dcf21ff39d
2026-07-31,US.QQQ,SHORT,True,79,80,649,649,650,650,True,685.79,686.19,-0.40000000000009095,-0.0005832689307223655,soft_failure_loss,False,False,1,1,c8dcf21ff39d
2026-07-31,US.SPY,LONG,False,-1,-1,-1,-1,-1,-1,True,,,0.0,0.0,no_entry,False,False,1,1,c8dcf21ff39d
2026-07-31,US.SPY,SHORT,True,62,63,632,632,633,633,True,740.7,740.84,-0.13999999999998636,-0.00018901039557173803,soft_failure_loss,False,False,1,1,c8dcf21ff39d
2026-07-31,US.TSLA,LONG,False,-1,-1,-1,-1,-1,-1,True,,,0.0,0.0,no_entry,False,False,1,1,c8dcf21ff39d
2026-07-31,US.TSLA,SHORT,True,65,66,635,635,636,636,True,304.92,305.75,-0.8299999999999841,-0.002722025449298124,soft_failure_loss,False,False,1,1,c8dcf21ff39d
2026-08-03,US.AAPL,LONG,False,-1,-1,-1,-1,-1,-1,True,,,0.0,0.0,no_entry,False,False,1,1,c8dcf21ff39d
2026-08-03,US.AAPL,SHORT,False,-1,-1,-1,-1,-1,-1,True,,,0.0,0.0,no_entry,False,False,1,1,c8dcf21ff39d
2026-08-03,US.AMD,LONG,False,-1,-1,-1,-1,-1,-1,True,,,0.0,0.0,no_entry,False,False,1,1,c8dcf21ff39d
2026-08-03,US.AMD,SHORT,False,-1,-1,-1,-1,-1,-1,True,,,0.0,0.0,no_entry,False,False,1,1,c8dcf21ff39d
2026-08-03,US.IWM,LONG,True,119,123,689,689,693,693,True,295.33,295.26,-0.06999999999999318,-0.00023702299123012623,soft_failure_loss,False,False,1,1,c8dcf21ff39d
2026-08-03,US.IWM,SHORT,False,-1,-1,-1,-1,-1,-1,True,,,0.0,0.0,no_entry,False,False,1,1,c8dcf21ff39d
2026-08-03,US.META,LONG,True,60,62,630,630,632,632,True,586.79,585.455,-1.3349999999999227,-0.0022750898958740313,soft_failure_loss,False,False,1,1,c8dcf21ff39d
2026-08-03,US.META,SHORT,False,-1,-1,-1,-1,-1,-1,True,,,0.0,0.0,no_entry,False,False,1,1,c8dcf21ff39d
2026-08-03,US.MSFT,LONG,False,-1,-1,-1,-1,-1,-1,True,,,0.0,0.0,no_entry,False,False,1,1,c8dcf21ff39d
2026-08-03,US.MSFT,SHORT,False,-1,-1,-1,-1,-1,-1,True,,,0.0,0.0,no_entry,False,False,1,1,c8dcf21ff39d
2026-08-03,US.MU,LONG,True,117,119,687,687,689,689,True,808.16,805.0,-3.159999999999968,-0.003910116808552723,soft_failure_loss,False,False,1,1,c8dcf21ff39d
2026-08-03,US.MU,SHORT,False,-1,-1,-1,-1,-1,-1,True,,,0.0,0.0,no_entry,False,False,1,1,c8dcf21ff39d
2026-08-03,US.NVDA,LONG,False,-1,-1,-1,-1,-1,-1,True,,,0.0,0.0,no_entry,False,False,1,1,c8dcf21ff39d
2026-08-03,US.NVDA,SHORT,False,-1,-1,-1,-1,-1,-1,True,,,0.0,0.0,no_entry,False,False,1,1,c8dcf21ff39d
2026-08-03,US.QQQ,LONG,True,38,375,608,608,-1,945,True,691.57,700.4,8.829999999999927,0.012768049510533896,scheduled_flatten,True,False,1,1,c8dcf21ff39d
2026-08-03,US.QQQ,SHORT,False,-1,-1,-1,-1,-1,-1,True,,,0.0,0.0,no_entry,False,False,1,1,c8dcf21ff39d
2026-08-03,US.SPY,LONG,False,-1,-1,-1,-1,-1,-1,True,,,0.0,0.0,no_entry,False,False,1,1,c8dcf21ff39d
2026-08-03,US.SPY,SHORT,False,-1,-1,-1,-1,-1,-1,True,,,0.0,0.0,no_entry,False,False,1,1,c8dcf21ff39d
2026-08-03,US.TSLA,LONG,True,56,57,626,626,627,627,True,318.62,318.4,-0.22000000000002728,-0.0006904776850167199,soft_failure_loss,False,False,1,1,c8dcf21ff39d
2026-08-03,US.TSLA,SHORT,False,-1,-1,-1,-1,-1,-1,True,,,0.0,0.0,no_entry,False,False,1,1,c8dcf21ff39d
2026-08-04,US.AAPL,LONG,True,23,25,593,593,595,595,True,304.337522524,303.917884443,-0.4196380810000164,-0.001378857518191579,soft_failure_loss,False,False,1,1,c8dcf21ff39d
2026-08-04,US.AAPL,SHORT,False,-1,-1,-1,-1,-1,-1,True,,,0.0,0.0,no_entry,False,False,1,1,c8dcf21ff39d
2026-08-04,US.AMD,LONG,True,66,67,636,636,637,637,True,517.58,516.26,-1.32000000000005,-0.002550330383708895,soft_failure_loss,False,False,1,1,c8dcf21ff39d
2026-08-04,US.AMD,SHORT,False,-1,-1,-1,-1,-1,-1,True,,,0.0,0.0,no_entry,False,False,1,1,c8dcf21ff39d
2026-08-04,US.IWM,LONG,True,24,28,594,594,598,598,True,298.31,298.22,-0.08999999999997499,-0.0003016995742682947,soft_failure_loss,False,False,1,1,c8dcf21ff39d
2026-08-04,US.IWM,SHORT,True,17,21,587,587,591,591,True,297.41,297.79,-0.37999999999999545,-0.0012776974546921604,soft_failure_loss,False,False,1,1,c8dcf21ff39d
2026-08-04,US.META,LONG,False,-1,-1,-1,-1,-1,-1,True,,,0.0,0.0,no_entry,False,False,1,1,c8dcf21ff39d
2026-08-04,US.META,SHORT,False,-1,-1,-1,-1,-1,-1,True,,,0.0,0.0,no_entry,False,False,1,1,c8dcf21ff39d
2026-08-04,US.MSFT,LONG,False,-1,-1,-1,-1,-1,-1,True,,,0.0,0.0,no_entry,False,False,1,1,c8dcf21ff39d
2026-08-04,US.MSFT,SHORT,False,-1,-1,-1,-1,-1,-1,True,,,0.0,0.0,no_entry,False,False,1,1,c8dcf21ff39d
2026-08-04,US.MU,LONG,True,93,94,663,663,664,664,True,887.17,885.7646,-1.405399999999986,-0.0015841383274907697,soft_failure_loss,False,False,1,1,c8dcf21ff39d
2026-08-04,US.MU,SHORT,False,-1,-1,-1,-1,-1,-1,True,,,0.0,0.0,no_entry,False,False,1,1,c8dcf21ff39d
2026-08-04,US.NVDA,LONG,False,-1,-1,-1,-1,-1,-1,True,,,0.0,0.0,no_entry,False,False,1,1,c8dcf21ff39d
2026-08-04,US.NVDA,SHORT,True,26,31,596,596,601,601,True,210.034977225,210.005010757,0.029966467999997803,0.00014267370318942743,failed_followthrough,False,False,1,1,c8dcf21ff39d
2026-08-04,US.QQQ,LONG,True,26,27,596,596,597,597,True,713.7,713.04,-0.6600000000000819,-0.0009247583018075967,soft_failure_loss,False,False,1,1,c8dcf21ff39d
2026-08-04,US.QQQ,SHORT,False,-1,-1,-1,-1,-1,-1,True,,,0.0,0.0,no_entry,False,False,1,1,c8dcf21ff39d
2026-08-04,US.SPY,LONG,True,16,17,586,586,587,587,True,762.48,762.17,-0.3100000000000591,-0.00040656804112902515,soft_failure_loss,False,False,1,1,c8dcf21ff39d
2026-08-04,US.SPY,SHORT,False,-1,-1,-1,-1,-1,-1,True,,,0.0,0.0,no_entry,False,False,1,1,c8dcf21ff39d
2026-08-04,US.TSLA,LONG,False,-1,-1,-1,-1,-1,-1,True,,,0.0,0.0,no_entry,False,False,1,1,c8dcf21ff39d
2026-08-04,US.TSLA,SHORT,False,-1,-1,-1,-1,-1,-1,True,,,0.0,0.0,no_entry,False,False,1,1,c8dcf21ff39d
2026-08-05,US.AAPL,LONG,True,109,116,679,679,686,686,True,309.333213964,309.293048605,-0.04016535899995688,-0.00012984496066636834,failed_followthrough,False,False,1,1,c8dcf21ff39d
2026-08-05,US.AAPL,SHORT,False,-1,-1,-1,-1,-1,-1,True,,,0.0,0.0,no_entry,False,False,1,1,c8dcf21ff39d
2026-08-05,US.AMD,LONG,False,-1,-1,-1,-1,-1,-1,True,,,0.0,0.0,no_entry,False,False,1,1,c8dcf21ff39d
2026-08-05,US.AMD,SHORT,False,-1,-1,-1,-1,-1,-1,True,,,0.0,0.0,no_entry,False,False,1,1,c8dcf21ff39d
2026-08-05,US.IWM,LONG,True,46,50,616,616,620,620,True,302.835,302.69,-0.1449999999999818,-0.00047880859213757264,soft_failure_loss,False,False,1,1,c8dcf21ff39d
2026-08-05,US.IWM,SHORT,False,-1,-1,-1,-1,-1,-1,True,,,0.0,0.0,no_entry,False,False,1,1,c8dcf21ff39d
2026-08-05,US.META,LONG,False,-1,-1,-1,-1,-1,-1,True,,,0.0,0.0,no_entry,False,False,1,1,c8dcf21ff39d
2026-08-05,US.META,SHORT,True,95,375,665,665,-1,945,True,591.575,586.81,4.7650000000001,0.008054769048726028,scheduled_flatten,True,False,1,1,c8dcf21ff39d
2026-08-05,US.MSFT,LONG,False,-1,-1,-1,-1,-1,-1,True,,,0.0,0.0,no_entry,False,False,1,1,c8dcf21ff39d
2026-08-05,US.MSFT,SHORT,True,56,58,626,626,628,628,True,488.575257495,488.979496516,-0.40423902099996667,-0.0008273833248792866,soft_failure_loss,False,False,1,1,c8dcf21ff39d
2026-08-05,US.MU,LONG,True,23,31,593,593,601,601,True,914.255,913.9601,-0.2948999999999842,-0.00032255771092308403,failed_followthrough,False,False,1,1,c8dcf21ff39d
2026-08-05,US.MU,SHORT,False,-1,-1,-1,-1,-1,-1,True,,,0.0,0.0,no_entry,False,False,1,1,c8dcf21ff39d
2026-08-05,US.NVDA,LONG,False,-1,-1,-1,-1,-1,-1,True,,,0.0,0.0,no_entry,False,False,1,1,c8dcf21ff39d
2026-08-05,US.NVDA,SHORT,False,-1,-1,-1,-1,-1,-1,True,,,0.0,0.0,no_entry,False,False,1,1,c8dcf21ff39d
2026-08-05,US.QQQ,LONG,True,19,21,589,589,591,591,True,728.17,727.09,-1.0799999999999272,-0.0014831701388411049,soft_failure_loss,False,False,1,1,c8dcf21ff39d
2026-08-05,US.QQQ,SHORT,True,79,80,649,649,650,650,True,723.79,724.12,-0.3300000000000409,-0.00045593335083386196,soft_failure_loss,False,False,1,1,c8dcf21ff39d
2026-08-05,US.SPY,LONG,False,-1,-1,-1,-1,-1,-1,True,,,0.0,0.0,no_entry,False,False,1,1,c8dcf21ff39d
2026-08-05,US.SPY,SHORT,True,22,23,592,592,593,593,True,774.91,775.18,-0.2699999999999818,-0.0003484275593294471,soft_failure_loss,False,False,1,1,c8dcf21ff39d
2026-08-05,US.TSLA,LONG,True,36,43,606,606,613,613,True,325.805,324.73,-1.0749999999999886,-0.0032995196513251443,soft_failure_loss,False,False,1,1,c8dcf21ff39d
2026-08-05,US.TSLA,SHORT,False,-1,-1,-1,-1,-1,-1,True,,,0.0,0.0,no_entry,False,False,1,1,c8dcf21ff39d
2026-08-06,US.AAPL,LONG,False,-1,-1,-1,-1,-1,-1,True,,,0.0,0.0,no_entry,False,False,1,1,c8dcf21ff39d
2026-08-06,US.AAPL,SHORT,True,77,86,647,647,656,656,True,313.109956693,313.259827436,-0.14987074300000813,-0.0004786521150042965,soft_failure_loss,False,False,1,1,c8dcf21ff39d
2026-08-06,US.AMD,LONG,True,69,70,639,639,640,640,True,487.4,486.1301,-1.26989999999995,-0.00260545752974959,soft_failure_loss,False,False,1,1,c8dcf21ff39d
2026-08-06,US.AMD,SHORT,False,-1,-1,-1,-1,-1,-1,True,,,0.0,0.0,no_entry,False,False,1,1,c8dcf21ff39d
2026-08-06,US.IWM,LONG,True,30,152,600,600,722,722,True,299.91,299.215,-0.69500000000005,-0.002317361875229402,trailing,False,False,1,1,c8dcf21ff39d
2026-08-06,US.IWM,SHORT,False,-1,-1,-1,-1,-1,-1,True,,,0.0,0.0,no_entry,False,False,1,1,c8dcf21ff39d
2026-08-06,US.META,LONG,False,-1,-1,-1,-1,-1,-1,True,,,0.0,0.0,no_entry,False,False,1,1,c8dcf21ff39d
2026-08-06,US.META,SHORT,False,-1,-1,-1,-1,-1,-1,True,,,0.0,0.0,no_entry,False,False,1,1,c8dcf21ff39d
2026-08-06,US.MSFT,LONG,True,37,41,607,607,611,611,True,494.07989502,493.730552657,-0.3493423630000052,-0.0007070564224959287,soft_failure_loss,False,False,1,1,c8dcf21ff39d
2026-08-06,US.MSFT,SHORT,False,-1,-1,-1,-1,-1,-1,True,,,0.0,0.0,no_entry,False,False,1,1,c8dcf21ff39d
2026-08-06,US.MU,LONG,False,-1,-1,-1,-1,-1,-1,True,,,0.0,0.0,no_entry,False,False,1,1,c8dcf21ff39d
2026-08-06,US.MU,SHORT,False,-1,-1,-1,-1,-1,-1,True,,,0.0,0.0,no_entry,False,False,1,1,c8dcf21ff39d
2026-08-06,US.NVDA,LONG,False,-1,-1,-1,-1,-1,-1,True,,,0.0,0.0,no_entry,False,False,1,1,c8dcf21ff39d
2026-08-06,US.NVDA,SHORT,False,-1,-1,-1,-1,-1,-1,True,,,0.0,0.0,no_entry,False,False,1,1,c8dcf21ff39d
2026-08-06,US.QQQ,LONG,True,27,34,597,597,604,604,True,714.8,714.57,-0.2299999999999045,-0.000321768326804567,soft_failure_loss,False,False,1,1,c8dcf21ff39d
2026-08-06,US.QQQ,SHORT,False,-1,-1,-1,-1,-1,-1,True,,,0.0,0.0,no_entry,False,False,1,1,c8dcf21ff39d
2026-08-06,US.SPY,LONG,True,17,25,587,587,595,595,True,771.045,770.925,-0.12000000000000455,-0.00015563293971169589,soft_failure_loss,False,False,1,1,c8dcf21ff39d
2026-08-06,US.SPY,SHORT,False,-1,-1,-1,-1,-1,-1,True,,,0.0,0.0,no_entry,False,False,1,1,c8dcf21ff39d
2026-08-06,US.TSLA,LONG,True,24,25,594,594,595,595,True,319.55,319.33,-0.22000000000002728,-0.0006884681583477618,soft_failure_loss,False,False,1,1,c8dcf21ff39d
2026-08-06,US.TSLA,SHORT,False,-1,-1,-1,-1,-1,-1,True,,,0.0,0.0,no_entry,False,False,1,1,c8dcf21ff39d
2026-08-07,US.AAPL,LONG,True,85,97,655,655,667,667,True,313.629508603,313.609525837,-0.019982765999998264,-6.371455954194969e-05,failed_followthrough,False,False,1,1,c8dcf21ff39d
2026-08-07,US.AAPL,SHORT,False,-1,-1,-1,-1,-1,-1,True,,,0.0,0.0,no_entry,False,False,1,1,c8dcf21ff39d
2026-08-07,US.AMD,LONG,False,-1,-1,-1,-1,-1,-1,True,,,0.0,0.0,no_entry,False,False,1,1,c8dcf21ff39d
2026-08-07,US.AMD,SHORT,True,78,92,648,648,662,662,True,480.65,480.66,-0.010000000000047748,-2.0805159679699884e-05,failed_followthrough,False,False,1,1,c8dcf21ff39d
2026-08-07,US.IWM,LONG,False,-1,-1,-1,-1,-1,-1,True,,,0.0,0.0,no_entry,False,False,1,1,c8dcf21ff39d
2026-08-07,US.IWM,SHORT,False,-1,-1,-1,-1,-1,-1,True,,,0.0,0.0,no_entry,False,False,1,1,c8dcf21ff39d
2026-08-07,US.META,LONG,False,-1,-1,-1,-1,-1,-1,True,,,0.0,0.0,no_entry,False,False,1,1,c8dcf21ff39d
2026-08-07,US.META,SHORT,False,-1,-1,-1,-1,-1,-1,True,,,0.0,0.0,no_entry,False,False,1,1,c8dcf21ff39d
2026-08-07,US.MSFT,LONG,False,-1,-1,-1,-1,-1,-1,True,,,0.0,0.0,no_entry,False,False,1,1,c8dcf21ff39d
2026-08-07,US.MSFT,SHORT,False,-1,-1,-1,-1,-1,-1,True,,,0.0,0.0,no_entry,False,False,1,1,c8dcf21ff39d
2026-08-07,US.MU,LONG,False,-1,-1,-1,-1,-1,-1,True,,,0.0,0.0,no_entry,False,False,1,1,c8dcf21ff39d
2026-08-07,US.MU,SHORT,True,57,58,627,627,628,628,True,862.49,863.79,-1.2999999999999545,-0.0015072638523344671,soft_failure_loss,False,False,1,1,c8dcf21ff39d
2026-08-07,US.NVDA,LONG,True,66,67,636,636,637,637,True,222.944032384,222.650460881,-0.29357150300000967,-0.0013167946226717588,soft_failure_loss,False,False,1,1,c8dcf21ff39d
2026-08-07,US.NVDA,SHORT,False,-1,-1,-1,-1,-1,-1,True,,,0.0,0.0,no_entry,False,False,1,1,c8dcf21ff39d
2026-08-07,US.QQQ,LONG,False,-1,-1,-1,-1,-1,-1,True,,,0.0,0.0,no_entry,False,False,1,1,c8dcf21ff39d
2026-08-07,US.QQQ,SHORT,True,30,31,600,600,601,601,True,719.32,719.76,-0.4399999999999409,-0.0006116888172161775,soft_failure_loss,False,False,1,1,c8dcf21ff39d
2026-08-07,US.SPY,LONG,True,23,24,593,593,594,594,True,772.145,771.97,-0.17499999999995453,-0.00022664136917282962,soft_failure_loss,False,False,1,1,c8dcf21ff39d
2026-08-07,US.SPY,SHORT,True,35,36,605,605,606,606,True,770.4004,770.66,-0.2595999999999776,-0.00033696763397316203,soft_failure_loss,False,False,1,1,c8dcf21ff39d
2026-08-07,US.TSLA,LONG,True,27,28,597,597,598,598,True,326.869,326.65,-0.21900000000005093,-0.0006699931776951957,soft_failure_loss,False,False,1,1,c8dcf21ff39d
2026-08-07,US.TSLA,SHORT,False,-1,-1,-1,-1,-1,-1,True,,,0.0,0.0,no_entry,False,False,1,1,c8dcf21ff39d
2026-08-10,US.AAPL,LONG,False,-1,-1,-1,-1,-1,-1,True,,,0.0,0.0,no_entry,False,False,1,1,c8dcf21ff39d
2026-08-10,US.AAPL,SHORT,False,-1,-1,-1,-1,-1,-1,True,,,0.0,0.0,no_entry,False,False,1,1,c8dcf21ff39d
2026-08-10,US.AMD,LONG,True,19,23,589,589,593,593,True,478.81,478.265,-0.5450000000000159,-0.001138238549737925,soft_failure_loss,False,False,1,1,c8dcf21ff39d
2026-08-10,US.AMD,SHORT,False,-1,-1,-1,-1,-1,-1,True,,,0.0,0.0,no_entry,False,False,1,1,c8dcf21ff39d
2026-08-10,US.IWM,LONG,False,-1,-1,-1,-1,-1,-1,True,,,0.0,0.0,no_entry,False,False,1,1,c8dcf21ff39d
2026-08-10,US.IWM,SHORT,True,116,118,686,686,688,688,True,300.2,300.28,-0.07999999999998408,-0.0002664890073283947,soft_failure_loss,False,False,1,1,c8dcf21ff39d
2026-08-10,US.META,LONG,False,-1,-1,-1,-1,-1,-1,True,,,0.0,0.0,no_entry,False,False,1,1,c8dcf21ff39d
2026-08-10,US.META,SHORT,False,-1,-1,-1,-1,-1,-1,True,,,0.0,0.0,no_entry,False,False,1,1,c8dcf21ff39d
2026-08-10,US.MSFT,LONG,True,77,78,647,647,648,648,True,509.371109322,508.882030013,-0.4890793089999761,-0.0009601630325107496,soft_failure_loss,False,False,1,1,c8dcf21ff39d
2026-08-10,US.MSFT,SHORT,False,-1,-1,-1,-1,-1,-1,True,,,0.0,0.0,no_entry,False,False,1,1,c8dcf21ff39d
2026-08-10,US.MU,LONG,True,18,24,588,588,594,594,True,876.555,874.78,-1.7749999999999773,-0.002024972762690279,soft_failure_loss,False,False,1,1,c8dcf21ff39d
2026-08-10,US.MU,SHORT,False,-1,-1,-1,-1,-1,-1,True,,,0.0,0.0,no_entry,False,False,1,1,c8dcf21ff39d
2026-08-10,US.NVDA,LONG,False,-1,-1,-1,-1,-1,-1,True,,,0.0,0.0,no_entry,False,False,1,1,c8dcf21ff39d
2026-08-10,US.NVDA,SHORT,True,24,375,594,594,-1,945,True,222.144527006,218.635353665,3.5091733410000074,0.01579680304662751,scheduled_flatten,True,False,1,1,c8dcf21ff39d
2026-08-10,US.QQQ,LONG,True,37,54,607,607,624,624,True,723.71,723.375,-0.3350000000000364,-0.00046289259510029756,soft_failure_loss,False,False,1,1,c8dcf21ff39d
2026-08-10,US.QQQ,SHORT,False,-1,-1,-1,-1,-1,-1,True,,,0.0,0.0,no_entry,False,False,1,1,c8dcf21ff39d
2026-08-10,US.SPY,LONG,True,32,34,602,602,604,604,True,773.725,773.59,-0.1349999999999909,-0.00017448059711136501,soft_failure_loss,False,False,1,1,c8dcf21ff39d
2026-08-10,US.SPY,SHORT,False,-1,-1,-1,-1,-1,-1,True,,,0.0,0.0,no_entry,False,False,1,1,c8dcf21ff39d
2026-08-10,US.TSLA,LONG,True,19,20,589,589,590,590,True,329.5008,329.3,-0.2008000000000152,-0.0006094067146423171,soft_failure_loss,False,False,1,1,c8dcf21ff39d
2026-08-10,US.TSLA,SHORT,False,-1,-1,-1,-1,-1,-1,True,,,0.0,0.0,no_entry,False,False,1,1,c8dcf21ff39d
2026-08-11,US.AAPL,LONG,False,-1,-1,-1,-1,-1,-1,True,,,0.0,0.0,no_entry,False,False,1,1,c8dcf21ff39d
2026-08-11,US.AAPL,SHORT,True,29,33,599,599,603,603,True,306.23,306.445,-0.214999999999975,-0.0007020866668842863,soft_failure_loss,False,False,1,1,c8dcf21ff39d
2026-08-11,US.AMD,LONG,False,-1,-1,-1,-1,-1,-1,True,,,0.0,0.0,no_entry,False,False,1,1,c8dcf21ff39d
2026-08-11,US.AMD,SHORT,False,-1,-1,-1,-1,-1,-1,True,,,0.0,0.0,no_entry,False,False,1,1,c8dcf21ff39d
2026-08-11,US.IWM,LONG,True,21,38,591,591,608,608,True,301.565,301.39,-0.17500000000001137,-0.0005803060700015299,soft_failure_loss,False,False,1,1,c8dcf21ff39d
2026-08-11,US.IWM,SHORT,False,-1,-1,-1,-1,-1,-1,True,,,0.0,0.0,no_entry,False,False,1,1,c8dcf21ff39d
2026-08-11,US.META,LONG,True,75,95,645,645,665,665,True,608.62,608.22,-0.39999999999997726,-0.0006572245407643148,soft_failure_loss,False,False,1,1,c8dcf21ff39d
2026-08-11,US.META,SHORT,False,-1,-1,-1,-1,-1,-1,True,,,0.0,0.0,no_entry,False,False,1,1,c8dcf21ff39d
2026-08-11,US.MSFT,LONG,False,-1,-1,-1,-1,-1,-1,True,,,0.0,0.0,no_entry,False,False,1,1,c8dcf21ff39d
2026-08-11,US.MSFT,SHORT,True,16,26,586,586,596,596,True,500.168433352,500.542728741,-0.3742953889999967,-0.0007483386876128216,soft_failure_loss,False,False,1,1,c8dcf21ff39d
2026-08-11,US.MU,LONG,False,-1,-1,-1,-1,-1,-1,True,,,0.0,0.0,no_entry,False,False,1,1,c8dcf21ff39d
2026-08-11,US.MU,SHORT,True,16,23,586,586,593,593,True,859.0899,862.5204,-3.430500000000052,-0.003993179293575739,soft_failure_loss,False,False,1,1,c8dcf21ff39d
2026-08-11,US.NVDA,LONG,False,-1,-1,-1,-1,-1,-1,True,,,0.0,0.0,no_entry,False,False,1,1,c8dcf21ff39d
2026-08-11,US.NVDA,SHORT,True,61,63,631,631,633,633,True,218.895063058,219.204716565,-0.30965350700000727,-0.001414620789862032,soft_failure_loss,False,False,1,1,c8dcf21ff39d
2026-08-11,US.QQQ,LONG,False,-1,-1,-1,-1,-1,-1,True,,,0.0,0.0,no_entry,False,False,1,1,c8dcf21ff39d
2026-08-11,US.QQQ,SHORT,True,17,19,587,587,589,589,True,719.05,719.21,-0.16000000000008185,-0.0002225158194841553,soft_failure_loss,False,False,1,1,c8dcf21ff39d
2026-08-11,US.SPY,LONG,False,-1,-1,-1,-1,-1,-1,True,,,0.0,0.0,no_entry,False,False,1,1,c8dcf21ff39d
2026-08-11,US.SPY,SHORT,True,18,23,588,588,593,593,True,772.77,773.055,-0.28499999999996817,-0.0003688031367676905,soft_failure_loss,False,False,1,1,c8dcf21ff39d
2026-08-11,US.TSLA,LONG,True,50,57,620,620,627,627,True,334.7001,334.5,-0.20010000000002037,-0.0005978486412164812,soft_failure_loss,False,False,1,1,c8dcf21ff39d
2026-08-11,US.TSLA,SHORT,False,-1,-1,-1,-1,-1,-1,True,,,0.0,0.0,no_entry,False,False,1,1,c8dcf21ff39d
2026-08-12,US.AAPL,LONG,False,-1,-1,-1,-1,-1,-1,True,,,0.0,0.0,no_entry,False,False,1,1,c8dcf21ff39d
2026-08-12,US.AAPL,SHORT,True,81,82,651,651,652,652,True,302.15,302.335,-0.18500000000000227,-0.0006122786695350067,soft_failure_loss,False,False,1,1,c8dcf21ff39d
2026-08-12,US.AMD,LONG,True,55,56,625,625,626,626,True,489.695,489.07,-0.625,-0.0012763046386015785,soft_failure_loss,False,False,1,1,c8dcf21ff39d
2026-08-12,US.AMD,SHORT,False,-1,-1,-1,-1,-1,-1,True,,,0.0,0.0,no_entry,False,False,1,1,c8dcf21ff39d
2026-08-12,US.IWM,LONG,False,-1,-1,-1,-1,-1,-1,True,,,0.0,0.0,no_entry,False,False,1,1,c8dcf21ff39d
2026-08-12,US.IWM,SHORT,True,41,49,611,611,619,619,True,302.005,302.07,-0.06499999999999773,-0.00021522822469825906,soft_failure_loss,False,False,1,1,c8dcf21ff39d
2026-08-12,US.META,LONG,False,-1,-1,-1,-1,-1,-1,True,,,0.0,0.0,no_entry,False,False,1,1,c8dcf21ff39d
2026-08-12,US.META,SHORT,False,-1,-1,-1,-1,-1,-1,True,,,0.0,0.0,no_entry,False,False,1,1,c8dcf21ff39d
2026-08-12,US.MSFT,LONG,False,-1,-1,-1,-1,-1,-1,True,,,0.0,0.0,no_entry,False,False,1,1,c8dcf21ff39d
2026-08-12,US.MSFT,SHORT,True,20,375,590,590,-1,945,True,495.626982629,492.742412829,2.8845698000000084,0.005820041888557234,scheduled_flatten,True,False,1,1,c8dcf21ff39d
2026-08-12,US.MU,LONG,True,27,31,597,597,601,601,True,920.85,919.78,-1.07000000000005,-0.0011619699190965412,soft_failure_loss,False,False,1,1,c8dcf21ff39d
2026-08-12,US.MU,SHORT,False,-1,-1,-1,-1,-1,-1,True,,,0.0,0.0,no_entry,False,False,1,1,c8dcf21ff39d
2026-08-12,US.NVDA,LONG,True,24,25,594,594,595,595,True,222.572847728,222.271285168,-0.3015625600000078,-0.0013548937486235469,soft_failure_loss,False,False,1,1,c8dcf21ff39d
2026-08-12,US.NVDA,SHORT,False,-1,-1,-1,-1,-1,-1,True,,,0.0,0.0,no_entry,False,False,1,1,c8dcf21ff39d
2026-08-12,US.QQQ,LONG,False,-1,-1,-1,-1,-1,-1,True,,,0.0,0.0,no_entry,False,False,1,1,c8dcf21ff39d
2026-08-12,US.QQQ,SHORT,True,94,95,664,664,665,665,True,723.505,723.68,-0.17499999999995453,-0.00024187807962620095,soft_failure_loss,False,False,1,1,c8dcf21ff39d
2026-08-12,US.SPY,LONG,False,-1,-1,-1,-1,-1,-1,True,,,0.0,0.0,no_entry,False,False,1,1,c8dcf21ff39d
2026-08-12,US.SPY,SHORT,True,27,28,597,597,598,598,True,772.1562,772.34,-0.18380000000001928,-0.0002380347396032296,soft_failure_loss,False,False,1,1,c8dcf21ff39d
2026-08-12,US.TSLA,LONG,False,-1,-1,-1,-1,-1,-1,True,,,0.0,0.0,no_entry,False,False,1,1,c8dcf21ff39d
2026-08-12,US.TSLA,SHORT,True,40,375,610,610,-1,945,True,328.06,327.3,0.7599999999999909,0.002316649393403618,scheduled_flatten,True,False,1,1,c8dcf21ff39d
2026-08-13,US.AAPL,LONG,True,37,48,607,607,618,618,True,304.8,304.82,0.01999999999998181,6.561679790020278e-05,failed_followthrough,False,False,1,1,c8dcf21ff39d
2026-08-13,US.AAPL,SHORT,False,-1,-1,-1,-1,-1,-1,True,,,0.0,0.0,no_entry,False,False,1,1,c8dcf21ff39d
2026-08-13,US.AMD,LONG,True,29,31,599,599,601,601,True,495.96,495.175,-0.7849999999999682,-0.0015827889345914352,soft_failure_loss,False,False,1,1,c8dcf21ff39d
2026-08-13,US.AMD,SHORT,False,-1,-1,-1,-1,-1,-1,True,,,0.0,0.0,no_entry,False,False,1,1,c8dcf21ff39d
2026-08-13,US.IWM,LONG,True,53,55,623,623,625,625,True,304.97,304.87,-0.10000000000002274,-0.0003279011050267985,soft_failure_loss,False,False,1,1,c8dcf21ff39d
2026-08-13,US.IWM,SHORT,False,-1,-1,-1,-1,-1,-1,True,,,0.0,0.0,no_entry,False,False,1,1,c8dcf21ff39d
2026-08-13,US.META,LONG,True,51,54,621,621,624,624,True,589.7851,589.18,-0.6051000000001068,-0.0010259669157462721,soft_failure_loss,False,False,1,1,c8dcf21ff39d
2026-08-13,US.META,SHORT,False,-1,-1,-1,-1,-1,-1,True,,,0.0,0.0,no_entry,False,False,1,1,c8dcf21ff39d
2026-08-13,US.MSFT,LONG,True,27,29,597,597,599,599,True,498.192153696,497.922661016,-0.26949267999998483,-0.0005409412372327947,soft_failure_loss,False,False,1,1,c8dcf21ff39d
2026-08-13,US.MSFT,SHORT,False,-1,-1,-1,-1,-1,-1,True,,,0.0,0.0,no_entry,False,False,1,1,c8dcf21ff39d
2026-08-13,US.MU,LONG,True,24,375,594,594,-1,945,True,933.1629,954.15,20.98709999999994,0.022490285458198072,scheduled_flatten,True,False,1,1,c8dcf21ff39d
2026-08-13,US.MU,SHORT,False,-1,-1,-1,-1,-1,-1,True,,,0.0,0.0,no_entry,False,False,1,1,c8dcf21ff39d
2026-08-13,US.NVDA,LONG,False,-1,-1,-1,-1,-1,-1,True,,,0.0,0.0,no_entry,False,False,1,1,c8dcf21ff39d
2026-08-13,US.NVDA,SHORT,False,-1,-1,-1,-1,-1,-1,True,,,0.0,0.0,no_entry,False,False,1,1,c8dcf21ff39d
2026-08-13,US.QQQ,LONG,True,81,86,651,651,656,656,True,732.41,732.29,-0.12000000000000455,-0.00016384265643560922,failed_followthrough,False,False,1,1,c8dcf21ff39d
2026-08-13,US.QQQ,SHORT,False,-1,-1,-1,-1,-1,-1,True,,,0.0,0.0,no_entry,False,False,1,1,c8dcf21ff39d
2026-08-13,US.SPY,LONG,True,17,375,587,587,-1,945,True,776.6,777.71,1.1100000000000136,0.0014293072366726933,scheduled_flatten,True,False,1,1,c8dcf21ff39d
2026-08-13,US.SPY,SHORT,False,-1,-1,-1,-1,-1,-1,True,,,0.0,0.0,no_entry,False,False,1,1,c8dcf21ff39d
2026-08-13,US.TSLA,LONG,True,34,375,604,604,-1,945,True,332.1199,339.36,7.240100000000041,0.0217996572924418,scheduled_flatten,True,False,1,1,c8dcf21ff39d
2026-08-13,US.TSLA,SHORT,False,-1,-1,-1,-1,-1,-1,True,,,0.0,0.0,no_entry,False,False,1,1,c8dcf21ff39d
2026-08-14,US.AAPL,LONG,False,-1,-1,-1,-1,-1,-1,True,,,0.0,0.0,no_entry,False,False,1,1,c8dcf21ff39d
2026-08-14,US.AAPL,SHORT,True,51,113,621,621,683,683,True,305.4501,305.5623,-0.11219999999997299,-0.00036732677448779027,failed_followthrough,False,False,1,1,c8dcf21ff39d
2026-08-14,US.AMD,LONG,True,28,375,598,598,-1,945,True,496.9,508.4,11.5,0.023143489635741598,scheduled_flatten,True,False,1,1,c8dcf21ff39d
2026-08-14,US.AMD,SHORT,False,-1,-1,-1,-1,-1,-1,True,,,0.0,0.0,no_entry,False,False,1,1,c8dcf21ff39d
2026-08-14,US.IWM,LONG,True,20,375,590,590,-1,945,True,303.86,304.98,1.1200000000000045,0.003685907983939987,scheduled_flatten,True,False,1,1,c8dcf21ff39d
2026-08-14,US.IWM,SHORT,False,-1,-1,-1,-1,-1,-1,True,,,0.0,0.0,no_entry,False,False,1,1,c8dcf21ff39d
2026-08-14,US.META,LONG,False,-1,-1,-1,-1,-1,-1,True,,,0.0,0.0,no_entry,False,False,1,1,c8dcf21ff39d
2026-08-14,US.META,SHORT,True,79,375,649,649,-1,945,True,595.03,591.065,3.964999999999918,0.006663529569937513,scheduled_flatten,True,False,1,1,c8dcf21ff39d
2026-08-14,US.MSFT,LONG,True,24,27,594,594,597,597,True,496.904577557,496.680000324,-0.22457723299999088,-0.00045195243341108,soft_failure_loss,False,False,1,1,c8dcf21ff39d
2026-08-14,US.MSFT,SHORT,False,-1,-1,-1,-1,-1,-1,True,,,0.0,0.0,no_entry,False,False,1,1,c8dcf21ff39d
2026-08-14,US.MU,LONG,False,-1,-1,-1,-1,-1,-1,True,,,0.0,0.0,no_entry,False,False,1,1,c8dcf21ff39d
2026-08-14,US.MU,SHORT,False,-1,-1,-1,-1,-1,-1,True,,,0.0,0.0,no_entry,False,False,1,1,c8dcf21ff39d
2026-08-14,US.NVDA,LONG,False,-1,-1,-1,-1,-1,-1,True,,,0.0,0.0,no_entry,False,False,1,1,c8dcf21ff39d
2026-08-14,US.NVDA,SHORT,True,136,142,706,706,712,712,True,224.708557933,224.728435691,-0.019877757999978485,-8.846017340338821e-05,failed_followthrough,False,False,1,1,c8dcf21ff39d
2026-08-14,US.QQQ,LONG,True,19,20,589,589,590,590,True,734.1399,733.43,-0.7099000000000615,-0.0009669819063097667,soft_failure_loss,False,False,1,1,c8dcf21ff39d
2026-08-14,US.QQQ,SHORT,True,53,67,623,623,637,637,True,731.5,731.65,-0.14999999999997726,-0.00020505809979491082,failed_followthrough,False,False,1,1,c8dcf21ff39d
2026-08-14,US.SPY,LONG,True,36,39,606,606,609,609,True,778.72,778.565,-0.15499999999997272,-0.0001990445859872261,soft_failure_loss,False,False,1,1,c8dcf21ff39d
2026-08-14,US.SPY,SHORT,True,53,375,623,623,-1,945,True,777.565,776.16,1.4050000000000864,0.0018069228939060866,scheduled_flatten,True,False,1,1,c8dcf21ff39d
2026-08-14,US.TSLA,LONG,True,41,42,611,611,612,612,True,349.1303,348.685,-0.4452999999999747,-0.001275455037846829,soft_failure_loss,False,False,1,1,c8dcf21ff39d
2026-08-14,US.TSLA,SHORT,False,-1,-1,-1,-1,-1,-1,True,,,0.0,0.0,no_entry,False,False,1,1,c8dcf21ff39d
2026-08-17,US.AAPL,LONG,False,-1,-1,-1,-1,-1,-1,True,,,0.0,0.0,no_entry,False,False,1,1,c8dcf21ff39d
2026-08-17,US.AAPL,SHORT,True,127,228,697,697,798,798,True,304.02,304.07,-0.05000000000001137,-0.00016446286428528178,failed_followthrough,False,False,1,1,c8dcf21ff39d
2026-08-17,US.AMD,LONG,True,98,100,668,668,670,670,True,516.29,515.79,-0.5,-0.000968447965290825,soft_failure_loss,False,False,1,1,c8dcf21ff39d
2026-08-17,US.AMD,SHORT,False,-1,-1,-1,-1,-1,-1,True,,,0.0,0.0,no_entry,False,False,1,1,c8dcf21ff39d
2026-08-17,US.IWM,LONG,True,41,42,611,611,612,612,True,304.23,304.09,-0.1400000000000432,-0.0004601781546857417,soft_failure_loss,False,False,1,1,c8dcf21ff39d
2026-08-17,US.IWM,SHORT,True,31,32,601,601,602,602,True,303.3,303.495,-0.19499999999999318,-0.0006429277942630833,soft_failure_loss,False,False,1,1,c8dcf21ff39d
2026-08-17,US.META,LONG,False,-1,-1,-1,-1,-1,-1,True,,,0.0,0.0,no_entry,False,False,1,1,c8dcf21ff39d
2026-08-17,US.META,SHORT,False,-1,-1,-1,-1,-1,-1,True,,,0.0,0.0,no_entry,False,False,1,1,c8dcf21ff39d
2026-08-17,US.MSFT,LONG,False,-1,-1,-1,-1,-1,-1,True,,,0.0,0.0,no_entry,False,False,1,1,c8dcf21ff39d
2026-08-17,US.MSFT,SHORT,True,91,92,661,661,662,662,True,482.371935244,482.831070922,-0.45913567799999555,-0.000951829168435658,soft_failure_loss,False,False,1,1,c8dcf21ff39d
2026-08-17,US.MU,LONG,True,29,33,599,599,603,603,True,1019.585,1018.11,-1.4750000000000227,-0.0014466670262901305,soft_failure_loss,False,False,1,1,c8dcf21ff39d
2026-08-17,US.MU,SHORT,False,-1,-1,-1,-1,-1,-1,True,,,0.0,0.0,no_entry,False,False,1,1,c8dcf21ff39d
2026-08-17,US.NVDA,LONG,True,123,124,693,693,694,694,True,227.00598718,226.871138072,-0.1348491079999974,-0.0005940332661493699,soft_failure_loss,False,False,1,1,c8dcf21ff39d
2026-08-17,US.NVDA,SHORT,False,-1,-1,-1,-1,-1,-1,True,,,0.0,0.0,no_entry,False,False,1,1,c8dcf21ff39d
2026-08-17,US.QQQ,LONG,True,95,100,665,665,670,670,True,734.185,733.92,-0.26499999999998636,-0.00036094444860625916,soft_failure_loss,False,False,1,1,c8dcf21ff39d
2026-08-17,US.QQQ,SHORT,False,-1,-1,-1,-1,-1,-1,True,,,0.0,0.0,no_entry,False,False,1,1,c8dcf21ff39d
2026-08-17,US.SPY,LONG,False,-1,-1,-1,-1,-1,-1,True,,,0.0,0.0,no_entry,False,False,1,1,c8dcf21ff39d
2026-08-17,US.SPY,SHORT,True,17,18,587,587,588,588,True,775.24,775.56,-0.31999999999993634,-0.0004127753985861621,soft_failure_loss,False,False,1,1,c8dcf21ff39d
2026-08-17,US.TSLA,LONG,True,87,99,657,657,669,669,True,341.49,341.05,-0.4399999999999977,-0.001288471111891996,soft_failure_loss,False,False,1,1,c8dcf21ff39d
2026-08-17,US.TSLA,SHORT,False,-1,-1,-1,-1,-1,-1,True,,,0.0,0.0,no_entry,False,False,1,1,c8dcf21ff39d
2026-08-18,US.AAPL,LONG,True,56,375,626,626,-1,945,True,308.95,310.445,1.4950000000000045,0.004838970707234195,scheduled_flatten,True,False,1,1,c8dcf21ff39d
2026-08-18,US.AAPL,SHORT,True,22,23,592,592,593,593,True,305.81,306.19,-0.37999999999999545,-0.0012426016153820852,soft_failure_loss,False,False,1,1,c8dcf21ff39d
2026-08-18,US.AMD,LONG,False,-1,-1,-1,-1,-1,-1,True,,,0.0,0.0,no_entry,False,False,1,1,c8dcf21ff39d
2026-08-18,US.AMD,SHORT,True,22,375,592,592,-1,945,True,484.9776,483.87,1.1075999999999908,0.0022838168195809267,scheduled_flatten,True,False,1,1,c8dcf21ff39d
2026-08-18,US.IWM,LONG,False,-1,-1,-1,-1,-1,-1,True,,,0.0,0.0,no_entry,False,False,1,1,c8dcf21ff39d
2026-08-18,US.IWM,SHORT,True,23,24,593,593,594,594,True,301.995,302.2,-0.20499999999998408,-0.0006788191857480557,soft_failure_loss,False,False,1,1,c8dcf21ff39d
2026-08-18,US.META,LONG,False,-1,-1,-1,-1,-1,-1,True,,,0.0,0.0,no_entry,False,False,1,1,c8dcf21ff39d
2026-08-18,US.META,SHORT,False,-1,-1,-1,-1,-1,-1,True,,,0.0,0.0,no_entry,False,False,1,1,c8dcf21ff39d
2026-08-18,US.MSFT,LONG,False,-1,-1,-1,-1,-1,-1,True,,,0.0,0.0,no_entry,False,False,1,1,c8dcf21ff39d
2026-08-18,US.MSFT,SHORT,False,-1,-1,-1,-1,-1,-1,True,,,0.0,0.0,no_entry,False,False,1,1,c8dcf21ff39d
2026-08-18,US.MU,LONG,False,-1,-1,-1,-1,-1,-1,True,,,0.0,0.0,no_entry,False,False,1,1,c8dcf21ff39d
2026-08-18,US.MU,SHORT,True,49,57,619,619,627,627,True,953.8676,956.835,-2.967399999999998,-0.003110913925580445,soft_failure_loss,False,False,1,1,c8dcf21ff39d
2026-08-18,US.NVDA,LONG,False,-1,-1,-1,-1,-1,-1,True,,,0.0,0.0,no_entry,False,False,1,1,c8dcf21ff39d
2026-08-18,US.NVDA,SHORT,True,49,54,619,619,624,624,True,219.11481716,219.244671856,-0.12985469599999533,-0.0005926331120965408,soft_failure_loss,False,False,1,1,c8dcf21ff39d
2026-08-18,US.QQQ,LONG,False,-1,-1,-1,-1,-1,-1,True,,,0.0,0.0,no_entry,False,False,1,1,c8dcf21ff39d
2026-08-18,US.QQQ,SHORT,True,40,49,610,610,619,619,True,718.48,718.8,-0.31999999999993634,-0.0004453847010354308,soft_failure_loss,False,False,1,1,c8dcf21ff39d
2026-08-18,US.SPY,LONG,False,-1,-1,-1,-1,-1,-1,True,,,0.0,0.0,no_entry,False,False,1,1,c8dcf21ff39d
2026-08-18,US.SPY,SHORT,True,42,44,612,612,614,614,True,767.85,767.97,-0.12000000000000455,-0.00015628052353975976,soft_failure_loss,False,False,1,1,c8dcf21ff39d
2026-08-18,US.TSLA,LONG,False,-1,-1,-1,-1,-1,-1,True,,,0.0,0.0,no_entry,False,False,1,1,c8dcf21ff39d
2026-08-18,US.TSLA,SHORT,False,-1,-1,-1,-1,-1,-1,True,,,0.0,0.0,no_entry,False,False,1,1,c8dcf21ff39d
2026-08-19,US.AAPL,LONG,True,75,204,645,645,774,774,True,315.88,314.96,-0.9200000000000159,-0.002912498417120476,trailing,False,False,1,1,c8dcf21ff39d
2026-08-19,US.AAPL,SHORT,False,-1,-1,-1,-1,-1,-1,True,,,0.0,0.0,no_entry,False,False,1,1,c8dcf21ff39d
2026-08-19,US.AMD,LONG,False,-1,-1,-1,-1,-1,-1,True,,,0.0,0.0,no_entry,False,False,1,1,c8dcf21ff39d
2026-08-19,US.AMD,SHORT,True,60,69,630,630,639,639,True,467.255,467.58,-0.32499999999998863,-0.0006955516794897617,failed_followthrough,False,False,1,1,c8dcf21ff39d
2026-08-19,US.IWM,LONG,False,-1,-1,-1,-1,-1,-1,True,,,0.0,0.0,no_entry,False,False,1,1,c8dcf21ff39d
2026-08-19,US.IWM,SHORT,True,48,49,618,618,619,619,True,302.03,302.27,-0.2400000000000091,-0.000794623050690359,soft_failure_loss,False,False,1,1,c8dcf21ff39d
2026-08-19,US.META,LONG,True,27,375,597,597,-1,945,True,544.01,547.235,3.2250000000000227,0.005928199849267519,scheduled_flatten,True,False,1,1,c8dcf21ff39d
2026-08-19,US.META,SHORT,False,-1,-1,-1,-1,-1,-1,True,,,0.0,0.0,no_entry,False,False,1,1,c8dcf21ff39d
2026-08-19,US.MSFT,LONG,True,93,98,663,663,668,668,True,483.399999913,483.290206599,-0.10979331400000092,-0.0002271272528335974,failed_followthrough,False,False,1,1,c8dcf21ff39d
2026-08-19,US.MSFT,SHORT,False,-1,-1,-1,-1,-1,-1,True,,,0.0,0.0,no_entry,False,False,1,1,c8dcf21ff39d
2026-08-19,US.MU,LONG,False,-1,-1,-1,-1,-1,-1,True,,,0.0,0.0,no_entry,False,False,1,1,c8dcf21ff39d
2026-08-19,US.MU,SHORT,True,28,375,598,598,-1,945,True,930.75,931.66,-0.9099999999999682,-0.0009777061509534978,scheduled_flatten,True,False,1,1,c8dcf21ff39d
2026-08-19,US.NVDA,LONG,False,-1,-1,-1,-1,-1,-1,True,,,0.0,0.0,no_entry,False,False,1,1,c8dcf21ff39d
2026-08-19,US.NVDA,SHORT,True,61,62,631,631,632,632,True,217.986080182,218.196544679,-0.2104644970000038,-0.0009654951216347562,soft_failure_loss,False,False,1,1,c8dcf21ff39d
2026-08-19,US.QQQ,LONG,False,-1,-1,-1,-1,-1,-1,True,,,0.0,0.0,no_entry,False,False,1,1,c8dcf21ff39d
2026-08-19,US.QQQ,SHORT,True,26,29,596,596,599,599,True,715.6402,715.89,-0.24979999999993652,-0.0003490580881285547,soft_failure_loss,False,False,1,1,c8dcf21ff39d
2026-08-19,US.SPY,LONG,True,80,126,650,650,696,696,True,770.7487,770.74,-0.008699999999976171,-1.1287725817735626e-05,failed_followthrough,False,False,1,1,c8dcf21ff39d
2026-08-19,US.SPY,SHORT,True,23,24,593,593,594,594,True,768.795,769.35,-0.5550000000000637,-0.000721908961426731,soft_failure_loss,False,False,1,1,c8dcf21ff39d
2026-08-19,US.TSLA,LONG,False,-1,-1,-1,-1,-1,-1,True,,,0.0,0.0,no_entry,False,False,1,1,c8dcf21ff39d
2026-08-19,US.TSLA,SHORT,True,27,28,597,597,598,598,True,337.365,337.775,-0.40999999999996817,-0.001215300935188796,soft_failure_loss,False,False,1,1,c8dcf21ff39d
2026-08-20,US.AAPL,LONG,False,-1,-1,-1,-1,-1,-1,True,,,0.0,0.0,no_entry,False,False,1,1,c8dcf21ff39d
2026-08-20,US.AAPL,SHORT,True,101,117,671,671,687,687,True,316.65,316.665,-0.015000000000043201,-4.7370914258781626e-05,failed_followthrough,False,False,1,1,c8dcf21ff39d
2026-08-20,US.AMD,LONG,False,-1,-1,-1,-1,-1,-1,True,,,0.0,0.0,no_entry,False,False,1,1,c8dcf21ff39d
2026-08-20,US.AMD,SHORT,True,85,86,655,655,656,656,True,465.3801,466.285,-0.9048999999999978,-0.00194443208895266,soft_failure_loss,False,False,1,1,c8dcf21ff39d
2026-08-20,US.IWM,LONG,False,-1,-1,-1,-1,-1,-1,True,,,0.0,0.0,no_entry,False,False,1,1,c8dcf21ff39d
2026-08-20,US.IWM,SHORT,True,30,375,600,600,-1,945,True,299.0,297.565,1.4350000000000023,0.004799331103678937,scheduled_flatten,True,False,1,1,c8dcf21ff39d
2026-08-20,US.META,LONG,False,-1,-1,-1,-1,-1,-1,True,,,0.0,0.0,no_entry,False,False,1,1,c8dcf21ff39d
2026-08-20,US.META,SHORT,True,49,51,619,619,621,621,True,543.625,544.29,-0.6649999999999636,-0.0012232697171762955,soft_failure_loss,False,False,1,1,c8dcf21ff39d
2026-08-20,US.MSFT,LONG,False,-1,-1,-1,-1,-1,-1,True,,,0.0,0.0,no_entry,False,False,1,1,c8dcf21ff39d
2026-08-20,US.MSFT,SHORT,False,-1,-1,-1,-1,-1,-1,True,,,0.0,0.0,no_entry,False,False,1,1,c8dcf21ff39d
2026-08-20,US.MU,LONG,True,58,65,628,628,635,635,True,954.95,953.69,-1.259999999999991,-0.0013194408084192793,soft_failure_loss,False,False,1,1,c8dcf21ff39d
2026-08-20,US.MU,SHORT,True,24,25,594,594,595,595,True,933.725,938.068,-4.342999999999961,-0.004651262416664394,soft_failure_loss,False,False,1,1,c8dcf21ff39d
2026-08-20,US.NVDA,LONG,False,-1,-1,-1,-1,-1,-1,True,,,0.0,0.0,no_entry,False,False,1,1,c8dcf21ff39d
2026-08-20,US.NVDA,SHORT,True,113,205,683,683,775,775,True,216.887309673,216.937253787,-0.04994411399999876,-0.00023027679247485374,failed_followthrough,False,False,1,1,c8dcf21ff39d
2026-08-20,US.QQQ,LONG,False,-1,-1,-1,-1,-1,-1,True,,,0.0,0.0,no_entry,False,False,1,1,c8dcf21ff39d
2026-08-20,US.QQQ,SHORT,True,28,29,598,598,599,599,True,711.675,712.36,-0.6850000000000591,-0.0009625180033021522,soft_failure_loss,False,False,1,1,c8dcf21ff39d
2026-08-20,US.SPY,LONG,False,-1,-1,-1,-1,-1,-1,True,,,0.0,0.0,no_entry,False,False,1,1,c8dcf21ff39d
2026-08-20,US.SPY,SHORT,True,49,51,619,619,621,621,True,765.65,766.12,-0.4700000000000273,-0.0006138575066936946,soft_failure_loss,False,False,1,1,c8dcf21ff39d
2026-08-20,US.TSLA,LONG,False,-1,-1,-1,-1,-1,-1,True,,,0.0,0.0,no_entry,False,False,1,1,c8dcf21ff39d
2026-08-20,US.TSLA,SHORT,True,54,375,624,624,-1,945,True,342.215,343.61,-1.3950000000000387,-0.004076384728898613,scheduled_flatten,True,False,1,1,c8dcf21ff39d
2026-08-21,US.AAPL,LONG,False,-1,-1,-1,-1,-1,-1,True,,,0.0,0.0,no_entry,False,False,1,1,c8dcf21ff39d
2026-08-21,US.AAPL,SHORT,False,-1,-1,-1,-1,-1,-1,True,,,0.0,0.0,no_entry,False,False,1,1,c8dcf21ff39d
2026-08-21,US.AMD,LONG,False,-1,-1,-1,-1,-1,-1,True,,,0.0,0.0,no_entry,False,False,1,1,c8dcf21ff39d
2026-08-21,US.AMD,SHORT,True,57,63,627,627,633,633,True,467.01,467.56,-0.5500000000000114,-0.001177704974197579,soft_failure_loss,False,False,1,1,c8dcf21ff39d
2026-08-21,US.IWM,LONG,False,-1,-1,-1,-1,-1,-1,True,,,0.0,0.0,no_entry,False,False,1,1,c8dcf21ff39d
2026-08-21,US.IWM,SHORT,True,56,331,626,626,901,901,True,298.96,300.07,-1.1100000000000136,-0.0037128712871287587,trailing,False,False,1,1,c8dcf21ff39d
2026-08-21,US.META,LONG,True,83,103,653,653,673,673,True,550.82,550.7,-0.12000000000000455,-0.00021785701318035753,failed_followthrough,False,False,1,1,c8dcf21ff39d
2026-08-21,US.META,SHORT,False,-1,-1,-1,-1,-1,-1,True,,,0.0,0.0,no_entry,False,False,1,1,c8dcf21ff39d
2026-08-21,US.MSFT,LONG,False,-1,-1,-1,-1,-1,-1,True,,,0.0,0.0,no_entry,False,False,1,1,c8dcf21ff39d
2026-08-21,US.MSFT,SHORT,False,-1,-1,-1,-1,-1,-1,True,,,0.0,0.0,no_entry,False,False,1,1,c8dcf21ff39d
2026-08-21,US.MU,LONG,False,-1,-1,-1,-1,-1,-1,True,,,0.0,0.0,no_entry,False,False,1,1,c8dcf21ff39d
2026-08-21,US.MU,SHORT,True,37,39,607,607,609,609,True,970.94,973.0204,-2.0803999999999405,-0.002142665870187592,soft_failure_loss,False,False,1,1,c8dcf21ff39d
2026-08-21,US.NVDA,LONG,False,-1,-1,-1,-1,-1,-1,True,,,0.0,0.0,no_entry,False,False,1,1,c8dcf21ff39d
2026-08-21,US.NVDA,SHORT,True,39,375,609,609,-1,945,True,216.347913241,215.069343922,1.2785693189999847,0.005909783458718767,scheduled_flatten,True,False,1,1,c8dcf21ff39d
2026-08-21,US.QQQ,LONG,False,-1,-1,-1,-1,-1,-1,True,,,0.0,0.0,no_entry,False,False,1,1,c8dcf21ff39d
2026-08-21,US.QQQ,SHORT,True,19,20,589,589,590,590,True,711.37,712.12,-0.75,-0.0010543036675710249,soft_failure_loss,False,False,1,1,c8dcf21ff39d
2026-08-21,US.SPY,LONG,False,-1,-1,-1,-1,-1,-1,True,,,0.0,0.0,no_entry,False,False,1,1,c8dcf21ff39d
2026-08-21,US.SPY,SHORT,True,23,27,593,593,597,597,True,764.54,764.72,-0.18000000000006366,-0.00023543568681830078,soft_failure_loss,False,False,1,1,c8dcf21ff39d
2026-08-21,US.TSLA,LONG,True,67,68,637,637,638,638,True,356.375,356.15,-0.22500000000002274,-0.0006313574184497306,soft_failure_loss,False,False,1,1,c8dcf21ff39d
2026-08-21,US.TSLA,SHORT,False,-1,-1,-1,-1,-1,-1,True,,,0.0,0.0,no_entry,False,False,1,1,c8dcf21ff39d
2026-08-24,US.AAPL,LONG,True,36,37,606,606,607,607,True,312.455,312.29,-0.16499999999996362,-0.0005280760429500685,soft_failure_loss,False,False,1,1,c8dcf21ff39d
2026-08-24,US.AAPL,SHORT,False,-1,-1,-1,-1,-1,-1,True,,,0.0,0.0,no_entry,False,False,1,1,c8dcf21ff39d
2026-08-24,US.AMD,LONG,False,-1,-1,-1,-1,-1,-1,True,,,0.0,0.0,no_entry,False,False,1,1,c8dcf21ff39d
2026-08-24,US.AMD,SHORT,True,37,45,607,607,615,615,True,454.06,454.31,-0.25,-0.0005505880280139188,failed_followthrough,False,False,1,1,c8dcf21ff39d
2026-08-24,US.IWM,LONG,False,-1,-1,-1,-1,-1,-1,True,,,0.0,0.0,no_entry,False,False,1,1,c8dcf21ff39d
2026-08-24,US.IWM,SHORT,True,35,36,605,605,606,606,True,298.35,298.45,-0.0999999999999659,-0.0003351768057649267,soft_failure_loss,False,False,1,1,c8dcf21ff39d
2026-08-24,US.META,LONG,True,45,47,615,615,617,617,True,553.32,553.01,-0.3100000000000591,-0.0005602544639630939,soft_failure_loss,False,False,1,1,c8dcf21ff39d
2026-08-24,US.META,SHORT,False,-1,-1,-1,-1,-1,-1,True,,,0.0,0.0,no_entry,False,False,1,1,c8dcf21ff39d
2026-08-24,US.MSFT,LONG,True,74,81,644,644,651,651,True,486.986,486.96,-0.02600000000001046,-5.3389625163783886e-05,failed_followthrough,False,False,1,1,c8dcf21ff39d
2026-08-24,US.MSFT,SHORT,False,-1,-1,-1,-1,-1,-1,True,,,0.0,0.0,no_entry,False,False,1,1,c8dcf21ff39d
2026-08-24,US.MU,LONG,False,-1,-1,-1,-1,-1,-1,True,,,0.0,0.0,no_entry,False,False,1,1,c8dcf21ff39d
2026-08-24,US.MU,SHORT,True,26,64,596,596,634,634,True,900.4725,900.52,-0.04750000000001364,-5.275008398370149e-05,failed_followthrough,False,False,1,1,c8dcf21ff39d
2026-08-24,US.NVDA,LONG,False,-1,-1,-1,-1,-1,-1,True,,,0.0,0.0,no_entry,False,False,1,1,c8dcf21ff39d
2026-08-24,US.NVDA,SHORT,True,118,120,688,688,690,690,True,209.355737274,209.620441079,-0.26470380499998214,-0.0012643733028130193,soft_failure_loss,False,False,1,1,c8dcf21ff39d
2026-08-24,US.QQQ,LONG,False,-1,-1,-1,-1,-1,-1,True,,,0.0,0.0,no_entry,False,False,1,1,c8dcf21ff39d
2026-08-24,US.QQQ,SHORT,False,-1,-1,-1,-1,-1,-1,True,,,0.0,0.0,no_entry,False,False,1,1,c8dcf21ff39d
2026-08-24,US.SPY,LONG,False,-1,-1,-1,-1,-1,-1,True,,,0.0,0.0,no_entry,False,False,1,1,c8dcf21ff39d
2026-08-24,US.SPY,SHORT,False,-1,-1,-1,-1,-1,-1,True,,,0.0,0.0,no_entry,False,False,1,1,c8dcf21ff39d
2026-08-24,US.TSLA,LONG,False,-1,-1,-1,-1,-1,-1,True,,,0.0,0.0,no_entry,False,False,1,1,c8dcf21ff39d
2026-08-24,US.TSLA,SHORT,False,-1,-1,-1,-1,-1,-1,True,,,0.0,0.0,no_entry,False,False,1,1,c8dcf21ff39d
2026-08-25,US.AAPL,LONG,False,-1,-1,-1,-1,-1,-1,True,,,0.0,0.0,no_entry,False,False,1,1,c8dcf21ff39d
2026-08-25,US.AAPL,SHORT,True,47,49,617,617,619,619,True,310.17,310.295,-0.125,-0.0004030048038172615,soft_failure_loss,False,False,1,1,c8dcf21ff39d
2026-08-25,US.AMD,LONG,True,95,97,665,665,667,667,True,478.28,477.85,-0.42999999999995,-0.0008990549468929288,soft_failure_loss,False,False,1,1,c8dcf21ff39d
2026-08-25,US.AMD,SHORT,False,-1,-1,-1,-1,-1,-1,True,,,0.0,0.0,no_entry,False,False,1,1,c8dcf21ff39d
2026-08-25,US.IWM,LONG,False,-1,-1,-1,-1,-1,-1,True,,,0.0,0.0,no_entry,False,False,1,1,c8dcf21ff39d
2026-08-25,US.IWM,SHORT,True,16,19,586,586,589,589,True,298.69,298.73,-0.040000000000020464,-0.00013391810907636837,soft_failure_loss,False,False,1,1,c8dcf21ff39d
2026-08-25,US.META,LONG,False,-1,-1,-1,-1,-1,-1,True,,,0.0,0.0,no_entry,False,False,1,1,c8dcf21ff39d
2026-08-25,US.META,SHORT,True,54,60,624,624,630,630,True,563.045,562.94,0.1049999999999045,0.00018648598247014806,failed_followthrough,False,False,1,1,c8dcf21ff39d
2026-08-25,US.MSFT,LONG,True,84,86,654,654,656,656,True,489.01,488.64,-0.37000000000000455,-0.000756630743747581,soft_failure_loss,False,False,1,1,c8dcf21ff39d
2026-08-25,US.MSFT,SHORT,False,-1,-1,-1,-1,-1,-1,True,,,0.0,0.0,no_entry,False,False,1,1,c8dcf21ff39d
2026-08-25,US.MU,LONG,False,-1,-1,-1,-1,-1,-1,True,,,0.0,0.0,no_entry,False,False,1,1,c8dcf21ff39d
2026-08-25,US.MU,SHORT,True,46,56,616,616,626,626,True,924.0309,926.8549,-2.824000000000069,-0.003056174853027176,failed_followthrough,False,False,1,1,c8dcf21ff39d
2026-08-25,US.NVDA,LONG,True,31,38,601,601,608,608,True,212.929038858,212.841836435,-0.08720242300000791,-0.0004095374847305925,soft_failure_loss,False,False,1,1,c8dcf21ff39d
2026-08-25,US.NVDA,SHORT,False,-1,-1,-1,-1,-1,-1,True,,,0.0,0.0,no_entry,False,False,1,1,c8dcf21ff39d
2026-08-25,US.QQQ,LONG,True,17,21,587,587,591,591,True,713.3,712.93,-0.37000000000000455,-0.0005187158278424289,soft_failure_loss,False,False,1,1,c8dcf21ff39d
2026-08-25,US.QQQ,SHORT,True,41,120,611,611,690,690,True,710.6804,710.76,-0.07960000000002765,-0.0001120053402345522,failed_followthrough,False,False,1,1,c8dcf21ff39d
2026-08-25,US.SPY,LONG,False,-1,-1,-1,-1,-1,-1,True,,,0.0,0.0,no_entry,False,False,1,1,c8dcf21ff39d
2026-08-25,US.SPY,SHORT,True,26,375,596,596,-1,945,True,765.8,765.39,0.40999999999996817,0.0005353878297205121,scheduled_flatten,True,False,1,1,c8dcf21ff39d
2026-08-25,US.TSLA,LONG,True,17,20,587,587,590,590,True,352.31,352.1501,-0.15989999999999327,-0.00045386165592799883,soft_failure_loss,False,False,1,1,c8dcf21ff39d
2026-08-25,US.TSLA,SHORT,False,-1,-1,-1,-1,-1,-1,True,,,0.0,0.0,no_entry,False,False,1,1,c8dcf21ff39d
2026-08-26,US.AAPL,LONG,True,33,60,603,603,630,630,True,311.98,311.8,-0.18000000000000682,-0.0005769600615424284,failed_followthrough,False,False,1,1,c8dcf21ff39d
2026-08-26,US.AAPL,SHORT,False,-1,-1,-1,-1,-1,-1,True,,,0.0,0.0,no_entry,False,False,1,1,c8dcf21ff39d
2026-08-26,US.AMD,LONG,True,22,33,592,592,603,603,True,488.8999,487.93,-0.9698999999999955,-0.001983841682111196,soft_failure_loss,False,False,1,1,c8dcf21ff39d
2026-08-26,US.AMD,SHORT,False,-1,-1,-1,-1,-1,-1,True,,,0.0,0.0,no_entry,False,False,1,1,c8dcf21ff39d
2026-08-26,US.IWM,LONG,True,21,46,591,591,616,616,True,299.37,299.33,-0.040000000000020464,-0.00013361392257080023,failed_followthrough,False,False,1,1,c8dcf21ff39d
2026-08-26,US.IWM,SHORT,False,-1,-1,-1,-1,-1,-1,True,,,0.0,0.0,no_entry,False,False,1,1,c8dcf21ff39d
2026-08-26,US.META,LONG,False,-1,-1,-1,-1,-1,-1,True,,,0.0,0.0,no_entry,False,False,1,1,c8dcf21ff39d
2026-08-26,US.META,SHORT,False,-1,-1,-1,-1,-1,-1,True,,,0.0,0.0,no_entry,False,False,1,1,c8dcf21ff39d
2026-08-26,US.MSFT,LONG,True,31,32,601,601,602,602,True,495.375,495.09,-0.285000000000025,-0.0005753217259652284,soft_failure_loss,False,False,1,1,c8dcf21ff39d
2026-08-26,US.MSFT,SHORT,False,-1,-1,-1,-1,-1,-1,True,,,0.0,0.0,no_entry,False,False,1,1,c8dcf21ff39d
2026-08-26,US.MU,LONG,True,126,139,696,696,709,709,True,943.16,942.94,-0.2199999999999136,-0.0002332584079052479,failed_followthrough,False,False,1,1,c8dcf21ff39d
2026-08-26,US.MU,SHORT,False,-1,-1,-1,-1,-1,-1,True,,,0.0,0.0,no_entry,False,False,1,1,c8dcf21ff39d
2026-08-26,US.NVDA,LONG,False,-1,-1,-1,-1,-1,-1,True,,,0.0,0.0,no_entry,False,False,1,1,c8dcf21ff39d
2026-08-26,US.NVDA,SHORT,False,-1,-1,-1,-1,-1,-1,True,,,0.0,0.0,no_entry,False,False,1,1,c8dcf21ff39d
2026-08-26,US.QQQ,LONG,True,26,31,596,596,601,601,True,711.8,711.66,-0.13999999999998636,-0.00019668446192748859,failed_followthrough,False,False,1,1,c8dcf21ff39d
2026-08-26,US.QQQ,SHORT,False,-1,-1,-1,-1,-1,-1,True,,,0.0,0.0,no_entry,False,False,1,1,c8dcf21ff39d
2026-08-26,US.SPY,LONG,True,28,39,598,598,609,609,True,766.6456,766.65,0.004400000000032378,5.739288140481571e-06,failed_followthrough,False,False,1,1,c8dcf21ff39d
2026-08-26,US.SPY,SHORT,False,-1,-1,-1,-1,-1,-1,True,,,0.0,0.0,no_entry,False,False,1,1,c8dcf21ff39d
2026-08-26,US.TSLA,LONG,False,-1,-1,-1,-1,-1,-1,True,,,0.0,0.0,no_entry,False,False,1,1,c8dcf21ff39d
2026-08-26,US.TSLA,SHORT,False,-1,-1,-1,-1,-1,-1,True,,,0.0,0.0,no_entry,False,False,1,1,c8dcf21ff39d
2026-08-27,US.AAPL,LONG,False,-1,-1,-1,-1,-1,-1,True,,,0.0,0.0,no_entry,False,False,1,1,c8dcf21ff39d
2026-08-27,US.AAPL,SHORT,False,-1,-1,-1,-1,-1,-1,True,,,0.0,0.0,no_entry,False,False,1,1,c8dcf21ff39d
2026-08-27,US.AMD,LONG,False,-1,-1,-1,-1,-1,-1,True,,,0.0,0.0,no_entry,False,False,1,1,c8dcf21ff39d
2026-08-27,US.AMD,SHORT,False,-1,-1,-1,-1,-1,-1,True,,,0.0,0.0,no_entry,False,False,1,1,c8dcf21ff39d
2026-08-27,US.IWM,LONG,False,-1,-1,-1,-1,-1,-1,True,,,0.0,0.0,no_entry,False,False,1,1,c8dcf21ff39d
2026-08-27,US.IWM,SHORT,False,-1,-1,-1,-1,-1,-1,True,,,0.0,0.0,no_entry,False,False,1,1,c8dcf21ff39d
2026-08-27,US.META,LONG,True,52,53,622,622,623,623,True,581.6,580.47,-1.1299999999999955,-0.0019429160935350678,soft_failure_loss,False,False,1,1,c8dcf21ff39d
2026-08-27,US.META,SHORT,False,-1,-1,-1,-1,-1,-1,True,,,0.0,0.0,no_entry,False,False,1,1,c8dcf21ff39d
2026-08-27,US.MSFT,LONG,True,113,115,683,683,685,685,True,501.9847,501.5101,-0.4745999999999526,-0.000945447142113998,soft_failure_loss,False,False,1,1,c8dcf21ff39d
2026-08-27,US.MSFT,SHORT,False,-1,-1,-1,-1,-1,-1,True,,,0.0,0.0,no_entry,False,False,1,1,c8dcf21ff39d
2026-08-27,US.MU,LONG,False,-1,-1,-1,-1,-1,-1,True,,,0.0,0.0,no_entry,False,False,1,1,c8dcf21ff39d
2026-08-27,US.MU,SHORT,True,42,44,612,612,614,614,True,931.89,933.565,-1.6750000000000682,-0.0017974224425630367,soft_failure_loss,False,False,1,1,c8dcf21ff39d
2026-08-27,US.NVDA,LONG,False,-1,-1,-1,-1,-1,-1,True,,,0.0,0.0,no_entry,False,False,1,1,c8dcf21ff39d
2026-08-27,US.NVDA,SHORT,False,-1,-1,-1,-1,-1,-1,True,,,0.0,0.0,no_entry,False,False,1,1,c8dcf21ff39d
2026-08-27,US.QQQ,LONG,True,115,116,685,685,686,686,True,718.71,718.54,-0.17000000000007276,-0.0002365349028120838,soft_failure_loss,False,False,1,1,c8dcf21ff39d
2026-08-27,US.QQQ,SHORT,False,-1,-1,-1,-1,-1,-1,True,,,0.0,0.0,no_entry,False,False,1,1,c8dcf21ff39d
2026-08-27,US.SPY,LONG,True,49,50,619,619,620,620,True,769.25,769.16,-0.09000000000003183,-0.00011699707507316455,soft_failure_loss,False,False,1,1,c8dcf21ff39d
2026-08-27,US.SPY,SHORT,False,-1,-1,-1,-1,-1,-1,True,,,0.0,0.0,no_entry,False,False,1,1,c8dcf21ff39d
2026-08-27,US.TSLA,LONG,True,50,375,620,620,-1,945,True,350.9,354.615,3.715000000000032,0.010587061840980428,scheduled_flatten,True,False,1,1,c8dcf21ff39d
2026-08-27,US.TSLA,SHORT,False,-1,-1,-1,-1,-1,-1,True,,,0.0,0.0,no_entry,False,False,1,1,c8dcf21ff39d
2026-08-28,US.AAPL,LONG,False,-1,-1,-1,-1,-1,-1,True,,,0.0,0.0,no_entry,False,False,1,1,c8dcf21ff39d
2026-08-28,US.AAPL,SHORT,False,-1,-1,-1,-1,-1,-1,True,,,0.0,0.0,no_entry,False,False,1,1,c8dcf21ff39d
2026-08-28,US.AMD,LONG,True,67,72,637,637,642,642,True,476.61,475.89,-0.7200000000000273,-0.0015106691005224969,soft_failure_loss,False,False,1,1,c8dcf21ff39d
2026-08-28,US.AMD,SHORT,False,-1,-1,-1,-1,-1,-1,True,,,0.0,0.0,no_entry,False,False,1,1,c8dcf21ff39d
2026-08-28,US.IWM,LONG,False,-1,-1,-1,-1,-1,-1,True,,,0.0,0.0,no_entry,False,False,1,1,c8dcf21ff39d
2026-08-28,US.IWM,SHORT,True,53,375,623,623,-1,945,True,298.43,296.11,2.319999999999993,0.0077740173575042495,scheduled_flatten,True,False,1,1,c8dcf21ff39d
2026-08-28,US.META,LONG,False,-1,-1,-1,-1,-1,-1,True,,,0.0,0.0,no_entry,False,False,1,1,c8dcf21ff39d
2026-08-28,US.META,SHORT,False,-1,-1,-1,-1,-1,-1,True,,,0.0,0.0,no_entry,False,False,1,1,c8dcf21ff39d
2026-08-28,US.MSFT,LONG,False,-1,-1,-1,-1,-1,-1,True,,,0.0,0.0,no_entry,False,False,1,1,c8dcf21ff39d
2026-08-28,US.MSFT,SHORT,False,-1,-1,-1,-1,-1,-1,True,,,0.0,0.0,no_entry,False,False,1,1,c8dcf21ff39d
2026-08-28,US.MU,LONG,True,37,38,607,607,608,608,True,933.745,930.17,-3.5750000000000455,-0.0038286684266047428,soft_failure_loss,False,False,1,1,c8dcf21ff39d
2026-08-28,US.MU,SHORT,False,-1,-1,-1,-1,-1,-1,True,,,0.0,0.0,no_entry,False,False,1,1,c8dcf21ff39d
2026-08-28,US.NVDA,LONG,False,-1,-1,-1,-1,-1,-1,True,,,0.0,0.0,no_entry,False,False,1,1,c8dcf21ff39d
2026-08-28,US.NVDA,SHORT,True,54,60,624,624,630,630,True,224.825023612,224.863384687,-0.038361075000011624,-0.00017062635815048174,failed_followthrough,False,False,1,1,c8dcf21ff39d
2026-08-28,US.QQQ,LONG,True,130,131,700,700,701,701,True,721.96,720.92,-1.0400000000000773,-0.001440523020666072,soft_failure_loss,False,False,1,1,c8dcf21ff39d
2026-08-28,US.QQQ,SHORT,False,-1,-1,-1,-1,-1,-1,True,,,0.0,0.0,no_entry,False,False,1,1,c8dcf21ff39d
2026-08-28,US.SPY,LONG,True,131,137,701,701,707,707,True,772.89,772.78,-0.11000000000001364,-0.00014232296963347132,soft_failure_loss,False,False,1,1,c8dcf21ff39d
2026-08-28,US.SPY,SHORT,True,34,35,604,604,605,605,True,771.45,771.7381,-0.2880999999999858,-0.00037345258927990897,soft_failure_loss,False,False,1,1,c8dcf21ff39d
2026-08-28,US.TSLA,LONG,False,-1,-1,-1,-1,-1,-1,True,,,0.0,0.0,no_entry,False,False,1,1,c8dcf21ff39d
2026-08-28,US.TSLA,SHORT,True,80,81,650,650,651,651,True,353.09,353.565,-0.47500000000002274,-0.001345266079469888,soft_failure_loss,False,False,1,1,c8dcf21ff39d
2026-08-31,US.AAPL,LONG,False,-1,-1,-1,-1,-1,-1,True,,,0.0,0.0,no_entry,False,False,1,1,c8dcf21ff39d
2026-08-31,US.AAPL,SHORT,False,-1,-1,-1,-1,-1,-1,True,,,0.0,0.0,no_entry,False,False,1,1,c8dcf21ff39d
2026-08-31,US.AMD,LONG,False,-1,-1,-1,-1,-1,-1,True,,,0.0,0.0,no_entry,False,False,1,1,c8dcf21ff39d
2026-08-31,US.AMD,SHORT,False,-1,-1,-1,-1,-1,-1,True,,,0.0,0.0,no_entry,False,False,1,1,c8dcf21ff39d
2026-08-31,US.IWM,LONG,False,-1,-1,-1,-1,-1,-1,True,,,0.0,0.0,no_entry,False,False,1,1,c8dcf21ff39d
2026-08-31,US.IWM,SHORT,True,36,43,606,606,613,613,True,293.48,293.475,0.0049999999999954525,1.703693607740034e-05,failed_followthrough,False,False,1,1,c8dcf21ff39d
2026-08-31,US.META,LONG,False,-1,-1,-1,-1,-1,-1,True,,,0.0,0.0,no_entry,False,False,1,1,c8dcf21ff39d
2026-08-31,US.META,SHORT,True,45,46,615,615,616,616,True,570.985,571.27,-0.28499999999996817,-0.0004991374554497371,soft_failure_loss,False,False,1,1,c8dcf21ff39d
2026-08-31,US.MSFT,LONG,False,-1,-1,-1,-1,-1,-1,True,,,0.0,0.0,no_entry,False,False,1,1,c8dcf21ff39d
2026-08-31,US.MSFT,SHORT,False,-1,-1,-1,-1,-1,-1,True,,,0.0,0.0,no_entry,False,False,1,1,c8dcf21ff39d
2026-08-31,US.MU,LONG,True,87,89,657,657,659,659,True,948.36,946.16,-2.2000000000000455,-0.0023197941709899674,soft_failure_loss,False,False,1,1,c8dcf21ff39d
2026-08-31,US.MU,SHORT,False,-1,-1,-1,-1,-1,-1,True,,,0.0,0.0,no_entry,False,False,1,1,c8dcf21ff39d
2026-08-31,US.NVDA,LONG,True,56,82,626,626,652,652,True,219.284627147,219.264649502,-0.019977645000011535,-9.110371876009022e-05,failed_followthrough,False,False,1,1,c8dcf21ff39d
2026-08-31,US.NVDA,SHORT,False,-1,-1,-1,-1,-1,-1,True,,,0.0,0.0,no_entry,False,False,1,1,c8dcf21ff39d
2026-08-31,US.QQQ,LONG,False,-1,-1,-1,-1,-1,-1,True,,,0.0,0.0,no_entry,False,False,1,1,c8dcf21ff39d
2026-08-31,US.QQQ,SHORT,True,38,39,608,608,609,609,True,713.955,714.18,-0.22499999999990905,-0.0003151459125573867,soft_failure_loss,False,False,1,1,c8dcf21ff39d
2026-08-31,US.SPY,LONG,False,-1,-1,-1,-1,-1,-1,True,,,0.0,0.0,no_entry,False,False,1,1,c8dcf21ff39d
2026-08-31,US.SPY,SHORT,True,39,45,609,609,615,615,True,765.75,765.8,-0.049999999999954525,-6.529546196533402e-05,failed_followthrough,False,False,1,1,c8dcf21ff39d
2026-08-31,US.TSLA,LONG,False,-1,-1,-1,-1,-1,-1,True,,,0.0,0.0,no_entry,False,False,1,1,c8dcf21ff39d
2026-08-31,US.TSLA,SHORT,False,-1,-1,-1,-1,-1,-1,True,,,0.0,0.0,no_entry,False,False,1,1,c8dcf21ff39d
2026-09-01,US.AAPL,LONG,True,98,375,668,668,-1,945,True,322.85,325.38,2.5299999999999727,0.007836456558773339,scheduled_flatten,True,False,1,1,c8dcf21ff39d
2026-09-01,US.AAPL,SHORT,False,-1,-1,-1,-1,-1,-1,True,,,0.0,0.0,no_entry,False,False,1,1,c8dcf21ff39d
2026-09-01,US.AMD,LONG,False,-1,-1,-1,-1,-1,-1,True,,,0.0,0.0,no_entry,False,False,1,1,c8dcf21ff39d
2026-09-01,US.AMD,SHORT,False,-1,-1,-1,-1,-1,-1,True,,,0.0,0.0,no_entry,False,False,1,1,c8dcf21ff39d
2026-09-01,US.IWM,LONG,False,-1,-1,-1,-1,-1,-1,True,,,0.0,0.0,no_entry,False,False,1,1,c8dcf21ff39d
2026-09-01,US.IWM,SHORT,False,-1,-1,-1,-1,-1,-1,True,,,0.0,0.0,no_entry,False,False,1,1,c8dcf21ff39d
2026-09-01,US.META,LONG,False,-1,-1,-1,-1,-1,-1,True,,,0.0,0.0,no_entry,False,False,1,1,c8dcf21ff39d
2026-09-01,US.META,SHORT,False,-1,-1,-1,-1,-1,-1,True,,,0.0,0.0,no_entry,False,False,1,1,c8dcf21ff39d
2026-09-01,US.MSFT,LONG,False,-1,-1,-1,-1,-1,-1,True,,,0.0,0.0,no_entry,False,False,1,1,c8dcf21ff39d
2026-09-01,US.MSFT,SHORT,False,-1,-1,-1,-1,-1,-1,True,,,0.0,0.0,no_entry,False,False,1,1,c8dcf21ff39d
2026-09-01,US.MU,LONG,False,-1,-1,-1,-1,-1,-1,True,,,0.0,0.0,no_entry,False,False,1,1,c8dcf21ff39d
2026-09-01,US.MU,SHORT,False,-1,-1,-1,-1,-1,-1,True,,,0.0,0.0,no_entry,False,False,1,1,c8dcf21ff39d
2026-09-01,US.NVDA,LONG,True,60,312,630,630,882,882,True,217.366773168,216.567667343,-0.799105824999998,-0.003676301641476636,trailing,False,False,1,1,c8dcf21ff39d
2026-09-01,US.NVDA,SHORT,False,-1,-1,-1,-1,-1,-1,True,,,0.0,0.0,no_entry,False,False,1,1,c8dcf21ff39d
2026-09-01,US.QQQ,LONG,True,48,49,618,618,619,619,True,708.27,707.99,-0.2799999999999727,-0.000395329464752104,soft_failure_loss,False,False,1,1,c8dcf21ff39d
2026-09-01,US.QQQ,SHORT,False,-1,-1,-1,-1,-1,-1,True,,,0.0,0.0,no_entry,False,False,1,1,c8dcf21ff39d
2026-09-01,US.SPY,LONG,True,36,185,606,606,755,755,True,762.41,761.71,-0.6999999999999318,-0.0009181411576447473,trailing,False,False,1,1,c8dcf21ff39d
2026-09-01,US.SPY,SHORT,False,-1,-1,-1,-1,-1,-1,True,,,0.0,0.0,no_entry,False,False,1,1,c8dcf21ff39d
2026-09-01,US.TSLA,LONG,False,-1,-1,-1,-1,-1,-1,True,,,0.0,0.0,no_entry,False,False,1,1,c8dcf21ff39d
2026-09-01,US.TSLA,SHORT,False,-1,-1,-1,-1,-1,-1,True,,,0.0,0.0,no_entry,False,False,1,1,c8dcf21ff39d
2026-09-02,US.AAPL,LONG,False,-1,-1,-1,-1,-1,-1,True,,,0.0,0.0,no_entry,False,False,1,1,c8dcf21ff39d
2026-09-02,US.AAPL,SHORT,False,-1,-1,-1,-1,-1,-1,True,,,0.0,0.0,no_entry,False,False,1,1,c8dcf21ff39d
2026-09-02,US.AMD,LONG,False,-1,-1,-1,-1,-1,-1,True,,,0.0,0.0,no_entry,False,False,1,1,c8dcf21ff39d
2026-09-02,US.AMD,SHORT,True,36,37,606,606,607,607,True,454.267,454.88,-0.6129999999999995,-0.0013494266587711623,soft_failure_loss,False,False,1,1,c8dcf21ff39d
2026-09-02,US.IWM,LONG,True,89,91,659,659,661,661,True,293.1,292.95,-0.1500000000000341,-0.0005117707267145483,soft_failure_loss,False,False,1,1,c8dcf21ff39d
2026-09-02,US.IWM,SHORT,False,-1,-1,-1,-1,-1,-1,True,,,0.0,0.0,no_entry,False,False,1,1,c8dcf21ff39d
2026-09-02,US.META,LONG,True,49,50,619,619,620,620,True,594.24,594.0,-0.2400000000000091,-0.0004038772213247326,soft_failure_loss,False,False,1,1,c8dcf21ff39d
2026-09-02,US.META,SHORT,False,-1,-1,-1,-1,-1,-1,True,,,0.0,0.0,no_entry,False,False,1,1,c8dcf21ff39d
2026-09-02,US.MSFT,LONG,False,-1,-1,-1,-1,-1,-1,True,,,0.0,0.0,no_entry,False,False,1,1,c8dcf21ff39d
2026-09-02,US.MSFT,SHORT,False,-1,-1,-1,-1,-1,-1,True,,,0.0,0.0,no_entry,False,False,1,1,c8dcf21ff39d
2026-09-02,US.MU,LONG,False,-1,-1,-1,-1,-1,-1,True,,,0.0,0.0,no_entry,False,False,1,1,c8dcf21ff39d
2026-09-02,US.MU,SHORT,False,-1,-1,-1,-1,-1,-1,True,,,0.0,0.0,no_entry,False,False,1,1,c8dcf21ff39d
2026-09-02,US.NVDA,LONG,True,29,324,599,599,894,894,True,219.903934162,224.089250919,4.185316756999981,0.019032477854246662,trailing,False,False,1,1,c8dcf21ff39d
2026-09-02,US.NVDA,SHORT,False,-1,-1,-1,-1,-1,-1,True,,,0.0,0.0,no_entry,False,False,1,1,c8dcf21ff39d
2026-09-02,US.QQQ,LONG,True,81,84,651,651,654,654,True,708.1,707.9,-0.20000000000004547,-0.0002824459822059673,soft_failure_loss,False,False,1,1,c8dcf21ff39d
2026-09-02,US.QQQ,SHORT,True,25,27,595,595,597,597,True,705.41,705.9,-0.4900000000000091,-0.0006946314909060109,soft_failure_loss,False,False,1,1,c8dcf21ff39d
2026-09-02,US.SPY,LONG,False,-1,-1,-1,-1,-1,-1,True,,,0.0,0.0,no_entry,False,False,1,1,c8dcf21ff39d
2026-09-02,US.SPY,SHORT,False,-1,-1,-1,-1,-1,-1,True,,,0.0,0.0,no_entry,False,False,1,1,c8dcf21ff39d
2026-09-02,US.TSLA,LONG,False,-1,-1,-1,-1,-1,-1,True,,,0.0,0.0,no_entry,False,False,1,1,c8dcf21ff39d
2026-09-02,US.TSLA,SHORT,False,-1,-1,-1,-1,-1,-1,True,,,0.0,0.0,no_entry,False,False,1,1,c8dcf21ff39d
2026-09-03,US.AAPL,LONG,True,70,71,640,640,641,641,True,328.375,328.16,-0.214999999999975,-0.0006547392462884659,soft_failure_loss,False,False,1,1,c8dcf21ff39d
2026-09-03,US.AAPL,SHORT,False,-1,-1,-1,-1,-1,-1,True,,,0.0,0.0,no_entry,False,False,1,1,c8dcf21ff39d
2026-09-03,US.AMD,LONG,False,-1,-1,-1,-1,-1,-1,True,,,0.0,0.0,no_entry,False,False,1,1,c8dcf21ff39d
2026-09-03,US.AMD,SHORT,False,-1,-1,-1,-1,-1,-1,True,,,0.0,0.0,no_entry,False,False,1,1,c8dcf21ff39d
2026-09-03,US.IWM,LONG,False,-1,-1,-1,-1,-1,-1,True,,,0.0,0.0,no_entry,False,False,1,1,c8dcf21ff39d
2026-09-03,US.IWM,SHORT,True,78,85,648,648,655,655,True,294.255,294.265,-0.009999999999990905,-3.398412941153389e-05,failed_followthrough,False,False,1,1,c8dcf21ff39d
2026-09-03,US.META,LONG,False,-1,-1,-1,-1,-1,-1,True,,,0.0,0.0,no_entry,False,False,1,1,c8dcf21ff39d
2026-09-03,US.META,SHORT,False,-1,-1,-1,-1,-1,-1,True,,,0.0,0.0,no_entry,False,False,1,1,c8dcf21ff39d
2026-09-03,US.MSFT,LONG,False,-1,-1,-1,-1,-1,-1,True,,,0.0,0.0,no_entry,False,False,1,1,c8dcf21ff39d
2026-09-03,US.MSFT,SHORT,False,-1,-1,-1,-1,-1,-1,True,,,0.0,0.0,no_entry,False,False,1,1,c8dcf21ff39d
2026-09-03,US.MU,LONG,False,-1,-1,-1,-1,-1,-1,True,,,0.0,0.0,no_entry,False,False,1,1,c8dcf21ff39d
2026-09-03,US.MU,SHORT,False,-1,-1,-1,-1,-1,-1,True,,,0.0,0.0,no_entry,False,False,1,1,c8dcf21ff39d
2026-09-03,US.NVDA,LONG,False,-1,-1,-1,-1,-1,-1,True,,,0.0,0.0,no_entry,False,False,1,1,c8dcf21ff39d
2026-09-03,US.NVDA,SHORT,False,-1,-1,-1,-1,-1,-1,True,,,0.0,0.0,no_entry,False,False,1,1,c8dcf21ff39d
2026-09-03,US.QQQ,LONG,False,-1,-1,-1,-1,-1,-1,True,,,0.0,0.0,no_entry,False,False,1,1,c8dcf21ff39d
2026-09-03,US.QQQ,SHORT,False,-1,-1,-1,-1,-1,-1,True,,,0.0,0.0,no_entry,False,False,1,1,c8dcf21ff39d
2026-09-03,US.SPY,LONG,False,-1,-1,-1,-1,-1,-1,True,,,0.0,0.0,no_entry,False,False,1,1,c8dcf21ff39d
2026-09-03,US.SPY,SHORT,False,-1,-1,-1,-1,-1,-1,True,,,0.0,0.0,no_entry,False,False,1,1,c8dcf21ff39d
2026-09-03,US.TSLA,LONG,False,-1,-1,-1,-1,-1,-1,True,,,0.0,0.0,no_entry,False,False,1,1,c8dcf21ff39d
2026-09-03,US.TSLA,SHORT,False,-1,-1,-1,-1,-1,-1,True,,,0.0,0.0,no_entry,False,False,1,1,c8dcf21ff39d
2026-09-04,US.AAPL,LONG,False,-1,-1,-1,-1,-1,-1,True,,,0.0,0.0,no_entry,False,False,1,1,c8dcf21ff39d
2026-09-04,US.AAPL,SHORT,True,143,144,713,713,714,714,True,321.01,321.18,-0.17000000000001592,-0.0005295785178032333,soft_failure_loss,False,False,1,1,c8dcf21ff39d
2026-09-04,US.AMD,LONG,True,50,51,620,620,621,621,True,470.31,469.24,-1.0699999999999932,-0.0022750951500074275,soft_failure_loss,False,False,1,1,c8dcf21ff39d
2026-09-04,US.AMD,SHORT,False,-1,-1,-1,-1,-1,-1,True,,,0.0,0.0,no_entry,False,False,1,1,c8dcf21ff39d
2026-09-04,US.IWM,LONG,True,42,43,612,612,613,613,True,294.975,294.85,-0.125,-0.00042376472582422237,soft_failure_loss,False,False,1,1,c8dcf21ff39d
2026-09-04,US.IWM,SHORT,False,-1,-1,-1,-1,-1,-1,True,,,0.0,0.0,no_entry,False,False,1,1,c8dcf21ff39d
2026-09-04,US.META,LONG,False,-1,-1,-1,-1,-1,-1,True,,,0.0,0.0,no_entry,False,False,1,1,c8dcf21ff39d
2026-09-04,US.META,SHORT,False,-1,-1,-1,-1,-1,-1,True,,,0.0,0.0,no_entry,False,False,1,1,c8dcf21ff39d
2026-09-04,US.MSFT,LONG,False,-1,-1,-1,-1,-1,-1,True,,,0.0,0.0,no_entry,False,False,1,1,c8dcf21ff39d
2026-09-04,US.MSFT,SHORT,False,-1,-1,-1,-1,-1,-1,True,,,0.0,0.0,no_entry,False,False,1,1,c8dcf21ff39d
2026-09-04,US.MU,LONG,True,94,96,664,664,666,666,True,1000.1,998.04,-2.060000000000059,-0.002059794020597999,soft_failure_loss,False,False,1,1,c8dcf21ff39d
2026-09-04,US.MU,SHORT,False,-1,-1,-1,-1,-1,-1,True,,,0.0,0.0,no_entry,False,False,1,1,c8dcf21ff39d
2026-09-04,US.NVDA,LONG,True,32,38,602,602,608,608,True,233.658543171,233.313928784,-0.3446143869999787,-0.0014748632013329686,soft_failure_loss,False,False,1,1,c8dcf21ff39d
2026-09-04,US.NVDA,SHORT,False,-1,-1,-1,-1,-1,-1,True,,,0.0,0.0,no_entry,False,False,1,1,c8dcf21ff39d
2026-09-04,US.QQQ,LONG,True,24,40,594,594,610,610,True,720.868,720.77,-0.09800000000007003,-0.00013594721918585654,failed_followthrough,False,False,1,1,c8dcf21ff39d
2026-09-04,US.QQQ,SHORT,False,-1,-1,-1,-1,-1,-1,True,,,0.0,0.0,no_entry,False,False,1,1,c8dcf21ff39d
2026-09-04,US.SPY,LONG,False,-1,-1,-1,-1,-1,-1,True,,,0.0,0.0,no_entry,False,False,1,1,c8dcf21ff39d
2026-09-04,US.SPY,SHORT,True,39,375,609,609,-1,945,True,771.77,769.89,1.8799999999999955,0.0024359588996721764,scheduled_flatten,True,False,1,1,c8dcf21ff39d
2026-09-04,US.TSLA,LONG,False,-1,-1,-1,-1,-1,-1,True,,,0.0,0.0,no_entry,False,False,1,1,c8dcf21ff39d
2026-09-04,US.TSLA,SHORT,True,93,94,663,663,664,664,True,355.4,355.7001,-0.3001000000000431,-0.0008444006752955631,soft_failure_loss,False,False,1,1,c8dcf21ff39d
2026-09-08,US.AAPL,LONG,False,-1,-1,-1,-1,-1,-1,True,,,0.0,0.0,no_entry,False,False,1,1,c8dcf21ff39d
2026-09-08,US.AAPL,SHORT,False,-1,-1,-1,-1,-1,-1,True,,,0.0,0.0,no_entry,False,False,1,1,c8dcf21ff39d
2026-09-08,US.AMD,LONG,False,-1,-1,-1,-1,-1,-1,True,,,0.0,0.0,no_entry,False,False,1,1,c8dcf21ff39d
2026-09-08,US.AMD,SHORT,False,-1,-1,-1,-1,-1,-1,True,,,0.0,0.0,no_entry,False,False,1,1,c8dcf21ff39d
2026-09-08,US.IWM,LONG,False,-1,-1,-1,-1,-1,-1,True,,,0.0,0.0,no_entry,False,False,1,1,c8dcf21ff39d
2026-09-08,US.IWM,SHORT,False,-1,-1,-1,-1,-1,-1,True,,,0.0,0.0,no_entry,False,False,1,1,c8dcf21ff39d
2026-09-08,US.META,LONG,False,-1,-1,-1,-1,-1,-1,True,,,0.0,0.0,no_entry,False,False,1,1,c8dcf21ff39d
2026-09-08,US.META,SHORT,False,-1,-1,-1,-1,-1,-1,True,,,0.0,0.0,no_entry,False,False,1,1,c8dcf21ff39d
2026-09-08,US.MSFT,LONG,False,-1,-1,-1,-1,-1,-1,True,,,0.0,0.0,no_entry,False,False,1,1,c8dcf21ff39d
2026-09-08,US.MSFT,SHORT,True,66,67,636,636,637,637,True,491.06,491.6225,-0.5625,-0.0011454812039262004,soft_failure_loss,False,False,1,1,c8dcf21ff39d
2026-09-08,US.MU,LONG,False,-1,-1,-1,-1,-1,-1,True,,,0.0,0.0,no_entry,False,False,1,1,c8dcf21ff39d
2026-09-08,US.MU,SHORT,False,-1,-1,-1,-1,-1,-1,True,,,0.0,0.0,no_entry,False,False,1,1,c8dcf21ff39d
2026-09-08,US.NVDA,LONG,False,-1,-1,-1,-1,-1,-1,True,,,0.0,0.0,no_entry,False,False,1,1,c8dcf21ff39d
2026-09-08,US.NVDA,SHORT,False,-1,-1,-1,-1,-1,-1,True,,,0.0,0.0,no_entry,False,False,1,1,c8dcf21ff39d
2026-09-08,US.QQQ,LONG,False,-1,-1,-1,-1,-1,-1,True,,,0.0,0.0,no_entry,False,False,1,1,c8dcf21ff39d
2026-09-08,US.QQQ,SHORT,False,-1,-1,-1,-1,-1,-1,True,,,0.0,0.0,no_entry,False,False,1,1,c8dcf21ff39d
2026-09-08,US.SPY,LONG,False,-1,-1,-1,-1,-1,-1,True,,,0.0,0.0,no_entry,False,False,1,1,c8dcf21ff39d
2026-09-08,US.SPY,SHORT,True,54,55,624,624,625,625,True,766.95,767.0999,-0.14990000000000236,-0.0001954495077906022,soft_failure_loss,False,False,1,1,c8dcf21ff39d
2026-09-08,US.TSLA,LONG,False,-1,-1,-1,-1,-1,-1,True,,,0.0,0.0,no_entry,False,False,1,1,c8dcf21ff39d
2026-09-08,US.TSLA,SHORT,False,-1,-1,-1,-1,-1,-1,True,,,0.0,0.0,no_entry,False,False,1,1,c8dcf21ff39d
2026-09-09,US.AAPL,LONG,True,21,22,591,591,592,592,True,316.2799,316.14,-0.13990000000001146,-0.0004423297212374592,soft_failure_loss,False,False,1,1,c8dcf21ff39d
2026-09-09,US.AAPL,SHORT,False,-1,-1,-1,-1,-1,-1,True,,,0.0,0.0,no_entry,False,False,1,1,c8dcf21ff39d
2026-09-09,US.AMD,LONG,True,43,47,613,613,617,617,True,520.9101,519.7,-1.2101000000000113,-0.00232304960107322,soft_failure_loss,False,False,1,1,c8dcf21ff39d
2026-09-09,US.AMD,SHORT,False,-1,-1,-1,-1,-1,-1,True,,,0.0,0.0,no_entry,False,False,1,1,c8dcf21ff39d
2026-09-09,US.IWM,LONG,False,-1,-1,-1,-1,-1,-1,True,,,0.0,0.0,no_entry,False,False,1,1,c8dcf21ff39d
2026-09-09,US.IWM,SHORT,True,40,41,610,610,611,611,True,292.835,292.905,-0.06999999999999318,-0.00023904246418629324,soft_failure_loss,False,False,1,1,c8dcf21ff39d
2026-09-09,US.META,LONG,False,-1,-1,-1,-1,-1,-1,True,,,0.0,0.0,no_entry,False,False,1,1,c8dcf21ff39d
2026-09-09,US.META,SHORT,False,-1,-1,-1,-1,-1,-1,True,,,0.0,0.0,no_entry,False,False,1,1,c8dcf21ff39d
2026-09-09,US.MSFT,LONG,False,-1,-1,-1,-1,-1,-1,True,,,0.0,0.0,no_entry,False,False,1,1,c8dcf21ff39d
2026-09-09,US.MSFT,SHORT,False,-1,-1,-1,-1,-1,-1,True,,,0.0,0.0,no_entry,False,False,1,1,c8dcf21ff39d
2026-09-09,US.MU,LONG,True,93,97,663,663,667,667,True,1031.9989,1029.62,-2.378900000000158,-0.002305138115941943,soft_failure_loss,False,False,1,1,c8dcf21ff39d
2026-09-09,US.MU,SHORT,False,-1,-1,-1,-1,-1,-1,True,,,0.0,0.0,no_entry,False,False,1,1,c8dcf21ff39d
2026-09-09,US.NVDA,LONG,False,-1,-1,-1,-1,-1,-1,True,,,0.0,0.0,no_entry,False,False,1,1,c8dcf21ff39d
2026-09-09,US.NVDA,SHORT,True,22,23,592,592,593,593,True,224.279038552,224.388915603,-0.1098770509999838,-0.0004899122615710177,soft_failure_loss,False,False,1,1,c8dcf21ff39d
2026-09-09,US.QQQ,LONG,True,23,102,593,593,672,672,True,717.58,714.9,-2.6800000000000637,-0.0037347752167006653,trailing,False,False,1,1,c8dcf21ff39d
2026-09-09,US.QQQ,SHORT,False,-1,-1,-1,-1,-1,-1,True,,,0.0,0.0,no_entry,False,False,1,1,c8dcf21ff39d
2026-09-09,US.SPY,LONG,False,-1,-1,-1,-1,-1,-1,True,,,0.0,0.0,no_entry,False,False,1,1,c8dcf21ff39d
2026-09-09,US.SPY,SHORT,True,56,58,626,626,628,628,True,763.1,763.42,-0.31999999999993634,-0.0004193421569911366,soft_failure_loss,False,False,1,1,c8dcf21ff39d
2026-09-09,US.TSLA,LONG,False,-1,-1,-1,-1,-1,-1,True,,,0.0,0.0,no_entry,False,False,1,1,c8dcf21ff39d
2026-09-09,US.TSLA,SHORT,False,-1,-1,-1,-1,-1,-1,True,,,0.0,0.0,no_entry,False,False,1,1,c8dcf21ff39d
2026-09-10,US.AAPL,LONG,False,-1,-1,-1,-1,-1,-1,True,,,0.0,0.0,no_entry,False,False,1,1,c8dcf21ff39d
2026-09-10,US.AAPL,SHORT,False,-1,-1,-1,-1,-1,-1,True,,,0.0,0.0,no_entry,False,False,1,1,c8dcf21ff39d
2026-09-10,US.AMD,LONG,False,-1,-1,-1,-1,-1,-1,True,,,0.0,0.0,no_entry,False,False,1,1,c8dcf21ff39d
2026-09-10,US.AMD,SHORT,True,32,33,602,602,603,603,True,507.59,508.44,-0.8500000000000227,-0.0016745798774601998,soft_failure_loss,False,False,1,1,c8dcf21ff39d
2026-09-10,US.IWM,LONG,True,91,92,661,661,662,662,True,288.84,288.775,-0.06499999999999773,-0.00022503808336794674,soft_failure_loss,False,False,1,1,c8dcf21ff39d
2026-09-10,US.IWM,SHORT,False,-1,-1,-1,-1,-1,-1,True,,,0.0,0.0,no_entry,False,False,1,1,c8dcf21ff39d
2026-09-10,US.META,LONG,False,-1,-1,-1,-1,-1,-1,True,,,0.0,0.0,no_entry,False,False,1,1,c8dcf21ff39d
2026-09-10,US.META,SHORT,False,-1,-1,-1,-1,-1,-1,True,,,0.0,0.0,no_entry,False,False,1,1,c8dcf21ff39d
2026-09-10,US.MSFT,LONG,True,29,30,599,599,600,600,True,489.77,489.5,-0.2699999999999818,-0.0005512791718561402,soft_failure_loss,False,False,1,1,c8dcf21ff39d
2026-09-10,US.MSFT,SHORT,False,-1,-1,-1,-1,-1,-1,True,,,0.0,0.0,no_entry,False,False,1,1,c8dcf21ff39d
2026-09-10,US.MU,LONG,False,-1,-1,-1,-1,-1,-1,True,,,0.0,0.0,no_entry,False,False,1,1,c8dcf21ff39d
2026-09-10,US.MU,SHORT,False,-1,-1,-1,-1,-1,-1,True,,,0.0,0.0,no_entry,False,False,1,1,c8dcf21ff39d
2026-09-10,US.NVDA,LONG,False,-1,-1,-1,-1,-1,-1,True,,,0.0,0.0,no_entry,False,False,1,1,c8dcf21ff39d
2026-09-10,US.NVDA,SHORT,True,32,33,602,602,603,603,True,217.94,218.34,-0.4000000000000057,-0.0018353675323483788,soft_failure_loss,False,False,1,1,c8dcf21ff39d
2026-09-10,US.QQQ,LONG,True,109,112,679,679,682,682,True,710.56,710.42,-0.13999999999998636,-0.000197027696464741,soft_failure_loss,False,False,1,1,c8dcf21ff39d
2026-09-10,US.QQQ,SHORT,False,-1,-1,-1,-1,-1,-1,True,,,0.0,0.0,no_entry,False,False,1,1,c8dcf21ff39d
2026-09-10,US.SPY,LONG,True,17,19,587,587,589,589,True,758.74,758.425,-0.31500000000005457,-0.0004151619790706363,soft_failure_loss,False,False,1,1,c8dcf21ff39d
2026-09-10,US.SPY,SHORT,True,32,44,602,602,614,614,True,757.55,757.64,-0.09000000000003183,-0.0001188040393373795,failed_followthrough,False,False,1,1,c8dcf21ff39d
2026-09-10,US.TSLA,LONG,True,39,49,609,609,619,619,True,365.59,365.51,-0.07999999999998408,-0.00021882436609312096,failed_followthrough,False,False,1,1,c8dcf21ff39d
2026-09-10,US.TSLA,SHORT,False,-1,-1,-1,-1,-1,-1,True,,,0.0,0.0,no_entry,False,False,1,1,c8dcf21ff39d
2026-09-11,US.AAPL,LONG,False,-1,-1,-1,-1,-1,-1,True,,,0.0,0.0,no_entry,False,False,1,1,c8dcf21ff39d
2026-09-11,US.AAPL,SHORT,False,-1,-1,-1,-1,-1,-1,True,,,0.0,0.0,no_entry,False,False,1,1,c8dcf21ff39d
2026-09-11,US.AMD,LONG,True,36,37,606,606,607,607,True,513.395,511.175,-2.2199999999999704,-0.0043241558643928564,soft_failure_loss,False,False,1,1,c8dcf21ff39d
2026-09-11,US.AMD,SHORT,False,-1,-1,-1,-1,-1,-1,True,,,0.0,0.0,no_entry,False,False,1,1,c8dcf21ff39d
2026-09-11,US.IWM,LONG,False,-1,-1,-1,-1,-1,-1,True,,,0.0,0.0,no_entry,False,False,1,1,c8dcf21ff39d
2026-09-11,US.IWM,SHORT,True,27,30,597,597,600,600,True,290.19,290.36,-0.17000000000001592,-0.0005858230814294632,soft_failure_loss,False,False,1,1,c8dcf21ff39d
2026-09-11,US.META,LONG,False,-1,-1,-1,-1,-1,-1,True,,,0.0,0.0,no_entry,False,False,1,1,c8dcf21ff39d
2026-09-11,US.META,SHORT,False,-1,-1,-1,-1,-1,-1,True,,,0.0,0.0,no_entry,False,False,1,1,c8dcf21ff39d
2026-09-11,US.MSFT,LONG,False,-1,-1,-1,-1,-1,-1,True,,,0.0,0.0,no_entry,False,False,1,1,c8dcf21ff39d
2026-09-11,US.MSFT,SHORT,False,-1,-1,-1,-1,-1,-1,True,,,0.0,0.0,no_entry,False,False,1,1,c8dcf21ff39d
2026-09-11,US.MU,LONG,False,-1,-1,-1,-1,-1,-1,True,,,0.0,0.0,no_entry,False,False,1,1,c8dcf21ff39d
2026-09-11,US.MU,SHORT,False,-1,-1,-1,-1,-1,-1,True,,,0.0,0.0,no_entry,False,False,1,1,c8dcf21ff39d
2026-09-11,US.NVDA,LONG,True,54,61,624,624,631,631,True,221.5,221.253573,-0.24642700000001128,-0.0011125372460497123,soft_failure_loss,False,False,1,1,c8dcf21ff39d
2026-09-11,US.NVDA,SHORT,False,-1,-1,-1,-1,-1,-1,True,,,0.0,0.0,no_entry,False,False,1,1,c8dcf21ff39d
2026-09-11,US.QQQ,LONG,True,17,19,587,587,589,589,True,716.16,715.48,-0.67999999999995,-0.0009495084897228972,soft_failure_loss,False,False,1,1,c8dcf21ff39d
2026-09-11,US.QQQ,SHORT,False,-1,-1,-1,-1,-1,-1,True,,,0.0,0.0,no_entry,False,False,1,1,c8dcf21ff39d
2026-09-11,US.SPY,LONG,False,-1,-1,-1,-1,-1,-1,True,,,0.0,0.0,no_entry,False,False,1,1,c8dcf21ff39d
2026-09-11,US.SPY,SHORT,False,-1,-1,-1,-1,-1,-1,True,,,0.0,0.0,no_entry,False,False,1,1,c8dcf21ff39d
2026-09-11,US.TSLA,LONG,False,-1,-1,-1,-1,-1,-1,True,,,0.0,0.0,no_entry,False,False,1,1,c8dcf21ff39d
2026-09-11,US.TSLA,SHORT,False,-1,-1,-1,-1,-1,-1,True,,,0.0,0.0,no_entry,False,False,1,1,c8dcf21ff39d
