date,symbol,direction,traded,entry_index,exit_index,entry_signal_close_minute,entry_minute,exit_signal_close_minute,exit_minute,exit_time_exact,entry_price,exit_price,pnl_points,gross_return,exit_reason,eod_flatten,unclosed,signal_minutes,execution_minutes,rule_id
2026-05-14,US.AAPL,LONG,False,-1,-1,-1,-1,-1,-1,True,,,0.0,0.0,no_entry,False,False,1,1,8badc3e7b306
2026-05-14,US.AAPL,SHORT,False,-1,-1,-1,-1,-1,-1,True,,,0.0,0.0,no_entry,False,False,1,1,8badc3e7b306
2026-05-14,US.AMD,LONG,False,-1,-1,-1,-1,-1,-1,True,,,0.0,0.0,no_entry,False,False,1,1,8badc3e7b306
2026-05-14,US.AMD,SHORT,False,-1,-1,-1,-1,-1,-1,True,,,0.0,0.0,no_entry,False,False,1,1,8badc3e7b306
2026-05-14,US.IWM,LONG,False,-1,-1,-1,-1,-1,-1,True,,,0.0,0.0,no_entry,False,False,1,1,8badc3e7b306
2026-05-14,US.IWM,SHORT,False,-1,-1,-1,-1,-1,-1,True,,,0.0,0.0,no_entry,False,False,1,1,8badc3e7b306
2026-05-14,US.META,LONG,False,-1,-1,-1,-1,-1,-1,True,,,0.0,0.0,no_entry,False,False,1,1,8badc3e7b306
2026-05-14,US.META,SHORT,False,-1,-1,-1,-1,-1,-1,True,,,0.0,0.0,no_entry,False,False,1,1,8badc3e7b306
2026-05-14,US.MSFT,LONG,False,-1,-1,-1,-1,-1,-1,True,,,0.0,0.0,no_entry,False,False,1,1,8badc3e7b306
2026-05-14,US.MSFT,SHORT,False,-1,-1,-1,-1,-1,-1,True,,,0.0,0.0,no_entry,False,False,1,1,8badc3e7b306
2026-05-14,US.MU,LONG,False,-1,-1,-1,-1,-1,-1,True,,,0.0,0.0,no_entry,False,False,1,1,8badc3e7b306
2026-05-14,US.MU,SHORT,False,-1,-1,-1,-1,-1,-1,True,,,0.0,0.0,no_entry,False,False,1,1,8badc3e7b306
2026-05-14,US.NVDA,LONG,False,-1,-1,-1,-1,-1,-1,True,,,0.0,0.0,no_entry,False,False,1,1,8badc3e7b306
2026-05-14,US.NVDA,SHORT,False,-1,-1,-1,-1,-1,-1,True,,,0.0,0.0,no_entry,False,False,1,1,8badc3e7b306
2026-05-14,US.QQQ,LONG,False,-1,-1,-1,-1,-1,-1,True,,,0.0,0.0,no_entry,False,False,1,1,8badc3e7b306
2026-05-14,US.QQQ,SHORT,False,-1,-1,-1,-1,-1,-1,True,,,0.0,0.0,no_entry,False,False,1,1,8badc3e7b306
2026-05-14,US.SPY,LONG,False,-1,-1,-1,-1,-1,-1,True,,,0.0,0.0,no_entry,False,False,1,1,8badc3e7b306
2026-05-14,US.SPY,SHORT,False,-1,-1,-1,-1,-1,-1,True,,,0.0,0.0,no_entry,False,False,1,1,8badc3e7b306
2026-05-14,US.TSLA,LONG,False,-1,-1,-1,-1,-1,-1,True,,,0.0,0.0,no_entry,False,False,1,1,8badc3e7b306
2026-05-14,US.TSLA,SHORT,False,-1,-1,-1,-1,-1,-1,True,,,0.0,0.0,no_entry,False,False,1,1,8badc3e7b306
2026-05-15,US.AAPL,LONG,False,-1,-1,-1,-1,-1,-1,True,,,0.0,0.0,no_entry,False,False,1,1,8badc3e7b306
2026-05-15,US.AAPL,SHORT,False,-1,-1,-1,-1,-1,-1,True,,,0.0,0.0,no_entry,False,False,1,1,8badc3e7b306
2026-05-15,US.AMD,LONG,False,-1,-1,-1,-1,-1,-1,True,,,0.0,0.0,no_entry,False,False,1,1,8badc3e7b306
2026-05-15,US.AMD,SHORT,False,-1,-1,-1,-1,-1,-1,True,,,0.0,0.0,no_entry,False,False,1,1,8badc3e7b306
2026-05-15,US.IWM,LONG,False,-1,-1,-1,-1,-1,-1,True,,,0.0,0.0,no_entry,False,False,1,1,8badc3e7b306
2026-05-15,US.IWM,SHORT,False,-1,-1,-1,-1,-1,-1,True,,,0.0,0.0,no_entry,False,False,1,1,8badc3e7b306
2026-05-15,US.META,LONG,False,-1,-1,-1,-1,-1,-1,True,,,0.0,0.0,no_entry,False,False,1,1,8badc3e7b306
2026-05-15,US.META,SHORT,False,-1,-1,-1,-1,-1,-1,True,,,0.0,0.0,no_entry,False,False,1,1,8badc3e7b306
2026-05-15,US.MSFT,LONG,False,-1,-1,-1,-1,-1,-1,True,,,0.0,0.0,no_entry,False,False,1,1,8badc3e7b306
2026-05-15,US.MSFT,SHORT,False,-1,-1,-1,-1,-1,-1,True,,,0.0,0.0,no_entry,False,False,1,1,8badc3e7b306
2026-05-15,US.MU,LONG,False,-1,-1,-1,-1,-1,-1,True,,,0.0,0.0,no_entry,False,False,1,1,8badc3e7b306
2026-05-15,US.MU,SHORT,False,-1,-1,-1,-1,-1,-1,True,,,0.0,0.0,no_entry,False,False,1,1,8badc3e7b306
2026-05-15,US.NVDA,LONG,False,-1,-1,-1,-1,-1,-1,True,,,0.0,0.0,no_entry,False,False,1,1,8badc3e7b306
2026-05-15,US.NVDA,SHORT,False,-1,-1,-1,-1,-1,-1,True,,,0.0,0.0,no_entry,False,False,1,1,8badc3e7b306
2026-05-15,US.QQQ,LONG,False,-1,-1,-1,-1,-1,-1,True,,,0.0,0.0,no_entry,False,False,1,1,8badc3e7b306
2026-05-15,US.QQQ,SHORT,False,-1,-1,-1,-1,-1,-1,True,,,0.0,0.0,no_entry,False,False,1,1,8badc3e7b306
2026-05-15,US.SPY,LONG,False,-1,-1,-1,-1,-1,-1,True,,,0.0,0.0,no_entry,False,False,1,1,8badc3e7b306
2026-05-15,US.SPY,SHORT,False,-1,-1,-1,-1,-1,-1,True,,,0.0,0.0,no_entry,False,False,1,1,8badc3e7b306
2026-05-15,US.TSLA,LONG,False,-1,-1,-1,-1,-1,-1,True,,,0.0,0.0,no_entry,False,False,1,1,8badc3e7b306
2026-05-15,US.TSLA,SHORT,False,-1,-1,-1,-1,-1,-1,True,,,0.0,0.0,no_entry,False,False,1,1,8badc3e7b306
2026-05-18,US.AAPL,LONG,False,-1,-1,-1,-1,-1,-1,True,,,0.0,0.0,no_entry,False,False,1,1,8badc3e7b306
2026-05-18,US.AAPL,SHORT,False,-1,-1,-1,-1,-1,-1,True,,,0.0,0.0,no_entry,False,False,1,1,8badc3e7b306
2026-05-18,US.AMD,LONG,False,-1,-1,-1,-1,-1,-1,True,,,0.0,0.0,no_entry,False,False,1,1,8badc3e7b306
2026-05-18,US.AMD,SHORT,False,-1,-1,-1,-1,-1,-1,True,,,0.0,0.0,no_entry,False,False,1,1,8badc3e7b306
2026-05-18,US.IWM,LONG,False,-1,-1,-1,-1,-1,-1,True,,,0.0,0.0,no_entry,False,False,1,1,8badc3e7b306
2026-05-18,US.IWM,SHORT,False,-1,-1,-1,-1,-1,-1,True,,,0.0,0.0,no_entry,False,False,1,1,8badc3e7b306
2026-05-18,US.META,LONG,False,-1,-1,-1,-1,-1,-1,True,,,0.0,0.0,no_entry,False,False,1,1,8badc3e7b306
2026-05-18,US.META,SHORT,False,-1,-1,-1,-1,-1,-1,True,,,0.0,0.0,no_entry,False,False,1,1,8badc3e7b306
2026-05-18,US.MSFT,LONG,False,-1,-1,-1,-1,-1,-1,True,,,0.0,0.0,no_entry,False,False,1,1,8badc3e7b306
2026-05-18,US.MSFT,SHORT,False,-1,-1,-1,-1,-1,-1,True,,,0.0,0.0,no_entry,False,False,1,1,8badc3e7b306
2026-05-18,US.MU,LONG,False,-1,-1,-1,-1,-1,-1,True,,,0.0,0.0,no_entry,False,False,1,1,8badc3e7b306
2026-05-18,US.MU,SHORT,False,-1,-1,-1,-1,-1,-1,True,,,0.0,0.0,no_entry,False,False,1,1,8badc3e7b306
2026-05-18,US.NVDA,LONG,False,-1,-1,-1,-1,-1,-1,True,,,0.0,0.0,no_entry,False,False,1,1,8badc3e7b306
2026-05-18,US.NVDA,SHORT,False,-1,-1,-1,-1,-1,-1,True,,,0.0,0.0,no_entry,False,False,1,1,8badc3e7b306
2026-05-18,US.QQQ,LONG,False,-1,-1,-1,-1,-1,-1,True,,,0.0,0.0,no_entry,False,False,1,1,8badc3e7b306
2026-05-18,US.QQQ,SHORT,False,-1,-1,-1,-1,-1,-1,True,,,0.0,0.0,no_entry,False,False,1,1,8badc3e7b306
2026-05-18,US.SPY,LONG,False,-1,-1,-1,-1,-1,-1,True,,,0.0,0.0,no_entry,False,False,1,1,8badc3e7b306
2026-05-18,US.SPY,SHORT,False,-1,-1,-1,-1,-1,-1,True,,,0.0,0.0,no_entry,False,False,1,1,8badc3e7b306
2026-05-18,US.TSLA,LONG,False,-1,-1,-1,-1,-1,-1,True,,,0.0,0.0,no_entry,False,False,1,1,8badc3e7b306
2026-05-18,US.TSLA,SHORT,False,-1,-1,-1,-1,-1,-1,True,,,0.0,0.0,no_entry,False,False,1,1,8badc3e7b306
2026-05-19,US.AAPL,LONG,False,-1,-1,-1,-1,-1,-1,True,,,0.0,0.0,no_entry,False,False,1,1,8badc3e7b306
2026-05-19,US.AAPL,SHORT,False,-1,-1,-1,-1,-1,-1,True,,,0.0,0.0,no_entry,False,False,1,1,8badc3e7b306
2026-05-19,US.AMD,LONG,False,-1,-1,-1,-1,-1,-1,True,,,0.0,0.0,no_entry,False,False,1,1,8badc3e7b306
2026-05-19,US.AMD,SHORT,False,-1,-1,-1,-1,-1,-1,True,,,0.0,0.0,no_entry,False,False,1,1,8badc3e7b306
2026-05-19,US.IWM,LONG,False,-1,-1,-1,-1,-1,-1,True,,,0.0,0.0,no_entry,False,False,1,1,8badc3e7b306
2026-05-19,US.IWM,SHORT,False,-1,-1,-1,-1,-1,-1,True,,,0.0,0.0,no_entry,False,False,1,1,8badc3e7b306
2026-05-19,US.META,LONG,False,-1,-1,-1,-1,-1,-1,True,,,0.0,0.0,no_entry,False,False,1,1,8badc3e7b306
2026-05-19,US.META,SHORT,False,-1,-1,-1,-1,-1,-1,True,,,0.0,0.0,no_entry,False,False,1,1,8badc3e7b306
2026-05-19,US.MSFT,LONG,False,-1,-1,-1,-1,-1,-1,True,,,0.0,0.0,no_entry,False,False,1,1,8badc3e7b306
2026-05-19,US.MSFT,SHORT,False,-1,-1,-1,-1,-1,-1,True,,,0.0,0.0,no_entry,False,False,1,1,8badc3e7b306
2026-05-19,US.MU,LONG,False,-1,-1,-1,-1,-1,-1,True,,,0.0,0.0,no_entry,False,False,1,1,8badc3e7b306
2026-05-19,US.MU,SHORT,False,-1,-1,-1,-1,-1,-1,True,,,0.0,0.0,no_entry,False,False,1,1,8badc3e7b306
2026-05-19,US.NVDA,LONG,False,-1,-1,-1,-1,-1,-1,True,,,0.0,0.0,no_entry,False,False,1,1,8badc3e7b306
2026-05-19,US.NVDA,SHORT,False,-1,-1,-1,-1,-1,-1,True,,,0.0,0.0,no_entry,False,False,1,1,8badc3e7b306
2026-05-19,US.QQQ,LONG,False,-1,-1,-1,-1,-1,-1,True,,,0.0,0.0,no_entry,False,False,1,1,8badc3e7b306
2026-05-19,US.QQQ,SHORT,False,-1,-1,-1,-1,-1,-1,True,,,0.0,0.0,no_entry,False,False,1,1,8badc3e7b306
2026-05-19,US.SPY,LONG,False,-1,-1,-1,-1,-1,-1,True,,,0.0,0.0,no_entry,False,False,1,1,8badc3e7b306
2026-05-19,US.SPY,SHORT,False,-1,-1,-1,-1,-1,-1,True,,,0.0,0.0,no_entry,False,False,1,1,8badc3e7b306
2026-05-19,US.TSLA,LONG,False,-1,-1,-1,-1,-1,-1,True,,,0.0,0.0,no_entry,False,False,1,1,8badc3e7b306
2026-05-19,US.TSLA,SHORT,False,-1,-1,-1,-1,-1,-1,True,,,0.0,0.0,no_entry,False,False,1,1,8badc3e7b306
2026-05-20,US.AAPL,LONG,False,-1,-1,-1,-1,-1,-1,True,,,0.0,0.0,no_entry,False,False,1,1,8badc3e7b306
2026-05-20,US.AAPL,SHORT,False,-1,-1,-1,-1,-1,-1,True,,,0.0,0.0,no_entry,False,False,1,1,8badc3e7b306
2026-05-20,US.AMD,LONG,False,-1,-1,-1,-1,-1,-1,True,,,0.0,0.0,no_entry,False,False,1,1,8badc3e7b306
2026-05-20,US.AMD,SHORT,False,-1,-1,-1,-1,-1,-1,True,,,0.0,0.0,no_entry,False,False,1,1,8badc3e7b306
2026-05-20,US.IWM,LONG,False,-1,-1,-1,-1,-1,-1,True,,,0.0,0.0,no_entry,False,False,1,1,8badc3e7b306
2026-05-20,US.IWM,SHORT,False,-1,-1,-1,-1,-1,-1,True,,,0.0,0.0,no_entry,False,False,1,1,8badc3e7b306
2026-05-20,US.META,LONG,False,-1,-1,-1,-1,-1,-1,True,,,0.0,0.0,no_entry,False,False,1,1,8badc3e7b306
2026-05-20,US.META,SHORT,False,-1,-1,-1,-1,-1,-1,True,,,0.0,0.0,no_entry,False,False,1,1,8badc3e7b306
2026-05-20,US.MSFT,LONG,False,-1,-1,-1,-1,-1,-1,True,,,0.0,0.0,no_entry,False,False,1,1,8badc3e7b306
2026-05-20,US.MSFT,SHORT,False,-1,-1,-1,-1,-1,-1,True,,,0.0,0.0,no_entry,False,False,1,1,8badc3e7b306
2026-05-20,US.MU,LONG,False,-1,-1,-1,-1,-1,-1,True,,,0.0,0.0,no_entry,False,False,1,1,8badc3e7b306
2026-05-20,US.MU,SHORT,False,-1,-1,-1,-1,-1,-1,True,,,0.0,0.0,no_entry,False,False,1,1,8badc3e7b306
2026-05-20,US.NVDA,LONG,False,-1,-1,-1,-1,-1,-1,True,,,0.0,0.0,no_entry,False,False,1,1,8badc3e7b306
2026-05-20,US.NVDA,SHORT,False,-1,-1,-1,-1,-1,-1,True,,,0.0,0.0,no_entry,False,False,1,1,8badc3e7b306
2026-05-20,US.QQQ,LONG,False,-1,-1,-1,-1,-1,-1,True,,,0.0,0.0,no_entry,False,False,1,1,8badc3e7b306
2026-05-20,US.QQQ,SHORT,False,-1,-1,-1,-1,-1,-1,True,,,0.0,0.0,no_entry,False,False,1,1,8badc3e7b306
2026-05-20,US.SPY,LONG,False,-1,-1,-1,-1,-1,-1,True,,,0.0,0.0,no_entry,False,False,1,1,8badc3e7b306
2026-05-20,US.SPY,SHORT,False,-1,-1,-1,-1,-1,-1,True,,,0.0,0.0,no_entry,False,False,1,1,8badc3e7b306
2026-05-20,US.TSLA,LONG,False,-1,-1,-1,-1,-1,-1,True,,,0.0,0.0,no_entry,False,False,1,1,8badc3e7b306
2026-05-20,US.TSLA,SHORT,False,-1,-1,-1,-1,-1,-1,True,,,0.0,0.0,no_entry,False,False,1,1,8badc3e7b306
2026-05-21,US.AAPL,LONG,False,-1,-1,-1,-1,-1,-1,True,,,0.0,0.0,no_entry,False,False,1,1,8badc3e7b306
2026-05-21,US.AAPL,SHORT,False,-1,-1,-1,-1,-1,-1,True,,,0.0,0.0,no_entry,False,False,1,1,8badc3e7b306
2026-05-21,US.AMD,LONG,False,-1,-1,-1,-1,-1,-1,True,,,0.0,0.0,no_entry,False,False,1,1,8badc3e7b306
2026-05-21,US.AMD,SHORT,False,-1,-1,-1,-1,-1,-1,True,,,0.0,0.0,no_entry,False,False,1,1,8badc3e7b306
2026-05-21,US.IWM,LONG,False,-1,-1,-1,-1,-1,-1,True,,,0.0,0.0,no_entry,False,False,1,1,8badc3e7b306
2026-05-21,US.IWM,SHORT,False,-1,-1,-1,-1,-1,-1,True,,,0.0,0.0,no_entry,False,False,1,1,8badc3e7b306
2026-05-21,US.META,LONG,False,-1,-1,-1,-1,-1,-1,True,,,0.0,0.0,no_entry,False,False,1,1,8badc3e7b306
2026-05-21,US.META,SHORT,False,-1,-1,-1,-1,-1,-1,True,,,0.0,0.0,no_entry,False,False,1,1,8badc3e7b306
2026-05-21,US.MSFT,LONG,False,-1,-1,-1,-1,-1,-1,True,,,0.0,0.0,no_entry,False,False,1,1,8badc3e7b306
2026-05-21,US.MSFT,SHORT,False,-1,-1,-1,-1,-1,-1,True,,,0.0,0.0,no_entry,False,False,1,1,8badc3e7b306
2026-05-21,US.MU,LONG,False,-1,-1,-1,-1,-1,-1,True,,,0.0,0.0,no_entry,False,False,1,1,8badc3e7b306
2026-05-21,US.MU,SHORT,False,-1,-1,-1,-1,-1,-1,True,,,0.0,0.0,no_entry,False,False,1,1,8badc3e7b306
2026-05-21,US.NVDA,LONG,False,-1,-1,-1,-1,-1,-1,True,,,0.0,0.0,no_entry,False,False,1,1,8badc3e7b306
2026-05-21,US.NVDA,SHORT,False,-1,-1,-1,-1,-1,-1,True,,,0.0,0.0,no_entry,False,False,1,1,8badc3e7b306
2026-05-21,US.QQQ,LONG,False,-1,-1,-1,-1,-1,-1,True,,,0.0,0.0,no_entry,False,False,1,1,8badc3e7b306
2026-05-21,US.QQQ,SHORT,False,-1,-1,-1,-1,-1,-1,True,,,0.0,0.0,no_entry,False,False,1,1,8badc3e7b306
2026-05-21,US.SPY,LONG,False,-1,-1,-1,-1,-1,-1,True,,,0.0,0.0,no_entry,False,False,1,1,8badc3e7b306
2026-05-21,US.SPY,SHORT,False,-1,-1,-1,-1,-1,-1,True,,,0.0,0.0,no_entry,False,False,1,1,8badc3e7b306
2026-05-21,US.TSLA,LONG,False,-1,-1,-1,-1,-1,-1,True,,,0.0,0.0,no_entry,False,False,1,1,8badc3e7b306
2026-05-21,US.TSLA,SHORT,False,-1,-1,-1,-1,-1,-1,True,,,0.0,0.0,no_entry,False,False,1,1,8badc3e7b306
2026-05-22,US.AAPL,LONG,True,80,140,650,650,710,710,True,309.343205347,309.792817577,0.4496122300000138,0.0014534414276068217,structural,False,False,1,1,8badc3e7b306
2026-05-22,US.AAPL,SHORT,False,-1,-1,-1,-1,-1,-1,True,,,0.0,0.0,no_entry,False,False,1,1,8badc3e7b306
2026-05-22,US.AMD,LONG,False,-1,-1,-1,-1,-1,-1,True,,,0.0,0.0,no_entry,False,False,1,1,8badc3e7b306
2026-05-22,US.AMD,SHORT,False,-1,-1,-1,-1,-1,-1,True,,,0.0,0.0,no_entry,False,False,1,1,8badc3e7b306
2026-05-22,US.IWM,LONG,False,-1,-1,-1,-1,-1,-1,True,,,0.0,0.0,no_entry,False,False,1,1,8badc3e7b306
2026-05-22,US.IWM,SHORT,False,-1,-1,-1,-1,-1,-1,True,,,0.0,0.0,no_entry,False,False,1,1,8badc3e7b306
2026-05-22,US.META,LONG,False,-1,-1,-1,-1,-1,-1,True,,,0.0,0.0,no_entry,False,False,1,1,8badc3e7b306
2026-05-22,US.META,SHORT,False,-1,-1,-1,-1,-1,-1,True,,,0.0,0.0,no_entry,False,False,1,1,8badc3e7b306
2026-05-22,US.MSFT,LONG,False,-1,-1,-1,-1,-1,-1,True,,,0.0,0.0,no_entry,False,False,1,1,8badc3e7b306
2026-05-22,US.MSFT,SHORT,False,-1,-1,-1,-1,-1,-1,True,,,0.0,0.0,no_entry,False,False,1,1,8badc3e7b306
2026-05-22,US.MU,LONG,True,209,244,779,779,814,814,True,769.186713201,768.251856965,-0.9348562359999733,-0.0012153827152181728,failed_followthrough,False,False,1,1,8badc3e7b306
2026-05-22,US.MU,SHORT,False,-1,-1,-1,-1,-1,-1,True,,,0.0,0.0,no_entry,False,False,1,1,8badc3e7b306
2026-05-22,US.NVDA,LONG,False,-1,-1,-1,-1,-1,-1,True,,,0.0,0.0,no_entry,False,False,1,1,8badc3e7b306
2026-05-22,US.NVDA,SHORT,False,-1,-1,-1,-1,-1,-1,True,,,0.0,0.0,no_entry,False,False,1,1,8badc3e7b306
2026-05-22,US.QQQ,LONG,False,-1,-1,-1,-1,-1,-1,True,,,0.0,0.0,no_entry,False,False,1,1,8badc3e7b306
2026-05-22,US.QQQ,SHORT,False,-1,-1,-1,-1,-1,-1,True,,,0.0,0.0,no_entry,False,False,1,1,8badc3e7b306
2026-05-22,US.SPY,LONG,False,-1,-1,-1,-1,-1,-1,True,,,0.0,0.0,no_entry,False,False,1,1,8badc3e7b306
2026-05-22,US.SPY,SHORT,False,-1,-1,-1,-1,-1,-1,True,,,0.0,0.0,no_entry,False,False,1,1,8badc3e7b306
2026-05-22,US.TSLA,LONG,True,105,135,675,675,705,705,True,428.68,426.32,-2.3600000000000136,-0.005505271997760599,failed_followthrough,False,False,1,1,8badc3e7b306
2026-05-22,US.TSLA,SHORT,False,-1,-1,-1,-1,-1,-1,True,,,0.0,0.0,no_entry,False,False,1,1,8badc3e7b306
2026-05-26,US.AAPL,LONG,False,-1,-1,-1,-1,-1,-1,True,,,0.0,0.0,no_entry,False,False,1,1,8badc3e7b306
2026-05-26,US.AAPL,SHORT,False,-1,-1,-1,-1,-1,-1,True,,,0.0,0.0,no_entry,False,False,1,1,8badc3e7b306
2026-05-26,US.AMD,LONG,False,-1,-1,-1,-1,-1,-1,True,,,0.0,0.0,no_entry,False,False,1,1,8badc3e7b306
2026-05-26,US.AMD,SHORT,False,-1,-1,-1,-1,-1,-1,True,,,0.0,0.0,no_entry,False,False,1,1,8badc3e7b306
2026-05-26,US.IWM,LONG,False,-1,-1,-1,-1,-1,-1,True,,,0.0,0.0,no_entry,False,False,1,1,8badc3e7b306
2026-05-26,US.IWM,SHORT,False,-1,-1,-1,-1,-1,-1,True,,,0.0,0.0,no_entry,False,False,1,1,8badc3e7b306
2026-05-26,US.META,LONG,False,-1,-1,-1,-1,-1,-1,True,,,0.0,0.0,no_entry,False,False,1,1,8badc3e7b306
2026-05-26,US.META,SHORT,False,-1,-1,-1,-1,-1,-1,True,,,0.0,0.0,no_entry,False,False,1,1,8badc3e7b306
2026-05-26,US.MSFT,LONG,False,-1,-1,-1,-1,-1,-1,True,,,0.0,0.0,no_entry,False,False,1,1,8badc3e7b306
2026-05-26,US.MSFT,SHORT,False,-1,-1,-1,-1,-1,-1,True,,,0.0,0.0,no_entry,False,False,1,1,8badc3e7b306
2026-05-26,US.MU,LONG,False,-1,-1,-1,-1,-1,-1,True,,,0.0,0.0,no_entry,False,False,1,1,8badc3e7b306
2026-05-26,US.MU,SHORT,False,-1,-1,-1,-1,-1,-1,True,,,0.0,0.0,no_entry,False,False,1,1,8badc3e7b306
2026-05-26,US.NVDA,LONG,False,-1,-1,-1,-1,-1,-1,True,,,0.0,0.0,no_entry,False,False,1,1,8badc3e7b306
2026-05-26,US.NVDA,SHORT,False,-1,-1,-1,-1,-1,-1,True,,,0.0,0.0,no_entry,False,False,1,1,8badc3e7b306
2026-05-26,US.QQQ,LONG,False,-1,-1,-1,-1,-1,-1,True,,,0.0,0.0,no_entry,False,False,1,1,8badc3e7b306
2026-05-26,US.QQQ,SHORT,False,-1,-1,-1,-1,-1,-1,True,,,0.0,0.0,no_entry,False,False,1,1,8badc3e7b306
2026-05-26,US.SPY,LONG,False,-1,-1,-1,-1,-1,-1,True,,,0.0,0.0,no_entry,False,False,1,1,8badc3e7b306
2026-05-26,US.SPY,SHORT,False,-1,-1,-1,-1,-1,-1,True,,,0.0,0.0,no_entry,False,False,1,1,8badc3e7b306
2026-05-26,US.TSLA,LONG,False,-1,-1,-1,-1,-1,-1,True,,,0.0,0.0,no_entry,False,False,1,1,8badc3e7b306
2026-05-26,US.TSLA,SHORT,False,-1,-1,-1,-1,-1,-1,True,,,0.0,0.0,no_entry,False,False,1,1,8badc3e7b306
2026-05-27,US.AAPL,LONG,False,-1,-1,-1,-1,-1,-1,True,,,0.0,0.0,no_entry,False,False,1,1,8badc3e7b306
2026-05-27,US.AAPL,SHORT,False,-1,-1,-1,-1,-1,-1,True,,,0.0,0.0,no_entry,False,False,1,1,8badc3e7b306
2026-05-27,US.AMD,LONG,False,-1,-1,-1,-1,-1,-1,True,,,0.0,0.0,no_entry,False,False,1,1,8badc3e7b306
2026-05-27,US.AMD,SHORT,False,-1,-1,-1,-1,-1,-1,True,,,0.0,0.0,no_entry,False,False,1,1,8badc3e7b306
2026-05-27,US.IWM,LONG,False,-1,-1,-1,-1,-1,-1,True,,,0.0,0.0,no_entry,False,False,1,1,8badc3e7b306
2026-05-27,US.IWM,SHORT,False,-1,-1,-1,-1,-1,-1,True,,,0.0,0.0,no_entry,False,False,1,1,8badc3e7b306
2026-05-27,US.META,LONG,False,-1,-1,-1,-1,-1,-1,True,,,0.0,0.0,no_entry,False,False,1,1,8badc3e7b306
2026-05-27,US.META,SHORT,False,-1,-1,-1,-1,-1,-1,True,,,0.0,0.0,no_entry,False,False,1,1,8badc3e7b306
2026-05-27,US.MSFT,LONG,False,-1,-1,-1,-1,-1,-1,True,,,0.0,0.0,no_entry,False,False,1,1,8badc3e7b306
2026-05-27,US.MSFT,SHORT,False,-1,-1,-1,-1,-1,-1,True,,,0.0,0.0,no_entry,False,False,1,1,8badc3e7b306
2026-05-27,US.MU,LONG,False,-1,-1,-1,-1,-1,-1,True,,,0.0,0.0,no_entry,False,False,1,1,8badc3e7b306
2026-05-27,US.MU,SHORT,False,-1,-1,-1,-1,-1,-1,True,,,0.0,0.0,no_entry,False,False,1,1,8badc3e7b306
2026-05-27,US.NVDA,LONG,False,-1,-1,-1,-1,-1,-1,True,,,0.0,0.0,no_entry,False,False,1,1,8badc3e7b306
2026-05-27,US.NVDA,SHORT,False,-1,-1,-1,-1,-1,-1,True,,,0.0,0.0,no_entry,False,False,1,1,8badc3e7b306
2026-05-27,US.QQQ,LONG,False,-1,-1,-1,-1,-1,-1,True,,,0.0,0.0,no_entry,False,False,1,1,8badc3e7b306
2026-05-27,US.QQQ,SHORT,False,-1,-1,-1,-1,-1,-1,True,,,0.0,0.0,no_entry,False,False,1,1,8badc3e7b306
2026-05-27,US.SPY,LONG,False,-1,-1,-1,-1,-1,-1,True,,,0.0,0.0,no_entry,False,False,1,1,8badc3e7b306
2026-05-27,US.SPY,SHORT,True,155,185,725,725,755,755,True,746.86636448,747.883644365,-1.0172798849999936,-0.0013620641300512535,failed_followthrough,False,False,1,1,8badc3e7b306
2026-05-27,US.TSLA,LONG,False,-1,-1,-1,-1,-1,-1,True,,,0.0,0.0,no_entry,False,False,1,1,8badc3e7b306
2026-05-27,US.TSLA,SHORT,False,-1,-1,-1,-1,-1,-1,True,,,0.0,0.0,no_entry,False,False,1,1,8badc3e7b306
2026-05-28,US.AAPL,LONG,False,-1,-1,-1,-1,-1,-1,True,,,0.0,0.0,no_entry,False,False,1,1,8badc3e7b306
2026-05-28,US.AAPL,SHORT,False,-1,-1,-1,-1,-1,-1,True,,,0.0,0.0,no_entry,False,False,1,1,8badc3e7b306
2026-05-28,US.AMD,LONG,False,-1,-1,-1,-1,-1,-1,True,,,0.0,0.0,no_entry,False,False,1,1,8badc3e7b306
2026-05-28,US.AMD,SHORT,False,-1,-1,-1,-1,-1,-1,True,,,0.0,0.0,no_entry,False,False,1,1,8badc3e7b306
2026-05-28,US.IWM,LONG,False,-1,-1,-1,-1,-1,-1,True,,,0.0,0.0,no_entry,False,False,1,1,8badc3e7b306
2026-05-28,US.IWM,SHORT,False,-1,-1,-1,-1,-1,-1,True,,,0.0,0.0,no_entry,False,False,1,1,8badc3e7b306
2026-05-28,US.META,LONG,False,-1,-1,-1,-1,-1,-1,True,,,0.0,0.0,no_entry,False,False,1,1,8badc3e7b306
2026-05-28,US.META,SHORT,False,-1,-1,-1,-1,-1,-1,True,,,0.0,0.0,no_entry,False,False,1,1,8badc3e7b306
2026-05-28,US.MSFT,LONG,False,-1,-1,-1,-1,-1,-1,True,,,0.0,0.0,no_entry,False,False,1,1,8badc3e7b306
2026-05-28,US.MSFT,SHORT,False,-1,-1,-1,-1,-1,-1,True,,,0.0,0.0,no_entry,False,False,1,1,8badc3e7b306
2026-05-28,US.MU,LONG,False,-1,-1,-1,-1,-1,-1,True,,,0.0,0.0,no_entry,False,False,1,1,8badc3e7b306
2026-05-28,US.MU,SHORT,False,-1,-1,-1,-1,-1,-1,True,,,0.0,0.0,no_entry,False,False,1,1,8badc3e7b306
2026-05-28,US.NVDA,LONG,False,-1,-1,-1,-1,-1,-1,True,,,0.0,0.0,no_entry,False,False,1,1,8badc3e7b306
2026-05-28,US.NVDA,SHORT,False,-1,-1,-1,-1,-1,-1,True,,,0.0,0.0,no_entry,False,False,1,1,8badc3e7b306
2026-05-28,US.QQQ,LONG,False,-1,-1,-1,-1,-1,-1,True,,,0.0,0.0,no_entry,False,False,1,1,8badc3e7b306
2026-05-28,US.QQQ,SHORT,False,-1,-1,-1,-1,-1,-1,True,,,0.0,0.0,no_entry,False,False,1,1,8badc3e7b306
2026-05-28,US.SPY,LONG,False,-1,-1,-1,-1,-1,-1,True,,,0.0,0.0,no_entry,False,False,1,1,8badc3e7b306
2026-05-28,US.SPY,SHORT,False,-1,-1,-1,-1,-1,-1,True,,,0.0,0.0,no_entry,False,False,1,1,8badc3e7b306
2026-05-28,US.TSLA,LONG,False,-1,-1,-1,-1,-1,-1,True,,,0.0,0.0,no_entry,False,False,1,1,8badc3e7b306
2026-05-28,US.TSLA,SHORT,False,-1,-1,-1,-1,-1,-1,True,,,0.0,0.0,no_entry,False,False,1,1,8badc3e7b306
2026-05-29,US.AAPL,LONG,False,-1,-1,-1,-1,-1,-1,True,,,0.0,0.0,no_entry,False,False,1,1,8badc3e7b306
2026-05-29,US.AAPL,SHORT,False,-1,-1,-1,-1,-1,-1,True,,,0.0,0.0,no_entry,False,False,1,1,8badc3e7b306
2026-05-29,US.AMD,LONG,False,-1,-1,-1,-1,-1,-1,True,,,0.0,0.0,no_entry,False,False,1,1,8badc3e7b306
2026-05-29,US.AMD,SHORT,False,-1,-1,-1,-1,-1,-1,True,,,0.0,0.0,no_entry,False,False,1,1,8badc3e7b306
2026-05-29,US.IWM,LONG,False,-1,-1,-1,-1,-1,-1,True,,,0.0,0.0,no_entry,False,False,1,1,8badc3e7b306
2026-05-29,US.IWM,SHORT,False,-1,-1,-1,-1,-1,-1,True,,,0.0,0.0,no_entry,False,False,1,1,8badc3e7b306
2026-05-29,US.META,LONG,False,-1,-1,-1,-1,-1,-1,True,,,0.0,0.0,no_entry,False,False,1,1,8badc3e7b306
2026-05-29,US.META,SHORT,False,-1,-1,-1,-1,-1,-1,True,,,0.0,0.0,no_entry,False,False,1,1,8badc3e7b306
2026-05-29,US.MSFT,LONG,False,-1,-1,-1,-1,-1,-1,True,,,0.0,0.0,no_entry,False,False,1,1,8badc3e7b306
2026-05-29,US.MSFT,SHORT,False,-1,-1,-1,-1,-1,-1,True,,,0.0,0.0,no_entry,False,False,1,1,8badc3e7b306
2026-05-29,US.MU,LONG,False,-1,-1,-1,-1,-1,-1,True,,,0.0,0.0,no_entry,False,False,1,1,8badc3e7b306
2026-05-29,US.MU,SHORT,False,-1,-1,-1,-1,-1,-1,True,,,0.0,0.0,no_entry,False,False,1,1,8badc3e7b306
2026-05-29,US.NVDA,LONG,False,-1,-1,-1,-1,-1,-1,True,,,0.0,0.0,no_entry,False,False,1,1,8badc3e7b306
2026-05-29,US.NVDA,SHORT,False,-1,-1,-1,-1,-1,-1,True,,,0.0,0.0,no_entry,False,False,1,1,8badc3e7b306
2026-05-29,US.QQQ,LONG,False,-1,-1,-1,-1,-1,-1,True,,,0.0,0.0,no_entry,False,False,1,1,8badc3e7b306
2026-05-29,US.QQQ,SHORT,False,-1,-1,-1,-1,-1,-1,True,,,0.0,0.0,no_entry,False,False,1,1,8badc3e7b306
2026-05-29,US.SPY,LONG,False,-1,-1,-1,-1,-1,-1,True,,,0.0,0.0,no_entry,False,False,1,1,8badc3e7b306
2026-05-29,US.SPY,SHORT,False,-1,-1,-1,-1,-1,-1,True,,,0.0,0.0,no_entry,False,False,1,1,8badc3e7b306
2026-05-29,US.TSLA,LONG,False,-1,-1,-1,-1,-1,-1,True,,,0.0,0.0,no_entry,False,False,1,1,8badc3e7b306
2026-05-29,US.TSLA,SHORT,False,-1,-1,-1,-1,-1,-1,True,,,0.0,0.0,no_entry,False,False,1,1,8badc3e7b306
2026-06-01,US.AAPL,LONG,False,-1,-1,-1,-1,-1,-1,True,,,0.0,0.0,no_entry,False,False,1,1,8badc3e7b306
2026-06-01,US.AAPL,SHORT,False,-1,-1,-1,-1,-1,-1,True,,,0.0,0.0,no_entry,False,False,1,1,8badc3e7b306
2026-06-01,US.AMD,LONG,False,-1,-1,-1,-1,-1,-1,True,,,0.0,0.0,no_entry,False,False,1,1,8badc3e7b306
2026-06-01,US.AMD,SHORT,False,-1,-1,-1,-1,-1,-1,True,,,0.0,0.0,no_entry,False,False,1,1,8badc3e7b306
2026-06-01,US.IWM,LONG,False,-1,-1,-1,-1,-1,-1,True,,,0.0,0.0,no_entry,False,False,1,1,8badc3e7b306
2026-06-01,US.IWM,SHORT,False,-1,-1,-1,-1,-1,-1,True,,,0.0,0.0,no_entry,False,False,1,1,8badc3e7b306
2026-06-01,US.META,LONG,False,-1,-1,-1,-1,-1,-1,True,,,0.0,0.0,no_entry,False,False,1,1,8badc3e7b306
2026-06-01,US.META,SHORT,False,-1,-1,-1,-1,-1,-1,True,,,0.0,0.0,no_entry,False,False,1,1,8badc3e7b306
2026-06-01,US.MSFT,LONG,False,-1,-1,-1,-1,-1,-1,True,,,0.0,0.0,no_entry,False,False,1,1,8badc3e7b306
2026-06-01,US.MSFT,SHORT,False,-1,-1,-1,-1,-1,-1,True,,,0.0,0.0,no_entry,False,False,1,1,8badc3e7b306
2026-06-01,US.MU,LONG,False,-1,-1,-1,-1,-1,-1,True,,,0.0,0.0,no_entry,False,False,1,1,8badc3e7b306
2026-06-01,US.MU,SHORT,False,-1,-1,-1,-1,-1,-1,True,,,0.0,0.0,no_entry,False,False,1,1,8badc3e7b306
2026-06-01,US.NVDA,LONG,False,-1,-1,-1,-1,-1,-1,True,,,0.0,0.0,no_entry,False,False,1,1,8badc3e7b306
2026-06-01,US.NVDA,SHORT,False,-1,-1,-1,-1,-1,-1,True,,,0.0,0.0,no_entry,False,False,1,1,8badc3e7b306
2026-06-01,US.QQQ,LONG,True,118,375,688,688,-1,945,True,739.626707367,742.323741712,2.69703434500002,0.003646480472022438,scheduled_flatten,True,False,1,1,8badc3e7b306
2026-06-01,US.QQQ,SHORT,False,-1,-1,-1,-1,-1,-1,True,,,0.0,0.0,no_entry,False,False,1,1,8badc3e7b306
2026-06-01,US.SPY,LONG,True,123,153,693,693,723,723,True,755.075221676,755.045298745,-0.02992293099998733,-3.962907289365026e-05,failed_followthrough,False,False,1,1,8badc3e7b306
2026-06-01,US.SPY,SHORT,False,-1,-1,-1,-1,-1,-1,True,,,0.0,0.0,no_entry,False,False,1,1,8badc3e7b306
2026-06-01,US.TSLA,LONG,False,-1,-1,-1,-1,-1,-1,True,,,0.0,0.0,no_entry,False,False,1,1,8badc3e7b306
2026-06-01,US.TSLA,SHORT,True,161,191,731,731,761,761,True,419.885,420.425,-0.5400000000000205,-0.0012860664229491895,failed_followthrough,False,False,1,1,8badc3e7b306
2026-06-02,US.AAPL,LONG,False,-1,-1,-1,-1,-1,-1,True,,,0.0,0.0,no_entry,False,False,1,1,8badc3e7b306
2026-06-02,US.AAPL,SHORT,False,-1,-1,-1,-1,-1,-1,True,,,0.0,0.0,no_entry,False,False,1,1,8badc3e7b306
2026-06-02,US.AMD,LONG,False,-1,-1,-1,-1,-1,-1,True,,,0.0,0.0,no_entry,False,False,1,1,8badc3e7b306
2026-06-02,US.AMD,SHORT,False,-1,-1,-1,-1,-1,-1,True,,,0.0,0.0,no_entry,False,False,1,1,8badc3e7b306
2026-06-02,US.IWM,LONG,False,-1,-1,-1,-1,-1,-1,True,,,0.0,0.0,no_entry,False,False,1,1,8badc3e7b306
2026-06-02,US.IWM,SHORT,False,-1,-1,-1,-1,-1,-1,True,,,0.0,0.0,no_entry,False,False,1,1,8badc3e7b306
2026-06-02,US.META,LONG,False,-1,-1,-1,-1,-1,-1,True,,,0.0,0.0,no_entry,False,False,1,1,8badc3e7b306
2026-06-02,US.META,SHORT,False,-1,-1,-1,-1,-1,-1,True,,,0.0,0.0,no_entry,False,False,1,1,8badc3e7b306
2026-06-02,US.MSFT,LONG,False,-1,-1,-1,-1,-1,-1,True,,,0.0,0.0,no_entry,False,False,1,1,8badc3e7b306
2026-06-02,US.MSFT,SHORT,False,-1,-1,-1,-1,-1,-1,True,,,0.0,0.0,no_entry,False,False,1,1,8badc3e7b306
2026-06-02,US.MU,LONG,False,-1,-1,-1,-1,-1,-1,True,,,0.0,0.0,no_entry,False,False,1,1,8badc3e7b306
2026-06-02,US.MU,SHORT,False,-1,-1,-1,-1,-1,-1,True,,,0.0,0.0,no_entry,False,False,1,1,8badc3e7b306
2026-06-02,US.NVDA,LONG,False,-1,-1,-1,-1,-1,-1,True,,,0.0,0.0,no_entry,False,False,1,1,8badc3e7b306
2026-06-02,US.NVDA,SHORT,False,-1,-1,-1,-1,-1,-1,True,,,0.0,0.0,no_entry,False,False,1,1,8badc3e7b306
2026-06-02,US.QQQ,LONG,False,-1,-1,-1,-1,-1,-1,True,,,0.0,0.0,no_entry,False,False,1,1,8badc3e7b306
2026-06-02,US.QQQ,SHORT,False,-1,-1,-1,-1,-1,-1,True,,,0.0,0.0,no_entry,False,False,1,1,8badc3e7b306
2026-06-02,US.SPY,LONG,False,-1,-1,-1,-1,-1,-1,True,,,0.0,0.0,no_entry,False,False,1,1,8badc3e7b306
2026-06-02,US.SPY,SHORT,False,-1,-1,-1,-1,-1,-1,True,,,0.0,0.0,no_entry,False,False,1,1,8badc3e7b306
2026-06-02,US.TSLA,LONG,True,210,240,780,780,810,810,True,422.599,421.54,-1.058999999999969,-0.0025059216893555574,failed_followthrough,False,False,1,1,8badc3e7b306
2026-06-02,US.TSLA,SHORT,False,-1,-1,-1,-1,-1,-1,True,,,0.0,0.0,no_entry,False,False,1,1,8badc3e7b306
2026-06-03,US.AAPL,LONG,False,-1,-1,-1,-1,-1,-1,True,,,0.0,0.0,no_entry,False,False,1,1,8badc3e7b306
2026-06-03,US.AAPL,SHORT,False,-1,-1,-1,-1,-1,-1,True,,,0.0,0.0,no_entry,False,False,1,1,8badc3e7b306
2026-06-03,US.AMD,LONG,False,-1,-1,-1,-1,-1,-1,True,,,0.0,0.0,no_entry,False,False,1,1,8badc3e7b306
2026-06-03,US.AMD,SHORT,False,-1,-1,-1,-1,-1,-1,True,,,0.0,0.0,no_entry,False,False,1,1,8badc3e7b306
2026-06-03,US.IWM,LONG,False,-1,-1,-1,-1,-1,-1,True,,,0.0,0.0,no_entry,False,False,1,1,8badc3e7b306
2026-06-03,US.IWM,SHORT,False,-1,-1,-1,-1,-1,-1,True,,,0.0,0.0,no_entry,False,False,1,1,8badc3e7b306
2026-06-03,US.META,LONG,False,-1,-1,-1,-1,-1,-1,True,,,0.0,0.0,no_entry,False,False,1,1,8badc3e7b306
2026-06-03,US.META,SHORT,False,-1,-1,-1,-1,-1,-1,True,,,0.0,0.0,no_entry,False,False,1,1,8badc3e7b306
2026-06-03,US.MSFT,LONG,False,-1,-1,-1,-1,-1,-1,True,,,0.0,0.0,no_entry,False,False,1,1,8badc3e7b306
2026-06-03,US.MSFT,SHORT,False,-1,-1,-1,-1,-1,-1,True,,,0.0,0.0,no_entry,False,False,1,1,8badc3e7b306
2026-06-03,US.MU,LONG,False,-1,-1,-1,-1,-1,-1,True,,,0.0,0.0,no_entry,False,False,1,1,8badc3e7b306
2026-06-03,US.MU,SHORT,False,-1,-1,-1,-1,-1,-1,True,,,0.0,0.0,no_entry,False,False,1,1,8badc3e7b306
2026-06-03,US.NVDA,LONG,False,-1,-1,-1,-1,-1,-1,True,,,0.0,0.0,no_entry,False,False,1,1,8badc3e7b306
2026-06-03,US.NVDA,SHORT,False,-1,-1,-1,-1,-1,-1,True,,,0.0,0.0,no_entry,False,False,1,1,8badc3e7b306
2026-06-03,US.QQQ,LONG,False,-1,-1,-1,-1,-1,-1,True,,,0.0,0.0,no_entry,False,False,1,1,8badc3e7b306
2026-06-03,US.QQQ,SHORT,False,-1,-1,-1,-1,-1,-1,True,,,0.0,0.0,no_entry,False,False,1,1,8badc3e7b306
2026-06-03,US.SPY,LONG,False,-1,-1,-1,-1,-1,-1,True,,,0.0,0.0,no_entry,False,False,1,1,8badc3e7b306
2026-06-03,US.SPY,SHORT,False,-1,-1,-1,-1,-1,-1,True,,,0.0,0.0,no_entry,False,False,1,1,8badc3e7b306
2026-06-03,US.TSLA,LONG,False,-1,-1,-1,-1,-1,-1,True,,,0.0,0.0,no_entry,False,False,1,1,8badc3e7b306
2026-06-03,US.TSLA,SHORT,False,-1,-1,-1,-1,-1,-1,True,,,0.0,0.0,no_entry,False,False,1,1,8badc3e7b306
2026-06-04,US.AAPL,LONG,False,-1,-1,-1,-1,-1,-1,True,,,0.0,0.0,no_entry,False,False,1,1,8badc3e7b306
2026-06-04,US.AAPL,SHORT,False,-1,-1,-1,-1,-1,-1,True,,,0.0,0.0,no_entry,False,False,1,1,8badc3e7b306
2026-06-04,US.AMD,LONG,False,-1,-1,-1,-1,-1,-1,True,,,0.0,0.0,no_entry,False,False,1,1,8badc3e7b306
2026-06-04,US.AMD,SHORT,False,-1,-1,-1,-1,-1,-1,True,,,0.0,0.0,no_entry,False,False,1,1,8badc3e7b306
2026-06-04,US.IWM,LONG,False,-1,-1,-1,-1,-1,-1,True,,,0.0,0.0,no_entry,False,False,1,1,8badc3e7b306
2026-06-04,US.IWM,SHORT,False,-1,-1,-1,-1,-1,-1,True,,,0.0,0.0,no_entry,False,False,1,1,8badc3e7b306
2026-06-04,US.META,LONG,False,-1,-1,-1,-1,-1,-1,True,,,0.0,0.0,no_entry,False,False,1,1,8badc3e7b306
2026-06-04,US.META,SHORT,False,-1,-1,-1,-1,-1,-1,True,,,0.0,0.0,no_entry,False,False,1,1,8badc3e7b306
2026-06-04,US.MSFT,LONG,False,-1,-1,-1,-1,-1,-1,True,,,0.0,0.0,no_entry,False,False,1,1,8badc3e7b306
2026-06-04,US.MSFT,SHORT,False,-1,-1,-1,-1,-1,-1,True,,,0.0,0.0,no_entry,False,False,1,1,8badc3e7b306
2026-06-04,US.MU,LONG,False,-1,-1,-1,-1,-1,-1,True,,,0.0,0.0,no_entry,False,False,1,1,8badc3e7b306
2026-06-04,US.MU,SHORT,False,-1,-1,-1,-1,-1,-1,True,,,0.0,0.0,no_entry,False,False,1,1,8badc3e7b306
2026-06-04,US.NVDA,LONG,False,-1,-1,-1,-1,-1,-1,True,,,0.0,0.0,no_entry,False,False,1,1,8badc3e7b306
2026-06-04,US.NVDA,SHORT,False,-1,-1,-1,-1,-1,-1,True,,,0.0,0.0,no_entry,False,False,1,1,8badc3e7b306
2026-06-04,US.QQQ,LONG,False,-1,-1,-1,-1,-1,-1,True,,,0.0,0.0,no_entry,False,False,1,1,8badc3e7b306
2026-06-04,US.QQQ,SHORT,False,-1,-1,-1,-1,-1,-1,True,,,0.0,0.0,no_entry,False,False,1,1,8badc3e7b306
2026-06-04,US.SPY,LONG,False,-1,-1,-1,-1,-1,-1,True,,,0.0,0.0,no_entry,False,False,1,1,8badc3e7b306
2026-06-04,US.SPY,SHORT,False,-1,-1,-1,-1,-1,-1,True,,,0.0,0.0,no_entry,False,False,1,1,8badc3e7b306
2026-06-04,US.TSLA,LONG,False,-1,-1,-1,-1,-1,-1,True,,,0.0,0.0,no_entry,False,False,1,1,8badc3e7b306
2026-06-04,US.TSLA,SHORT,False,-1,-1,-1,-1,-1,-1,True,,,0.0,0.0,no_entry,False,False,1,1,8badc3e7b306
2026-06-05,US.AAPL,LONG,False,-1,-1,-1,-1,-1,-1,True,,,0.0,0.0,no_entry,False,False,1,1,8badc3e7b306
2026-06-05,US.AAPL,SHORT,False,-1,-1,-1,-1,-1,-1,True,,,0.0,0.0,no_entry,False,False,1,1,8badc3e7b306
2026-06-05,US.AMD,LONG,False,-1,-1,-1,-1,-1,-1,True,,,0.0,0.0,no_entry,False,False,1,1,8badc3e7b306
2026-06-05,US.AMD,SHORT,False,-1,-1,-1,-1,-1,-1,True,,,0.0,0.0,no_entry,False,False,1,1,8badc3e7b306
2026-06-05,US.IWM,LONG,False,-1,-1,-1,-1,-1,-1,True,,,0.0,0.0,no_entry,False,False,1,1,8badc3e7b306
2026-06-05,US.IWM,SHORT,False,-1,-1,-1,-1,-1,-1,True,,,0.0,0.0,no_entry,False,False,1,1,8badc3e7b306
2026-06-05,US.META,LONG,False,-1,-1,-1,-1,-1,-1,True,,,0.0,0.0,no_entry,False,False,1,1,8badc3e7b306
2026-06-05,US.META,SHORT,False,-1,-1,-1,-1,-1,-1,True,,,0.0,0.0,no_entry,False,False,1,1,8badc3e7b306
2026-06-05,US.MSFT,LONG,False,-1,-1,-1,-1,-1,-1,True,,,0.0,0.0,no_entry,False,False,1,1,8badc3e7b306
2026-06-05,US.MSFT,SHORT,False,-1,-1,-1,-1,-1,-1,True,,,0.0,0.0,no_entry,False,False,1,1,8badc3e7b306
2026-06-05,US.MU,LONG,False,-1,-1,-1,-1,-1,-1,True,,,0.0,0.0,no_entry,False,False,1,1,8badc3e7b306
2026-06-05,US.MU,SHORT,False,-1,-1,-1,-1,-1,-1,True,,,0.0,0.0,no_entry,False,False,1,1,8badc3e7b306
2026-06-05,US.NVDA,LONG,False,-1,-1,-1,-1,-1,-1,True,,,0.0,0.0,no_entry,False,False,1,1,8badc3e7b306
2026-06-05,US.NVDA,SHORT,False,-1,-1,-1,-1,-1,-1,True,,,0.0,0.0,no_entry,False,False,1,1,8badc3e7b306
2026-06-05,US.QQQ,LONG,False,-1,-1,-1,-1,-1,-1,True,,,0.0,0.0,no_entry,False,False,1,1,8badc3e7b306
2026-06-05,US.QQQ,SHORT,False,-1,-1,-1,-1,-1,-1,True,,,0.0,0.0,no_entry,False,False,1,1,8badc3e7b306
2026-06-05,US.SPY,LONG,False,-1,-1,-1,-1,-1,-1,True,,,0.0,0.0,no_entry,False,False,1,1,8badc3e7b306
2026-06-05,US.SPY,SHORT,False,-1,-1,-1,-1,-1,-1,True,,,0.0,0.0,no_entry,False,False,1,1,8badc3e7b306
2026-06-05,US.TSLA,LONG,False,-1,-1,-1,-1,-1,-1,True,,,0.0,0.0,no_entry,False,False,1,1,8badc3e7b306
2026-06-05,US.TSLA,SHORT,False,-1,-1,-1,-1,-1,-1,True,,,0.0,0.0,no_entry,False,False,1,1,8badc3e7b306
2026-06-08,US.AAPL,LONG,False,-1,-1,-1,-1,-1,-1,True,,,0.0,0.0,no_entry,False,False,1,1,8badc3e7b306
2026-06-08,US.AAPL,SHORT,False,-1,-1,-1,-1,-1,-1,True,,,0.0,0.0,no_entry,False,False,1,1,8badc3e7b306
2026-06-08,US.AMD,LONG,True,136,166,706,706,736,736,True,491.09,490.16,-0.92999999999995,-0.001893746563766214,failed_followthrough,False,False,1,1,8badc3e7b306
2026-06-08,US.AMD,SHORT,False,-1,-1,-1,-1,-1,-1,True,,,0.0,0.0,no_entry,False,False,1,1,8badc3e7b306
2026-06-08,US.IWM,LONG,False,-1,-1,-1,-1,-1,-1,True,,,0.0,0.0,no_entry,False,False,1,1,8badc3e7b306
2026-06-08,US.IWM,SHORT,False,-1,-1,-1,-1,-1,-1,True,,,0.0,0.0,no_entry,False,False,1,1,8badc3e7b306
2026-06-08,US.META,LONG,False,-1,-1,-1,-1,-1,-1,True,,,0.0,0.0,no_entry,False,False,1,1,8badc3e7b306
2026-06-08,US.META,SHORT,False,-1,-1,-1,-1,-1,-1,True,,,0.0,0.0,no_entry,False,False,1,1,8badc3e7b306
2026-06-08,US.MSFT,LONG,False,-1,-1,-1,-1,-1,-1,True,,,0.0,0.0,no_entry,False,False,1,1,8badc3e7b306
2026-06-08,US.MSFT,SHORT,False,-1,-1,-1,-1,-1,-1,True,,,0.0,0.0,no_entry,False,False,1,1,8badc3e7b306
2026-06-08,US.MU,LONG,False,-1,-1,-1,-1,-1,-1,True,,,0.0,0.0,no_entry,False,False,1,1,8badc3e7b306
2026-06-08,US.MU,SHORT,False,-1,-1,-1,-1,-1,-1,True,,,0.0,0.0,no_entry,False,False,1,1,8badc3e7b306
2026-06-08,US.NVDA,LONG,False,-1,-1,-1,-1,-1,-1,True,,,0.0,0.0,no_entry,False,False,1,1,8badc3e7b306
2026-06-08,US.NVDA,SHORT,False,-1,-1,-1,-1,-1,-1,True,,,0.0,0.0,no_entry,False,False,1,1,8badc3e7b306
2026-06-08,US.QQQ,LONG,False,-1,-1,-1,-1,-1,-1,True,,,0.0,0.0,no_entry,False,False,1,1,8badc3e7b306
2026-06-08,US.QQQ,SHORT,False,-1,-1,-1,-1,-1,-1,True,,,0.0,0.0,no_entry,False,False,1,1,8badc3e7b306
2026-06-08,US.SPY,LONG,False,-1,-1,-1,-1,-1,-1,True,,,0.0,0.0,no_entry,False,False,1,1,8badc3e7b306
2026-06-08,US.SPY,SHORT,False,-1,-1,-1,-1,-1,-1,True,,,0.0,0.0,no_entry,False,False,1,1,8badc3e7b306
2026-06-08,US.TSLA,LONG,True,166,375,736,736,-1,945,True,404.05,409.43,5.3799999999999955,0.013315183764385584,scheduled_flatten,True,False,1,1,8badc3e7b306
2026-06-08,US.TSLA,SHORT,False,-1,-1,-1,-1,-1,-1,True,,,0.0,0.0,no_entry,False,False,1,1,8badc3e7b306
2026-06-09,US.AAPL,LONG,False,-1,-1,-1,-1,-1,-1,True,,,0.0,0.0,no_entry,False,False,1,1,8badc3e7b306
2026-06-09,US.AAPL,SHORT,False,-1,-1,-1,-1,-1,-1,True,,,0.0,0.0,no_entry,False,False,1,1,8badc3e7b306
2026-06-09,US.AMD,LONG,False,-1,-1,-1,-1,-1,-1,True,,,0.0,0.0,no_entry,False,False,1,1,8badc3e7b306
2026-06-09,US.AMD,SHORT,False,-1,-1,-1,-1,-1,-1,True,,,0.0,0.0,no_entry,False,False,1,1,8badc3e7b306
2026-06-09,US.IWM,LONG,False,-1,-1,-1,-1,-1,-1,True,,,0.0,0.0,no_entry,False,False,1,1,8badc3e7b306
2026-06-09,US.IWM,SHORT,False,-1,-1,-1,-1,-1,-1,True,,,0.0,0.0,no_entry,False,False,1,1,8badc3e7b306
2026-06-09,US.META,LONG,False,-1,-1,-1,-1,-1,-1,True,,,0.0,0.0,no_entry,False,False,1,1,8badc3e7b306
2026-06-09,US.META,SHORT,False,-1,-1,-1,-1,-1,-1,True,,,0.0,0.0,no_entry,False,False,1,1,8badc3e7b306
2026-06-09,US.MSFT,LONG,False,-1,-1,-1,-1,-1,-1,True,,,0.0,0.0,no_entry,False,False,1,1,8badc3e7b306
2026-06-09,US.MSFT,SHORT,False,-1,-1,-1,-1,-1,-1,True,,,0.0,0.0,no_entry,False,False,1,1,8badc3e7b306
2026-06-09,US.MU,LONG,False,-1,-1,-1,-1,-1,-1,True,,,0.0,0.0,no_entry,False,False,1,1,8badc3e7b306
2026-06-09,US.MU,SHORT,False,-1,-1,-1,-1,-1,-1,True,,,0.0,0.0,no_entry,False,False,1,1,8badc3e7b306
2026-06-09,US.NVDA,LONG,False,-1,-1,-1,-1,-1,-1,True,,,0.0,0.0,no_entry,False,False,1,1,8badc3e7b306
2026-06-09,US.NVDA,SHORT,False,-1,-1,-1,-1,-1,-1,True,,,0.0,0.0,no_entry,False,False,1,1,8badc3e7b306
2026-06-09,US.QQQ,LONG,False,-1,-1,-1,-1,-1,-1,True,,,0.0,0.0,no_entry,False,False,1,1,8badc3e7b306
2026-06-09,US.QQQ,SHORT,False,-1,-1,-1,-1,-1,-1,True,,,0.0,0.0,no_entry,False,False,1,1,8badc3e7b306
2026-06-09,US.SPY,LONG,False,-1,-1,-1,-1,-1,-1,True,,,0.0,0.0,no_entry,False,False,1,1,8badc3e7b306
2026-06-09,US.SPY,SHORT,False,-1,-1,-1,-1,-1,-1,True,,,0.0,0.0,no_entry,False,False,1,1,8badc3e7b306
2026-06-09,US.TSLA,LONG,False,-1,-1,-1,-1,-1,-1,True,,,0.0,0.0,no_entry,False,False,1,1,8badc3e7b306
2026-06-09,US.TSLA,SHORT,False,-1,-1,-1,-1,-1,-1,True,,,0.0,0.0,no_entry,False,False,1,1,8badc3e7b306
2026-06-10,US.AAPL,LONG,False,-1,-1,-1,-1,-1,-1,True,,,0.0,0.0,no_entry,False,False,1,1,8badc3e7b306
2026-06-10,US.AAPL,SHORT,False,-1,-1,-1,-1,-1,-1,True,,,0.0,0.0,no_entry,False,False,1,1,8badc3e7b306
2026-06-10,US.AMD,LONG,False,-1,-1,-1,-1,-1,-1,True,,,0.0,0.0,no_entry,False,False,1,1,8badc3e7b306
2026-06-10,US.AMD,SHORT,False,-1,-1,-1,-1,-1,-1,True,,,0.0,0.0,no_entry,False,False,1,1,8badc3e7b306
2026-06-10,US.IWM,LONG,False,-1,-1,-1,-1,-1,-1,True,,,0.0,0.0,no_entry,False,False,1,1,8badc3e7b306
2026-06-10,US.IWM,SHORT,False,-1,-1,-1,-1,-1,-1,True,,,0.0,0.0,no_entry,False,False,1,1,8badc3e7b306
2026-06-10,US.META,LONG,False,-1,-1,-1,-1,-1,-1,True,,,0.0,0.0,no_entry,False,False,1,1,8badc3e7b306
2026-06-10,US.META,SHORT,False,-1,-1,-1,-1,-1,-1,True,,,0.0,0.0,no_entry,False,False,1,1,8badc3e7b306
2026-06-10,US.MSFT,LONG,False,-1,-1,-1,-1,-1,-1,True,,,0.0,0.0,no_entry,False,False,1,1,8badc3e7b306
2026-06-10,US.MSFT,SHORT,False,-1,-1,-1,-1,-1,-1,True,,,0.0,0.0,no_entry,False,False,1,1,8badc3e7b306
2026-06-10,US.MU,LONG,False,-1,-1,-1,-1,-1,-1,True,,,0.0,0.0,no_entry,False,False,1,1,8badc3e7b306
2026-06-10,US.MU,SHORT,False,-1,-1,-1,-1,-1,-1,True,,,0.0,0.0,no_entry,False,False,1,1,8badc3e7b306
2026-06-10,US.NVDA,LONG,False,-1,-1,-1,-1,-1,-1,True,,,0.0,0.0,no_entry,False,False,1,1,8badc3e7b306
2026-06-10,US.NVDA,SHORT,False,-1,-1,-1,-1,-1,-1,True,,,0.0,0.0,no_entry,False,False,1,1,8badc3e7b306
2026-06-10,US.QQQ,LONG,False,-1,-1,-1,-1,-1,-1,True,,,0.0,0.0,no_entry,False,False,1,1,8badc3e7b306
2026-06-10,US.QQQ,SHORT,False,-1,-1,-1,-1,-1,-1,True,,,0.0,0.0,no_entry,False,False,1,1,8badc3e7b306
2026-06-10,US.SPY,LONG,False,-1,-1,-1,-1,-1,-1,True,,,0.0,0.0,no_entry,False,False,1,1,8badc3e7b306
2026-06-10,US.SPY,SHORT,False,-1,-1,-1,-1,-1,-1,True,,,0.0,0.0,no_entry,False,False,1,1,8badc3e7b306
2026-06-10,US.TSLA,LONG,False,-1,-1,-1,-1,-1,-1,True,,,0.0,0.0,no_entry,False,False,1,1,8badc3e7b306
2026-06-10,US.TSLA,SHORT,False,-1,-1,-1,-1,-1,-1,True,,,0.0,0.0,no_entry,False,False,1,1,8badc3e7b306
2026-06-11,US.AAPL,LONG,False,-1,-1,-1,-1,-1,-1,True,,,0.0,0.0,no_entry,False,False,1,1,8badc3e7b306
2026-06-11,US.AAPL,SHORT,False,-1,-1,-1,-1,-1,-1,True,,,0.0,0.0,no_entry,False,False,1,1,8badc3e7b306
2026-06-11,US.AMD,LONG,False,-1,-1,-1,-1,-1,-1,True,,,0.0,0.0,no_entry,False,False,1,1,8badc3e7b306
2026-06-11,US.AMD,SHORT,False,-1,-1,-1,-1,-1,-1,True,,,0.0,0.0,no_entry,False,False,1,1,8badc3e7b306
2026-06-11,US.IWM,LONG,False,-1,-1,-1,-1,-1,-1,True,,,0.0,0.0,no_entry,False,False,1,1,8badc3e7b306
2026-06-11,US.IWM,SHORT,False,-1,-1,-1,-1,-1,-1,True,,,0.0,0.0,no_entry,False,False,1,1,8badc3e7b306
2026-06-11,US.META,LONG,False,-1,-1,-1,-1,-1,-1,True,,,0.0,0.0,no_entry,False,False,1,1,8badc3e7b306
2026-06-11,US.META,SHORT,False,-1,-1,-1,-1,-1,-1,True,,,0.0,0.0,no_entry,False,False,1,1,8badc3e7b306
2026-06-11,US.MSFT,LONG,False,-1,-1,-1,-1,-1,-1,True,,,0.0,0.0,no_entry,False,False,1,1,8badc3e7b306
2026-06-11,US.MSFT,SHORT,True,176,239,746,746,809,809,True,387.076329141,385.758809371,1.3175197699999899,0.0034037725141287524,structural,False,False,1,1,8badc3e7b306
2026-06-11,US.MU,LONG,False,-1,-1,-1,-1,-1,-1,True,,,0.0,0.0,no_entry,False,False,1,1,8badc3e7b306
2026-06-11,US.MU,SHORT,False,-1,-1,-1,-1,-1,-1,True,,,0.0,0.0,no_entry,False,False,1,1,8badc3e7b306
2026-06-11,US.NVDA,LONG,False,-1,-1,-1,-1,-1,-1,True,,,0.0,0.0,no_entry,False,False,1,1,8badc3e7b306
2026-06-11,US.NVDA,SHORT,False,-1,-1,-1,-1,-1,-1,True,,,0.0,0.0,no_entry,False,False,1,1,8badc3e7b306
2026-06-11,US.QQQ,LONG,False,-1,-1,-1,-1,-1,-1,True,,,0.0,0.0,no_entry,False,False,1,1,8badc3e7b306
2026-06-11,US.QQQ,SHORT,False,-1,-1,-1,-1,-1,-1,True,,,0.0,0.0,no_entry,False,False,1,1,8badc3e7b306
2026-06-11,US.SPY,LONG,False,-1,-1,-1,-1,-1,-1,True,,,0.0,0.0,no_entry,False,False,1,1,8badc3e7b306
2026-06-11,US.SPY,SHORT,False,-1,-1,-1,-1,-1,-1,True,,,0.0,0.0,no_entry,False,False,1,1,8badc3e7b306
2026-06-11,US.TSLA,LONG,False,-1,-1,-1,-1,-1,-1,True,,,0.0,0.0,no_entry,False,False,1,1,8badc3e7b306
2026-06-11,US.TSLA,SHORT,False,-1,-1,-1,-1,-1,-1,True,,,0.0,0.0,no_entry,False,False,1,1,8badc3e7b306
2026-06-12,US.AAPL,LONG,False,-1,-1,-1,-1,-1,-1,True,,,0.0,0.0,no_entry,False,False,1,1,8badc3e7b306
2026-06-12,US.AAPL,SHORT,False,-1,-1,-1,-1,-1,-1,True,,,0.0,0.0,no_entry,False,False,1,1,8badc3e7b306
2026-06-12,US.AMD,LONG,False,-1,-1,-1,-1,-1,-1,True,,,0.0,0.0,no_entry,False,False,1,1,8badc3e7b306
2026-06-12,US.AMD,SHORT,False,-1,-1,-1,-1,-1,-1,True,,,0.0,0.0,no_entry,False,False,1,1,8badc3e7b306
2026-06-12,US.IWM,LONG,False,-1,-1,-1,-1,-1,-1,True,,,0.0,0.0,no_entry,False,False,1,1,8badc3e7b306
2026-06-12,US.IWM,SHORT,False,-1,-1,-1,-1,-1,-1,True,,,0.0,0.0,no_entry,False,False,1,1,8badc3e7b306
2026-06-12,US.META,LONG,False,-1,-1,-1,-1,-1,-1,True,,,0.0,0.0,no_entry,False,False,1,1,8badc3e7b306
2026-06-12,US.META,SHORT,False,-1,-1,-1,-1,-1,-1,True,,,0.0,0.0,no_entry,False,False,1,1,8badc3e7b306
2026-06-12,US.MSFT,LONG,False,-1,-1,-1,-1,-1,-1,True,,,0.0,0.0,no_entry,False,False,1,1,8badc3e7b306
2026-06-12,US.MSFT,SHORT,False,-1,-1,-1,-1,-1,-1,True,,,0.0,0.0,no_entry,False,False,1,1,8badc3e7b306
2026-06-12,US.MU,LONG,False,-1,-1,-1,-1,-1,-1,True,,,0.0,0.0,no_entry,False,False,1,1,8badc3e7b306
2026-06-12,US.MU,SHORT,False,-1,-1,-1,-1,-1,-1,True,,,0.0,0.0,no_entry,False,False,1,1,8badc3e7b306
2026-06-12,US.NVDA,LONG,False,-1,-1,-1,-1,-1,-1,True,,,0.0,0.0,no_entry,False,False,1,1,8badc3e7b306
2026-06-12,US.NVDA,SHORT,False,-1,-1,-1,-1,-1,-1,True,,,0.0,0.0,no_entry,False,False,1,1,8badc3e7b306
2026-06-12,US.QQQ,LONG,False,-1,-1,-1,-1,-1,-1,True,,,0.0,0.0,no_entry,False,False,1,1,8badc3e7b306
2026-06-12,US.QQQ,SHORT,False,-1,-1,-1,-1,-1,-1,True,,,0.0,0.0,no_entry,False,False,1,1,8badc3e7b306
2026-06-12,US.SPY,LONG,False,-1,-1,-1,-1,-1,-1,True,,,0.0,0.0,no_entry,False,False,1,1,8badc3e7b306
2026-06-12,US.SPY,SHORT,False,-1,-1,-1,-1,-1,-1,True,,,0.0,0.0,no_entry,False,False,1,1,8badc3e7b306
2026-06-12,US.TSLA,LONG,False,-1,-1,-1,-1,-1,-1,True,,,0.0,0.0,no_entry,False,False,1,1,8badc3e7b306
2026-06-12,US.TSLA,SHORT,False,-1,-1,-1,-1,-1,-1,True,,,0.0,0.0,no_entry,False,False,1,1,8badc3e7b306
2026-06-15,US.AAPL,LONG,False,-1,-1,-1,-1,-1,-1,True,,,0.0,0.0,no_entry,False,False,1,1,8badc3e7b306
2026-06-15,US.AAPL,SHORT,False,-1,-1,-1,-1,-1,-1,True,,,0.0,0.0,no_entry,False,False,1,1,8badc3e7b306
2026-06-15,US.AMD,LONG,False,-1,-1,-1,-1,-1,-1,True,,,0.0,0.0,no_entry,False,False,1,1,8badc3e7b306
2026-06-15,US.AMD,SHORT,False,-1,-1,-1,-1,-1,-1,True,,,0.0,0.0,no_entry,False,False,1,1,8badc3e7b306
2026-06-15,US.IWM,LONG,False,-1,-1,-1,-1,-1,-1,True,,,0.0,0.0,no_entry,False,False,1,1,8badc3e7b306
2026-06-15,US.IWM,SHORT,False,-1,-1,-1,-1,-1,-1,True,,,0.0,0.0,no_entry,False,False,1,1,8badc3e7b306
2026-06-15,US.META,LONG,False,-1,-1,-1,-1,-1,-1,True,,,0.0,0.0,no_entry,False,False,1,1,8badc3e7b306
2026-06-15,US.META,SHORT,False,-1,-1,-1,-1,-1,-1,True,,,0.0,0.0,no_entry,False,False,1,1,8badc3e7b306
2026-06-15,US.MSFT,LONG,False,-1,-1,-1,-1,-1,-1,True,,,0.0,0.0,no_entry,False,False,1,1,8badc3e7b306
2026-06-15,US.MSFT,SHORT,False,-1,-1,-1,-1,-1,-1,True,,,0.0,0.0,no_entry,False,False,1,1,8badc3e7b306
2026-06-15,US.MU,LONG,True,164,194,734,734,764,764,True,1079.453999788,1079.099054372,-0.3549454159999641,-0.0003288193995016683,failed_followthrough,False,False,1,1,8badc3e7b306
2026-06-15,US.MU,SHORT,False,-1,-1,-1,-1,-1,-1,True,,,0.0,0.0,no_entry,False,False,1,1,8badc3e7b306
2026-06-15,US.NVDA,LONG,True,123,375,693,693,-1,945,True,210.983915392,211.413434773,0.42951938100000575,0.002035792065959034,scheduled_flatten,True,False,1,1,8badc3e7b306
2026-06-15,US.NVDA,SHORT,False,-1,-1,-1,-1,-1,-1,True,,,0.0,0.0,no_entry,False,False,1,1,8badc3e7b306
2026-06-15,US.QQQ,LONG,True,120,375,690,690,-1,945,True,742.343719744,742.563478098,0.21975835399996413,0.0002960331557405087,scheduled_flatten,True,False,1,1,8badc3e7b306
2026-06-15,US.QQQ,SHORT,False,-1,-1,-1,-1,-1,-1,True,,,0.0,0.0,no_entry,False,False,1,1,8badc3e7b306
2026-06-15,US.SPY,LONG,True,94,375,664,664,-1,945,True,752.781130357,752.461952435,-0.3191779220001081,-0.0004239983032634475,scheduled_flatten,True,False,1,1,8badc3e7b306
2026-06-15,US.SPY,SHORT,False,-1,-1,-1,-1,-1,-1,True,,,0.0,0.0,no_entry,False,False,1,1,8badc3e7b306
2026-06-15,US.TSLA,LONG,False,-1,-1,-1,-1,-1,-1,True,,,0.0,0.0,no_entry,False,False,1,1,8badc3e7b306
2026-06-15,US.TSLA,SHORT,False,-1,-1,-1,-1,-1,-1,True,,,0.0,0.0,no_entry,False,False,1,1,8badc3e7b306
2026-06-16,US.AAPL,LONG,True,138,262,708,708,832,832,True,297.963020247,299.137007735,1.173987488000023,0.003940044261287297,structural,False,False,1,1,8badc3e7b306
2026-06-16,US.AAPL,SHORT,False,-1,-1,-1,-1,-1,-1,True,,,0.0,0.0,no_entry,False,False,1,1,8badc3e7b306
2026-06-16,US.AMD,LONG,False,-1,-1,-1,-1,-1,-1,True,,,0.0,0.0,no_entry,False,False,1,1,8badc3e7b306
2026-06-16,US.AMD,SHORT,False,-1,-1,-1,-1,-1,-1,True,,,0.0,0.0,no_entry,False,False,1,1,8badc3e7b306
2026-06-16,US.IWM,LONG,False,-1,-1,-1,-1,-1,-1,True,,,0.0,0.0,no_entry,False,False,1,1,8badc3e7b306
2026-06-16,US.IWM,SHORT,False,-1,-1,-1,-1,-1,-1,True,,,0.0,0.0,no_entry,False,False,1,1,8badc3e7b306
2026-06-16,US.META,LONG,False,-1,-1,-1,-1,-1,-1,True,,,0.0,0.0,no_entry,False,False,1,1,8badc3e7b306
2026-06-16,US.META,SHORT,False,-1,-1,-1,-1,-1,-1,True,,,0.0,0.0,no_entry,False,False,1,1,8badc3e7b306
2026-06-16,US.MSFT,LONG,False,-1,-1,-1,-1,-1,-1,True,,,0.0,0.0,no_entry,False,False,1,1,8badc3e7b306
2026-06-16,US.MSFT,SHORT,False,-1,-1,-1,-1,-1,-1,True,,,0.0,0.0,no_entry,False,False,1,1,8badc3e7b306
2026-06-16,US.MU,LONG,False,-1,-1,-1,-1,-1,-1,True,,,0.0,0.0,no_entry,False,False,1,1,8badc3e7b306
2026-06-16,US.MU,SHORT,False,-1,-1,-1,-1,-1,-1,True,,,0.0,0.0,no_entry,False,False,1,1,8badc3e7b306
2026-06-16,US.NVDA,LONG,False,-1,-1,-1,-1,-1,-1,True,,,0.0,0.0,no_entry,False,False,1,1,8badc3e7b306
2026-06-16,US.NVDA,SHORT,False,-1,-1,-1,-1,-1,-1,True,,,0.0,0.0,no_entry,False,False,1,1,8badc3e7b306
2026-06-16,US.QQQ,LONG,False,-1,-1,-1,-1,-1,-1,True,,,0.0,0.0,no_entry,False,False,1,1,8badc3e7b306
2026-06-16,US.QQQ,SHORT,True,95,375,665,665,-1,945,True,737.109475313,731.575560399,5.533914913999979,0.00750758889871834,scheduled_flatten,True,False,1,1,8badc3e7b306
2026-06-16,US.SPY,LONG,False,-1,-1,-1,-1,-1,-1,True,,,0.0,0.0,no_entry,False,False,1,1,8badc3e7b306
2026-06-16,US.SPY,SHORT,True,117,147,687,687,717,717,True,750.58678214,751.27002238,-0.6832402400000319,-0.0009102748093325649,failed_followthrough,False,False,1,1,8badc3e7b306
2026-06-16,US.TSLA,LONG,False,-1,-1,-1,-1,-1,-1,True,,,0.0,0.0,no_entry,False,False,1,1,8badc3e7b306
2026-06-16,US.TSLA,SHORT,False,-1,-1,-1,-1,-1,-1,True,,,0.0,0.0,no_entry,False,False,1,1,8badc3e7b306
2026-06-17,US.AAPL,LONG,False,-1,-1,-1,-1,-1,-1,True,,,0.0,0.0,no_entry,False,False,1,1,8badc3e7b306
2026-06-17,US.AAPL,SHORT,False,-1,-1,-1,-1,-1,-1,True,,,0.0,0.0,no_entry,False,False,1,1,8badc3e7b306
2026-06-17,US.AMD,LONG,False,-1,-1,-1,-1,-1,-1,True,,,0.0,0.0,no_entry,False,False,1,1,8badc3e7b306
2026-06-17,US.AMD,SHORT,False,-1,-1,-1,-1,-1,-1,True,,,0.0,0.0,no_entry,False,False,1,1,8badc3e7b306
2026-06-17,US.IWM,LONG,True,157,191,727,727,761,761,True,295.22,295.08,-0.1400000000000432,-0.00047422261364420836,failed_followthrough,False,False,1,1,8badc3e7b306
2026-06-17,US.IWM,SHORT,False,-1,-1,-1,-1,-1,-1,True,,,0.0,0.0,no_entry,False,False,1,1,8badc3e7b306
2026-06-17,US.META,LONG,False,-1,-1,-1,-1,-1,-1,True,,,0.0,0.0,no_entry,False,False,1,1,8badc3e7b306
2026-06-17,US.META,SHORT,True,113,375,683,683,-1,945,True,581.5,568.625,12.875,0.022141014617368875,scheduled_flatten,True,False,1,1,8badc3e7b306
2026-06-17,US.MSFT,LONG,False,-1,-1,-1,-1,-1,-1,True,,,0.0,0.0,no_entry,False,False,1,1,8badc3e7b306
2026-06-17,US.MSFT,SHORT,True,75,375,645,645,-1,945,True,385.474344875,377.020259683,8.45408519199998,0.021931641636855067,scheduled_flatten,True,False,1,1,8badc3e7b306
2026-06-17,US.MU,LONG,False,-1,-1,-1,-1,-1,-1,True,,,0.0,0.0,no_entry,False,False,1,1,8badc3e7b306
2026-06-17,US.MU,SHORT,False,-1,-1,-1,-1,-1,-1,True,,,0.0,0.0,no_entry,False,False,1,1,8badc3e7b306
2026-06-17,US.NVDA,LONG,False,-1,-1,-1,-1,-1,-1,True,,,0.0,0.0,no_entry,False,False,1,1,8badc3e7b306
2026-06-17,US.NVDA,SHORT,True,92,122,662,662,692,692,True,206.054431336,206.159313975,-0.10488263900001016,-0.0005090045301136215,failed_followthrough,False,False,1,1,8badc3e7b306
2026-06-17,US.QQQ,LONG,False,-1,-1,-1,-1,-1,-1,True,,,0.0,0.0,no_entry,False,False,1,1,8badc3e7b306
2026-06-17,US.QQQ,SHORT,False,-1,-1,-1,-1,-1,-1,True,,,0.0,0.0,no_entry,False,False,1,1,8badc3e7b306
2026-06-17,US.SPY,LONG,False,-1,-1,-1,-1,-1,-1,True,,,0.0,0.0,no_entry,False,False,1,1,8badc3e7b306
2026-06-17,US.SPY,SHORT,True,80,110,650,650,680,680,True,747.474797395,747.873769798,-0.39897240300001613,-0.0005337603413392155,failed_followthrough,False,False,1,1,8badc3e7b306
2026-06-17,US.TSLA,LONG,False,-1,-1,-1,-1,-1,-1,True,,,0.0,0.0,no_entry,False,False,1,1,8badc3e7b306
2026-06-17,US.TSLA,SHORT,False,-1,-1,-1,-1,-1,-1,True,,,0.0,0.0,no_entry,False,False,1,1,8badc3e7b306
2026-06-18,US.AAPL,LONG,False,-1,-1,-1,-1,-1,-1,True,,,0.0,0.0,no_entry,False,False,1,1,8badc3e7b306
2026-06-18,US.AAPL,SHORT,False,-1,-1,-1,-1,-1,-1,True,,,0.0,0.0,no_entry,False,False,1,1,8badc3e7b306
2026-06-18,US.AMD,LONG,False,-1,-1,-1,-1,-1,-1,True,,,0.0,0.0,no_entry,False,False,1,1,8badc3e7b306
2026-06-18,US.AMD,SHORT,False,-1,-1,-1,-1,-1,-1,True,,,0.0,0.0,no_entry,False,False,1,1,8badc3e7b306
2026-06-18,US.IWM,LONG,False,-1,-1,-1,-1,-1,-1,True,,,0.0,0.0,no_entry,False,False,1,1,8badc3e7b306
2026-06-18,US.IWM,SHORT,False,-1,-1,-1,-1,-1,-1,True,,,0.0,0.0,no_entry,False,False,1,1,8badc3e7b306
2026-06-18,US.META,LONG,False,-1,-1,-1,-1,-1,-1,True,,,0.0,0.0,no_entry,False,False,1,1,8badc3e7b306
2026-06-18,US.META,SHORT,False,-1,-1,-1,-1,-1,-1,True,,,0.0,0.0,no_entry,False,False,1,1,8badc3e7b306
2026-06-18,US.MSFT,LONG,False,-1,-1,-1,-1,-1,-1,True,,,0.0,0.0,no_entry,False,False,1,1,8badc3e7b306
2026-06-18,US.MSFT,SHORT,False,-1,-1,-1,-1,-1,-1,True,,,0.0,0.0,no_entry,False,False,1,1,8badc3e7b306
2026-06-18,US.MU,LONG,True,194,224,764,764,794,794,True,1130.156102735,1129.881245003,-0.27485773200010044,-0.00024320333388895508,failed_followthrough,False,False,1,1,8badc3e7b306
2026-06-18,US.MU,SHORT,False,-1,-1,-1,-1,-1,-1,True,,,0.0,0.0,no_entry,False,False,1,1,8badc3e7b306
2026-06-18,US.NVDA,LONG,False,-1,-1,-1,-1,-1,-1,True,,,0.0,0.0,no_entry,False,False,1,1,8badc3e7b306
2026-06-18,US.NVDA,SHORT,False,-1,-1,-1,-1,-1,-1,True,,,0.0,0.0,no_entry,False,False,1,1,8badc3e7b306
2026-06-18,US.QQQ,LONG,True,179,209,749,749,779,779,True,738.308157244,738.243228639,-0.06492860499997732,-8.794241857268195e-05,failed_followthrough,False,False,1,1,8badc3e7b306
2026-06-18,US.QQQ,SHORT,False,-1,-1,-1,-1,-1,-1,True,,,0.0,0.0,no_entry,False,False,1,1,8badc3e7b306
2026-06-18,US.SPY,LONG,False,-1,-1,-1,-1,-1,-1,True,,,0.0,0.0,no_entry,False,False,1,1,8badc3e7b306
2026-06-18,US.SPY,SHORT,False,-1,-1,-1,-1,-1,-1,True,,,0.0,0.0,no_entry,False,False,1,1,8badc3e7b306
2026-06-18,US.TSLA,LONG,False,-1,-1,-1,-1,-1,-1,True,,,0.0,0.0,no_entry,False,False,1,1,8badc3e7b306
2026-06-18,US.TSLA,SHORT,False,-1,-1,-1,-1,-1,-1,True,,,0.0,0.0,no_entry,False,False,1,1,8badc3e7b306
2026-06-22,US.AAPL,LONG,False,-1,-1,-1,-1,-1,-1,True,,,0.0,0.0,no_entry,False,False,1,1,8badc3e7b306
2026-06-22,US.AAPL,SHORT,False,-1,-1,-1,-1,-1,-1,True,,,0.0,0.0,no_entry,False,False,1,1,8badc3e7b306
2026-06-22,US.AMD,LONG,False,-1,-1,-1,-1,-1,-1,True,,,0.0,0.0,no_entry,False,False,1,1,8badc3e7b306
2026-06-22,US.AMD,SHORT,False,-1,-1,-1,-1,-1,-1,True,,,0.0,0.0,no_entry,False,False,1,1,8badc3e7b306
2026-06-22,US.IWM,LONG,False,-1,-1,-1,-1,-1,-1,True,,,0.0,0.0,no_entry,False,False,1,1,8badc3e7b306
2026-06-22,US.IWM,SHORT,False,-1,-1,-1,-1,-1,-1,True,,,0.0,0.0,no_entry,False,False,1,1,8badc3e7b306
2026-06-22,US.META,LONG,False,-1,-1,-1,-1,-1,-1,True,,,0.0,0.0,no_entry,False,False,1,1,8badc3e7b306
2026-06-22,US.META,SHORT,False,-1,-1,-1,-1,-1,-1,True,,,0.0,0.0,no_entry,False,False,1,1,8badc3e7b306
2026-06-22,US.MSFT,LONG,False,-1,-1,-1,-1,-1,-1,True,,,0.0,0.0,no_entry,False,False,1,1,8badc3e7b306
2026-06-22,US.MSFT,SHORT,False,-1,-1,-1,-1,-1,-1,True,,,0.0,0.0,no_entry,False,False,1,1,8badc3e7b306
2026-06-22,US.MU,LONG,False,-1,-1,-1,-1,-1,-1,True,,,0.0,0.0,no_entry,False,False,1,1,8badc3e7b306
2026-06-22,US.MU,SHORT,False,-1,-1,-1,-1,-1,-1,True,,,0.0,0.0,no_entry,False,False,1,1,8badc3e7b306
2026-06-22,US.NVDA,LONG,False,-1,-1,-1,-1,-1,-1,True,,,0.0,0.0,no_entry,False,False,1,1,8badc3e7b306
2026-06-22,US.NVDA,SHORT,False,-1,-1,-1,-1,-1,-1,True,,,0.0,0.0,no_entry,False,False,1,1,8badc3e7b306
2026-06-22,US.QQQ,LONG,False,-1,-1,-1,-1,-1,-1,True,,,0.0,0.0,no_entry,False,False,1,1,8badc3e7b306
2026-06-22,US.QQQ,SHORT,True,94,171,664,664,741,741,True,738.35,736.92,1.4300000000000637,0.0019367508634117474,structural,False,False,1,1,8badc3e7b306
2026-06-22,US.SPY,LONG,False,-1,-1,-1,-1,-1,-1,True,,,0.0,0.0,no_entry,False,False,1,1,8badc3e7b306
2026-06-22,US.SPY,SHORT,False,-1,-1,-1,-1,-1,-1,True,,,0.0,0.0,no_entry,False,False,1,1,8badc3e7b306
2026-06-22,US.TSLA,LONG,False,-1,-1,-1,-1,-1,-1,True,,,0.0,0.0,no_entry,False,False,1,1,8badc3e7b306
2026-06-22,US.TSLA,SHORT,False,-1,-1,-1,-1,-1,-1,True,,,0.0,0.0,no_entry,False,False,1,1,8badc3e7b306
2026-06-23,US.AAPL,LONG,False,-1,-1,-1,-1,-1,-1,True,,,0.0,0.0,no_entry,False,False,1,1,8badc3e7b306
2026-06-23,US.AAPL,SHORT,False,-1,-1,-1,-1,-1,-1,True,,,0.0,0.0,no_entry,False,False,1,1,8badc3e7b306
2026-06-23,US.AMD,LONG,False,-1,-1,-1,-1,-1,-1,True,,,0.0,0.0,no_entry,False,False,1,1,8badc3e7b306
2026-06-23,US.AMD,SHORT,False,-1,-1,-1,-1,-1,-1,True,,,0.0,0.0,no_entry,False,False,1,1,8badc3e7b306
2026-06-23,US.IWM,LONG,False,-1,-1,-1,-1,-1,-1,True,,,0.0,0.0,no_entry,False,False,1,1,8badc3e7b306
2026-06-23,US.IWM,SHORT,False,-1,-1,-1,-1,-1,-1,True,,,0.0,0.0,no_entry,False,False,1,1,8badc3e7b306
2026-06-23,US.META,LONG,False,-1,-1,-1,-1,-1,-1,True,,,0.0,0.0,no_entry,False,False,1,1,8badc3e7b306
2026-06-23,US.META,SHORT,False,-1,-1,-1,-1,-1,-1,True,,,0.0,0.0,no_entry,False,False,1,1,8badc3e7b306
2026-06-23,US.MSFT,LONG,False,-1,-1,-1,-1,-1,-1,True,,,0.0,0.0,no_entry,False,False,1,1,8badc3e7b306
2026-06-23,US.MSFT,SHORT,False,-1,-1,-1,-1,-1,-1,True,,,0.0,0.0,no_entry,False,False,1,1,8badc3e7b306
2026-06-23,US.MU,LONG,False,-1,-1,-1,-1,-1,-1,True,,,0.0,0.0,no_entry,False,False,1,1,8badc3e7b306
2026-06-23,US.MU,SHORT,False,-1,-1,-1,-1,-1,-1,True,,,0.0,0.0,no_entry,False,False,1,1,8badc3e7b306
2026-06-23,US.NVDA,LONG,False,-1,-1,-1,-1,-1,-1,True,,,0.0,0.0,no_entry,False,False,1,1,8badc3e7b306
2026-06-23,US.NVDA,SHORT,False,-1,-1,-1,-1,-1,-1,True,,,0.0,0.0,no_entry,False,False,1,1,8badc3e7b306
2026-06-23,US.QQQ,LONG,False,-1,-1,-1,-1,-1,-1,True,,,0.0,0.0,no_entry,False,False,1,1,8badc3e7b306
2026-06-23,US.QQQ,SHORT,False,-1,-1,-1,-1,-1,-1,True,,,0.0,0.0,no_entry,False,False,1,1,8badc3e7b306
2026-06-23,US.SPY,LONG,False,-1,-1,-1,-1,-1,-1,True,,,0.0,0.0,no_entry,False,False,1,1,8badc3e7b306
2026-06-23,US.SPY,SHORT,False,-1,-1,-1,-1,-1,-1,True,,,0.0,0.0,no_entry,False,False,1,1,8badc3e7b306
2026-06-23,US.TSLA,LONG,False,-1,-1,-1,-1,-1,-1,True,,,0.0,0.0,no_entry,False,False,1,1,8badc3e7b306
2026-06-23,US.TSLA,SHORT,True,86,375,656,656,-1,945,True,385.71,381.72,3.9899999999999523,0.010344559383993032,scheduled_flatten,True,False,1,1,8badc3e7b306
2026-06-24,US.AAPL,LONG,False,-1,-1,-1,-1,-1,-1,True,,,0.0,0.0,no_entry,False,False,1,1,8badc3e7b306
2026-06-24,US.AAPL,SHORT,False,-1,-1,-1,-1,-1,-1,True,,,0.0,0.0,no_entry,False,False,1,1,8badc3e7b306
2026-06-24,US.AMD,LONG,False,-1,-1,-1,-1,-1,-1,True,,,0.0,0.0,no_entry,False,False,1,1,8badc3e7b306
2026-06-24,US.AMD,SHORT,False,-1,-1,-1,-1,-1,-1,True,,,0.0,0.0,no_entry,False,False,1,1,8badc3e7b306
2026-06-24,US.IWM,LONG,False,-1,-1,-1,-1,-1,-1,True,,,0.0,0.0,no_entry,False,False,1,1,8badc3e7b306
2026-06-24,US.IWM,SHORT,False,-1,-1,-1,-1,-1,-1,True,,,0.0,0.0,no_entry,False,False,1,1,8badc3e7b306
2026-06-24,US.META,LONG,False,-1,-1,-1,-1,-1,-1,True,,,0.0,0.0,no_entry,False,False,1,1,8badc3e7b306
2026-06-24,US.META,SHORT,False,-1,-1,-1,-1,-1,-1,True,,,0.0,0.0,no_entry,False,False,1,1,8badc3e7b306
2026-06-24,US.MSFT,LONG,False,-1,-1,-1,-1,-1,-1,True,,,0.0,0.0,no_entry,False,False,1,1,8badc3e7b306
2026-06-24,US.MSFT,SHORT,False,-1,-1,-1,-1,-1,-1,True,,,0.0,0.0,no_entry,False,False,1,1,8badc3e7b306
2026-06-24,US.MU,LONG,False,-1,-1,-1,-1,-1,-1,True,,,0.0,0.0,no_entry,False,False,1,1,8badc3e7b306
2026-06-24,US.MU,SHORT,False,-1,-1,-1,-1,-1,-1,True,,,0.0,0.0,no_entry,False,False,1,1,8badc3e7b306
2026-06-24,US.NVDA,LONG,False,-1,-1,-1,-1,-1,-1,True,,,0.0,0.0,no_entry,False,False,1,1,8badc3e7b306
2026-06-24,US.NVDA,SHORT,False,-1,-1,-1,-1,-1,-1,True,,,0.0,0.0,no_entry,False,False,1,1,8badc3e7b306
2026-06-24,US.QQQ,LONG,False,-1,-1,-1,-1,-1,-1,True,,,0.0,0.0,no_entry,False,False,1,1,8badc3e7b306
2026-06-24,US.QQQ,SHORT,False,-1,-1,-1,-1,-1,-1,True,,,0.0,0.0,no_entry,False,False,1,1,8badc3e7b306
2026-06-24,US.SPY,LONG,False,-1,-1,-1,-1,-1,-1,True,,,0.0,0.0,no_entry,False,False,1,1,8badc3e7b306
2026-06-24,US.SPY,SHORT,False,-1,-1,-1,-1,-1,-1,True,,,0.0,0.0,no_entry,False,False,1,1,8badc3e7b306
2026-06-24,US.TSLA,LONG,False,-1,-1,-1,-1,-1,-1,True,,,0.0,0.0,no_entry,False,False,1,1,8badc3e7b306
2026-06-24,US.TSLA,SHORT,False,-1,-1,-1,-1,-1,-1,True,,,0.0,0.0,no_entry,False,False,1,1,8badc3e7b306
2026-06-25,US.AAPL,LONG,False,-1,-1,-1,-1,-1,-1,True,,,0.0,0.0,no_entry,False,False,1,1,8badc3e7b306
2026-06-25,US.AAPL,SHORT,False,-1,-1,-1,-1,-1,-1,True,,,0.0,0.0,no_entry,False,False,1,1,8badc3e7b306
2026-06-25,US.AMD,LONG,False,-1,-1,-1,-1,-1,-1,True,,,0.0,0.0,no_entry,False,False,1,1,8badc3e7b306
2026-06-25,US.AMD,SHORT,False,-1,-1,-1,-1,-1,-1,True,,,0.0,0.0,no_entry,False,False,1,1,8badc3e7b306
2026-06-25,US.IWM,LONG,False,-1,-1,-1,-1,-1,-1,True,,,0.0,0.0,no_entry,False,False,1,1,8badc3e7b306
2026-06-25,US.IWM,SHORT,False,-1,-1,-1,-1,-1,-1,True,,,0.0,0.0,no_entry,False,False,1,1,8badc3e7b306
2026-06-25,US.META,LONG,False,-1,-1,-1,-1,-1,-1,True,,,0.0,0.0,no_entry,False,False,1,1,8badc3e7b306
2026-06-25,US.META,SHORT,False,-1,-1,-1,-1,-1,-1,True,,,0.0,0.0,no_entry,False,False,1,1,8badc3e7b306
2026-06-25,US.MSFT,LONG,False,-1,-1,-1,-1,-1,-1,True,,,0.0,0.0,no_entry,False,False,1,1,8badc3e7b306
2026-06-25,US.MSFT,SHORT,True,125,287,695,695,857,857,True,354.971765954,352.12213039,2.849635563999982,0.008027780903479687,structural,False,False,1,1,8badc3e7b306
2026-06-25,US.MU,LONG,False,-1,-1,-1,-1,-1,-1,True,,,0.0,0.0,no_entry,False,False,1,1,8badc3e7b306
2026-06-25,US.MU,SHORT,False,-1,-1,-1,-1,-1,-1,True,,,0.0,0.0,no_entry,False,False,1,1,8badc3e7b306
2026-06-25,US.NVDA,LONG,False,-1,-1,-1,-1,-1,-1,True,,,0.0,0.0,no_entry,False,False,1,1,8badc3e7b306
2026-06-25,US.NVDA,SHORT,False,-1,-1,-1,-1,-1,-1,True,,,0.0,0.0,no_entry,False,False,1,1,8badc3e7b306
2026-06-25,US.QQQ,LONG,False,-1,-1,-1,-1,-1,-1,True,,,0.0,0.0,no_entry,False,False,1,1,8badc3e7b306
2026-06-25,US.QQQ,SHORT,False,-1,-1,-1,-1,-1,-1,True,,,0.0,0.0,no_entry,False,False,1,1,8badc3e7b306
2026-06-25,US.SPY,LONG,False,-1,-1,-1,-1,-1,-1,True,,,0.0,0.0,no_entry,False,False,1,1,8badc3e7b306
2026-06-25,US.SPY,SHORT,False,-1,-1,-1,-1,-1,-1,True,,,0.0,0.0,no_entry,False,False,1,1,8badc3e7b306
2026-06-25,US.TSLA,LONG,False,-1,-1,-1,-1,-1,-1,True,,,0.0,0.0,no_entry,False,False,1,1,8badc3e7b306
2026-06-25,US.TSLA,SHORT,False,-1,-1,-1,-1,-1,-1,True,,,0.0,0.0,no_entry,False,False,1,1,8badc3e7b306
2026-06-26,US.AAPL,LONG,False,-1,-1,-1,-1,-1,-1,True,,,0.0,0.0,no_entry,False,False,1,1,8badc3e7b306
2026-06-26,US.AAPL,SHORT,False,-1,-1,-1,-1,-1,-1,True,,,0.0,0.0,no_entry,False,False,1,1,8badc3e7b306
2026-06-26,US.AMD,LONG,False,-1,-1,-1,-1,-1,-1,True,,,0.0,0.0,no_entry,False,False,1,1,8badc3e7b306
2026-06-26,US.AMD,SHORT,False,-1,-1,-1,-1,-1,-1,True,,,0.0,0.0,no_entry,False,False,1,1,8badc3e7b306
2026-06-26,US.IWM,LONG,False,-1,-1,-1,-1,-1,-1,True,,,0.0,0.0,no_entry,False,False,1,1,8badc3e7b306
2026-06-26,US.IWM,SHORT,False,-1,-1,-1,-1,-1,-1,True,,,0.0,0.0,no_entry,False,False,1,1,8badc3e7b306
2026-06-26,US.META,LONG,False,-1,-1,-1,-1,-1,-1,True,,,0.0,0.0,no_entry,False,False,1,1,8badc3e7b306
2026-06-26,US.META,SHORT,False,-1,-1,-1,-1,-1,-1,True,,,0.0,0.0,no_entry,False,False,1,1,8badc3e7b306
2026-06-26,US.MSFT,LONG,False,-1,-1,-1,-1,-1,-1,True,,,0.0,0.0,no_entry,False,False,1,1,8badc3e7b306
2026-06-26,US.MSFT,SHORT,False,-1,-1,-1,-1,-1,-1,True,,,0.0,0.0,no_entry,False,False,1,1,8badc3e7b306
2026-06-26,US.MU,LONG,False,-1,-1,-1,-1,-1,-1,True,,,0.0,0.0,no_entry,False,False,1,1,8badc3e7b306
2026-06-26,US.MU,SHORT,False,-1,-1,-1,-1,-1,-1,True,,,0.0,0.0,no_entry,False,False,1,1,8badc3e7b306
2026-06-26,US.NVDA,LONG,False,-1,-1,-1,-1,-1,-1,True,,,0.0,0.0,no_entry,False,False,1,1,8badc3e7b306
2026-06-26,US.NVDA,SHORT,False,-1,-1,-1,-1,-1,-1,True,,,0.0,0.0,no_entry,False,False,1,1,8badc3e7b306
2026-06-26,US.QQQ,LONG,False,-1,-1,-1,-1,-1,-1,True,,,0.0,0.0,no_entry,False,False,1,1,8badc3e7b306
2026-06-26,US.QQQ,SHORT,False,-1,-1,-1,-1,-1,-1,True,,,0.0,0.0,no_entry,False,False,1,1,8badc3e7b306
2026-06-26,US.SPY,LONG,True,209,319,779,779,889,889,True,734.48,731.87,-2.6100000000000136,-0.0035535344733689327,trailing,False,False,1,1,8badc3e7b306
2026-06-26,US.SPY,SHORT,False,-1,-1,-1,-1,-1,-1,True,,,0.0,0.0,no_entry,False,False,1,1,8badc3e7b306
2026-06-26,US.TSLA,LONG,False,-1,-1,-1,-1,-1,-1,True,,,0.0,0.0,no_entry,False,False,1,1,8badc3e7b306
2026-06-26,US.TSLA,SHORT,False,-1,-1,-1,-1,-1,-1,True,,,0.0,0.0,no_entry,False,False,1,1,8badc3e7b306
2026-06-29,US.AAPL,LONG,False,-1,-1,-1,-1,-1,-1,True,,,0.0,0.0,no_entry,False,False,1,1,8badc3e7b306
2026-06-29,US.AAPL,SHORT,False,-1,-1,-1,-1,-1,-1,True,,,0.0,0.0,no_entry,False,False,1,1,8badc3e7b306
2026-06-29,US.AMD,LONG,False,-1,-1,-1,-1,-1,-1,True,,,0.0,0.0,no_entry,False,False,1,1,8badc3e7b306
2026-06-29,US.AMD,SHORT,False,-1,-1,-1,-1,-1,-1,True,,,0.0,0.0,no_entry,False,False,1,1,8badc3e7b306
2026-06-29,US.IWM,LONG,False,-1,-1,-1,-1,-1,-1,True,,,0.0,0.0,no_entry,False,False,1,1,8badc3e7b306
2026-06-29,US.IWM,SHORT,False,-1,-1,-1,-1,-1,-1,True,,,0.0,0.0,no_entry,False,False,1,1,8badc3e7b306
2026-06-29,US.META,LONG,False,-1,-1,-1,-1,-1,-1,True,,,0.0,0.0,no_entry,False,False,1,1,8badc3e7b306
2026-06-29,US.META,SHORT,False,-1,-1,-1,-1,-1,-1,True,,,0.0,0.0,no_entry,False,False,1,1,8badc3e7b306
2026-06-29,US.MSFT,LONG,False,-1,-1,-1,-1,-1,-1,True,,,0.0,0.0,no_entry,False,False,1,1,8badc3e7b306
2026-06-29,US.MSFT,SHORT,False,-1,-1,-1,-1,-1,-1,True,,,0.0,0.0,no_entry,False,False,1,1,8badc3e7b306
2026-06-29,US.MU,LONG,False,-1,-1,-1,-1,-1,-1,True,,,0.0,0.0,no_entry,False,False,1,1,8badc3e7b306
2026-06-29,US.MU,SHORT,False,-1,-1,-1,-1,-1,-1,True,,,0.0,0.0,no_entry,False,False,1,1,8badc3e7b306
2026-06-29,US.NVDA,LONG,False,-1,-1,-1,-1,-1,-1,True,,,0.0,0.0,no_entry,False,False,1,1,8badc3e7b306
2026-06-29,US.NVDA,SHORT,False,-1,-1,-1,-1,-1,-1,True,,,0.0,0.0,no_entry,False,False,1,1,8badc3e7b306
2026-06-29,US.QQQ,LONG,False,-1,-1,-1,-1,-1,-1,True,,,0.0,0.0,no_entry,False,False,1,1,8badc3e7b306
2026-06-29,US.QQQ,SHORT,False,-1,-1,-1,-1,-1,-1,True,,,0.0,0.0,no_entry,False,False,1,1,8badc3e7b306
2026-06-29,US.SPY,LONG,False,-1,-1,-1,-1,-1,-1,True,,,0.0,0.0,no_entry,False,False,1,1,8badc3e7b306
2026-06-29,US.SPY,SHORT,False,-1,-1,-1,-1,-1,-1,True,,,0.0,0.0,no_entry,False,False,1,1,8badc3e7b306
2026-06-29,US.TSLA,LONG,False,-1,-1,-1,-1,-1,-1,True,,,0.0,0.0,no_entry,False,False,1,1,8badc3e7b306
2026-06-29,US.TSLA,SHORT,False,-1,-1,-1,-1,-1,-1,True,,,0.0,0.0,no_entry,False,False,1,1,8badc3e7b306
2026-06-30,US.AAPL,LONG,False,-1,-1,-1,-1,-1,-1,True,,,0.0,0.0,no_entry,False,False,1,1,8badc3e7b306
2026-06-30,US.AAPL,SHORT,False,-1,-1,-1,-1,-1,-1,True,,,0.0,0.0,no_entry,False,False,1,1,8badc3e7b306
2026-06-30,US.AMD,LONG,False,-1,-1,-1,-1,-1,-1,True,,,0.0,0.0,no_entry,False,False,1,1,8badc3e7b306
2026-06-30,US.AMD,SHORT,False,-1,-1,-1,-1,-1,-1,True,,,0.0,0.0,no_entry,False,False,1,1,8badc3e7b306
2026-06-30,US.IWM,LONG,False,-1,-1,-1,-1,-1,-1,True,,,0.0,0.0,no_entry,False,False,1,1,8badc3e7b306
2026-06-30,US.IWM,SHORT,False,-1,-1,-1,-1,-1,-1,True,,,0.0,0.0,no_entry,False,False,1,1,8badc3e7b306
2026-06-30,US.META,LONG,False,-1,-1,-1,-1,-1,-1,True,,,0.0,0.0,no_entry,False,False,1,1,8badc3e7b306
2026-06-30,US.META,SHORT,True,95,125,665,665,695,695,True,552.9549,556.93,-3.9750999999999976,-0.007188832217600383,failed_followthrough,False,False,1,1,8badc3e7b306
2026-06-30,US.MSFT,LONG,True,206,236,776,776,806,806,True,372.45884654,370.836899853,-1.6219466870000474,-0.00435470039728499,failed_followthrough,False,False,1,1,8badc3e7b306
2026-06-30,US.MSFT,SHORT,False,-1,-1,-1,-1,-1,-1,True,,,0.0,0.0,no_entry,False,False,1,1,8badc3e7b306
2026-06-30,US.MU,LONG,False,-1,-1,-1,-1,-1,-1,True,,,0.0,0.0,no_entry,False,False,1,1,8badc3e7b306
2026-06-30,US.MU,SHORT,False,-1,-1,-1,-1,-1,-1,True,,,0.0,0.0,no_entry,False,False,1,1,8badc3e7b306
2026-06-30,US.NVDA,LONG,False,-1,-1,-1,-1,-1,-1,True,,,0.0,0.0,no_entry,False,False,1,1,8badc3e7b306
2026-06-30,US.NVDA,SHORT,False,-1,-1,-1,-1,-1,-1,True,,,0.0,0.0,no_entry,False,False,1,1,8badc3e7b306
2026-06-30,US.QQQ,LONG,False,-1,-1,-1,-1,-1,-1,True,,,0.0,0.0,no_entry,False,False,1,1,8badc3e7b306
2026-06-30,US.QQQ,SHORT,False,-1,-1,-1,-1,-1,-1,True,,,0.0,0.0,no_entry,False,False,1,1,8badc3e7b306
2026-06-30,US.SPY,LONG,True,119,375,689,689,-1,945,True,745.24,747.139,1.899000000000001,0.002548172400837315,scheduled_flatten,True,False,1,1,8badc3e7b306
2026-06-30,US.SPY,SHORT,False,-1,-1,-1,-1,-1,-1,True,,,0.0,0.0,no_entry,False,False,1,1,8badc3e7b306
2026-06-30,US.TSLA,LONG,True,158,375,728,728,-1,945,True,416.8,422.845,6.045000000000016,0.014503358925143992,scheduled_flatten,True,False,1,1,8badc3e7b306
2026-06-30,US.TSLA,SHORT,False,-1,-1,-1,-1,-1,-1,True,,,0.0,0.0,no_entry,False,False,1,1,8badc3e7b306
2026-07-01,US.AAPL,LONG,False,-1,-1,-1,-1,-1,-1,True,,,0.0,0.0,no_entry,False,False,1,1,8badc3e7b306
2026-07-01,US.AAPL,SHORT,False,-1,-1,-1,-1,-1,-1,True,,,0.0,0.0,no_entry,False,False,1,1,8badc3e7b306
2026-07-01,US.AMD,LONG,False,-1,-1,-1,-1,-1,-1,True,,,0.0,0.0,no_entry,False,False,1,1,8badc3e7b306
2026-07-01,US.AMD,SHORT,False,-1,-1,-1,-1,-1,-1,True,,,0.0,0.0,no_entry,False,False,1,1,8badc3e7b306
2026-07-01,US.IWM,LONG,False,-1,-1,-1,-1,-1,-1,True,,,0.0,0.0,no_entry,False,False,1,1,8badc3e7b306
2026-07-01,US.IWM,SHORT,False,-1,-1,-1,-1,-1,-1,True,,,0.0,0.0,no_entry,False,False,1,1,8badc3e7b306
2026-07-01,US.META,LONG,False,-1,-1,-1,-1,-1,-1,True,,,0.0,0.0,no_entry,False,False,1,1,8badc3e7b306
2026-07-01,US.META,SHORT,False,-1,-1,-1,-1,-1,-1,True,,,0.0,0.0,no_entry,False,False,1,1,8badc3e7b306
2026-07-01,US.MSFT,LONG,False,-1,-1,-1,-1,-1,-1,True,,,0.0,0.0,no_entry,False,False,1,1,8badc3e7b306
2026-07-01,US.MSFT,SHORT,False,-1,-1,-1,-1,-1,-1,True,,,0.0,0.0,no_entry,False,False,1,1,8badc3e7b306
2026-07-01,US.MU,LONG,False,-1,-1,-1,-1,-1,-1,True,,,0.0,0.0,no_entry,False,False,1,1,8badc3e7b306
2026-07-01,US.MU,SHORT,True,161,191,731,731,761,761,True,1049.348629441,1050.893391885,-1.544762444000071,-0.001472115558794777,failed_followthrough,False,False,1,1,8badc3e7b306
2026-07-01,US.NVDA,LONG,True,142,369,712,712,939,939,True,196.530088786,198.502881291,1.972792505000001,0.010038119441080387,structural,False,False,1,1,8badc3e7b306
2026-07-01,US.NVDA,SHORT,False,-1,-1,-1,-1,-1,-1,True,,,0.0,0.0,no_entry,False,False,1,1,8badc3e7b306
2026-07-01,US.QQQ,LONG,False,-1,-1,-1,-1,-1,-1,True,,,0.0,0.0,no_entry,False,False,1,1,8badc3e7b306
2026-07-01,US.QQQ,SHORT,False,-1,-1,-1,-1,-1,-1,True,,,0.0,0.0,no_entry,False,False,1,1,8badc3e7b306
2026-07-01,US.SPY,LONG,False,-1,-1,-1,-1,-1,-1,True,,,0.0,0.0,no_entry,False,False,1,1,8badc3e7b306
2026-07-01,US.SPY,SHORT,False,-1,-1,-1,-1,-1,-1,True,,,0.0,0.0,no_entry,False,False,1,1,8badc3e7b306
2026-07-01,US.TSLA,LONG,False,-1,-1,-1,-1,-1,-1,True,,,0.0,0.0,no_entry,False,False,1,1,8badc3e7b306
2026-07-01,US.TSLA,SHORT,False,-1,-1,-1,-1,-1,-1,True,,,0.0,0.0,no_entry,False,False,1,1,8badc3e7b306
2026-07-02,US.AAPL,LONG,False,-1,-1,-1,-1,-1,-1,True,,,0.0,0.0,no_entry,False,False,1,1,8badc3e7b306
2026-07-02,US.AAPL,SHORT,False,-1,-1,-1,-1,-1,-1,True,,,0.0,0.0,no_entry,False,False,1,1,8badc3e7b306
2026-07-02,US.AMD,LONG,False,-1,-1,-1,-1,-1,-1,True,,,0.0,0.0,no_entry,False,False,1,1,8badc3e7b306
2026-07-02,US.AMD,SHORT,False,-1,-1,-1,-1,-1,-1,True,,,0.0,0.0,no_entry,False,False,1,1,8badc3e7b306
2026-07-02,US.IWM,LONG,False,-1,-1,-1,-1,-1,-1,True,,,0.0,0.0,no_entry,False,False,1,1,8badc3e7b306
2026-07-02,US.IWM,SHORT,False,-1,-1,-1,-1,-1,-1,True,,,0.0,0.0,no_entry,False,False,1,1,8badc3e7b306
2026-07-02,US.META,LONG,False,-1,-1,-1,-1,-1,-1,True,,,0.0,0.0,no_entry,False,False,1,1,8badc3e7b306
2026-07-02,US.META,SHORT,False,-1,-1,-1,-1,-1,-1,True,,,0.0,0.0,no_entry,False,False,1,1,8badc3e7b306
2026-07-02,US.MSFT,LONG,True,168,198,738,738,768,768,True,389.591594157,389.26201459,-0.32957956699999613,-0.000845961699233121,failed_followthrough,False,False,1,1,8badc3e7b306
2026-07-02,US.MSFT,SHORT,False,-1,-1,-1,-1,-1,-1,True,,,0.0,0.0,no_entry,False,False,1,1,8badc3e7b306
2026-07-02,US.MU,LONG,False,-1,-1,-1,-1,-1,-1,True,,,0.0,0.0,no_entry,False,False,1,1,8badc3e7b306
2026-07-02,US.MU,SHORT,True,135,277,705,705,847,847,True,1000.806094392,967.031288337,33.774806055,0.03374760230204088,structural,False,False,1,1,8badc3e7b306
2026-07-02,US.NVDA,LONG,False,-1,-1,-1,-1,-1,-1,True,,,0.0,0.0,no_entry,False,False,1,1,8badc3e7b306
2026-07-02,US.NVDA,SHORT,False,-1,-1,-1,-1,-1,-1,True,,,0.0,0.0,no_entry,False,False,1,1,8badc3e7b306
2026-07-02,US.QQQ,LONG,False,-1,-1,-1,-1,-1,-1,True,,,0.0,0.0,no_entry,False,False,1,1,8badc3e7b306
2026-07-02,US.QQQ,SHORT,False,-1,-1,-1,-1,-1,-1,True,,,0.0,0.0,no_entry,False,False,1,1,8badc3e7b306
2026-07-02,US.SPY,LONG,False,-1,-1,-1,-1,-1,-1,True,,,0.0,0.0,no_entry,False,False,1,1,8badc3e7b306
2026-07-02,US.SPY,SHORT,False,-1,-1,-1,-1,-1,-1,True,,,0.0,0.0,no_entry,False,False,1,1,8badc3e7b306
2026-07-02,US.TSLA,LONG,False,-1,-1,-1,-1,-1,-1,True,,,0.0,0.0,no_entry,False,False,1,1,8badc3e7b306
2026-07-02,US.TSLA,SHORT,False,-1,-1,-1,-1,-1,-1,True,,,0.0,0.0,no_entry,False,False,1,1,8badc3e7b306
2026-07-06,US.AAPL,LONG,False,-1,-1,-1,-1,-1,-1,True,,,0.0,0.0,no_entry,False,False,1,1,8badc3e7b306
2026-07-06,US.AAPL,SHORT,False,-1,-1,-1,-1,-1,-1,True,,,0.0,0.0,no_entry,False,False,1,1,8badc3e7b306
2026-07-06,US.AMD,LONG,False,-1,-1,-1,-1,-1,-1,True,,,0.0,0.0,no_entry,False,False,1,1,8badc3e7b306
2026-07-06,US.AMD,SHORT,False,-1,-1,-1,-1,-1,-1,True,,,0.0,0.0,no_entry,False,False,1,1,8badc3e7b306
2026-07-06,US.IWM,LONG,False,-1,-1,-1,-1,-1,-1,True,,,0.0,0.0,no_entry,False,False,1,1,8badc3e7b306
2026-07-06,US.IWM,SHORT,False,-1,-1,-1,-1,-1,-1,True,,,0.0,0.0,no_entry,False,False,1,1,8badc3e7b306
2026-07-06,US.META,LONG,False,-1,-1,-1,-1,-1,-1,True,,,0.0,0.0,no_entry,False,False,1,1,8badc3e7b306
2026-07-06,US.META,SHORT,False,-1,-1,-1,-1,-1,-1,True,,,0.0,0.0,no_entry,False,False,1,1,8badc3e7b306
2026-07-06,US.MSFT,LONG,False,-1,-1,-1,-1,-1,-1,True,,,0.0,0.0,no_entry,False,False,1,1,8badc3e7b306
2026-07-06,US.MSFT,SHORT,False,-1,-1,-1,-1,-1,-1,True,,,0.0,0.0,no_entry,False,False,1,1,8badc3e7b306
2026-07-06,US.MU,LONG,False,-1,-1,-1,-1,-1,-1,True,,,0.0,0.0,no_entry,False,False,1,1,8badc3e7b306
2026-07-06,US.MU,SHORT,False,-1,-1,-1,-1,-1,-1,True,,,0.0,0.0,no_entry,False,False,1,1,8badc3e7b306
2026-07-06,US.NVDA,LONG,False,-1,-1,-1,-1,-1,-1,True,,,0.0,0.0,no_entry,False,False,1,1,8badc3e7b306
2026-07-06,US.NVDA,SHORT,False,-1,-1,-1,-1,-1,-1,True,,,0.0,0.0,no_entry,False,False,1,1,8badc3e7b306
2026-07-06,US.QQQ,LONG,False,-1,-1,-1,-1,-1,-1,True,,,0.0,0.0,no_entry,False,False,1,1,8badc3e7b306
2026-07-06,US.QQQ,SHORT,False,-1,-1,-1,-1,-1,-1,True,,,0.0,0.0,no_entry,False,False,1,1,8badc3e7b306
2026-07-06,US.SPY,LONG,True,116,247,686,686,817,817,True,750.34,750.35,0.009999999999990905,1.3327291627783277e-05,failed_followthrough,False,False,1,1,8badc3e7b306
2026-07-06,US.SPY,SHORT,False,-1,-1,-1,-1,-1,-1,True,,,0.0,0.0,no_entry,False,False,1,1,8badc3e7b306
2026-07-06,US.TSLA,LONG,False,-1,-1,-1,-1,-1,-1,True,,,0.0,0.0,no_entry,False,False,1,1,8badc3e7b306
2026-07-06,US.TSLA,SHORT,False,-1,-1,-1,-1,-1,-1,True,,,0.0,0.0,no_entry,False,False,1,1,8badc3e7b306
2026-07-07,US.AAPL,LONG,False,-1,-1,-1,-1,-1,-1,True,,,0.0,0.0,no_entry,False,False,1,1,8badc3e7b306
2026-07-07,US.AAPL,SHORT,False,-1,-1,-1,-1,-1,-1,True,,,0.0,0.0,no_entry,False,False,1,1,8badc3e7b306
2026-07-07,US.AMD,LONG,False,-1,-1,-1,-1,-1,-1,True,,,0.0,0.0,no_entry,False,False,1,1,8badc3e7b306
2026-07-07,US.AMD,SHORT,False,-1,-1,-1,-1,-1,-1,True,,,0.0,0.0,no_entry,False,False,1,1,8badc3e7b306
2026-07-07,US.IWM,LONG,False,-1,-1,-1,-1,-1,-1,True,,,0.0,0.0,no_entry,False,False,1,1,8badc3e7b306
2026-07-07,US.IWM,SHORT,False,-1,-1,-1,-1,-1,-1,True,,,0.0,0.0,no_entry,False,False,1,1,8badc3e7b306
2026-07-07,US.META,LONG,False,-1,-1,-1,-1,-1,-1,True,,,0.0,0.0,no_entry,False,False,1,1,8badc3e7b306
2026-07-07,US.META,SHORT,False,-1,-1,-1,-1,-1,-1,True,,,0.0,0.0,no_entry,False,False,1,1,8badc3e7b306
2026-07-07,US.MSFT,LONG,False,-1,-1,-1,-1,-1,-1,True,,,0.0,0.0,no_entry,False,False,1,1,8badc3e7b306
2026-07-07,US.MSFT,SHORT,False,-1,-1,-1,-1,-1,-1,True,,,0.0,0.0,no_entry,False,False,1,1,8badc3e7b306
2026-07-07,US.MU,LONG,False,-1,-1,-1,-1,-1,-1,True,,,0.0,0.0,no_entry,False,False,1,1,8badc3e7b306
2026-07-07,US.MU,SHORT,False,-1,-1,-1,-1,-1,-1,True,,,0.0,0.0,no_entry,False,False,1,1,8badc3e7b306
2026-07-07,US.NVDA,LONG,False,-1,-1,-1,-1,-1,-1,True,,,0.0,0.0,no_entry,False,False,1,1,8badc3e7b306
2026-07-07,US.NVDA,SHORT,False,-1,-1,-1,-1,-1,-1,True,,,0.0,0.0,no_entry,False,False,1,1,8badc3e7b306
2026-07-07,US.QQQ,LONG,False,-1,-1,-1,-1,-1,-1,True,,,0.0,0.0,no_entry,False,False,1,1,8badc3e7b306
2026-07-07,US.QQQ,SHORT,False,-1,-1,-1,-1,-1,-1,True,,,0.0,0.0,no_entry,False,False,1,1,8badc3e7b306
2026-07-07,US.SPY,LONG,False,-1,-1,-1,-1,-1,-1,True,,,0.0,0.0,no_entry,False,False,1,1,8badc3e7b306
2026-07-07,US.SPY,SHORT,False,-1,-1,-1,-1,-1,-1,True,,,0.0,0.0,no_entry,False,False,1,1,8badc3e7b306
2026-07-07,US.TSLA,LONG,False,-1,-1,-1,-1,-1,-1,True,,,0.0,0.0,no_entry,False,False,1,1,8badc3e7b306
2026-07-07,US.TSLA,SHORT,False,-1,-1,-1,-1,-1,-1,True,,,0.0,0.0,no_entry,False,False,1,1,8badc3e7b306
2026-07-08,US.AAPL,LONG,False,-1,-1,-1,-1,-1,-1,True,,,0.0,0.0,no_entry,False,False,1,1,8badc3e7b306
2026-07-08,US.AAPL,SHORT,False,-1,-1,-1,-1,-1,-1,True,,,0.0,0.0,no_entry,False,False,1,1,8badc3e7b306
2026-07-08,US.AMD,LONG,False,-1,-1,-1,-1,-1,-1,True,,,0.0,0.0,no_entry,False,False,1,1,8badc3e7b306
2026-07-08,US.AMD,SHORT,False,-1,-1,-1,-1,-1,-1,True,,,0.0,0.0,no_entry,False,False,1,1,8badc3e7b306
2026-07-08,US.IWM,LONG,False,-1,-1,-1,-1,-1,-1,True,,,0.0,0.0,no_entry,False,False,1,1,8badc3e7b306
2026-07-08,US.IWM,SHORT,False,-1,-1,-1,-1,-1,-1,True,,,0.0,0.0,no_entry,False,False,1,1,8badc3e7b306
2026-07-08,US.META,LONG,False,-1,-1,-1,-1,-1,-1,True,,,0.0,0.0,no_entry,False,False,1,1,8badc3e7b306
2026-07-08,US.META,SHORT,False,-1,-1,-1,-1,-1,-1,True,,,0.0,0.0,no_entry,False,False,1,1,8badc3e7b306
2026-07-08,US.MSFT,LONG,False,-1,-1,-1,-1,-1,-1,True,,,0.0,0.0,no_entry,False,False,1,1,8badc3e7b306
2026-07-08,US.MSFT,SHORT,False,-1,-1,-1,-1,-1,-1,True,,,0.0,0.0,no_entry,False,False,1,1,8badc3e7b306
2026-07-08,US.MU,LONG,False,-1,-1,-1,-1,-1,-1,True,,,0.0,0.0,no_entry,False,False,1,1,8badc3e7b306
2026-07-08,US.MU,SHORT,False,-1,-1,-1,-1,-1,-1,True,,,0.0,0.0,no_entry,False,False,1,1,8badc3e7b306
2026-07-08,US.NVDA,LONG,False,-1,-1,-1,-1,-1,-1,True,,,0.0,0.0,no_entry,False,False,1,1,8badc3e7b306
2026-07-08,US.NVDA,SHORT,False,-1,-1,-1,-1,-1,-1,True,,,0.0,0.0,no_entry,False,False,1,1,8badc3e7b306
2026-07-08,US.QQQ,LONG,False,-1,-1,-1,-1,-1,-1,True,,,0.0,0.0,no_entry,False,False,1,1,8badc3e7b306
2026-07-08,US.QQQ,SHORT,False,-1,-1,-1,-1,-1,-1,True,,,0.0,0.0,no_entry,False,False,1,1,8badc3e7b306
2026-07-08,US.SPY,LONG,False,-1,-1,-1,-1,-1,-1,True,,,0.0,0.0,no_entry,False,False,1,1,8badc3e7b306
2026-07-08,US.SPY,SHORT,True,83,191,653,653,761,761,True,742.04,743.89,-1.8500000000000227,-0.002493127055145306,trailing,False,False,1,1,8badc3e7b306
2026-07-08,US.TSLA,LONG,False,-1,-1,-1,-1,-1,-1,True,,,0.0,0.0,no_entry,False,False,1,1,8badc3e7b306
2026-07-08,US.TSLA,SHORT,True,81,111,651,651,681,681,True,392.4,392.475,-0.07500000000004547,-0.00019113149847106392,failed_followthrough,False,False,1,1,8badc3e7b306
2026-07-09,US.AAPL,LONG,False,-1,-1,-1,-1,-1,-1,True,,,0.0,0.0,no_entry,False,False,1,1,8badc3e7b306
2026-07-09,US.AAPL,SHORT,False,-1,-1,-1,-1,-1,-1,True,,,0.0,0.0,no_entry,False,False,1,1,8badc3e7b306
2026-07-09,US.AMD,LONG,False,-1,-1,-1,-1,-1,-1,True,,,0.0,0.0,no_entry,False,False,1,1,8badc3e7b306
2026-07-09,US.AMD,SHORT,False,-1,-1,-1,-1,-1,-1,True,,,0.0,0.0,no_entry,False,False,1,1,8badc3e7b306
2026-07-09,US.IWM,LONG,False,-1,-1,-1,-1,-1,-1,True,,,0.0,0.0,no_entry,False,False,1,1,8badc3e7b306
2026-07-09,US.IWM,SHORT,False,-1,-1,-1,-1,-1,-1,True,,,0.0,0.0,no_entry,False,False,1,1,8badc3e7b306
2026-07-09,US.META,LONG,False,-1,-1,-1,-1,-1,-1,True,,,0.0,0.0,no_entry,False,False,1,1,8badc3e7b306
2026-07-09,US.META,SHORT,False,-1,-1,-1,-1,-1,-1,True,,,0.0,0.0,no_entry,False,False,1,1,8badc3e7b306
2026-07-09,US.MSFT,LONG,False,-1,-1,-1,-1,-1,-1,True,,,0.0,0.0,no_entry,False,False,1,1,8badc3e7b306
2026-07-09,US.MSFT,SHORT,False,-1,-1,-1,-1,-1,-1,True,,,0.0,0.0,no_entry,False,False,1,1,8badc3e7b306
2026-07-09,US.MU,LONG,False,-1,-1,-1,-1,-1,-1,True,,,0.0,0.0,no_entry,False,False,1,1,8badc3e7b306
2026-07-09,US.MU,SHORT,False,-1,-1,-1,-1,-1,-1,True,,,0.0,0.0,no_entry,False,False,1,1,8badc3e7b306
2026-07-09,US.NVDA,LONG,False,-1,-1,-1,-1,-1,-1,True,,,0.0,0.0,no_entry,False,False,1,1,8badc3e7b306
2026-07-09,US.NVDA,SHORT,False,-1,-1,-1,-1,-1,-1,True,,,0.0,0.0,no_entry,False,False,1,1,8badc3e7b306
2026-07-09,US.QQQ,LONG,False,-1,-1,-1,-1,-1,-1,True,,,0.0,0.0,no_entry,False,False,1,1,8badc3e7b306
2026-07-09,US.QQQ,SHORT,False,-1,-1,-1,-1,-1,-1,True,,,0.0,0.0,no_entry,False,False,1,1,8badc3e7b306
2026-07-09,US.SPY,LONG,True,118,148,688,688,718,718,True,749.9,749.91,0.009999999999990905,1.333511134816763e-05,failed_followthrough,False,False,1,1,8badc3e7b306
2026-07-09,US.SPY,SHORT,False,-1,-1,-1,-1,-1,-1,True,,,0.0,0.0,no_entry,False,False,1,1,8badc3e7b306
2026-07-09,US.TSLA,LONG,False,-1,-1,-1,-1,-1,-1,True,,,0.0,0.0,no_entry,False,False,1,1,8badc3e7b306
2026-07-09,US.TSLA,SHORT,False,-1,-1,-1,-1,-1,-1,True,,,0.0,0.0,no_entry,False,False,1,1,8badc3e7b306
2026-07-10,US.AAPL,LONG,False,-1,-1,-1,-1,-1,-1,True,,,0.0,0.0,no_entry,False,False,1,1,8badc3e7b306
2026-07-10,US.AAPL,SHORT,False,-1,-1,-1,-1,-1,-1,True,,,0.0,0.0,no_entry,False,False,1,1,8badc3e7b306
2026-07-10,US.AMD,LONG,False,-1,-1,-1,-1,-1,-1,True,,,0.0,0.0,no_entry,False,False,1,1,8badc3e7b306
2026-07-10,US.AMD,SHORT,False,-1,-1,-1,-1,-1,-1,True,,,0.0,0.0,no_entry,False,False,1,1,8badc3e7b306
2026-07-10,US.IWM,LONG,False,-1,-1,-1,-1,-1,-1,True,,,0.0,0.0,no_entry,False,False,1,1,8badc3e7b306
2026-07-10,US.IWM,SHORT,True,96,106,666,666,676,676,True,294.69,295.305,-0.6150000000000091,-0.0020869388170620283,structural,False,False,1,1,8badc3e7b306
2026-07-10,US.META,LONG,False,-1,-1,-1,-1,-1,-1,True,,,0.0,0.0,no_entry,False,False,1,1,8badc3e7b306
2026-07-10,US.META,SHORT,False,-1,-1,-1,-1,-1,-1,True,,,0.0,0.0,no_entry,False,False,1,1,8badc3e7b306
2026-07-10,US.MSFT,LONG,False,-1,-1,-1,-1,-1,-1,True,,,0.0,0.0,no_entry,False,False,1,1,8badc3e7b306
2026-07-10,US.MSFT,SHORT,False,-1,-1,-1,-1,-1,-1,True,,,0.0,0.0,no_entry,False,False,1,1,8badc3e7b306
2026-07-10,US.MU,LONG,False,-1,-1,-1,-1,-1,-1,True,,,0.0,0.0,no_entry,False,False,1,1,8badc3e7b306
2026-07-10,US.MU,SHORT,False,-1,-1,-1,-1,-1,-1,True,,,0.0,0.0,no_entry,False,False,1,1,8badc3e7b306
2026-07-10,US.NVDA,LONG,False,-1,-1,-1,-1,-1,-1,True,,,0.0,0.0,no_entry,False,False,1,1,8badc3e7b306
2026-07-10,US.NVDA,SHORT,False,-1,-1,-1,-1,-1,-1,True,,,0.0,0.0,no_entry,False,False,1,1,8badc3e7b306
2026-07-10,US.QQQ,LONG,False,-1,-1,-1,-1,-1,-1,True,,,0.0,0.0,no_entry,False,False,1,1,8badc3e7b306
2026-07-10,US.QQQ,SHORT,False,-1,-1,-1,-1,-1,-1,True,,,0.0,0.0,no_entry,False,False,1,1,8badc3e7b306
2026-07-10,US.SPY,LONG,True,184,224,754,754,794,794,True,753.58,753.55,-0.030000000000086402,-3.980997372553199e-05,failed_followthrough,False,False,1,1,8badc3e7b306
2026-07-10,US.SPY,SHORT,False,-1,-1,-1,-1,-1,-1,True,,,0.0,0.0,no_entry,False,False,1,1,8badc3e7b306
2026-07-10,US.TSLA,LONG,False,-1,-1,-1,-1,-1,-1,True,,,0.0,0.0,no_entry,False,False,1,1,8badc3e7b306
2026-07-10,US.TSLA,SHORT,False,-1,-1,-1,-1,-1,-1,True,,,0.0,0.0,no_entry,False,False,1,1,8badc3e7b306
2026-07-13,US.AAPL,LONG,False,-1,-1,-1,-1,-1,-1,True,,,0.0,0.0,no_entry,False,False,1,1,8badc3e7b306
2026-07-13,US.AAPL,SHORT,False,-1,-1,-1,-1,-1,-1,True,,,0.0,0.0,no_entry,False,False,1,1,8badc3e7b306
2026-07-13,US.AMD,LONG,False,-1,-1,-1,-1,-1,-1,True,,,0.0,0.0,no_entry,False,False,1,1,8badc3e7b306
2026-07-13,US.AMD,SHORT,False,-1,-1,-1,-1,-1,-1,True,,,0.0,0.0,no_entry,False,False,1,1,8badc3e7b306
2026-07-13,US.IWM,LONG,False,-1,-1,-1,-1,-1,-1,True,,,0.0,0.0,no_entry,False,False,1,1,8badc3e7b306
2026-07-13,US.IWM,SHORT,False,-1,-1,-1,-1,-1,-1,True,,,0.0,0.0,no_entry,False,False,1,1,8badc3e7b306
2026-07-13,US.META,LONG,False,-1,-1,-1,-1,-1,-1,True,,,0.0,0.0,no_entry,False,False,1,1,8badc3e7b306
2026-07-13,US.META,SHORT,False,-1,-1,-1,-1,-1,-1,True,,,0.0,0.0,no_entry,False,False,1,1,8badc3e7b306
2026-07-13,US.MSFT,LONG,False,-1,-1,-1,-1,-1,-1,True,,,0.0,0.0,no_entry,False,False,1,1,8badc3e7b306
2026-07-13,US.MSFT,SHORT,False,-1,-1,-1,-1,-1,-1,True,,,0.0,0.0,no_entry,False,False,1,1,8badc3e7b306
2026-07-13,US.MU,LONG,False,-1,-1,-1,-1,-1,-1,True,,,0.0,0.0,no_entry,False,False,1,1,8badc3e7b306
2026-07-13,US.MU,SHORT,False,-1,-1,-1,-1,-1,-1,True,,,0.0,0.0,no_entry,False,False,1,1,8badc3e7b306
2026-07-13,US.NVDA,LONG,False,-1,-1,-1,-1,-1,-1,True,,,0.0,0.0,no_entry,False,False,1,1,8badc3e7b306
2026-07-13,US.NVDA,SHORT,False,-1,-1,-1,-1,-1,-1,True,,,0.0,0.0,no_entry,False,False,1,1,8badc3e7b306
2026-07-13,US.QQQ,LONG,False,-1,-1,-1,-1,-1,-1,True,,,0.0,0.0,no_entry,False,False,1,1,8badc3e7b306
2026-07-13,US.QQQ,SHORT,False,-1,-1,-1,-1,-1,-1,True,,,0.0,0.0,no_entry,False,False,1,1,8badc3e7b306
2026-07-13,US.SPY,LONG,False,-1,-1,-1,-1,-1,-1,True,,,0.0,0.0,no_entry,False,False,1,1,8badc3e7b306
2026-07-13,US.SPY,SHORT,True,208,256,778,778,826,826,True,750.07,750.16,-0.08999999999991815,-0.00011998880104512664,failed_followthrough,False,False,1,1,8badc3e7b306
2026-07-13,US.TSLA,LONG,False,-1,-1,-1,-1,-1,-1,True,,,0.0,0.0,no_entry,False,False,1,1,8badc3e7b306
2026-07-13,US.TSLA,SHORT,False,-1,-1,-1,-1,-1,-1,True,,,0.0,0.0,no_entry,False,False,1,1,8badc3e7b306
2026-07-14,US.AAPL,LONG,False,-1,-1,-1,-1,-1,-1,True,,,0.0,0.0,no_entry,False,False,1,1,8badc3e7b306
2026-07-14,US.AAPL,SHORT,False,-1,-1,-1,-1,-1,-1,True,,,0.0,0.0,no_entry,False,False,1,1,8badc3e7b306
2026-07-14,US.AMD,LONG,False,-1,-1,-1,-1,-1,-1,True,,,0.0,0.0,no_entry,False,False,1,1,8badc3e7b306
2026-07-14,US.AMD,SHORT,False,-1,-1,-1,-1,-1,-1,True,,,0.0,0.0,no_entry,False,False,1,1,8badc3e7b306
2026-07-14,US.IWM,LONG,False,-1,-1,-1,-1,-1,-1,True,,,0.0,0.0,no_entry,False,False,1,1,8badc3e7b306
2026-07-14,US.IWM,SHORT,False,-1,-1,-1,-1,-1,-1,True,,,0.0,0.0,no_entry,False,False,1,1,8badc3e7b306
2026-07-14,US.META,LONG,False,-1,-1,-1,-1,-1,-1,True,,,0.0,0.0,no_entry,False,False,1,1,8badc3e7b306
2026-07-14,US.META,SHORT,False,-1,-1,-1,-1,-1,-1,True,,,0.0,0.0,no_entry,False,False,1,1,8badc3e7b306
2026-07-14,US.MSFT,LONG,False,-1,-1,-1,-1,-1,-1,True,,,0.0,0.0,no_entry,False,False,1,1,8badc3e7b306
2026-07-14,US.MSFT,SHORT,False,-1,-1,-1,-1,-1,-1,True,,,0.0,0.0,no_entry,False,False,1,1,8badc3e7b306
2026-07-14,US.MU,LONG,False,-1,-1,-1,-1,-1,-1,True,,,0.0,0.0,no_entry,False,False,1,1,8badc3e7b306
2026-07-14,US.MU,SHORT,False,-1,-1,-1,-1,-1,-1,True,,,0.0,0.0,no_entry,False,False,1,1,8badc3e7b306
2026-07-14,US.NVDA,LONG,False,-1,-1,-1,-1,-1,-1,True,,,0.0,0.0,no_entry,False,False,1,1,8badc3e7b306
2026-07-14,US.NVDA,SHORT,False,-1,-1,-1,-1,-1,-1,True,,,0.0,0.0,no_entry,False,False,1,1,8badc3e7b306
2026-07-14,US.QQQ,LONG,False,-1,-1,-1,-1,-1,-1,True,,,0.0,0.0,no_entry,False,False,1,1,8badc3e7b306
2026-07-14,US.QQQ,SHORT,False,-1,-1,-1,-1,-1,-1,True,,,0.0,0.0,no_entry,False,False,1,1,8badc3e7b306
2026-07-14,US.SPY,LONG,True,100,130,670,670,700,700,True,752.8,751.85,-0.9499999999999318,-0.0012619553666311529,failed_followthrough,False,False,1,1,8badc3e7b306
2026-07-14,US.SPY,SHORT,False,-1,-1,-1,-1,-1,-1,True,,,0.0,0.0,no_entry,False,False,1,1,8badc3e7b306
2026-07-14,US.TSLA,LONG,False,-1,-1,-1,-1,-1,-1,True,,,0.0,0.0,no_entry,False,False,1,1,8badc3e7b306
2026-07-14,US.TSLA,SHORT,False,-1,-1,-1,-1,-1,-1,True,,,0.0,0.0,no_entry,False,False,1,1,8badc3e7b306
2026-07-15,US.AAPL,LONG,False,-1,-1,-1,-1,-1,-1,True,,,0.0,0.0,no_entry,False,False,1,1,8badc3e7b306
2026-07-15,US.AAPL,SHORT,False,-1,-1,-1,-1,-1,-1,True,,,0.0,0.0,no_entry,False,False,1,1,8badc3e7b306
2026-07-15,US.AMD,LONG,False,-1,-1,-1,-1,-1,-1,True,,,0.0,0.0,no_entry,False,False,1,1,8badc3e7b306
2026-07-15,US.AMD,SHORT,False,-1,-1,-1,-1,-1,-1,True,,,0.0,0.0,no_entry,False,False,1,1,8badc3e7b306
2026-07-15,US.IWM,LONG,True,94,106,664,664,676,676,True,296.53,296.07,-0.45999999999997954,-0.0015512764307152045,structural,False,False,1,1,8badc3e7b306
2026-07-15,US.IWM,SHORT,False,-1,-1,-1,-1,-1,-1,True,,,0.0,0.0,no_entry,False,False,1,1,8badc3e7b306
2026-07-15,US.META,LONG,False,-1,-1,-1,-1,-1,-1,True,,,0.0,0.0,no_entry,False,False,1,1,8badc3e7b306
2026-07-15,US.META,SHORT,False,-1,-1,-1,-1,-1,-1,True,,,0.0,0.0,no_entry,False,False,1,1,8badc3e7b306
2026-07-15,US.MSFT,LONG,False,-1,-1,-1,-1,-1,-1,True,,,0.0,0.0,no_entry,False,False,1,1,8badc3e7b306
2026-07-15,US.MSFT,SHORT,False,-1,-1,-1,-1,-1,-1,True,,,0.0,0.0,no_entry,False,False,1,1,8badc3e7b306
2026-07-15,US.MU,LONG,False,-1,-1,-1,-1,-1,-1,True,,,0.0,0.0,no_entry,False,False,1,1,8badc3e7b306
2026-07-15,US.MU,SHORT,False,-1,-1,-1,-1,-1,-1,True,,,0.0,0.0,no_entry,False,False,1,1,8badc3e7b306
2026-07-15,US.NVDA,LONG,False,-1,-1,-1,-1,-1,-1,True,,,0.0,0.0,no_entry,False,False,1,1,8badc3e7b306
2026-07-15,US.NVDA,SHORT,False,-1,-1,-1,-1,-1,-1,True,,,0.0,0.0,no_entry,False,False,1,1,8badc3e7b306
2026-07-15,US.QQQ,LONG,False,-1,-1,-1,-1,-1,-1,True,,,0.0,0.0,no_entry,False,False,1,1,8badc3e7b306
2026-07-15,US.QQQ,SHORT,False,-1,-1,-1,-1,-1,-1,True,,,0.0,0.0,no_entry,False,False,1,1,8badc3e7b306
2026-07-15,US.SPY,LONG,False,-1,-1,-1,-1,-1,-1,True,,,0.0,0.0,no_entry,False,False,1,1,8badc3e7b306
2026-07-15,US.SPY,SHORT,True,144,197,714,714,767,767,True,752.67,751.54,1.1299999999999955,0.0015013219604873259,structural,False,False,1,1,8badc3e7b306
2026-07-15,US.TSLA,LONG,False,-1,-1,-1,-1,-1,-1,True,,,0.0,0.0,no_entry,False,False,1,1,8badc3e7b306
2026-07-15,US.TSLA,SHORT,False,-1,-1,-1,-1,-1,-1,True,,,0.0,0.0,no_entry,False,False,1,1,8badc3e7b306
2026-07-16,US.AAPL,LONG,False,-1,-1,-1,-1,-1,-1,True,,,0.0,0.0,no_entry,False,False,1,1,8badc3e7b306
2026-07-16,US.AAPL,SHORT,False,-1,-1,-1,-1,-1,-1,True,,,0.0,0.0,no_entry,False,False,1,1,8badc3e7b306
2026-07-16,US.AMD,LONG,False,-1,-1,-1,-1,-1,-1,True,,,0.0,0.0,no_entry,False,False,1,1,8badc3e7b306
2026-07-16,US.AMD,SHORT,True,156,375,726,726,-1,945,True,503.3,496.97,6.329999999999984,0.012576991853765119,scheduled_flatten,True,False,1,1,8badc3e7b306
2026-07-16,US.IWM,LONG,False,-1,-1,-1,-1,-1,-1,True,,,0.0,0.0,no_entry,False,False,1,1,8badc3e7b306
2026-07-16,US.IWM,SHORT,False,-1,-1,-1,-1,-1,-1,True,,,0.0,0.0,no_entry,False,False,1,1,8badc3e7b306
2026-07-16,US.META,LONG,False,-1,-1,-1,-1,-1,-1,True,,,0.0,0.0,no_entry,False,False,1,1,8badc3e7b306
2026-07-16,US.META,SHORT,False,-1,-1,-1,-1,-1,-1,True,,,0.0,0.0,no_entry,False,False,1,1,8badc3e7b306
2026-07-16,US.MSFT,LONG,False,-1,-1,-1,-1,-1,-1,True,,,0.0,0.0,no_entry,False,False,1,1,8badc3e7b306
2026-07-16,US.MSFT,SHORT,False,-1,-1,-1,-1,-1,-1,True,,,0.0,0.0,no_entry,False,False,1,1,8badc3e7b306
2026-07-16,US.MU,LONG,False,-1,-1,-1,-1,-1,-1,True,,,0.0,0.0,no_entry,False,False,1,1,8badc3e7b306
2026-07-16,US.MU,SHORT,True,138,170,708,708,740,740,True,848.87,849.83,-0.9600000000000364,-0.0011309152166998908,failed_followthrough,False,False,1,1,8badc3e7b306
2026-07-16,US.NVDA,LONG,False,-1,-1,-1,-1,-1,-1,True,,,0.0,0.0,no_entry,False,False,1,1,8badc3e7b306
2026-07-16,US.NVDA,SHORT,True,115,122,685,685,692,692,True,206.429012191,207.088274496,-0.6592623049999986,-0.00319365140588868,structural,False,False,1,1,8badc3e7b306
2026-07-16,US.QQQ,LONG,False,-1,-1,-1,-1,-1,-1,True,,,0.0,0.0,no_entry,False,False,1,1,8badc3e7b306
2026-07-16,US.QQQ,SHORT,False,-1,-1,-1,-1,-1,-1,True,,,0.0,0.0,no_entry,False,False,1,1,8badc3e7b306
2026-07-16,US.SPY,LONG,False,-1,-1,-1,-1,-1,-1,True,,,0.0,0.0,no_entry,False,False,1,1,8badc3e7b306
2026-07-16,US.SPY,SHORT,False,-1,-1,-1,-1,-1,-1,True,,,0.0,0.0,no_entry,False,False,1,1,8badc3e7b306
2026-07-16,US.TSLA,LONG,False,-1,-1,-1,-1,-1,-1,True,,,0.0,0.0,no_entry,False,False,1,1,8badc3e7b306
2026-07-16,US.TSLA,SHORT,False,-1,-1,-1,-1,-1,-1,True,,,0.0,0.0,no_entry,False,False,1,1,8badc3e7b306
2026-07-17,US.AAPL,LONG,False,-1,-1,-1,-1,-1,-1,True,,,0.0,0.0,no_entry,False,False,1,1,8badc3e7b306
2026-07-17,US.AAPL,SHORT,False,-1,-1,-1,-1,-1,-1,True,,,0.0,0.0,no_entry,False,False,1,1,8badc3e7b306
2026-07-17,US.AMD,LONG,False,-1,-1,-1,-1,-1,-1,True,,,0.0,0.0,no_entry,False,False,1,1,8badc3e7b306
2026-07-17,US.AMD,SHORT,False,-1,-1,-1,-1,-1,-1,True,,,0.0,0.0,no_entry,False,False,1,1,8badc3e7b306
2026-07-17,US.IWM,LONG,False,-1,-1,-1,-1,-1,-1,True,,,0.0,0.0,no_entry,False,False,1,1,8badc3e7b306
2026-07-17,US.IWM,SHORT,False,-1,-1,-1,-1,-1,-1,True,,,0.0,0.0,no_entry,False,False,1,1,8badc3e7b306
2026-07-17,US.META,LONG,False,-1,-1,-1,-1,-1,-1,True,,,0.0,0.0,no_entry,False,False,1,1,8badc3e7b306
2026-07-17,US.META,SHORT,False,-1,-1,-1,-1,-1,-1,True,,,0.0,0.0,no_entry,False,False,1,1,8badc3e7b306
2026-07-17,US.MSFT,LONG,False,-1,-1,-1,-1,-1,-1,True,,,0.0,0.0,no_entry,False,False,1,1,8badc3e7b306
2026-07-17,US.MSFT,SHORT,False,-1,-1,-1,-1,-1,-1,True,,,0.0,0.0,no_entry,False,False,1,1,8badc3e7b306
2026-07-17,US.MU,LONG,False,-1,-1,-1,-1,-1,-1,True,,,0.0,0.0,no_entry,False,False,1,1,8badc3e7b306
2026-07-17,US.MU,SHORT,False,-1,-1,-1,-1,-1,-1,True,,,0.0,0.0,no_entry,False,False,1,1,8badc3e7b306
2026-07-17,US.NVDA,LONG,False,-1,-1,-1,-1,-1,-1,True,,,0.0,0.0,no_entry,False,False,1,1,8badc3e7b306
2026-07-17,US.NVDA,SHORT,False,-1,-1,-1,-1,-1,-1,True,,,0.0,0.0,no_entry,False,False,1,1,8badc3e7b306
2026-07-17,US.QQQ,LONG,False,-1,-1,-1,-1,-1,-1,True,,,0.0,0.0,no_entry,False,False,1,1,8badc3e7b306
2026-07-17,US.QQQ,SHORT,False,-1,-1,-1,-1,-1,-1,True,,,0.0,0.0,no_entry,False,False,1,1,8badc3e7b306
2026-07-17,US.SPY,LONG,False,-1,-1,-1,-1,-1,-1,True,,,0.0,0.0,no_entry,False,False,1,1,8badc3e7b306
2026-07-17,US.SPY,SHORT,False,-1,-1,-1,-1,-1,-1,True,,,0.0,0.0,no_entry,False,False,1,1,8badc3e7b306
2026-07-17,US.TSLA,LONG,False,-1,-1,-1,-1,-1,-1,True,,,0.0,0.0,no_entry,False,False,1,1,8badc3e7b306
2026-07-17,US.TSLA,SHORT,False,-1,-1,-1,-1,-1,-1,True,,,0.0,0.0,no_entry,False,False,1,1,8badc3e7b306
2026-07-20,US.AAPL,LONG,False,-1,-1,-1,-1,-1,-1,True,,,0.0,0.0,no_entry,False,False,1,1,8badc3e7b306
2026-07-20,US.AAPL,SHORT,False,-1,-1,-1,-1,-1,-1,True,,,0.0,0.0,no_entry,False,False,1,1,8badc3e7b306
2026-07-20,US.AMD,LONG,False,-1,-1,-1,-1,-1,-1,True,,,0.0,0.0,no_entry,False,False,1,1,8badc3e7b306
2026-07-20,US.AMD,SHORT,False,-1,-1,-1,-1,-1,-1,True,,,0.0,0.0,no_entry,False,False,1,1,8badc3e7b306
2026-07-20,US.IWM,LONG,False,-1,-1,-1,-1,-1,-1,True,,,0.0,0.0,no_entry,False,False,1,1,8badc3e7b306
2026-07-20,US.IWM,SHORT,False,-1,-1,-1,-1,-1,-1,True,,,0.0,0.0,no_entry,False,False,1,1,8badc3e7b306
2026-07-20,US.META,LONG,True,141,227,711,711,797,797,True,647.37,648.83,1.4600000000000364,0.0022552790521649696,structural,False,False,1,1,8badc3e7b306
2026-07-20,US.META,SHORT,False,-1,-1,-1,-1,-1,-1,True,,,0.0,0.0,no_entry,False,False,1,1,8badc3e7b306
2026-07-20,US.MSFT,LONG,False,-1,-1,-1,-1,-1,-1,True,,,0.0,0.0,no_entry,False,False,1,1,8badc3e7b306
2026-07-20,US.MSFT,SHORT,False,-1,-1,-1,-1,-1,-1,True,,,0.0,0.0,no_entry,False,False,1,1,8badc3e7b306
2026-07-20,US.MU,LONG,False,-1,-1,-1,-1,-1,-1,True,,,0.0,0.0,no_entry,False,False,1,1,8badc3e7b306
2026-07-20,US.MU,SHORT,False,-1,-1,-1,-1,-1,-1,True,,,0.0,0.0,no_entry,False,False,1,1,8badc3e7b306
2026-07-20,US.NVDA,LONG,False,-1,-1,-1,-1,-1,-1,True,,,0.0,0.0,no_entry,False,False,1,1,8badc3e7b306
2026-07-20,US.NVDA,SHORT,False,-1,-1,-1,-1,-1,-1,True,,,0.0,0.0,no_entry,False,False,1,1,8badc3e7b306
2026-07-20,US.QQQ,LONG,False,-1,-1,-1,-1,-1,-1,True,,,0.0,0.0,no_entry,False,False,1,1,8badc3e7b306
2026-07-20,US.QQQ,SHORT,False,-1,-1,-1,-1,-1,-1,True,,,0.0,0.0,no_entry,False,False,1,1,8badc3e7b306
2026-07-20,US.SPY,LONG,False,-1,-1,-1,-1,-1,-1,True,,,0.0,0.0,no_entry,False,False,1,1,8badc3e7b306
2026-07-20,US.SPY,SHORT,False,-1,-1,-1,-1,-1,-1,True,,,0.0,0.0,no_entry,False,False,1,1,8badc3e7b306
2026-07-20,US.TSLA,LONG,False,-1,-1,-1,-1,-1,-1,True,,,0.0,0.0,no_entry,False,False,1,1,8badc3e7b306
2026-07-20,US.TSLA,SHORT,False,-1,-1,-1,-1,-1,-1,True,,,0.0,0.0,no_entry,False,False,1,1,8badc3e7b306
2026-07-21,US.AAPL,LONG,False,-1,-1,-1,-1,-1,-1,True,,,0.0,0.0,no_entry,False,False,1,1,8badc3e7b306
2026-07-21,US.AAPL,SHORT,False,-1,-1,-1,-1,-1,-1,True,,,0.0,0.0,no_entry,False,False,1,1,8badc3e7b306
2026-07-21,US.AMD,LONG,True,174,375,744,744,-1,945,True,537.1205,541.81,4.689499999999953,0.008730815524635446,scheduled_flatten,True,False,1,1,8badc3e7b306
2026-07-21,US.AMD,SHORT,False,-1,-1,-1,-1,-1,-1,True,,,0.0,0.0,no_entry,False,False,1,1,8badc3e7b306
2026-07-21,US.IWM,LONG,False,-1,-1,-1,-1,-1,-1,True,,,0.0,0.0,no_entry,False,False,1,1,8badc3e7b306
2026-07-21,US.IWM,SHORT,False,-1,-1,-1,-1,-1,-1,True,,,0.0,0.0,no_entry,False,False,1,1,8badc3e7b306
2026-07-21,US.META,LONG,False,-1,-1,-1,-1,-1,-1,True,,,0.0,0.0,no_entry,False,False,1,1,8badc3e7b306
2026-07-21,US.META,SHORT,False,-1,-1,-1,-1,-1,-1,True,,,0.0,0.0,no_entry,False,False,1,1,8badc3e7b306
2026-07-21,US.MSFT,LONG,False,-1,-1,-1,-1,-1,-1,True,,,0.0,0.0,no_entry,False,False,1,1,8badc3e7b306
2026-07-21,US.MSFT,SHORT,False,-1,-1,-1,-1,-1,-1,True,,,0.0,0.0,no_entry,False,False,1,1,8badc3e7b306
2026-07-21,US.MU,LONG,True,93,375,663,663,-1,945,True,947.51,972.58,25.07000000000005,0.02645882365357627,scheduled_flatten,True,False,1,1,8badc3e7b306
2026-07-21,US.MU,SHORT,False,-1,-1,-1,-1,-1,-1,True,,,0.0,0.0,no_entry,False,False,1,1,8badc3e7b306
2026-07-21,US.NVDA,LONG,False,-1,-1,-1,-1,-1,-1,True,,,0.0,0.0,no_entry,False,False,1,1,8badc3e7b306
2026-07-21,US.NVDA,SHORT,False,-1,-1,-1,-1,-1,-1,True,,,0.0,0.0,no_entry,False,False,1,1,8badc3e7b306
2026-07-21,US.QQQ,LONG,True,100,131,670,670,701,701,True,707.87,707.805,-0.06500000000005457,-9.182477008497968e-05,failed_followthrough,False,False,1,1,8badc3e7b306
2026-07-21,US.QQQ,SHORT,False,-1,-1,-1,-1,-1,-1,True,,,0.0,0.0,no_entry,False,False,1,1,8badc3e7b306
2026-07-21,US.SPY,LONG,False,-1,-1,-1,-1,-1,-1,True,,,0.0,0.0,no_entry,False,False,1,1,8badc3e7b306
2026-07-21,US.SPY,SHORT,False,-1,-1,-1,-1,-1,-1,True,,,0.0,0.0,no_entry,False,False,1,1,8badc3e7b306
2026-07-21,US.TSLA,LONG,False,-1,-1,-1,-1,-1,-1,True,,,0.0,0.0,no_entry,False,False,1,1,8badc3e7b306
2026-07-21,US.TSLA,SHORT,False,-1,-1,-1,-1,-1,-1,True,,,0.0,0.0,no_entry,False,False,1,1,8badc3e7b306
2026-07-22,US.AAPL,LONG,False,-1,-1,-1,-1,-1,-1,True,,,0.0,0.0,no_entry,False,False,1,1,8badc3e7b306
2026-07-22,US.AAPL,SHORT,True,186,216,756,756,786,786,True,323.630882866,323.720805312,-0.08992244600000276,-0.0002778549599583033,failed_followthrough,False,False,1,1,8badc3e7b306
2026-07-22,US.AMD,LONG,True,129,191,699,699,761,761,True,555.08,554.55,-0.5300000000000864,-0.000954817323629182,failed_followthrough,False,False,1,1,8badc3e7b306
2026-07-22,US.AMD,SHORT,False,-1,-1,-1,-1,-1,-1,True,,,0.0,0.0,no_entry,False,False,1,1,8badc3e7b306
2026-07-22,US.IWM,LONG,False,-1,-1,-1,-1,-1,-1,True,,,0.0,0.0,no_entry,False,False,1,1,8badc3e7b306
2026-07-22,US.IWM,SHORT,True,93,116,663,663,686,686,True,294.44,295.1,-0.660000000000025,-0.002241543268577724,structural,False,False,1,1,8badc3e7b306
2026-07-22,US.META,LONG,False,-1,-1,-1,-1,-1,-1,True,,,0.0,0.0,no_entry,False,False,1,1,8badc3e7b306
2026-07-22,US.META,SHORT,False,-1,-1,-1,-1,-1,-1,True,,,0.0,0.0,no_entry,False,False,1,1,8badc3e7b306
2026-07-22,US.MSFT,LONG,False,-1,-1,-1,-1,-1,-1,True,,,0.0,0.0,no_entry,False,False,1,1,8badc3e7b306
2026-07-22,US.MSFT,SHORT,True,189,219,759,759,789,789,True,388.034525338,388.149309257,-0.11478391900004681,-0.00029580852090432813,failed_followthrough,False,False,1,1,8badc3e7b306
2026-07-22,US.MU,LONG,False,-1,-1,-1,-1,-1,-1,True,,,0.0,0.0,no_entry,False,False,1,1,8badc3e7b306
2026-07-22,US.MU,SHORT,False,-1,-1,-1,-1,-1,-1,True,,,0.0,0.0,no_entry,False,False,1,1,8badc3e7b306
2026-07-22,US.NVDA,LONG,False,-1,-1,-1,-1,-1,-1,True,,,0.0,0.0,no_entry,False,False,1,1,8badc3e7b306
2026-07-22,US.NVDA,SHORT,False,-1,-1,-1,-1,-1,-1,True,,,0.0,0.0,no_entry,False,False,1,1,8badc3e7b306
2026-07-22,US.QQQ,LONG,True,145,188,715,715,758,758,True,708.77,708.74,-0.029999999999972715,-4.232684791959693e-05,failed_followthrough,False,False,1,1,8badc3e7b306
2026-07-22,US.QQQ,SHORT,False,-1,-1,-1,-1,-1,-1,True,,,0.0,0.0,no_entry,False,False,1,1,8badc3e7b306
2026-07-22,US.SPY,LONG,False,-1,-1,-1,-1,-1,-1,True,,,0.0,0.0,no_entry,False,False,1,1,8badc3e7b306
2026-07-22,US.SPY,SHORT,False,-1,-1,-1,-1,-1,-1,True,,,0.0,0.0,no_entry,False,False,1,1,8badc3e7b306
2026-07-22,US.TSLA,LONG,False,-1,-1,-1,-1,-1,-1,True,,,0.0,0.0,no_entry,False,False,1,1,8badc3e7b306
2026-07-22,US.TSLA,SHORT,False,-1,-1,-1,-1,-1,-1,True,,,0.0,0.0,no_entry,False,False,1,1,8badc3e7b306
2026-07-23,US.AAPL,LONG,False,-1,-1,-1,-1,-1,-1,True,,,0.0,0.0,no_entry,False,False,1,1,8badc3e7b306
2026-07-23,US.AAPL,SHORT,False,-1,-1,-1,-1,-1,-1,True,,,0.0,0.0,no_entry,False,False,1,1,8badc3e7b306
2026-07-23,US.AMD,LONG,False,-1,-1,-1,-1,-1,-1,True,,,0.0,0.0,no_entry,False,False,1,1,8badc3e7b306
2026-07-23,US.AMD,SHORT,False,-1,-1,-1,-1,-1,-1,True,,,0.0,0.0,no_entry,False,False,1,1,8badc3e7b306
2026-07-23,US.IWM,LONG,False,-1,-1,-1,-1,-1,-1,True,,,0.0,0.0,no_entry,False,False,1,1,8badc3e7b306
2026-07-23,US.IWM,SHORT,False,-1,-1,-1,-1,-1,-1,True,,,0.0,0.0,no_entry,False,False,1,1,8badc3e7b306
2026-07-23,US.META,LONG,False,-1,-1,-1,-1,-1,-1,True,,,0.0,0.0,no_entry,False,False,1,1,8badc3e7b306
2026-07-23,US.META,SHORT,False,-1,-1,-1,-1,-1,-1,True,,,0.0,0.0,no_entry,False,False,1,1,8badc3e7b306
2026-07-23,US.MSFT,LONG,False,-1,-1,-1,-1,-1,-1,True,,,0.0,0.0,no_entry,False,False,1,1,8badc3e7b306
2026-07-23,US.MSFT,SHORT,False,-1,-1,-1,-1,-1,-1,True,,,0.0,0.0,no_entry,False,False,1,1,8badc3e7b306
2026-07-23,US.MU,LONG,False,-1,-1,-1,-1,-1,-1,True,,,0.0,0.0,no_entry,False,False,1,1,8badc3e7b306
2026-07-23,US.MU,SHORT,False,-1,-1,-1,-1,-1,-1,True,,,0.0,0.0,no_entry,False,False,1,1,8badc3e7b306
2026-07-23,US.NVDA,LONG,False,-1,-1,-1,-1,-1,-1,True,,,0.0,0.0,no_entry,False,False,1,1,8badc3e7b306
2026-07-23,US.NVDA,SHORT,False,-1,-1,-1,-1,-1,-1,True,,,0.0,0.0,no_entry,False,False,1,1,8badc3e7b306
2026-07-23,US.QQQ,LONG,False,-1,-1,-1,-1,-1,-1,True,,,0.0,0.0,no_entry,False,False,1,1,8badc3e7b306
2026-07-23,US.QQQ,SHORT,False,-1,-1,-1,-1,-1,-1,True,,,0.0,0.0,no_entry,False,False,1,1,8badc3e7b306
2026-07-23,US.SPY,LONG,False,-1,-1,-1,-1,-1,-1,True,,,0.0,0.0,no_entry,False,False,1,1,8badc3e7b306
2026-07-23,US.SPY,SHORT,False,-1,-1,-1,-1,-1,-1,True,,,0.0,0.0,no_entry,False,False,1,1,8badc3e7b306
2026-07-23,US.TSLA,LONG,False,-1,-1,-1,-1,-1,-1,True,,,0.0,0.0,no_entry,False,False,1,1,8badc3e7b306
2026-07-23,US.TSLA,SHORT,False,-1,-1,-1,-1,-1,-1,True,,,0.0,0.0,no_entry,False,False,1,1,8badc3e7b306
2026-07-24,US.AAPL,LONG,False,-1,-1,-1,-1,-1,-1,True,,,0.0,0.0,no_entry,False,False,1,1,8badc3e7b306
2026-07-24,US.AAPL,SHORT,False,-1,-1,-1,-1,-1,-1,True,,,0.0,0.0,no_entry,False,False,1,1,8badc3e7b306
2026-07-24,US.AMD,LONG,False,-1,-1,-1,-1,-1,-1,True,,,0.0,0.0,no_entry,False,False,1,1,8badc3e7b306
2026-07-24,US.AMD,SHORT,False,-1,-1,-1,-1,-1,-1,True,,,0.0,0.0,no_entry,False,False,1,1,8badc3e7b306
2026-07-24,US.IWM,LONG,False,-1,-1,-1,-1,-1,-1,True,,,0.0,0.0,no_entry,False,False,1,1,8badc3e7b306
2026-07-24,US.IWM,SHORT,False,-1,-1,-1,-1,-1,-1,True,,,0.0,0.0,no_entry,False,False,1,1,8badc3e7b306
2026-07-24,US.META,LONG,False,-1,-1,-1,-1,-1,-1,True,,,0.0,0.0,no_entry,False,False,1,1,8badc3e7b306
2026-07-24,US.META,SHORT,False,-1,-1,-1,-1,-1,-1,True,,,0.0,0.0,no_entry,False,False,1,1,8badc3e7b306
2026-07-24,US.MSFT,LONG,False,-1,-1,-1,-1,-1,-1,True,,,0.0,0.0,no_entry,False,False,1,1,8badc3e7b306
2026-07-24,US.MSFT,SHORT,False,-1,-1,-1,-1,-1,-1,True,,,0.0,0.0,no_entry,False,False,1,1,8badc3e7b306
2026-07-24,US.MU,LONG,False,-1,-1,-1,-1,-1,-1,True,,,0.0,0.0,no_entry,False,False,1,1,8badc3e7b306
2026-07-24,US.MU,SHORT,False,-1,-1,-1,-1,-1,-1,True,,,0.0,0.0,no_entry,False,False,1,1,8badc3e7b306
2026-07-24,US.NVDA,LONG,True,120,282,690,690,852,852,True,208.976162008,209.016117299,0.039955291000012494,0.00019119544839991335,trailing,False,False,1,1,8badc3e7b306
2026-07-24,US.NVDA,SHORT,False,-1,-1,-1,-1,-1,-1,True,,,0.0,0.0,no_entry,False,False,1,1,8badc3e7b306
2026-07-24,US.QQQ,LONG,False,-1,-1,-1,-1,-1,-1,True,,,0.0,0.0,no_entry,False,False,1,1,8badc3e7b306
2026-07-24,US.QQQ,SHORT,False,-1,-1,-1,-1,-1,-1,True,,,0.0,0.0,no_entry,False,False,1,1,8badc3e7b306
2026-07-24,US.SPY,LONG,False,-1,-1,-1,-1,-1,-1,True,,,0.0,0.0,no_entry,False,False,1,1,8badc3e7b306
2026-07-24,US.SPY,SHORT,False,-1,-1,-1,-1,-1,-1,True,,,0.0,0.0,no_entry,False,False,1,1,8badc3e7b306
2026-07-24,US.TSLA,LONG,False,-1,-1,-1,-1,-1,-1,True,,,0.0,0.0,no_entry,False,False,1,1,8badc3e7b306
2026-07-24,US.TSLA,SHORT,True,80,375,650,650,-1,945,True,311.615,310.78,0.8350000000000364,0.0026795885949008756,scheduled_flatten,True,False,1,1,8badc3e7b306
2026-07-27,US.AAPL,LONG,False,-1,-1,-1,-1,-1,-1,True,,,0.0,0.0,no_entry,False,False,1,1,8badc3e7b306
2026-07-27,US.AAPL,SHORT,False,-1,-1,-1,-1,-1,-1,True,,,0.0,0.0,no_entry,False,False,1,1,8badc3e7b306
2026-07-27,US.AMD,LONG,False,-1,-1,-1,-1,-1,-1,True,,,0.0,0.0,no_entry,False,False,1,1,8badc3e7b306
2026-07-27,US.AMD,SHORT,False,-1,-1,-1,-1,-1,-1,True,,,0.0,0.0,no_entry,False,False,1,1,8badc3e7b306
2026-07-27,US.IWM,LONG,False,-1,-1,-1,-1,-1,-1,True,,,0.0,0.0,no_entry,False,False,1,1,8badc3e7b306
2026-07-27,US.IWM,SHORT,False,-1,-1,-1,-1,-1,-1,True,,,0.0,0.0,no_entry,False,False,1,1,8badc3e7b306
2026-07-27,US.META,LONG,False,-1,-1,-1,-1,-1,-1,True,,,0.0,0.0,no_entry,False,False,1,1,8badc3e7b306
2026-07-27,US.META,SHORT,False,-1,-1,-1,-1,-1,-1,True,,,0.0,0.0,no_entry,False,False,1,1,8badc3e7b306
2026-07-27,US.MSFT,LONG,False,-1,-1,-1,-1,-1,-1,True,,,0.0,0.0,no_entry,False,False,1,1,8badc3e7b306
2026-07-27,US.MSFT,SHORT,False,-1,-1,-1,-1,-1,-1,True,,,0.0,0.0,no_entry,False,False,1,1,8badc3e7b306
2026-07-27,US.MU,LONG,False,-1,-1,-1,-1,-1,-1,True,,,0.0,0.0,no_entry,False,False,1,1,8badc3e7b306
2026-07-27,US.MU,SHORT,False,-1,-1,-1,-1,-1,-1,True,,,0.0,0.0,no_entry,False,False,1,1,8badc3e7b306
2026-07-27,US.NVDA,LONG,False,-1,-1,-1,-1,-1,-1,True,,,0.0,0.0,no_entry,False,False,1,1,8badc3e7b306
2026-07-27,US.NVDA,SHORT,False,-1,-1,-1,-1,-1,-1,True,,,0.0,0.0,no_entry,False,False,1,1,8badc3e7b306
2026-07-27,US.QQQ,LONG,False,-1,-1,-1,-1,-1,-1,True,,,0.0,0.0,no_entry,False,False,1,1,8badc3e7b306
2026-07-27,US.QQQ,SHORT,False,-1,-1,-1,-1,-1,-1,True,,,0.0,0.0,no_entry,False,False,1,1,8badc3e7b306
2026-07-27,US.SPY,LONG,False,-1,-1,-1,-1,-1,-1,True,,,0.0,0.0,no_entry,False,False,1,1,8badc3e7b306
2026-07-27,US.SPY,SHORT,False,-1,-1,-1,-1,-1,-1,True,,,0.0,0.0,no_entry,False,False,1,1,8badc3e7b306
2026-07-27,US.TSLA,LONG,False,-1,-1,-1,-1,-1,-1,True,,,0.0,0.0,no_entry,False,False,1,1,8badc3e7b306
2026-07-27,US.TSLA,SHORT,False,-1,-1,-1,-1,-1,-1,True,,,0.0,0.0,no_entry,False,False,1,1,8badc3e7b306
2026-07-28,US.AAPL,LONG,False,-1,-1,-1,-1,-1,-1,True,,,0.0,0.0,no_entry,False,False,1,1,8badc3e7b306
2026-07-28,US.AAPL,SHORT,False,-1,-1,-1,-1,-1,-1,True,,,0.0,0.0,no_entry,False,False,1,1,8badc3e7b306
2026-07-28,US.AMD,LONG,False,-1,-1,-1,-1,-1,-1,True,,,0.0,0.0,no_entry,False,False,1,1,8badc3e7b306
2026-07-28,US.AMD,SHORT,False,-1,-1,-1,-1,-1,-1,True,,,0.0,0.0,no_entry,False,False,1,1,8badc3e7b306
2026-07-28,US.IWM,LONG,False,-1,-1,-1,-1,-1,-1,True,,,0.0,0.0,no_entry,False,False,1,1,8badc3e7b306
2026-07-28,US.IWM,SHORT,False,-1,-1,-1,-1,-1,-1,True,,,0.0,0.0,no_entry,False,False,1,1,8badc3e7b306
2026-07-28,US.META,LONG,False,-1,-1,-1,-1,-1,-1,True,,,0.0,0.0,no_entry,False,False,1,1,8badc3e7b306
2026-07-28,US.META,SHORT,True,90,107,660,660,677,677,True,589.54,593.22,-3.6800000000000637,-0.006242154900430953,structural,False,False,1,1,8badc3e7b306
2026-07-28,US.MSFT,LONG,False,-1,-1,-1,-1,-1,-1,True,,,0.0,0.0,no_entry,False,False,1,1,8badc3e7b306
2026-07-28,US.MSFT,SHORT,False,-1,-1,-1,-1,-1,-1,True,,,0.0,0.0,no_entry,False,False,1,1,8badc3e7b306
2026-07-28,US.MU,LONG,False,-1,-1,-1,-1,-1,-1,True,,,0.0,0.0,no_entry,False,False,1,1,8badc3e7b306
2026-07-28,US.MU,SHORT,False,-1,-1,-1,-1,-1,-1,True,,,0.0,0.0,no_entry,False,False,1,1,8badc3e7b306
2026-07-28,US.NVDA,LONG,False,-1,-1,-1,-1,-1,-1,True,,,0.0,0.0,no_entry,False,False,1,1,8badc3e7b306
2026-07-28,US.NVDA,SHORT,False,-1,-1,-1,-1,-1,-1,True,,,0.0,0.0,no_entry,False,False,1,1,8badc3e7b306
2026-07-28,US.QQQ,LONG,False,-1,-1,-1,-1,-1,-1,True,,,0.0,0.0,no_entry,False,False,1,1,8badc3e7b306
2026-07-28,US.QQQ,SHORT,False,-1,-1,-1,-1,-1,-1,True,,,0.0,0.0,no_entry,False,False,1,1,8badc3e7b306
2026-07-28,US.SPY,LONG,False,-1,-1,-1,-1,-1,-1,True,,,0.0,0.0,no_entry,False,False,1,1,8badc3e7b306
2026-07-28,US.SPY,SHORT,False,-1,-1,-1,-1,-1,-1,True,,,0.0,0.0,no_entry,False,False,1,1,8badc3e7b306
2026-07-28,US.TSLA,LONG,True,142,375,712,712,-1,945,True,307.75,305.615,-2.134999999999991,-0.00693744922826967,scheduled_flatten,True,False,1,1,8badc3e7b306
2026-07-28,US.TSLA,SHORT,False,-1,-1,-1,-1,-1,-1,True,,,0.0,0.0,no_entry,False,False,1,1,8badc3e7b306
2026-07-29,US.AAPL,LONG,False,-1,-1,-1,-1,-1,-1,True,,,0.0,0.0,no_entry,False,False,1,1,8badc3e7b306
2026-07-29,US.AAPL,SHORT,False,-1,-1,-1,-1,-1,-1,True,,,0.0,0.0,no_entry,False,False,1,1,8badc3e7b306
2026-07-29,US.AMD,LONG,False,-1,-1,-1,-1,-1,-1,True,,,0.0,0.0,no_entry,False,False,1,1,8badc3e7b306
2026-07-29,US.AMD,SHORT,False,-1,-1,-1,-1,-1,-1,True,,,0.0,0.0,no_entry,False,False,1,1,8badc3e7b306
2026-07-29,US.IWM,LONG,False,-1,-1,-1,-1,-1,-1,True,,,0.0,0.0,no_entry,False,False,1,1,8badc3e7b306
2026-07-29,US.IWM,SHORT,False,-1,-1,-1,-1,-1,-1,True,,,0.0,0.0,no_entry,False,False,1,1,8badc3e7b306
2026-07-29,US.META,LONG,False,-1,-1,-1,-1,-1,-1,True,,,0.0,0.0,no_entry,False,False,1,1,8badc3e7b306
2026-07-29,US.META,SHORT,False,-1,-1,-1,-1,-1,-1,True,,,0.0,0.0,no_entry,False,False,1,1,8badc3e7b306
2026-07-29,US.MSFT,LONG,False,-1,-1,-1,-1,-1,-1,True,,,0.0,0.0,no_entry,False,False,1,1,8badc3e7b306
2026-07-29,US.MSFT,SHORT,False,-1,-1,-1,-1,-1,-1,True,,,0.0,0.0,no_entry,False,False,1,1,8badc3e7b306
2026-07-29,US.MU,LONG,False,-1,-1,-1,-1,-1,-1,True,,,0.0,0.0,no_entry,False,False,1,1,8badc3e7b306
2026-07-29,US.MU,SHORT,False,-1,-1,-1,-1,-1,-1,True,,,0.0,0.0,no_entry,False,False,1,1,8badc3e7b306
2026-07-29,US.NVDA,LONG,False,-1,-1,-1,-1,-1,-1,True,,,0.0,0.0,no_entry,False,False,1,1,8badc3e7b306
2026-07-29,US.NVDA,SHORT,False,-1,-1,-1,-1,-1,-1,True,,,0.0,0.0,no_entry,False,False,1,1,8badc3e7b306
2026-07-29,US.QQQ,LONG,False,-1,-1,-1,-1,-1,-1,True,,,0.0,0.0,no_entry,False,False,1,1,8badc3e7b306
2026-07-29,US.QQQ,SHORT,False,-1,-1,-1,-1,-1,-1,True,,,0.0,0.0,no_entry,False,False,1,1,8badc3e7b306
2026-07-29,US.SPY,LONG,False,-1,-1,-1,-1,-1,-1,True,,,0.0,0.0,no_entry,False,False,1,1,8badc3e7b306
2026-07-29,US.SPY,SHORT,False,-1,-1,-1,-1,-1,-1,True,,,0.0,0.0,no_entry,False,False,1,1,8badc3e7b306
2026-07-29,US.TSLA,LONG,False,-1,-1,-1,-1,-1,-1,True,,,0.0,0.0,no_entry,False,False,1,1,8badc3e7b306
2026-07-29,US.TSLA,SHORT,True,145,181,715,715,751,751,True,301.23,301.395,-0.16499999999996362,-0.0005477542077481115,failed_followthrough,False,False,1,1,8badc3e7b306
2026-07-30,US.AAPL,LONG,False,-1,-1,-1,-1,-1,-1,True,,,0.0,0.0,no_entry,False,False,1,1,8badc3e7b306
2026-07-30,US.AAPL,SHORT,False,-1,-1,-1,-1,-1,-1,True,,,0.0,0.0,no_entry,False,False,1,1,8badc3e7b306
2026-07-30,US.AMD,LONG,False,-1,-1,-1,-1,-1,-1,True,,,0.0,0.0,no_entry,False,False,1,1,8badc3e7b306
2026-07-30,US.AMD,SHORT,False,-1,-1,-1,-1,-1,-1,True,,,0.0,0.0,no_entry,False,False,1,1,8badc3e7b306
2026-07-30,US.IWM,LONG,False,-1,-1,-1,-1,-1,-1,True,,,0.0,0.0,no_entry,False,False,1,1,8badc3e7b306
2026-07-30,US.IWM,SHORT,False,-1,-1,-1,-1,-1,-1,True,,,0.0,0.0,no_entry,False,False,1,1,8badc3e7b306
2026-07-30,US.META,LONG,False,-1,-1,-1,-1,-1,-1,True,,,0.0,0.0,no_entry,False,False,1,1,8badc3e7b306
2026-07-30,US.META,SHORT,False,-1,-1,-1,-1,-1,-1,True,,,0.0,0.0,no_entry,False,False,1,1,8badc3e7b306
2026-07-30,US.MSFT,LONG,False,-1,-1,-1,-1,-1,-1,True,,,0.0,0.0,no_entry,False,False,1,1,8badc3e7b306
2026-07-30,US.MSFT,SHORT,False,-1,-1,-1,-1,-1,-1,True,,,0.0,0.0,no_entry,False,False,1,1,8badc3e7b306
2026-07-30,US.MU,LONG,False,-1,-1,-1,-1,-1,-1,True,,,0.0,0.0,no_entry,False,False,1,1,8badc3e7b306
2026-07-30,US.MU,SHORT,False,-1,-1,-1,-1,-1,-1,True,,,0.0,0.0,no_entry,False,False,1,1,8badc3e7b306
2026-07-30,US.NVDA,LONG,False,-1,-1,-1,-1,-1,-1,True,,,0.0,0.0,no_entry,False,False,1,1,8badc3e7b306
2026-07-30,US.NVDA,SHORT,False,-1,-1,-1,-1,-1,-1,True,,,0.0,0.0,no_entry,False,False,1,1,8badc3e7b306
2026-07-30,US.QQQ,LONG,False,-1,-1,-1,-1,-1,-1,True,,,0.0,0.0,no_entry,False,False,1,1,8badc3e7b306
2026-07-30,US.QQQ,SHORT,False,-1,-1,-1,-1,-1,-1,True,,,0.0,0.0,no_entry,False,False,1,1,8badc3e7b306
2026-07-30,US.SPY,LONG,False,-1,-1,-1,-1,-1,-1,True,,,0.0,0.0,no_entry,False,False,1,1,8badc3e7b306
2026-07-30,US.SPY,SHORT,False,-1,-1,-1,-1,-1,-1,True,,,0.0,0.0,no_entry,False,False,1,1,8badc3e7b306
2026-07-30,US.TSLA,LONG,False,-1,-1,-1,-1,-1,-1,True,,,0.0,0.0,no_entry,False,False,1,1,8badc3e7b306
2026-07-30,US.TSLA,SHORT,False,-1,-1,-1,-1,-1,-1,True,,,0.0,0.0,no_entry,False,False,1,1,8badc3e7b306
2026-07-31,US.AAPL,LONG,False,-1,-1,-1,-1,-1,-1,True,,,0.0,0.0,no_entry,False,False,1,1,8badc3e7b306
2026-07-31,US.AAPL,SHORT,False,-1,-1,-1,-1,-1,-1,True,,,0.0,0.0,no_entry,False,False,1,1,8badc3e7b306
2026-07-31,US.AMD,LONG,False,-1,-1,-1,-1,-1,-1,True,,,0.0,0.0,no_entry,False,False,1,1,8badc3e7b306
2026-07-31,US.AMD,SHORT,False,-1,-1,-1,-1,-1,-1,True,,,0.0,0.0,no_entry,False,False,1,1,8badc3e7b306
2026-07-31,US.IWM,LONG,False,-1,-1,-1,-1,-1,-1,True,,,0.0,0.0,no_entry,False,False,1,1,8badc3e7b306
2026-07-31,US.IWM,SHORT,False,-1,-1,-1,-1,-1,-1,True,,,0.0,0.0,no_entry,False,False,1,1,8badc3e7b306
2026-07-31,US.META,LONG,False,-1,-1,-1,-1,-1,-1,True,,,0.0,0.0,no_entry,False,False,1,1,8badc3e7b306
2026-07-31,US.META,SHORT,False,-1,-1,-1,-1,-1,-1,True,,,0.0,0.0,no_entry,False,False,1,1,8badc3e7b306
2026-07-31,US.MSFT,LONG,False,-1,-1,-1,-1,-1,-1,True,,,0.0,0.0,no_entry,False,False,1,1,8badc3e7b306
2026-07-31,US.MSFT,SHORT,False,-1,-1,-1,-1,-1,-1,True,,,0.0,0.0,no_entry,False,False,1,1,8badc3e7b306
2026-07-31,US.MU,LONG,False,-1,-1,-1,-1,-1,-1,True,,,0.0,0.0,no_entry,False,False,1,1,8badc3e7b306
2026-07-31,US.MU,SHORT,False,-1,-1,-1,-1,-1,-1,True,,,0.0,0.0,no_entry,False,False,1,1,8badc3e7b306
2026-07-31,US.NVDA,LONG,False,-1,-1,-1,-1,-1,-1,True,,,0.0,0.0,no_entry,False,False,1,1,8badc3e7b306
2026-07-31,US.NVDA,SHORT,False,-1,-1,-1,-1,-1,-1,True,,,0.0,0.0,no_entry,False,False,1,1,8badc3e7b306
2026-07-31,US.QQQ,LONG,False,-1,-1,-1,-1,-1,-1,True,,,0.0,0.0,no_entry,False,False,1,1,8badc3e7b306
2026-07-31,US.QQQ,SHORT,False,-1,-1,-1,-1,-1,-1,True,,,0.0,0.0,no_entry,False,False,1,1,8badc3e7b306
2026-07-31,US.SPY,LONG,False,-1,-1,-1,-1,-1,-1,True,,,0.0,0.0,no_entry,False,False,1,1,8badc3e7b306
2026-07-31,US.SPY,SHORT,False,-1,-1,-1,-1,-1,-1,True,,,0.0,0.0,no_entry,False,False,1,1,8badc3e7b306
2026-07-31,US.TSLA,LONG,False,-1,-1,-1,-1,-1,-1,True,,,0.0,0.0,no_entry,False,False,1,1,8badc3e7b306
2026-07-31,US.TSLA,SHORT,False,-1,-1,-1,-1,-1,-1,True,,,0.0,0.0,no_entry,False,False,1,1,8badc3e7b306
2026-08-03,US.AAPL,LONG,False,-1,-1,-1,-1,-1,-1,True,,,0.0,0.0,no_entry,False,False,1,1,8badc3e7b306
2026-08-03,US.AAPL,SHORT,False,-1,-1,-1,-1,-1,-1,True,,,0.0,0.0,no_entry,False,False,1,1,8badc3e7b306
2026-08-03,US.AMD,LONG,False,-1,-1,-1,-1,-1,-1,True,,,0.0,0.0,no_entry,False,False,1,1,8badc3e7b306
2026-08-03,US.AMD,SHORT,False,-1,-1,-1,-1,-1,-1,True,,,0.0,0.0,no_entry,False,False,1,1,8badc3e7b306
2026-08-03,US.IWM,LONG,False,-1,-1,-1,-1,-1,-1,True,,,0.0,0.0,no_entry,False,False,1,1,8badc3e7b306
2026-08-03,US.IWM,SHORT,False,-1,-1,-1,-1,-1,-1,True,,,0.0,0.0,no_entry,False,False,1,1,8badc3e7b306
2026-08-03,US.META,LONG,False,-1,-1,-1,-1,-1,-1,True,,,0.0,0.0,no_entry,False,False,1,1,8badc3e7b306
2026-08-03,US.META,SHORT,False,-1,-1,-1,-1,-1,-1,True,,,0.0,0.0,no_entry,False,False,1,1,8badc3e7b306
2026-08-03,US.MSFT,LONG,False,-1,-1,-1,-1,-1,-1,True,,,0.0,0.0,no_entry,False,False,1,1,8badc3e7b306
2026-08-03,US.MSFT,SHORT,False,-1,-1,-1,-1,-1,-1,True,,,0.0,0.0,no_entry,False,False,1,1,8badc3e7b306
2026-08-03,US.MU,LONG,False,-1,-1,-1,-1,-1,-1,True,,,0.0,0.0,no_entry,False,False,1,1,8badc3e7b306
2026-08-03,US.MU,SHORT,False,-1,-1,-1,-1,-1,-1,True,,,0.0,0.0,no_entry,False,False,1,1,8badc3e7b306
2026-08-03,US.NVDA,LONG,False,-1,-1,-1,-1,-1,-1,True,,,0.0,0.0,no_entry,False,False,1,1,8badc3e7b306
2026-08-03,US.NVDA,SHORT,False,-1,-1,-1,-1,-1,-1,True,,,0.0,0.0,no_entry,False,False,1,1,8badc3e7b306
2026-08-03,US.QQQ,LONG,False,-1,-1,-1,-1,-1,-1,True,,,0.0,0.0,no_entry,False,False,1,1,8badc3e7b306
2026-08-03,US.QQQ,SHORT,False,-1,-1,-1,-1,-1,-1,True,,,0.0,0.0,no_entry,False,False,1,1,8badc3e7b306
2026-08-03,US.SPY,LONG,False,-1,-1,-1,-1,-1,-1,True,,,0.0,0.0,no_entry,False,False,1,1,8badc3e7b306
2026-08-03,US.SPY,SHORT,False,-1,-1,-1,-1,-1,-1,True,,,0.0,0.0,no_entry,False,False,1,1,8badc3e7b306
2026-08-03,US.TSLA,LONG,False,-1,-1,-1,-1,-1,-1,True,,,0.0,0.0,no_entry,False,False,1,1,8badc3e7b306
2026-08-03,US.TSLA,SHORT,False,-1,-1,-1,-1,-1,-1,True,,,0.0,0.0,no_entry,False,False,1,1,8badc3e7b306
2026-08-04,US.AAPL,LONG,False,-1,-1,-1,-1,-1,-1,True,,,0.0,0.0,no_entry,False,False,1,1,8badc3e7b306
2026-08-04,US.AAPL,SHORT,False,-1,-1,-1,-1,-1,-1,True,,,0.0,0.0,no_entry,False,False,1,1,8badc3e7b306
2026-08-04,US.AMD,LONG,True,112,375,682,682,-1,945,True,520.57,527.6,7.029999999999973,0.0135044278387152,scheduled_flatten,True,False,1,1,8badc3e7b306
2026-08-04,US.AMD,SHORT,False,-1,-1,-1,-1,-1,-1,True,,,0.0,0.0,no_entry,False,False,1,1,8badc3e7b306
2026-08-04,US.IWM,LONG,False,-1,-1,-1,-1,-1,-1,True,,,0.0,0.0,no_entry,False,False,1,1,8badc3e7b306
2026-08-04,US.IWM,SHORT,False,-1,-1,-1,-1,-1,-1,True,,,0.0,0.0,no_entry,False,False,1,1,8badc3e7b306
2026-08-04,US.META,LONG,False,-1,-1,-1,-1,-1,-1,True,,,0.0,0.0,no_entry,False,False,1,1,8badc3e7b306
2026-08-04,US.META,SHORT,True,193,212,763,763,782,782,True,578.94,582.6005,-3.6604999999999563,-0.006322762289701793,structural,False,False,1,1,8badc3e7b306
2026-08-04,US.MSFT,LONG,False,-1,-1,-1,-1,-1,-1,True,,,0.0,0.0,no_entry,False,False,1,1,8badc3e7b306
2026-08-04,US.MSFT,SHORT,False,-1,-1,-1,-1,-1,-1,True,,,0.0,0.0,no_entry,False,False,1,1,8badc3e7b306
2026-08-04,US.MU,LONG,True,111,147,681,681,717,717,True,893.09,893.0,-0.09000000000003183,-0.00010077371821432535,failed_followthrough,False,False,1,1,8badc3e7b306
2026-08-04,US.MU,SHORT,False,-1,-1,-1,-1,-1,-1,True,,,0.0,0.0,no_entry,False,False,1,1,8badc3e7b306
2026-08-04,US.NVDA,LONG,False,-1,-1,-1,-1,-1,-1,True,,,0.0,0.0,no_entry,False,False,1,1,8badc3e7b306
2026-08-04,US.NVDA,SHORT,False,-1,-1,-1,-1,-1,-1,True,,,0.0,0.0,no_entry,False,False,1,1,8badc3e7b306
2026-08-04,US.QQQ,LONG,True,98,375,668,668,-1,945,True,716.6101,725.49,8.87990000000002,0.012391536206369434,scheduled_flatten,True,False,1,1,8badc3e7b306
2026-08-04,US.QQQ,SHORT,False,-1,-1,-1,-1,-1,-1,True,,,0.0,0.0,no_entry,False,False,1,1,8badc3e7b306
2026-08-04,US.SPY,LONG,False,-1,-1,-1,-1,-1,-1,True,,,0.0,0.0,no_entry,False,False,1,1,8badc3e7b306
2026-08-04,US.SPY,SHORT,False,-1,-1,-1,-1,-1,-1,True,,,0.0,0.0,no_entry,False,False,1,1,8badc3e7b306
2026-08-04,US.TSLA,LONG,False,-1,-1,-1,-1,-1,-1,True,,,0.0,0.0,no_entry,False,False,1,1,8badc3e7b306
2026-08-04,US.TSLA,SHORT,False,-1,-1,-1,-1,-1,-1,True,,,0.0,0.0,no_entry,False,False,1,1,8badc3e7b306
2026-08-05,US.AAPL,LONG,False,-1,-1,-1,-1,-1,-1,True,,,0.0,0.0,no_entry,False,False,1,1,8badc3e7b306
2026-08-05,US.AAPL,SHORT,False,-1,-1,-1,-1,-1,-1,True,,,0.0,0.0,no_entry,False,False,1,1,8badc3e7b306
2026-08-05,US.AMD,LONG,False,-1,-1,-1,-1,-1,-1,True,,,0.0,0.0,no_entry,False,False,1,1,8badc3e7b306
2026-08-05,US.AMD,SHORT,False,-1,-1,-1,-1,-1,-1,True,,,0.0,0.0,no_entry,False,False,1,1,8badc3e7b306
2026-08-05,US.IWM,LONG,False,-1,-1,-1,-1,-1,-1,True,,,0.0,0.0,no_entry,False,False,1,1,8badc3e7b306
2026-08-05,US.IWM,SHORT,True,96,375,666,666,-1,945,True,301.27,300.215,1.0550000000000068,0.003501842201347651,scheduled_flatten,True,False,1,1,8badc3e7b306
2026-08-05,US.META,LONG,False,-1,-1,-1,-1,-1,-1,True,,,0.0,0.0,no_entry,False,False,1,1,8badc3e7b306
2026-08-05,US.META,SHORT,False,-1,-1,-1,-1,-1,-1,True,,,0.0,0.0,no_entry,False,False,1,1,8badc3e7b306
2026-08-05,US.MSFT,LONG,False,-1,-1,-1,-1,-1,-1,True,,,0.0,0.0,no_entry,False,False,1,1,8badc3e7b306
2026-08-05,US.MSFT,SHORT,False,-1,-1,-1,-1,-1,-1,True,,,0.0,0.0,no_entry,False,False,1,1,8badc3e7b306
2026-08-05,US.MU,LONG,False,-1,-1,-1,-1,-1,-1,True,,,0.0,0.0,no_entry,False,False,1,1,8badc3e7b306
2026-08-05,US.MU,SHORT,False,-1,-1,-1,-1,-1,-1,True,,,0.0,0.0,no_entry,False,False,1,1,8badc3e7b306
2026-08-05,US.NVDA,LONG,False,-1,-1,-1,-1,-1,-1,True,,,0.0,0.0,no_entry,False,False,1,1,8badc3e7b306
2026-08-05,US.NVDA,SHORT,False,-1,-1,-1,-1,-1,-1,True,,,0.0,0.0,no_entry,False,False,1,1,8badc3e7b306
2026-08-05,US.QQQ,LONG,False,-1,-1,-1,-1,-1,-1,True,,,0.0,0.0,no_entry,False,False,1,1,8badc3e7b306
2026-08-05,US.QQQ,SHORT,True,79,375,649,649,-1,945,True,723.79,719.78,4.009999999999991,0.005540281020738047,scheduled_flatten,True,False,1,1,8badc3e7b306
2026-08-05,US.SPY,LONG,False,-1,-1,-1,-1,-1,-1,True,,,0.0,0.0,no_entry,False,False,1,1,8badc3e7b306
2026-08-05,US.SPY,SHORT,False,-1,-1,-1,-1,-1,-1,True,,,0.0,0.0,no_entry,False,False,1,1,8badc3e7b306
2026-08-05,US.TSLA,LONG,False,-1,-1,-1,-1,-1,-1,True,,,0.0,0.0,no_entry,False,False,1,1,8badc3e7b306
2026-08-05,US.TSLA,SHORT,False,-1,-1,-1,-1,-1,-1,True,,,0.0,0.0,no_entry,False,False,1,1,8badc3e7b306
2026-08-06,US.AAPL,LONG,False,-1,-1,-1,-1,-1,-1,True,,,0.0,0.0,no_entry,False,False,1,1,8badc3e7b306
2026-08-06,US.AAPL,SHORT,False,-1,-1,-1,-1,-1,-1,True,,,0.0,0.0,no_entry,False,False,1,1,8badc3e7b306
2026-08-06,US.AMD,LONG,False,-1,-1,-1,-1,-1,-1,True,,,0.0,0.0,no_entry,False,False,1,1,8badc3e7b306
2026-08-06,US.AMD,SHORT,False,-1,-1,-1,-1,-1,-1,True,,,0.0,0.0,no_entry,False,False,1,1,8badc3e7b306
2026-08-06,US.IWM,LONG,False,-1,-1,-1,-1,-1,-1,True,,,0.0,0.0,no_entry,False,False,1,1,8badc3e7b306
2026-08-06,US.IWM,SHORT,False,-1,-1,-1,-1,-1,-1,True,,,0.0,0.0,no_entry,False,False,1,1,8badc3e7b306
2026-08-06,US.META,LONG,False,-1,-1,-1,-1,-1,-1,True,,,0.0,0.0,no_entry,False,False,1,1,8badc3e7b306
2026-08-06,US.META,SHORT,False,-1,-1,-1,-1,-1,-1,True,,,0.0,0.0,no_entry,False,False,1,1,8badc3e7b306
2026-08-06,US.MSFT,LONG,False,-1,-1,-1,-1,-1,-1,True,,,0.0,0.0,no_entry,False,False,1,1,8badc3e7b306
2026-08-06,US.MSFT,SHORT,False,-1,-1,-1,-1,-1,-1,True,,,0.0,0.0,no_entry,False,False,1,1,8badc3e7b306
2026-08-06,US.MU,LONG,False,-1,-1,-1,-1,-1,-1,True,,,0.0,0.0,no_entry,False,False,1,1,8badc3e7b306
2026-08-06,US.MU,SHORT,False,-1,-1,-1,-1,-1,-1,True,,,0.0,0.0,no_entry,False,False,1,1,8badc3e7b306
2026-08-06,US.NVDA,LONG,False,-1,-1,-1,-1,-1,-1,True,,,0.0,0.0,no_entry,False,False,1,1,8badc3e7b306
2026-08-06,US.NVDA,SHORT,False,-1,-1,-1,-1,-1,-1,True,,,0.0,0.0,no_entry,False,False,1,1,8badc3e7b306
2026-08-06,US.QQQ,LONG,False,-1,-1,-1,-1,-1,-1,True,,,0.0,0.0,no_entry,False,False,1,1,8badc3e7b306
2026-08-06,US.QQQ,SHORT,False,-1,-1,-1,-1,-1,-1,True,,,0.0,0.0,no_entry,False,False,1,1,8badc3e7b306
2026-08-06,US.SPY,LONG,False,-1,-1,-1,-1,-1,-1,True,,,0.0,0.0,no_entry,False,False,1,1,8badc3e7b306
2026-08-06,US.SPY,SHORT,True,144,181,714,714,751,751,True,768.565,768.618,-0.05299999999999727,-6.895968460702382e-05,failed_followthrough,False,False,1,1,8badc3e7b306
2026-08-06,US.TSLA,LONG,False,-1,-1,-1,-1,-1,-1,True,,,0.0,0.0,no_entry,False,False,1,1,8badc3e7b306
2026-08-06,US.TSLA,SHORT,False,-1,-1,-1,-1,-1,-1,True,,,0.0,0.0,no_entry,False,False,1,1,8badc3e7b306
2026-08-07,US.AAPL,LONG,False,-1,-1,-1,-1,-1,-1,True,,,0.0,0.0,no_entry,False,False,1,1,8badc3e7b306
2026-08-07,US.AAPL,SHORT,False,-1,-1,-1,-1,-1,-1,True,,,0.0,0.0,no_entry,False,False,1,1,8badc3e7b306
2026-08-07,US.AMD,LONG,False,-1,-1,-1,-1,-1,-1,True,,,0.0,0.0,no_entry,False,False,1,1,8badc3e7b306
2026-08-07,US.AMD,SHORT,True,183,213,753,753,783,783,True,478.0,480.63,-2.6299999999999955,-0.005502092050209195,failed_followthrough,False,False,1,1,8badc3e7b306
2026-08-07,US.IWM,LONG,False,-1,-1,-1,-1,-1,-1,True,,,0.0,0.0,no_entry,False,False,1,1,8badc3e7b306
2026-08-07,US.IWM,SHORT,False,-1,-1,-1,-1,-1,-1,True,,,0.0,0.0,no_entry,False,False,1,1,8badc3e7b306
2026-08-07,US.META,LONG,False,-1,-1,-1,-1,-1,-1,True,,,0.0,0.0,no_entry,False,False,1,1,8badc3e7b306
2026-08-07,US.META,SHORT,False,-1,-1,-1,-1,-1,-1,True,,,0.0,0.0,no_entry,False,False,1,1,8badc3e7b306
2026-08-07,US.MSFT,LONG,False,-1,-1,-1,-1,-1,-1,True,,,0.0,0.0,no_entry,False,False,1,1,8badc3e7b306
2026-08-07,US.MSFT,SHORT,False,-1,-1,-1,-1,-1,-1,True,,,0.0,0.0,no_entry,False,False,1,1,8badc3e7b306
2026-08-07,US.MU,LONG,False,-1,-1,-1,-1,-1,-1,True,,,0.0,0.0,no_entry,False,False,1,1,8badc3e7b306
2026-08-07,US.MU,SHORT,False,-1,-1,-1,-1,-1,-1,True,,,0.0,0.0,no_entry,False,False,1,1,8badc3e7b306
2026-08-07,US.NVDA,LONG,True,101,210,671,671,780,780,True,223.519987907,221.651978153,-1.8680097540000133,-0.008357238077416309,trailing,False,False,1,1,8badc3e7b306
2026-08-07,US.NVDA,SHORT,False,-1,-1,-1,-1,-1,-1,True,,,0.0,0.0,no_entry,False,False,1,1,8badc3e7b306
2026-08-07,US.QQQ,LONG,True,124,154,694,694,724,724,True,723.08,722.315,-0.7649999999999864,-0.001057974221386273,failed_followthrough,False,False,1,1,8badc3e7b306
2026-08-07,US.QQQ,SHORT,False,-1,-1,-1,-1,-1,-1,True,,,0.0,0.0,no_entry,False,False,1,1,8badc3e7b306
2026-08-07,US.SPY,LONG,True,124,154,694,694,724,724,True,773.51,772.94,-0.5699999999999363,-0.0007369006218406179,failed_followthrough,False,False,1,1,8badc3e7b306
2026-08-07,US.SPY,SHORT,False,-1,-1,-1,-1,-1,-1,True,,,0.0,0.0,no_entry,False,False,1,1,8badc3e7b306
2026-08-07,US.TSLA,LONG,True,104,170,674,674,740,740,True,329.46,330.645,1.1850000000000023,0.0035967947550537313,structural,False,False,1,1,8badc3e7b306
2026-08-07,US.TSLA,SHORT,False,-1,-1,-1,-1,-1,-1,True,,,0.0,0.0,no_entry,False,False,1,1,8badc3e7b306
2026-08-10,US.AAPL,LONG,False,-1,-1,-1,-1,-1,-1,True,,,0.0,0.0,no_entry,False,False,1,1,8badc3e7b306
2026-08-10,US.AAPL,SHORT,False,-1,-1,-1,-1,-1,-1,True,,,0.0,0.0,no_entry,False,False,1,1,8badc3e7b306
2026-08-10,US.AMD,LONG,False,-1,-1,-1,-1,-1,-1,True,,,0.0,0.0,no_entry,False,False,1,1,8badc3e7b306
2026-08-10,US.AMD,SHORT,False,-1,-1,-1,-1,-1,-1,True,,,0.0,0.0,no_entry,False,False,1,1,8badc3e7b306
2026-08-10,US.IWM,LONG,False,-1,-1,-1,-1,-1,-1,True,,,0.0,0.0,no_entry,False,False,1,1,8badc3e7b306
2026-08-10,US.IWM,SHORT,True,99,142,669,669,712,712,True,300.13,300.22,-0.09000000000003183,-0.00029987005630903885,failed_followthrough,False,False,1,1,8badc3e7b306
2026-08-10,US.META,LONG,False,-1,-1,-1,-1,-1,-1,True,,,0.0,0.0,no_entry,False,False,1,1,8badc3e7b306
2026-08-10,US.META,SHORT,False,-1,-1,-1,-1,-1,-1,True,,,0.0,0.0,no_entry,False,False,1,1,8badc3e7b306
2026-08-10,US.MSFT,LONG,False,-1,-1,-1,-1,-1,-1,True,,,0.0,0.0,no_entry,False,False,1,1,8badc3e7b306
2026-08-10,US.MSFT,SHORT,False,-1,-1,-1,-1,-1,-1,True,,,0.0,0.0,no_entry,False,False,1,1,8badc3e7b306
2026-08-10,US.MU,LONG,False,-1,-1,-1,-1,-1,-1,True,,,0.0,0.0,no_entry,False,False,1,1,8badc3e7b306
2026-08-10,US.MU,SHORT,False,-1,-1,-1,-1,-1,-1,True,,,0.0,0.0,no_entry,False,False,1,1,8badc3e7b306
2026-08-10,US.NVDA,LONG,False,-1,-1,-1,-1,-1,-1,True,,,0.0,0.0,no_entry,False,False,1,1,8badc3e7b306
2026-08-10,US.NVDA,SHORT,True,177,222,747,747,792,792,True,219.369532141,218.33568898,1.0338431610000214,0.00471279284278875,structural,False,False,1,1,8badc3e7b306
2026-08-10,US.QQQ,LONG,False,-1,-1,-1,-1,-1,-1,True,,,0.0,0.0,no_entry,False,False,1,1,8badc3e7b306
2026-08-10,US.QQQ,SHORT,False,-1,-1,-1,-1,-1,-1,True,,,0.0,0.0,no_entry,False,False,1,1,8badc3e7b306
2026-08-10,US.SPY,LONG,True,78,108,648,648,678,678,True,774.96,773.89,-1.07000000000005,-0.001380716424073565,failed_followthrough,False,False,1,1,8badc3e7b306
2026-08-10,US.SPY,SHORT,True,195,225,765,765,795,795,True,772.16,773.115,-0.9550000000000409,-0.0012367903025280265,failed_followthrough,False,False,1,1,8badc3e7b306
2026-08-10,US.TSLA,LONG,False,-1,-1,-1,-1,-1,-1,True,,,0.0,0.0,no_entry,False,False,1,1,8badc3e7b306
2026-08-10,US.TSLA,SHORT,False,-1,-1,-1,-1,-1,-1,True,,,0.0,0.0,no_entry,False,False,1,1,8badc3e7b306
2026-08-11,US.AAPL,LONG,False,-1,-1,-1,-1,-1,-1,True,,,0.0,0.0,no_entry,False,False,1,1,8badc3e7b306
2026-08-11,US.AAPL,SHORT,False,-1,-1,-1,-1,-1,-1,True,,,0.0,0.0,no_entry,False,False,1,1,8badc3e7b306
2026-08-11,US.AMD,LONG,False,-1,-1,-1,-1,-1,-1,True,,,0.0,0.0,no_entry,False,False,1,1,8badc3e7b306
2026-08-11,US.AMD,SHORT,False,-1,-1,-1,-1,-1,-1,True,,,0.0,0.0,no_entry,False,False,1,1,8badc3e7b306
2026-08-11,US.IWM,LONG,False,-1,-1,-1,-1,-1,-1,True,,,0.0,0.0,no_entry,False,False,1,1,8badc3e7b306
2026-08-11,US.IWM,SHORT,False,-1,-1,-1,-1,-1,-1,True,,,0.0,0.0,no_entry,False,False,1,1,8badc3e7b306
2026-08-11,US.META,LONG,False,-1,-1,-1,-1,-1,-1,True,,,0.0,0.0,no_entry,False,False,1,1,8badc3e7b306
2026-08-11,US.META,SHORT,False,-1,-1,-1,-1,-1,-1,True,,,0.0,0.0,no_entry,False,False,1,1,8badc3e7b306
2026-08-11,US.MSFT,LONG,False,-1,-1,-1,-1,-1,-1,True,,,0.0,0.0,no_entry,False,False,1,1,8badc3e7b306
2026-08-11,US.MSFT,SHORT,False,-1,-1,-1,-1,-1,-1,True,,,0.0,0.0,no_entry,False,False,1,1,8badc3e7b306
2026-08-11,US.MU,LONG,False,-1,-1,-1,-1,-1,-1,True,,,0.0,0.0,no_entry,False,False,1,1,8badc3e7b306
2026-08-11,US.MU,SHORT,False,-1,-1,-1,-1,-1,-1,True,,,0.0,0.0,no_entry,False,False,1,1,8badc3e7b306
2026-08-11,US.NVDA,LONG,False,-1,-1,-1,-1,-1,-1,True,,,0.0,0.0,no_entry,False,False,1,1,8badc3e7b306
2026-08-11,US.NVDA,SHORT,True,145,178,715,715,748,748,True,218.245789575,218.350672215,-0.10488263999999958,-0.0004805711954592221,failed_followthrough,False,False,1,1,8badc3e7b306
2026-08-11,US.QQQ,LONG,False,-1,-1,-1,-1,-1,-1,True,,,0.0,0.0,no_entry,False,False,1,1,8badc3e7b306
2026-08-11,US.QQQ,SHORT,False,-1,-1,-1,-1,-1,-1,True,,,0.0,0.0,no_entry,False,False,1,1,8badc3e7b306
2026-08-11,US.SPY,LONG,False,-1,-1,-1,-1,-1,-1,True,,,0.0,0.0,no_entry,False,False,1,1,8badc3e7b306
2026-08-11,US.SPY,SHORT,True,125,155,695,695,725,725,True,771.95,772.03,-0.07999999999992724,-0.00010363365502937657,failed_followthrough,False,False,1,1,8badc3e7b306
2026-08-11,US.TSLA,LONG,False,-1,-1,-1,-1,-1,-1,True,,,0.0,0.0,no_entry,False,False,1,1,8badc3e7b306
2026-08-11,US.TSLA,SHORT,False,-1,-1,-1,-1,-1,-1,True,,,0.0,0.0,no_entry,False,False,1,1,8badc3e7b306
2026-08-12,US.AAPL,LONG,False,-1,-1,-1,-1,-1,-1,True,,,0.0,0.0,no_entry,False,False,1,1,8badc3e7b306
2026-08-12,US.AAPL,SHORT,False,-1,-1,-1,-1,-1,-1,True,,,0.0,0.0,no_entry,False,False,1,1,8badc3e7b306
2026-08-12,US.AMD,LONG,False,-1,-1,-1,-1,-1,-1,True,,,0.0,0.0,no_entry,False,False,1,1,8badc3e7b306
2026-08-12,US.AMD,SHORT,False,-1,-1,-1,-1,-1,-1,True,,,0.0,0.0,no_entry,False,False,1,1,8badc3e7b306
2026-08-12,US.IWM,LONG,False,-1,-1,-1,-1,-1,-1,True,,,0.0,0.0,no_entry,False,False,1,1,8badc3e7b306
2026-08-12,US.IWM,SHORT,False,-1,-1,-1,-1,-1,-1,True,,,0.0,0.0,no_entry,False,False,1,1,8badc3e7b306
2026-08-12,US.META,LONG,False,-1,-1,-1,-1,-1,-1,True,,,0.0,0.0,no_entry,False,False,1,1,8badc3e7b306
2026-08-12,US.META,SHORT,False,-1,-1,-1,-1,-1,-1,True,,,0.0,0.0,no_entry,False,False,1,1,8badc3e7b306
2026-08-12,US.MSFT,LONG,False,-1,-1,-1,-1,-1,-1,True,,,0.0,0.0,no_entry,False,False,1,1,8badc3e7b306
2026-08-12,US.MSFT,SHORT,False,-1,-1,-1,-1,-1,-1,True,,,0.0,0.0,no_entry,False,False,1,1,8badc3e7b306
2026-08-12,US.MU,LONG,False,-1,-1,-1,-1,-1,-1,True,,,0.0,0.0,no_entry,False,False,1,1,8badc3e7b306
2026-08-12,US.MU,SHORT,False,-1,-1,-1,-1,-1,-1,True,,,0.0,0.0,no_entry,False,False,1,1,8badc3e7b306
2026-08-12,US.NVDA,LONG,False,-1,-1,-1,-1,-1,-1,True,,,0.0,0.0,no_entry,False,False,1,1,8badc3e7b306
2026-08-12,US.NVDA,SHORT,False,-1,-1,-1,-1,-1,-1,True,,,0.0,0.0,no_entry,False,False,1,1,8badc3e7b306
2026-08-12,US.QQQ,LONG,False,-1,-1,-1,-1,-1,-1,True,,,0.0,0.0,no_entry,False,False,1,1,8badc3e7b306
2026-08-12,US.QQQ,SHORT,False,-1,-1,-1,-1,-1,-1,True,,,0.0,0.0,no_entry,False,False,1,1,8badc3e7b306
2026-08-12,US.SPY,LONG,False,-1,-1,-1,-1,-1,-1,True,,,0.0,0.0,no_entry,False,False,1,1,8badc3e7b306
2026-08-12,US.SPY,SHORT,False,-1,-1,-1,-1,-1,-1,True,,,0.0,0.0,no_entry,False,False,1,1,8badc3e7b306
2026-08-12,US.TSLA,LONG,False,-1,-1,-1,-1,-1,-1,True,,,0.0,0.0,no_entry,False,False,1,1,8badc3e7b306
2026-08-12,US.TSLA,SHORT,False,-1,-1,-1,-1,-1,-1,True,,,0.0,0.0,no_entry,False,False,1,1,8badc3e7b306
2026-08-13,US.AAPL,LONG,False,-1,-1,-1,-1,-1,-1,True,,,0.0,0.0,no_entry,False,False,1,1,8badc3e7b306
2026-08-13,US.AAPL,SHORT,False,-1,-1,-1,-1,-1,-1,True,,,0.0,0.0,no_entry,False,False,1,1,8badc3e7b306
2026-08-13,US.AMD,LONG,False,-1,-1,-1,-1,-1,-1,True,,,0.0,0.0,no_entry,False,False,1,1,8badc3e7b306
2026-08-13,US.AMD,SHORT,False,-1,-1,-1,-1,-1,-1,True,,,0.0,0.0,no_entry,False,False,1,1,8badc3e7b306
2026-08-13,US.IWM,LONG,False,-1,-1,-1,-1,-1,-1,True,,,0.0,0.0,no_entry,False,False,1,1,8badc3e7b306
2026-08-13,US.IWM,SHORT,False,-1,-1,-1,-1,-1,-1,True,,,0.0,0.0,no_entry,False,False,1,1,8badc3e7b306
2026-08-13,US.META,LONG,False,-1,-1,-1,-1,-1,-1,True,,,0.0,0.0,no_entry,False,False,1,1,8badc3e7b306
2026-08-13,US.META,SHORT,False,-1,-1,-1,-1,-1,-1,True,,,0.0,0.0,no_entry,False,False,1,1,8badc3e7b306
2026-08-13,US.MSFT,LONG,False,-1,-1,-1,-1,-1,-1,True,,,0.0,0.0,no_entry,False,False,1,1,8badc3e7b306
2026-08-13,US.MSFT,SHORT,False,-1,-1,-1,-1,-1,-1,True,,,0.0,0.0,no_entry,False,False,1,1,8badc3e7b306
2026-08-13,US.MU,LONG,False,-1,-1,-1,-1,-1,-1,True,,,0.0,0.0,no_entry,False,False,1,1,8badc3e7b306
2026-08-13,US.MU,SHORT,False,-1,-1,-1,-1,-1,-1,True,,,0.0,0.0,no_entry,False,False,1,1,8badc3e7b306
2026-08-13,US.NVDA,LONG,False,-1,-1,-1,-1,-1,-1,True,,,0.0,0.0,no_entry,False,False,1,1,8badc3e7b306
2026-08-13,US.NVDA,SHORT,False,-1,-1,-1,-1,-1,-1,True,,,0.0,0.0,no_entry,False,False,1,1,8badc3e7b306
2026-08-13,US.QQQ,LONG,False,-1,-1,-1,-1,-1,-1,True,,,0.0,0.0,no_entry,False,False,1,1,8badc3e7b306
2026-08-13,US.QQQ,SHORT,False,-1,-1,-1,-1,-1,-1,True,,,0.0,0.0,no_entry,False,False,1,1,8badc3e7b306
2026-08-13,US.SPY,LONG,False,-1,-1,-1,-1,-1,-1,True,,,0.0,0.0,no_entry,False,False,1,1,8badc3e7b306
2026-08-13,US.SPY,SHORT,False,-1,-1,-1,-1,-1,-1,True,,,0.0,0.0,no_entry,False,False,1,1,8badc3e7b306
2026-08-13,US.TSLA,LONG,True,185,375,755,755,-1,945,True,334.675,339.36,4.685000000000002,0.01399865541196684,scheduled_flatten,True,False,1,1,8badc3e7b306
2026-08-13,US.TSLA,SHORT,False,-1,-1,-1,-1,-1,-1,True,,,0.0,0.0,no_entry,False,False,1,1,8badc3e7b306
2026-08-14,US.AAPL,LONG,False,-1,-1,-1,-1,-1,-1,True,,,0.0,0.0,no_entry,False,False,1,1,8badc3e7b306
2026-08-14,US.AAPL,SHORT,False,-1,-1,-1,-1,-1,-1,True,,,0.0,0.0,no_entry,False,False,1,1,8badc3e7b306
2026-08-14,US.AMD,LONG,False,-1,-1,-1,-1,-1,-1,True,,,0.0,0.0,no_entry,False,False,1,1,8badc3e7b306
2026-08-14,US.AMD,SHORT,False,-1,-1,-1,-1,-1,-1,True,,,0.0,0.0,no_entry,False,False,1,1,8badc3e7b306
2026-08-14,US.IWM,LONG,False,-1,-1,-1,-1,-1,-1,True,,,0.0,0.0,no_entry,False,False,1,1,8badc3e7b306
2026-08-14,US.IWM,SHORT,False,-1,-1,-1,-1,-1,-1,True,,,0.0,0.0,no_entry,False,False,1,1,8badc3e7b306
2026-08-14,US.META,LONG,False,-1,-1,-1,-1,-1,-1,True,,,0.0,0.0,no_entry,False,False,1,1,8badc3e7b306
2026-08-14,US.META,SHORT,True,118,148,688,688,718,718,True,592.73,594.37,-1.6399999999999864,-0.0027668584347004307,failed_followthrough,False,False,1,1,8badc3e7b306
2026-08-14,US.MSFT,LONG,False,-1,-1,-1,-1,-1,-1,True,,,0.0,0.0,no_entry,False,False,1,1,8badc3e7b306
2026-08-14,US.MSFT,SHORT,False,-1,-1,-1,-1,-1,-1,True,,,0.0,0.0,no_entry,False,False,1,1,8badc3e7b306
2026-08-14,US.MU,LONG,False,-1,-1,-1,-1,-1,-1,True,,,0.0,0.0,no_entry,False,False,1,1,8badc3e7b306
2026-08-14,US.MU,SHORT,False,-1,-1,-1,-1,-1,-1,True,,,0.0,0.0,no_entry,False,False,1,1,8badc3e7b306
2026-08-14,US.NVDA,LONG,False,-1,-1,-1,-1,-1,-1,True,,,0.0,0.0,no_entry,False,False,1,1,8badc3e7b306
2026-08-14,US.NVDA,SHORT,False,-1,-1,-1,-1,-1,-1,True,,,0.0,0.0,no_entry,False,False,1,1,8badc3e7b306
2026-08-14,US.QQQ,LONG,False,-1,-1,-1,-1,-1,-1,True,,,0.0,0.0,no_entry,False,False,1,1,8badc3e7b306
2026-08-14,US.QQQ,SHORT,False,-1,-1,-1,-1,-1,-1,True,,,0.0,0.0,no_entry,False,False,1,1,8badc3e7b306
2026-08-14,US.SPY,LONG,False,-1,-1,-1,-1,-1,-1,True,,,0.0,0.0,no_entry,False,False,1,1,8badc3e7b306
2026-08-14,US.SPY,SHORT,True,120,151,690,690,721,721,True,776.29,776.5302,-0.24020000000007258,-0.00030942044854380787,failed_followthrough,False,False,1,1,8badc3e7b306
2026-08-14,US.TSLA,LONG,False,-1,-1,-1,-1,-1,-1,True,,,0.0,0.0,no_entry,False,False,1,1,8badc3e7b306
2026-08-14,US.TSLA,SHORT,False,-1,-1,-1,-1,-1,-1,True,,,0.0,0.0,no_entry,False,False,1,1,8badc3e7b306
2026-08-17,US.AAPL,LONG,False,-1,-1,-1,-1,-1,-1,True,,,0.0,0.0,no_entry,False,False,1,1,8badc3e7b306
2026-08-17,US.AAPL,SHORT,True,129,184,699,699,754,754,True,303.87,303.934,-0.06400000000002137,-0.0002106163820055332,failed_followthrough,False,False,1,1,8badc3e7b306
2026-08-17,US.AMD,LONG,False,-1,-1,-1,-1,-1,-1,True,,,0.0,0.0,no_entry,False,False,1,1,8badc3e7b306
2026-08-17,US.AMD,SHORT,False,-1,-1,-1,-1,-1,-1,True,,,0.0,0.0,no_entry,False,False,1,1,8badc3e7b306
2026-08-17,US.IWM,LONG,False,-1,-1,-1,-1,-1,-1,True,,,0.0,0.0,no_entry,False,False,1,1,8badc3e7b306
2026-08-17,US.IWM,SHORT,False,-1,-1,-1,-1,-1,-1,True,,,0.0,0.0,no_entry,False,False,1,1,8badc3e7b306
2026-08-17,US.META,LONG,False,-1,-1,-1,-1,-1,-1,True,,,0.0,0.0,no_entry,False,False,1,1,8badc3e7b306
2026-08-17,US.META,SHORT,True,122,375,692,692,-1,945,True,574.05,568.085,5.964999999999918,0.010391080916296348,scheduled_flatten,True,False,1,1,8badc3e7b306
2026-08-17,US.MSFT,LONG,False,-1,-1,-1,-1,-1,-1,True,,,0.0,0.0,no_entry,False,False,1,1,8badc3e7b306
2026-08-17,US.MSFT,SHORT,False,-1,-1,-1,-1,-1,-1,True,,,0.0,0.0,no_entry,False,False,1,1,8badc3e7b306
2026-08-17,US.MU,LONG,True,93,133,663,663,703,703,True,1030.56,1030.23,-0.32999999999992724,-0.0003202142524452019,failed_followthrough,False,False,1,1,8badc3e7b306
2026-08-17,US.MU,SHORT,False,-1,-1,-1,-1,-1,-1,True,,,0.0,0.0,no_entry,False,False,1,1,8badc3e7b306
2026-08-17,US.NVDA,LONG,True,154,184,724,724,754,754,True,227.287771871,226.556490153,-0.7312817179999911,-0.0032174265776824945,failed_followthrough,False,False,1,1,8badc3e7b306
2026-08-17,US.NVDA,SHORT,False,-1,-1,-1,-1,-1,-1,True,,,0.0,0.0,no_entry,False,False,1,1,8badc3e7b306
2026-08-17,US.QQQ,LONG,True,98,128,668,668,698,698,True,734.405,733.739,-0.66599999999994,-0.0009068565709655299,failed_followthrough,False,False,1,1,8badc3e7b306
2026-08-17,US.QQQ,SHORT,False,-1,-1,-1,-1,-1,-1,True,,,0.0,0.0,no_entry,False,False,1,1,8badc3e7b306
2026-08-17,US.SPY,LONG,False,-1,-1,-1,-1,-1,-1,True,,,0.0,0.0,no_entry,False,False,1,1,8badc3e7b306
2026-08-17,US.SPY,SHORT,False,-1,-1,-1,-1,-1,-1,True,,,0.0,0.0,no_entry,False,False,1,1,8badc3e7b306
2026-08-17,US.TSLA,LONG,False,-1,-1,-1,-1,-1,-1,True,,,0.0,0.0,no_entry,False,False,1,1,8badc3e7b306
2026-08-17,US.TSLA,SHORT,False,-1,-1,-1,-1,-1,-1,True,,,0.0,0.0,no_entry,False,False,1,1,8badc3e7b306
2026-08-18,US.AAPL,LONG,True,202,236,772,772,806,806,True,310.67,310.425,-0.24500000000000455,-0.0007886181478739644,failed_followthrough,False,False,1,1,8badc3e7b306
2026-08-18,US.AAPL,SHORT,False,-1,-1,-1,-1,-1,-1,True,,,0.0,0.0,no_entry,False,False,1,1,8badc3e7b306
2026-08-18,US.AMD,LONG,False,-1,-1,-1,-1,-1,-1,True,,,0.0,0.0,no_entry,False,False,1,1,8badc3e7b306
2026-08-18,US.AMD,SHORT,False,-1,-1,-1,-1,-1,-1,True,,,0.0,0.0,no_entry,False,False,1,1,8badc3e7b306
2026-08-18,US.IWM,LONG,False,-1,-1,-1,-1,-1,-1,True,,,0.0,0.0,no_entry,False,False,1,1,8badc3e7b306
2026-08-18,US.IWM,SHORT,False,-1,-1,-1,-1,-1,-1,True,,,0.0,0.0,no_entry,False,False,1,1,8badc3e7b306
2026-08-18,US.META,LONG,False,-1,-1,-1,-1,-1,-1,True,,,0.0,0.0,no_entry,False,False,1,1,8badc3e7b306
2026-08-18,US.META,SHORT,False,-1,-1,-1,-1,-1,-1,True,,,0.0,0.0,no_entry,False,False,1,1,8badc3e7b306
2026-08-18,US.MSFT,LONG,False,-1,-1,-1,-1,-1,-1,True,,,0.0,0.0,no_entry,False,False,1,1,8badc3e7b306
2026-08-18,US.MSFT,SHORT,False,-1,-1,-1,-1,-1,-1,True,,,0.0,0.0,no_entry,False,False,1,1,8badc3e7b306
2026-08-18,US.MU,LONG,False,-1,-1,-1,-1,-1,-1,True,,,0.0,0.0,no_entry,False,False,1,1,8badc3e7b306
2026-08-18,US.MU,SHORT,False,-1,-1,-1,-1,-1,-1,True,,,0.0,0.0,no_entry,False,False,1,1,8badc3e7b306
2026-08-18,US.NVDA,LONG,False,-1,-1,-1,-1,-1,-1,True,,,0.0,0.0,no_entry,False,False,1,1,8badc3e7b306
2026-08-18,US.NVDA,SHORT,False,-1,-1,-1,-1,-1,-1,True,,,0.0,0.0,no_entry,False,False,1,1,8badc3e7b306
2026-08-18,US.QQQ,LONG,False,-1,-1,-1,-1,-1,-1,True,,,0.0,0.0,no_entry,False,False,1,1,8badc3e7b306
2026-08-18,US.QQQ,SHORT,True,93,123,663,663,693,693,True,716.81,717.69,-0.8800000000001091,-0.0012276614444554474,failed_followthrough,False,False,1,1,8badc3e7b306
2026-08-18,US.SPY,LONG,False,-1,-1,-1,-1,-1,-1,True,,,0.0,0.0,no_entry,False,False,1,1,8badc3e7b306
2026-08-18,US.SPY,SHORT,False,-1,-1,-1,-1,-1,-1,True,,,0.0,0.0,no_entry,False,False,1,1,8badc3e7b306
2026-08-18,US.TSLA,LONG,False,-1,-1,-1,-1,-1,-1,True,,,0.0,0.0,no_entry,False,False,1,1,8badc3e7b306
2026-08-18,US.TSLA,SHORT,False,-1,-1,-1,-1,-1,-1,True,,,0.0,0.0,no_entry,False,False,1,1,8badc3e7b306
2026-08-19,US.AAPL,LONG,False,-1,-1,-1,-1,-1,-1,True,,,0.0,0.0,no_entry,False,False,1,1,8badc3e7b306
2026-08-19,US.AAPL,SHORT,False,-1,-1,-1,-1,-1,-1,True,,,0.0,0.0,no_entry,False,False,1,1,8badc3e7b306
2026-08-19,US.AMD,LONG,False,-1,-1,-1,-1,-1,-1,True,,,0.0,0.0,no_entry,False,False,1,1,8badc3e7b306
2026-08-19,US.AMD,SHORT,False,-1,-1,-1,-1,-1,-1,True,,,0.0,0.0,no_entry,False,False,1,1,8badc3e7b306
2026-08-19,US.IWM,LONG,False,-1,-1,-1,-1,-1,-1,True,,,0.0,0.0,no_entry,False,False,1,1,8badc3e7b306
2026-08-19,US.IWM,SHORT,False,-1,-1,-1,-1,-1,-1,True,,,0.0,0.0,no_entry,False,False,1,1,8badc3e7b306
2026-08-19,US.META,LONG,False,-1,-1,-1,-1,-1,-1,True,,,0.0,0.0,no_entry,False,False,1,1,8badc3e7b306
2026-08-19,US.META,SHORT,False,-1,-1,-1,-1,-1,-1,True,,,0.0,0.0,no_entry,False,False,1,1,8badc3e7b306
2026-08-19,US.MSFT,LONG,False,-1,-1,-1,-1,-1,-1,True,,,0.0,0.0,no_entry,False,False,1,1,8badc3e7b306
2026-08-19,US.MSFT,SHORT,False,-1,-1,-1,-1,-1,-1,True,,,0.0,0.0,no_entry,False,False,1,1,8badc3e7b306
2026-08-19,US.MU,LONG,False,-1,-1,-1,-1,-1,-1,True,,,0.0,0.0,no_entry,False,False,1,1,8badc3e7b306
2026-08-19,US.MU,SHORT,False,-1,-1,-1,-1,-1,-1,True,,,0.0,0.0,no_entry,False,False,1,1,8badc3e7b306
2026-08-19,US.NVDA,LONG,False,-1,-1,-1,-1,-1,-1,True,,,0.0,0.0,no_entry,False,False,1,1,8badc3e7b306
2026-08-19,US.NVDA,SHORT,False,-1,-1,-1,-1,-1,-1,True,,,0.0,0.0,no_entry,False,False,1,1,8badc3e7b306
2026-08-19,US.QQQ,LONG,False,-1,-1,-1,-1,-1,-1,True,,,0.0,0.0,no_entry,False,False,1,1,8badc3e7b306
2026-08-19,US.QQQ,SHORT,False,-1,-1,-1,-1,-1,-1,True,,,0.0,0.0,no_entry,False,False,1,1,8badc3e7b306
2026-08-19,US.SPY,LONG,False,-1,-1,-1,-1,-1,-1,True,,,0.0,0.0,no_entry,False,False,1,1,8badc3e7b306
2026-08-19,US.SPY,SHORT,False,-1,-1,-1,-1,-1,-1,True,,,0.0,0.0,no_entry,False,False,1,1,8badc3e7b306
2026-08-19,US.TSLA,LONG,False,-1,-1,-1,-1,-1,-1,True,,,0.0,0.0,no_entry,False,False,1,1,8badc3e7b306
2026-08-19,US.TSLA,SHORT,False,-1,-1,-1,-1,-1,-1,True,,,0.0,0.0,no_entry,False,False,1,1,8badc3e7b306
2026-08-20,US.AAPL,LONG,False,-1,-1,-1,-1,-1,-1,True,,,0.0,0.0,no_entry,False,False,1,1,8badc3e7b306
2026-08-20,US.AAPL,SHORT,False,-1,-1,-1,-1,-1,-1,True,,,0.0,0.0,no_entry,False,False,1,1,8badc3e7b306
2026-08-20,US.AMD,LONG,False,-1,-1,-1,-1,-1,-1,True,,,0.0,0.0,no_entry,False,False,1,1,8badc3e7b306
2026-08-20,US.AMD,SHORT,False,-1,-1,-1,-1,-1,-1,True,,,0.0,0.0,no_entry,False,False,1,1,8badc3e7b306
2026-08-20,US.IWM,LONG,False,-1,-1,-1,-1,-1,-1,True,,,0.0,0.0,no_entry,False,False,1,1,8badc3e7b306
2026-08-20,US.IWM,SHORT,False,-1,-1,-1,-1,-1,-1,True,,,0.0,0.0,no_entry,False,False,1,1,8badc3e7b306
2026-08-20,US.META,LONG,False,-1,-1,-1,-1,-1,-1,True,,,0.0,0.0,no_entry,False,False,1,1,8badc3e7b306
2026-08-20,US.META,SHORT,False,-1,-1,-1,-1,-1,-1,True,,,0.0,0.0,no_entry,False,False,1,1,8badc3e7b306
2026-08-20,US.MSFT,LONG,False,-1,-1,-1,-1,-1,-1,True,,,0.0,0.0,no_entry,False,False,1,1,8badc3e7b306
2026-08-20,US.MSFT,SHORT,False,-1,-1,-1,-1,-1,-1,True,,,0.0,0.0,no_entry,False,False,1,1,8badc3e7b306
2026-08-20,US.MU,LONG,False,-1,-1,-1,-1,-1,-1,True,,,0.0,0.0,no_entry,False,False,1,1,8badc3e7b306
2026-08-20,US.MU,SHORT,False,-1,-1,-1,-1,-1,-1,True,,,0.0,0.0,no_entry,False,False,1,1,8badc3e7b306
2026-08-20,US.NVDA,LONG,False,-1,-1,-1,-1,-1,-1,True,,,0.0,0.0,no_entry,False,False,1,1,8badc3e7b306
2026-08-20,US.NVDA,SHORT,False,-1,-1,-1,-1,-1,-1,True,,,0.0,0.0,no_entry,False,False,1,1,8badc3e7b306
2026-08-20,US.QQQ,LONG,False,-1,-1,-1,-1,-1,-1,True,,,0.0,0.0,no_entry,False,False,1,1,8badc3e7b306
2026-08-20,US.QQQ,SHORT,True,134,164,704,704,734,734,True,710.52,711.14,-0.6200000000000045,-0.000872600349040146,failed_followthrough,False,False,1,1,8badc3e7b306
2026-08-20,US.SPY,LONG,False,-1,-1,-1,-1,-1,-1,True,,,0.0,0.0,no_entry,False,False,1,1,8badc3e7b306
2026-08-20,US.SPY,SHORT,False,-1,-1,-1,-1,-1,-1,True,,,0.0,0.0,no_entry,False,False,1,1,8badc3e7b306
2026-08-20,US.TSLA,LONG,False,-1,-1,-1,-1,-1,-1,True,,,0.0,0.0,no_entry,False,False,1,1,8badc3e7b306
2026-08-20,US.TSLA,SHORT,False,-1,-1,-1,-1,-1,-1,True,,,0.0,0.0,no_entry,False,False,1,1,8badc3e7b306
2026-08-21,US.AAPL,LONG,False,-1,-1,-1,-1,-1,-1,True,,,0.0,0.0,no_entry,False,False,1,1,8badc3e7b306
2026-08-21,US.AAPL,SHORT,False,-1,-1,-1,-1,-1,-1,True,,,0.0,0.0,no_entry,False,False,1,1,8badc3e7b306
2026-08-21,US.AMD,LONG,False,-1,-1,-1,-1,-1,-1,True,,,0.0,0.0,no_entry,False,False,1,1,8badc3e7b306
2026-08-21,US.AMD,SHORT,False,-1,-1,-1,-1,-1,-1,True,,,0.0,0.0,no_entry,False,False,1,1,8badc3e7b306
2026-08-21,US.IWM,LONG,False,-1,-1,-1,-1,-1,-1,True,,,0.0,0.0,no_entry,False,False,1,1,8badc3e7b306
2026-08-21,US.IWM,SHORT,False,-1,-1,-1,-1,-1,-1,True,,,0.0,0.0,no_entry,False,False,1,1,8badc3e7b306
2026-08-21,US.META,LONG,False,-1,-1,-1,-1,-1,-1,True,,,0.0,0.0,no_entry,False,False,1,1,8badc3e7b306
2026-08-21,US.META,SHORT,False,-1,-1,-1,-1,-1,-1,True,,,0.0,0.0,no_entry,False,False,1,1,8badc3e7b306
2026-08-21,US.MSFT,LONG,False,-1,-1,-1,-1,-1,-1,True,,,0.0,0.0,no_entry,False,False,1,1,8badc3e7b306
2026-08-21,US.MSFT,SHORT,False,-1,-1,-1,-1,-1,-1,True,,,0.0,0.0,no_entry,False,False,1,1,8badc3e7b306
2026-08-21,US.MU,LONG,False,-1,-1,-1,-1,-1,-1,True,,,0.0,0.0,no_entry,False,False,1,1,8badc3e7b306
2026-08-21,US.MU,SHORT,False,-1,-1,-1,-1,-1,-1,True,,,0.0,0.0,no_entry,False,False,1,1,8badc3e7b306
2026-08-21,US.NVDA,LONG,False,-1,-1,-1,-1,-1,-1,True,,,0.0,0.0,no_entry,False,False,1,1,8badc3e7b306
2026-08-21,US.NVDA,SHORT,False,-1,-1,-1,-1,-1,-1,True,,,0.0,0.0,no_entry,False,False,1,1,8badc3e7b306
2026-08-21,US.QQQ,LONG,False,-1,-1,-1,-1,-1,-1,True,,,0.0,0.0,no_entry,False,False,1,1,8badc3e7b306
2026-08-21,US.QQQ,SHORT,False,-1,-1,-1,-1,-1,-1,True,,,0.0,0.0,no_entry,False,False,1,1,8badc3e7b306
2026-08-21,US.SPY,LONG,True,152,182,722,722,752,752,True,767.02,766.14,-0.8799999999999955,-0.001147297332533696,failed_followthrough,False,False,1,1,8badc3e7b306
2026-08-21,US.SPY,SHORT,False,-1,-1,-1,-1,-1,-1,True,,,0.0,0.0,no_entry,False,False,1,1,8badc3e7b306
2026-08-21,US.TSLA,LONG,False,-1,-1,-1,-1,-1,-1,True,,,0.0,0.0,no_entry,False,False,1,1,8badc3e7b306
2026-08-21,US.TSLA,SHORT,False,-1,-1,-1,-1,-1,-1,True,,,0.0,0.0,no_entry,False,False,1,1,8badc3e7b306
2026-08-24,US.AAPL,LONG,False,-1,-1,-1,-1,-1,-1,True,,,0.0,0.0,no_entry,False,False,1,1,8badc3e7b306
2026-08-24,US.AAPL,SHORT,False,-1,-1,-1,-1,-1,-1,True,,,0.0,0.0,no_entry,False,False,1,1,8badc3e7b306
2026-08-24,US.AMD,LONG,False,-1,-1,-1,-1,-1,-1,True,,,0.0,0.0,no_entry,False,False,1,1,8badc3e7b306
2026-08-24,US.AMD,SHORT,False,-1,-1,-1,-1,-1,-1,True,,,0.0,0.0,no_entry,False,False,1,1,8badc3e7b306
2026-08-24,US.IWM,LONG,False,-1,-1,-1,-1,-1,-1,True,,,0.0,0.0,no_entry,False,False,1,1,8badc3e7b306
2026-08-24,US.IWM,SHORT,False,-1,-1,-1,-1,-1,-1,True,,,0.0,0.0,no_entry,False,False,1,1,8badc3e7b306
2026-08-24,US.META,LONG,True,128,159,698,698,729,729,True,555.7601,555.77,0.009900000000016007,1.78134414471568e-05,failed_followthrough,False,False,1,1,8badc3e7b306
2026-08-24,US.META,SHORT,False,-1,-1,-1,-1,-1,-1,True,,,0.0,0.0,no_entry,False,False,1,1,8badc3e7b306
2026-08-24,US.MSFT,LONG,False,-1,-1,-1,-1,-1,-1,True,,,0.0,0.0,no_entry,False,False,1,1,8badc3e7b306
2026-08-24,US.MSFT,SHORT,False,-1,-1,-1,-1,-1,-1,True,,,0.0,0.0,no_entry,False,False,1,1,8badc3e7b306
2026-08-24,US.MU,LONG,False,-1,-1,-1,-1,-1,-1,True,,,0.0,0.0,no_entry,False,False,1,1,8badc3e7b306
2026-08-24,US.MU,SHORT,False,-1,-1,-1,-1,-1,-1,True,,,0.0,0.0,no_entry,False,False,1,1,8badc3e7b306
2026-08-24,US.NVDA,LONG,False,-1,-1,-1,-1,-1,-1,True,,,0.0,0.0,no_entry,False,False,1,1,8badc3e7b306
2026-08-24,US.NVDA,SHORT,False,-1,-1,-1,-1,-1,-1,True,,,0.0,0.0,no_entry,False,False,1,1,8badc3e7b306
2026-08-24,US.QQQ,LONG,False,-1,-1,-1,-1,-1,-1,True,,,0.0,0.0,no_entry,False,False,1,1,8badc3e7b306
2026-08-24,US.QQQ,SHORT,False,-1,-1,-1,-1,-1,-1,True,,,0.0,0.0,no_entry,False,False,1,1,8badc3e7b306
2026-08-24,US.SPY,LONG,False,-1,-1,-1,-1,-1,-1,True,,,0.0,0.0,no_entry,False,False,1,1,8badc3e7b306
2026-08-24,US.SPY,SHORT,False,-1,-1,-1,-1,-1,-1,True,,,0.0,0.0,no_entry,False,False,1,1,8badc3e7b306
2026-08-24,US.TSLA,LONG,False,-1,-1,-1,-1,-1,-1,True,,,0.0,0.0,no_entry,False,False,1,1,8badc3e7b306
2026-08-24,US.TSLA,SHORT,False,-1,-1,-1,-1,-1,-1,True,,,0.0,0.0,no_entry,False,False,1,1,8badc3e7b306
2026-08-25,US.AAPL,LONG,False,-1,-1,-1,-1,-1,-1,True,,,0.0,0.0,no_entry,False,False,1,1,8badc3e7b306
2026-08-25,US.AAPL,SHORT,False,-1,-1,-1,-1,-1,-1,True,,,0.0,0.0,no_entry,False,False,1,1,8badc3e7b306
2026-08-25,US.AMD,LONG,False,-1,-1,-1,-1,-1,-1,True,,,0.0,0.0,no_entry,False,False,1,1,8badc3e7b306
2026-08-25,US.AMD,SHORT,False,-1,-1,-1,-1,-1,-1,True,,,0.0,0.0,no_entry,False,False,1,1,8badc3e7b306
2026-08-25,US.IWM,LONG,False,-1,-1,-1,-1,-1,-1,True,,,0.0,0.0,no_entry,False,False,1,1,8badc3e7b306
2026-08-25,US.IWM,SHORT,False,-1,-1,-1,-1,-1,-1,True,,,0.0,0.0,no_entry,False,False,1,1,8badc3e7b306
2026-08-25,US.META,LONG,False,-1,-1,-1,-1,-1,-1,True,,,0.0,0.0,no_entry,False,False,1,1,8badc3e7b306
2026-08-25,US.META,SHORT,False,-1,-1,-1,-1,-1,-1,True,,,0.0,0.0,no_entry,False,False,1,1,8badc3e7b306
2026-08-25,US.MSFT,LONG,False,-1,-1,-1,-1,-1,-1,True,,,0.0,0.0,no_entry,False,False,1,1,8badc3e7b306
2026-08-25,US.MSFT,SHORT,False,-1,-1,-1,-1,-1,-1,True,,,0.0,0.0,no_entry,False,False,1,1,8badc3e7b306
2026-08-25,US.MU,LONG,False,-1,-1,-1,-1,-1,-1,True,,,0.0,0.0,no_entry,False,False,1,1,8badc3e7b306
2026-08-25,US.MU,SHORT,False,-1,-1,-1,-1,-1,-1,True,,,0.0,0.0,no_entry,False,False,1,1,8badc3e7b306
2026-08-25,US.NVDA,LONG,False,-1,-1,-1,-1,-1,-1,True,,,0.0,0.0,no_entry,False,False,1,1,8badc3e7b306
2026-08-25,US.NVDA,SHORT,False,-1,-1,-1,-1,-1,-1,True,,,0.0,0.0,no_entry,False,False,1,1,8badc3e7b306
2026-08-25,US.QQQ,LONG,False,-1,-1,-1,-1,-1,-1,True,,,0.0,0.0,no_entry,False,False,1,1,8badc3e7b306
2026-08-25,US.QQQ,SHORT,False,-1,-1,-1,-1,-1,-1,True,,,0.0,0.0,no_entry,False,False,1,1,8badc3e7b306
2026-08-25,US.SPY,LONG,False,-1,-1,-1,-1,-1,-1,True,,,0.0,0.0,no_entry,False,False,1,1,8badc3e7b306
2026-08-25,US.SPY,SHORT,False,-1,-1,-1,-1,-1,-1,True,,,0.0,0.0,no_entry,False,False,1,1,8badc3e7b306
2026-08-25,US.TSLA,LONG,True,122,132,692,692,702,702,True,353.82,352.2599,-1.5600999999999772,-0.004409304165960028,structural,False,False,1,1,8badc3e7b306
2026-08-25,US.TSLA,SHORT,False,-1,-1,-1,-1,-1,-1,True,,,0.0,0.0,no_entry,False,False,1,1,8badc3e7b306
2026-08-26,US.AAPL,LONG,False,-1,-1,-1,-1,-1,-1,True,,,0.0,0.0,no_entry,False,False,1,1,8badc3e7b306
2026-08-26,US.AAPL,SHORT,False,-1,-1,-1,-1,-1,-1,True,,,0.0,0.0,no_entry,False,False,1,1,8badc3e7b306
2026-08-26,US.AMD,LONG,False,-1,-1,-1,-1,-1,-1,True,,,0.0,0.0,no_entry,False,False,1,1,8badc3e7b306
2026-08-26,US.AMD,SHORT,False,-1,-1,-1,-1,-1,-1,True,,,0.0,0.0,no_entry,False,False,1,1,8badc3e7b306
2026-08-26,US.IWM,LONG,False,-1,-1,-1,-1,-1,-1,True,,,0.0,0.0,no_entry,False,False,1,1,8badc3e7b306
2026-08-26,US.IWM,SHORT,False,-1,-1,-1,-1,-1,-1,True,,,0.0,0.0,no_entry,False,False,1,1,8badc3e7b306
2026-08-26,US.META,LONG,False,-1,-1,-1,-1,-1,-1,True,,,0.0,0.0,no_entry,False,False,1,1,8badc3e7b306
2026-08-26,US.META,SHORT,False,-1,-1,-1,-1,-1,-1,True,,,0.0,0.0,no_entry,False,False,1,1,8badc3e7b306
2026-08-26,US.MSFT,LONG,False,-1,-1,-1,-1,-1,-1,True,,,0.0,0.0,no_entry,False,False,1,1,8badc3e7b306
2026-08-26,US.MSFT,SHORT,False,-1,-1,-1,-1,-1,-1,True,,,0.0,0.0,no_entry,False,False,1,1,8badc3e7b306
2026-08-26,US.MU,LONG,False,-1,-1,-1,-1,-1,-1,True,,,0.0,0.0,no_entry,False,False,1,1,8badc3e7b306
2026-08-26,US.MU,SHORT,False,-1,-1,-1,-1,-1,-1,True,,,0.0,0.0,no_entry,False,False,1,1,8badc3e7b306
2026-08-26,US.NVDA,LONG,False,-1,-1,-1,-1,-1,-1,True,,,0.0,0.0,no_entry,False,False,1,1,8badc3e7b306
2026-08-26,US.NVDA,SHORT,False,-1,-1,-1,-1,-1,-1,True,,,0.0,0.0,no_entry,False,False,1,1,8badc3e7b306
2026-08-26,US.QQQ,LONG,False,-1,-1,-1,-1,-1,-1,True,,,0.0,0.0,no_entry,False,False,1,1,8badc3e7b306
2026-08-26,US.QQQ,SHORT,False,-1,-1,-1,-1,-1,-1,True,,,0.0,0.0,no_entry,False,False,1,1,8badc3e7b306
2026-08-26,US.SPY,LONG,False,-1,-1,-1,-1,-1,-1,True,,,0.0,0.0,no_entry,False,False,1,1,8badc3e7b306
2026-08-26,US.SPY,SHORT,False,-1,-1,-1,-1,-1,-1,True,,,0.0,0.0,no_entry,False,False,1,1,8badc3e7b306
2026-08-26,US.TSLA,LONG,False,-1,-1,-1,-1,-1,-1,True,,,0.0,0.0,no_entry,False,False,1,1,8badc3e7b306
2026-08-26,US.TSLA,SHORT,False,-1,-1,-1,-1,-1,-1,True,,,0.0,0.0,no_entry,False,False,1,1,8badc3e7b306
2026-08-27,US.AAPL,LONG,False,-1,-1,-1,-1,-1,-1,True,,,0.0,0.0,no_entry,False,False,1,1,8badc3e7b306
2026-08-27,US.AAPL,SHORT,False,-1,-1,-1,-1,-1,-1,True,,,0.0,0.0,no_entry,False,False,1,1,8badc3e7b306
2026-08-27,US.AMD,LONG,False,-1,-1,-1,-1,-1,-1,True,,,0.0,0.0,no_entry,False,False,1,1,8badc3e7b306
2026-08-27,US.AMD,SHORT,False,-1,-1,-1,-1,-1,-1,True,,,0.0,0.0,no_entry,False,False,1,1,8badc3e7b306
2026-08-27,US.IWM,LONG,False,-1,-1,-1,-1,-1,-1,True,,,0.0,0.0,no_entry,False,False,1,1,8badc3e7b306
2026-08-27,US.IWM,SHORT,False,-1,-1,-1,-1,-1,-1,True,,,0.0,0.0,no_entry,False,False,1,1,8badc3e7b306
2026-08-27,US.META,LONG,False,-1,-1,-1,-1,-1,-1,True,,,0.0,0.0,no_entry,False,False,1,1,8badc3e7b306
2026-08-27,US.META,SHORT,False,-1,-1,-1,-1,-1,-1,True,,,0.0,0.0,no_entry,False,False,1,1,8badc3e7b306
2026-08-27,US.MSFT,LONG,False,-1,-1,-1,-1,-1,-1,True,,,0.0,0.0,no_entry,False,False,1,1,8badc3e7b306
2026-08-27,US.MSFT,SHORT,False,-1,-1,-1,-1,-1,-1,True,,,0.0,0.0,no_entry,False,False,1,1,8badc3e7b306
2026-08-27,US.MU,LONG,False,-1,-1,-1,-1,-1,-1,True,,,0.0,0.0,no_entry,False,False,1,1,8badc3e7b306
2026-08-27,US.MU,SHORT,False,-1,-1,-1,-1,-1,-1,True,,,0.0,0.0,no_entry,False,False,1,1,8badc3e7b306
2026-08-27,US.NVDA,LONG,False,-1,-1,-1,-1,-1,-1,True,,,0.0,0.0,no_entry,False,False,1,1,8badc3e7b306
2026-08-27,US.NVDA,SHORT,False,-1,-1,-1,-1,-1,-1,True,,,0.0,0.0,no_entry,False,False,1,1,8badc3e7b306
2026-08-27,US.QQQ,LONG,False,-1,-1,-1,-1,-1,-1,True,,,0.0,0.0,no_entry,False,False,1,1,8badc3e7b306
2026-08-27,US.QQQ,SHORT,False,-1,-1,-1,-1,-1,-1,True,,,0.0,0.0,no_entry,False,False,1,1,8badc3e7b306
2026-08-27,US.SPY,LONG,False,-1,-1,-1,-1,-1,-1,True,,,0.0,0.0,no_entry,False,False,1,1,8badc3e7b306
2026-08-27,US.SPY,SHORT,False,-1,-1,-1,-1,-1,-1,True,,,0.0,0.0,no_entry,False,False,1,1,8badc3e7b306
2026-08-27,US.TSLA,LONG,False,-1,-1,-1,-1,-1,-1,True,,,0.0,0.0,no_entry,False,False,1,1,8badc3e7b306
2026-08-27,US.TSLA,SHORT,False,-1,-1,-1,-1,-1,-1,True,,,0.0,0.0,no_entry,False,False,1,1,8badc3e7b306
2026-08-28,US.AAPL,LONG,False,-1,-1,-1,-1,-1,-1,True,,,0.0,0.0,no_entry,False,False,1,1,8badc3e7b306
2026-08-28,US.AAPL,SHORT,False,-1,-1,-1,-1,-1,-1,True,,,0.0,0.0,no_entry,False,False,1,1,8badc3e7b306
2026-08-28,US.AMD,LONG,True,87,117,657,657,687,687,True,478.405,474.7154,-3.6895999999999844,-0.007712293976860578,failed_followthrough,False,False,1,1,8badc3e7b306
2026-08-28,US.AMD,SHORT,False,-1,-1,-1,-1,-1,-1,True,,,0.0,0.0,no_entry,False,False,1,1,8badc3e7b306
2026-08-28,US.IWM,LONG,False,-1,-1,-1,-1,-1,-1,True,,,0.0,0.0,no_entry,False,False,1,1,8badc3e7b306
2026-08-28,US.IWM,SHORT,False,-1,-1,-1,-1,-1,-1,True,,,0.0,0.0,no_entry,False,False,1,1,8badc3e7b306
2026-08-28,US.META,LONG,False,-1,-1,-1,-1,-1,-1,True,,,0.0,0.0,no_entry,False,False,1,1,8badc3e7b306
2026-08-28,US.META,SHORT,False,-1,-1,-1,-1,-1,-1,True,,,0.0,0.0,no_entry,False,False,1,1,8badc3e7b306
2026-08-28,US.MSFT,LONG,False,-1,-1,-1,-1,-1,-1,True,,,0.0,0.0,no_entry,False,False,1,1,8badc3e7b306
2026-08-28,US.MSFT,SHORT,False,-1,-1,-1,-1,-1,-1,True,,,0.0,0.0,no_entry,False,False,1,1,8badc3e7b306
2026-08-28,US.MU,LONG,False,-1,-1,-1,-1,-1,-1,True,,,0.0,0.0,no_entry,False,False,1,1,8badc3e7b306
2026-08-28,US.MU,SHORT,False,-1,-1,-1,-1,-1,-1,True,,,0.0,0.0,no_entry,False,False,1,1,8badc3e7b306
2026-08-28,US.NVDA,LONG,False,-1,-1,-1,-1,-1,-1,True,,,0.0,0.0,no_entry,False,False,1,1,8badc3e7b306
2026-08-28,US.NVDA,SHORT,False,-1,-1,-1,-1,-1,-1,True,,,0.0,0.0,no_entry,False,False,1,1,8badc3e7b306
2026-08-28,US.QQQ,LONG,False,-1,-1,-1,-1,-1,-1,True,,,0.0,0.0,no_entry,False,False,1,1,8badc3e7b306
2026-08-28,US.QQQ,SHORT,False,-1,-1,-1,-1,-1,-1,True,,,0.0,0.0,no_entry,False,False,1,1,8badc3e7b306
2026-08-28,US.SPY,LONG,False,-1,-1,-1,-1,-1,-1,True,,,0.0,0.0,no_entry,False,False,1,1,8badc3e7b306
2026-08-28,US.SPY,SHORT,False,-1,-1,-1,-1,-1,-1,True,,,0.0,0.0,no_entry,False,False,1,1,8badc3e7b306
2026-08-28,US.TSLA,LONG,False,-1,-1,-1,-1,-1,-1,True,,,0.0,0.0,no_entry,False,False,1,1,8badc3e7b306
2026-08-28,US.TSLA,SHORT,False,-1,-1,-1,-1,-1,-1,True,,,0.0,0.0,no_entry,False,False,1,1,8badc3e7b306
2026-08-31,US.AAPL,LONG,False,-1,-1,-1,-1,-1,-1,True,,,0.0,0.0,no_entry,False,False,1,1,8badc3e7b306
2026-08-31,US.AAPL,SHORT,False,-1,-1,-1,-1,-1,-1,True,,,0.0,0.0,no_entry,False,False,1,1,8badc3e7b306
2026-08-31,US.AMD,LONG,False,-1,-1,-1,-1,-1,-1,True,,,0.0,0.0,no_entry,False,False,1,1,8badc3e7b306
2026-08-31,US.AMD,SHORT,False,-1,-1,-1,-1,-1,-1,True,,,0.0,0.0,no_entry,False,False,1,1,8badc3e7b306
2026-08-31,US.IWM,LONG,False,-1,-1,-1,-1,-1,-1,True,,,0.0,0.0,no_entry,False,False,1,1,8badc3e7b306
2026-08-31,US.IWM,SHORT,False,-1,-1,-1,-1,-1,-1,True,,,0.0,0.0,no_entry,False,False,1,1,8badc3e7b306
2026-08-31,US.META,LONG,False,-1,-1,-1,-1,-1,-1,True,,,0.0,0.0,no_entry,False,False,1,1,8badc3e7b306
2026-08-31,US.META,SHORT,False,-1,-1,-1,-1,-1,-1,True,,,0.0,0.0,no_entry,False,False,1,1,8badc3e7b306
2026-08-31,US.MSFT,LONG,False,-1,-1,-1,-1,-1,-1,True,,,0.0,0.0,no_entry,False,False,1,1,8badc3e7b306
2026-08-31,US.MSFT,SHORT,False,-1,-1,-1,-1,-1,-1,True,,,0.0,0.0,no_entry,False,False,1,1,8badc3e7b306
2026-08-31,US.MU,LONG,False,-1,-1,-1,-1,-1,-1,True,,,0.0,0.0,no_entry,False,False,1,1,8badc3e7b306
2026-08-31,US.MU,SHORT,False,-1,-1,-1,-1,-1,-1,True,,,0.0,0.0,no_entry,False,False,1,1,8badc3e7b306
2026-08-31,US.NVDA,LONG,False,-1,-1,-1,-1,-1,-1,True,,,0.0,0.0,no_entry,False,False,1,1,8badc3e7b306
2026-08-31,US.NVDA,SHORT,False,-1,-1,-1,-1,-1,-1,True,,,0.0,0.0,no_entry,False,False,1,1,8badc3e7b306
2026-08-31,US.QQQ,LONG,False,-1,-1,-1,-1,-1,-1,True,,,0.0,0.0,no_entry,False,False,1,1,8badc3e7b306
2026-08-31,US.QQQ,SHORT,False,-1,-1,-1,-1,-1,-1,True,,,0.0,0.0,no_entry,False,False,1,1,8badc3e7b306
2026-08-31,US.SPY,LONG,False,-1,-1,-1,-1,-1,-1,True,,,0.0,0.0,no_entry,False,False,1,1,8badc3e7b306
2026-08-31,US.SPY,SHORT,False,-1,-1,-1,-1,-1,-1,True,,,0.0,0.0,no_entry,False,False,1,1,8badc3e7b306
2026-08-31,US.TSLA,LONG,False,-1,-1,-1,-1,-1,-1,True,,,0.0,0.0,no_entry,False,False,1,1,8badc3e7b306
2026-08-31,US.TSLA,SHORT,False,-1,-1,-1,-1,-1,-1,True,,,0.0,0.0,no_entry,False,False,1,1,8badc3e7b306
2026-09-01,US.AAPL,LONG,False,-1,-1,-1,-1,-1,-1,True,,,0.0,0.0,no_entry,False,False,1,1,8badc3e7b306
2026-09-01,US.AAPL,SHORT,False,-1,-1,-1,-1,-1,-1,True,,,0.0,0.0,no_entry,False,False,1,1,8badc3e7b306
2026-09-01,US.AMD,LONG,False,-1,-1,-1,-1,-1,-1,True,,,0.0,0.0,no_entry,False,False,1,1,8badc3e7b306
2026-09-01,US.AMD,SHORT,False,-1,-1,-1,-1,-1,-1,True,,,0.0,0.0,no_entry,False,False,1,1,8badc3e7b306
2026-09-01,US.IWM,LONG,False,-1,-1,-1,-1,-1,-1,True,,,0.0,0.0,no_entry,False,False,1,1,8badc3e7b306
2026-09-01,US.IWM,SHORT,False,-1,-1,-1,-1,-1,-1,True,,,0.0,0.0,no_entry,False,False,1,1,8badc3e7b306
2026-09-01,US.META,LONG,False,-1,-1,-1,-1,-1,-1,True,,,0.0,0.0,no_entry,False,False,1,1,8badc3e7b306
2026-09-01,US.META,SHORT,False,-1,-1,-1,-1,-1,-1,True,,,0.0,0.0,no_entry,False,False,1,1,8badc3e7b306
2026-09-01,US.MSFT,LONG,False,-1,-1,-1,-1,-1,-1,True,,,0.0,0.0,no_entry,False,False,1,1,8badc3e7b306
2026-09-01,US.MSFT,SHORT,False,-1,-1,-1,-1,-1,-1,True,,,0.0,0.0,no_entry,False,False,1,1,8badc3e7b306
2026-09-01,US.MU,LONG,True,110,156,680,680,726,726,True,953.67,954.8499,1.1799000000000888,0.0012372204221587015,structural,False,False,1,1,8badc3e7b306
2026-09-01,US.MU,SHORT,False,-1,-1,-1,-1,-1,-1,True,,,0.0,0.0,no_entry,False,False,1,1,8badc3e7b306
2026-09-01,US.NVDA,LONG,False,-1,-1,-1,-1,-1,-1,True,,,0.0,0.0,no_entry,False,False,1,1,8badc3e7b306
2026-09-01,US.NVDA,SHORT,False,-1,-1,-1,-1,-1,-1,True,,,0.0,0.0,no_entry,False,False,1,1,8badc3e7b306
2026-09-01,US.QQQ,LONG,False,-1,-1,-1,-1,-1,-1,True,,,0.0,0.0,no_entry,False,False,1,1,8badc3e7b306
2026-09-01,US.QQQ,SHORT,False,-1,-1,-1,-1,-1,-1,True,,,0.0,0.0,no_entry,False,False,1,1,8badc3e7b306
2026-09-01,US.SPY,LONG,False,-1,-1,-1,-1,-1,-1,True,,,0.0,0.0,no_entry,False,False,1,1,8badc3e7b306
2026-09-01,US.SPY,SHORT,False,-1,-1,-1,-1,-1,-1,True,,,0.0,0.0,no_entry,False,False,1,1,8badc3e7b306
2026-09-01,US.TSLA,LONG,False,-1,-1,-1,-1,-1,-1,True,,,0.0,0.0,no_entry,False,False,1,1,8badc3e7b306
2026-09-01,US.TSLA,SHORT,False,-1,-1,-1,-1,-1,-1,True,,,0.0,0.0,no_entry,False,False,1,1,8badc3e7b306
2026-09-02,US.AAPL,LONG,False,-1,-1,-1,-1,-1,-1,True,,,0.0,0.0,no_entry,False,False,1,1,8badc3e7b306
2026-09-02,US.AAPL,SHORT,False,-1,-1,-1,-1,-1,-1,True,,,0.0,0.0,no_entry,False,False,1,1,8badc3e7b306
2026-09-02,US.AMD,LONG,False,-1,-1,-1,-1,-1,-1,True,,,0.0,0.0,no_entry,False,False,1,1,8badc3e7b306
2026-09-02,US.AMD,SHORT,False,-1,-1,-1,-1,-1,-1,True,,,0.0,0.0,no_entry,False,False,1,1,8badc3e7b306
2026-09-02,US.IWM,LONG,False,-1,-1,-1,-1,-1,-1,True,,,0.0,0.0,no_entry,False,False,1,1,8badc3e7b306
2026-09-02,US.IWM,SHORT,False,-1,-1,-1,-1,-1,-1,True,,,0.0,0.0,no_entry,False,False,1,1,8badc3e7b306
2026-09-02,US.META,LONG,False,-1,-1,-1,-1,-1,-1,True,,,0.0,0.0,no_entry,False,False,1,1,8badc3e7b306
2026-09-02,US.META,SHORT,False,-1,-1,-1,-1,-1,-1,True,,,0.0,0.0,no_entry,False,False,1,1,8badc3e7b306
2026-09-02,US.MSFT,LONG,False,-1,-1,-1,-1,-1,-1,True,,,0.0,0.0,no_entry,False,False,1,1,8badc3e7b306
2026-09-02,US.MSFT,SHORT,False,-1,-1,-1,-1,-1,-1,True,,,0.0,0.0,no_entry,False,False,1,1,8badc3e7b306
2026-09-02,US.MU,LONG,False,-1,-1,-1,-1,-1,-1,True,,,0.0,0.0,no_entry,False,False,1,1,8badc3e7b306
2026-09-02,US.MU,SHORT,False,-1,-1,-1,-1,-1,-1,True,,,0.0,0.0,no_entry,False,False,1,1,8badc3e7b306
2026-09-02,US.NVDA,LONG,False,-1,-1,-1,-1,-1,-1,True,,,0.0,0.0,no_entry,False,False,1,1,8badc3e7b306
2026-09-02,US.NVDA,SHORT,False,-1,-1,-1,-1,-1,-1,True,,,0.0,0.0,no_entry,False,False,1,1,8badc3e7b306
2026-09-02,US.QQQ,LONG,False,-1,-1,-1,-1,-1,-1,True,,,0.0,0.0,no_entry,False,False,1,1,8badc3e7b306
2026-09-02,US.QQQ,SHORT,False,-1,-1,-1,-1,-1,-1,True,,,0.0,0.0,no_entry,False,False,1,1,8badc3e7b306
2026-09-02,US.SPY,LONG,False,-1,-1,-1,-1,-1,-1,True,,,0.0,0.0,no_entry,False,False,1,1,8badc3e7b306
2026-09-02,US.SPY,SHORT,False,-1,-1,-1,-1,-1,-1,True,,,0.0,0.0,no_entry,False,False,1,1,8badc3e7b306
2026-09-02,US.TSLA,LONG,False,-1,-1,-1,-1,-1,-1,True,,,0.0,0.0,no_entry,False,False,1,1,8badc3e7b306
2026-09-02,US.TSLA,SHORT,False,-1,-1,-1,-1,-1,-1,True,,,0.0,0.0,no_entry,False,False,1,1,8badc3e7b306
2026-09-03,US.AAPL,LONG,False,-1,-1,-1,-1,-1,-1,True,,,0.0,0.0,no_entry,False,False,1,1,8badc3e7b306
2026-09-03,US.AAPL,SHORT,False,-1,-1,-1,-1,-1,-1,True,,,0.0,0.0,no_entry,False,False,1,1,8badc3e7b306
2026-09-03,US.AMD,LONG,False,-1,-1,-1,-1,-1,-1,True,,,0.0,0.0,no_entry,False,False,1,1,8badc3e7b306
2026-09-03,US.AMD,SHORT,False,-1,-1,-1,-1,-1,-1,True,,,0.0,0.0,no_entry,False,False,1,1,8badc3e7b306
2026-09-03,US.IWM,LONG,False,-1,-1,-1,-1,-1,-1,True,,,0.0,0.0,no_entry,False,False,1,1,8badc3e7b306
2026-09-03,US.IWM,SHORT,False,-1,-1,-1,-1,-1,-1,True,,,0.0,0.0,no_entry,False,False,1,1,8badc3e7b306
2026-09-03,US.META,LONG,False,-1,-1,-1,-1,-1,-1,True,,,0.0,0.0,no_entry,False,False,1,1,8badc3e7b306
2026-09-03,US.META,SHORT,False,-1,-1,-1,-1,-1,-1,True,,,0.0,0.0,no_entry,False,False,1,1,8badc3e7b306
2026-09-03,US.MSFT,LONG,False,-1,-1,-1,-1,-1,-1,True,,,0.0,0.0,no_entry,False,False,1,1,8badc3e7b306
2026-09-03,US.MSFT,SHORT,False,-1,-1,-1,-1,-1,-1,True,,,0.0,0.0,no_entry,False,False,1,1,8badc3e7b306
2026-09-03,US.MU,LONG,False,-1,-1,-1,-1,-1,-1,True,,,0.0,0.0,no_entry,False,False,1,1,8badc3e7b306
2026-09-03,US.MU,SHORT,False,-1,-1,-1,-1,-1,-1,True,,,0.0,0.0,no_entry,False,False,1,1,8badc3e7b306
2026-09-03,US.NVDA,LONG,False,-1,-1,-1,-1,-1,-1,True,,,0.0,0.0,no_entry,False,False,1,1,8badc3e7b306
2026-09-03,US.NVDA,SHORT,False,-1,-1,-1,-1,-1,-1,True,,,0.0,0.0,no_entry,False,False,1,1,8badc3e7b306
2026-09-03,US.QQQ,LONG,False,-1,-1,-1,-1,-1,-1,True,,,0.0,0.0,no_entry,False,False,1,1,8badc3e7b306
2026-09-03,US.QQQ,SHORT,False,-1,-1,-1,-1,-1,-1,True,,,0.0,0.0,no_entry,False,False,1,1,8badc3e7b306
2026-09-03,US.SPY,LONG,False,-1,-1,-1,-1,-1,-1,True,,,0.0,0.0,no_entry,False,False,1,1,8badc3e7b306
2026-09-03,US.SPY,SHORT,False,-1,-1,-1,-1,-1,-1,True,,,0.0,0.0,no_entry,False,False,1,1,8badc3e7b306
2026-09-03,US.TSLA,LONG,False,-1,-1,-1,-1,-1,-1,True,,,0.0,0.0,no_entry,False,False,1,1,8badc3e7b306
2026-09-03,US.TSLA,SHORT,False,-1,-1,-1,-1,-1,-1,True,,,0.0,0.0,no_entry,False,False,1,1,8badc3e7b306
2026-09-04,US.AAPL,LONG,False,-1,-1,-1,-1,-1,-1,True,,,0.0,0.0,no_entry,False,False,1,1,8badc3e7b306
2026-09-04,US.AAPL,SHORT,False,-1,-1,-1,-1,-1,-1,True,,,0.0,0.0,no_entry,False,False,1,1,8badc3e7b306
2026-09-04,US.AMD,LONG,False,-1,-1,-1,-1,-1,-1,True,,,0.0,0.0,no_entry,False,False,1,1,8badc3e7b306
2026-09-04,US.AMD,SHORT,False,-1,-1,-1,-1,-1,-1,True,,,0.0,0.0,no_entry,False,False,1,1,8badc3e7b306
2026-09-04,US.IWM,LONG,False,-1,-1,-1,-1,-1,-1,True,,,0.0,0.0,no_entry,False,False,1,1,8badc3e7b306
2026-09-04,US.IWM,SHORT,False,-1,-1,-1,-1,-1,-1,True,,,0.0,0.0,no_entry,False,False,1,1,8badc3e7b306
2026-09-04,US.META,LONG,False,-1,-1,-1,-1,-1,-1,True,,,0.0,0.0,no_entry,False,False,1,1,8badc3e7b306
2026-09-04,US.META,SHORT,False,-1,-1,-1,-1,-1,-1,True,,,0.0,0.0,no_entry,False,False,1,1,8badc3e7b306
2026-09-04,US.MSFT,LONG,False,-1,-1,-1,-1,-1,-1,True,,,0.0,0.0,no_entry,False,False,1,1,8badc3e7b306
2026-09-04,US.MSFT,SHORT,False,-1,-1,-1,-1,-1,-1,True,,,0.0,0.0,no_entry,False,False,1,1,8badc3e7b306
2026-09-04,US.MU,LONG,True,200,230,770,770,800,800,True,1004.795,999.35,-5.444999999999936,-0.005419015819147126,failed_followthrough,False,False,1,1,8badc3e7b306
2026-09-04,US.MU,SHORT,False,-1,-1,-1,-1,-1,-1,True,,,0.0,0.0,no_entry,False,False,1,1,8badc3e7b306
2026-09-04,US.NVDA,LONG,False,-1,-1,-1,-1,-1,-1,True,,,0.0,0.0,no_entry,False,False,1,1,8badc3e7b306
2026-09-04,US.NVDA,SHORT,False,-1,-1,-1,-1,-1,-1,True,,,0.0,0.0,no_entry,False,False,1,1,8badc3e7b306
2026-09-04,US.QQQ,LONG,False,-1,-1,-1,-1,-1,-1,True,,,0.0,0.0,no_entry,False,False,1,1,8badc3e7b306
2026-09-04,US.QQQ,SHORT,True,100,375,670,670,-1,945,True,717.91,718.299,-0.38900000000001,-0.000541850649802914,scheduled_flatten,True,False,1,1,8badc3e7b306
2026-09-04,US.SPY,LONG,False,-1,-1,-1,-1,-1,-1,True,,,0.0,0.0,no_entry,False,False,1,1,8badc3e7b306
2026-09-04,US.SPY,SHORT,False,-1,-1,-1,-1,-1,-1,True,,,0.0,0.0,no_entry,False,False,1,1,8badc3e7b306
2026-09-04,US.TSLA,LONG,False,-1,-1,-1,-1,-1,-1,True,,,0.0,0.0,no_entry,False,False,1,1,8badc3e7b306
2026-09-04,US.TSLA,SHORT,False,-1,-1,-1,-1,-1,-1,True,,,0.0,0.0,no_entry,False,False,1,1,8badc3e7b306
2026-09-08,US.AAPL,LONG,False,-1,-1,-1,-1,-1,-1,True,,,0.0,0.0,no_entry,False,False,1,1,8badc3e7b306
2026-09-08,US.AAPL,SHORT,False,-1,-1,-1,-1,-1,-1,True,,,0.0,0.0,no_entry,False,False,1,1,8badc3e7b306
2026-09-08,US.AMD,LONG,False,-1,-1,-1,-1,-1,-1,True,,,0.0,0.0,no_entry,False,False,1,1,8badc3e7b306
2026-09-08,US.AMD,SHORT,False,-1,-1,-1,-1,-1,-1,True,,,0.0,0.0,no_entry,False,False,1,1,8badc3e7b306
2026-09-08,US.IWM,LONG,False,-1,-1,-1,-1,-1,-1,True,,,0.0,0.0,no_entry,False,False,1,1,8badc3e7b306
2026-09-08,US.IWM,SHORT,False,-1,-1,-1,-1,-1,-1,True,,,0.0,0.0,no_entry,False,False,1,1,8badc3e7b306
2026-09-08,US.META,LONG,False,-1,-1,-1,-1,-1,-1,True,,,0.0,0.0,no_entry,False,False,1,1,8badc3e7b306
2026-09-08,US.META,SHORT,False,-1,-1,-1,-1,-1,-1,True,,,0.0,0.0,no_entry,False,False,1,1,8badc3e7b306
2026-09-08,US.MSFT,LONG,False,-1,-1,-1,-1,-1,-1,True,,,0.0,0.0,no_entry,False,False,1,1,8badc3e7b306
2026-09-08,US.MSFT,SHORT,False,-1,-1,-1,-1,-1,-1,True,,,0.0,0.0,no_entry,False,False,1,1,8badc3e7b306
2026-09-08,US.MU,LONG,False,-1,-1,-1,-1,-1,-1,True,,,0.0,0.0,no_entry,False,False,1,1,8badc3e7b306
2026-09-08,US.MU,SHORT,False,-1,-1,-1,-1,-1,-1,True,,,0.0,0.0,no_entry,False,False,1,1,8badc3e7b306
2026-09-08,US.NVDA,LONG,False,-1,-1,-1,-1,-1,-1,True,,,0.0,0.0,no_entry,False,False,1,1,8badc3e7b306
2026-09-08,US.NVDA,SHORT,False,-1,-1,-1,-1,-1,-1,True,,,0.0,0.0,no_entry,False,False,1,1,8badc3e7b306
2026-09-08,US.QQQ,LONG,False,-1,-1,-1,-1,-1,-1,True,,,0.0,0.0,no_entry,False,False,1,1,8badc3e7b306
2026-09-08,US.QQQ,SHORT,False,-1,-1,-1,-1,-1,-1,True,,,0.0,0.0,no_entry,False,False,1,1,8badc3e7b306
2026-09-08,US.SPY,LONG,False,-1,-1,-1,-1,-1,-1,True,,,0.0,0.0,no_entry,False,False,1,1,8badc3e7b306
2026-09-08,US.SPY,SHORT,False,-1,-1,-1,-1,-1,-1,True,,,0.0,0.0,no_entry,False,False,1,1,8badc3e7b306
2026-09-08,US.TSLA,LONG,False,-1,-1,-1,-1,-1,-1,True,,,0.0,0.0,no_entry,False,False,1,1,8badc3e7b306
2026-09-08,US.TSLA,SHORT,False,-1,-1,-1,-1,-1,-1,True,,,0.0,0.0,no_entry,False,False,1,1,8badc3e7b306
2026-09-09,US.AAPL,LONG,False,-1,-1,-1,-1,-1,-1,True,,,0.0,0.0,no_entry,False,False,1,1,8badc3e7b306
2026-09-09,US.AAPL,SHORT,False,-1,-1,-1,-1,-1,-1,True,,,0.0,0.0,no_entry,False,False,1,1,8badc3e7b306
2026-09-09,US.AMD,LONG,False,-1,-1,-1,-1,-1,-1,True,,,0.0,0.0,no_entry,False,False,1,1,8badc3e7b306
2026-09-09,US.AMD,SHORT,False,-1,-1,-1,-1,-1,-1,True,,,0.0,0.0,no_entry,False,False,1,1,8badc3e7b306
2026-09-09,US.IWM,LONG,False,-1,-1,-1,-1,-1,-1,True,,,0.0,0.0,no_entry,False,False,1,1,8badc3e7b306
2026-09-09,US.IWM,SHORT,False,-1,-1,-1,-1,-1,-1,True,,,0.0,0.0,no_entry,False,False,1,1,8badc3e7b306
2026-09-09,US.META,LONG,False,-1,-1,-1,-1,-1,-1,True,,,0.0,0.0,no_entry,False,False,1,1,8badc3e7b306
2026-09-09,US.META,SHORT,False,-1,-1,-1,-1,-1,-1,True,,,0.0,0.0,no_entry,False,False,1,1,8badc3e7b306
2026-09-09,US.MSFT,LONG,False,-1,-1,-1,-1,-1,-1,True,,,0.0,0.0,no_entry,False,False,1,1,8badc3e7b306
2026-09-09,US.MSFT,SHORT,False,-1,-1,-1,-1,-1,-1,True,,,0.0,0.0,no_entry,False,False,1,1,8badc3e7b306
2026-09-09,US.MU,LONG,False,-1,-1,-1,-1,-1,-1,True,,,0.0,0.0,no_entry,False,False,1,1,8badc3e7b306
2026-09-09,US.MU,SHORT,False,-1,-1,-1,-1,-1,-1,True,,,0.0,0.0,no_entry,False,False,1,1,8badc3e7b306
2026-09-09,US.NVDA,LONG,False,-1,-1,-1,-1,-1,-1,True,,,0.0,0.0,no_entry,False,False,1,1,8badc3e7b306
2026-09-09,US.NVDA,SHORT,False,-1,-1,-1,-1,-1,-1,True,,,0.0,0.0,no_entry,False,False,1,1,8badc3e7b306
2026-09-09,US.QQQ,LONG,False,-1,-1,-1,-1,-1,-1,True,,,0.0,0.0,no_entry,False,False,1,1,8badc3e7b306
2026-09-09,US.QQQ,SHORT,False,-1,-1,-1,-1,-1,-1,True,,,0.0,0.0,no_entry,False,False,1,1,8badc3e7b306
2026-09-09,US.SPY,LONG,False,-1,-1,-1,-1,-1,-1,True,,,0.0,0.0,no_entry,False,False,1,1,8badc3e7b306
2026-09-09,US.SPY,SHORT,True,132,201,702,702,771,771,True,762.15,762.84,-0.6900000000000546,-0.00090533359574894,structural,False,False,1,1,8badc3e7b306
2026-09-09,US.TSLA,LONG,False,-1,-1,-1,-1,-1,-1,True,,,0.0,0.0,no_entry,False,False,1,1,8badc3e7b306
2026-09-09,US.TSLA,SHORT,False,-1,-1,-1,-1,-1,-1,True,,,0.0,0.0,no_entry,False,False,1,1,8badc3e7b306
2026-09-10,US.AAPL,LONG,False,-1,-1,-1,-1,-1,-1,True,,,0.0,0.0,no_entry,False,False,1,1,8badc3e7b306
2026-09-10,US.AAPL,SHORT,False,-1,-1,-1,-1,-1,-1,True,,,0.0,0.0,no_entry,False,False,1,1,8badc3e7b306
2026-09-10,US.AMD,LONG,False,-1,-1,-1,-1,-1,-1,True,,,0.0,0.0,no_entry,False,False,1,1,8badc3e7b306
2026-09-10,US.AMD,SHORT,False,-1,-1,-1,-1,-1,-1,True,,,0.0,0.0,no_entry,False,False,1,1,8badc3e7b306
2026-09-10,US.IWM,LONG,False,-1,-1,-1,-1,-1,-1,True,,,0.0,0.0,no_entry,False,False,1,1,8badc3e7b306
2026-09-10,US.IWM,SHORT,False,-1,-1,-1,-1,-1,-1,True,,,0.0,0.0,no_entry,False,False,1,1,8badc3e7b306
2026-09-10,US.META,LONG,False,-1,-1,-1,-1,-1,-1,True,,,0.0,0.0,no_entry,False,False,1,1,8badc3e7b306
2026-09-10,US.META,SHORT,False,-1,-1,-1,-1,-1,-1,True,,,0.0,0.0,no_entry,False,False,1,1,8badc3e7b306
2026-09-10,US.MSFT,LONG,True,164,248,734,734,818,818,True,492.095,491.93,-0.16500000000002046,-0.0003353011105579623,structural,False,False,1,1,8badc3e7b306
2026-09-10,US.MSFT,SHORT,False,-1,-1,-1,-1,-1,-1,True,,,0.0,0.0,no_entry,False,False,1,1,8badc3e7b306
2026-09-10,US.MU,LONG,False,-1,-1,-1,-1,-1,-1,True,,,0.0,0.0,no_entry,False,False,1,1,8badc3e7b306
2026-09-10,US.MU,SHORT,True,158,291,728,728,861,861,True,980.75,984.0126,-3.2626000000000204,-0.0033266377772113386,structural,False,False,1,1,8badc3e7b306
2026-09-10,US.NVDA,LONG,False,-1,-1,-1,-1,-1,-1,True,,,0.0,0.0,no_entry,False,False,1,1,8badc3e7b306
2026-09-10,US.NVDA,SHORT,False,-1,-1,-1,-1,-1,-1,True,,,0.0,0.0,no_entry,False,False,1,1,8badc3e7b306
2026-09-10,US.QQQ,LONG,False,-1,-1,-1,-1,-1,-1,True,,,0.0,0.0,no_entry,False,False,1,1,8badc3e7b306
2026-09-10,US.QQQ,SHORT,False,-1,-1,-1,-1,-1,-1,True,,,0.0,0.0,no_entry,False,False,1,1,8badc3e7b306
2026-09-10,US.SPY,LONG,False,-1,-1,-1,-1,-1,-1,True,,,0.0,0.0,no_entry,False,False,1,1,8badc3e7b306
2026-09-10,US.SPY,SHORT,False,-1,-1,-1,-1,-1,-1,True,,,0.0,0.0,no_entry,False,False,1,1,8badc3e7b306
2026-09-10,US.TSLA,LONG,False,-1,-1,-1,-1,-1,-1,True,,,0.0,0.0,no_entry,False,False,1,1,8badc3e7b306
2026-09-10,US.TSLA,SHORT,False,-1,-1,-1,-1,-1,-1,True,,,0.0,0.0,no_entry,False,False,1,1,8badc3e7b306
2026-09-11,US.AAPL,LONG,False,-1,-1,-1,-1,-1,-1,True,,,0.0,0.0,no_entry,False,False,1,1,8badc3e7b306
2026-09-11,US.AAPL,SHORT,False,-1,-1,-1,-1,-1,-1,True,,,0.0,0.0,no_entry,False,False,1,1,8badc3e7b306
2026-09-11,US.AMD,LONG,False,-1,-1,-1,-1,-1,-1,True,,,0.0,0.0,no_entry,False,False,1,1,8badc3e7b306
2026-09-11,US.AMD,SHORT,False,-1,-1,-1,-1,-1,-1,True,,,0.0,0.0,no_entry,False,False,1,1,8badc3e7b306
2026-09-11,US.IWM,LONG,False,-1,-1,-1,-1,-1,-1,True,,,0.0,0.0,no_entry,False,False,1,1,8badc3e7b306
2026-09-11,US.IWM,SHORT,False,-1,-1,-1,-1,-1,-1,True,,,0.0,0.0,no_entry,False,False,1,1,8badc3e7b306
2026-09-11,US.META,LONG,False,-1,-1,-1,-1,-1,-1,True,,,0.0,0.0,no_entry,False,False,1,1,8badc3e7b306
2026-09-11,US.META,SHORT,False,-1,-1,-1,-1,-1,-1,True,,,0.0,0.0,no_entry,False,False,1,1,8badc3e7b306
2026-09-11,US.MSFT,LONG,False,-1,-1,-1,-1,-1,-1,True,,,0.0,0.0,no_entry,False,False,1,1,8badc3e7b306
2026-09-11,US.MSFT,SHORT,False,-1,-1,-1,-1,-1,-1,True,,,0.0,0.0,no_entry,False,False,1,1,8badc3e7b306
2026-09-11,US.MU,LONG,False,-1,-1,-1,-1,-1,-1,True,,,0.0,0.0,no_entry,False,False,1,1,8badc3e7b306
2026-09-11,US.MU,SHORT,False,-1,-1,-1,-1,-1,-1,True,,,0.0,0.0,no_entry,False,False,1,1,8badc3e7b306
2026-09-11,US.NVDA,LONG,False,-1,-1,-1,-1,-1,-1,True,,,0.0,0.0,no_entry,False,False,1,1,8badc3e7b306
2026-09-11,US.NVDA,SHORT,False,-1,-1,-1,-1,-1,-1,True,,,0.0,0.0,no_entry,False,False,1,1,8badc3e7b306
2026-09-11,US.QQQ,LONG,False,-1,-1,-1,-1,-1,-1,True,,,0.0,0.0,no_entry,False,False,1,1,8badc3e7b306
2026-09-11,US.QQQ,SHORT,False,-1,-1,-1,-1,-1,-1,True,,,0.0,0.0,no_entry,False,False,1,1,8badc3e7b306
2026-09-11,US.SPY,LONG,False,-1,-1,-1,-1,-1,-1,True,,,0.0,0.0,no_entry,False,False,1,1,8badc3e7b306
2026-09-11,US.SPY,SHORT,False,-1,-1,-1,-1,-1,-1,True,,,0.0,0.0,no_entry,False,False,1,1,8badc3e7b306
2026-09-11,US.TSLA,LONG,False,-1,-1,-1,-1,-1,-1,True,,,0.0,0.0,no_entry,False,False,1,1,8badc3e7b306
2026-09-11,US.TSLA,SHORT,False,-1,-1,-1,-1,-1,-1,True,,,0.0,0.0,no_entry,False,False,1,1,8badc3e7b306
