rule,period,direction,scenario,jobs,trades,trade_rate_pct,cost_bps,win_rate_pct,avg_win_pct,avg_loss_pct,payoff_ratio,profit_factor,mean_trade_pct,mean_job_bps,mean_gross_points,worst_stream_mdd_pct,p05_pct,cvar05_pct,worst_trade_pct,trim_top1_mean_pct,held_until_flatten_pct,unclosed_after_day_pct
previous_frozen_5m,fit28,BOTH_COUNTERFACTUAL,ALL,560,26,4.642857142857143,2,15.384615384615385,3.71719553962112,-0.10915354047680897,34.054740903350584,6.19177107333647,0.47951554876902613,2.2263221907133355,3.6548531209615334,-0.5053340732185108,-0.27232184329472064,-0.3006212835122606,-0.31664840139033795,0.18908136786758523,7.6923076923076925,0.0
previous_frozen_5m,fit28,BOTH_COUNTERFACTUAL,strong_up_trend,102,6,5.882352941176471,2,33.333333333333336,5.0220789735089575,-0.0806419095277837,62.276290367091214,31.138145183545607,1.6202650514844634,9.530970891085078,13.541741093999994,-0.11123790267523193,-0.10765180270651022,-0.11123790267522779,-0.11123790267522779,0.3962440475203456,33.33333333333333,0.0
previous_frozen_5m,fit28,BOTH_COUNTERFACTUAL,strong_down_trend,148,4,2.7027027027027026,2,25.0,4.401424665302899,-0.18771847128670965,23.446944965689788,7.815648321896596,0.9595673128606926,2.593425169893764,5.005081977750017,-0.2845941656341777,-0.2629043208138498,-0.28459416563418327,-0.28459416563418327,-0.18771847128670965,0.0,0.0
previous_frozen_5m,fit28,BOTH_COUNTERFACTUAL,range_chop,140,5,3.5714285714285716,2,20.0,0.4231995461636648,-0.05570180843197071,7.597590779849159,1.8993976949622897,0.04007846248715639,0.14313736602555854,0.19420760619999555,-0.1075948943758731,-0.09661926919592584,-0.10759489437587055,-0.10759489437587055,-0.05570180843197071,0.0,0.0
previous_frozen_5m,fit28,BOTH_COUNTERFACTUAL,gap_up_open,82,5,6.097560975609756,2,20.0,2.303787875712863,-0.10187033000532238,22.614905395835056,5.653726348958764,0.3792613111383146,2.312568970355577,2.0062970991999807,-0.1867405411706491,-0.1422486049983608,-0.1495382138820031,-0.1495382138820031,-0.10187033000532238,20.0,0.0
previous_frozen_5m,fit28,BOTH_COUNTERFACTUAL,gap_down_open,72,4,5.555555555555555,2,25.0,4.401424665302899,-0.10117549719418929,43.50287161777034,14.500957205923445,1.0244745434300828,5.691525241278239,5.143264111500017,-0.1399952001652882,-0.13978082734959726,-0.13999520016529343,-0.13999520016529343,-0.10117549719418929,0.0,0.0
previous_frozen_5m,fit28,BOTH_COUNTERFACTUAL,v_reversal_up,32,1,3.125,2,0.0,,-0.08557608923768166,,0.0,-0.08557608923768166,-0.2674252788677552,-0.20382421099998282,-0.08557608923768223,-0.08557608923768166,-0.08557608923768166,-0.08557608923768166,,0.0,0.0
previous_frozen_5m,fit28,BOTH_COUNTERFACTUAL,v_reversal_down,52,2,3.8461538461538463,2,0.0,,-0.06628006886624638,,0.0,-0.06628006886624638,-0.25492334179325526,-0.32463521700000797,-0.1075948943758731,-0.10346341182490813,-0.10759489437587055,-0.10759489437587055,-0.10759489437587055,0.0,0.0
previous_frozen_5m,fit28,BOTH_COUNTERFACTUAL,late_day_spike,146,11,7.534246575342466,2,18.181818181818183,6.070897368303976,-0.11978766117549292,50.68049003319223,11.262331118487163,1.0057914350935016,7.577880675361997,7.879971825363643,-0.3716675957956106,-0.22832180077781572,-0.31664840139033795,-0.31664840139033795,0.3323335714723464,9.090909090909092,0.0
previous_frozen_5m,fit28,BOTH_COUNTERFACTUAL,high_vol,150,7,4.666666666666667,2,28.571428571428573,6.070897368303976,-0.1091869842246585,55.60092543459901,22.240370173839608,1.656551402212094,7.730573210323106,12.95120352642858,-0.1399952001652882,-0.1395664545339011,-0.13999520016529343,-0.13999520016529343,0.6425816240299347,14.285714285714285,0.0
previous_frozen_5m,fit28,BOTH_COUNTERFACTUAL,low_vol,50,1,2.0,2,0.0,,-0.08557608923768166,,0.0,-0.08557608923768166,-0.17115217847536332,-0.20382421099998282,-0.08557608923768223,-0.08557608923768166,-0.08557608923768166,-0.08557608923768166,,0.0,0.0
previous_frozen_5m,fit28,LONG,ALL,280,19,6.785714285714286,2,15.789473684210526,3.4891191643938604,-0.1052350501073712,33.1554853714035,6.216653507138156,0.4622945627086127,3.136998818379872,3.9810690370526225,-0.5053340732185108,-0.24361922878773312,-0.31664840139033795,-0.31664840139033795,0.0579570344532549,10.526315789473683,0.0
previous_frozen_5m,fit28,LONG,strong_up_trend,51,6,11.764705882352942,2,33.333333333333336,5.0220789735089575,-0.0806419095277837,62.276290367091214,31.138145183545607,1.6202650514844634,19.061941782170155,13.541741093999994,-0.11123790267523193,-0.10765180270651022,-0.11123790267522779,-0.11123790267522779,0.3962440475203456,33.33333333333333,0.0
previous_frozen_5m,fit28,LONG,strong_down_trend,74,0,0.0,2,,,,,,,0.0,,0.0,,,,,,0.0
previous_frozen_5m,fit28,LONG,range_chop,70,4,5.714285714285714,2,25.0,0.4231995461636648,-0.05669682175057862,7.464255192740954,2.488085064246985,0.06327727022798223,0.36158440130275554,0.29396205224999505,-0.1075948943758731,-0.09708520934737644,-0.10759489437587055,-0.10759489437587055,-0.05669682175057862,0.0,0.0
previous_frozen_5m,fit28,LONG,gap_up_open,41,5,12.195121951219512,2,20.0,2.303787875712863,-0.10187033000532238,22.614905395835056,5.653726348958764,0.3792613111383146,4.625137940711154,2.0062970991999807,-0.1867405411706491,-0.1422486049983608,-0.1495382138820031,-0.1495382138820031,-0.10187033000532238,20.0,0.0
previous_frozen_5m,fit28,LONG,gap_down_open,36,1,2.7777777777777777,2,0.0,,-0.02496524335662218,,0.0,-0.02496524335662218,-0.0693478982128394,-0.01996242100000245,-0.024965243356622757,-0.02496524335662218,-0.02496524335662218,-0.02496524335662218,,0.0,0.0
previous_frozen_5m,fit28,LONG,v_reversal_up,16,1,6.25,2,0.0,,-0.08557608923768166,,0.0,-0.08557608923768166,-0.5348505577355104,-0.20382421099998282,-0.08557608923768223,-0.08557608923768166,-0.08557608923768166,-0.08557608923768166,,0.0,0.0
previous_frozen_5m,fit28,LONG,v_reversal_down,26,2,7.6923076923076925,2,0.0,,-0.06628006886624638,,0.0,-0.06628006886624638,-0.5098466835865105,-0.32463521700000797,-0.1075948943758731,-0.10346341182490813,-0.10759489437587055,-0.10759489437587055,-0.10759489437587055,0.0,0.0
previous_frozen_5m,fit28,LONG,late_day_spike,73,7,9.58904109589041,2,14.285714285714286,7.740370071305053,-0.12446848897955719,62.18738682186732,10.364564470311219,0.999079876775387,9.580217996476314,9.470211627142858,-0.3716675957956106,-0.2550252517758049,-0.31664840139033795,-0.31664840139033795,-0.12446848897955723,14.285714285714285,0.0
previous_frozen_5m,fit28,LONG,high_vol,75,4,5.333333333333333,2,25.0,7.740370071305053,-0.08912455763244896,86.84890311855973,28.949634372853243,1.8682490996019263,9.96399519787694,17.516351454499997,-0.11123790267523193,-0.10908624269399725,-0.11123790267522779,-0.11123790267522779,-0.08912455763244896,25.0,0.0
previous_frozen_5m,fit28,LONG,low_vol,25,1,4.0,2,0.0,,-0.08557608923768166,,0.0,-0.08557608923768166,-0.34230435695072664,-0.20382421099998282,-0.08557608923768223,-0.08557608923768166,-0.08557608923768166,-0.08557608923768166,,0.0,0.0
previous_frozen_5m,fit28,SHORT,ALL,280,7,2.5,2,14.285714285714286,4.401424665302899,-0.11960284812864302,36.80033322090117,6.133388870150196,0.5262582252187201,1.3156455630468005,2.769409920142863,-0.2845941656341777,-0.2412144759935163,-0.28459416563418327,-0.28459416563418327,-0.11960284812864302,0.0,0.0
previous_frozen_5m,fit28,SHORT,strong_up_trend,51,0,0.0,2,,,,,,,0.0,,0.0,,,,,,0.0
previous_frozen_5m,fit28,SHORT,strong_down_trend,74,4,5.405405405405405,2,25.0,4.401424665302899,-0.18771847128670965,23.446944965689788,7.815648321896596,0.9595673128606926,5.186850339787528,5.005081977750017,-0.2845941656341777,-0.2629043208138498,-0.28459416563418327,-0.28459416563418327,-0.18771847128670965,0.0,0.0
previous_frozen_5m,fit28,SHORT,range_chop,70,1,1.4285714285714286,2,0.0,,-0.05271676847614698,,0.0,-0.05271676847614698,-0.07530966925163854,-0.20481017800000245,-0.05271676847614648,-0.05271676847614698,-0.05271676847614698,-0.05271676847614698,,0.0,0.0
previous_frozen_5m,fit28,SHORT,gap_up_open,41,0,0.0,2,,,,,,,0.0,,0.0,,,,,,0.0
previous_frozen_5m,fit28,SHORT,gap_down_open,36,3,8.333333333333334,2,33.333333333333336,4.401424665302899,-0.13928062411297285,31.601126813826095,15.800563406913048,1.374287805692318,11.452398380769317,6.864339622333357,-0.1399952001652882,-0.13985228495482932,-0.13999520016529343,-0.13999520016529343,-0.13928062411297285,0.0,0.0
previous_frozen_5m,fit28,SHORT,v_reversal_up,16,0,0.0,2,,,,,,,0.0,,0.0,,,,,,0.0
previous_frozen_5m,fit28,SHORT,v_reversal_down,26,0,0.0,2,,,,,,,0.0,,0.0,,,,,,0.0
previous_frozen_5m,fit28,SHORT,late_day_spike,73,4,5.47945205479452,2,25.0,4.401424665302899,-0.11042600556736423,39.85858804444264,13.286196014814212,1.0175366621502016,5.57554335424768,5.097052172250017,-0.1399952001652882,-0.13978082734959726,-0.13999520016529343,-0.13999520016529343,-0.11042600556736423,0.0,0.0
previous_frozen_5m,fit28,SHORT,high_vol,75,3,4.0,2,33.333333333333336,4.401424665302899,-0.13928062411297285,31.601126813826095,15.800563406913048,1.374287805692318,5.497151222769272,6.864339622333357,-0.1399952001652882,-0.13985228495482932,-0.13999520016529343,-0.13999520016529343,-0.13928062411297285,0.0,0.0
previous_frozen_5m,fit28,SHORT,low_vol,25,0,0.0,2,,,,,,,0.0,,0.0,,,,,,0.0
previous_frozen_5m,validation28,BOTH_COUNTERFACTUAL,ALL,560,37,6.607142857142857,2,10.81081081081081,1.0428766550487387,-0.16502252837000358,6.319601725592662,0.7660123303748682,-0.03443883286527468,-0.2275422885741363,-0.11042716597297551,-1.2070058742988388,-0.3881040265215908,-0.8005115624631083,-1.2070058742988383,-0.08409752889465828,8.108108108108109,0.0
previous_frozen_5m,validation28,BOTH_COUNTERFACTUAL,strong_up_trend,152,5,3.289473684210526,2,20.0,0.347554503801429,-0.1448983544733373,2.3986090460770724,0.5996522615192681,-0.04640778281838402,-0.15265718032363165,0.029042473400028256,-0.218945396249004,-0.21745198717342842,-0.21894539624900483,-0.21894539624900483,-0.1448983544733373,0.0,0.0
previous_frozen_5m,validation28,BOTH_COUNTERFACTUAL,strong_down_trend,148,10,6.756756756756757,2,20.0,1.0692655742603903,-0.14743985444247487,7.252215340985533,1.8130538352463832,0.09590123129809815,0.6479812925547173,0.2005194581999831,-0.38662572049514843,-0.30156555842783656,-0.38662572049514404,-0.38662572049514404,-0.0882513234679503,10.0,0.0
previous_frozen_5m,validation28,BOTH_COUNTERFACTUAL,range_chop,130,9,6.923076923076923,2,0.0,,-0.2698898627355929,,0.0,-0.2698898627355929,-1.8684682804771815,-1.7579731657777888,-1.2070058742988388,-0.8818104248302542,-1.2070058742988383,-1.2070058742988383,-0.2973120865565812,0.0,0.0
previous_frozen_5m,validation28,BOTH_COUNTERFACTUAL,gap_up_open,90,6,6.666666666666667,2,0.0,,-0.13802290380344576,,0.0,-0.13802290380344576,-0.9201526920229717,-0.6658126434999995,-0.218945396249004,-0.21360983171759104,-0.21894539624900483,-0.21894539624900483,-0.15945719849330103,0.0,0.0
previous_frozen_5m,validation28,BOTH_COUNTERFACTUAL,gap_down_open,106,15,14.150943396226415,2,13.333333333333334,1.0164877358370872,-0.2300093780446307,4.419331700639829,0.67989718471382,-0.06380976286040164,-0.9029683423641743,-0.13406277646666542,-1.2070058742988388,-0.6379138377288162,-1.2070058742988383,-1.2070058742988383,-0.18875481505562644,6.666666666666667,0.0
previous_frozen_5m,validation28,BOTH_COUNTERFACTUAL,v_reversal_up,36,4,11.11111111111111,2,0.0,,-0.2550496309059243,,0.0,-0.2550496309059243,-2.8338847878436035,-0.8917284467499726,-0.39401725062737647,-0.37336727470899755,-0.394017250627378,-0.394017250627378,-0.2872821153344475,0.0,0.0
previous_frozen_5m,validation28,BOTH_COUNTERFACTUAL,v_reversal_down,38,4,10.526315789473685,2,25.0,0.38525692432824643,-0.09587256999792947,4.018427005102364,1.3394756683674545,0.024409803583614498,0.2569453008801526,0.20378882374998852,-0.10741140278360817,-0.1073151562910696,-0.10741140278361028,-0.10741140278361028,-0.09587256999792947,25.0,0.0
previous_frozen_5m,validation28,BOTH_COUNTERFACTUAL,late_day_spike,114,4,3.508771929824561,2,0.0,,-0.44062440949283327,,0.0,-0.44062440949283327,-1.5460505596239764,-3.2209013545000005,-1.2070058742988388,-1.081325195316037,-1.2070058742988383,-1.2070058742988383,-0.5612843877043237,25.0,0.0
previous_frozen_5m,validation28,BOTH_COUNTERFACTUAL,high_vol,190,7,3.6842105263157894,2,28.571428571428573,1.0504143639969816,-0.17244931018874546,6.0911485400974055,2.436459416038962,0.17694031100717655,0.6518853563422293,0.5444563688571732,-0.36913468108016323,-0.31767521819311817,-0.36913468108016184,-0.36913468108016184,-0.08578200785704973,0.0,0.0
previous_frozen_5m,validation28,BOTH_COUNTERFACTUAL,low_vol,28,3,10.714285714285714,2,0.0,,-0.10725520751646127,,0.0,-0.10725520751646127,-1.1491629376763706,-0.21825862033334906,-0.1583521776203578,-0.1535226360500774,-0.1583521776203549,-0.1583521776203549,-0.1342044697689674,0.0,0.0
previous_frozen_5m,validation28,LONG,ALL,280,12,4.285714285714286,2,8.333333333333334,0.347554503801429,-0.0955912227346986,3.6358411772388637,0.330531016112624,-0.0586624121900213,-0.25141033795723416,-0.16793319191666,-0.3362758939345567,-0.23577780296413126,-0.25635074450484135,-0.25635074450484135,-0.0955912227346986,0.0,0.0
previous_frozen_5m,validation28,LONG,strong_up_trend,76,3,3.9473684210526314,2,33.333333333333336,0.347554503801429,-0.12489841330158696,2.7826975108338945,1.3913487554169472,0.03258589239941836,0.128628522629283,0.48166666666668334,-0.218945396249004,-0.20013599965952125,-0.21894539624900483,-0.21894539624900483,-0.12489841330158696,0.0,0.0
previous_frozen_5m,validation28,LONG,strong_down_trend,74,0,0.0,2,,,,,,,0.0,,0.0,,,,,,0.0
previous_frozen_5m,validation28,LONG,range_chop,65,3,4.615384615384615,2,0.0,,-0.1489730038915141,,0.0,-0.1489730038915141,-0.6875677102685266,-0.7232815683333342,-0.25635074450484074,-0.24139264600435778,-0.25635074450484135,-0.25635074450484135,-0.18156025200242354,0.0,0.0
previous_frozen_5m,validation28,LONG,gap_up_open,45,3,6.666666666666667,2,0.0,,-0.11119844475762306,,0.0,-0.11119844475762306,-0.7413229650508203,-0.52333333333335,-0.218945396249004,-0.20543070739107386,-0.21894539624900483,-0.21894539624900483,-0.15137195195935002,0.0,0.0
previous_frozen_5m,validation28,LONG,gap_down_open,53,5,9.433962264150944,2,20.0,0.347554503801429,-0.07840954551719588,4.432553479412878,1.1081383698532195,0.006783264346529099,0.06399305987291604,0.15298033940001687,-0.10676975950000278,-0.10457275998670736,-0.10676975950000575,-0.10676975950000575,-0.07840954551719585,0.0,0.0
previous_frozen_5m,validation28,LONG,v_reversal_up,18,1,5.555555555555555,2,0.0,,-0.25635074450484135,,0.0,-0.25635074450484135,-1.4241708028046742,-0.6999999999999886,-0.25635074450484074,-0.25635074450484135,-0.25635074450484135,-0.25635074450484135,,0.0,0.0
previous_frozen_5m,validation28,LONG,v_reversal_down,19,1,5.2631578947368425,2,0.0,,-0.10676975950000575,,0.0,-0.10676975950000575,-0.5619461026316092,-1.0098447049999777,-0.10676975950000278,-0.10676975950000575,-0.10676975950000575,-0.10676975950000575,,0.0,0.0
previous_frozen_5m,validation28,LONG,late_day_spike,57,0,0.0,2,,,,,,,0.0,,0.0,,,,,,0.0
previous_frozen_5m,validation28,LONG,high_vol,95,1,1.0526315789473684,2,100.0,0.347554503801429,,,,0.347554503801429,0.36584684610676743,2.5550000000000637,0.0,0.347554503801429,0.347554503801429,0.347554503801429,,0.0,0.0
previous_frozen_5m,validation28,LONG,low_vol,14,1,7.142857142857143,2,0.0,,-0.05335668301144893,,0.0,-0.05335668301144893,-0.3811191643674924,-0.10000000000002274,-0.0533566830114518,-0.05335668301144893,-0.05335668301144893,-0.05335668301144893,,0.0,0.0
previous_frozen_5m,validation28,SHORT,ALL,280,25,8.928571428571429,2,12.0,1.2746507054645086,-0.19973818118765607,6.381607652004006,0.8702192252732736,-0.02281151478939631,-0.20367423919103847,-0.08282427352000696,-1.2070058742988388,-0.39253894460093125,-0.8005115624631083,-1.2070058742988383,-0.09681508724697675,12.0,0.0
previous_frozen_5m,validation28,SHORT,strong_up_trend,76,2,2.6315789473684212,2,0.0,,-0.16489829564508762,,0.0,-0.16489829564508762,-0.4339428832765464,-0.6498938164999544,-0.21147835087111932,-0.20682034534851945,-0.21147835087112296,-0.21147835087112296,-0.21147835087112296,0.0,0.0
previous_frozen_5m,validation28,SHORT,strong_down_trend,74,10,13.513513513513514,2,20.0,1.0692655742603903,-0.14743985444247487,7.252215340985533,1.8130538352463832,0.09590123129809815,1.2959625851094345,0.2005194581999831,-0.38662572049514843,-0.30156555842783656,-0.38662572049514404,-0.38662572049514404,-0.0882513234679503,10.0,0.0
previous_frozen_5m,validation28,SHORT,range_chop,65,6,9.23076923076923,2,0.0,,-0.3303482921576323,,0.0,-0.3303482921576323,-3.0493688506858367,-2.2753189645000162,-1.2070058742988388,-1.0037587183809733,-1.2070058742988383,-1.2070058742988383,-0.3863155361556215,0.0,0.0
previous_frozen_5m,validation28,SHORT,gap_up_open,45,3,6.666666666666667,2,0.0,,-0.16484736284926843,,0.0,-0.16484736284926843,-1.0989824189951227,-0.808291953666649,-0.19760313812334784,-0.19367804207305017,-0.19760313812334968,-0.19760313812334968,-0.17797765787185227,0.0,0.0
previous_frozen_5m,validation28,SHORT,gap_down_open,53,10,18.867924528301888,2,10.0,1.6854209678727454,-0.2973870813901573,5.667431685311023,0.6297146317012248,-0.09910627646386705,-1.869929744601265,-0.27758433440000657,-1.2070058742988388,-0.8411609936466813,-1.2070058742988383,-1.2070058742988383,-0.2973870813901573,10.0,0.0
previous_frozen_5m,validation28,SHORT,v_reversal_up,18,3,16.666666666666668,2,0.0,,-0.25461592637295194,,0.0,-0.25461592637295194,-4.243598772882532,-0.9556379289999674,-0.39401725062737647,-0.37576336065175253,-0.394017250627378,-0.394017250627378,-0.3027478007492505,0.0,0.0
previous_frozen_5m,validation28,SHORT,v_reversal_down,19,3,15.789473684210526,2,33.333333333333336,0.38525692432824643,-0.09042397524689132,4.260561684844652,2.130280842422326,0.06813632461148793,1.0758367043919148,0.6083333333333106,-0.10741140278360817,-0.1040139172762665,-0.10741140278361028,-0.10741140278361028,-0.09042397524689132,33.33333333333333,0.0
previous_frozen_5m,validation28,SHORT,late_day_spike,57,4,7.017543859649122,2,0.0,,-0.44062440949283327,,0.0,-0.44062440949283327,-3.092101119247953,-3.2209013545000005,-1.2070058742988388,-1.081325195316037,-1.2070058742988383,-1.2070058742988383,-0.5612843877043237,25.0,0.0
previous_frozen_5m,validation28,SHORT,high_vol,95,6,6.315789473684211,2,16.666666666666668,1.753274224192534,-0.17244931018874546,10.166896128917992,2.033379225783598,0.14850461220813446,0.9379238665776914,0.20936576366669138,-0.36913468108016323,-0.3262517953409588,-0.36913468108016184,-0.36913468108016184,-0.17244931018874546,0.0,0.0
previous_frozen_5m,validation28,SHORT,low_vol,14,2,14.285714285714286,2,0.0,,-0.1342044697689674,,0.0,-0.1342044697689674,-1.9172067109852489,-0.2773879305000122,-0.1583521776203578,-0.15593740683521615,-0.1583521776203549,-0.1583521776203549,-0.1583521776203549,0.0,0.0
previous_frozen_5m,development56,BOTH_COUNTERFACTUAL,ALL,1120,63,5.625,2,12.698412698412698,2.3800360973349295,-0.14267493321272579,16.68152943016513,2.426404280751292,0.17766932463459556,0.9993899510696,1.4434980318095203,-1.2070058742988388,-0.36388605311117944,-0.5891958816253806,-1.2070058742988383,0.055690280333459144,7.936507936507936,0.0
previous_frozen_5m,development56,BOTH_COUNTERFACTUAL,strong_up_trend,254,11,4.330708661417323,2,27.272727272727273,3.463904150273115,-0.11277013200056049,30.71650346437387,11.5186887991402,0.8626864904377144,3.7360438562263223,7.3996053573636456,-0.218945396249004,-0.2152118735600639,-0.21894539624900483,-0.21894539624900483,0.17491813235098078,18.181818181818183,0.0
previous_frozen_5m,development56,BOTH_COUNTERFACTUAL,strong_down_trend,296,14,4.72972972972973,2,21.428571428571427,2.1799852712745604,-0.15842493176362984,13.760367430847946,3.7528274811403493,0.3426629688874109,1.6207032312242409,1.57325160664285,-0.3933167113304714,-0.3203052098355196,-0.38662572049514404,-0.38662572049514404,0.030450530701604032,7.142857142857142,0.0
previous_frozen_5m,development56,BOTH_COUNTERFACTUAL,range_chop,270,14,5.185185185185185,2,7.142857142857143,0.4231995461636648,-0.20398584602678604,2.0746515231654508,0.15958857870503468,-0.15918688944175385,-0.8254135008090941,-1.0607657472142944,-1.2070058742988388,-0.6785632689123892,-1.2070058742988383,-1.2070058742988383,-0.20398584602678604,0.0,0.0
previous_frozen_5m,development56,BOTH_COUNTERFACTUAL,gap_up_open,172,11,6.395348837209302,2,9.090909090909092,2.303787875712863,-0.12356187428419639,18.64481167074299,1.864481167074299,0.09710628480644537,0.6210285656226158,0.5487826940909005,-0.218945396249004,-0.20827426718617723,-0.21894539624900483,-0.21894539624900483,-0.12356187428419639,9.090909090909092,0.0
previous_frozen_5m,development56,BOTH_COUNTERFACTUAL,gap_down_open,178,19,10.674157303370787,2,15.789473684210526,2.144800045659025,-0.20585302538517297,10.419084400852867,1.9535783251599126,0.16530272267443724,1.76446726450242,0.9769534104736887,-1.2070058742988388,-0.4753161129945241,-1.2070058742988383,-1.2070058742988383,-0.07003738524936626,5.263157894736842,0.0
previous_frozen_5m,development56,BOTH_COUNTERFACTUAL,v_reversal_up,68,5,7.352941176470588,2,0.0,,-0.22115492257227576,,0.0,-0.22115492257227576,-1.626139136560851,-0.7541475995999747,-0.39401725062737647,-0.3664839494028707,-0.394017250627378,-0.394017250627378,-0.2550496309059243,0.0,0.0
previous_frozen_5m,development56,BOTH_COUNTERFACTUAL,v_reversal_down,90,6,6.666666666666667,2,16.666666666666668,0.38525692432824643,-0.08403556954525623,4.584450684549374,0.9168901369098748,-0.00582015389967245,-0.03880102599781633,0.027647476833323026,-0.1075948943758731,-0.10754902147780548,-0.10759489437587055,-0.10759489437587055,-0.08403556954525622,16.666666666666664,0.0
previous_frozen_5m,development56,BOTH_COUNTERFACTUAL,late_day_spike,260,15,5.769230769230769,2,13.333333333333334,6.070897368303976,-0.21850666065775146,27.783580372466844,4.274396980379514,0.6200805432038121,3.577387749252763,4.919738977400004,-1.2070058742988388,-0.6204960390457648,-1.2070058742988383,-1.2070058742988383,0.11148843405372366,13.333333333333334,0.0
previous_frozen_5m,development56,BOTH_COUNTERFACTUAL,high_vol,340,14,4.117647058823529,2,28.571428571428573,3.560655866150479,-0.140818147206702,25.285490093289738,10.114196037315896,0.9167458566096357,3.774835880157324,6.7478299476428765,-0.3691346810801521,-0.2576391781582339,-0.36913468108016184,-0.36913468108016184,0.39185168624844946,7.142857142857142,0.0
previous_frozen_5m,development56,BOTH_COUNTERFACTUAL,low_vol,78,4,5.128205128205129,2,0.0,,-0.10183542794676637,,0.0,-0.10183542794676637,-0.5222329638295711,-0.2146500180000075,-0.1583521776203578,-0.15110786526493863,-0.1583521776203549,-0.1583521776203549,-0.11799500959187217,0.0,0.0
previous_frozen_5m,development56,LONG,ALL,560,31,5.535714285714286,2,12.903225806451612,2.7037279992457526,-0.10130608339998604,26.688703269384565,3.95388196583475,0.2606337982317221,1.442794240211319,2.3750036580967713,-0.8399106504810017,-0.24592781039058698,-0.28649957294758965,-0.31664840139033795,0.01130925579594442,6.451612903225806,0.0
previous_frozen_5m,development56,LONG,strong_up_trend,127,9,7.086614173228346,2,33.333333333333336,3.463904150273115,-0.09539407745238479,36.31152208586635,18.15576104293317,1.0910386651227815,7.73177006779924,9.188382951555557,-0.218945396249004,-0.175862398819494,-0.21894539624900483,-0.21894539624900483,0.25987223934999787,22.22222222222222,0.0
previous_frozen_5m,development56,LONG,strong_down_trend,148,0,0.0,2,,,,,,,0.0,,0.0,,,,,,0.0
previous_frozen_5m,development56,LONG,range_chop,135,7,5.185185185185185,2,14.285714285714286,0.4231995461636648,-0.10283491282104637,4.115329459170329,0.685888243195055,-0.027687132966087626,-0.14356291167600993,-0.14199949942857465,-0.2937848627500683,-0.21172398946615012,-0.25635074450484135,-0.25635074450484135,-0.10283491282104636,0.0,0.0
previous_frozen_5m,development56,LONG,gap_up_open,86,8,9.30232558139535,2,12.5,2.303787875712863,-0.10586809347059409,21.7609272084678,3.108703886923971,0.19533890267733803,1.817106071417098,1.0576856869999816,-0.218945396249004,-0.19465288242055423,-0.21894539624900483,-0.21894539624900483,-0.10586809347059409,12.5,0.0
previous_frozen_5m,development56,LONG,gap_down_open,89,6,6.741573033707865,2,16.666666666666668,0.347554503801429,-0.06772068508508114,5.132176429768506,1.0264352859537011,0.0014918463960038914,0.010057391433734098,0.12415654600001365,-0.12072609239122123,-0.10402351010838276,-0.10676975950000575,-0.10676975950000575,-0.06772068508508113,0.0,0.0
previous_frozen_5m,development56,LONG,v_reversal_up,34,2,5.882352941176471,2,0.0,,-0.17096341687126151,,0.0,-0.17096341687126151,-1.0056671580662442,-0.45191210549998573,-0.25635074450484074,-0.24781201174148337,-0.25635074450484135,-0.25635074450484135,-0.25635074450484135,0.0,0.0
previous_frozen_5m,development56,LONG,v_reversal_down,45,3,6.666666666666667,2,0.0,,-0.07977663241083283,,0.0,-0.07977663241083283,-0.5318442160722188,-0.5530383796666646,-0.1075948943758731,-0.10751238088828408,-0.10759489437587055,-0.10759489437587055,-0.10718232693793817,0.0,0.0
previous_frozen_5m,development56,LONG,late_day_spike,130,7,5.384615384615385,2,14.285714285714286,7.740370071305053,-0.12446848897955719,62.18738682186732,10.364564470311219,0.999079876775387,5.379660874944392,9.470211627142858,-0.3716675957956106,-0.2550252517758049,-0.31664840139033795,-0.31664840139033795,-0.12446848897955723,14.285714285714285,0.0
previous_frozen_5m,development56,LONG,high_vol,170,5,2.9411764705882355,2,40.0,4.043962287553241,-0.08912455763244896,45.374276125224696,30.249517416816463,1.564110180441827,4.600324060123021,14.52408116360001,-0.11123790267523193,-0.10836902270025374,-0.11123790267522779,-0.11123790267522779,0.020045207726020534,20.0,0.0
previous_frozen_5m,development56,LONG,low_vol,39,2,5.128205128205129,2,0.0,,-0.06946638612456531,,0.0,-0.06946638612456531,-0.35623787756187336,-0.15191210550000278,-0.08557608923768223,-0.08396511892637003,-0.08557608923768166,-0.08557608923768166,-0.08557608923768166,0.0,0.0
previous_frozen_5m,development56,SHORT,ALL,560,32,5.714285714285714,2,12.5,2.056344195424107,-0.18256632410358184,11.263546031947314,1.609078004563902,0.0972974908373792,0.5559856619278811,0.5411019563437458,-1.2070058742988388,-0.3899519090546493,-0.8005115624631083,-1.2070058742988383,-0.04154532124215376,9.375,0.0
previous_frozen_5m,development56,SHORT,strong_up_trend,127,2,1.5748031496062993,2,0.0,,-0.16489829564508762,,0.0,-0.16489829564508762,-0.25968235534659473,-0.6498938164999544,-0.21147835087111932,-0.20682034534851945,-0.21147835087112296,-0.21147835087112296,-0.21147835087112296,0.0,0.0
previous_frozen_5m,development56,SHORT,strong_down_trend,148,14,9.45945945945946,2,21.428571428571427,2.1799852712745604,-0.15842493176362984,13.760367430847946,3.7528274811403493,0.3426629688874109,3.2414064624484817,1.57325160664285,-0.3933167113304714,-0.3203052098355196,-0.38662572049514404,-0.38662572049514404,0.030450530701604032,7.142857142857142,0.0
previous_frozen_5m,development56,SHORT,range_chop,135,7,5.185185185185185,2,0.0,,-0.29068664591742005,,0.0,-0.29068664591742005,-1.5072640899421783,-1.9795319950000143,-1.2070058742988388,-0.9631092871974003,-1.2070058742988383,-1.2070058742988383,-0.3307157415423757,0.0,0.0
previous_frozen_5m,development56,SHORT,gap_up_open,86,3,3.488372093023256,2,0.0,,-0.16484736284926843,,0.0,-0.16484736284926843,-0.5750489401718666,-0.808291953666649,-0.19760313812334784,-0.19367804207305017,-0.19760313812334968,-0.19760313812334968,-0.17797765787185227,0.0,0.0
previous_frozen_5m,development56,SHORT,gap_down_open,89,13,14.606741573033707,2,15.384615384615385,3.0434228165878228,-0.26864045279430565,11.328981860070533,2.059814883649188,0.24090774249525262,3.5188771375711054,1.3705519633076926,-1.2070058742988388,-0.719212700095962,-1.2070058742988383,-1.2070058742988383,-0.10580200107205134,7.6923076923076925,0.0
previous_frozen_5m,development56,SHORT,v_reversal_up,34,3,8.823529411764707,2,0.0,,-0.25461592637295194,,0.0,-0.25461592637295194,-2.246611115055458,-0.9556379289999674,-0.39401725062737647,-0.37576336065175253,-0.394017250627378,-0.394017250627378,-0.3027478007492505,0.0,0.0
previous_frozen_5m,development56,SHORT,v_reversal_down,45,3,6.666666666666667,2,33.333333333333336,0.38525692432824643,-0.09042397524689132,4.260561684844652,2.130280842422326,0.06813632461148793,0.45424216407658624,0.6083333333333106,-0.10741140278360817,-0.1040139172762665,-0.10741140278361028,-0.10741140278361028,-0.09042397524689132,33.33333333333333,0.0
previous_frozen_5m,development56,SHORT,late_day_spike,130,8,6.153846153846154,2,12.5,4.401424665302899,-0.2991108078104894,14.71503051836079,2.1021472169086843,0.2884561263286843,1.775114623561134,0.9380754088750081,-1.2070058742988388,-0.9137509566723016,-1.2070058742988383,-1.2070058742988383,-0.2991108078104894,12.5,0.0
previous_frozen_5m,development56,SHORT,high_vol,170,9,5.294117647058823,2,22.22222222222222,3.077349444747717,-0.16297254273852474,18.882625214267268,5.395035775504934,0.5570990100361957,2.949347700191624,2.4276903832222465,-0.3691346810801521,-0.30052206389743696,-0.36913468108016184,-0.36913468108016184,0.07655830312785764,0.0,0.0
previous_frozen_5m,development56,SHORT,low_vol,39,2,5.128205128205129,2,0.0,,-0.1342044697689674,,0.0,-0.1342044697689674,-0.6882280500972688,-0.2773879305000122,-0.1583521776203578,-0.15593740683521615,-0.1583521776203549,-0.1583521776203549,-0.1583521776203549,0.0,0.0
previous_frozen_5m,stress27,BOTH_COUNTERFACTUAL,ALL,540,40,7.407407407407407,2,10.0,0.260886040833921,-0.13500514623492213,1.9324155271825996,0.21471283635362218,-0.09541602752803782,-0.7067853890965765,-0.3798003596749993,-1.2112800830329284,-0.3839709873237117,-0.5746020112448634,-0.6911950496845553,-0.11271767372967338,5.0,0.0
previous_frozen_5m,stress27,BOTH_COUNTERFACTUAL,strong_up_trend,84,5,5.9523809523809526,2,20.0,0.10533450763863168,-0.16732970565752553,0.6295027366761781,0.15737568416904452,-0.11279686299829411,-0.6714098987993696,-0.5759800000000042,-0.4580089728051684,-0.3879990210991384,-0.4580089728051715,-0.4580089728051715,-0.16732970565752553,0.0,0.0
previous_frozen_5m,stress27,BOTH_COUNTERFACTUAL,strong_down_trend,86,5,5.813953488372093,2,20.0,0.5793481743357498,-0.1374256334982799,4.2157213293326485,1.0539303323331621,0.005929128068526047,0.0344716748170119,0.5000581212000043,-0.31436325678497745,-0.27467569587110624,-0.3143632567849739,-0.3143632567849739,-0.1374256334982799,20.0,0.0
previous_frozen_5m,stress27,BOTH_COUNTERFACTUAL,range_chop,196,16,8.16326530612245,2,0.0,,-0.14042956229417541,,0.0,-0.14042956229417541,-1.1463637738300032,-0.6828125000000114,-0.6911950496845565,-0.39554038948449766,-0.6911950496845553,-0.6911950496845553,-0.14845819978045377,0.0,0.0
previous_frozen_5m,stress27,BOTH_COUNTERFACTUAL,gap_up_open,34,2,5.882352941176471,2,0.0,,-0.08030684143293226,,0.0,-0.08030684143293226,-0.4723931848996016,-0.37999999999996703,-0.09461552279227403,-0.0931846546563395,-0.09461552279227364,-0.09461552279227364,-0.09461552279227364,0.0,0.0
previous_frozen_5m,stress27,BOTH_COUNTERFACTUAL,gap_down_open,44,3,6.818181818181818,2,0.0,,-0.0526647165350998,,0.0,-0.0526647165350998,-0.35907761273931676,-0.23500000000001364,-0.09794340751875241,-0.09162701368746505,-0.09794340751874753,-0.09794340751874753,-0.06636143836233517,0.0,0.0
previous_frozen_5m,stress27,BOTH_COUNTERFACTUAL,v_reversal_up,22,1,4.545454545454546,2,0.0,,-0.06180711243500954,,0.0,-0.06180711243500954,-0.28094142015913426,-0.32000000000005,-0.06180711243500836,-0.06180711243500954,-0.06180711243500954,-0.06180711243500954,,0.0,0.0
previous_frozen_5m,stress27,BOTH_COUNTERFACTUAL,v_reversal_down,20,3,15.0,2,0.0,,-0.16069249611406689,,0.0,-0.16069249611406689,-2.410387441711003,-1.0283000000000204,-0.29698883608447746,-0.281972136933526,-0.2969888360844784,-0.2969888360844784,-0.22190534032971657,0.0,0.0
previous_frozen_5m,stress27,BOTH_COUNTERFACTUAL,late_day_spike,18,2,11.11111111111111,2,0.0,,-0.11257789018470024,,0.0,-0.11257789018470024,-1.2508654464966693,-0.3473326394999532,-0.11592545221563721,-0.11559069601254207,-0.1159254522156356,-0.1159254522156356,-0.1159254522156356,0.0,0.0
previous_frozen_5m,stress27,BOTH_COUNTERFACTUAL,high_vol,62,1,1.6129032258064515,2,0.0,,-0.0438600849186511,,0.0,-0.0438600849186511,-0.07074207244943725,-0.04994411499998819,-0.04386008491865656,-0.0438600849186511,-0.0438600849186511,-0.0438600849186511,,0.0,0.0
previous_frozen_5m,stress27,BOTH_COUNTERFACTUAL,low_vol,192,18,9.375,2,5.555555555555555,0.10533450763863168,-0.10220409316281404,1.0306290519189951,0.06062523834817617,-0.09067417089606708,-0.8500703521506288,-0.32897779088889617,-0.38007425124574334,-0.20255692373126136,-0.3800742512457401,-0.3800742512457401,-0.10220409316281402,0.0,0.0
previous_frozen_5m,stress27,LONG,ALL,270,17,6.296296296296297,2,17.647058823529413,0.1547319963333114,-0.1793751925107992,0.8626164753746303,0.1848463875802779,-0.12041510036183851,-0.7581691504263907,-0.5295591172352909,-1.2112800830329284,-0.5046461881810482,-0.6911950496845553,-0.6911950496845553,-0.14688853068863178,5.88235294117647,0.0
previous_frozen_5m,stress27,LONG,strong_up_trend,42,5,11.904761904761905,2,20.0,0.10533450763863168,-0.16732970565752553,0.6295027366761781,0.15737568416904452,-0.11279686299829411,-1.3428197975987393,-0.5759800000000042,-0.4580089728051684,-0.3879990210991384,-0.4580089728051715,-0.4580089728051715,-0.16732970565752553,0.0,0.0
previous_frozen_5m,stress27,LONG,strong_down_trend,43,0,0.0,2,,,,,,,0.0,,0.0,,,,,,0.0
previous_frozen_5m,stress27,LONG,range_chop,98,6,6.122448979591836,2,0.0,,-0.18839018100346558,,0.0,-0.18839018100346558,-1.1534092714497892,-0.8716666666666791,-0.6911950496845565,-0.5612038713941224,-0.6911950496845553,-0.6911950496845553,-0.22101396262803286,0.0,0.0
previous_frozen_5m,stress27,LONG,gap_up_open,17,1,5.882352941176471,2,0.0,,-0.06599816007359088,,0.0,-0.06599816007359088,-0.38822447102112284,-0.21999999999997044,-0.06599816007358816,-0.06599816007359088,-0.06599816007359088,-0.06599816007359088,,0.0,0.0
previous_frozen_5m,stress27,LONG,gap_down_open,22,2,9.090909090909092,2,0.0,,-0.030025371043275916,,0.0,-0.030025371043275916,-0.2729579185752356,-0.07250000000004775,-0.03477946920592556,-0.03430405938965811,-0.0347794692059228,-0.0347794692059228,-0.0347794692059228,0.0,0.0
previous_frozen_5m,stress27,LONG,v_reversal_up,11,0,0.0,2,,,,,,,0.0,,0.0,,,,,,0.0
previous_frozen_5m,stress27,LONG,v_reversal_down,10,0,0.0,2,,,,,,,0.0,,0.0,,,,,,0.0
previous_frozen_5m,stress27,LONG,late_day_spike,9,0,0.0,2,,,,,,,0.0,,0.0,,,,,,0.0
previous_frozen_5m,stress27,LONG,high_vol,31,0,0.0,2,,,,,,,0.0,,0.0,,,,,,0.0
previous_frozen_5m,stress27,LONG,low_vol,96,9,9.375,2,11.11111111111111,0.10533450763863168,-0.12252141477488648,0.8597232396652209,0.10746540495815261,-0.09720409006227335,-0.9112883443338126,-0.3112889151111189,-0.38007425124574334,-0.2965366853565737,-0.3800742512457401,-0.3800742512457401,-0.12252141477488647,0.0,0.0
previous_frozen_5m,stress27,SHORT,ALL,270,23,8.518518518518519,2,4.3478260869565215,0.5793481743357498,-0.10676966224118219,5.42614973368614,0.24664316971300634,-0.07693845195522864,-0.6554016277667625,-0.26910910408695765,-0.710938974253017,-0.2836866311957308,-0.3056760464347262,-0.3143632567849739,-0.10676966224118219,4.3478260869565215,0.0
previous_frozen_5m,stress27,SHORT,strong_up_trend,42,0,0.0,2,,,,,,,0.0,,0.0,,,,,,0.0
previous_frozen_5m,stress27,SHORT,strong_down_trend,43,5,11.627906976744185,2,20.0,0.5793481743357498,-0.1374256334982799,4.2157213293326485,1.0539303323331621,0.005929128068526047,0.0689433496340238,0.5000581212000043,-0.31436325678497745,-0.27467569587110624,-0.3143632567849739,-0.3143632567849739,-0.1374256334982799,20.0,0.0
previous_frozen_5m,stress27,SHORT,range_chop,98,10,10.204081632653061,2,0.0,,-0.11165319106860128,,0.0,-0.11165319106860128,-1.1393182762102172,-0.5695000000000107,-0.4258516016629854,-0.2371289140851142,-0.2969888360844784,-0.2969888360844784,-0.12183687896511254,0.0,0.0
previous_frozen_5m,stress27,SHORT,gap_up_open,17,1,5.882352941176471,2,0.0,,-0.09461552279227364,,0.0,-0.09461552279227364,-0.5565618987780803,-0.5399999999999636,-0.09461552279227403,-0.09461552279227364,-0.09461552279227364,-0.09461552279227364,,0.0,0.0
previous_frozen_5m,stress27,SHORT,gap_down_open,22,1,4.545454545454546,2,0.0,,-0.09794340751874753,,0.0,-0.09794340751874753,-0.44519730690339787,-0.5599999999999454,-0.09794340751875241,-0.09794340751874753,-0.09794340751874753,-0.09794340751874753,,0.0,0.0
previous_frozen_5m,stress27,SHORT,v_reversal_up,11,1,9.090909090909092,2,0.0,,-0.06180711243500954,,0.0,-0.06180711243500954,-0.5618828403182685,-0.32000000000005,-0.06180711243500836,-0.06180711243500954,-0.06180711243500954,-0.06180711243500954,,0.0,0.0
previous_frozen_5m,stress27,SHORT,v_reversal_down,10,3,30.0,2,0.0,,-0.16069249611406689,,0.0,-0.16069249611406689,-4.820774883422006,-1.0283000000000204,-0.29698883608447746,-0.281972136933526,-0.2969888360844784,-0.2969888360844784,-0.22190534032971657,0.0,0.0
previous_frozen_5m,stress27,SHORT,late_day_spike,9,2,22.22222222222222,2,0.0,,-0.11257789018470024,,0.0,-0.11257789018470024,-2.5017308929933386,-0.3473326394999532,-0.11592545221563721,-0.11559069601254207,-0.1159254522156356,-0.1159254522156356,-0.1159254522156356,0.0,0.0
previous_frozen_5m,stress27,SHORT,high_vol,31,1,3.225806451612903,2,0.0,,-0.0438600849186511,,0.0,-0.0438600849186511,-0.1414841448988745,-0.04994411499998819,-0.04386008491865656,-0.0438600849186511,-0.0438600849186511,-0.0438600849186511,,0.0,0.0
previous_frozen_5m,stress27,SHORT,low_vol,96,9,9.375,2,0.0,,-0.08414425172986076,,0.0,-0.08414425172986076,-0.7888523599674445,-0.3466666666666735,-0.2119036937308194,-0.15896056275517118,-0.16396678719700242,-0.16396678719700242,-0.09216228319609335,0.0,0.0
previous_frozen_5m,all83,BOTH_COUNTERFACTUAL,ALL,1660,103,6.204819277108434,2,11.650485436893204,1.6736527451679268,-0.13964073177095726,11.985419468533724,1.58049487497148,0.07161676068794177,0.4443690572806026,0.7354209865728136,-1.4275734373044524,-0.3789802942291823,-0.5861545198594713,-1.2070058742988383,-0.04718087510643511,6.796116504854369,0.0
previous_frozen_5m,all83,BOTH_COUNTERFACTUAL,strong_up_trend,338,16,4.733727810650888,2,25.0,2.624261739614494,-0.1309566565528822,20.039162641226866,6.679720880408955,0.5578479424889619,2.6407003194743757,4.907234933187505,-0.6759515794938165,-0.2787112903880465,-0.4580089728051715,-0.4580089728051715,0.07901313390122247,12.5,0.0
previous_frozen_5m,all83,BOTH_COUNTERFACTUAL,strong_down_trend,382,19,4.973821989528796,2,21.05263157894737,1.7798259970398578,-0.15282511889286982,11.646161376700862,3.1056430337868965,0.25404880025086224,1.2635935091011472,1.2908322683684168,-0.699773568073625,-0.3215895031559909,-0.38662572049514404,-0.38662572049514404,0.023639029970193477,10.526315789473683,0.0
previous_frozen_5m,all83,BOTH_COUNTERFACTUAL,range_chop,466,30,6.437768240343348,2,3.3333333333333335,0.4231995461636648,-0.1689203101743112,2.5053206788867444,0.08639036823747395,-0.149182981629712,-0.960405461135485,-0.8591906820333435,-1.2070058742988388,-0.5574650401088255,-0.949100461991697,-1.2070058742988383,-0.16892031017431117,0.0,0.0
previous_frozen_5m,all83,BOTH_COUNTERFACTUAL,gap_up_open,206,13,6.310679611650485,2,7.6923076923076925,2.303787875712863,-0.11635270214231903,19.800037586535296,1.6500031322112745,0.06981195769269495,0.4405608980606963,0.4058930488461516,-0.29203169767343384,-0.20614004137361172,-0.21894539624900483,-0.21894539624900483,-0.11635270214231903,7.6923076923076925,0.0
previous_frozen_5m,all83,BOTH_COUNTERFACTUAL,gap_down_open,222,22,9.90990990990991,2,13.636363636363637,2.144800045659025,-0.18166539767200351,11.806321254042318,1.8641559874803662,0.1355798900549549,1.3435844960400938,0.8116870363181838,-1.2070058742988388,-0.3927731221500172,-0.8005115624631083,-1.2070058742988383,-0.0675555754330425,4.545454545454546,0.0
previous_frozen_5m,all83,BOTH_COUNTERFACTUAL,v_reversal_up,90,6,6.666666666666667,2,0.0,,-0.19459695421606474,,0.0,-0.19459695421606474,-1.2973130281070981,-0.6817896663333206,-0.39401725062737647,-0.3596006240967438,-0.394017250627378,-0.394017250627378,-0.22115492257227579,0.0,0.0
previous_frozen_5m,all83,BOTH_COUNTERFACTUAL,v_reversal_down,110,9,8.181818181818182,2,11.11111111111111,0.38525692432824643,-0.1127819170085602,3.4159458763145976,0.4269932345393247,-0.05744426797113727,-0.4699985561274867,-0.32433501544445814,-0.3702072854463334,-0.23692203948066892,-0.2969888360844784,-0.2969888360844784,-0.11278191700856022,11.11111111111111,0.0
previous_frozen_5m,all83,BOTH_COUNTERFACTUAL,late_day_spike,278,17,6.115107913669065,2,11.764705882352942,6.070897368303976,-0.20438282459467796,29.70355938833649,3.9604745851115317,0.533885433393399,3.264767038736613,4.300083493058833,-1.2070058742988388,-0.5367089197238971,-1.2070058742988383,-1.2070058742988383,0.08348014352392061,11.76470588235294,0.0
previous_frozen_5m,all83,BOTH_COUNTERFACTUAL,high_vol,402,15,3.7313432835820897,2,26.666666666666668,3.560655866150479,-0.13200377790778828,26.973893645966623,9.808688598533317,0.85270546050775,3.1817367929393656,6.294645010133352,-0.3691346810801521,-0.2490626010103933,-0.36913468108016184,-0.36913468108016184,0.3607294168793709,6.666666666666667,0.0
previous_frozen_5m,all83,BOTH_COUNTERFACTUAL,low_vol,270,22,8.148148148148149,2,4.545454545454546,0.10533450763863168,-0.10213387121690021,1.031337658933287,0.04911131709206129,-0.09270349035983057,-0.755361773302323,-0.3081909230909164,-0.38007425124574334,-0.17095269666159496,-0.27565229388428203,-0.3800742512457401,-0.10213387121690021,0.0,0.0
previous_frozen_5m,all83,LONG,ALL,830,48,5.783132530120482,2,14.583333333333334,1.611301140854706,-0.12796382797441005,12.59184854314401,2.149827800048978,0.12567897997983607,0.7268181974737508,1.3463043418333325,-1.4275734373044524,-0.35787520379634935,-0.5097594245784889,-0.6911950496845553,-0.03633572409091322,6.25,0.0
previous_frozen_5m,all83,LONG,strong_up_trend,169,14,8.284023668639053,2,28.571428571428573,2.624261739614494,-0.12416832873444109,21.134710971482953,8.453884388593181,0.6610974050795402,5.476546550954771,5.701110468857142,-0.6759515794938165,-0.30261764804366315,-0.4580089728051715,-0.4580089728051715,0.11653796921603941,14.285714285714285,0.0
previous_frozen_5m,all83,LONG,strong_down_trend,191,0,0.0,2,,,,,,,0.0,,0.0,,,,,,0.0
previous_frozen_5m,all83,LONG,range_chop,233,13,5.579399141630901,2,7.6923076923076925,0.4231995461636648,-0.145612546912256,2.9063398390983344,0.24219498659152788,-0.10185777052180055,-0.5683051574177712,-0.4787689612307767,-0.6911950496845565,-0.43028846657672687,-0.6911950496845553,-0.6911950496845553,-0.14561254691225595,0.0,0.0
previous_frozen_5m,all83,LONG,gap_up_open,103,9,8.737864077669903,2,11.11111111111111,2.303787875712863,-0.1008843517959687,22.83592881056625,2.8544911013207814,0.16630145126056814,1.4531194770340905,0.9157206106666536,-0.2847990563894953,-0.19118252330220414,-0.21894539624900483,-0.21894539624900483,-0.1008843517959687,11.11111111111111,0.0
previous_frozen_5m,all83,LONG,gap_down_open,111,8,7.207207207207207,2,12.5,0.347554503801429,-0.05695059535885107,6.1027369707279675,0.8718195672468525,-0.006387457963816061,-0.046035733072548185,0.0749924094999983,-0.12072609239122123,-0.10292501035173356,-0.10676975950000575,-0.10676975950000575,-0.05695059535885107,0.0,0.0
previous_frozen_5m,all83,LONG,v_reversal_up,45,2,4.444444444444445,2,0.0,,-0.17096341687126151,,0.0,-0.17096341687126151,-0.7598374083167179,-0.45191210549998573,-0.25635074450484074,-0.24781201174148337,-0.25635074450484135,-0.25635074450484135,-0.25635074450484135,0.0,0.0
previous_frozen_5m,all83,LONG,v_reversal_down,55,3,5.454545454545454,2,0.0,,-0.07977663241083283,,0.0,-0.07977663241083283,-0.43514526769545175,-0.5530383796666646,-0.1075948943758731,-0.10751238088828408,-0.10759489437587055,-0.10759489437587055,-0.10718232693793817,0.0,0.0
previous_frozen_5m,all83,LONG,late_day_spike,139,7,5.0359712230215825,2,14.285714285714286,7.740370071305053,-0.12446848897955719,62.18738682186732,10.364564470311219,0.999079876775387,5.031337508940798,9.470211627142858,-0.3716675957956106,-0.2550252517758049,-0.31664840139033795,-0.31664840139033795,-0.12446848897955723,14.285714285714285,0.0
previous_frozen_5m,all83,LONG,high_vol,201,5,2.487562189054726,2,40.0,4.043962287553241,-0.08912455763244896,45.374276125224696,30.249517416816463,1.564110180441827,3.8908213443826543,14.52408116360001,-0.11123790267523193,-0.10836902270025374,-0.11123790267522779,-0.11123790267522779,0.020045207726020534,20.0,0.0
previous_frozen_5m,all83,LONG,low_vol,135,11,8.148148148148149,2,9.090909090909092,0.10533450763863168,-0.11191040904482223,0.9412395910057233,0.09412395910057234,-0.09216087116450826,-0.750940431710808,-0.28231131336364323,-0.38007425124574334,-0.27565229388428203,-0.3800742512457401,-0.3800742512457401,-0.11191040904482223,0.0,0.0
previous_frozen_5m,all83,SHORT,ALL,830,55,6.626506024096385,2,9.090909090909092,1.7609449912064354,-0.149215792884126,11.801331194037234,1.1801331194037235,0.02443518748774319,0.1619199170874549,0.20228642198181526,-1.2070058742988388,-0.3743819929046565,-0.6625496151404535,-1.2070058742988383,-0.05662017321253748,7.2727272727272725,0.0
previous_frozen_5m,all83,SHORT,strong_up_trend,169,2,1.183431952662722,2,0.0,,-0.16489829564508762,,0.0,-0.16489829564508762,-0.19514591200602088,-0.6498938164999544,-0.21147835087111932,-0.20682034534851945,-0.21147835087112296,-0.21147835087112296,-0.21147835087112296,0.0,0.0
previous_frozen_5m,all83,SHORT,strong_down_trend,191,19,9.947643979057592,2,21.05263157894737,1.7798259970398578,-0.15282511889286982,11.646161376700862,3.1056430337868965,0.25404880025086224,2.5271870182022944,1.2908322683684168,-0.699773568073625,-0.3215895031559909,-0.38662572049514404,-0.38662572049514404,0.023639029970193477,10.526315789473683,0.0
previous_frozen_5m,all83,SHORT,range_chop,233,17,7.296137339055794,2,0.0,,-0.18537284894752665,,0.0,-0.18537284894752665,-1.3525057648531988,-1.1501014097058946,-1.2070058742988388,-0.55661497536167,-1.2070058742988383,-1.2070058742988383,-0.19570865200674706,0.0,0.0
previous_frozen_5m,all83,SHORT,gap_up_open,103,4,3.883495145631068,2,0.0,,-0.14728940283501973,,0.0,-0.14728940283501973,-0.571997680912698,-0.7412189652499777,-0.29203169767343384,-0.19171549404790045,-0.19760313812334968,-0.19760313812334968,-0.16484736284926843,0.0,0.0
previous_frozen_5m,all83,SHORT,gap_down_open,111,14,12.612612612612613,2,14.285714285714286,3.0434228165878228,-0.2544156990213424,11.962401802620349,1.993733633770058,0.21670408892282403,2.7332047251527354,1.232655394500004,-1.2070058742988388,-0.6785632689123892,-1.2070058742988383,-1.2070058742988383,-0.10519749387564335,7.142857142857142,0.0
previous_frozen_5m,all83,SHORT,v_reversal_up,45,4,8.88888888888889,2,0.0,,-0.20641372288846635,,0.0,-0.20641372288846635,-1.8347886478974789,-0.796728446749988,-0.39401725062737647,-0.3666364156639398,-0.394017250627378,-0.394017250627378,-0.25461592637295194,0.0,0.0
previous_frozen_5m,all83,SHORT,v_reversal_down,55,6,10.909090909090908,2,16.666666666666668,0.38525692432824643,-0.13258508776719666,2.9057334487322652,0.5811466897464531,-0.04627808575128947,-0.5048518445595215,-0.20998333333335495,-0.3702072854463334,-0.25944708820709744,-0.2969888360844784,-0.2969888360844784,-0.13258508776719666,16.666666666666664,0.0
previous_frozen_5m,all83,SHORT,late_day_spike,139,10,7.194244604316546,2,10.0,4.401424665302899,-0.2576590483380918,17.082360172065428,1.8980400191183808,0.20824932302600735,1.4981965685324272,0.6809937992000158,-1.2070058742988388,-0.829963837350434,-1.2070058742988383,-1.2070058742988383,-0.2576590483380918,10.0,0.0
previous_frozen_5m,all83,SHORT,high_vol,201,10,4.975124378109452,2,20.0,3.077349444747717,-0.1480834855110405,20.781179171517287,5.195294792879322,0.497003100540711,2.4726522414960748,2.179926933400023,-0.3691346810801521,-0.29194548674959636,-0.36913468108016184,-0.36913468108016184,0.06317848223380113,0.0,0.0
previous_frozen_5m,all83,SHORT,low_vol,135,11,8.148148148148149,2,0.0,,-0.09324610955515288,,0.0,-0.09324610955515288,-0.7597831148938383,-0.3340705328181896,-0.293788323959443,-0.16115948240867867,-0.16396678719700242,-0.16396678719700242,-0.10057072051066816,0.0,0.0
transfer_27_90_to_5m,fit28,BOTH_COUNTERFACTUAL,ALL,560,15,2.6785714285714284,2,6.666666666666667,4.3639750470905225,-0.1650865461588331,26.434468154006048,1.8881762967147178,0.136850893391124,0.36656489301193923,0.7992273302000115,-0.6534290156049338,-0.395244620625408,-0.6534290156049323,-0.6534290156049323,-0.1650865461588331,6.666666666666667,0.0
transfer_27_90_to_5m,fit28,BOTH_COUNTERFACTUAL,strong_up_trend,102,3,2.9411764705882355,2,0.0,,-0.1131460230654137,,0.0,-0.1131460230654137,-0.33278242078062853,-0.6496191080000054,-0.14775753350700915,-0.14279920891404188,-0.1477575335070113,-0.1477575335070113,-0.12296591054216409,0.0,0.0
transfer_27_90_to_5m,fit28,BOTH_COUNTERFACTUAL,strong_down_trend,148,6,4.054054054054054,2,16.666666666666668,4.3639750470905225,-0.12405405064976716,35.17801332752139,7.035602665504278,0.6239507989736146,2.5295302661092482,3.3241859838333645,-0.2845941656341777,-0.26113747616951083,-0.28459416563418327,-0.28459416563418327,-0.12405405064976716,16.666666666666664,0.0
transfer_27_90_to_5m,fit28,BOTH_COUNTERFACTUAL,range_chop,140,0,0.0,2,,,,,,,0.0,,0.0,,,,,,0.0
transfer_27_90_to_5m,fit28,BOTH_COUNTERFACTUAL,gap_up_open,82,1,1.2195121951219512,2,0.0,,-0.11309016946379159,,0.0,-0.11309016946379159,-0.13791484080950195,-0.3702030930000433,-0.11309016946379202,-0.11309016946379159,-0.11309016946379159,-0.11309016946379159,,0.0,0.0
transfer_27_90_to_5m,fit28,BOTH_COUNTERFACTUAL,gap_down_open,72,3,4.166666666666667,2,33.333333333333336,4.3639750470905225,-0.11072038149626778,39.41437870892475,19.707189354462376,1.3808447613659958,5.753519839024983,7.025456074333381,-0.19076740777549395,-0.17475800251964832,-0.19076740777549345,-0.19076740777549345,-0.11072038149626778,33.33333333333333,0.0
transfer_27_90_to_5m,fit28,BOTH_COUNTERFACTUAL,v_reversal_up,32,1,3.125,2,0.0,,-0.09817428757731689,,0.0,-0.09817428757731689,-0.30679464867911527,-0.568535675000021,-0.09817428757731284,-0.09817428757731689,-0.09817428757731689,-0.09817428757731689,,0.0,0.0
transfer_27_90_to_5m,fit28,BOTH_COUNTERFACTUAL,v_reversal_down,52,0,0.0,2,,,,,,,0.0,,0.0,,,,,,0.0
transfer_27_90_to_5m,fit28,BOTH_COUNTERFACTUAL,late_day_spike,146,7,4.794520547945205,2,14.285714285714286,4.3639750470905225,-0.10014629425871129,43.57600128285246,7.26266688047541,0.5375853259340364,2.5774638914645585,2.711128035428593,-0.19076740777549395,-0.17786444549494881,-0.19076740777549345,-0.19076740777549345,-0.10014629425871129,14.285714285714285,0.0
transfer_27_90_to_5m,fit28,BOTH_COUNTERFACTUAL,high_vol,150,7,4.666666666666667,2,14.285714285714286,4.3639750470905225,-0.10014629425871129,43.57600128285246,7.26266688047541,0.5375853259340364,2.5087315210255032,2.711128035428593,-0.19076740777549395,-0.17786444549494881,-0.19076740777549345,-0.19076740777549345,-0.10014629425871129,14.285714285714285,0.0
transfer_27_90_to_5m,fit28,BOTH_COUNTERFACTUAL,low_vol,50,0,0.0,2,,,,,,,0.0,,0.0,,,,,,0.0
transfer_27_90_to_5m,fit28,LONG,ALL,280,8,2.857142857142857,2,0.0,,-0.1830682038911566,,0.0,-0.1830682038911566,-0.5230520111175903,-0.8403561886250088,-0.6534290156049338,-0.5071555668399224,-0.6534290156049323,-0.6534290156049323,-0.2050103900668137,0.0,0.0
transfer_27_90_to_5m,fit28,LONG,strong_up_trend,51,3,5.882352941176471,2,0.0,,-0.1131460230654137,,0.0,-0.1131460230654137,-0.6655648415612571,-0.6496191080000054,-0.14775753350700915,-0.14279920891404188,-0.1477575335070113,-0.1477575335070113,-0.12296591054216409,0.0,0.0
transfer_27_90_to_5m,fit28,LONG,strong_down_trend,74,0,0.0,2,,,,,,,0.0,,0.0,,,,,,0.0
transfer_27_90_to_5m,fit28,LONG,range_chop,70,0,0.0,2,,,,,,,0.0,,0.0,,,,,,0.0
transfer_27_90_to_5m,fit28,LONG,gap_up_open,41,1,2.4390243902439024,2,0.0,,-0.11309016946379159,,0.0,-0.11309016946379159,-0.2758296816190039,-0.3702030930000433,-0.11309016946379202,-0.11309016946379159,-0.11309016946379159,-0.11309016946379159,,0.0,0.0
transfer_27_90_to_5m,fit28,LONG,gap_down_open,36,0,0.0,2,,,,,,,0.0,,0.0,,,,,,0.0
transfer_27_90_to_5m,fit28,LONG,v_reversal_up,16,1,6.25,2,0.0,,-0.09817428757731689,,0.0,-0.09817428757731689,-0.6135892973582305,-0.568535675000021,-0.09817428757731284,-0.09817428757731689,-0.09817428757731689,-0.09817428757731689,,0.0,0.0
transfer_27_90_to_5m,fit28,LONG,v_reversal_down,26,0,0.0,2,,,,,,,0.0,,0.0,,,,,,0.0
transfer_27_90_to_5m,fit28,LONG,late_day_spike,73,3,4.109589041095891,2,0.0,,-0.1131460230654137,,0.0,-0.1131460230654137,-0.464983656433207,-0.6496191080000054,-0.14775753350700915,-0.14279920891404188,-0.1477575335070113,-0.1477575335070113,-0.12296591054216409,0.0,0.0
transfer_27_90_to_5m,fit28,LONG,high_vol,75,3,4.0,2,0.0,,-0.1131460230654137,,0.0,-0.1131460230654137,-0.4525840922616548,-0.6496191080000054,-0.14775753350700915,-0.14279920891404188,-0.1477575335070113,-0.1477575335070113,-0.12296591054216409,0.0,0.0
transfer_27_90_to_5m,fit28,LONG,low_vol,25,0,0.0,2,,,,,,,0.0,,0.0,,,,,,0.0
transfer_27_90_to_5m,fit28,SHORT,ALL,280,7,2.5,2,14.285714285714286,4.3639750470905225,-0.1411110025157351,30.92583122002766,5.154305203337944,0.5024727188565875,1.2561817971414688,2.6730370660000347,-0.2845941656341777,-0.2671346444976008,-0.28459416563418327,-0.28459416563418327,-0.1411110025157351,14.285714285714285,0.0
transfer_27_90_to_5m,fit28,SHORT,strong_up_trend,51,0,0.0,2,,,,,,,0.0,,0.0,,,,,,0.0
transfer_27_90_to_5m,fit28,SHORT,strong_down_trend,74,6,8.108108108108109,2,16.666666666666668,4.3639750470905225,-0.12405405064976716,35.17801332752139,7.035602665504278,0.6239507989736146,5.0590605322184965,3.3241859838333645,-0.2845941656341777,-0.26113747616951083,-0.28459416563418327,-0.28459416563418327,-0.12405405064976716,16.666666666666664,0.0
transfer_27_90_to_5m,fit28,SHORT,range_chop,70,0,0.0,2,,,,,,,0.0,,0.0,,,,,,0.0
transfer_27_90_to_5m,fit28,SHORT,gap_up_open,41,0,0.0,2,,,,,,,0.0,,0.0,,,,,,0.0
transfer_27_90_to_5m,fit28,SHORT,gap_down_open,36,3,8.333333333333334,2,33.333333333333336,4.3639750470905225,-0.11072038149626778,39.41437870892475,19.707189354462376,1.3808447613659958,11.507039678049965,7.025456074333381,-0.19076740777549395,-0.17475800251964832,-0.19076740777549345,-0.19076740777549345,-0.11072038149626778,33.33333333333333,0.0
transfer_27_90_to_5m,fit28,SHORT,v_reversal_up,16,0,0.0,2,,,,,,,0.0,,0.0,,,,,,0.0
transfer_27_90_to_5m,fit28,SHORT,v_reversal_down,26,0,0.0,2,,,,,,,0.0,,0.0,,,,,,0.0
transfer_27_90_to_5m,fit28,SHORT,late_day_spike,73,4,5.47945205479452,2,25.0,4.3639750470905225,-0.08714656545200886,50.07627121568825,16.692090405229415,1.025633837683624,5.619911439362324,5.2316883930000415,-0.19076740777549395,-0.16815213661369308,-0.19076740777549345,-0.19076740777549345,-0.08714656545200886,25.0,0.0
transfer_27_90_to_5m,fit28,SHORT,high_vol,75,4,5.333333333333333,2,25.0,4.3639750470905225,-0.08714656545200886,50.07627121568825,16.692090405229415,1.025633837683624,5.470047134312662,5.2316883930000415,-0.19076740777549395,-0.16815213661369308,-0.19076740777549345,-0.19076740777549345,-0.08714656545200886,25.0,0.0
transfer_27_90_to_5m,fit28,SHORT,low_vol,25,0,0.0,2,,,,,,,0.0,,0.0,,,,,,0.0
transfer_27_90_to_5m,validation28,BOTH_COUNTERFACTUAL,ALL,560,30,5.357142857142857,2,10.0,0.6307338775368431,-0.20512388298243742,3.074892442392221,0.34165471582135787,-0.12153810693050936,-0.651097001413443,-0.43586702970000507,-1.110212882138728,-0.49361701916141976,-0.6348832582458944,-0.6951418516124414,-0.1491932416272885,10.0,0.0
transfer_27_90_to_5m,validation28,BOTH_COUNTERFACTUAL,strong_up_trend,152,7,4.605263157894737,2,42.857142857142854,0.6307338775368431,-0.1853718879896999,3.402532521931748,2.551899391448811,0.16438772580738994,0.7570487372708747,1.7790482419999836,-0.36119106727811046,-0.33655142175578473,-0.3611910672781112,-0.3611910672781112,0.0783755468959406,42.857142857142854,0.0
transfer_27_90_to_5m,validation28,BOTH_COUNTERFACTUAL,strong_down_trend,148,9,6.081081081081081,2,0.0,,-0.1891508245054372,,0.0,-0.1891508245054372,-1.150241500370902,-0.9771783797777781,-0.6756071730131374,-0.34171600430579824,-0.3550813092781519,-0.3550813092781519,-0.20598760017905174,0.0,0.0
transfer_27_90_to_5m,validation28,BOTH_COUNTERFACTUAL,range_chop,130,7,5.384615384615385,2,0.0,,-0.261237248281576,,0.0,-0.261237248281576,-1.4066621061315632,-1.645691881000021,-0.6951418516124463,-0.6049815984472281,-0.6951418516124414,-0.6951418516124414,-0.3017438973759628,0.0,0.0
transfer_27_90_to_5m,validation28,BOTH_COUNTERFACTUAL,gap_up_open,90,5,5.555555555555555,2,20.0,0.6203646822597159,-0.14029317516260578,4.421916330147113,1.1054790825367782,0.01183839632185853,0.06576886845476962,0.2639999999999986,-0.32134835870265555,-0.2847960415229458,-0.32134835870265704,-0.32134835870265704,-0.14029317516260578,20.0,0.0
transfer_27_90_to_5m,validation28,BOTH_COUNTERFACTUAL,gap_down_open,106,8,7.547169811320755,2,12.5,0.5913761510747273,-0.29262478836215444,2.0209366212093975,0.2887052316013425,-0.18212467093254422,-1.3745258183588243,-1.041168573125006,-0.6951418516124463,-0.5847418559017454,-0.6951418516124414,-0.6951418516124414,-0.29262478836215444,12.5,0.0
transfer_27_90_to_5m,validation28,BOTH_COUNTERFACTUAL,v_reversal_up,36,1,2.7777777777777777,2,0.0,,-0.018197353715255632,,0.0,-0.018197353715255632,-0.05054820476459898,0.009999999999990905,-0.01819735371525466,-0.018197353715255632,-0.018197353715255632,-0.018197353715255632,,0.0,0.0
transfer_27_90_to_5m,validation28,BOTH_COUNTERFACTUAL,v_reversal_down,38,3,7.894736842105263,2,0.0,,-0.1964261547481843,,0.0,-0.1964261547481843,-1.5507328006435603,-1.1566143890000262,-0.3743697421248471,-0.34768249984597066,-0.37436974212484553,-0.37436974212484553,-0.24093353073047133,0.0,0.0
transfer_27_90_to_5m,validation28,BOTH_COUNTERFACTUAL,late_day_spike,114,7,6.140350877192983,2,14.285714285714286,0.5913761510747273,-0.3689760842855112,1.6027492736280557,0.2671248789380093,-0.23178290780547708,-1.4232283812617015,-1.0378007740000044,-0.6951418516124463,-0.6589866955925131,-0.6951418516124414,-0.6951418516124414,-0.3689760842855112,14.285714285714285,0.0
transfer_27_90_to_5m,validation28,BOTH_COUNTERFACTUAL,high_vol,190,8,4.2105263157894735,2,25.0,0.6359184751754068,-0.15178156899709752,4.189694963474565,1.3965649878248552,0.04514344204602854,0.19007765072012017,0.6691243227499939,-0.32134835870265555,-0.3065470535946851,-0.32134835870265704,-0.32134835870265704,-0.04561618041540823,25.0,0.0
transfer_27_90_to_5m,validation28,BOTH_COUNTERFACTUAL,low_vol,28,2,7.142857142857143,2,0.0,,-0.06214091152778816,,0.0,-0.06214091152778816,-0.44386365376991543,-0.125,-0.07092514004413131,-0.07004671719249346,-0.0709251400441274,-0.0709251400441274,-0.0709251400441274,0.0,0.0
transfer_27_90_to_5m,validation28,LONG,ALL,280,13,4.642857142857143,2,23.076923076923077,0.6307338775368431,-0.20041027505752046,3.147213272152907,0.944163981645872,-0.008607778304975021,-0.03996468498738403,0.4859889871538336,-1.110212882138728,-0.46661447058877725,-0.5746246648793475,-0.5746246648793475,-0.06603015977006346,23.076923076923077,0.0
transfer_27_90_to_5m,validation28,LONG,strong_up_trend,76,6,7.894736842105263,2,50.0,0.6307338775368431,-0.1267654948935628,4.975595906965311,4.975595906965311,0.2519841913216401,1.9893488788550537,2.1854333333333122,-0.27905891553702267,-0.22495501069770307,-0.27905891553702294,-0.27905891553702294,0.16628886973075094,50.0,0.0
transfer_27_90_to_5m,validation28,LONG,strong_down_trend,74,0,0.0,2,,,,,,,0.0,,0.0,,,,,,0.0
transfer_27_90_to_5m,validation28,LONG,range_chop,65,2,3.076923076923077,2,0.0,,-0.25105249686558045,,0.0,-0.25105249686558045,-0.7724692211248629,-1.0649215835000518,-0.3946076743950644,-0.3802521566421154,-0.3946076743950638,-0.3946076743950638,-0.3946076743950638,0.0,0.0
transfer_27_90_to_5m,validation28,LONG,gap_up_open,45,3,6.666666666666667,2,33.333333333333336,0.6203646822597159,-0.05061878457183273,12.25562185080444,6.12781092540222,0.17304237103868345,1.1536158069245563,1.4466666666666583,-0.06264329617974296,-0.06023839385816134,-0.0626432961797435,-0.0626432961797435,-0.05061878457183273,33.33333333333333,0.0
transfer_27_90_to_5m,validation28,LONG,gap_down_open,53,4,7.547169811320755,2,25.0,0.5913761510747273,-0.1928498010307215,3.0665115956252373,1.0221705318750791,0.0032066869956407017,0.024201411287854354,0.33131420824999225,-0.3797132924390212,-0.33888089647358527,-0.37971329243902435,-0.37971329243902435,-0.19284980103072147,25.0,0.0
transfer_27_90_to_5m,validation28,LONG,v_reversal_up,18,0,0.0,2,,,,,,,0.0,,0.0,,,,,,0.0
transfer_27_90_to_5m,validation28,LONG,v_reversal_down,19,1,5.2631578947368425,2,0.0,,-0.10749731933609713,,0.0,-0.10749731933609713,-0.565775364926827,-1.01984316700009,-0.10749731933609175,-0.10749731933609713,-0.10749731933609713,-0.10749731933609713,,0.0,0.0
transfer_27_90_to_5m,validation28,LONG,late_day_spike,57,3,5.2631578947368425,2,33.333333333333336,0.5913761510747273,-0.4268417902081852,1.3854691940690558,0.6927345970345279,-0.08743580978054769,-0.4601884725291983,0.6633333333333363,-0.5746246648793529,-0.545068089945115,-0.5746246648793475,-0.5746246648793475,-0.4268417902081852,33.33333333333333,0.0
transfer_27_90_to_5m,validation28,LONG,high_vol,95,4,4.2105263157894735,2,50.0,0.6359184751754068,-0.15882659425047244,4.003853877094107,4.003853877094107,0.23854594046246713,1.004403959841967,2.1706499999999807,-0.27905891553702267,-0.24298921915105776,-0.27905891553702294,-0.27905891553702294,0.09124098752459416,50.0,0.0
transfer_27_90_to_5m,validation28,LONG,low_vol,14,1,7.142857142857143,2,0.0,,-0.05335668301144893,,0.0,-0.05335668301144893,-0.3811191643674924,-0.10000000000002274,-0.0533566830114518,-0.05335668301144893,-0.05335668301144893,-0.05335668301144893,,0.0,0.0
transfer_27_90_to_5m,validation28,SHORT,ALL,280,17,6.071428571428571,2,0.0,,-0.2078965935265062,,0.0,-0.2078965935265062,-1.2622293178395019,-1.1408157484705876,-1.0474476463065985,-0.43852416402236466,-0.6951418516124414,-0.6951418516124414,-0.21975279601470937,0.0,0.0
transfer_27_90_to_5m,validation28,SHORT,strong_up_trend,76,1,1.3157894736842106,2,0.0,,-0.3611910672781112,,0.0,-0.3611910672781112,-0.47525140431330426,-0.659262305999988,-0.36119106727811046,-0.3611910672781112,-0.3611910672781112,-0.3611910672781112,,0.0,0.0
transfer_27_90_to_5m,validation28,SHORT,strong_down_trend,74,9,12.162162162162161,2,0.0,,-0.1891508245054372,,0.0,-0.1891508245054372,-2.300483000741804,-0.9771783797777781,-0.6756071730131374,-0.34171600430579824,-0.3550813092781519,-0.3550813092781519,-0.20598760017905174,0.0,0.0
transfer_27_90_to_5m,validation28,SHORT,range_chop,65,5,7.6923076923076925,2,0.0,,-0.26531114884797435,,0.0,-0.26531114884797435,-2.040854991138264,-1.8780000000000086,-0.6951418516124463,-0.6309874297149222,-0.6951418516124414,-0.6951418516124414,-0.32708959763115397,0.0,0.0
transfer_27_90_to_5m,validation28,SHORT,gap_up_open,45,2,4.444444444444445,2,0.0,,-0.2299675657533789,,0.0,-0.2299675657533789,-1.0220780700150172,-1.509999999999991,-0.32134835870265555,-0.3122102794077293,-0.32134835870265704,-0.32134835870265704,-0.32134835870265704,0.0,0.0
transfer_27_90_to_5m,validation28,SHORT,gap_down_open,53,4,7.547169811320755,2,0.0,,-0.36745602886072914,,0.0,-0.36745602886072914,-2.7732530480055027,-2.4136513545000042,-0.6951418516124463,-0.6470260351893019,-0.6951418516124414,-0.6951418516124414,-0.4637265468615182,0.0,0.0
transfer_27_90_to_5m,validation28,SHORT,v_reversal_up,18,1,5.555555555555555,2,0.0,,-0.018197353715255632,,0.0,-0.018197353715255632,-0.10109640952919796,0.009999999999990905,-0.01819735371525466,-0.018197353715255632,-0.018197353715255632,-0.018197353715255632,,0.0,0.0
transfer_27_90_to_5m,validation28,SHORT,v_reversal_down,19,2,10.526315789473685,2,0.0,,-0.24089057245422787,,0.0,-0.24089057245422787,-2.535690236360294,-1.2249999999999943,-0.3743697421248471,-0.36102182515778375,-0.37436974212484553,-0.37436974212484553,-0.37436974212484553,0.0,0.0
transfer_27_90_to_5m,validation28,SHORT,late_day_spike,57,4,7.017543859649122,2,0.0,,-0.34004323132417413,,0.0,-0.34004323132417413,-2.3862682899942045,-2.31365135450001,-0.6951418516124463,-0.6470260351893019,-0.6951418516124414,-0.6951418516124414,-0.42717615014611154,0.0,0.0
transfer_27_90_to_5m,validation28,SHORT,high_vol,95,4,4.2105263157894735,2,0.0,,-0.14825905637041006,,0.0,-0.14825905637041006,-0.6242486584017265,-0.8324013544999929,-0.32134835870265555,-0.2939341208178736,-0.32134835870265704,-0.32134835870265704,-0.1795265354550399,0.0,0.0
transfer_27_90_to_5m,validation28,SHORT,low_vol,14,1,7.142857142857143,2,0.0,,-0.0709251400441274,,0.0,-0.0709251400441274,-0.5066081431723385,-0.14999999999997726,-0.07092514004413131,-0.0709251400441274,-0.0709251400441274,-0.0709251400441274,,0.0,0.0
transfer_27_90_to_5m,development56,BOTH_COUNTERFACTUAL,ALL,1120,45,4.017857142857143,2,8.88888888888889,1.5640441699252632,-0.19145259723779204,8.169354673118672,0.7970102120115777,-0.03540844015663156,-0.1422660542007518,-0.02416890973333289,-1.295165774854512,-0.5386212667824907,-0.6410651773655737,-0.6951418516124414,-0.1353944285031578,8.88888888888889,0.0
transfer_27_90_to_5m,development56,BOTH_COUNTERFACTUAL,strong_up_trend,254,10,3.937007874015748,2,30.0,0.6307338775368431,-0.1544179458792915,4.084589222744147,1.75053823831892,0.08112760114554887,0.3194000045100349,1.050448036999987,-0.36119106727811046,-0.3242315989946215,-0.3611910672781112,-0.3611910672781112,0.01453502357548917,30.0,0.0
transfer_27_90_to_5m,development56,BOTH_COUNTERFACTUAL,strong_down_trend,296,15,5.0675675675675675,2,6.666666666666667,4.3639750470905225,-0.16590197669984072,26.30453918572697,1.878895656123355,0.1360898248861835,0.6896443828691732,0.7433673656666788,-0.6756071730131485,-0.331692025576533,-0.3550813092781519,-0.3550813092781519,-0.16590197669984075,6.666666666666667,0.0
transfer_27_90_to_5m,development56,BOTH_COUNTERFACTUAL,range_chop,270,7,2.5925925925925926,2,0.0,,-0.261237248281576,,0.0,-0.261237248281576,-0.6772817548040859,-1.645691881000021,-0.6951418516124463,-0.6049815984472281,-0.6951418516124414,-0.6951418516124414,-0.3017438973759628,0.0,0.0
transfer_27_90_to_5m,development56,BOTH_COUNTERFACTUAL,gap_up_open,172,6,3.488372093023256,2,16.666666666666668,0.6203646822597159,-0.13485257402284295,4.600317693265766,0.9200635386531532,-0.008983031309083157,-0.03133615572935985,0.15829948449999165,-0.32134835870265555,-0.27565796222801797,-0.32134835870265704,-0.32134835870265704,-0.13485257402284295,16.666666666666664,0.0
transfer_27_90_to_5m,development56,BOTH_COUNTERFACTUAL,gap_down_open,178,11,6.179775280898877,2,18.181818181818183,2.4776755990826254,-0.25220158683640187,9.82418719153359,2.1831527092296863,0.24413971969433038,1.5087286048526034,1.1588199670909178,-0.6951418516124463,-0.5374275720257328,-0.6951418516124414,-0.6951418516124414,-0.1678438130452889,18.181818181818183,0.0
transfer_27_90_to_5m,development56,BOTH_COUNTERFACTUAL,v_reversal_up,68,2,2.9411764705882355,2,0.0,,-0.05818582064628626,,0.0,-0.05818582064628626,-0.1711347666067243,-0.27926783750001505,-0.09817428757731284,-0.09417544088421383,-0.09817428757731689,-0.09817428757731689,-0.09817428757731689,0.0,0.0
transfer_27_90_to_5m,development56,BOTH_COUNTERFACTUAL,v_reversal_down,90,3,3.3333333333333335,2,0.0,,-0.1964261547481843,,0.0,-0.1964261547481843,-0.6547538491606143,-1.1566143890000262,-0.3743697421248471,-0.34768249984597066,-0.37436974212484553,-0.37436974212484553,-0.24093353073047133,0.0,0.0
transfer_27_90_to_5m,development56,BOTH_COUNTERFACTUAL,late_day_spike,260,14,5.384615384615385,2,14.285714285714286,2.4776755990826254,-0.2345611892721112,10.563024542855246,1.7605040904758744,0.15290120906427973,0.8233142026538139,0.8366636307142942,-0.6951418516124463,-0.6168056802359303,-0.6951418516124414,-0.6951418516124414,-0.1710275477069698,14.285714285714285,0.0
transfer_27_90_to_5m,development56,BOTH_COUNTERFACTUAL,high_vol,340,15,4.411764705882353,2,20.0,1.8786039991471122,-0.1259639316279044,14.913824734341263,3.7284561835853163,0.274949654527099,1.2130131817372014,1.6220593886666734,-0.32134835870265555,-0.2917457484867132,-0.32134835870265704,-0.32134835870265704,-0.01712358779885994,20.0,0.0
transfer_27_90_to_5m,development56,BOTH_COUNTERFACTUAL,low_vol,78,2,2.5641025641025643,2,0.0,,-0.06214091152778816,,0.0,-0.06214091152778816,-0.15933567058407222,-0.125,-0.07092514004413131,-0.07004671719249346,-0.0709251400441274,-0.0709251400441274,-0.0709251400441274,0.0,0.0
transfer_27_90_to_5m,development56,LONG,ALL,560,21,3.75,2,14.285714285714286,0.6307338775368431,-0.19270268787246986,3.2730933050309146,0.5455155508384857,-0.07506889281399658,-0.28150834805248715,-0.019285365523820645,-1.295165774854512,-0.5746246648793475,-0.6140268402421399,-0.6534290156049323,-0.11284537741850069,14.285714285714285,0.0
transfer_27_90_to_5m,development56,LONG,strong_up_trend,127,9,7.086614173228346,2,33.333333333333336,0.6307338775368431,-0.11995575897948824,5.258054160156621,2.6290270800783104,0.13027411985928888,0.9232024241996849,1.240415852888873,-0.27905891553702267,-0.22653836272501826,-0.27905891553702294,-0.27905891553702294,0.06150078493218922,33.33333333333333,0.0
transfer_27_90_to_5m,development56,LONG,strong_down_trend,148,0,0.0,2,,,,,,,0.0,,0.0,,,,,,0.0
transfer_27_90_to_5m,development56,LONG,range_chop,135,2,1.4814814814814814,2,0.0,,-0.25105249686558045,,0.0,-0.25105249686558045,-0.37192962498604515,-1.0649215835000518,-0.3946076743950644,-0.3802521566421154,-0.3946076743950638,-0.3946076743950638,-0.3946076743950638,0.0,0.0
transfer_27_90_to_5m,development56,LONG,gap_up_open,86,4,4.651162790697675,2,25.0,0.6203646822597159,-0.07144257953581902,8.68340261914374,2.89446753971458,0.10150923591306468,0.47213598099099857,0.9924492267499829,-0.11309016946379202,-0.10552313847118437,-0.11309016946379159,-0.11309016946379159,-0.071442579535819,25.0,0.0
transfer_27_90_to_5m,development56,LONG,gap_down_open,89,4,4.49438202247191,2,25.0,0.5913761510747273,-0.1928498010307215,3.0665115956252373,1.0221705318750791,0.0032066869956407017,0.01441207638490203,0.33131420824999225,-0.3797132924390212,-0.33888089647358527,-0.37971329243902435,-0.37971329243902435,-0.19284980103072147,25.0,0.0
transfer_27_90_to_5m,development56,LONG,v_reversal_up,34,1,2.9411764705882355,2,0.0,,-0.09817428757731689,,0.0,-0.09817428757731689,-0.28874790463916733,-0.568535675000021,-0.09817428757731284,-0.09817428757731689,-0.09817428757731689,-0.09817428757731689,,0.0,0.0
transfer_27_90_to_5m,development56,LONG,v_reversal_down,45,1,2.2222222222222223,2,0.0,,-0.10749731933609713,,0.0,-0.10749731933609713,-0.2388829318579936,-1.01984316700009,-0.10749731933609175,-0.10749731933609713,-0.10749731933609713,-0.10749731933609713,,0.0,0.0
transfer_27_90_to_5m,development56,LONG,late_day_spike,130,6,4.615384615384615,2,16.666666666666668,0.5913761510747273,-0.23862432992252228,2.4782726525276706,0.49565453050553415,-0.10029091642298069,-0.46288115272144925,0.006857112666665444,-0.6675936030264062,-0.5007332275437664,-0.5746246648793475,-0.5746246648793475,-0.23862432992252228,16.666666666666664,0.0
transfer_27_90_to_5m,development56,LONG,high_vol,170,7,4.117647058823529,2,28.571428571428573,0.6359184751754068,-0.13141825153943718,4.838890091187787,1.9355560364751148,0.0878208132362325,0.36161511332566326,0.961963239428558,-0.27905891553702267,-0.23966850092801942,-0.27905891553702294,-0.27905891553702294,-0.01095251777040976,28.57142857142857,0.0
transfer_27_90_to_5m,development56,LONG,low_vol,39,1,2.5641025641025643,2,0.0,,-0.05335668301144893,,0.0,-0.05335668301144893,-0.13681200772166394,-0.10000000000002274,-0.0533566830114518,-0.05335668301144893,-0.05335668301144893,-0.05335668301144893,,0.0,0.0
transfer_27_90_to_5m,development56,SHORT,ALL,560,24,4.285714285714286,2,4.166666666666667,4.3639750470905225,-0.19047426543673984,22.9111005472804,0.9961348064034957,-0.0007055440814372298,-0.0030237603490166987,-0.028442010916656102,-1.0474476463066207,-0.37239294089783537,-0.5347557968686434,-0.6951418516124414,-0.1904742654367398,4.166666666666666,0.0
transfer_27_90_to_5m,development56,SHORT,strong_up_trend,127,1,0.7874015748031497,2,0.0,,-0.3611910672781112,,0.0,-0.3611910672781112,-0.2844024151796151,-0.659262305999988,-0.36119106727811046,-0.3611910672781112,-0.3611910672781112,-0.3611910672781112,,0.0,0.0
transfer_27_90_to_5m,development56,SHORT,strong_down_trend,148,15,10.135135135135135,2,6.666666666666667,4.3639750470905225,-0.16590197669984072,26.30453918572697,1.878895656123355,0.1360898248861835,1.3792887657383464,0.7433673656666788,-0.6756071730131485,-0.331692025576533,-0.3550813092781519,-0.3550813092781519,-0.16590197669984075,6.666666666666667,0.0
transfer_27_90_to_5m,development56,SHORT,range_chop,135,5,3.7037037037037037,2,0.0,,-0.26531114884797435,,0.0,-0.26531114884797435,-0.9826338846221271,-1.8780000000000086,-0.6951418516124463,-0.6309874297149222,-0.6951418516124414,-0.6951418516124414,-0.32708959763115397,0.0,0.0
transfer_27_90_to_5m,development56,SHORT,gap_up_open,86,2,2.3255813953488373,2,0.0,,-0.2299675657533789,,0.0,-0.2299675657533789,-0.5348082924497183,-1.509999999999991,-0.32134835870265555,-0.3122102794077293,-0.32134835870265704,-0.32134835870265704,-0.32134835870265704,0.0,0.0
transfer_27_90_to_5m,development56,SHORT,gap_down_open,89,7,7.865168539325842,2,14.285714285714286,4.3639750470905225,-0.28187747973924204,15.481815188384434,2.5803025313974057,0.38181573837929583,3.0030451333203043,1.631680400714304,-0.6951418516124463,-0.5989102187661626,-0.6951418516124414,-0.6951418516124414,-0.28187747973924204,14.285714285714285,0.0
transfer_27_90_to_5m,development56,SHORT,v_reversal_up,34,1,2.9411764705882355,2,0.0,,-0.018197353715255632,,0.0,-0.018197353715255632,-0.05352162857428128,0.009999999999990905,-0.01819735371525466,-0.018197353715255632,-0.018197353715255632,-0.018197353715255632,,0.0,0.0
transfer_27_90_to_5m,development56,SHORT,v_reversal_down,45,2,4.444444444444445,2,0.0,,-0.24089057245422787,,0.0,-0.24089057245422787,-1.0706247664632351,-1.2249999999999943,-0.3743697421248471,-0.36102182515778375,-0.37436974212484553,-0.37436974212484553,-0.37436974212484553,0.0,0.0
transfer_27_90_to_5m,development56,SHORT,late_day_spike,130,8,6.153846153846154,2,12.5,4.3639750470905225,-0.23165894595038897,18.83793017009191,2.691132881441701,0.34279530317972495,2.109509558029077,1.4590185192500158,-0.6951418516124463,-0.5828716132917828,-0.6951418516124414,-0.6951418516124414,-0.23165894595038902,12.5,0.0
transfer_27_90_to_5m,development56,SHORT,high_vol,170,8,4.705882352941177,2,12.5,4.3639750470905225,-0.12206798883395238,35.750364110829956,5.107194872975708,0.438687390656607,2.064411250148739,2.1996435192500243,-0.32134835870265555,-0.2756450258781498,-0.32134835870265704,-0.32134835870265704,-0.1220679888339524,12.5,0.0
transfer_27_90_to_5m,development56,SHORT,low_vol,39,1,2.5641025641025643,2,0.0,,-0.0709251400441274,,0.0,-0.0709251400441274,-0.18185933344648048,-0.14999999999997726,-0.07092514004413131,-0.0709251400441274,-0.0709251400441274,-0.0709251400441274,,0.0,0.0
transfer_27_90_to_5m,stress27,BOTH_COUNTERFACTUAL,ALL,540,14,2.5925925925925926,2,7.142857142857143,0.4183230733265799,-0.23635796775777815,1.7698708331901098,0.13614391024539307,-0.18959503625175256,-0.49154268657861777,-0.7764298139285606,-1.261601987097638,-0.6146206491863643,-0.6911950496845553,-0.6911950496845553,-0.23635796775777815,21.428571428571427,0.0
transfer_27_90_to_5m,stress27,BOTH_COUNTERFACTUAL,strong_up_trend,84,2,2.380952380952381,2,0.0,,-0.28758028311970446,,0.0,-0.28758028311970446,-0.6847149598088201,-1.308900000000051,-0.5743770028231232,-0.3469125918942783,-0.35350507064700876,-0.35350507064700876,-0.35350507064700876,50.0,0.0
transfer_27_90_to_5m,stress27,BOTH_COUNTERFACTUAL,strong_down_trend,86,1,1.1627906976744187,2,0.0,,-0.28388888881010443,,0.0,-0.28388888881010443,-0.3301033590815168,-0.5693629000000158,-0.2838888888101021,-0.28388888881010443,-0.28388888881010443,-0.28388888881010443,,0.0,0.0
transfer_27_90_to_5m,stress27,BOTH_COUNTERFACTUAL,range_chop,196,4,2.0408163265306123,2,0.0,,-0.3539466415554387,,0.0,-0.3539466415554387,-0.7223400848070178,-1.4838499999999613,-0.6911950496845565,-0.6735240341849728,-0.6911950496845553,-0.6911950496845553,-0.45793788584188616,0.0,0.0
transfer_27_90_to_5m,stress27,BOTH_COUNTERFACTUAL,gap_up_open,34,1,2.9411764705882355,2,0.0,,-0.09461552279227364,,0.0,-0.09461552279227364,-0.27828094938904013,-0.5399999999999636,-0.09461552279227403,-0.09461552279227364,-0.09461552279227364,-0.09461552279227364,,0.0,0.0
transfer_27_90_to_5m,stress27,BOTH_COUNTERFACTUAL,gap_down_open,44,1,2.272727272727273,2,0.0,,-0.09794340751874753,,0.0,-0.09794340751874753,-0.22259865345169894,-0.5599999999999454,-0.09794340751875241,-0.09794340751874753,-0.09794340751874753,-0.09794340751874753,,0.0,0.0
transfer_27_90_to_5m,stress27,BOTH_COUNTERFACTUAL,v_reversal_up,22,0,0.0,2,,,,,,,0.0,,0.0,,,,,,0.0
transfer_27_90_to_5m,stress27,BOTH_COUNTERFACTUAL,v_reversal_down,20,0,0.0,2,,,,,,,0.0,,0.0,,,,,,0.0
transfer_27_90_to_5m,stress27,BOTH_COUNTERFACTUAL,late_day_spike,18,1,5.555555555555555,2,0.0,,-0.10923032815376489,,0.0,-0.10923032815376489,-0.6068351564098049,-0.48489999999992506,-0.10923032815376432,-0.10923032815376489,-0.10923032815376489,-0.10923032815376489,,0.0,0.0
transfer_27_90_to_5m,stress27,BOTH_COUNTERFACTUAL,high_vol,62,0,0.0,2,,,,,,,0.0,,0.0,,,,,,0.0
transfer_27_90_to_5m,stress27,BOTH_COUNTERFACTUAL,low_vol,192,5,2.6041666666666665,2,0.0,,-0.18363472602185182,,0.0,-0.18363472602185182,-0.4782154323485725,-0.7255799999999908,-0.667796701599932,-0.4813594334278763,-0.5733882796873382,-0.5733882796873382,-0.21905018035329069,0.0,0.0
transfer_27_90_to_5m,stress27,LONG,ALL,270,9,3.3333333333333335,2,11.11111111111111,0.4183230733265799,-0.29671642314827457,1.4098413188188654,0.17623016485235818,-0.2172675902066241,-0.7242253006887469,-0.8884282772222163,-1.261601987097638,-0.6440723416856684,-0.6911950496845553,-0.6911950496845553,-0.29671642314827457,33.33333333333333,0.0
transfer_27_90_to_5m,stress27,LONG,strong_up_trend,42,2,4.761904761904762,2,0.0,,-0.28758028311970446,,0.0,-0.28758028311970446,-1.3694299196176403,-1.308900000000051,-0.5743770028231232,-0.3469125918942783,-0.35350507064700876,-0.35350507064700876,-0.35350507064700876,50.0,0.0
transfer_27_90_to_5m,stress27,LONG,strong_down_trend,43,0,0.0,2,,,,,,,0.0,,0.0,,,,,,0.0
transfer_27_90_to_5m,stress27,LONG,range_chop,98,3,3.061224489795918,2,0.0,,-0.4355187460226634,,0.0,-0.4355187460226634,-1.333220651089786,-1.8168333333333067,-0.6911950496845565,-0.6794143726848336,-0.6911950496845553,-0.6911950496845553,-0.6322916646859468,0.0,0.0
transfer_27_90_to_5m,stress27,LONG,gap_up_open,17,0,0.0,2,,,,,,,0.0,,0.0,,,,,,0.0
transfer_27_90_to_5m,stress27,LONG,gap_down_open,22,0,0.0,2,,,,,,,0.0,,0.0,,,,,,0.0
transfer_27_90_to_5m,stress27,LONG,v_reversal_up,11,0,0.0,2,,,,,,,0.0,,0.0,,,,,,0.0
transfer_27_90_to_5m,stress27,LONG,v_reversal_down,10,0,0.0,2,,,,,,,0.0,,0.0,,,,,,0.0
transfer_27_90_to_5m,stress27,LONG,late_day_spike,9,0,0.0,2,,,,,,,0.0,,0.0,,,,,,0.0
transfer_27_90_to_5m,stress27,LONG,high_vol,31,0,0.0,2,,,,,,,0.0,,0.0,,,,,,0.0
transfer_27_90_to_5m,stress27,LONG,low_vol,96,3,3.125,2,0.0,,-0.23677135297565244,,0.0,-0.23677135297565244,-0.7399104780489139,-0.7893333333333127,-0.667796701599932,-0.5255447387729567,-0.5733882796873382,-0.5733882796873382,-0.3341705751154304,0.0,0.0
transfer_27_90_to_5m,stress27,SHORT,ALL,270,5,1.8518518518518519,2,0.0,,-0.13978443913298375,,0.0,-0.13978443913298375,-0.2588600724684884,-0.5748325799999805,-0.2838888888101021,-0.2497599207260892,-0.28388888881010443,-0.28388888881010443,-0.1510766682181613,0.0,0.0
transfer_27_90_to_5m,stress27,SHORT,strong_up_trend,42,0,0.0,2,,,,,,,0.0,,0.0,,,,,,0.0
transfer_27_90_to_5m,stress27,SHORT,strong_down_trend,43,1,2.3255813953488373,2,0.0,,-0.28388888881010443,,0.0,-0.28388888881010443,-0.6602067181630336,-0.5693629000000158,-0.2838888888101021,-0.28388888881010443,-0.28388888881010443,-0.28388888881010443,,0.0,0.0
transfer_27_90_to_5m,stress27,SHORT,range_chop,98,1,1.0204081632653061,2,0.0,,-0.10923032815376489,,0.0,-0.10923032815376489,-0.11145951852424989,-0.48489999999992506,-0.10923032815376432,-0.10923032815376489,-0.10923032815376489,-0.10923032815376489,,0.0,0.0
transfer_27_90_to_5m,stress27,SHORT,gap_up_open,17,1,5.882352941176471,2,0.0,,-0.09461552279227364,,0.0,-0.09461552279227364,-0.5565618987780803,-0.5399999999999636,-0.09461552279227403,-0.09461552279227364,-0.09461552279227364,-0.09461552279227364,,0.0,0.0
transfer_27_90_to_5m,stress27,SHORT,gap_down_open,22,1,4.545454545454546,2,0.0,,-0.09794340751874753,,0.0,-0.09794340751874753,-0.44519730690339787,-0.5599999999999454,-0.09794340751875241,-0.09794340751874753,-0.09794340751874753,-0.09794340751874753,,0.0,0.0
transfer_27_90_to_5m,stress27,SHORT,v_reversal_up,11,0,0.0,2,,,,,,,0.0,,0.0,,,,,,0.0
transfer_27_90_to_5m,stress27,SHORT,v_reversal_down,10,0,0.0,2,,,,,,,0.0,,0.0,,,,,,0.0
transfer_27_90_to_5m,stress27,SHORT,late_day_spike,9,1,11.11111111111111,2,0.0,,-0.10923032815376489,,0.0,-0.10923032815376489,-1.2136703128196098,-0.48489999999992506,-0.10923032815376432,-0.10923032815376489,-0.10923032815376489,-0.10923032815376489,,0.0,0.0
transfer_27_90_to_5m,stress27,SHORT,high_vol,31,0,0.0,2,,,,,,,0.0,,0.0,,,,,,0.0
transfer_27_90_to_5m,stress27,SHORT,low_vol,96,2,2.0833333333333335,2,0.0,,-0.10392978559115096,,0.0,-0.10392978559115096,-0.21652038664823117,-0.629950000000008,-0.11324404839002655,-0.11231262211014055,-0.11324404839002829,-0.11324404839002829,-0.11324404839002829,0.0,0.0
transfer_27_90_to_5m,all83,BOTH_COUNTERFACTUAL,ALL,1660,59,3.5542168674698793,2,8.474576271186441,1.3348999506055268,-0.20226314940001092,6.599817883610265,0.6110942484824319,-0.07199509007750773,-0.25588616352849136,-0.20267149716948862,-1.2997093539469318,-0.5825050999519059,-0.679921972300643,-0.6951418516124414,-0.14847733382178413,11.864406779661017,0.0
transfer_27_90_to_5m,all83,BOTH_COUNTERFACTUAL,strong_up_trend,338,12,3.5502958579881656,2,25.0,0.6307338775368431,-0.1840095763771611,3.427723110693105,1.1425743702310351,0.019676287101339986,0.06985664059647331,0.6572233641666472,-0.6127495991587351,-0.35696376913100486,-0.3611910672781112,-0.3611910672781112,-0.04039503218727331,33.33333333333333,0.0
transfer_27_90_to_5m,all83,BOTH_COUNTERFACTUAL,strong_down_trend,382,16,4.18848167539267,2,6.25,4.3639750470905225,-0.17376777084052497,25.11383455045615,1.6742556366970767,0.10984115528016554,0.4600676660949342,0.6613217240625104,-0.6756071730131485,-0.3300213624549888,-0.3550813092781519,-0.3550813092781519,-0.173767770840525,6.25,0.0
transfer_27_90_to_5m,all83,BOTH_COUNTERFACTUAL,range_chop,466,11,2.3605150214592276,2,0.0,,-0.294949754926617,,0.0,-0.294949754926617,-0.6962333270799972,-1.5868402879090902,-0.6951418516124463,-0.6931684506484983,-0.6951418516124414,-0.6951418516124414,-0.32262499504775316,0.0,0.0
transfer_27_90_to_5m,all83,BOTH_COUNTERFACTUAL,gap_up_open,206,7,3.3980582524271843,2,14.285714285714286,0.6203646822597159,-0.12814639881774806,4.841062160022216,0.8068436933370361,-0.021216244378110368,-0.07209403429454979,0.05854241528571232,-0.41565983606536294,-0.26651988293309015,-0.32134835870265704,-0.32134835870265704,-0.12814639881774806,14.285714285714285,0.0
transfer_27_90_to_5m,all83,BOTH_COUNTERFACTUAL,gap_down_open,222,12,5.405405405405405,2,16.666666666666668,2.4776755990826254,-0.23677576890463642,10.464227866494783,2.0928455732989564,0.21563279242657385,1.1655826617652643,1.015584969833346,-0.6951418516124463,-0.521656144067062,-0.6951418516124414,-0.6951418516124414,-0.16148923072469423,16.666666666666664,0.0
transfer_27_90_to_5m,all83,BOTH_COUNTERFACTUAL,v_reversal_up,90,2,2.2222222222222223,2,0.0,,-0.05818582064628626,,0.0,-0.05818582064628626,-0.12930182365841392,-0.27926783750001505,-0.09817428757731284,-0.09417544088421383,-0.09817428757731689,-0.09817428757731689,-0.09817428757731689,0.0,0.0
transfer_27_90_to_5m,all83,BOTH_COUNTERFACTUAL,v_reversal_down,110,3,2.727272727272727,2,0.0,,-0.1964261547481843,,0.0,-0.1964261547481843,-0.5357076947677754,-1.1566143890000262,-0.3743697421248471,-0.34768249984597066,-0.37436974212484553,-0.37436974212484553,-0.24093353073047133,0.0,0.0
transfer_27_90_to_5m,all83,BOTH_COUNTERFACTUAL,late_day_spike,278,15,5.39568345323741,2,13.333333333333334,2.4776755990826254,-0.22492035380146919,11.015790955360133,1.6947370700554052,0.13542577324974342,0.730714603865522,0.7485593886666796,-0.6951418516124463,-0.6107798208992756,-0.6951418516124414,-0.6951418516124414,-0.16661346059602658,13.333333333333334,0.0
transfer_27_90_to_5m,all83,BOTH_COUNTERFACTUAL,high_vol,402,15,3.7313432835820897,2,20.0,1.8786039991471122,-0.1259639316279044,14.913824734341263,3.7284561835853163,0.274949654527099,1.0259315467429067,1.6220593886666734,-0.32134835870265555,-0.2917457484867132,-0.32134835870265704,-0.32134835870265704,-0.01712358779885994,20.0,0.0
transfer_27_90_to_5m,all83,BOTH_COUNTERFACTUAL,low_vol,270,7,2.5925925925925926,2,0.0,,-0.1489222075949765,,0.0,-0.1489222075949765,-0.3860946122832724,-0.5539857142857078,-0.667796701599932,-0.43534501029814526,-0.5733882796873382,-0.5733882796873382,-0.16674709074478983,0.0,0.0
transfer_27_90_to_5m,all83,LONG,ALL,830,30,3.6144578313253013,2,13.333333333333334,0.5776311764842773,-0.22470691411117902,2.5705981445612336,0.39547663762480517,-0.11772850203178482,-0.4255247061389813,-0.28002823903333934,-1.2997093539469318,-0.6179670577784191,-0.6723120326447438,-0.6911950496845553,-0.14525227104240104,20.0,0.0
transfer_27_90_to_5m,all83,LONG,strong_up_trend,169,11,6.508875739644971,2,27.272727272727273,0.6307338775368431,-0.16186189001454232,3.896741088839229,1.4612779083147107,0.054300592044926446,0.3534358062095804,0.7769038796363413,-0.6127495991587351,-0.3162819930920159,-0.35350507064700876,-0.35350507064700876,-0.008315428678189515,36.36363636363637,0.0
transfer_27_90_to_5m,all83,LONG,strong_down_trend,191,0,0.0,2,,,,,,,0.0,,0.0,,,,,,0.0
transfer_27_90_to_5m,all83,LONG,range_chop,233,5,2.1459227467811157,2,0.0,,-0.3617322463598302,,0.0,-0.3617322463598302,-0.7762494557077901,-1.5160686334000046,-0.6911950496845565,-0.6676336956851119,-0.6911950496845553,-0.6911950496845553,-0.4416720807757636,0.0,0.0
transfer_27_90_to_5m,all83,LONG,gap_up_open,103,4,3.883495145631068,2,25.0,0.6203646822597159,-0.07144257953581902,8.68340261914374,2.89446753971458,0.10150923591306468,0.3942106249051056,0.9924492267499829,-0.11309016946379202,-0.10552313847118437,-0.11309016946379159,-0.11309016946379159,-0.071442579535819,25.0,0.0
transfer_27_90_to_5m,all83,LONG,gap_down_open,111,4,3.6036036036036037,2,25.0,0.5913761510747273,-0.1928498010307215,3.0665115956252373,1.0221705318750791,0.0032066869956407017,0.011555628813119646,0.33131420824999225,-0.3797132924390212,-0.33888089647358527,-0.37971329243902435,-0.37971329243902435,-0.19284980103072147,25.0,0.0
transfer_27_90_to_5m,all83,LONG,v_reversal_up,45,1,2.2222222222222223,2,0.0,,-0.09817428757731689,,0.0,-0.09817428757731689,-0.21816508350514863,-0.568535675000021,-0.09817428757731284,-0.09817428757731689,-0.09817428757731689,-0.09817428757731689,,0.0,0.0
transfer_27_90_to_5m,all83,LONG,v_reversal_down,55,1,1.8181818181818181,2,0.0,,-0.10749731933609713,,0.0,-0.10749731933609713,-0.1954496715201766,-1.01984316700009,-0.10749731933609175,-0.10749731933609713,-0.10749731933609713,-0.10749731933609713,,0.0,0.0
transfer_27_90_to_5m,all83,LONG,late_day_spike,139,6,4.316546762589928,2,16.666666666666668,0.5913761510747273,-0.23862432992252228,2.4782726525276706,0.49565453050553415,-0.10029091642298069,-0.43291043060279427,0.006857112666665444,-0.6675936030264062,-0.5007332275437664,-0.5746246648793475,-0.5746246648793475,-0.23862432992252228,16.666666666666664,0.0
transfer_27_90_to_5m,all83,LONG,high_vol,201,7,3.482587064676617,2,28.571428571428573,0.6359184751754068,-0.13141825153943718,4.838890091187787,1.9355560364751148,0.0878208132362325,0.30584362818588434,0.961963239428558,-0.27905891553702267,-0.23966850092801942,-0.27905891553702294,-0.27905891553702294,-0.01095251777040976,28.57142857142857,0.0
transfer_27_90_to_5m,all83,LONG,low_vol,135,4,2.962962962962963,2,0.0,,-0.19091768548460153,,0.0,-0.19091768548460153,-0.5656820310654861,-0.6169999999999902,-0.667796701599932,-0.5016229683157658,-0.5733882796873382,-0.5733882796873382,-0.24056594441410326,0.0,0.0
transfer_27_90_to_5m,all83,SHORT,ALL,830,29,3.4939759036144578,2,3.4482758620689653,4.3639750470905225,-0.18142251073964052,24.054209311176738,0.8590789039705978,-0.02468466391791077,-0.08624762091800149,-0.12264728144826374,-1.0474476463066207,-0.36909827218615177,-0.5347557968686434,-0.6951418516124414,-0.18142251073964052,3.4482758620689653,0.0
transfer_27_90_to_5m,all83,SHORT,strong_up_trend,169,1,0.591715976331361,2,0.0,,-0.3611910672781112,,0.0,-0.3611910672781112,-0.21372252501663386,-0.659262305999988,-0.36119106727811046,-0.3611910672781112,-0.3611910672781112,-0.3611910672781112,,0.0,0.0
transfer_27_90_to_5m,all83,SHORT,strong_down_trend,191,16,8.37696335078534,2,6.25,4.3639750470905225,-0.17376777084052497,25.11383455045615,1.6742556366970767,0.10984115528016554,0.9201353321898684,0.6613217240625104,-0.6756071730131485,-0.3300213624549888,-0.3550813092781519,-0.3550813092781519,-0.173767770840525,6.25,0.0
transfer_27_90_to_5m,all83,SHORT,range_chop,233,6,2.575107296137339,2,0.0,,-0.23929767873227273,,0.0,-0.23929767873227273,-0.6162171984522045,-1.6458166666666614,-0.6951418516124463,-0.6149488242405423,-0.6951418516124414,-0.6951418516124414,-0.2835177437356761,0.0,0.0
transfer_27_90_to_5m,all83,SHORT,gap_up_open,103,3,2.912621359223301,2,0.0,,-0.18485021809967717,,0.0,-0.18485021809967717,-0.5383986934942053,-1.1866666666666486,-0.41565983606536294,-0.30307220011280145,-0.32134835870265704,-0.32134835870265704,-0.2299675657533789,0.0,0.0
transfer_27_90_to_5m,all83,SHORT,gap_down_open,111,8,7.207207207207207,2,12.5,4.3639750470905225,-0.2556011837077428,17.073375732407953,2.439053676058279,0.32184584514204045,2.3196096947174087,1.3577203506250228,-0.6951418516124463,-0.5828716132917828,-0.6951418516124414,-0.6951418516124414,-0.2556011837077428,12.5,0.0
transfer_27_90_to_5m,all83,SHORT,v_reversal_up,45,1,2.2222222222222223,2,0.0,,-0.018197353715255632,,0.0,-0.018197353715255632,-0.040438563811679186,0.009999999999990905,-0.01819735371525466,-0.018197353715255632,-0.018197353715255632,-0.018197353715255632,,0.0,0.0
transfer_27_90_to_5m,all83,SHORT,v_reversal_down,55,2,3.6363636363636362,2,0.0,,-0.24089057245422787,,0.0,-0.24089057245422787,-0.8759657180153742,-1.2249999999999943,-0.3743697421248471,-0.36102182515778375,-0.37436974212484553,-0.37436974212484553,-0.37436974212484553,0.0,0.0
transfer_27_90_to_5m,all83,SHORT,late_day_spike,139,9,6.474820143884892,2,11.11111111111111,4.3639750470905225,-0.21635536872581096,20.17040331742831,2.5213004146785387,0.29257023303155943,1.894339638333838,1.243027572666689,-0.6951418516124463,-0.566833007817403,-0.6951418516124414,-0.6951418516124414,-0.21635536872581096,11.11111111111111,0.0
transfer_27_90_to_5m,all83,SHORT,high_vol,201,8,3.9800995024875623,2,12.5,4.3639750470905225,-0.12206798883395238,35.750364110829956,5.107194872975708,0.438687390656607,1.7460194652999284,2.1996435192500243,-0.32134835870265555,-0.2756450258781498,-0.32134835870265704,-0.32134835870265704,-0.1220679888339524,12.5,0.0
transfer_27_90_to_5m,all83,SHORT,low_vol,135,3,2.2222222222222223,2,0.0,,-0.09292823707547644,,0.0,-0.09292823707547644,-0.20650719350105876,-0.4699666666666644,-0.11324404839002655,-0.11138119583025281,-0.11324404839002829,-0.11324404839002829,-0.10392978559115096,0.0,0.0
followup_5m,fit28,BOTH_COUNTERFACTUAL,ALL,560,23,4.107142857142857,2,8.695652173913043,6.070897368303976,-0.10567446355383903,57.44904837118928,5.471337940113264,0.4314187392164057,1.771898393210238,3.6075843677825996,-0.46797937989325744,-0.25450771017766294,-0.27060665090044145,-0.28459416563418327,0.09919367866692184,4.3478260869565215,0.0
followup_5m,fit28,BOTH_COUNTERFACTUAL,strong_up_trend,102,5,4.901960784313726,2,20.0,7.740370071305053,-0.0806419095277837,95.98445915567326,23.996114788918316,1.4835604866387835,7.272355326660704,13.960089312799994,-0.11123790267523193,-0.10836902270025374,-0.11123790267522779,-0.11123790267522779,-0.0806419095277837,20.0,0.0
followup_5m,fit28,BOTH_COUNTERFACTUAL,strong_down_trend,148,4,2.7027027027027026,2,25.0,4.401424665302899,-0.15950028358127757,27.595089905028523,9.198363301676174,0.9807309536397668,2.650624199026397,5.163424150249988,-0.2845941656341777,-0.2626899479981536,-0.28459416563418327,-0.28459416563418327,-0.15950028358127757,0.0,0.0
followup_5m,fit28,BOTH_COUNTERFACTUAL,range_chop,140,3,2.142857142857143,2,0.0,,-0.061758968736213234,,0.0,-0.061758968736213234,-0.13234064729188552,-0.28469353733333946,-0.1075948943758731,-0.1021070817858982,-0.10759489437587055,-0.10759489437587055,-0.08015583142600877,0.0,0.0
followup_5m,fit28,BOTH_COUNTERFACTUAL,gap_up_open,82,4,4.878048780487805,2,0.0,,-0.10187033000532238,,0.0,-0.10187033000532238,-0.496928439050353,-0.35462862600002154,-0.1867405411706491,-0.14407100721927138,-0.1495382138820031,-0.1495382138820031,-0.12340775924055507,0.0,0.0
followup_5m,fit28,BOTH_COUNTERFACTUAL,gap_down_open,72,4,5.555555555555555,2,25.0,4.401424665302899,-0.07295730948875725,60.32876892179201,20.10958964059734,1.045638184209157,5.809101023384206,5.301606283999988,-0.13856604806065098,-0.126082236408904,-0.13856604806065229,-0.13856604806065229,-0.07295730948875725,0.0,0.0
followup_5m,fit28,BOTH_COUNTERFACTUAL,v_reversal_up,32,1,3.125,2,0.0,,-0.08557608923768166,,0.0,-0.08557608923768166,-0.2674252788677552,-0.20382421099998282,-0.08557608923768223,-0.08557608923768166,-0.08557608923768166,-0.08557608923768166,,0.0,0.0
followup_5m,fit28,BOTH_COUNTERFACTUAL,v_reversal_down,52,2,3.8461538461538463,2,0.0,,-0.06628006886624638,,0.0,-0.06628006886624638,-0.25492334179325526,-0.32463521700000797,-0.1075948943758731,-0.10346341182490813,-0.10759489437587055,-0.10759489437587055,-0.10759489437587055,0.0,0.0
followup_5m,fit28,BOTH_COUNTERFACTUAL,late_day_spike,146,11,7.534246575342466,2,18.181818181818183,6.070897368303976,-0.10371168024883351,58.53629363383357,13.008065251963016,1.0189445103971317,7.676979187923596,7.991188003272725,-0.3116714631037354,-0.19759259211367597,-0.2566191361666996,-0.2566191361666996,0.3468019543063398,9.090909090909092,0.0
followup_5m,fit28,BOTH_COUNTERFACTUAL,high_vol,150,7,4.666666666666667,2,28.571428571428573,6.070897368303976,-0.09225607160139927,65.8048544981824,26.32194179927296,1.6686449112287078,7.78700958573397,13.041684767857134,-0.13856604806065098,-0.13036760444502493,-0.13856604806065229,-0.13856604806065229,0.6566907178826507,14.285714285714285,0.0
followup_5m,fit28,BOTH_COUNTERFACTUAL,low_vol,50,1,2.0,2,0.0,,-0.08557608923768166,,0.0,-0.08557608923768166,-0.17115217847536332,-0.20382421099998282,-0.08557608923768223,-0.08557608923768166,-0.08557608923768166,-0.08557608923768166,,0.0,0.0
followup_5m,fit28,LONG,ALL,280,16,5.714285714285714,2,6.25,7.740370071305053,-0.10574674726500385,73.1972403076144,4.879816020507627,0.38463555389562465,2.197917450832141,3.934700145499992,-0.46797937989325744,-0.24078344124892434,-0.2566191361666996,-0.2566191361666996,-0.10574674726500388,6.25,0.0
followup_5m,fit28,LONG,strong_up_trend,51,5,9.803921568627452,2,20.0,7.740370071305053,-0.0806419095277837,95.98445915567326,23.996114788918316,1.4835604866387835,14.544710653321408,13.960089312799994,-0.11123790267523193,-0.10836902270025374,-0.11123790267522779,-0.11123790267522779,-0.0806419095277837,20.0,0.0
followup_5m,fit28,LONG,strong_down_trend,74,0,0.0,2,,,,,,,0.0,,0.0,,,,,,0.0
followup_5m,fit28,LONG,range_chop,70,2,2.857142857142857,2,0.0,,-0.06628006886624638,,0.0,-0.06628006886624638,-0.18937162533213248,-0.32463521700000797,-0.1075948943758731,-0.10346341182490813,-0.10759489437587055,-0.10759489437587055,-0.10759489437587055,0.0,0.0
followup_5m,fit28,LONG,gap_up_open,41,4,9.75609756097561,2,0.0,,-0.10187033000532238,,0.0,-0.10187033000532238,-0.993856878100706,-0.35462862600002154,-0.1867405411706491,-0.14407100721927138,-0.1495382138820031,-0.1495382138820031,-0.12340775924055507,0.0,0.0
followup_5m,fit28,LONG,gap_down_open,36,1,2.7777777777777777,2,0.0,,-0.02496524335662218,,0.0,-0.02496524335662218,-0.0693478982128394,-0.01996242100000245,-0.024965243356622757,-0.02496524335662218,-0.02496524335662218,-0.02496524335662218,,0.0,0.0
followup_5m,fit28,LONG,v_reversal_up,16,1,6.25,2,0.0,,-0.08557608923768166,,0.0,-0.08557608923768166,-0.5348505577355104,-0.20382421099998282,-0.08557608923768223,-0.08557608923768166,-0.08557608923768166,-0.08557608923768166,,0.0,0.0
followup_5m,fit28,LONG,v_reversal_down,26,2,7.6923076923076925,2,0.0,,-0.06628006886624638,,0.0,-0.06628006886624638,-0.5098466835865105,-0.32463521700000797,-0.1075948943758731,-0.10346341182490813,-0.10759489437587055,-0.10759489437587055,-0.10759489437587055,0.0,0.0
followup_5m,fit28,LONG,late_day_spike,73,7,9.58904109589041,2,14.285714285714286,7.740370071305053,-0.11446361144228417,67.62297619106636,11.270496031844393,1.0076554860930496,9.66244986664568,9.554498665285719,-0.3116714631037354,-0.21300476611925806,-0.2566191361666996,-0.2566191361666996,-0.11446361144228417,14.285714285714285,0.0
followup_5m,fit28,LONG,high_vol,75,4,5.333333333333333,2,25.0,7.740370071305053,-0.08912455763244896,86.84890311855973,28.949634372853243,1.8682490996019263,9.96399519787694,17.516351454499997,-0.11123790267523193,-0.10908624269399725,-0.11123790267522779,-0.11123790267522779,-0.08912455763244896,25.0,0.0
followup_5m,fit28,LONG,low_vol,25,1,4.0,2,0.0,,-0.08557608923768166,,0.0,-0.08557608923768166,-0.34230435695072664,-0.20382421099998282,-0.08557608923768223,-0.08557608923768166,-0.08557608923768166,-0.08557608923768166,,0.0,0.0
followup_5m,fit28,SHORT,ALL,280,7,2.5,2,14.285714285714286,4.401424665302899,-0.10549375427592697,41.7221350734247,6.953689178904116,0.5383517342353339,1.3458793355883347,2.8598911615714178,-0.2845941656341777,-0.24078573036212395,-0.28459416563418327,-0.28459416563418327,-0.10549375427592697,0.0,0.0
followup_5m,fit28,SHORT,strong_up_trend,51,0,0.0,2,,,,,,,0.0,,0.0,,,,,,0.0
followup_5m,fit28,SHORT,strong_down_trend,74,4,5.405405405405405,2,25.0,4.401424665302899,-0.15950028358127757,27.595089905028523,9.198363301676174,0.9807309536397668,5.301248398052794,5.163424150249988,-0.2845941656341777,-0.2626899479981536,-0.28459416563418327,-0.28459416563418327,-0.15950028358127757,0.0,0.0
followup_5m,fit28,SHORT,range_chop,70,1,1.4285714285714286,2,0.0,,-0.05271676847614698,,0.0,-0.05271676847614698,-0.07530966925163854,-0.20481017800000245,-0.05271676847614648,-0.05271676847614698,-0.05271676847614698,-0.05271676847614698,,0.0,0.0
followup_5m,fit28,SHORT,gap_up_open,41,0,0.0,2,,,,,,,0.0,,0.0,,,,,,0.0
followup_5m,fit28,SHORT,gap_down_open,36,3,8.333333333333334,2,33.333333333333336,4.401424665302899,-0.09695334255482478,45.39734834633474,22.69867417316737,1.4025059933977502,11.687549944981251,7.075462518999984,-0.13856604806065098,-0.13024350695948678,-0.13856604806065229,-0.13856604806065229,-0.09695334255482478,0.0,0.0
followup_5m,fit28,SHORT,v_reversal_up,16,0,0.0,2,,,,,,,0.0,,0.0,,,,,,0.0
followup_5m,fit28,SHORT,v_reversal_down,26,0,0.0,2,,,,,,,0.0,,0.0,,,,,,0.0
followup_5m,fit28,SHORT,late_day_spike,73,4,5.47945205479452,2,25.0,4.401424665302899,-0.08220781786193217,53.540220136910605,17.846740045636867,1.0387003029292758,5.691508509201511,5.255394344749988,-0.13856604806065098,-0.126082236408904,-0.13856604806065229,-0.13856604806065229,-0.08220781786193217,0.0,0.0
followup_5m,fit28,SHORT,high_vol,75,3,4.0,2,33.333333333333336,4.401424665302899,-0.09695334255482478,45.39734834633474,22.69867417316737,1.4025059933977502,5.610023973591001,7.075462518999984,-0.13856604806065098,-0.13024350695948678,-0.13856604806065229,-0.13856604806065229,-0.09695334255482478,0.0,0.0
followup_5m,fit28,SHORT,low_vol,25,0,0.0,2,,,,,,,0.0,,0.0,,,,,,0.0
followup_5m,validation28,BOTH_COUNTERFACTUAL,ALL,560,25,4.464285714285714,2,8.0,1.0353389461004958,-0.1583881308118805,6.536720528195263,0.5684104807126317,-0.06288996465889035,-0.2807587707986176,-0.060810014200002344,-0.7543332319549845,-0.39253894460093125,-0.5445795511199096,-0.6951418516124414,-0.13573625351437515,8.0,0.0
followup_5m,validation28,BOTH_COUNTERFACTUAL,strong_up_trend,152,2,1.3157894736842106,2,0.0,,-0.19602124881614014,,0.0,-0.19602124881614014,-0.2579226958107107,-0.3696311530000145,-0.36119106727811046,-0.3446740854319141,-0.3611910672781112,-0.3611910672781112,-0.3611910672781112,0.0,0.0
followup_5m,validation28,BOTH_COUNTERFACTUAL,strong_down_trend,148,8,5.405405405405405,2,12.5,0.38525692432824643,-0.15263196175027913,2.5240907599586815,0.36058439427981165,-0.08539585099046343,-0.4615991945430456,-0.3681006772500126,-0.38662572049514843,-0.320467816665016,-0.38662572049514404,-0.38662572049514404,-0.15263196175027913,12.5,0.0
followup_5m,validation28,BOTH_COUNTERFACTUAL,range_chop,130,6,4.615384615384615,2,0.0,,-0.23644055202317452,,0.0,-0.23644055202317452,-1.0912640862608054,-1.6220137718333472,-0.6951418516124463,-0.6198607013661755,-0.6951418516124414,-0.6951418516124414,-0.27362624799427215,0.0,0.0
followup_5m,validation28,BOTH_COUNTERFACTUAL,gap_up_open,90,3,3.3333333333333335,2,0.0,,-0.12234711376053985,,0.0,-0.12234711376053985,-0.40782371253513283,-0.7383999999999938,-0.19760313812334784,-0.19170150159142477,-0.19760313812334968,-0.19760313812334968,-0.16809495546372522,0.0,0.0
followup_5m,validation28,BOTH_COUNTERFACTUAL,gap_down_open,106,9,8.49056603773585,2,11.11111111111111,1.6854209678727454,-0.22609046447944903,7.454630922862054,0.9318288653577568,-0.013700305329205183,-0.116323347134761,0.4093679945555537,-0.6951418516124463,-0.5746920112184161,-0.6951418516124414,-0.6951418516124414,-0.22609046447944897,11.11111111111111,0.0
followup_5m,validation28,BOTH_COUNTERFACTUAL,v_reversal_up,36,1,2.7777777777777777,2,0.0,,-0.394017250627378,,0.0,-0.394017250627378,-1.094492362853828,-1.4672379259999957,-0.39401725062737647,-0.394017250627378,-0.394017250627378,-0.394017250627378,,0.0,0.0
followup_5m,validation28,BOTH_COUNTERFACTUAL,v_reversal_down,38,4,10.526315789473685,2,25.0,0.38525692432824643,-0.09587256999792947,4.018427005102364,1.3394756683674545,0.024409803583614498,0.2569453008801526,0.20378882374998852,-0.10741140278360817,-0.1073151562910696,-0.10741140278361028,-0.10741140278361028,-0.09587256999792947,25.0,0.0
followup_5m,validation28,BOTH_COUNTERFACTUAL,late_day_spike,114,3,2.6315789473684212,2,0.0,,-0.38097366918365505,,0.0,-0.38097366918365505,-1.002562287325408,-2.632868472666663,-0.6951418516124463,-0.6625411345592134,-0.6951418516124414,-0.6951418516124414,-0.5321382663463016,0.0,0.0
followup_5m,validation28,BOTH_COUNTERFACTUAL,high_vol,190,5,2.6315789473684212,2,0.0,,-0.17244931018874546,,0.0,-0.17244931018874546,-0.45381397418090913,-0.8687610835999748,-0.36913468108016323,-0.3348283724887994,-0.36913468108016184,-0.36913468108016184,-0.19599226671649356,0.0,0.0
followup_5m,validation28,BOTH_COUNTERFACTUAL,low_vol,28,2,7.142857142857143,2,0.0,,-0.06214091152778816,,0.0,-0.06214091152778816,-0.44386365376991543,-0.125,-0.07092514004413131,-0.07004671719249346,-0.0709251400441274,-0.0709251400441274,-0.0709251400441274,0.0,0.0
followup_5m,validation28,LONG,ALL,280,6,2.142857142857143,2,0.0,,-0.05205475901475179,,0.0,-0.05205475901475179,-0.11154591217446813,-0.26999078416666106,-0.1253625300936645,-0.09341649037786655,-0.10676975950000575,-0.10676975950000575,-0.05710807581787309,0.0,0.0
followup_5m,validation28,LONG,strong_up_trend,76,1,1.3157894736842106,2,0.0,,-0.03085143035416911,,0.0,-0.03085143035416911,-0.04059398730811725,-0.08000000000004093,-0.030851430354172926,-0.03085143035416911,-0.03085143035416911,-0.03085143035416911,,0.0,0.0
followup_5m,validation28,LONG,strong_down_trend,74,0,0.0,2,,,,,,,0.0,,0.0,,,,,,0.0
followup_5m,validation28,LONG,range_chop,65,1,1.5384615384615385,2,0.0,,-0.10676975950000575,,0.0,-0.10676975950000575,-0.1642611684615473,-1.0098447049999777,-0.10676975950000278,-0.10676975950000575,-0.10676975950000575,-0.10676975950000575,,0.0,0.0
followup_5m,validation28,LONG,gap_up_open,45,1,2.2222222222222223,2,0.0,,-0.03085143035416911,,0.0,-0.03085143035416911,-0.0685587341203758,-0.08000000000004093,-0.030851430354172926,-0.03085143035416911,-0.03085143035416911,-0.03085143035416911,,0.0,0.0
followup_5m,validation28,LONG,gap_down_open,53,2,3.7735849056603774,2,0.0,,-0.06677896724957552,,0.0,-0.06677896724957552,-0.2519961028285869,-0.5149223524999798,-0.10676975950000278,-0.10277068027496274,-0.10676975950000575,-0.10676975950000575,-0.10676975950000575,0.0,0.0
followup_5m,validation28,LONG,v_reversal_up,18,0,0.0,2,,,,,,,0.0,,0.0,,,,,,0.0
followup_5m,validation28,LONG,v_reversal_down,19,1,5.2631578947368425,2,0.0,,-0.10676975950000575,,0.0,-0.10676975950000575,-0.5619461026316092,-1.0098447049999777,-0.10676975950000278,-0.10676975950000575,-0.10676975950000575,-0.10676975950000575,,0.0,0.0
followup_5m,validation28,LONG,late_day_spike,57,0,0.0,2,,,,,,,0.0,,0.0,,,,,,0.0
followup_5m,validation28,LONG,high_vol,95,0,0.0,2,,,,,,,0.0,,0.0,,,,,,0.0
followup_5m,validation28,LONG,low_vol,14,1,7.142857142857143,2,0.0,,-0.05335668301144893,,0.0,-0.05335668301144893,-0.3811191643674924,-0.10000000000002274,-0.0533566830114518,-0.05335668301144893,-0.05335668301144893,-0.05335668301144893,,0.0,0.0
followup_5m,validation28,SHORT,ALL,280,19,6.785714285714286,2,10.526315789473685,1.0353389461004958,-0.19591755615204354,5.284564417989229,0.6217134609399093,-0.06631160854651305,-0.4499716294227671,0.00524707105262672,-0.7543332319549845,-0.4241297107258844,-0.6951418516124414,-0.6951418516124414,-0.16363008501424964,10.526315789473683,0.0
followup_5m,validation28,SHORT,strong_up_trend,76,1,1.3157894736842106,2,0.0,,-0.3611910672781112,,0.0,-0.3611910672781112,-0.47525140431330426,-0.659262305999988,-0.36119106727811046,-0.3611910672781112,-0.3611910672781112,-0.3611910672781112,,0.0,0.0
followup_5m,validation28,SHORT,strong_down_trend,74,8,10.81081081081081,2,12.5,0.38525692432824643,-0.15263196175027913,2.5240907599586815,0.36058439427981165,-0.08539585099046343,-0.9231983890860912,-0.3681006772500126,-0.38662572049514843,-0.320467816665016,-0.38662572049514404,-0.38662572049514404,-0.15263196175027913,12.5,0.0
followup_5m,validation28,SHORT,range_chop,65,5,7.6923076923076925,2,0.0,,-0.26237471052780825,,0.0,-0.26237471052780825,-2.0182670040600637,-1.744447585200021,-0.6951418516124463,-0.6349169314154287,-0.6951418516124414,-0.6951418516124414,-0.3153403701178388,0.0,0.0
followup_5m,validation28,SHORT,gap_up_open,45,2,4.444444444444445,2,0.0,,-0.16809495546372522,,0.0,-0.16809495546372522,-0.7470886909498898,-1.0675999999999704,-0.19760313812334784,-0.1946523198573872,-0.19760313812334968,-0.19760313812334968,-0.19760313812334968,0.0,0.0
followup_5m,validation28,SHORT,gap_down_open,53,7,13.20754716981132,2,14.285714285714286,1.6854209678727454,-0.27919429688940683,6.036731361100713,1.0061218935167855,0.0014650266480434736,0.019349408559064744,0.6734509508571348,-0.6951418516124463,-0.6048044713169223,-0.6951418516124414,-0.6951418516124414,-0.27919429688940683,14.285714285714285,0.0
followup_5m,validation28,SHORT,v_reversal_up,18,1,5.555555555555555,2,0.0,,-0.394017250627378,,0.0,-0.394017250627378,-2.188984725707656,-1.4672379259999957,-0.39401725062737647,-0.394017250627378,-0.394017250627378,-0.394017250627378,,0.0,0.0
followup_5m,validation28,SHORT,v_reversal_down,19,3,15.789473684210526,2,33.333333333333336,0.38525692432824643,-0.09042397524689132,4.260561684844652,2.130280842422326,0.06813632461148793,1.0758367043919148,0.6083333333333106,-0.10741140278360817,-0.1040139172762665,-0.10741140278361028,-0.10741140278361028,-0.09042397524689132,33.33333333333333,0.0
followup_5m,validation28,SHORT,late_day_spike,57,3,5.2631578947368425,2,0.0,,-0.38097366918365505,,0.0,-0.38097366918365505,-2.005124574650816,-2.632868472666663,-0.6951418516124463,-0.6625411345592134,-0.6951418516124414,-0.6951418516124414,-0.5321382663463016,0.0,0.0
followup_5m,validation28,SHORT,high_vol,95,5,5.2631578947368425,2,0.0,,-0.17244931018874546,,0.0,-0.17244931018874546,-0.9076279483618183,-0.8687610835999748,-0.36913468108016323,-0.3348283724887994,-0.36913468108016184,-0.36913468108016184,-0.19599226671649356,0.0,0.0
followup_5m,validation28,SHORT,low_vol,14,1,7.142857142857143,2,0.0,,-0.0709251400441274,,0.0,-0.0709251400441274,-0.5066081431723385,-0.14999999999997726,-0.07092514004413131,-0.0709251400441274,-0.0709251400441274,-0.0709251400441274,,0.0,0.0
followup_5m,development56,BOTH_COUNTERFACTUAL,ALL,1120,48,4.285714285714286,2,8.333333333333334,3.553118157202236,-0.13322933507508794,26.669187797114663,2.4244716179195147,0.17396628928135568,0.7455698112058101,1.6969622938333278,-0.7543332319549956,-0.3805038566999003,-0.4919282742449878,-0.6951418516124414,0.01297897477021323,6.25,0.0
followup_5m,development56,BOTH_COUNTERFACTUAL,strong_up_trend,254,7,2.7559055118110236,2,14.285714285714286,7.740370071305053,-0.11910168929056919,64.98959097398762,10.831598495664602,1.0036799907945195,2.7660472187250544,9.865883465428563,-0.36119106727811046,-0.2862051178972462,-0.3611910672781112,-0.3611910672781112,-0.11910168929056916,14.285714285714285,0.0
followup_5m,development56,BOTH_COUNTERFACTUAL,strong_down_trend,296,12,4.054054054054054,2,16.666666666666668,2.393340794815573,-0.15469245829957864,15.47160618638958,3.094321237277916,0.2699797505529466,1.0945125022416753,1.4757409319166541,-0.38662572049515953,-0.3305083653216156,-0.38662572049514404,-0.38662572049514404,-0.10560615078795822,8.333333333333332,0.0
followup_5m,development56,BOTH_COUNTERFACTUAL,range_chop,270,9,3.3333333333333335,2,0.0,,-0.17821335759418744,,0.0,-0.17821335759418744,-0.5940445253139581,-1.1762403603333444,-0.6951418516124463,-0.5746920112184161,-0.6951418516124414,-0.6951418516124414,-0.1973693718738831,0.0,0.0
followup_5m,development56,BOTH_COUNTERFACTUAL,gap_up_open,172,7,4.069767441860465,2,0.0,,-0.11064609447184413,,0.0,-0.11064609447184413,-0.45030387285052853,-0.5191020720000097,-0.19760313812334784,-0.1831836608509457,-0.19760313812334968,-0.19760313812334968,-0.12394520515812331,0.0,0.0
followup_5m,development56,BOTH_COUNTERFACTUAL,gap_down_open,178,13,7.303370786516854,2,15.384615384615385,3.0434228165878228,-0.18432687675471493,16.51100951836626,3.0020017306120477,0.312249999144137,2.280477521839203,1.9146720836153794,-0.6951418516124463,-0.5144670910214033,-0.6951418516124414,-0.6951418516124414,-0.028514556369093186,7.6923076923076925,0.0
followup_5m,development56,BOTH_COUNTERFACTUAL,v_reversal_up,68,2,2.9411764705882355,2,0.0,,-0.23979666993252988,,0.0,-0.23979666993252988,-0.7052843233309702,-0.8355310684999893,-0.39401725062737647,-0.3785951925578932,-0.394017250627378,-0.394017250627378,-0.394017250627378,0.0,0.0
followup_5m,development56,BOTH_COUNTERFACTUAL,v_reversal_down,90,6,6.666666666666667,2,16.666666666666668,0.38525692432824643,-0.08403556954525623,4.584450684549374,0.9168901369098748,-0.00582015389967245,-0.03880102599781633,0.027647476833323026,-0.1075948943758731,-0.10754902147780548,-0.10759489437587055,-0.10759489437587055,-0.08403556954525622,16.666666666666664,0.0
followup_5m,development56,BOTH_COUNTERFACTUAL,late_day_spike,260,14,5.384615384615385,2,14.285714285714286,6.070897368303976,-0.1730271774825389,35.086380397765105,5.847730066294184,0.7189620433441061,3.8713340795451865,5.714604472714285,-0.6951418516124463,-0.48323719076645966,-0.6951418516124414,-0.6951418516124414,0.17885373350095646,7.142857142857142,0.0
followup_5m,development56,BOTH_COUNTERFACTUAL,high_vol,340,12,3.5294117647058822,2,16.666666666666668,6.070897368303976,-0.13235269089507234,45.8690890774326,9.173817815486519,0.901522318971436,3.1818434787227146,7.245665663083339,-0.3691346810801521,-0.27479233245391516,-0.36913468108016184,-0.36913468108016184,0.2798088869411069,8.333333333333332,0.0
followup_5m,development56,BOTH_COUNTERFACTUAL,low_vol,78,3,3.8461538461538463,2,0.0,,-0.069952637431086,,0.0,-0.069952637431086,-0.2690486055041769,-0.15127473699999427,-0.08557608923768223,-0.08411099431832625,-0.08557608923768166,-0.08557608923768166,-0.07825061464090453,0.0,0.0
followup_5m,development56,LONG,ALL,560,22,3.9285714285714284,2,4.545454545454546,7.740370071305053,-0.09040617919350329,85.617710430365,4.077033830017381,0.26553819582915833,1.0431857693288362,2.787966255590905,-0.5477349501023077,-0.23120654315661612,-0.2460620062215161,-0.2566191361666996,-0.09040617919350326,4.545454545454546,0.0
followup_5m,development56,LONG,strong_up_trend,127,6,4.724409448818897,2,16.666666666666668,7.740370071305053,-0.07068381369306077,109.50696725161202,21.901393450322406,1.2311585004732915,5.816496852629724,11.620074427333321,-0.11123790267523193,-0.10765180270651022,-0.11123790267522779,-0.11123790267522779,-0.07068381369306077,16.666666666666664,0.0
followup_5m,development56,LONG,strong_down_trend,148,0,0.0,2,,,,,,,0.0,,0.0,,,,,,0.0
followup_5m,development56,LONG,range_chop,135,3,2.2222222222222223,2,0.0,,-0.07977663241083283,,0.0,-0.07977663241083283,-0.17728140535740627,-0.5530383796666646,-0.1075948943758731,-0.10751238088828408,-0.10759489437587055,-0.10759489437587055,-0.10718232693793817,0.0,0.0
followup_5m,development56,LONG,gap_up_open,86,5,5.813953488372093,2,0.0,,-0.08766655007509172,,0.0,-0.08766655007509172,-0.5096892446226263,-0.29970290080002543,-0.1867405411706491,-0.1422486049983608,-0.1495382138820031,-0.1495382138820031,-0.10187033000532238,0.0,0.0
followup_5m,development56,LONG,gap_down_open,89,3,3.3707865168539324,2,0.0,,-0.052841059285257744,,0.0,-0.052841059285257744,-0.1781159301750261,-0.34993570866665397,-0.10676975950000278,-0.09877160104991971,-0.10676975950000575,-0.10676975950000575,-0.06677896724957552,0.0,0.0
followup_5m,development56,LONG,v_reversal_up,34,1,2.9411764705882355,2,0.0,,-0.08557608923768166,,0.0,-0.08557608923768166,-0.2516943801108284,-0.20382421099998282,-0.08557608923768223,-0.08557608923768166,-0.08557608923768166,-0.08557608923768166,,0.0,0.0
followup_5m,development56,LONG,v_reversal_down,45,3,6.666666666666667,2,0.0,,-0.07977663241083283,,0.0,-0.07977663241083283,-0.5318442160722188,-0.5530383796666646,-0.1075948943758731,-0.10751238088828408,-0.10759489437587055,-0.10759489437587055,-0.10718232693793817,0.0,0.0
followup_5m,development56,LONG,late_day_spike,130,7,5.384615384615385,2,14.285714285714286,7.740370071305053,-0.11446361144228417,67.62297619106636,11.270496031844393,1.0076554860930496,5.425837232808728,9.554498665285719,-0.3116714631037354,-0.21300476611925806,-0.2566191361666996,-0.2566191361666996,-0.11446361144228417,14.285714285714285,0.0
followup_5m,development56,LONG,high_vol,170,4,2.3529411764705883,2,25.0,7.740370071305053,-0.08912455763244896,86.84890311855973,28.949634372853243,1.8682490996019263,4.395880234357474,17.516351454499997,-0.11123790267523193,-0.10908624269399725,-0.11123790267522779,-0.11123790267522779,-0.08912455763244896,25.0,0.0
followup_5m,development56,LONG,low_vol,39,2,5.128205128205129,2,0.0,,-0.06946638612456531,,0.0,-0.06946638612456531,-0.35623787756187336,-0.15191210550000278,-0.08557608923768223,-0.08396511892637003,-0.08557608923768166,-0.08557608923768166,-0.08557608923768166,0.0,0.0
followup_5m,development56,SHORT,ALL,560,26,4.642857142857143,2,11.538461538461538,2.157367519167964,-0.17232873827131748,12.51890741387177,1.6329009670267525,0.09648236835629188,0.4479538530827838,0.7738050954230704,-0.7543332319549956,-0.39216936809431957,-0.5445795511199096,-0.6951418516124414,-0.07571532352157241,7.6923076923076925,0.0
followup_5m,development56,SHORT,strong_up_trend,127,1,0.7874015748031497,2,0.0,,-0.3611910672781112,,0.0,-0.3611910672781112,-0.2844024151796151,-0.659262305999988,-0.36119106727811046,-0.3611910672781112,-0.3611910672781112,-0.3611910672781112,,0.0,0.0
followup_5m,development56,SHORT,strong_down_trend,148,12,8.108108108108109,2,16.666666666666668,2.393340794815573,-0.15469245829957864,15.47160618638958,3.094321237277916,0.2699797505529466,2.1890250044833506,1.4757409319166541,-0.38662572049515953,-0.3305083653216156,-0.38662572049514404,-0.38662572049514404,-0.10560615078795822,8.333333333333332,0.0
followup_5m,development56,SHORT,range_chop,135,6,4.444444444444445,2,0.0,,-0.22743172018586472,,0.0,-0.22743172018586472,-1.01080764527051,-1.4878413506666845,-0.6951418516124463,-0.6198607013661755,-0.6951418516124414,-0.6951418516124414,-0.26281564978950045,0.0,0.0
followup_5m,development56,SHORT,gap_up_open,86,2,2.3255813953488373,2,0.0,,-0.16809495546372522,,0.0,-0.16809495546372522,-0.39091850107843074,-1.0675999999999704,-0.19760313812334784,-0.1946523198573872,-0.19760313812334968,-0.19760313812334968,-0.19760313812334968,0.0,0.0
followup_5m,development56,SHORT,gap_down_open,89,10,11.235955056179776,2,20.0,3.0434228165878228,-0.23363405830576137,13.026451873745382,3.2566129684363454,0.42177731667295537,4.739070973853432,2.5940544212999894,-0.6951418516124463,-0.5596357811691629,-0.6951418516124414,-0.6951418516124414,-0.020405722063705046,10.0,0.0
followup_5m,development56,SHORT,v_reversal_up,34,1,2.9411764705882355,2,0.0,,-0.394017250627378,,0.0,-0.394017250627378,-1.1588742665511118,-1.4672379259999957,-0.39401725062737647,-0.394017250627378,-0.394017250627378,-0.394017250627378,,0.0,0.0
followup_5m,development56,SHORT,v_reversal_down,45,3,6.666666666666667,2,33.333333333333336,0.38525692432824643,-0.09042397524689132,4.260561684844652,2.130280842422326,0.06813632461148793,0.45424216407658624,0.6083333333333106,-0.10741140278360817,-0.1040139172762665,-0.10741140278361028,-0.10741140278361028,-0.09042397524689132,33.33333333333333,0.0
followup_5m,development56,SHORT,late_day_spike,130,7,5.384615384615385,2,14.285714285714286,4.401424665302899,-0.2315907435227936,19.005183878904482,3.1675306464840807,0.43026860059516264,2.3168309262816447,1.8747102801428517,-0.6951418516124463,-0.5973397004527574,-0.6951418516124414,-0.6951418516124414,-0.2315907435227936,0.0,0.0
followup_5m,development56,SHORT,high_vol,170,8,4.705882352941177,2,12.5,4.401424665302899,-0.15087903372191097,29.171877342582132,4.167411048940305,0.41815892865619037,1.9678067230879548,2.11032276737501,-0.3691346810801521,-0.30909864104527757,-0.36913468108016184,-0.36913468108016184,-0.150879033721911,0.0,0.0
followup_5m,development56,SHORT,low_vol,39,1,2.5641025641025643,2,0.0,,-0.0709251400441274,,0.0,-0.0709251400441274,-0.18185933344648048,-0.14999999999997726,-0.07092514004413131,-0.0709251400441274,-0.0709251400441274,-0.0709251400441274,,0.0,0.0
followup_5m,stress27,BOTH_COUNTERFACTUAL,ALL,540,27,5.0,2,11.11111111111111,0.39116639886143517,-0.1173408454256154,3.333591107534699,0.41669888844183733,-0.06084004050483202,-0.3042002025241601,-0.09788200559258982,-0.9495754834109027,-0.233494244541982,-0.4756869131173739,-0.6911950496845553,-0.09451226187897951,7.4074074074074066,0.0
followup_5m,stress27,BOTH_COUNTERFACTUAL,strong_up_trend,84,2,2.380952380952381,2,50.0,0.8146377152230031,-0.058807982189178244,13.852502413743954,13.852502413743954,0.3779148665169124,0.8997973012307439,4.077499999999958,-0.0588079821891796,-0.015135697318569176,-0.058807982189178244,-0.058807982189178244,-0.058807982189178244,50.0,0.0
followup_5m,stress27,BOTH_COUNTERFACTUAL,strong_down_trend,86,3,3.488372093023256,2,0.0,,-0.07844642573604857,,0.0,-0.07844642573604857,-0.27365032233505315,-0.14323646466666182,-0.15973469213250713,-0.11188828100145795,-0.1159254522156356,-0.1159254522156356,-0.09573959614474731,0.0,0.0
followup_5m,stress27,BOTH_COUNTERFACTUAL,range_chop,196,12,6.122448979591836,2,0.0,,-0.1421217956052056,,0.0,-0.1421217956052056,-0.8701334424808508,-0.63166666666667,-0.6911950496845565,-0.405214457445603,-0.6911950496845553,-0.6911950496845553,-0.1520211753533833,0.0,0.0
followup_5m,stress27,BOTH_COUNTERFACTUAL,gap_up_open,34,2,5.882352941176471,2,0.0,,-0.17739714967123313,,0.0,-0.17739714967123313,-1.0435126451249008,-0.8449999999999704,-0.2601787765501906,-0.2519006138622967,-0.2601787765501926,-0.2601787765501926,-0.2601787765501926,0.0,0.0
followup_5m,stress27,BOTH_COUNTERFACTUAL,gap_down_open,44,3,6.818181818181818,2,0.0,,-0.05881443069850263,,0.0,-0.05881443069850263,-0.4010074820352452,-0.2816666666666758,-0.09794340751875241,-0.09252110830395653,-0.09794340751874753,-0.09794340751874753,-0.07083191144479255,0.0,0.0
followup_5m,stress27,BOTH_COUNTERFACTUAL,v_reversal_up,22,1,4.545454545454546,2,0.0,,-0.06180711243500954,,0.0,-0.06180711243500954,-0.28094142015913426,-0.32000000000005,-0.06180711243500836,-0.06180711243500954,-0.06180711243500954,-0.06180711243500954,,0.0,0.0
followup_5m,stress27,BOTH_COUNTERFACTUAL,v_reversal_down,20,1,5.0,2,0.0,,-0.0382668076827675,,0.0,-0.0382668076827675,-0.1913340384138375,-0.13990000000001146,-0.03826680768276303,-0.0382668076827675,-0.0382668076827675,-0.0382668076827675,,0.0,0.0
followup_5m,stress27,BOTH_COUNTERFACTUAL,late_day_spike,18,2,11.11111111111111,2,0.0,,-0.11257789018470024,,0.0,-0.11257789018470024,-1.2508654464966693,-0.3473326394999532,-0.11592545221563721,-0.11559069601254207,-0.1159254522156356,-0.1159254522156356,-0.1159254522156356,0.0,0.0
followup_5m,stress27,BOTH_COUNTERFACTUAL,high_vol,62,1,1.6129032258064515,2,0.0,,-0.0438600849186511,,0.0,-0.0438600849186511,-0.07074207244943725,-0.04994411499998819,-0.04386008491865656,-0.0438600849186511,-0.0438600849186511,-0.0438600849186511,,0.0,0.0
followup_5m,stress27,BOTH_COUNTERFACTUAL,low_vol,192,14,7.291666666666667,2,0.0,,-0.10485909912144031,,0.0,-0.10485909912144031,-0.7645975977605023,-0.4587500000000091,-0.2660206189465719,-0.20236229053240298,-0.2601787765501926,-0.2601787765501926,-0.11036913610191641,0.0,0.0
followup_5m,stress27,LONG,ALL,270,12,4.444444444444445,2,25.0,0.39116639886143517,-0.17363665086598837,2.252787052218226,0.7509290174060752,-0.03243588843413249,-0.14415950415169995,0.20805793691666472,-0.9495754834109027,-0.4541360994606558,-0.6911950496845553,-0.6911950496845553,-0.10944257967569028,16.666666666666664,0.0
followup_5m,stress27,LONG,strong_up_trend,42,2,4.761904761904762,2,50.0,0.8146377152230031,-0.058807982189178244,13.852502413743954,13.852502413743954,0.3779148665169124,1.7995946024614877,4.077499999999958,-0.0588079821891796,-0.015135697318569176,-0.058807982189178244,-0.058807982189178244,-0.058807982189178244,50.0,0.0
followup_5m,stress27,LONG,strong_down_trend,43,0,0.0,2,,,,,,,0.0,,0.0,,,,,,0.0
followup_5m,stress27,LONG,range_chop,98,6,6.122448979591836,2,0.0,,-0.19146503808516702,,0.0,-0.19146503808516702,-1.172234927052043,-0.8950000000000102,-0.6911950496845565,-0.5612038713941224,-0.6911950496845553,-0.6911950496845553,-0.22280215186101585,0.0,0.0
followup_5m,stress27,LONG,gap_up_open,17,1,5.882352941176471,2,0.0,,-0.2601787765501926,,0.0,-0.2601787765501926,-1.5304633914717214,-1.1499999999999773,-0.2601787765501906,-0.2601787765501926,-0.2601787765501926,-0.2601787765501926,,0.0,0.0
followup_5m,stress27,LONG,gap_down_open,22,2,9.090909090909092,2,0.0,,-0.03924994228838018,,0.0,-0.03924994228838018,-0.35681765716709246,-0.14250000000004093,-0.04372041537084037,-0.04327336806259181,-0.043720415370837554,-0.043720415370837554,-0.043720415370837554,0.0,0.0
followup_5m,stress27,LONG,v_reversal_up,11,0,0.0,2,,,,,,,0.0,,0.0,,,,,,0.0
followup_5m,stress27,LONG,v_reversal_down,10,0,0.0,2,,,,,,,0.0,,0.0,,,,,,0.0
followup_5m,stress27,LONG,late_day_spike,9,0,0.0,2,,,,,,,0.0,,0.0,,,,,,0.0
followup_5m,stress27,LONG,high_vol,31,0,0.0,2,,,,,,,0.0,,0.0,,,,,,0.0
followup_5m,stress27,LONG,low_vol,96,7,7.291666666666667,2,0.0,,-0.11610383227430884,,0.0,-0.11610383227430884,-0.8465904436668352,-0.4910714285714367,-0.2660206189465719,-0.233494244541982,-0.2601787765501926,-0.2601787765501926,-0.1296578927857065,0.0,0.0
followup_5m,stress27,SHORT,ALL,270,15,5.555555555555555,2,0.0,,-0.08356336216139167,,0.0,-0.08356336216139167,-0.4642409008966203,-0.34263395959999343,-0.3194400965341182,-0.15520589442379776,-0.16396678719700242,-0.16396678719700242,-0.08786440677820895,0.0,0.0
followup_5m,stress27,SHORT,strong_up_trend,42,0,0.0,2,,,,,,,0.0,,0.0,,,,,,0.0
followup_5m,stress27,SHORT,strong_down_trend,43,3,6.976744186046512,2,0.0,,-0.07844642573604857,,0.0,-0.07844642573604857,-0.5473006446701063,-0.14323646466666182,-0.15973469213250713,-0.11188828100145795,-0.1159254522156356,-0.1159254522156356,-0.09573959614474731,0.0,0.0
followup_5m,stress27,SHORT,range_chop,98,6,6.122448979591836,2,0.0,,-0.09277855312524423,,0.0,-0.09277855312524423,-0.5680319579096585,-0.3683333333333299,-0.2605161235749387,-0.1608378969208579,-0.16396678719700242,-0.16396678719700242,-0.10468854007524289,0.0,0.0
followup_5m,stress27,SHORT,gap_up_open,17,1,5.882352941176471,2,0.0,,-0.09461552279227364,,0.0,-0.09461552279227364,-0.5565618987780803,-0.5399999999999636,-0.09461552279227403,-0.09461552279227364,-0.09461552279227364,-0.09461552279227364,,0.0,0.0
followup_5m,stress27,SHORT,gap_down_open,22,1,4.545454545454546,2,0.0,,-0.09794340751874753,,0.0,-0.09794340751874753,-0.44519730690339787,-0.5599999999999454,-0.09794340751875241,-0.09794340751874753,-0.09794340751874753,-0.09794340751874753,,0.0,0.0
followup_5m,stress27,SHORT,v_reversal_up,11,1,9.090909090909092,2,0.0,,-0.06180711243500954,,0.0,-0.06180711243500954,-0.5618828403182685,-0.32000000000005,-0.06180711243500836,-0.06180711243500954,-0.06180711243500954,-0.06180711243500954,,0.0,0.0
followup_5m,stress27,SHORT,v_reversal_down,10,1,10.0,2,0.0,,-0.0382668076827675,,0.0,-0.0382668076827675,-0.382668076827675,-0.13990000000001146,-0.03826680768276303,-0.0382668076827675,-0.0382668076827675,-0.0382668076827675,,0.0,0.0
followup_5m,stress27,SHORT,late_day_spike,9,2,22.22222222222222,2,0.0,,-0.11257789018470024,,0.0,-0.11257789018470024,-2.5017308929933386,-0.3473326394999532,-0.11592545221563721,-0.11559069601254207,-0.1159254522156356,-0.1159254522156356,-0.1159254522156356,0.0,0.0
followup_5m,stress27,SHORT,high_vol,31,1,3.225806451612903,2,0.0,,-0.0438600849186511,,0.0,-0.0438600849186511,-0.1414841448988745,-0.04994411499998819,-0.04386008491865656,-0.0438600849186511,-0.0438600849186511,-0.0438600849186511,,0.0,0.0
followup_5m,stress27,SHORT,low_vol,96,7,7.291666666666667,2,0.0,,-0.09361436596857178,,0.0,-0.09361436596857178,-0.6826047518541692,-0.4264285714285815,-0.2119036937308194,-0.160212118865629,-0.16396678719700242,-0.16396678719700242,-0.10367865723412525,0.0,0.0
followup_5m,all83,BOTH_COUNTERFACTUAL,ALL,1660,75,4.518072289156627,2,9.333333333333334,2.197995975056179,-0.12762163284586237,17.222753901847142,1.7729305487195584,0.08943601055832812,0.40407836095630173,1.0508183460399976,-0.9495754834109027,-0.3743819929046565,-0.5417449681048796,-0.6951418516124414,-0.013954990262573568,6.666666666666667,0.0
followup_5m,all83,BOTH_COUNTERFACTUAL,strong_up_trend,338,9,2.662721893491124,2,22.22222222222222,4.2775038932640275,-0.11048830256179905,38.71454076210019,11.061297360600054,0.8646210742883847,2.302245464081498,8.57957602866665,-0.36119106727811046,-0.2612098014369579,-0.3611910672781112,-0.3611910672781112,0.0051524496613012056,22.22222222222222,0.0
followup_5m,all83,BOTH_COUNTERFACTUAL,strong_down_trend,382,15,3.926701570680628,2,13.333333333333334,2.393340794815573,-0.13709722001568708,17.457252558014815,2.68573116277151,0.20029451529514755,0.786496787808171,1.151945452599991,-0.44387426215237724,-0.31520363209247154,-0.38662572049514404,-0.38662572049514404,-0.09978620970540611,6.666666666666667,0.0
followup_5m,all83,BOTH_COUNTERFACTUAL,range_chop,466,21,4.506437768240343,2,0.0,,-0.1575896078861978,,0.0,-0.1575896078861978,-0.710167760860548,-0.8650553925238162,-0.6951418516124463,-0.6911950496845553,-0.6931684506484983,-0.6951418516124414,-0.16422082611267658,0.0,0.0
followup_5m,all83,BOTH_COUNTERFACTUAL,gap_up_open,206,9,4.368932038834951,2,0.0,,-0.1254796622939306,,0.0,-0.1254796622939306,-0.5482121168181434,-0.5915238337777787,-0.29203169767343384,-0.23514852117945545,-0.2601787765501926,-0.2601787765501926,-0.13730819128640076,0.0,0.0
followup_5m,all83,BOTH_COUNTERFACTUAL,gap_down_open,222,16,7.207207207207207,2,12.5,3.0434228165878228,-0.15743135259981228,19.33174533743701,2.761677905348144,0.2426754185486421,1.7490120255757988,1.5028585679374942,-0.6951418516124463,-0.46929840087364383,-0.6951418516124414,-0.6951418516124414,-0.03457453123497506,6.25,0.0
followup_5m,all83,BOTH_COUNTERFACTUAL,v_reversal_up,90,3,3.3333333333333335,2,0.0,,-0.18046681743335644,,0.0,-0.18046681743335644,-0.6015560581111882,-0.6636873790000095,-0.39401725062737647,-0.3631731344884084,-0.394017250627378,-0.394017250627378,-0.23979666993252988,0.0,0.0
followup_5m,all83,BOTH_COUNTERFACTUAL,v_reversal_down,110,7,6.363636363636363,2,14.285714285714286,0.38525692432824643,-0.07640744256817478,5.042138715538081,0.8403564525896801,-0.010455390154400314,-0.06653430098254746,0.003712122999989528,-0.145637107551444,-0.10753984689819247,-0.10759489437587055,-0.10759489437587055,-0.07640744256817476,14.285714285714285,0.0
followup_5m,all83,BOTH_COUNTERFACTUAL,late_day_spike,278,16,5.755395683453237,2,12.5,6.070897368303976,-0.1643915650114191,36.92949433191584,5.275642047416549,0.6150195516530054,3.5396808728230527,4.956862333687505,-0.6951418516124463,-0.45063647371323173,-0.6951418516124414,-0.6951418516124414,0.1399961836762022,6.25,0.0
followup_5m,all83,BOTH_COUNTERFACTUAL,high_vol,402,13,3.2338308457711444,2,15.384615384615385,6.070897368303976,-0.12430790853357954,48.83757952265791,8.87955991321053,0.8288005955952754,2.6802009310294976,6.684464910923083,-0.3691346810801521,-0.26621575530607455,-0.36913468108016184,-0.36913468108016184,0.2528364726194604,7.6923076923076925,0.0
followup_5m,all83,BOTH_COUNTERFACTUAL,low_vol,270,17,6.296296296296297,2,0.0,,-0.09869913529373071,,0.0,-0.09869913529373071,-0.6214389999975638,-0.40448965947059473,-0.2660206189465719,-0.1890200245282977,-0.2601787765501926,-0.2601787765501926,-0.1027910426011357,0.0,0.0
followup_5m,all83,LONG,ALL,830,34,4.096385542168675,2,11.764705882352942,2.2284673169723392,-0.1153753206952488,19.31493930888903,2.5753252411852037,0.1603708719715263,0.6569409213291438,1.8774103784117613,-0.9495754834109027,-0.2578650103009222,-0.4756869131173739,-0.6911950496845553,-0.06932607346282299,8.823529411764707,0.0
followup_5m,all83,LONG,strong_up_trend,169,8,4.733727810650888,2,25.0,4.2775038932640275,-0.06870450844241369,62.259435228320115,20.753145076106705,1.0178475919841967,4.81821345317963,9.73443082049998,-0.11123790267523193,-0.10621736271902318,-0.11123790267522779,-0.11123790267522779,0.05748723779550298,25.0,0.0
followup_5m,all83,LONG,strong_down_trend,191,0,0.0,2,,,,,,,0.0,,0.0,,,,,,0.0
followup_5m,all83,LONG,range_chop,233,9,3.8626609442060085,2,0.0,,-0.1542355695270556,,0.0,-0.1542355695270556,-0.595759710619528,-0.7810127932222284,-0.6911950496845565,-0.48320916441986267,-0.6911950496845553,-0.6911950496845553,-0.17039436029835978,0.0,0.0
followup_5m,all83,LONG,gap_up_open,103,6,5.825242718446602,2,0.0,,-0.11641858782094187,,0.0,-0.11641858782094187,-0.6781665309957778,-0.4414190840000174,-0.2601787765501906,-0.23251863588314522,-0.2601787765501926,-0.2601787765501926,-0.13353201931429642,0.0,0.0
followup_5m,all83,LONG,gap_down_open,111,5,4.504504504504505,2,0.0,,-0.047404612486506716,,0.0,-0.047404612486506716,-0.21353429047975997,-0.26696142520000876,-0.10676975950000278,-0.0941598906741721,-0.10676975950000575,-0.10676975950000575,-0.05301445476897785,0.0,0.0
followup_5m,all83,LONG,v_reversal_up,45,1,2.2222222222222223,2,0.0,,-0.08557608923768166,,0.0,-0.08557608923768166,-0.19016908719484812,-0.20382421099998282,-0.08557608923768223,-0.08557608923768166,-0.08557608923768166,-0.08557608923768166,,0.0,0.0
followup_5m,all83,LONG,v_reversal_down,55,3,5.454545454545454,2,0.0,,-0.07977663241083283,,0.0,-0.07977663241083283,-0.43514526769545175,-0.5530383796666646,-0.1075948943758731,-0.10751238088828408,-0.10759489437587055,-0.10759489437587055,-0.10718232693793817,0.0,0.0
followup_5m,all83,LONG,late_day_spike,139,7,5.0359712230215825,2,14.285714285714286,7.740370071305053,-0.11446361144228417,67.62297619106636,11.270496031844393,1.0076554860930496,5.0745240306844215,9.554498665285719,-0.3116714631037354,-0.21300476611925806,-0.2566191361666996,-0.2566191361666996,-0.11446361144228417,14.285714285714285,0.0
followup_5m,all83,LONG,high_vol,201,4,1.9900497512437811,2,25.0,7.740370071305053,-0.08912455763244896,86.84890311855973,28.949634372853243,1.8682490996019263,3.7179086559242314,17.516351454499997,-0.11123790267523193,-0.10908624269399725,-0.11123790267522779,-0.11123790267522779,-0.08912455763244896,25.0,0.0
followup_5m,all83,LONG,low_vol,135,9,6.666666666666667,2,0.0,,-0.1057399553521436,,0.0,-0.1057399553521436,-0.7049330356809573,-0.41570269011111805,-0.2660206189465719,-0.22459940053924515,-0.2601787765501926,-0.2601787765501926,-0.11461001612042121,0.0,0.0
followup_5m,all83,SHORT,ALL,830,41,4.9397590361445785,2,7.317073170731708,2.157367519167964,-0.13728977401739936,15.713970939267124,1.2405766531000362,0.03061197914250527,0.1512158005834598,0.36535178260975437,-0.803462095245655,-0.38662572049514404,-0.4919282742449878,-0.6951418516124414,-0.07865833801150461,4.878048780487805,0.0
followup_5m,all83,SHORT,strong_up_trend,169,1,0.591715976331361,2,0.0,,-0.3611910672781112,,0.0,-0.3611910672781112,-0.21372252501663386,-0.659262305999988,-0.36119106727811046,-0.3611910672781112,-0.3611910672781112,-0.3611910672781112,,0.0,0.0
followup_5m,all83,SHORT,strong_down_trend,191,15,7.853403141361256,2,13.333333333333334,2.393340794815573,-0.13709722001568708,17.457252558014815,2.68573116277151,0.20029451529514755,1.572993575616342,1.151945452599991,-0.44387426215237724,-0.31520363209247154,-0.38662572049514404,-0.38662572049514404,-0.09978620970540611,6.666666666666667,0.0
followup_5m,all83,SHORT,range_chop,233,12,5.150214592274678,2,0.0,,-0.16010513665555445,,0.0,-0.16010513665555445,-0.824575811101568,-0.9280873420000072,-0.6951418516124463,-0.5295233210706565,-0.6951418516124414,-0.6951418516124414,-0.1716393655901275,0.0,0.0
followup_5m,all83,SHORT,gap_up_open,103,3,2.912621359223301,2,0.0,,-0.14360181123990803,,0.0,-0.14360181123990803,-0.4182577026405088,-0.8917333333333014,-0.29203169767343384,-0.19170150159142477,-0.19760313812334968,-0.19760313812334968,-0.16809495546372522,0.0,0.0
followup_5m,all83,SHORT,gap_down_open,111,11,9.90990990990991,2,18.181818181818183,3.0434228165878228,-0.21855731932942649,13.925055568605968,3.0944567930235483,0.3745299781100733,3.711558341631357,2.3073222011818135,-0.6951418516124463,-0.5445795511199096,-0.6951418516124414,-0.6951418516124414,-0.02815949060920926,9.090909090909092,0.0
followup_5m,all83,SHORT,v_reversal_up,45,2,4.444444444444445,2,0.0,,-0.2279121815311938,,0.0,-0.2279121815311938,-1.012943029027528,-0.8936189630000229,-0.39401725062737647,-0.3774067437177596,-0.394017250627378,-0.394017250627378,-0.394017250627378,0.0,0.0
followup_5m,all83,SHORT,v_reversal_down,55,4,7.2727272727272725,2,25.0,0.38525692432824643,-0.0730382527255167,5.274728104135667,1.7582427013785555,0.041535541537924076,0.30207666573035685,0.4212749999999801,-0.145637107551444,-0.10231517452259457,-0.10741140278361028,-0.10741140278361028,-0.0730382527255167,25.0,0.0
followup_5m,all83,SHORT,late_day_spike,139,9,6.474820143884892,2,11.11111111111111,4.401424665302899,-0.20183753018827028,21.806770332540896,2.725846291567612,0.3096360470885264,2.0048377149616816,1.3809229646666727,-0.6951418516124463,-0.5647389833995295,-0.6951418516124414,-0.6951418516124414,-0.20183753018827028,0.0,0.0
followup_5m,all83,SHORT,high_vol,201,9,4.477611940298507,2,11.11111111111111,4.401424665302899,-0.1375016651215035,32.00997356223706,4.001246695279632,0.36682348270343024,1.6424932061347621,1.8702931137777878,-0.3691346810801521,-0.30052206389743696,-0.36913468108016184,-0.36913468108016184,-0.13750166512150352,0.0,0.0
followup_5m,all83,SHORT,low_vol,135,8,5.925925925925926,2,0.0,,-0.09077821272801623,,0.0,-0.09077821272801623,-0.5379449643141703,-0.39187500000000597,-0.23477563356768538,-0.1595863408104001,-0.16396678719700242,-0.16396678719700242,-0.09899958334983985,0.0,0.0
